<?xml version="1.0" encoding="UTF-8"?>
<kml xmlns="http://www.opengis.net/kml/2.2">
  <Document>
    <name>212-1</name>
    <Style id="icon-1899-0288D1-normal">
      <IconStyle>
        <color>ffd18802</color>
        <scale>1</scale>
        <Icon>
          <href>https://www.gstatic.com/mapspro/images/stock/503-wht-blank_maps.png</href>
        </Icon>
        <hotSpot x="32" xunits="pixels" y="64" yunits="insetPixels"/>
      </IconStyle>
      <LabelStyle>
        <scale>0</scale>
      </LabelStyle>
    </Style>
    <Style id="icon-1899-0288D1-highlight">
      <IconStyle>
        <color>ffd18802</color>
        <scale>1</scale>
        <Icon>
          <href>https://www.gstatic.com/mapspro/images/stock/503-wht-blank_maps.png</href>
        </Icon>
        <hotSpot x="32" xunits="pixels" y="64" yunits="insetPixels"/>
      </IconStyle>
      <LabelStyle>
        <scale>1</scale>
      </LabelStyle>
    </Style>
    <StyleMap id="icon-1899-0288D1">
      <Pair>
        <key>normal</key>
        <styleUrl>#icon-1899-0288D1-normal</styleUrl>
      </Pair>
      <Pair>
        <key>highlight</key>
        <styleUrl>#icon-1899-0288D1-highlight</styleUrl>
      </Pair>
    </StyleMap>
    <Placemark>
      <name>md1-db-212-0304-346+754</name>
      <description><![CDATA[lat:  17.1313<br>long: 104.7740]]></description>
      <styleUrl>#icon-1899-0288D1</styleUrl>
      <ExtendedData>
        <Data name="lat">
          <value> 17.1313</value>
        </Data>
        <Data name="long">
          <value>104.7740</value>
        </Data>
      </ExtendedData>
      <Point>
        <coordinates>
          104.774,17.1313,0
        </coordinates>
      </Point>
    </Placemark>
    <Placemark>
      <name>md2-db-212-0304-346+824</name>
      <description><![CDATA[lat:  17.1304<br>long: 104.7738]]></description>
      <styleUrl>#icon-1899-0288D1</styleUrl>
      <ExtendedData>
        <Data name="lat">
          <value> 17.1304</value>
        </Data>
        <Data name="long">
          <value>104.7738</value>
        </Data>
      </ExtendedData>
      <Point>
        <coordinates>
          104.7738,17.1304,0
        </coordinates>
      </Point>
    </Placemark>
    <Placemark>
      <name>md3-db-212-0304-346+894</name>
      <description><![CDATA[lat:  17.1298<br>long: 104.7736]]></description>
      <styleUrl>#icon-1899-0288D1</styleUrl>
      <ExtendedData>
        <Data name="lat">
          <value> 17.1298</value>
        </Data>
        <Data name="long">
          <value>104.7736</value>
        </Data>
      </ExtendedData>
      <Point>
        <coordinates>
          104.7736,17.1298,0
        </coordinates>
      </Point>
    </Placemark>
    <Placemark>
      <name>md4-db-212-0304-346+927</name>
      <description><![CDATA[lat:  17.1290<br>long: 104.7734]]></description>
      <styleUrl>#icon-1899-0288D1</styleUrl>
      <ExtendedData>
        <Data name="lat">
          <value> 17.1290</value>
        </Data>
        <Data name="long">
          <value>104.7734</value>
        </Data>
      </ExtendedData>
      <Point>
        <coordinates>
          104.7734,17.129,0
        </coordinates>
      </Point>
    </Placemark>
    <Placemark>
      <name>md5-db-212-0304-346+960</name>
      <description><![CDATA[lat:  17.1287<br>long: 104.7733]]></description>
      <styleUrl>#icon-1899-0288D1</styleUrl>
      <ExtendedData>
        <Data name="lat">
          <value> 17.1287</value>
        </Data>
        <Data name="long">
          <value>104.7733</value>
        </Data>
      </ExtendedData>
      <Point>
        <coordinates>
          104.7733,17.1287,0
        </coordinates>
      </Point>
    </Placemark>
    <Placemark>
      <name>md6-db-212-0304-346+993</name>
      <description><![CDATA[lat:  17.1284<br>long: 104.7733]]></description>
      <styleUrl>#icon-1899-0288D1</styleUrl>
      <ExtendedData>
        <Data name="lat">
          <value> 17.1284</value>
        </Data>
        <Data name="long">
          <value>104.7733</value>
        </Data>
      </ExtendedData>
      <Point>
        <coordinates>
          104.7733,17.1284,0
        </coordinates>
      </Point>
    </Placemark>
    <Placemark>
      <name>lt1-db-212-0304-347+850</name>
      <description><![CDATA[lat:  17.1281<br>long: 104.7732]]></description>
      <styleUrl>#icon-1899-0288D1</styleUrl>
      <ExtendedData>
        <Data name="lat">
          <value> 17.1281</value>
        </Data>
        <Data name="long">
          <value>104.7732</value>
        </Data>
      </ExtendedData>
      <Point>
        <coordinates>
          104.7732,17.1281,0
        </coordinates>
      </Point>
    </Placemark>
    <Placemark>
      <name>lt2-db-212-0304-347+885</name>
      <description><![CDATA[lat:  17.1206<br>long: 104.7721]]></description>
      <styleUrl>#icon-1899-0288D1</styleUrl>
      <ExtendedData>
        <Data name="lat">
          <value> 17.1206</value>
        </Data>
        <Data name="long">
          <value>104.7721</value>
        </Data>
      </ExtendedData>
      <Point>
        <coordinates>
          104.7721,17.1206,0
        </coordinates>
      </Point>
    </Placemark>
    <Placemark>
      <name>lt3-db-212-0304-347+920</name>
      <description><![CDATA[lat:  17.1203<br>long: 104.7720]]></description>
      <styleUrl>#icon-1899-0288D1</styleUrl>
      <ExtendedData>
        <Data name="lat">
          <value> 17.1203</value>
        </Data>
        <Data name="long">
          <value>104.7720</value>
        </Data>
      </ExtendedData>
      <Point>
        <coordinates>
          104.772,17.1203,0
        </coordinates>
      </Point>
    </Placemark>
    <Placemark>
      <name>lt5-db-212-0304-347+955</name>
      <description><![CDATA[lat:  17.1200<br>long: 104.7719]]></description>
      <styleUrl>#icon-1899-0288D1</styleUrl>
      <ExtendedData>
        <Data name="lat">
          <value> 17.1200</value>
        </Data>
        <Data name="long">
          <value>104.7719</value>
        </Data>
      </ExtendedData>
      <Point>
        <coordinates>
          104.7719,17.12,0
        </coordinates>
      </Point>
    </Placemark>
    <Placemark>
      <name>lt4-db-212-0304-347+990</name>
      <description><![CDATA[lat:  17.1194<br>long: 104.7718]]></description>
      <styleUrl>#icon-1899-0288D1</styleUrl>
      <ExtendedData>
        <Data name="lat">
          <value> 17.1194</value>
        </Data>
        <Data name="long">
          <value>104.7718</value>
        </Data>
      </ExtendedData>
      <Point>
        <coordinates>
          104.7718,17.1194,0
        </coordinates>
      </Point>
    </Placemark>
    <Placemark>
      <name>lt6-db-212-0304-348+025</name>
      <description><![CDATA[lat:  17.1196<br>long: 104.7718]]></description>
      <styleUrl>#icon-1899-0288D1</styleUrl>
      <ExtendedData>
        <Data name="lat">
          <value> 17.1196</value>
        </Data>
        <Data name="long">
          <value>104.7718</value>
        </Data>
      </ExtendedData>
      <Point>
        <coordinates>
          104.7718,17.1196,0
        </coordinates>
      </Point>
    </Placemark>
    <Placemark>
      <name>lt7-db-212-0304-348+060</name>
      <description><![CDATA[lat:  17.1190<br>long: 104.7717]]></description>
      <styleUrl>#icon-1899-0288D1</styleUrl>
      <ExtendedData>
        <Data name="lat">
          <value> 17.1190</value>
        </Data>
        <Data name="long">
          <value>104.7717</value>
        </Data>
      </ExtendedData>
      <Point>
        <coordinates>
          104.7717,17.119,0
        </coordinates>
      </Point>
    </Placemark>
    <Placemark>
      <name>lt8-db-212-0304-348+095</name>
      <description><![CDATA[lat:  17.1187<br>long: 104.7716]]></description>
      <styleUrl>#icon-1899-0288D1</styleUrl>
      <ExtendedData>
        <Data name="lat">
          <value> 17.1187</value>
        </Data>
        <Data name="long">
          <value>104.7716</value>
        </Data>
      </ExtendedData>
      <Point>
        <coordinates>
          104.7716,17.1187,0
        </coordinates>
      </Point>
    </Placemark>
    <Placemark>
      <name>lt9-db-212-0304-348+130</name>
      <description><![CDATA[lat:  17.1184<br>long: 104.7715]]></description>
      <styleUrl>#icon-1899-0288D1</styleUrl>
      <ExtendedData>
        <Data name="lat">
          <value> 17.1184</value>
        </Data>
        <Data name="long">
          <value>104.7715</value>
        </Data>
      </ExtendedData>
      <Point>
        <coordinates>
          104.7715,17.1184,0
        </coordinates>
      </Point>
    </Placemark>
    <Placemark>
      <name>lt10-db-212-0304-348+165</name>
      <description><![CDATA[lat:  17.1181<br>long: 104.7714]]></description>
      <styleUrl>#icon-1899-0288D1</styleUrl>
      <ExtendedData>
        <Data name="lat">
          <value> 17.1181</value>
        </Data>
        <Data name="long">
          <value>104.7714</value>
        </Data>
      </ExtendedData>
      <Point>
        <coordinates>
          104.7714,17.1181,0
        </coordinates>
      </Point>
    </Placemark>
    <Placemark>
      <name>rt1-db-212-0304-347+850</name>
      <description><![CDATA[lat:  17.1178<br>long: 104.7714]]></description>
      <styleUrl>#icon-1899-0288D1</styleUrl>
      <ExtendedData>
        <Data name="lat">
          <value> 17.1178</value>
        </Data>
        <Data name="long">
          <value>104.7714</value>
        </Data>
      </ExtendedData>
      <Point>
        <coordinates>
          104.7714,17.1178,0
        </coordinates>
      </Point>
    </Placemark>
    <Placemark>
      <name>rt2-db-212-0304-347+885</name>
      <description><![CDATA[lat:  17.1206<br>long: 104.7719]]></description>
      <styleUrl>#icon-1899-0288D1</styleUrl>
      <ExtendedData>
        <Data name="lat">
          <value> 17.1206</value>
        </Data>
        <Data name="long">
          <value>104.7719</value>
        </Data>
      </ExtendedData>
      <Point>
        <coordinates>
          104.7719,17.1206,0
        </coordinates>
      </Point>
    </Placemark>
    <Placemark>
      <name>rt3-db-212-0304-347+955</name>
      <description><![CDATA[lat:  17.1203<br>long: 104.7718]]></description>
      <styleUrl>#icon-1899-0288D1</styleUrl>
      <ExtendedData>
        <Data name="lat">
          <value> 17.1203</value>
        </Data>
        <Data name="long">
          <value>104.7718</value>
        </Data>
      </ExtendedData>
      <Point>
        <coordinates>
          104.7718,17.1203,0
        </coordinates>
      </Point>
    </Placemark>
    <Placemark>
      <name>rt4-db-212-0304-348+030</name>
      <description><![CDATA[lat:  17.1197<br>long: 104.7716]]></description>
      <styleUrl>#icon-1899-0288D1</styleUrl>
      <ExtendedData>
        <Data name="lat">
          <value> 17.1197</value>
        </Data>
        <Data name="long">
          <value>104.7716</value>
        </Data>
      </ExtendedData>
      <Point>
        <coordinates>
          104.7716,17.1197,0
        </coordinates>
      </Point>
    </Placemark>
    <Placemark>
      <name>rt5-db-212-0304-348+105</name>
      <description><![CDATA[lat:  17.1193<br>long: 104.7715]]></description>
      <styleUrl>#icon-1899-0288D1</styleUrl>
      <ExtendedData>
        <Data name="lat">
          <value> 17.1193</value>
        </Data>
        <Data name="long">
          <value>104.7715</value>
        </Data>
      </ExtendedData>
      <Point>
        <coordinates>
          104.7715,17.1193,0
        </coordinates>
      </Point>
    </Placemark>
    <Placemark>
      <name>rt6-db-212-0304-348+180</name>
      <description><![CDATA[lat:  17.1191<br>long: 104.7715]]></description>
      <styleUrl>#icon-1899-0288D1</styleUrl>
      <ExtendedData>
        <Data name="lat">
          <value> 17.1191</value>
        </Data>
        <Data name="long">
          <value>104.7715</value>
        </Data>
      </ExtendedData>
      <Point>
        <coordinates>
          104.7715,17.1191,0
        </coordinates>
      </Point>
    </Placemark>
    <Placemark>
      <name>rt7-db-212-0304-348+255</name>
      <description><![CDATA[lat:  17.1187<br>long: 104.7714]]></description>
      <styleUrl>#icon-1899-0288D1</styleUrl>
      <ExtendedData>
        <Data name="lat">
          <value> 17.1187</value>
        </Data>
        <Data name="long">
          <value>104.7714</value>
        </Data>
      </ExtendedData>
      <Point>
        <coordinates>
          104.7714,17.1187,0
        </coordinates>
      </Point>
    </Placemark>
    <Placemark>
      <name>rt8-db-212-0304-348+330</name>
      <description><![CDATA[lat:  17.1184<br>long: 104.7713]]></description>
      <styleUrl>#icon-1899-0288D1</styleUrl>
      <ExtendedData>
        <Data name="lat">
          <value> 17.1184</value>
        </Data>
        <Data name="long">
          <value>104.7713</value>
        </Data>
      </ExtendedData>
      <Point>
        <coordinates>
          104.7713,17.1184,0
        </coordinates>
      </Point>
    </Placemark>
    <Placemark>
      <name>rt9-db-212-0304-348+405</name>
      <description><![CDATA[lat:  17.1181<br>long: 104.7712]]></description>
      <styleUrl>#icon-1899-0288D1</styleUrl>
      <ExtendedData>
        <Data name="lat">
          <value> 17.1181</value>
        </Data>
        <Data name="long">
          <value>104.7712</value>
        </Data>
      </ExtendedData>
      <Point>
        <coordinates>
          104.7712,17.1181,0
        </coordinates>
      </Point>
    </Placemark>
    <Placemark>
      <name>rt10-db-212-0304-348+480</name>
      <description><![CDATA[lat:  17.1178<br>long: 104.7712]]></description>
      <styleUrl>#icon-1899-0288D1</styleUrl>
      <ExtendedData>
        <Data name="lat">
          <value> 17.1178</value>
        </Data>
        <Data name="long">
          <value>104.7712</value>
        </Data>
      </ExtendedData>
      <Point>
        <coordinates>
          104.7712,17.1178,0
        </coordinates>
      </Point>
    </Placemark>
    <Placemark>
      <name>md7-db-212-0304-348+200</name>
      <description><![CDATA[lat:  17.1175<br>long: 104.7711]]></description>
      <styleUrl>#icon-1899-0288D1</styleUrl>
      <ExtendedData>
        <Data name="lat">
          <value> 17.1175</value>
        </Data>
        <Data name="long">
          <value>104.7711</value>
        </Data>
      </ExtendedData>
      <Point>
        <coordinates>
          104.7711,17.1175,0
        </coordinates>
      </Point>
    </Placemark>
    <Placemark>
      <name>md8-db-212-0304-348+235</name>
      <description><![CDATA[lat:  17.1163<br>long: 104.7707]]></description>
      <styleUrl>#icon-1899-0288D1</styleUrl>
      <ExtendedData>
        <Data name="lat">
          <value> 17.1163</value>
        </Data>
        <Data name="long">
          <value>104.7707</value>
        </Data>
      </ExtendedData>
      <Point>
        <coordinates>
          104.7707,17.1163,0
        </coordinates>
      </Point>
    </Placemark>
    <Placemark>
      <name>md9-db-212-0304-348+270</name>
      <description><![CDATA[lat:  17.1160<br>long: 104.7706]]></description>
      <styleUrl>#icon-1899-0288D1</styleUrl>
      <ExtendedData>
        <Data name="lat">
          <value> 17.1160</value>
        </Data>
        <Data name="long">
          <value>104.7706</value>
        </Data>
      </ExtendedData>
      <Point>
        <coordinates>
          104.7706,17.116,0
        </coordinates>
      </Point>
    </Placemark>
    <Placemark>
      <name>md10-db-212-0304-348+305</name>
      <description><![CDATA[lat:  17.1157<br>long: 104.7705]]></description>
      <styleUrl>#icon-1899-0288D1</styleUrl>
      <ExtendedData>
        <Data name="lat">
          <value> 17.1157</value>
        </Data>
        <Data name="long">
          <value>104.7705</value>
        </Data>
      </ExtendedData>
      <Point>
        <coordinates>
          104.7705,17.1157,0
        </coordinates>
      </Point>
    </Placemark>
    <Placemark>
      <name>md11-db-212-0304-348+340</name>
      <description><![CDATA[lat:  17.1153<br>long: 104.7704]]></description>
      <styleUrl>#icon-1899-0288D1</styleUrl>
      <ExtendedData>
        <Data name="lat">
          <value> 17.1153</value>
        </Data>
        <Data name="long">
          <value>104.7704</value>
        </Data>
      </ExtendedData>
      <Point>
        <coordinates>
          104.7704,17.1153,0
        </coordinates>
      </Point>
    </Placemark>
    <Placemark>
      <name>md12-db-212-0304-348+375</name>
      <description><![CDATA[lat:  17.1150<br>long: 104.7702]]></description>
      <styleUrl>#icon-1899-0288D1</styleUrl>
      <ExtendedData>
        <Data name="lat">
          <value> 17.1150</value>
        </Data>
        <Data name="long">
          <value>104.7702</value>
        </Data>
      </ExtendedData>
      <Point>
        <coordinates>
          104.7702,17.115,0
        </coordinates>
      </Point>
    </Placemark>
    <Placemark>
      <name>md13-db-212-0304-348+410</name>
      <description><![CDATA[lat:  17.1147<br>long: 104.7701]]></description>
      <styleUrl>#icon-1899-0288D1</styleUrl>
      <ExtendedData>
        <Data name="lat">
          <value> 17.1147</value>
        </Data>
        <Data name="long">
          <value>104.7701</value>
        </Data>
      </ExtendedData>
      <Point>
        <coordinates>
          104.7701,17.1147,0
        </coordinates>
      </Point>
    </Placemark>
    <Placemark>
      <name>md14-db-212-0304-348+445</name>
      <description><![CDATA[lat:  17.1145<br>long: 104.7700]]></description>
      <styleUrl>#icon-1899-0288D1</styleUrl>
      <ExtendedData>
        <Data name="lat">
          <value> 17.1145</value>
        </Data>
        <Data name="long">
          <value>104.7700</value>
        </Data>
      </ExtendedData>
      <Point>
        <coordinates>
          104.77,17.1145,0
        </coordinates>
      </Point>
    </Placemark>
    <Placemark>
      <name>md15-db-212-0304-348+480</name>
      <description><![CDATA[lat:  17.1142<br>long: 104.7699]]></description>
      <styleUrl>#icon-1899-0288D1</styleUrl>
      <ExtendedData>
        <Data name="lat">
          <value> 17.1142</value>
        </Data>
        <Data name="long">
          <value>104.7699</value>
        </Data>
      </ExtendedData>
      <Point>
        <coordinates>
          104.7699,17.1142,0
        </coordinates>
      </Point>
    </Placemark>
    <Placemark>
      <name>md16-db-212-0304-348+515</name>
      <description><![CDATA[lat:  17.1139<br>long: 104.7698]]></description>
      <styleUrl>#icon-1899-0288D1</styleUrl>
      <ExtendedData>
        <Data name="lat">
          <value> 17.1139</value>
        </Data>
        <Data name="long">
          <value>104.7698</value>
        </Data>
      </ExtendedData>
      <Point>
        <coordinates>
          104.7698,17.1139,0
        </coordinates>
      </Point>
    </Placemark>
    <Placemark>
      <name>md17-db-212-0304-348+550</name>
      <description><![CDATA[lat:  17.1136<br>long: 104.7697]]></description>
      <styleUrl>#icon-1899-0288D1</styleUrl>
      <ExtendedData>
        <Data name="lat">
          <value> 17.1136</value>
        </Data>
        <Data name="long">
          <value>104.7697</value>
        </Data>
      </ExtendedData>
      <Point>
        <coordinates>
          104.7697,17.1136,0
        </coordinates>
      </Point>
    </Placemark>
    <Placemark>
      <name>md18-db-212-0304-348+585</name>
      <description><![CDATA[lat:  17.1131<br>long: 104.7695]]></description>
      <styleUrl>#icon-1899-0288D1</styleUrl>
      <ExtendedData>
        <Data name="lat">
          <value> 17.1131</value>
        </Data>
        <Data name="long">
          <value>104.7695</value>
        </Data>
      </ExtendedData>
      <Point>
        <coordinates>
          104.7695,17.1131,0
        </coordinates>
      </Point>
    </Placemark>
    <Placemark>
      <name>md19-db-212-0304-348+620</name>
      <description><![CDATA[lat:  17.1128<br>long: 104.7694]]></description>
      <styleUrl>#icon-1899-0288D1</styleUrl>
      <ExtendedData>
        <Data name="lat">
          <value> 17.1128</value>
        </Data>
        <Data name="long">
          <value>104.7694</value>
        </Data>
      </ExtendedData>
      <Point>
        <coordinates>
          104.7694,17.1128,0
        </coordinates>
      </Point>
    </Placemark>
    <Placemark>
      <name>md20-db-212-0304-348+655</name>
      <description><![CDATA[lat:  17.1125<br>long: 104.7693]]></description>
      <styleUrl>#icon-1899-0288D1</styleUrl>
      <ExtendedData>
        <Data name="lat">
          <value> 17.1125</value>
        </Data>
        <Data name="long">
          <value>104.7693</value>
        </Data>
      </ExtendedData>
      <Point>
        <coordinates>
          104.7693,17.1125,0
        </coordinates>
      </Point>
    </Placemark>
    <Placemark>
      <name>md21-db-212-0304-348+690</name>
      <description><![CDATA[lat:  17.1122<br>long: 104.7692]]></description>
      <styleUrl>#icon-1899-0288D1</styleUrl>
      <ExtendedData>
        <Data name="lat">
          <value> 17.1122</value>
        </Data>
        <Data name="long">
          <value>104.7692</value>
        </Data>
      </ExtendedData>
      <Point>
        <coordinates>
          104.7692,17.1122,0
        </coordinates>
      </Point>
    </Placemark>
    <Placemark>
      <name>md22-db-212-0304-348+725</name>
      <description><![CDATA[lat:  17.1119<br>long: 104.7690]]></description>
      <styleUrl>#icon-1899-0288D1</styleUrl>
      <ExtendedData>
        <Data name="lat">
          <value> 17.1119</value>
        </Data>
        <Data name="long">
          <value>104.7690</value>
        </Data>
      </ExtendedData>
      <Point>
        <coordinates>
          104.769,17.1119,0
        </coordinates>
      </Point>
    </Placemark>
    <Placemark>
      <name>md23-db-212-0304-348+760</name>
      <description><![CDATA[lat:  17.1117<br>long: 104.7689]]></description>
      <styleUrl>#icon-1899-0288D1</styleUrl>
      <ExtendedData>
        <Data name="lat">
          <value> 17.1117</value>
        </Data>
        <Data name="long">
          <value>104.7689</value>
        </Data>
      </ExtendedData>
      <Point>
        <coordinates>
          104.7689,17.1117,0
        </coordinates>
      </Point>
    </Placemark>
    <Placemark>
      <name>md24-db-212-0304-348+795</name>
      <description><![CDATA[lat:  17.1113<br>long: 104.7688]]></description>
      <styleUrl>#icon-1899-0288D1</styleUrl>
      <ExtendedData>
        <Data name="lat">
          <value> 17.1113</value>
        </Data>
        <Data name="long">
          <value>104.7688</value>
        </Data>
      </ExtendedData>
      <Point>
        <coordinates>
          104.7688,17.1113,0
        </coordinates>
      </Point>
    </Placemark>
    <Placemark>
      <name>md25-db-212-0304-348+830</name>
      <description><![CDATA[lat:  17.1110<br>long: 104.7687]]></description>
      <styleUrl>#icon-1899-0288D1</styleUrl>
      <ExtendedData>
        <Data name="lat">
          <value> 17.1110</value>
        </Data>
        <Data name="long">
          <value>104.7687</value>
        </Data>
      </ExtendedData>
      <Point>
        <coordinates>
          104.7687,17.111,0
        </coordinates>
      </Point>
    </Placemark>
    <Placemark>
      <name>md26-db-212-0304-348+865</name>
      <description><![CDATA[lat:  17.1108<br>long: 104.7686]]></description>
      <styleUrl>#icon-1899-0288D1</styleUrl>
      <ExtendedData>
        <Data name="lat">
          <value> 17.1108</value>
        </Data>
        <Data name="long">
          <value>104.7686</value>
        </Data>
      </ExtendedData>
      <Point>
        <coordinates>
          104.7686,17.1108,0
        </coordinates>
      </Point>
    </Placemark>
    <Placemark>
      <name>md27-db-212-0304-348+900</name>
      <description><![CDATA[lat:  17.1105<br>long: 104.7685]]></description>
      <styleUrl>#icon-1899-0288D1</styleUrl>
      <ExtendedData>
        <Data name="lat">
          <value> 17.1105</value>
        </Data>
        <Data name="long">
          <value>104.7685</value>
        </Data>
      </ExtendedData>
      <Point>
        <coordinates>
          104.7685,17.1105,0
        </coordinates>
      </Point>
    </Placemark>
    <Placemark>
      <name>md28-db-212-0304-348+935</name>
      <description><![CDATA[lat:  17.1102<br>long: 104.7684]]></description>
      <styleUrl>#icon-1899-0288D1</styleUrl>
      <ExtendedData>
        <Data name="lat">
          <value> 17.1102</value>
        </Data>
        <Data name="long">
          <value>104.7684</value>
        </Data>
      </ExtendedData>
      <Point>
        <coordinates>
          104.7684,17.1102,0
        </coordinates>
      </Point>
    </Placemark>
    <Placemark>
      <name>md29-db-212-0304-348+970</name>
      <description><![CDATA[lat:  17.1099<br>long: 104.7683]]></description>
      <styleUrl>#icon-1899-0288D1</styleUrl>
      <ExtendedData>
        <Data name="lat">
          <value> 17.1099</value>
        </Data>
        <Data name="long">
          <value>104.7683</value>
        </Data>
      </ExtendedData>
      <Point>
        <coordinates>
          104.7683,17.1099,0
        </coordinates>
      </Point>
    </Placemark>
    <Placemark>
      <name>md30-db-212-0304-349+005</name>
      <description><![CDATA[lat: 17.10964<br>long: 104.7682]]></description>
      <styleUrl>#icon-1899-0288D1</styleUrl>
      <ExtendedData>
        <Data name="lat">
          <value>17.10964</value>
        </Data>
        <Data name="long">
          <value>104.7682</value>
        </Data>
      </ExtendedData>
      <Point>
        <coordinates>
          104.7682,17.10964,0
        </coordinates>
      </Point>
    </Placemark>
    <Placemark>
      <name>md31-db-212-0304-349+040</name>
      <description><![CDATA[lat:  17.1093<br>long: 104.7680]]></description>
      <styleUrl>#icon-1899-0288D1</styleUrl>
      <ExtendedData>
        <Data name="lat">
          <value> 17.1093</value>
        </Data>
        <Data name="long">
          <value>104.7680</value>
        </Data>
      </ExtendedData>
      <Point>
        <coordinates>
          104.768,17.1093,0
        </coordinates>
      </Point>
    </Placemark>
    <Placemark>
      <name>md32-db-212-0304-349+075</name>
      <description><![CDATA[lat:  17.1090<br>long: 104.7679]]></description>
      <styleUrl>#icon-1899-0288D1</styleUrl>
      <ExtendedData>
        <Data name="lat">
          <value> 17.1090</value>
        </Data>
        <Data name="long">
          <value>104.7679</value>
        </Data>
      </ExtendedData>
      <Point>
        <coordinates>
          104.7679,17.109,0
        </coordinates>
      </Point>
    </Placemark>
    <Placemark>
      <name>md33-db-212-0304-349+110</name>
      <description><![CDATA[lat:  17.1088<br>long: 104.7678]]></description>
      <styleUrl>#icon-1899-0288D1</styleUrl>
      <ExtendedData>
        <Data name="lat">
          <value> 17.1088</value>
        </Data>
        <Data name="long">
          <value>104.7678</value>
        </Data>
      </ExtendedData>
      <Point>
        <coordinates>
          104.7678,17.1088,0
        </coordinates>
      </Point>
    </Placemark>
    <Placemark>
      <name>md34-db-212-0304-349+145</name>
      <description><![CDATA[lat:  17.1085<br>long: 104.7677]]></description>
      <styleUrl>#icon-1899-0288D1</styleUrl>
      <ExtendedData>
        <Data name="lat">
          <value> 17.1085</value>
        </Data>
        <Data name="long">
          <value>104.7677</value>
        </Data>
      </ExtendedData>
      <Point>
        <coordinates>
          104.7677,17.1085,0
        </coordinates>
      </Point>
    </Placemark>
    <Placemark>
      <name>md35-db-212-0304-349+180</name>
      <description><![CDATA[lat:  17.1082<br>long: 104.7676]]></description>
      <styleUrl>#icon-1899-0288D1</styleUrl>
      <ExtendedData>
        <Data name="lat">
          <value> 17.1082</value>
        </Data>
        <Data name="long">
          <value>104.7676</value>
        </Data>
      </ExtendedData>
      <Point>
        <coordinates>
          104.7676,17.1082,0
        </coordinates>
      </Point>
    </Placemark>
    <Placemark>
      <name>md36-db-212-0304-349+215</name>
      <description><![CDATA[lat:  17.1079<br>long: 104.7675]]></description>
      <styleUrl>#icon-1899-0288D1</styleUrl>
      <ExtendedData>
        <Data name="lat">
          <value> 17.1079</value>
        </Data>
        <Data name="long">
          <value>104.7675</value>
        </Data>
      </ExtendedData>
      <Point>
        <coordinates>
          104.7675,17.1079,0
        </coordinates>
      </Point>
    </Placemark>
    <Placemark>
      <name>md37-db-212-0304-349+250</name>
      <description><![CDATA[lat:  17.1076<br>long: 104.7674]]></description>
      <styleUrl>#icon-1899-0288D1</styleUrl>
      <ExtendedData>
        <Data name="lat">
          <value> 17.1076</value>
        </Data>
        <Data name="long">
          <value>104.7674</value>
        </Data>
      </ExtendedData>
      <Point>
        <coordinates>
          104.7674,17.1076,0
        </coordinates>
      </Point>
    </Placemark>
    <Placemark>
      <name>md38-db-212-0304-349+410</name>
      <description><![CDATA[lat:  17.1072<br>long: 104.7672]]></description>
      <styleUrl>#icon-1899-0288D1</styleUrl>
      <ExtendedData>
        <Data name="lat">
          <value> 17.1072</value>
        </Data>
        <Data name="long">
          <value>104.7672</value>
        </Data>
      </ExtendedData>
      <Point>
        <coordinates>
          104.7672,17.1072,0
        </coordinates>
      </Point>
    </Placemark>
    <Placemark>
      <name>md39-db-212-0304-349+455</name>
      <description><![CDATA[lat:  17.1058<br>long: 104.7667]]></description>
      <styleUrl>#icon-1899-0288D1</styleUrl>
      <ExtendedData>
        <Data name="lat">
          <value> 17.1058</value>
        </Data>
        <Data name="long">
          <value>104.7667</value>
        </Data>
      </ExtendedData>
      <Point>
        <coordinates>
          104.7667,17.1058,0
        </coordinates>
      </Point>
    </Placemark>
    <Placemark>
      <name>md40-db-212-0304-349+500</name>
      <description><![CDATA[lat:  17.1054<br>long: 104.7665]]></description>
      <styleUrl>#icon-1899-0288D1</styleUrl>
      <ExtendedData>
        <Data name="lat">
          <value> 17.1054</value>
        </Data>
        <Data name="long">
          <value>104.7665</value>
        </Data>
      </ExtendedData>
      <Point>
        <coordinates>
          104.7665,17.1054,0
        </coordinates>
      </Point>
    </Placemark>
    <Placemark>
      <name>md41-db-212-0304-349+950</name>
      <description><![CDATA[lat:  17.1051<br>long: 104.7664]]></description>
      <styleUrl>#icon-1899-0288D1</styleUrl>
      <ExtendedData>
        <Data name="lat">
          <value> 17.1051</value>
        </Data>
        <Data name="long">
          <value>104.7664</value>
        </Data>
      </ExtendedData>
      <Point>
        <coordinates>
          104.7664,17.1051,0
        </coordinates>
      </Point>
    </Placemark>
    <Placemark>
      <name>md42-db-212-0304-349+985</name>
      <description><![CDATA[lat:  17.1013<br>long: 104.7649]]></description>
      <styleUrl>#icon-1899-0288D1</styleUrl>
      <ExtendedData>
        <Data name="lat">
          <value> 17.1013</value>
        </Data>
        <Data name="long">
          <value>104.7649</value>
        </Data>
      </ExtendedData>
      <Point>
        <coordinates>
          104.7649,17.1013,0
        </coordinates>
      </Point>
    </Placemark>
    <Placemark>
      <name>md43-db-212-0304-350+020</name>
      <description><![CDATA[lat:  17.1009<br>long: 104.7648]]></description>
      <styleUrl>#icon-1899-0288D1</styleUrl>
      <ExtendedData>
        <Data name="lat">
          <value> 17.1009</value>
        </Data>
        <Data name="long">
          <value>104.7648</value>
        </Data>
      </ExtendedData>
      <Point>
        <coordinates>
          104.7648,17.1009,0
        </coordinates>
      </Point>
    </Placemark>
    <Placemark>
      <name>md44-db-212-0304-350+055</name>
      <description><![CDATA[lat:  17.1007<br>long: 104.7647]]></description>
      <styleUrl>#icon-1899-0288D1</styleUrl>
      <ExtendedData>
        <Data name="lat">
          <value> 17.1007</value>
        </Data>
        <Data name="long">
          <value>104.7647</value>
        </Data>
      </ExtendedData>
      <Point>
        <coordinates>
          104.7647,17.1007,0
        </coordinates>
      </Point>
    </Placemark>
    <Placemark>
      <name>md45-db-212-0304-350+090</name>
      <description><![CDATA[lat:  17.1002<br>long: 104.7645]]></description>
      <styleUrl>#icon-1899-0288D1</styleUrl>
      <ExtendedData>
        <Data name="lat">
          <value> 17.1002</value>
        </Data>
        <Data name="long">
          <value>104.7645</value>
        </Data>
      </ExtendedData>
      <Point>
        <coordinates>
          104.7645,17.1002,0
        </coordinates>
      </Point>
    </Placemark>
    <Placemark>
      <name>md46-db-212-0304-350+125</name>
      <description><![CDATA[lat:  17.1000<br>long: 104.7645]]></description>
      <styleUrl>#icon-1899-0288D1</styleUrl>
      <ExtendedData>
        <Data name="lat">
          <value> 17.1000</value>
        </Data>
        <Data name="long">
          <value>104.7645</value>
        </Data>
      </ExtendedData>
      <Point>
        <coordinates>
          104.7645,17.1,0
        </coordinates>
      </Point>
    </Placemark>
    <Placemark>
      <name>rt11-db-212-0304-350+170</name>
      <description><![CDATA[lat:  17.0997<br>long: 104.7643]]></description>
      <styleUrl>#icon-1899-0288D1</styleUrl>
      <ExtendedData>
        <Data name="lat">
          <value> 17.0997</value>
        </Data>
        <Data name="long">
          <value>104.7643</value>
        </Data>
      </ExtendedData>
      <Point>
        <coordinates>
          104.7643,17.0997,0
        </coordinates>
      </Point>
    </Placemark>
    <Placemark>
      <name>rt12-db-212-0304-350+203</name>
      <description><![CDATA[lat:  17.0993<br>long: 104.7641]]></description>
      <styleUrl>#icon-1899-0288D1</styleUrl>
      <ExtendedData>
        <Data name="lat">
          <value> 17.0993</value>
        </Data>
        <Data name="long">
          <value>104.7641</value>
        </Data>
      </ExtendedData>
      <Point>
        <coordinates>
          104.7641,17.0993,0
        </coordinates>
      </Point>
    </Placemark>
    <Placemark>
      <name>rt13-db-212-0304-350+236</name>
      <description><![CDATA[lat:  17.0990<br>long: 104.7640]]></description>
      <styleUrl>#icon-1899-0288D1</styleUrl>
      <ExtendedData>
        <Data name="lat">
          <value> 17.0990</value>
        </Data>
        <Data name="long">
          <value>104.7640</value>
        </Data>
      </ExtendedData>
      <Point>
        <coordinates>
          104.764,17.099,0
        </coordinates>
      </Point>
    </Placemark>
    <Placemark>
      <name>rt14-db-212-0304-350+269</name>
      <description><![CDATA[lat:  17.0984<br>long: 104.7637]]></description>
      <styleUrl>#icon-1899-0288D1</styleUrl>
      <ExtendedData>
        <Data name="lat">
          <value> 17.0984</value>
        </Data>
        <Data name="long">
          <value>104.7637</value>
        </Data>
      </ExtendedData>
      <Point>
        <coordinates>
          104.7637,17.0984,0
        </coordinates>
      </Point>
    </Placemark>
    <Placemark>
      <name>rt15-db-212-0304-350+302</name>
      <description><![CDATA[lat:  17.0980<br>long: 104.7636]]></description>
      <styleUrl>#icon-1899-0288D1</styleUrl>
      <ExtendedData>
        <Data name="lat">
          <value> 17.0980</value>
        </Data>
        <Data name="long">
          <value>104.7636</value>
        </Data>
      </ExtendedData>
      <Point>
        <coordinates>
          104.7636,17.098,0
        </coordinates>
      </Point>
    </Placemark>
    <Placemark>
      <name>rt16-db-212-0304-350+335</name>
      <description><![CDATA[lat:  17.0978<br>long: 104.7635]]></description>
      <styleUrl>#icon-1899-0288D1</styleUrl>
      <ExtendedData>
        <Data name="lat">
          <value> 17.0978</value>
        </Data>
        <Data name="long">
          <value>104.7635</value>
        </Data>
      </ExtendedData>
      <Point>
        <coordinates>
          104.7635,17.0978,0
        </coordinates>
      </Point>
    </Placemark>
    <Placemark>
      <name>rt17-db-212-0304-350+368</name>
      <description><![CDATA[lat:  17.0975<br>long: 104.7633]]></description>
      <styleUrl>#icon-1899-0288D1</styleUrl>
      <ExtendedData>
        <Data name="lat">
          <value> 17.0975</value>
        </Data>
        <Data name="long">
          <value>104.7633</value>
        </Data>
      </ExtendedData>
      <Point>
        <coordinates>
          104.7633,17.0975,0
        </coordinates>
      </Point>
    </Placemark>
    <Placemark>
      <name>rt18-db-212-0304-350+401</name>
      <description><![CDATA[lat:  17.0973<br>long: 104.7630]]></description>
      <styleUrl>#icon-1899-0288D1</styleUrl>
      <ExtendedData>
        <Data name="lat">
          <value> 17.0973</value>
        </Data>
        <Data name="long">
          <value>104.7630</value>
        </Data>
      </ExtendedData>
      <Point>
        <coordinates>
          104.763,17.0973,0
        </coordinates>
      </Point>
    </Placemark>
    <Placemark>
      <name>rt19-db-212-0304-350+434</name>
      <description><![CDATA[lat:  17.0970<br>long: 104.7628]]></description>
      <styleUrl>#icon-1899-0288D1</styleUrl>
      <ExtendedData>
        <Data name="lat">
          <value> 17.0970</value>
        </Data>
        <Data name="long">
          <value>104.7628</value>
        </Data>
      </ExtendedData>
      <Point>
        <coordinates>
          104.7628,17.097,0
        </coordinates>
      </Point>
    </Placemark>
    <Placemark>
      <name>rt20-db-212-0304-350+467</name>
      <description><![CDATA[lat:  17.0968<br>long: 104.7626]]></description>
      <styleUrl>#icon-1899-0288D1</styleUrl>
      <ExtendedData>
        <Data name="lat">
          <value> 17.0968</value>
        </Data>
        <Data name="long">
          <value>104.7626</value>
        </Data>
      </ExtendedData>
      <Point>
        <coordinates>
          104.7626,17.0968,0
        </coordinates>
      </Point>
    </Placemark>
    <Placemark>
      <name>rt21-db-212-0304-350+500</name>
      <description><![CDATA[lat:  17.0966<br>long: 104.7624]]></description>
      <styleUrl>#icon-1899-0288D1</styleUrl>
      <ExtendedData>
        <Data name="lat">
          <value> 17.0966</value>
        </Data>
        <Data name="long">
          <value>104.7624</value>
        </Data>
      </ExtendedData>
      <Point>
        <coordinates>
          104.7624,17.0966,0
        </coordinates>
      </Point>
    </Placemark>
    <Placemark>
      <name>rt22-db-212-0304-350+533</name>
      <description><![CDATA[lat:  17.0963<br>long: 104.7621]]></description>
      <styleUrl>#icon-1899-0288D1</styleUrl>
      <ExtendedData>
        <Data name="lat">
          <value> 17.0963</value>
        </Data>
        <Data name="long">
          <value>104.7621</value>
        </Data>
      </ExtendedData>
      <Point>
        <coordinates>
          104.7621,17.0963,0
        </coordinates>
      </Point>
    </Placemark>
    <Placemark>
      <name>rt23-db-212-0304-350+566</name>
      <description><![CDATA[lat:  17.0960<br>long: 104.7619]]></description>
      <styleUrl>#icon-1899-0288D1</styleUrl>
      <ExtendedData>
        <Data name="lat">
          <value> 17.0960</value>
        </Data>
        <Data name="long">
          <value>104.7619</value>
        </Data>
      </ExtendedData>
      <Point>
        <coordinates>
          104.7619,17.096,0
        </coordinates>
      </Point>
    </Placemark>
    <Placemark>
      <name>rt24-db-212-0304-350+599</name>
      <description><![CDATA[lat:  17.0958<br>long: 104.7617]]></description>
      <styleUrl>#icon-1899-0288D1</styleUrl>
      <ExtendedData>
        <Data name="lat">
          <value> 17.0958</value>
        </Data>
        <Data name="long">
          <value>104.7617</value>
        </Data>
      </ExtendedData>
      <Point>
        <coordinates>
          104.7617,17.0958,0
        </coordinates>
      </Point>
    </Placemark>
    <Placemark>
      <name>rt25-db-212-0304-350+632</name>
      <description><![CDATA[lat:  17.0956<br>long: 104.7615]]></description>
      <styleUrl>#icon-1899-0288D1</styleUrl>
      <ExtendedData>
        <Data name="lat">
          <value> 17.0956</value>
        </Data>
        <Data name="long">
          <value>104.7615</value>
        </Data>
      </ExtendedData>
      <Point>
        <coordinates>
          104.7615,17.0956,0
        </coordinates>
      </Point>
    </Placemark>
    <Placemark>
      <name>rt26-db-212-0304-350+665</name>
      <description><![CDATA[lat:  17.0953<br>long: 104.7614]]></description>
      <styleUrl>#icon-1899-0288D1</styleUrl>
      <ExtendedData>
        <Data name="lat">
          <value> 17.0953</value>
        </Data>
        <Data name="long">
          <value>104.7614</value>
        </Data>
      </ExtendedData>
      <Point>
        <coordinates>
          104.7614,17.0953,0
        </coordinates>
      </Point>
    </Placemark>
    <Placemark>
      <name>lt11-db-212-0304-350+170</name>
      <description><![CDATA[lat:  17.0950<br>long: 104.7613]]></description>
      <styleUrl>#icon-1899-0288D1</styleUrl>
      <ExtendedData>
        <Data name="lat">
          <value> 17.0950</value>
        </Data>
        <Data name="long">
          <value>104.7613</value>
        </Data>
      </ExtendedData>
      <Point>
        <coordinates>
          104.7613,17.095,0
        </coordinates>
      </Point>
    </Placemark>
    <Placemark>
      <name>lt12-db-212-0304-350+203</name>
      <description><![CDATA[lat:  17.0993<br>long: 104.7643]]></description>
      <styleUrl>#icon-1899-0288D1</styleUrl>
      <ExtendedData>
        <Data name="lat">
          <value> 17.0993</value>
        </Data>
        <Data name="long">
          <value>104.7643</value>
        </Data>
      </ExtendedData>
      <Point>
        <coordinates>
          104.7643,17.0993,0
        </coordinates>
      </Point>
    </Placemark>
    <Placemark>
      <name>lt13-db-212-0304-350+236</name>
      <description><![CDATA[lat:  17.0989<br>long: 104.7642]]></description>
      <styleUrl>#icon-1899-0288D1</styleUrl>
      <ExtendedData>
        <Data name="lat">
          <value> 17.0989</value>
        </Data>
        <Data name="long">
          <value>104.7642</value>
        </Data>
      </ExtendedData>
      <Point>
        <coordinates>
          104.7642,17.0989,0
        </coordinates>
      </Point>
    </Placemark>
    <Placemark>
      <name>lt14-db-212-0304-350+269</name>
      <description><![CDATA[lat:  17.0986<br>long: 104.7640]]></description>
      <styleUrl>#icon-1899-0288D1</styleUrl>
      <ExtendedData>
        <Data name="lat">
          <value> 17.0986</value>
        </Data>
        <Data name="long">
          <value>104.7640</value>
        </Data>
      </ExtendedData>
      <Point>
        <coordinates>
          104.764,17.0986,0
        </coordinates>
      </Point>
    </Placemark>
    <Placemark>
      <name>lt15-db-212-0304-350+302</name>
      <description><![CDATA[lat:  17.0983<br>long: 104.7639]]></description>
      <styleUrl>#icon-1899-0288D1</styleUrl>
      <ExtendedData>
        <Data name="lat">
          <value> 17.0983</value>
        </Data>
        <Data name="long">
          <value>104.7639</value>
        </Data>
      </ExtendedData>
      <Point>
        <coordinates>
          104.7639,17.0983,0
        </coordinates>
      </Point>
    </Placemark>
    <Placemark>
      <name>lt16-db-212-0304-350+335</name>
      <description><![CDATA[lat:  17.0980<br>long: 104.7638]]></description>
      <styleUrl>#icon-1899-0288D1</styleUrl>
      <ExtendedData>
        <Data name="lat">
          <value> 17.0980</value>
        </Data>
        <Data name="long">
          <value>104.7638</value>
        </Data>
      </ExtendedData>
      <Point>
        <coordinates>
          104.7638,17.098,0
        </coordinates>
      </Point>
    </Placemark>
    <Placemark>
      <name>lt17-db-212-0304-350+368</name>
      <description><![CDATA[lat:  17.0976<br>long: 104.7636]]></description>
      <styleUrl>#icon-1899-0288D1</styleUrl>
      <ExtendedData>
        <Data name="lat">
          <value> 17.0976</value>
        </Data>
        <Data name="long">
          <value>104.7636</value>
        </Data>
      </ExtendedData>
      <Point>
        <coordinates>
          104.7636,17.0976,0
        </coordinates>
      </Point>
    </Placemark>
    <Placemark>
      <name>lt18-db-212-0304-350+401</name>
      <description><![CDATA[lat:  17.0974<br>long: 104.7635]]></description>
      <styleUrl>#icon-1899-0288D1</styleUrl>
      <ExtendedData>
        <Data name="lat">
          <value> 17.0974</value>
        </Data>
        <Data name="long">
          <value>104.7635</value>
        </Data>
      </ExtendedData>
      <Point>
        <coordinates>
          104.7635,17.0974,0
        </coordinates>
      </Point>
    </Placemark>
    <Placemark>
      <name>lt19-db-212-0304-350+434</name>
      <description><![CDATA[lat:  17.0971<br>long: 104.7632]]></description>
      <styleUrl>#icon-1899-0288D1</styleUrl>
      <ExtendedData>
        <Data name="lat">
          <value> 17.0971</value>
        </Data>
        <Data name="long">
          <value>104.7632</value>
        </Data>
      </ExtendedData>
      <Point>
        <coordinates>
          104.7632,17.0971,0
        </coordinates>
      </Point>
    </Placemark>
    <Placemark>
      <name>lt20-db-212-0304-350+467</name>
      <description><![CDATA[lat:  17.0969<br>long: 104.7630]]></description>
      <styleUrl>#icon-1899-0288D1</styleUrl>
      <ExtendedData>
        <Data name="lat">
          <value> 17.0969</value>
        </Data>
        <Data name="long">
          <value>104.7630</value>
        </Data>
      </ExtendedData>
      <Point>
        <coordinates>
          104.763,17.0969,0
        </coordinates>
      </Point>
    </Placemark>
    <Placemark>
      <name>lt21-db-212-0304-350+500</name>
      <description><![CDATA[lat:  17.0967<br>long: 104.7628]]></description>
      <styleUrl>#icon-1899-0288D1</styleUrl>
      <ExtendedData>
        <Data name="lat">
          <value> 17.0967</value>
        </Data>
        <Data name="long">
          <value>104.7628</value>
        </Data>
      </ExtendedData>
      <Point>
        <coordinates>
          104.7628,17.0967,0
        </coordinates>
      </Point>
    </Placemark>
    <Placemark>
      <name>lt22-db-212-0304-350+533</name>
      <description><![CDATA[lat:  17.0964<br>long: 104.7626]]></description>
      <styleUrl>#icon-1899-0288D1</styleUrl>
      <ExtendedData>
        <Data name="lat">
          <value> 17.0964</value>
        </Data>
        <Data name="long">
          <value>104.7626</value>
        </Data>
      </ExtendedData>
      <Point>
        <coordinates>
          104.7626,17.0964,0
        </coordinates>
      </Point>
    </Placemark>
    <Placemark>
      <name>lt23-db-212-0304-350+566</name>
      <description><![CDATA[lat:  17.0962<br>long: 104.7623]]></description>
      <styleUrl>#icon-1899-0288D1</styleUrl>
      <ExtendedData>
        <Data name="lat">
          <value> 17.0962</value>
        </Data>
        <Data name="long">
          <value>104.7623</value>
        </Data>
      </ExtendedData>
      <Point>
        <coordinates>
          104.7623,17.0962,0
        </coordinates>
      </Point>
    </Placemark>
    <Placemark>
      <name>lt24-db-212-0304-350+599</name>
      <description><![CDATA[lat:  17.0960<br>long: 104.7621]]></description>
      <styleUrl>#icon-1899-0288D1</styleUrl>
      <ExtendedData>
        <Data name="lat">
          <value> 17.0960</value>
        </Data>
        <Data name="long">
          <value>104.7621</value>
        </Data>
      </ExtendedData>
      <Point>
        <coordinates>
          104.7621,17.096,0
        </coordinates>
      </Point>
    </Placemark>
    <Placemark>
      <name>lt25-db-212-0304-350+632</name>
      <description><![CDATA[lat:  17.0957<br>long: 104.7619]]></description>
      <styleUrl>#icon-1899-0288D1</styleUrl>
      <ExtendedData>
        <Data name="lat">
          <value> 17.0957</value>
        </Data>
        <Data name="long">
          <value>104.7619</value>
        </Data>
      </ExtendedData>
      <Point>
        <coordinates>
          104.7619,17.0957,0
        </coordinates>
      </Point>
    </Placemark>
    <Placemark>
      <name>lt26-db-212-0304-350+665</name>
      <description><![CDATA[lat:  17.0955<br>long: 104.7617]]></description>
      <styleUrl>#icon-1899-0288D1</styleUrl>
      <ExtendedData>
        <Data name="lat">
          <value> 17.0955</value>
        </Data>
        <Data name="long">
          <value>104.7617</value>
        </Data>
      </ExtendedData>
      <Point>
        <coordinates>
          104.7617,17.0955,0
        </coordinates>
      </Point>
    </Placemark>
    <Placemark>
      <name>lt27-db-212-0304-351+226</name>
      <description><![CDATA[lat:  17.0952<br>long: 104.7616]]></description>
      <styleUrl>#icon-1899-0288D1</styleUrl>
      <ExtendedData>
        <Data name="lat">
          <value> 17.0952</value>
        </Data>
        <Data name="long">
          <value>104.7616</value>
        </Data>
      </ExtendedData>
      <Point>
        <coordinates>
          104.7616,17.0952,0
        </coordinates>
      </Point>
    </Placemark>
    <Placemark>
      <name>lt28-db-212-0304-351+259</name>
      <description><![CDATA[lat:  17.0949<br>long: 104.7615]]></description>
      <styleUrl>#icon-1899-0288D1</styleUrl>
      <ExtendedData>
        <Data name="lat">
          <value> 17.0949</value>
        </Data>
        <Data name="long">
          <value>104.7615</value>
        </Data>
      </ExtendedData>
      <Point>
        <coordinates>
          104.7615,17.0949,0
        </coordinates>
      </Point>
    </Placemark>
    <Placemark>
      <name>lt29-db-212-0304-351+292</name>
      <description><![CDATA[lat:  17.0943<br>long: 104.7614]]></description>
      <styleUrl>#icon-1899-0288D1</styleUrl>
      <ExtendedData>
        <Data name="lat">
          <value> 17.0943</value>
        </Data>
        <Data name="long">
          <value>104.7614</value>
        </Data>
      </ExtendedData>
      <Point>
        <coordinates>
          104.7614,17.0943,0
        </coordinates>
      </Point>
    </Placemark>
    <Placemark>
      <name>lt30-db-212-0304-351+150</name>
      <description><![CDATA[lat:  17.0941<br>long: 104.7613]]></description>
      <styleUrl>#icon-1899-0288D1</styleUrl>
      <ExtendedData>
        <Data name="lat">
          <value> 17.0941</value>
        </Data>
        <Data name="long">
          <value>104.7613</value>
        </Data>
      </ExtendedData>
      <Point>
        <coordinates>
          104.7613,17.0941,0
        </coordinates>
      </Point>
    </Placemark>
    <Placemark>
      <name>lt31-db-212-0304-351+210</name>
      <description><![CDATA[lat:  17.0931<br>long: 104.7612]]></description>
      <styleUrl>#icon-1899-0288D1</styleUrl>
      <ExtendedData>
        <Data name="lat">
          <value> 17.0931</value>
        </Data>
        <Data name="long">
          <value>104.7612</value>
        </Data>
      </ExtendedData>
      <Point>
        <coordinates>
          104.7612,17.0931,0
        </coordinates>
      </Point>
    </Placemark>
    <Placemark>
      <name>lt32-db-212-0304-351+270</name>
      <description><![CDATA[lat:  17.0925<br>long: 104.7611]]></description>
      <styleUrl>#icon-1899-0288D1</styleUrl>
      <ExtendedData>
        <Data name="lat">
          <value> 17.0925</value>
        </Data>
        <Data name="long">
          <value>104.7611</value>
        </Data>
      </ExtendedData>
      <Point>
        <coordinates>
          104.7611,17.0925,0
        </coordinates>
      </Point>
    </Placemark>
    <Placemark>
      <name>lt33-db-212-0304-351+330</name>
      <description><![CDATA[lat:  17.0921<br>long: 104.7610]]></description>
      <styleUrl>#icon-1899-0288D1</styleUrl>
      <ExtendedData>
        <Data name="lat">
          <value> 17.0921</value>
        </Data>
        <Data name="long">
          <value>104.7610</value>
        </Data>
      </ExtendedData>
      <Point>
        <coordinates>
          104.761,17.0921,0
        </coordinates>
      </Point>
    </Placemark>
    <Placemark>
      <name>lt34-db-212-0304-351+390</name>
      <description><![CDATA[lat:  17.0915<br>long: 104.7609]]></description>
      <styleUrl>#icon-1899-0288D1</styleUrl>
      <ExtendedData>
        <Data name="lat">
          <value> 17.0915</value>
        </Data>
        <Data name="long">
          <value>104.7609</value>
        </Data>
      </ExtendedData>
      <Point>
        <coordinates>
          104.7609,17.0915,0
        </coordinates>
      </Point>
    </Placemark>
    <Placemark>
      <name>rt27-db-212-0304-351+226</name>
      <description><![CDATA[lat:  17.0909<br>long: 104.7608]]></description>
      <styleUrl>#icon-1899-0288D1</styleUrl>
      <ExtendedData>
        <Data name="lat">
          <value> 17.0909</value>
        </Data>
        <Data name="long">
          <value>104.7608</value>
        </Data>
      </ExtendedData>
      <Point>
        <coordinates>
          104.7608,17.0909,0
        </coordinates>
      </Point>
    </Placemark>
    <Placemark>
      <name>rt28-db-212-0304-351+259</name>
      <description><![CDATA[lat:  17.0946<br>long: 104.7612]]></description>
      <styleUrl>#icon-1899-0288D1</styleUrl>
      <ExtendedData>
        <Data name="lat">
          <value> 17.0946</value>
        </Data>
        <Data name="long">
          <value>104.7612</value>
        </Data>
      </ExtendedData>
      <Point>
        <coordinates>
          104.7612,17.0946,0
        </coordinates>
      </Point>
    </Placemark>
    <Placemark>
      <name>rt29-db-212-0304-351+292</name>
      <description><![CDATA[lat:  17.0943<br>long: 104.7611]]></description>
      <styleUrl>#icon-1899-0288D1</styleUrl>
      <ExtendedData>
        <Data name="lat">
          <value> 17.0943</value>
        </Data>
        <Data name="long">
          <value>104.7611</value>
        </Data>
      </ExtendedData>
      <Point>
        <coordinates>
          104.7611,17.0943,0
        </coordinates>
      </Point>
    </Placemark>
    <Placemark>
      <name>rt30-db-212-0304-351+160</name>
      <description><![CDATA[lat:  17.0941<br>long: 104.7611]]></description>
      <styleUrl>#icon-1899-0288D1</styleUrl>
      <ExtendedData>
        <Data name="lat">
          <value> 17.0941</value>
        </Data>
        <Data name="long">
          <value>104.7611</value>
        </Data>
      </ExtendedData>
      <Point>
        <coordinates>
          104.7611,17.0941,0
        </coordinates>
      </Point>
    </Placemark>
    <Placemark>
      <name>rt31-db-212-0304-351+220</name>
      <description><![CDATA[lat:  17.0930<br>long: 104.7610]]></description>
      <styleUrl>#icon-1899-0288D1</styleUrl>
      <ExtendedData>
        <Data name="lat">
          <value> 17.0930</value>
        </Data>
        <Data name="long">
          <value>104.7610</value>
        </Data>
      </ExtendedData>
      <Point>
        <coordinates>
          104.761,17.093,0
        </coordinates>
      </Point>
    </Placemark>
    <Placemark>
      <name>rt32-db-212-0304-351+280</name>
      <description><![CDATA[lat:  17.0923<br>long: 104.7609]]></description>
      <styleUrl>#icon-1899-0288D1</styleUrl>
      <ExtendedData>
        <Data name="lat">
          <value> 17.0923</value>
        </Data>
        <Data name="long">
          <value>104.7609</value>
        </Data>
      </ExtendedData>
      <Point>
        <coordinates>
          104.7609,17.0923,0
        </coordinates>
      </Point>
    </Placemark>
    <Placemark>
      <name>rt33-db-212-0304-351+340</name>
      <description><![CDATA[lat:  17.0918<br>long: 104.7608]]></description>
      <styleUrl>#icon-1899-0288D1</styleUrl>
      <ExtendedData>
        <Data name="lat">
          <value> 17.0918</value>
        </Data>
        <Data name="long">
          <value>104.7608</value>
        </Data>
      </ExtendedData>
      <Point>
        <coordinates>
          104.7608,17.0918,0
        </coordinates>
      </Point>
    </Placemark>
    <Placemark>
      <name>rt34-db-212-0304-351+400</name>
      <description><![CDATA[lat:  17.0912<br>long: 104.7606]]></description>
      <styleUrl>#icon-1899-0288D1</styleUrl>
      <ExtendedData>
        <Data name="lat">
          <value> 17.0912</value>
        </Data>
        <Data name="long">
          <value>104.7606</value>
        </Data>
      </ExtendedData>
      <Point>
        <coordinates>
          104.7606,17.0912,0
        </coordinates>
      </Point>
    </Placemark>
    <Placemark>
      <name>md47-db-212-0304-351+660</name>
      <description><![CDATA[lat:  17.0907<br>long: 104.7604]]></description>
      <styleUrl>#icon-1899-0288D1</styleUrl>
      <ExtendedData>
        <Data name="lat">
          <value> 17.0907</value>
        </Data>
        <Data name="long">
          <value>104.7604</value>
        </Data>
      </ExtendedData>
      <Point>
        <coordinates>
          104.7604,17.0907,0
        </coordinates>
      </Point>
    </Placemark>
    <Placemark>
      <name>md48-db-212-0304-351+693</name>
      <description><![CDATA[lat:  17.0891<br>long: 104.7599]]></description>
      <styleUrl>#icon-1899-0288D1</styleUrl>
      <ExtendedData>
        <Data name="lat">
          <value> 17.0891</value>
        </Data>
        <Data name="long">
          <value>104.7599</value>
        </Data>
      </ExtendedData>
      <Point>
        <coordinates>
          104.7599,17.0891,0
        </coordinates>
      </Point>
    </Placemark>
    <Placemark>
      <name>md49-db-212-0304-351+726</name>
      <description><![CDATA[lat: 17.08891<br>long: 104.7598]]></description>
      <styleUrl>#icon-1899-0288D1</styleUrl>
      <ExtendedData>
        <Data name="lat">
          <value>17.08891</value>
        </Data>
        <Data name="long">
          <value>104.7598</value>
        </Data>
      </ExtendedData>
      <Point>
        <coordinates>
          104.7598,17.08891,0
        </coordinates>
      </Point>
    </Placemark>
    <Placemark>
      <name>md50-db-212-0304-351+759</name>
      <description><![CDATA[lat:  17.0886<br>long: 104.7596]]></description>
      <styleUrl>#icon-1899-0288D1</styleUrl>
      <ExtendedData>
        <Data name="lat">
          <value> 17.0886</value>
        </Data>
        <Data name="long">
          <value>104.7596</value>
        </Data>
      </ExtendedData>
      <Point>
        <coordinates>
          104.7596,17.0886,0
        </coordinates>
      </Point>
    </Placemark>
    <Placemark>
      <name>md51-db-212-0304-351+792</name>
      <description><![CDATA[lat:  17.0883<br>long: 104.7595]]></description>
      <styleUrl>#icon-1899-0288D1</styleUrl>
      <ExtendedData>
        <Data name="lat">
          <value> 17.0883</value>
        </Data>
        <Data name="long">
          <value>104.7595</value>
        </Data>
      </ExtendedData>
      <Point>
        <coordinates>
          104.7595,17.0883,0
        </coordinates>
      </Point>
    </Placemark>
    <Placemark>
      <name>md52-db-212-0304-351+825</name>
      <description><![CDATA[lat:  17.0880<br>long: 104.7594]]></description>
      <styleUrl>#icon-1899-0288D1</styleUrl>
      <ExtendedData>
        <Data name="lat">
          <value> 17.0880</value>
        </Data>
        <Data name="long">
          <value>104.7594</value>
        </Data>
      </ExtendedData>
      <Point>
        <coordinates>
          104.7594,17.088,0
        </coordinates>
      </Point>
    </Placemark>
    <Placemark>
      <name>md53-db-212-0304-351+858</name>
      <description><![CDATA[lat:  17.0877<br>long: 104.7593]]></description>
      <styleUrl>#icon-1899-0288D1</styleUrl>
      <ExtendedData>
        <Data name="lat">
          <value> 17.0877</value>
        </Data>
        <Data name="long">
          <value>104.7593</value>
        </Data>
      </ExtendedData>
      <Point>
        <coordinates>
          104.7593,17.0877,0
        </coordinates>
      </Point>
    </Placemark>
    <Placemark>
      <name>md54-db-212-0304-351+891</name>
      <description><![CDATA[lat:  17.0874<br>long: 104.7591]]></description>
      <styleUrl>#icon-1899-0288D1</styleUrl>
      <ExtendedData>
        <Data name="lat">
          <value> 17.0874</value>
        </Data>
        <Data name="long">
          <value>104.7591</value>
        </Data>
      </ExtendedData>
      <Point>
        <coordinates>
          104.7591,17.0874,0
        </coordinates>
      </Point>
    </Placemark>
    <Placemark>
      <name>md55-db-212-0304-351+924</name>
      <description><![CDATA[lat:  17.0871<br>long: 104.7590]]></description>
      <styleUrl>#icon-1899-0288D1</styleUrl>
      <ExtendedData>
        <Data name="lat">
          <value> 17.0871</value>
        </Data>
        <Data name="long">
          <value>104.7590</value>
        </Data>
      </ExtendedData>
      <Point>
        <coordinates>
          104.759,17.0871,0
        </coordinates>
      </Point>
    </Placemark>
    <Placemark>
      <name>md56-db-212-0304-351+957</name>
      <description><![CDATA[lat:  17.0868<br>long: 104.7589]]></description>
      <styleUrl>#icon-1899-0288D1</styleUrl>
      <ExtendedData>
        <Data name="lat">
          <value> 17.0868</value>
        </Data>
        <Data name="long">
          <value>104.7589</value>
        </Data>
      </ExtendedData>
      <Point>
        <coordinates>
          104.7589,17.0868,0
        </coordinates>
      </Point>
    </Placemark>
    <Placemark>
      <name>md57-db-212-0304-351+990</name>
      <description><![CDATA[lat:  17.0865<br>long: 104.7588]]></description>
      <styleUrl>#icon-1899-0288D1</styleUrl>
      <ExtendedData>
        <Data name="lat">
          <value> 17.0865</value>
        </Data>
        <Data name="long">
          <value>104.7588</value>
        </Data>
      </ExtendedData>
      <Point>
        <coordinates>
          104.7588,17.0865,0
        </coordinates>
      </Point>
    </Placemark>
    <Placemark>
      <name>md58-db-212-0304-352+023</name>
      <description><![CDATA[lat:  17.0862<br>long: 104.7587]]></description>
      <styleUrl>#icon-1899-0288D1</styleUrl>
      <ExtendedData>
        <Data name="lat">
          <value> 17.0862</value>
        </Data>
        <Data name="long">
          <value>104.7587</value>
        </Data>
      </ExtendedData>
      <Point>
        <coordinates>
          104.7587,17.0862,0
        </coordinates>
      </Point>
    </Placemark>
    <Placemark>
      <name>md59-db-212-0304-352+056</name>
      <description><![CDATA[lat:  17.0859<br>long: 104.7585]]></description>
      <styleUrl>#icon-1899-0288D1</styleUrl>
      <ExtendedData>
        <Data name="lat">
          <value> 17.0859</value>
        </Data>
        <Data name="long">
          <value>104.7585</value>
        </Data>
      </ExtendedData>
      <Point>
        <coordinates>
          104.7585,17.0859,0
        </coordinates>
      </Point>
    </Placemark>
    <Placemark>
      <name>md60-db-212-0304-352+089</name>
      <description><![CDATA[lat:  17.0856<br>long: 104.7584]]></description>
      <styleUrl>#icon-1899-0288D1</styleUrl>
      <ExtendedData>
        <Data name="lat">
          <value> 17.0856</value>
        </Data>
        <Data name="long">
          <value>104.7584</value>
        </Data>
      </ExtendedData>
      <Point>
        <coordinates>
          104.7584,17.0856,0
        </coordinates>
      </Point>
    </Placemark>
    <Placemark>
      <name>md61-db-212-0304-352+122</name>
      <description><![CDATA[lat:  17.0854<br>long: 104.7583]]></description>
      <styleUrl>#icon-1899-0288D1</styleUrl>
      <ExtendedData>
        <Data name="lat">
          <value> 17.0854</value>
        </Data>
        <Data name="long">
          <value>104.7583</value>
        </Data>
      </ExtendedData>
      <Point>
        <coordinates>
          104.7583,17.0854,0
        </coordinates>
      </Point>
    </Placemark>
    <Placemark>
      <name>md62-db-212-0304-352+155</name>
      <description><![CDATA[lat:  17.0851<br>long: 104.7582]]></description>
      <styleUrl>#icon-1899-0288D1</styleUrl>
      <ExtendedData>
        <Data name="lat">
          <value> 17.0851</value>
        </Data>
        <Data name="long">
          <value>104.7582</value>
        </Data>
      </ExtendedData>
      <Point>
        <coordinates>
          104.7582,17.0851,0
        </coordinates>
      </Point>
    </Placemark>
    <Placemark>
      <name>md63-db-212-0304-352+188</name>
      <description><![CDATA[lat:  17.0848<br>long: 104.7581]]></description>
      <styleUrl>#icon-1899-0288D1</styleUrl>
      <ExtendedData>
        <Data name="lat">
          <value> 17.0848</value>
        </Data>
        <Data name="long">
          <value>104.7581</value>
        </Data>
      </ExtendedData>
      <Point>
        <coordinates>
          104.7581,17.0848,0
        </coordinates>
      </Point>
    </Placemark>
    <Placemark>
      <name>md64-db-212-0304-352+221</name>
      <description><![CDATA[lat:  17.0845<br>long: 104.7579]]></description>
      <styleUrl>#icon-1899-0288D1</styleUrl>
      <ExtendedData>
        <Data name="lat">
          <value> 17.0845</value>
        </Data>
        <Data name="long">
          <value>104.7579</value>
        </Data>
      </ExtendedData>
      <Point>
        <coordinates>
          104.7579,17.0845,0
        </coordinates>
      </Point>
    </Placemark>
    <Placemark>
      <name>md65-db-212-0304-352+254</name>
      <description><![CDATA[lat:  17.0842<br>long: 104.7578]]></description>
      <styleUrl>#icon-1899-0288D1</styleUrl>
      <ExtendedData>
        <Data name="lat">
          <value> 17.0842</value>
        </Data>
        <Data name="long">
          <value>104.7578</value>
        </Data>
      </ExtendedData>
      <Point>
        <coordinates>
          104.7578,17.0842,0
        </coordinates>
      </Point>
    </Placemark>
    <Placemark>
      <name>md66-db-212-0304-352+287</name>
      <description><![CDATA[lat:  17.0839<br>long: 104.7577]]></description>
      <styleUrl>#icon-1899-0288D1</styleUrl>
      <ExtendedData>
        <Data name="lat">
          <value> 17.0839</value>
        </Data>
        <Data name="long">
          <value>104.7577</value>
        </Data>
      </ExtendedData>
      <Point>
        <coordinates>
          104.7577,17.0839,0
        </coordinates>
      </Point>
    </Placemark>
    <Placemark>
      <name>md67-db-212-0304-352+320</name>
      <description><![CDATA[lat:  17.0836<br>long: 104.7575]]></description>
      <styleUrl>#icon-1899-0288D1</styleUrl>
      <ExtendedData>
        <Data name="lat">
          <value> 17.0836</value>
        </Data>
        <Data name="long">
          <value>104.7575</value>
        </Data>
      </ExtendedData>
      <Point>
        <coordinates>
          104.7575,17.0836,0
        </coordinates>
      </Point>
    </Placemark>
    <Placemark>
      <name>md68-db-212-0304-352+353</name>
      <description><![CDATA[lat:  17.0833<br>long: 104.7574]]></description>
      <styleUrl>#icon-1899-0288D1</styleUrl>
      <ExtendedData>
        <Data name="lat">
          <value> 17.0833</value>
        </Data>
        <Data name="long">
          <value>104.7574</value>
        </Data>
      </ExtendedData>
      <Point>
        <coordinates>
          104.7574,17.0833,0
        </coordinates>
      </Point>
    </Placemark>
    <Placemark>
      <name>md69-db-212-0304-352+386</name>
      <description><![CDATA[lat:  17.0830<br>long: 104.7573]]></description>
      <styleUrl>#icon-1899-0288D1</styleUrl>
      <ExtendedData>
        <Data name="lat">
          <value> 17.0830</value>
        </Data>
        <Data name="long">
          <value>104.7573</value>
        </Data>
      </ExtendedData>
      <Point>
        <coordinates>
          104.7573,17.083,0
        </coordinates>
      </Point>
    </Placemark>
    <Placemark>
      <name>md70-db-212-0304-352+419</name>
      <description><![CDATA[lat:  17.0827<br>long: 104.7572]]></description>
      <styleUrl>#icon-1899-0288D1</styleUrl>
      <ExtendedData>
        <Data name="lat">
          <value> 17.0827</value>
        </Data>
        <Data name="long">
          <value>104.7572</value>
        </Data>
      </ExtendedData>
      <Point>
        <coordinates>
          104.7572,17.0827,0
        </coordinates>
      </Point>
    </Placemark>
    <Placemark>
      <name>md71-db-212-0304-352+489</name>
      <description><![CDATA[lat:  17.0824<br>long: 104.7570]]></description>
      <styleUrl>#icon-1899-0288D1</styleUrl>
      <ExtendedData>
        <Data name="lat">
          <value> 17.0824</value>
        </Data>
        <Data name="long">
          <value>104.7570</value>
        </Data>
      </ExtendedData>
      <Point>
        <coordinates>
          104.757,17.0824,0
        </coordinates>
      </Point>
    </Placemark>
    <Placemark>
      <name>md72-db-212-0304-352+522</name>
      <description><![CDATA[lat:  17.0818<br>long: 104.7568]]></description>
      <styleUrl>#icon-1899-0288D1</styleUrl>
      <ExtendedData>
        <Data name="lat">
          <value> 17.0818</value>
        </Data>
        <Data name="long">
          <value>104.7568</value>
        </Data>
      </ExtendedData>
      <Point>
        <coordinates>
          104.7568,17.0818,0
        </coordinates>
      </Point>
    </Placemark>
    <Placemark>
      <name>md73-db-212-0304-352+555</name>
      <description><![CDATA[lat:  17.0816<br>long: 104.7567]]></description>
      <styleUrl>#icon-1899-0288D1</styleUrl>
      <ExtendedData>
        <Data name="lat">
          <value> 17.0816</value>
        </Data>
        <Data name="long">
          <value>104.7567</value>
        </Data>
      </ExtendedData>
      <Point>
        <coordinates>
          104.7567,17.0816,0
        </coordinates>
      </Point>
    </Placemark>
    <Placemark>
      <name>md74-db-212-0304-352+588</name>
      <description><![CDATA[lat:  17.0813<br>long: 104.7565]]></description>
      <styleUrl>#icon-1899-0288D1</styleUrl>
      <ExtendedData>
        <Data name="lat">
          <value> 17.0813</value>
        </Data>
        <Data name="long">
          <value>104.7565</value>
        </Data>
      </ExtendedData>
      <Point>
        <coordinates>
          104.7565,17.0813,0
        </coordinates>
      </Point>
    </Placemark>
    <Placemark>
      <name>md75-db-212-0304-352+621</name>
      <description><![CDATA[lat:  17.0810<br>long: 104.7564]]></description>
      <styleUrl>#icon-1899-0288D1</styleUrl>
      <ExtendedData>
        <Data name="lat">
          <value> 17.0810</value>
        </Data>
        <Data name="long">
          <value>104.7564</value>
        </Data>
      </ExtendedData>
      <Point>
        <coordinates>
          104.7564,17.081,0
        </coordinates>
      </Point>
    </Placemark>
    <Placemark>
      <name>md76-db-212-0304-352+654</name>
      <description><![CDATA[lat:  17.0807<br>long: 104.7563]]></description>
      <styleUrl>#icon-1899-0288D1</styleUrl>
      <ExtendedData>
        <Data name="lat">
          <value> 17.0807</value>
        </Data>
        <Data name="long">
          <value>104.7563</value>
        </Data>
      </ExtendedData>
      <Point>
        <coordinates>
          104.7563,17.0807,0
        </coordinates>
      </Point>
    </Placemark>
    <Placemark>
      <name>md77-db-212-0304-352+687</name>
      <description><![CDATA[lat:  17.0804<br>long: 104.7562]]></description>
      <styleUrl>#icon-1899-0288D1</styleUrl>
      <ExtendedData>
        <Data name="lat">
          <value> 17.0804</value>
        </Data>
        <Data name="long">
          <value>104.7562</value>
        </Data>
      </ExtendedData>
      <Point>
        <coordinates>
          104.7562,17.0804,0
        </coordinates>
      </Point>
    </Placemark>
    <Placemark>
      <name>md78-db-212-0304-352+720</name>
      <description><![CDATA[lat:  17.0801<br>long: 104.7560]]></description>
      <styleUrl>#icon-1899-0288D1</styleUrl>
      <ExtendedData>
        <Data name="lat">
          <value> 17.0801</value>
        </Data>
        <Data name="long">
          <value>104.7560</value>
        </Data>
      </ExtendedData>
      <Point>
        <coordinates>
          104.756,17.0801,0
        </coordinates>
      </Point>
    </Placemark>
    <Placemark>
      <name>md79-db-212-0304-352+753</name>
      <description><![CDATA[lat:  17.0798<br>long: 104.7559]]></description>
      <styleUrl>#icon-1899-0288D1</styleUrl>
      <ExtendedData>
        <Data name="lat">
          <value> 17.0798</value>
        </Data>
        <Data name="long">
          <value>104.7559</value>
        </Data>
      </ExtendedData>
      <Point>
        <coordinates>
          104.7559,17.0798,0
        </coordinates>
      </Point>
    </Placemark>
    <Placemark>
      <name>md80-db-212-0304-352+786</name>
      <description><![CDATA[lat:  17.0795<br>long: 104.7558]]></description>
      <styleUrl>#icon-1899-0288D1</styleUrl>
      <ExtendedData>
        <Data name="lat">
          <value> 17.0795</value>
        </Data>
        <Data name="long">
          <value>104.7558</value>
        </Data>
      </ExtendedData>
      <Point>
        <coordinates>
          104.7558,17.0795,0
        </coordinates>
      </Point>
    </Placemark>
    <Placemark>
      <name>md81-db-212-0304-352+819</name>
      <description><![CDATA[lat:  17.0792<br>long: 104.7557]]></description>
      <styleUrl>#icon-1899-0288D1</styleUrl>
      <ExtendedData>
        <Data name="lat">
          <value> 17.0792</value>
        </Data>
        <Data name="long">
          <value>104.7557</value>
        </Data>
      </ExtendedData>
      <Point>
        <coordinates>
          104.7557,17.0792,0
        </coordinates>
      </Point>
    </Placemark>
    <Placemark>
      <name>md82-db-212-0304-352+852</name>
      <description><![CDATA[lat:  17.0789<br>long: 104.7555]]></description>
      <styleUrl>#icon-1899-0288D1</styleUrl>
      <ExtendedData>
        <Data name="lat">
          <value> 17.0789</value>
        </Data>
        <Data name="long">
          <value>104.7555</value>
        </Data>
      </ExtendedData>
      <Point>
        <coordinates>
          104.7555,17.0789,0
        </coordinates>
      </Point>
    </Placemark>
    <Placemark>
      <name>md83-db-212-0304-352+885</name>
      <description><![CDATA[lat:  17.0786<br>long: 104.7554]]></description>
      <styleUrl>#icon-1899-0288D1</styleUrl>
      <ExtendedData>
        <Data name="lat">
          <value> 17.0786</value>
        </Data>
        <Data name="long">
          <value>104.7554</value>
        </Data>
      </ExtendedData>
      <Point>
        <coordinates>
          104.7554,17.0786,0
        </coordinates>
      </Point>
    </Placemark>
    <Placemark>
      <name>md84-db-212-0304-353+625</name>
      <description><![CDATA[lat:  17.0782<br>long: 104.7552]]></description>
      <styleUrl>#icon-1899-0288D1</styleUrl>
      <ExtendedData>
        <Data name="lat">
          <value> 17.0782</value>
        </Data>
        <Data name="long">
          <value>104.7552</value>
        </Data>
      </ExtendedData>
      <Point>
        <coordinates>
          104.7552,17.0782,0
        </coordinates>
      </Point>
    </Placemark>
    <Placemark>
      <name>md85-db-212-0304-353+658</name>
      <description><![CDATA[lat:  17.0728<br>long: 104.7527]]></description>
      <styleUrl>#icon-1899-0288D1</styleUrl>
      <ExtendedData>
        <Data name="lat">
          <value> 17.0728</value>
        </Data>
        <Data name="long">
          <value>104.7527</value>
        </Data>
      </ExtendedData>
      <Point>
        <coordinates>
          104.7527,17.0728,0
        </coordinates>
      </Point>
    </Placemark>
    <Placemark>
      <name>md86-db-212-0304-353+691</name>
      <description><![CDATA[lat:  17.0725<br>long: 104.7526]]></description>
      <styleUrl>#icon-1899-0288D1</styleUrl>
      <ExtendedData>
        <Data name="lat">
          <value> 17.0725</value>
        </Data>
        <Data name="long">
          <value>104.7526</value>
        </Data>
      </ExtendedData>
      <Point>
        <coordinates>
          104.7526,17.0725,0
        </coordinates>
      </Point>
    </Placemark>
    <Placemark>
      <name>md87-db-212-0304-353+724</name>
      <description><![CDATA[lat:  17.0723<br>long: 104.7525]]></description>
      <styleUrl>#icon-1899-0288D1</styleUrl>
      <ExtendedData>
        <Data name="lat">
          <value> 17.0723</value>
        </Data>
        <Data name="long">
          <value>104.7525</value>
        </Data>
      </ExtendedData>
      <Point>
        <coordinates>
          104.7525,17.0723,0
        </coordinates>
      </Point>
    </Placemark>
    <Placemark>
      <name>md88-db-212-0304-353+757</name>
      <description><![CDATA[lat:  17.0720<br>long: 104.7524]]></description>
      <styleUrl>#icon-1899-0288D1</styleUrl>
      <ExtendedData>
        <Data name="lat">
          <value> 17.0720</value>
        </Data>
        <Data name="long">
          <value>104.7524</value>
        </Data>
      </ExtendedData>
      <Point>
        <coordinates>
          104.7524,17.072,0
        </coordinates>
      </Point>
    </Placemark>
    <Placemark>
      <name>md89-db-212-0304-353+790</name>
      <description><![CDATA[lat:  17.0717<br>long: 104.7522]]></description>
      <styleUrl>#icon-1899-0288D1</styleUrl>
      <ExtendedData>
        <Data name="lat">
          <value> 17.0717</value>
        </Data>
        <Data name="long">
          <value>104.7522</value>
        </Data>
      </ExtendedData>
      <Point>
        <coordinates>
          104.7522,17.0717,0
        </coordinates>
      </Point>
    </Placemark>
    <Placemark>
      <name>md90-db-212-0304-353+823</name>
      <description><![CDATA[lat:  17.0715<br>long: 104.7521]]></description>
      <styleUrl>#icon-1899-0288D1</styleUrl>
      <ExtendedData>
        <Data name="lat">
          <value> 17.0715</value>
        </Data>
        <Data name="long">
          <value>104.7521</value>
        </Data>
      </ExtendedData>
      <Point>
        <coordinates>
          104.7521,17.0715,0
        </coordinates>
      </Point>
    </Placemark>
    <Placemark>
      <name>md91-db-212-0304-353+856</name>
      <description><![CDATA[lat:  17.0712<br>long: 104.7520]]></description>
      <styleUrl>#icon-1899-0288D1</styleUrl>
      <ExtendedData>
        <Data name="lat">
          <value> 17.0712</value>
        </Data>
        <Data name="long">
          <value>104.7520</value>
        </Data>
      </ExtendedData>
      <Point>
        <coordinates>
          104.752,17.0712,0
        </coordinates>
      </Point>
    </Placemark>
    <Placemark>
      <name>md92-db-212-0304-353+889</name>
      <description><![CDATA[lat:  17.0709<br>long: 104.7519]]></description>
      <styleUrl>#icon-1899-0288D1</styleUrl>
      <ExtendedData>
        <Data name="lat">
          <value> 17.0709</value>
        </Data>
        <Data name="long">
          <value>104.7519</value>
        </Data>
      </ExtendedData>
      <Point>
        <coordinates>
          104.7519,17.0709,0
        </coordinates>
      </Point>
    </Placemark>
    <Placemark>
      <name>md93-db-212-0304-353+922</name>
      <description><![CDATA[lat:  17.0707<br>long: 104.7517]]></description>
      <styleUrl>#icon-1899-0288D1</styleUrl>
      <ExtendedData>
        <Data name="lat">
          <value> 17.0707</value>
        </Data>
        <Data name="long">
          <value>104.7517</value>
        </Data>
      </ExtendedData>
      <Point>
        <coordinates>
          104.7517,17.0707,0
        </coordinates>
      </Point>
    </Placemark>
    <Placemark>
      <name>md94-db-212-0304-353+955</name>
      <description><![CDATA[lat:  17.0704<br>long: 104.7516]]></description>
      <styleUrl>#icon-1899-0288D1</styleUrl>
      <ExtendedData>
        <Data name="lat">
          <value> 17.0704</value>
        </Data>
        <Data name="long">
          <value>104.7516</value>
        </Data>
      </ExtendedData>
      <Point>
        <coordinates>
          104.7516,17.0704,0
        </coordinates>
      </Point>
    </Placemark>
    <Placemark>
      <name>md95-db-212-0304-353+988</name>
      <description><![CDATA[lat:  17.0702<br>long: 104.7515]]></description>
      <styleUrl>#icon-1899-0288D1</styleUrl>
      <ExtendedData>
        <Data name="lat">
          <value> 17.0702</value>
        </Data>
        <Data name="long">
          <value>104.7515</value>
        </Data>
      </ExtendedData>
      <Point>
        <coordinates>
          104.7515,17.0702,0
        </coordinates>
      </Point>
    </Placemark>
    <Placemark>
      <name>md96-db-212-0304-354+021</name>
      <description><![CDATA[lat:  17.0699<br>long: 104.7514]]></description>
      <styleUrl>#icon-1899-0288D1</styleUrl>
      <ExtendedData>
        <Data name="lat">
          <value> 17.0699</value>
        </Data>
        <Data name="long">
          <value>104.7514</value>
        </Data>
      </ExtendedData>
      <Point>
        <coordinates>
          104.7514,17.0699,0
        </coordinates>
      </Point>
    </Placemark>
    <Placemark>
      <name>md97-db-212-0304-354+054</name>
      <description><![CDATA[lat:  17.0696<br>long: 104.7513]]></description>
      <styleUrl>#icon-1899-0288D1</styleUrl>
      <ExtendedData>
        <Data name="lat">
          <value> 17.0696</value>
        </Data>
        <Data name="long">
          <value>104.7513</value>
        </Data>
      </ExtendedData>
      <Point>
        <coordinates>
          104.7513,17.0696,0
        </coordinates>
      </Point>
    </Placemark>
    <Placemark>
      <name>md98-db-212-0304-354+087</name>
      <description><![CDATA[lat:  17.0694<br>long: 104.7511]]></description>
      <styleUrl>#icon-1899-0288D1</styleUrl>
      <ExtendedData>
        <Data name="lat">
          <value> 17.0694</value>
        </Data>
        <Data name="long">
          <value>104.7511</value>
        </Data>
      </ExtendedData>
      <Point>
        <coordinates>
          104.7511,17.0694,0
        </coordinates>
      </Point>
    </Placemark>
    <Placemark>
      <name>md99-db-212-0304-354+120</name>
      <description><![CDATA[lat:  17.0691<br>long: 104.7510]]></description>
      <styleUrl>#icon-1899-0288D1</styleUrl>
      <ExtendedData>
        <Data name="lat">
          <value> 17.0691</value>
        </Data>
        <Data name="long">
          <value>104.7510</value>
        </Data>
      </ExtendedData>
      <Point>
        <coordinates>
          104.751,17.0691,0
        </coordinates>
      </Point>
    </Placemark>
    <Placemark>
      <name>md100-db-212-0304-354+153</name>
      <description><![CDATA[lat:  17.0688<br>long: 104.7509]]></description>
      <styleUrl>#icon-1899-0288D1</styleUrl>
      <ExtendedData>
        <Data name="lat">
          <value> 17.0688</value>
        </Data>
        <Data name="long">
          <value>104.7509</value>
        </Data>
      </ExtendedData>
      <Point>
        <coordinates>
          104.7509,17.0688,0
        </coordinates>
      </Point>
    </Placemark>
    <Placemark>
      <name>md101-db-212-0304-354+186</name>
      <description><![CDATA[lat:  17.0685<br>long: 104.7507]]></description>
      <styleUrl>#icon-1899-0288D1</styleUrl>
      <ExtendedData>
        <Data name="lat">
          <value> 17.0685</value>
        </Data>
        <Data name="long">
          <value>104.7507</value>
        </Data>
      </ExtendedData>
      <Point>
        <coordinates>
          104.7507,17.0685,0
        </coordinates>
      </Point>
    </Placemark>
    <Placemark>
      <name>md102-db-212-0304-354+219</name>
      <description><![CDATA[lat:  17.0682<br>long: 104.7506]]></description>
      <styleUrl>#icon-1899-0288D1</styleUrl>
      <ExtendedData>
        <Data name="lat">
          <value> 17.0682</value>
        </Data>
        <Data name="long">
          <value>104.7506</value>
        </Data>
      </ExtendedData>
      <Point>
        <coordinates>
          104.7506,17.0682,0
        </coordinates>
      </Point>
    </Placemark>
    <Placemark>
      <name>md103-db-212-0304-354+252</name>
      <description><![CDATA[lat:  17.0679<br>long: 104.7505]]></description>
      <styleUrl>#icon-1899-0288D1</styleUrl>
      <ExtendedData>
        <Data name="lat">
          <value> 17.0679</value>
        </Data>
        <Data name="long">
          <value>104.7505</value>
        </Data>
      </ExtendedData>
      <Point>
        <coordinates>
          104.7505,17.0679,0
        </coordinates>
      </Point>
    </Placemark>
    <Placemark>
      <name>md104-db-212-0304-354+285</name>
      <description><![CDATA[lat:  17.0676<br>long: 104.7503]]></description>
      <styleUrl>#icon-1899-0288D1</styleUrl>
      <ExtendedData>
        <Data name="lat">
          <value> 17.0676</value>
        </Data>
        <Data name="long">
          <value>104.7503</value>
        </Data>
      </ExtendedData>
      <Point>
        <coordinates>
          104.7503,17.0676,0
        </coordinates>
      </Point>
    </Placemark>
    <Placemark>
      <name>md105-db-212-0304-354+318</name>
      <description><![CDATA[lat:  17.0673<br>long: 104.7502]]></description>
      <styleUrl>#icon-1899-0288D1</styleUrl>
      <ExtendedData>
        <Data name="lat">
          <value> 17.0673</value>
        </Data>
        <Data name="long">
          <value>104.7502</value>
        </Data>
      </ExtendedData>
      <Point>
        <coordinates>
          104.7502,17.0673,0
        </coordinates>
      </Point>
    </Placemark>
    <Placemark>
      <name>md106-db-212-0304-354+351</name>
      <description><![CDATA[lat:  17.0670<br>long: 104.7501]]></description>
      <styleUrl>#icon-1899-0288D1</styleUrl>
      <ExtendedData>
        <Data name="lat">
          <value> 17.0670</value>
        </Data>
        <Data name="long">
          <value>104.7501</value>
        </Data>
      </ExtendedData>
      <Point>
        <coordinates>
          104.7501,17.067,0
        </coordinates>
      </Point>
    </Placemark>
    <Placemark>
      <name>md107-db-212-0304-354+384</name>
      <description><![CDATA[lat:  17.0667<br>long: 104.7499]]></description>
      <styleUrl>#icon-1899-0288D1</styleUrl>
      <ExtendedData>
        <Data name="lat">
          <value> 17.0667</value>
        </Data>
        <Data name="long">
          <value>104.7499</value>
        </Data>
      </ExtendedData>
      <Point>
        <coordinates>
          104.7499,17.0667,0
        </coordinates>
      </Point>
    </Placemark>
    <Placemark>
      <name>md108-db-212-0304-354+417</name>
      <description><![CDATA[lat:  17.0664<br>long: 104.7498]]></description>
      <styleUrl>#icon-1899-0288D1</styleUrl>
      <ExtendedData>
        <Data name="lat">
          <value> 17.0664</value>
        </Data>
        <Data name="long">
          <value>104.7498</value>
        </Data>
      </ExtendedData>
      <Point>
        <coordinates>
          104.7498,17.0664,0
        </coordinates>
      </Point>
    </Placemark>
    <Placemark>
      <name>lt35-db-212-0304-354+487</name>
      <description><![CDATA[lat:  17.0662<br>long: 104.7497]]></description>
      <styleUrl>#icon-1899-0288D1</styleUrl>
      <ExtendedData>
        <Data name="lat">
          <value> 17.0662</value>
        </Data>
        <Data name="long">
          <value>104.7497</value>
        </Data>
      </ExtendedData>
      <Point>
        <coordinates>
          104.7497,17.0662,0
        </coordinates>
      </Point>
    </Placemark>
    <Placemark>
      <name>lt36-db-212-0304-354+543</name>
      <description><![CDATA[lat:  17.0656<br>long: 104.7495]]></description>
      <styleUrl>#icon-1899-0288D1</styleUrl>
      <ExtendedData>
        <Data name="lat">
          <value> 17.0656</value>
        </Data>
        <Data name="long">
          <value>104.7495</value>
        </Data>
      </ExtendedData>
      <Point>
        <coordinates>
          104.7495,17.0656,0
        </coordinates>
      </Point>
    </Placemark>
    <Placemark>
      <name>lt37-db-212-0304-354+599</name>
      <description><![CDATA[lat:  17.0652<br>long: 104.7493]]></description>
      <styleUrl>#icon-1899-0288D1</styleUrl>
      <ExtendedData>
        <Data name="lat">
          <value> 17.0652</value>
        </Data>
        <Data name="long">
          <value>104.7493</value>
        </Data>
      </ExtendedData>
      <Point>
        <coordinates>
          104.7493,17.0652,0
        </coordinates>
      </Point>
    </Placemark>
    <Placemark>
      <name>lt38-db-212-0304-354+655</name>
      <description><![CDATA[lat:  17.0647<br>long: 104.7490]]></description>
      <styleUrl>#icon-1899-0288D1</styleUrl>
      <ExtendedData>
        <Data name="lat">
          <value> 17.0647</value>
        </Data>
        <Data name="long">
          <value>104.7490</value>
        </Data>
      </ExtendedData>
      <Point>
        <coordinates>
          104.749,17.0647,0
        </coordinates>
      </Point>
    </Placemark>
    <Placemark>
      <name>lt39-db-212-0304-354+711</name>
      <description><![CDATA[lat: 7.064188<br>long: 104.7488]]></description>
      <styleUrl>#icon-1899-0288D1</styleUrl>
      <ExtendedData>
        <Data name="lat">
          <value>7.064188</value>
        </Data>
        <Data name="long">
          <value>104.7488</value>
        </Data>
      </ExtendedData>
      <Point>
        <coordinates>
          104.7488,7.064188,0
        </coordinates>
      </Point>
    </Placemark>
    <Placemark>
      <name>lt40-db-212-0304-354+767</name>
      <description><![CDATA[lat:  17.0636<br>long: 104.7485]]></description>
      <styleUrl>#icon-1899-0288D1</styleUrl>
      <ExtendedData>
        <Data name="lat">
          <value> 17.0636</value>
        </Data>
        <Data name="long">
          <value>104.7485</value>
        </Data>
      </ExtendedData>
      <Point>
        <coordinates>
          104.7485,17.0636,0
        </coordinates>
      </Point>
    </Placemark>
    <Placemark>
      <name>lt41-db-212-0304-354+823</name>
      <description><![CDATA[lat:  17.0631<br>long: 104.7482]]></description>
      <styleUrl>#icon-1899-0288D1</styleUrl>
      <ExtendedData>
        <Data name="lat">
          <value> 17.0631</value>
        </Data>
        <Data name="long">
          <value>104.7482</value>
        </Data>
      </ExtendedData>
      <Point>
        <coordinates>
          104.7482,17.0631,0
        </coordinates>
      </Point>
    </Placemark>
    <Placemark>
      <name>lt42-db-212-0304-354+879</name>
      <description><![CDATA[lat: 17.0625<br>long: 104.748 ]]></description>
      <styleUrl>#icon-1899-0288D1</styleUrl>
      <ExtendedData>
        <Data name="lat">
          <value>17.0625</value>
        </Data>
        <Data name="long">
          <value>104.748 </value>
        </Data>
      </ExtendedData>
      <Point>
        <coordinates>
          104.748,17.0625,0
        </coordinates>
      </Point>
    </Placemark>
    <Placemark>
      <name>rt35-db-212-0304-354+462</name>
      <description><![CDATA[lat:  17.0621<br>long: 104.7477]]></description>
      <styleUrl>#icon-1899-0288D1</styleUrl>
      <ExtendedData>
        <Data name="lat">
          <value> 17.0621</value>
        </Data>
        <Data name="long">
          <value>104.7477</value>
        </Data>
      </ExtendedData>
      <Point>
        <coordinates>
          104.7477,17.0621,0
        </coordinates>
      </Point>
    </Placemark>
    <Placemark>
      <name>rt36-db-212-0304-354+479</name>
      <description><![CDATA[lat:  17.0660<br>long: 104.7494]]></description>
      <styleUrl>#icon-1899-0288D1</styleUrl>
      <ExtendedData>
        <Data name="lat">
          <value> 17.0660</value>
        </Data>
        <Data name="long">
          <value>104.7494</value>
        </Data>
      </ExtendedData>
      <Point>
        <coordinates>
          104.7494,17.066,0
        </coordinates>
      </Point>
    </Placemark>
    <Placemark>
      <name>rt37-db-212-0304-354+496</name>
      <description><![CDATA[lat:  17.0655<br>long: 104.7492]]></description>
      <styleUrl>#icon-1899-0288D1</styleUrl>
      <ExtendedData>
        <Data name="lat">
          <value> 17.0655</value>
        </Data>
        <Data name="long">
          <value>104.7492</value>
        </Data>
      </ExtendedData>
      <Point>
        <coordinates>
          104.7492,17.0655,0
        </coordinates>
      </Point>
    </Placemark>
    <Placemark>
      <name>rt38-db-212-0304-354+513</name>
      <description><![CDATA[lat:  17.0650<br>long: 104.7489]]></description>
      <styleUrl>#icon-1899-0288D1</styleUrl>
      <ExtendedData>
        <Data name="lat">
          <value> 17.0650</value>
        </Data>
        <Data name="long">
          <value>104.7489</value>
        </Data>
      </ExtendedData>
      <Point>
        <coordinates>
          104.7489,17.065,0
        </coordinates>
      </Point>
    </Placemark>
    <Placemark>
      <name>rt39-db-212-0304-354+530</name>
      <description><![CDATA[lat:  17.0644<br>long: 104.7487]]></description>
      <styleUrl>#icon-1899-0288D1</styleUrl>
      <ExtendedData>
        <Data name="lat">
          <value> 17.0644</value>
        </Data>
        <Data name="long">
          <value>104.7487</value>
        </Data>
      </ExtendedData>
      <Point>
        <coordinates>
          104.7487,17.0644,0
        </coordinates>
      </Point>
    </Placemark>
    <Placemark>
      <name>rt40-db-212-0304-354+547</name>
      <description><![CDATA[lat:  17.0639<br>long: 104.7484]]></description>
      <styleUrl>#icon-1899-0288D1</styleUrl>
      <ExtendedData>
        <Data name="lat">
          <value> 17.0639</value>
        </Data>
        <Data name="long">
          <value>104.7484</value>
        </Data>
      </ExtendedData>
      <Point>
        <coordinates>
          104.7484,17.0639,0
        </coordinates>
      </Point>
    </Placemark>
    <Placemark>
      <name>rt41-db-212-0304-354+564</name>
      <description><![CDATA[lat:  17.0634<br>long: 104.7482]]></description>
      <styleUrl>#icon-1899-0288D1</styleUrl>
      <ExtendedData>
        <Data name="lat">
          <value> 17.0634</value>
        </Data>
        <Data name="long">
          <value>104.7482</value>
        </Data>
      </ExtendedData>
      <Point>
        <coordinates>
          104.7482,17.0634,0
        </coordinates>
      </Point>
    </Placemark>
    <Placemark>
      <name>rt42-db-212-0304-354+581</name>
      <description><![CDATA[lat:  17.0629<br>long: 104.7479]]></description>
      <styleUrl>#icon-1899-0288D1</styleUrl>
      <ExtendedData>
        <Data name="lat">
          <value> 17.0629</value>
        </Data>
        <Data name="long">
          <value>104.7479</value>
        </Data>
      </ExtendedData>
      <Point>
        <coordinates>
          104.7479,17.0629,0
        </coordinates>
      </Point>
    </Placemark>
    <Placemark>
      <name>rt43-db-212-0304-354+598</name>
      <description><![CDATA[lat:  17.0623<br>long: 104.7476]]></description>
      <styleUrl>#icon-1899-0288D1</styleUrl>
      <ExtendedData>
        <Data name="lat">
          <value> 17.0623</value>
        </Data>
        <Data name="long">
          <value>104.7476</value>
        </Data>
      </ExtendedData>
      <Point>
        <coordinates>
          104.7476,17.0623,0
        </coordinates>
      </Point>
    </Placemark>
    <Placemark>
      <name>rt44-db-212-0304-354+615</name>
      <description><![CDATA[lat:  17.0619<br>long: 104.7474]]></description>
      <styleUrl>#icon-1899-0288D1</styleUrl>
      <ExtendedData>
        <Data name="lat">
          <value> 17.0619</value>
        </Data>
        <Data name="long">
          <value>104.7474</value>
        </Data>
      </ExtendedData>
      <Point>
        <coordinates>
          104.7474,17.0619,0
        </coordinates>
      </Point>
    </Placemark>
    <Placemark>
      <name>rt45-db-212-0304-354+632</name>
      <description><![CDATA[lat:  17.0613<br>long: 104.7471]]></description>
      <styleUrl>#icon-1899-0288D1</styleUrl>
      <ExtendedData>
        <Data name="lat">
          <value> 17.0613</value>
        </Data>
        <Data name="long">
          <value>104.7471</value>
        </Data>
      </ExtendedData>
      <Point>
        <coordinates>
          104.7471,17.0613,0
        </coordinates>
      </Point>
    </Placemark>
    <Placemark>
      <name>rt46-db-212-0304-354+649</name>
      <description><![CDATA[lat:  17.0608<br>long: 104.7469]]></description>
      <styleUrl>#icon-1899-0288D1</styleUrl>
      <ExtendedData>
        <Data name="lat">
          <value> 17.0608</value>
        </Data>
        <Data name="long">
          <value>104.7469</value>
        </Data>
      </ExtendedData>
      <Point>
        <coordinates>
          104.7469,17.0608,0
        </coordinates>
      </Point>
    </Placemark>
    <Placemark>
      <name>rt47-db-212-0304-354+666</name>
      <description><![CDATA[lat:  17.0602<br>long: 104.7467]]></description>
      <styleUrl>#icon-1899-0288D1</styleUrl>
      <ExtendedData>
        <Data name="lat">
          <value> 17.0602</value>
        </Data>
        <Data name="long">
          <value>104.7467</value>
        </Data>
      </ExtendedData>
      <Point>
        <coordinates>
          104.7467,17.0602,0
        </coordinates>
      </Point>
    </Placemark>
    <Placemark>
      <name>rt48-db-212-0304-354+683</name>
      <description><![CDATA[lat:  17.0595<br>long: 104.7463]]></description>
      <styleUrl>#icon-1899-0288D1</styleUrl>
      <ExtendedData>
        <Data name="lat">
          <value> 17.0595</value>
        </Data>
        <Data name="long">
          <value>104.7463</value>
        </Data>
      </ExtendedData>
      <Point>
        <coordinates>
          104.7463,17.0595,0
        </coordinates>
      </Point>
    </Placemark>
    <Placemark>
      <name>rt49-db-212-0304-354+700</name>
      <description><![CDATA[lat:  17.0589<br>long: 104.7461]]></description>
      <styleUrl>#icon-1899-0288D1</styleUrl>
      <ExtendedData>
        <Data name="lat">
          <value> 17.0589</value>
        </Data>
        <Data name="long">
          <value>104.7461</value>
        </Data>
      </ExtendedData>
      <Point>
        <coordinates>
          104.7461,17.0589,0
        </coordinates>
      </Point>
    </Placemark>
    <Placemark>
      <name>rt50-db-212-0304-354+717</name>
      <description><![CDATA[lat:  17.0584<br>long: 104.7459]]></description>
      <styleUrl>#icon-1899-0288D1</styleUrl>
      <ExtendedData>
        <Data name="lat">
          <value> 17.0584</value>
        </Data>
        <Data name="long">
          <value>104.7459</value>
        </Data>
      </ExtendedData>
      <Point>
        <coordinates>
          104.7459,17.0584,0
        </coordinates>
      </Point>
    </Placemark>
    <Placemark>
      <name>rt51-db-212-0304-354+734</name>
      <description><![CDATA[lat:  17.0578<br>long: 104.7456]]></description>
      <styleUrl>#icon-1899-0288D1</styleUrl>
      <ExtendedData>
        <Data name="lat">
          <value> 17.0578</value>
        </Data>
        <Data name="long">
          <value>104.7456</value>
        </Data>
      </ExtendedData>
      <Point>
        <coordinates>
          104.7456,17.0578,0
        </coordinates>
      </Point>
    </Placemark>
    <Placemark>
      <name>md109-db-212-0304-354+964</name>
      <description><![CDATA[lat:  17.0573<br>long: 104.7454]]></description>
      <styleUrl>#icon-1899-0288D1</styleUrl>
      <ExtendedData>
        <Data name="lat">
          <value> 17.0573</value>
        </Data>
        <Data name="long">
          <value>104.7454</value>
        </Data>
      </ExtendedData>
      <Point>
        <coordinates>
          104.7454,17.0573,0
        </coordinates>
      </Point>
    </Placemark>
    <Placemark>
      <name>md110-db-212-0304-355+009</name>
      <description><![CDATA[lat:  17.0553<br>long: 104.7449]]></description>
      <styleUrl>#icon-1899-0288D1</styleUrl>
      <ExtendedData>
        <Data name="lat">
          <value> 17.0553</value>
        </Data>
        <Data name="long">
          <value>104.7449</value>
        </Data>
      </ExtendedData>
      <Point>
        <coordinates>
          104.7449,17.0553,0
        </coordinates>
      </Point>
    </Placemark>
    <Placemark>
      <name>md111-db-212-0304-355+054</name>
      <description><![CDATA[lat: 17.0547<br>long: 104.7447]]></description>
      <styleUrl>#icon-1899-0288D1</styleUrl>
      <ExtendedData>
        <Data name="lat">
          <value>17.0547</value>
        </Data>
        <Data name="long">
          <value>104.7447</value>
        </Data>
      </ExtendedData>
      <Point>
        <coordinates>
          104.7447,17.0547,0
        </coordinates>
      </Point>
    </Placemark>
    <Placemark>
      <name>md112-db-212-0304-355+099</name>
      <description><![CDATA[lat:  17.0544<br>long: 104.7446]]></description>
      <styleUrl>#icon-1899-0288D1</styleUrl>
      <ExtendedData>
        <Data name="lat">
          <value> 17.0544</value>
        </Data>
        <Data name="long">
          <value>104.7446</value>
        </Data>
      </ExtendedData>
      <Point>
        <coordinates>
          104.7446,17.0544,0
        </coordinates>
      </Point>
    </Placemark>
    <Placemark>
      <name>md113-db-212-0304-355+144</name>
      <description><![CDATA[lat:  17.0541<br>long: 104.7444]]></description>
      <styleUrl>#icon-1899-0288D1</styleUrl>
      <ExtendedData>
        <Data name="lat">
          <value> 17.0541</value>
        </Data>
        <Data name="long">
          <value>104.7444</value>
        </Data>
      </ExtendedData>
      <Point>
        <coordinates>
          104.7444,17.0541,0
        </coordinates>
      </Point>
    </Placemark>
    <Placemark>
      <name>md114-db-212-0304-355+189</name>
      <description><![CDATA[lat:  17.0538<br>long: 104.7443]]></description>
      <styleUrl>#icon-1899-0288D1</styleUrl>
      <ExtendedData>
        <Data name="lat">
          <value> 17.0538</value>
        </Data>
        <Data name="long">
          <value>104.7443</value>
        </Data>
      </ExtendedData>
      <Point>
        <coordinates>
          104.7443,17.0538,0
        </coordinates>
      </Point>
    </Placemark>
    <Placemark>
      <name>md115-db-212-0304-355+234</name>
      <description><![CDATA[lat:  17.0532<br>long: 104.7440]]></description>
      <styleUrl>#icon-1899-0288D1</styleUrl>
      <ExtendedData>
        <Data name="lat">
          <value> 17.0532</value>
        </Data>
        <Data name="long">
          <value>104.7440</value>
        </Data>
      </ExtendedData>
      <Point>
        <coordinates>
          104.744,17.0532,0
        </coordinates>
      </Point>
    </Placemark>
    <Placemark>
      <name>md116-db-212-0304-355+279</name>
      <description><![CDATA[lat:  17.053 <br>long: 104.7439]]></description>
      <styleUrl>#icon-1899-0288D1</styleUrl>
      <ExtendedData>
        <Data name="lat">
          <value> 17.053 </value>
        </Data>
        <Data name="long">
          <value>104.7439</value>
        </Data>
      </ExtendedData>
      <Point>
        <coordinates>
          104.7439,17.053,0
        </coordinates>
      </Point>
    </Placemark>
    <Placemark>
      <name>md117-db-212-0304-359+380</name>
      <description><![CDATA[lat:  17.0527<br>long: 104.7437]]></description>
      <styleUrl>#icon-1899-0288D1</styleUrl>
      <ExtendedData>
        <Data name="lat">
          <value> 17.0527</value>
        </Data>
        <Data name="long">
          <value>104.7437</value>
        </Data>
      </ExtendedData>
      <Point>
        <coordinates>
          104.7437,17.0527,0
        </coordinates>
      </Point>
    </Placemark>
    <Placemark>
      <name>md118-db-212-0304-359+413</name>
      <description><![CDATA[lat:  17.0251<br>long: 104.7314]]></description>
      <styleUrl>#icon-1899-0288D1</styleUrl>
      <ExtendedData>
        <Data name="lat">
          <value> 17.0251</value>
        </Data>
        <Data name="long">
          <value>104.7314</value>
        </Data>
      </ExtendedData>
      <Point>
        <coordinates>
          104.7314,17.0251,0
        </coordinates>
      </Point>
    </Placemark>
    <Placemark>
      <name>md119-db-212-0304-359+446</name>
      <description><![CDATA[lat:  17.0249<br>long: 104.7313]]></description>
      <styleUrl>#icon-1899-0288D1</styleUrl>
      <ExtendedData>
        <Data name="lat">
          <value> 17.0249</value>
        </Data>
        <Data name="long">
          <value>104.7313</value>
        </Data>
      </ExtendedData>
      <Point>
        <coordinates>
          104.7313,17.0249,0
        </coordinates>
      </Point>
    </Placemark>
    <Placemark>
      <name>md120-db-212-0304-359+479</name>
      <description><![CDATA[lat:  17.0246<br>long: 104.7312]]></description>
      <styleUrl>#icon-1899-0288D1</styleUrl>
      <ExtendedData>
        <Data name="lat">
          <value> 17.0246</value>
        </Data>
        <Data name="long">
          <value>104.7312</value>
        </Data>
      </ExtendedData>
      <Point>
        <coordinates>
          104.7312,17.0246,0
        </coordinates>
      </Point>
    </Placemark>
    <Placemark>
      <name>md124-db-212-0304-359+512</name>
      <description><![CDATA[lat:  17.0244<br>long: 104.7311]]></description>
      <styleUrl>#icon-1899-0288D1</styleUrl>
      <ExtendedData>
        <Data name="lat">
          <value> 17.0244</value>
        </Data>
        <Data name="long">
          <value>104.7311</value>
        </Data>
      </ExtendedData>
      <Point>
        <coordinates>
          104.7311,17.0244,0
        </coordinates>
      </Point>
    </Placemark>
    <Placemark>
      <name>md121-db-212-0304-359+545</name>
      <description><![CDATA[lat:  17.0233<br>long: 104.7307]]></description>
      <styleUrl>#icon-1899-0288D1</styleUrl>
      <ExtendedData>
        <Data name="lat">
          <value> 17.0233</value>
        </Data>
        <Data name="long">
          <value>104.7307</value>
        </Data>
      </ExtendedData>
      <Point>
        <coordinates>
          104.7307,17.0233,0
        </coordinates>
      </Point>
    </Placemark>
    <Placemark>
      <name>md122-db-212-0304-359+578</name>
      <description><![CDATA[lat:  17.0240<br>long: 104.7310]]></description>
      <styleUrl>#icon-1899-0288D1</styleUrl>
      <ExtendedData>
        <Data name="lat">
          <value> 17.0240</value>
        </Data>
        <Data name="long">
          <value>104.7310</value>
        </Data>
      </ExtendedData>
      <Point>
        <coordinates>
          104.731,17.024,0
        </coordinates>
      </Point>
    </Placemark>
    <Placemark>
      <name>md123-db-212-0304-359+611</name>
      <description><![CDATA[lat:  17.0238<br>long: 104.7309]]></description>
      <styleUrl>#icon-1899-0288D1</styleUrl>
      <ExtendedData>
        <Data name="lat">
          <value> 17.0238</value>
        </Data>
        <Data name="long">
          <value>104.7309</value>
        </Data>
      </ExtendedData>
      <Point>
        <coordinates>
          104.7309,17.0238,0
        </coordinates>
      </Point>
    </Placemark>
    <Placemark>
      <name>md125-db-212-0304-359+644</name>
      <description><![CDATA[lat:  17.0235<br>long: 104.7308]]></description>
      <styleUrl>#icon-1899-0288D1</styleUrl>
      <ExtendedData>
        <Data name="lat">
          <value> 17.0235</value>
        </Data>
        <Data name="long">
          <value>104.7308</value>
        </Data>
      </ExtendedData>
      <Point>
        <coordinates>
          104.7308,17.0235,0
        </coordinates>
      </Point>
    </Placemark>
    <Placemark>
      <name>md126-db-212-0304-359+677</name>
      <description><![CDATA[lat:  17.0229<br>long: 104.7306]]></description>
      <styleUrl>#icon-1899-0288D1</styleUrl>
      <ExtendedData>
        <Data name="lat">
          <value> 17.0229</value>
        </Data>
        <Data name="long">
          <value>104.7306</value>
        </Data>
      </ExtendedData>
      <Point>
        <coordinates>
          104.7306,17.0229,0
        </coordinates>
      </Point>
    </Placemark>
    <Placemark>
      <name>md127-db-212-0304-359+710</name>
      <description><![CDATA[lat:  17.0226<br>long: 104.7304]]></description>
      <styleUrl>#icon-1899-0288D1</styleUrl>
      <ExtendedData>
        <Data name="lat">
          <value> 17.0226</value>
        </Data>
        <Data name="long">
          <value>104.7304</value>
        </Data>
      </ExtendedData>
      <Point>
        <coordinates>
          104.7304,17.0226,0
        </coordinates>
      </Point>
    </Placemark>
    <Placemark>
      <name>md128-db-212-0304-359+743</name>
      <description><![CDATA[lat:  17.0223<br>long: 104.7303]]></description>
      <styleUrl>#icon-1899-0288D1</styleUrl>
      <ExtendedData>
        <Data name="lat">
          <value> 17.0223</value>
        </Data>
        <Data name="long">
          <value>104.7303</value>
        </Data>
      </ExtendedData>
      <Point>
        <coordinates>
          104.7303,17.0223,0
        </coordinates>
      </Point>
    </Placemark>
    <Placemark>
      <name>md129-db-212-0304-359+776</name>
      <description><![CDATA[lat:  17.0220<br>long: 104.7302]]></description>
      <styleUrl>#icon-1899-0288D1</styleUrl>
      <ExtendedData>
        <Data name="lat">
          <value> 17.0220</value>
        </Data>
        <Data name="long">
          <value>104.7302</value>
        </Data>
      </ExtendedData>
      <Point>
        <coordinates>
          104.7302,17.022,0
        </coordinates>
      </Point>
    </Placemark>
    <Placemark>
      <name>md130-db-212-0304-359+809</name>
      <description><![CDATA[lat:  17.0217<br>long: 104.7301]]></description>
      <styleUrl>#icon-1899-0288D1</styleUrl>
      <ExtendedData>
        <Data name="lat">
          <value> 17.0217</value>
        </Data>
        <Data name="long">
          <value>104.7301</value>
        </Data>
      </ExtendedData>
      <Point>
        <coordinates>
          104.7301,17.0217,0
        </coordinates>
      </Point>
    </Placemark>
    <Placemark>
      <name>md131-db-212-0304-359+842</name>
      <description><![CDATA[lat:  17.0215<br>long: 104.7300]]></description>
      <styleUrl>#icon-1899-0288D1</styleUrl>
      <ExtendedData>
        <Data name="lat">
          <value> 17.0215</value>
        </Data>
        <Data name="long">
          <value>104.7300</value>
        </Data>
      </ExtendedData>
      <Point>
        <coordinates>
          104.73,17.0215,0
        </coordinates>
      </Point>
    </Placemark>
    <Placemark>
      <name>md132-db-212-0304-359+875</name>
      <description><![CDATA[lat:  17.0212<br>long: 104.7298]]></description>
      <styleUrl>#icon-1899-0288D1</styleUrl>
      <ExtendedData>
        <Data name="lat">
          <value> 17.0212</value>
        </Data>
        <Data name="long">
          <value>104.7298</value>
        </Data>
      </ExtendedData>
      <Point>
        <coordinates>
          104.7298,17.0212,0
        </coordinates>
      </Point>
    </Placemark>
    <Placemark>
      <name>md133-db-212-0304-359+908</name>
      <description><![CDATA[lat:  17.0209<br>long: 104.7297]]></description>
      <styleUrl>#icon-1899-0288D1</styleUrl>
      <ExtendedData>
        <Data name="lat">
          <value> 17.0209</value>
        </Data>
        <Data name="long">
          <value>104.7297</value>
        </Data>
      </ExtendedData>
      <Point>
        <coordinates>
          104.7297,17.0209,0
        </coordinates>
      </Point>
    </Placemark>
    <Placemark>
      <name>md134-db-212-0304-359+941</name>
      <description><![CDATA[lat:  17.0206<br>long: 104.7296]]></description>
      <styleUrl>#icon-1899-0288D1</styleUrl>
      <ExtendedData>
        <Data name="lat">
          <value> 17.0206</value>
        </Data>
        <Data name="long">
          <value>104.7296</value>
        </Data>
      </ExtendedData>
      <Point>
        <coordinates>
          104.7296,17.0206,0
        </coordinates>
      </Point>
    </Placemark>
    <Placemark>
      <name>md135-db-212-0304-359+974</name>
      <description><![CDATA[lat:  17.0203<br>long: 104.7295]]></description>
      <styleUrl>#icon-1899-0288D1</styleUrl>
      <ExtendedData>
        <Data name="lat">
          <value> 17.0203</value>
        </Data>
        <Data name="long">
          <value>104.7295</value>
        </Data>
      </ExtendedData>
      <Point>
        <coordinates>
          104.7295,17.0203,0
        </coordinates>
      </Point>
    </Placemark>
    <Placemark>
      <name>md136-db-212-0304-360+007</name>
      <description><![CDATA[lat:  17.0200<br>long: 104.7295]]></description>
      <styleUrl>#icon-1899-0288D1</styleUrl>
      <ExtendedData>
        <Data name="lat">
          <value> 17.0200</value>
        </Data>
        <Data name="long">
          <value>104.7295</value>
        </Data>
      </ExtendedData>
      <Point>
        <coordinates>
          104.7295,17.02,0
        </coordinates>
      </Point>
    </Placemark>
    <Placemark>
      <name>md137-db-212-0304-360+040</name>
      <description><![CDATA[lat:  17.0197<br>long: 104.7294]]></description>
      <styleUrl>#icon-1899-0288D1</styleUrl>
      <ExtendedData>
        <Data name="lat">
          <value> 17.0197</value>
        </Data>
        <Data name="long">
          <value>104.7294</value>
        </Data>
      </ExtendedData>
      <Point>
        <coordinates>
          104.7294,17.0197,0
        </coordinates>
      </Point>
    </Placemark>
    <Placemark>
      <name>md138-db-212-0304-360+073</name>
      <description><![CDATA[lat:  17.0192<br>long: 104.7293]]></description>
      <styleUrl>#icon-1899-0288D1</styleUrl>
      <ExtendedData>
        <Data name="lat">
          <value> 17.0192</value>
        </Data>
        <Data name="long">
          <value>104.7293</value>
        </Data>
      </ExtendedData>
      <Point>
        <coordinates>
          104.7293,17.0192,0
        </coordinates>
      </Point>
    </Placemark>
    <Placemark>
      <name>md139-db-212-0304-360+106</name>
      <description><![CDATA[lat:  17.0189<br>long: 104.7293]]></description>
      <styleUrl>#icon-1899-0288D1</styleUrl>
      <ExtendedData>
        <Data name="lat">
          <value> 17.0189</value>
        </Data>
        <Data name="long">
          <value>104.7293</value>
        </Data>
      </ExtendedData>
      <Point>
        <coordinates>
          104.7293,17.0189,0
        </coordinates>
      </Point>
    </Placemark>
    <Placemark>
      <name>md140-db-212-0304-360+139</name>
      <description><![CDATA[lat:  17.0186<br>long: 104.7292]]></description>
      <styleUrl>#icon-1899-0288D1</styleUrl>
      <ExtendedData>
        <Data name="lat">
          <value> 17.0186</value>
        </Data>
        <Data name="long">
          <value>104.7292</value>
        </Data>
      </ExtendedData>
      <Point>
        <coordinates>
          104.7292,17.0186,0
        </coordinates>
      </Point>
    </Placemark>
    <Placemark>
      <name>md141-db-212-0304-360+172</name>
      <description><![CDATA[lat:  17.0182<br>long: 104.7292]]></description>
      <styleUrl>#icon-1899-0288D1</styleUrl>
      <ExtendedData>
        <Data name="lat">
          <value> 17.0182</value>
        </Data>
        <Data name="long">
          <value>104.7292</value>
        </Data>
      </ExtendedData>
      <Point>
        <coordinates>
          104.7292,17.0182,0
        </coordinates>
      </Point>
    </Placemark>
    <Placemark>
      <name>md142-db-212-0304-360+229</name>
      <description><![CDATA[lat:  17.0179<br>long: 104.7291]]></description>
      <styleUrl>#icon-1899-0288D1</styleUrl>
      <ExtendedData>
        <Data name="lat">
          <value> 17.0179</value>
        </Data>
        <Data name="long">
          <value>104.7291</value>
        </Data>
      </ExtendedData>
      <Point>
        <coordinates>
          104.7291,17.0179,0
        </coordinates>
      </Point>
    </Placemark>
    <Placemark>
      <name>md143-db-212-0304-360+259</name>
      <description><![CDATA[lat:  17.0174<br>long: 104.7289]]></description>
      <styleUrl>#icon-1899-0288D1</styleUrl>
      <ExtendedData>
        <Data name="lat">
          <value> 17.0174</value>
        </Data>
        <Data name="long">
          <value>104.7289</value>
        </Data>
      </ExtendedData>
      <Point>
        <coordinates>
          104.7289,17.0174,0
        </coordinates>
      </Point>
    </Placemark>
    <Placemark>
      <name>md144-db-212-0304-360+289</name>
      <description><![CDATA[lat:  17.0174<br>long: 104.7287]]></description>
      <styleUrl>#icon-1899-0288D1</styleUrl>
      <ExtendedData>
        <Data name="lat">
          <value> 17.0174</value>
        </Data>
        <Data name="long">
          <value>104.7287</value>
        </Data>
      </ExtendedData>
      <Point>
        <coordinates>
          104.7287,17.0174,0
        </coordinates>
      </Point>
    </Placemark>
    <Placemark>
      <name>md145-db-212-0304-360+319</name>
      <description><![CDATA[lat:  17.0176<br>long: 104.7283]]></description>
      <styleUrl>#icon-1899-0288D1</styleUrl>
      <ExtendedData>
        <Data name="lat">
          <value> 17.0176</value>
        </Data>
        <Data name="long">
          <value>104.7283</value>
        </Data>
      </ExtendedData>
      <Point>
        <coordinates>
          104.7283,17.0176,0
        </coordinates>
      </Point>
    </Placemark>
    <Placemark>
      <name>md146-db-212-0304-360+349</name>
      <description><![CDATA[lat:  17.0178<br>long: 104.7281]]></description>
      <styleUrl>#icon-1899-0288D1</styleUrl>
      <ExtendedData>
        <Data name="lat">
          <value> 17.0178</value>
        </Data>
        <Data name="long">
          <value>104.7281</value>
        </Data>
      </ExtendedData>
      <Point>
        <coordinates>
          104.7281,17.0178,0
        </coordinates>
      </Point>
    </Placemark>
    <Placemark>
      <name>md147-db-212-0304-360+740</name>
      <description><![CDATA[lat:  17.0179<br>long: 104.7276]]></description>
      <styleUrl>#icon-1899-0288D1</styleUrl>
      <ExtendedData>
        <Data name="lat">
          <value> 17.0179</value>
        </Data>
        <Data name="long">
          <value>104.7276</value>
        </Data>
      </ExtendedData>
      <Point>
        <coordinates>
          104.7276,17.0179,0
        </coordinates>
      </Point>
    </Placemark>
    <Placemark>
      <name>md148-db-212-0304-360+777</name>
      <description><![CDATA[lat:  17.0177<br>long: 104.7273]]></description>
      <styleUrl>#icon-1899-0288D1</styleUrl>
      <ExtendedData>
        <Data name="lat">
          <value> 17.0177</value>
        </Data>
        <Data name="long">
          <value>104.7273</value>
        </Data>
      </ExtendedData>
      <Point>
        <coordinates>
          104.7273,17.0177,0
        </coordinates>
      </Point>
    </Placemark>
    <Placemark>
      <name>md149-db-212-0304-360+814</name>
      <description><![CDATA[lat:  17.0175<br>long: 104.7271]]></description>
      <styleUrl>#icon-1899-0288D1</styleUrl>
      <ExtendedData>
        <Data name="lat">
          <value> 17.0175</value>
        </Data>
        <Data name="long">
          <value>104.7271</value>
        </Data>
      </ExtendedData>
      <Point>
        <coordinates>
          104.7271,17.0175,0
        </coordinates>
      </Point>
    </Placemark>
    <Placemark>
      <name>md150-db-212-0304-360+851</name>
      <description><![CDATA[lat:  17.0173<br>long: 104.7269]]></description>
      <styleUrl>#icon-1899-0288D1</styleUrl>
      <ExtendedData>
        <Data name="lat">
          <value> 17.0173</value>
        </Data>
        <Data name="long">
          <value>104.7269</value>
        </Data>
      </ExtendedData>
      <Point>
        <coordinates>
          104.7269,17.0173,0
        </coordinates>
      </Point>
    </Placemark>
    <Placemark>
      <name>md151-db-212-0304-360+888</name>
      <description><![CDATA[lat:  17.0170<br>long: 104.7267]]></description>
      <styleUrl>#icon-1899-0288D1</styleUrl>
      <ExtendedData>
        <Data name="lat">
          <value> 17.0170</value>
        </Data>
        <Data name="long">
          <value>104.7267</value>
        </Data>
      </ExtendedData>
      <Point>
        <coordinates>
          104.7267,17.017,0
        </coordinates>
      </Point>
    </Placemark>
    <Placemark>
      <name>md152-db-212-0304-360+925</name>
      <description><![CDATA[lat:  17.0167<br>long: 104.7265]]></description>
      <styleUrl>#icon-1899-0288D1</styleUrl>
      <ExtendedData>
        <Data name="lat">
          <value> 17.0167</value>
        </Data>
        <Data name="long">
          <value>104.7265</value>
        </Data>
      </ExtendedData>
      <Point>
        <coordinates>
          104.7265,17.0167,0
        </coordinates>
      </Point>
    </Placemark>
    <Placemark>
      <name>md153-db-212-0304-360+962</name>
      <description><![CDATA[lat:  17.0165<br>long: 104.7263]]></description>
      <styleUrl>#icon-1899-0288D1</styleUrl>
      <ExtendedData>
        <Data name="lat">
          <value> 17.0165</value>
        </Data>
        <Data name="long">
          <value>104.7263</value>
        </Data>
      </ExtendedData>
      <Point>
        <coordinates>
          104.7263,17.0165,0
        </coordinates>
      </Point>
    </Placemark>
    <Placemark>
      <name>md154-db-212-0304-360+999</name>
      <description><![CDATA[lat:  17.0162<br>long: 104.7261]]></description>
      <styleUrl>#icon-1899-0288D1</styleUrl>
      <ExtendedData>
        <Data name="lat">
          <value> 17.0162</value>
        </Data>
        <Data name="long">
          <value>104.7261</value>
        </Data>
      </ExtendedData>
      <Point>
        <coordinates>
          104.7261,17.0162,0
        </coordinates>
      </Point>
    </Placemark>
    <Placemark>
      <name>md155-db-212-0304-361+036</name>
      <description><![CDATA[lat:  17.0159<br>long: 104.7259]]></description>
      <styleUrl>#icon-1899-0288D1</styleUrl>
      <ExtendedData>
        <Data name="lat">
          <value> 17.0159</value>
        </Data>
        <Data name="long">
          <value>104.7259</value>
        </Data>
      </ExtendedData>
      <Point>
        <coordinates>
          104.7259,17.0159,0
        </coordinates>
      </Point>
    </Placemark>
    <Placemark>
      <name>md156-db-212-0304-361+073</name>
      <description><![CDATA[lat:  17.0157<br>long: 104.7257]]></description>
      <styleUrl>#icon-1899-0288D1</styleUrl>
      <ExtendedData>
        <Data name="lat">
          <value> 17.0157</value>
        </Data>
        <Data name="long">
          <value>104.7257</value>
        </Data>
      </ExtendedData>
      <Point>
        <coordinates>
          104.7257,17.0157,0
        </coordinates>
      </Point>
    </Placemark>
    <Placemark>
      <name>md157-db-212-0304-361+110</name>
      <description><![CDATA[lat:  17.0154<br>long: 104.7255]]></description>
      <styleUrl>#icon-1899-0288D1</styleUrl>
      <ExtendedData>
        <Data name="lat">
          <value> 17.0154</value>
        </Data>
        <Data name="long">
          <value>104.7255</value>
        </Data>
      </ExtendedData>
      <Point>
        <coordinates>
          104.7255,17.0154,0
        </coordinates>
      </Point>
    </Placemark>
    <Placemark>
      <name>md158-db-212-0304-361+147</name>
      <description><![CDATA[lat:  17.0151<br>long: 104.7252]]></description>
      <styleUrl>#icon-1899-0288D1</styleUrl>
      <ExtendedData>
        <Data name="lat">
          <value> 17.0151</value>
        </Data>
        <Data name="long">
          <value>104.7252</value>
        </Data>
      </ExtendedData>
      <Point>
        <coordinates>
          104.7252,17.0151,0
        </coordinates>
      </Point>
    </Placemark>
    <Placemark>
      <name>md159-db-212-0304-361+184</name>
      <description><![CDATA[lat:  17.0148<br>long: 104.7250]]></description>
      <styleUrl>#icon-1899-0288D1</styleUrl>
      <ExtendedData>
        <Data name="lat">
          <value> 17.0148</value>
        </Data>
        <Data name="long">
          <value>104.7250</value>
        </Data>
      </ExtendedData>
      <Point>
        <coordinates>
          104.725,17.0148,0
        </coordinates>
      </Point>
    </Placemark>
    <Placemark>
      <name>md160-db-212-0304-361+221</name>
      <description><![CDATA[lat:  17.0145<br>long: 104.7248]]></description>
      <styleUrl>#icon-1899-0288D1</styleUrl>
      <ExtendedData>
        <Data name="lat">
          <value> 17.0145</value>
        </Data>
        <Data name="long">
          <value>104.7248</value>
        </Data>
      </ExtendedData>
      <Point>
        <coordinates>
          104.7248,17.0145,0
        </coordinates>
      </Point>
    </Placemark>
    <Placemark>
      <name>md161-db-212-0304-361+258</name>
      <description><![CDATA[lat:  17.0142<br>long: 104.7247]]></description>
      <styleUrl>#icon-1899-0288D1</styleUrl>
      <ExtendedData>
        <Data name="lat">
          <value> 17.0142</value>
        </Data>
        <Data name="long">
          <value>104.7247</value>
        </Data>
      </ExtendedData>
      <Point>
        <coordinates>
          104.7247,17.0142,0
        </coordinates>
      </Point>
    </Placemark>
    <Placemark>
      <name>md162-db-212-0304-361+295</name>
      <description><![CDATA[lat:  17.0138<br>long: 104.7245]]></description>
      <styleUrl>#icon-1899-0288D1</styleUrl>
      <ExtendedData>
        <Data name="lat">
          <value> 17.0138</value>
        </Data>
        <Data name="long">
          <value>104.7245</value>
        </Data>
      </ExtendedData>
      <Point>
        <coordinates>
          104.7245,17.0138,0
        </coordinates>
      </Point>
    </Placemark>
    <Placemark>
      <name>md163-db-212-0304-361+332</name>
      <description><![CDATA[lat:  17.0135<br>long: 104.7244]]></description>
      <styleUrl>#icon-1899-0288D1</styleUrl>
      <ExtendedData>
        <Data name="lat">
          <value> 17.0135</value>
        </Data>
        <Data name="long">
          <value>104.7244</value>
        </Data>
      </ExtendedData>
      <Point>
        <coordinates>
          104.7244,17.0135,0
        </coordinates>
      </Point>
    </Placemark>
    <Placemark>
      <name>md164-db-212-0304-361+369</name>
      <description><![CDATA[lat:  17.0132<br>long: 104.7243]]></description>
      <styleUrl>#icon-1899-0288D1</styleUrl>
      <ExtendedData>
        <Data name="lat">
          <value> 17.0132</value>
        </Data>
        <Data name="long">
          <value>104.7243</value>
        </Data>
      </ExtendedData>
      <Point>
        <coordinates>
          104.7243,17.0132,0
        </coordinates>
      </Point>
    </Placemark>
    <Placemark>
      <name>md165-db-212-0304-361+406</name>
      <description><![CDATA[lat:  17.0128<br>long: 104.7242]]></description>
      <styleUrl>#icon-1899-0288D1</styleUrl>
      <ExtendedData>
        <Data name="lat">
          <value> 17.0128</value>
        </Data>
        <Data name="long">
          <value>104.7242</value>
        </Data>
      </ExtendedData>
      <Point>
        <coordinates>
          104.7242,17.0128,0
        </coordinates>
      </Point>
    </Placemark>
    <Placemark>
      <name>md166-db-212-0304-361+443</name>
      <description><![CDATA[lat:  17.0125<br>long: 104.7241]]></description>
      <styleUrl>#icon-1899-0288D1</styleUrl>
      <ExtendedData>
        <Data name="lat">
          <value> 17.0125</value>
        </Data>
        <Data name="long">
          <value>104.7241</value>
        </Data>
      </ExtendedData>
      <Point>
        <coordinates>
          104.7241,17.0125,0
        </coordinates>
      </Point>
    </Placemark>
    <Placemark>
      <name>md167-db-212-0304-361+480</name>
      <description><![CDATA[lat:  17.0121<br>long: 104.7240]]></description>
      <styleUrl>#icon-1899-0288D1</styleUrl>
      <ExtendedData>
        <Data name="lat">
          <value> 17.0121</value>
        </Data>
        <Data name="long">
          <value>104.7240</value>
        </Data>
      </ExtendedData>
      <Point>
        <coordinates>
          104.724,17.0121,0
        </coordinates>
      </Point>
    </Placemark>
    <Placemark>
      <name>md168-db-212-0304-361+517</name>
      <description><![CDATA[lat:  17.0117<br>long: 104.7238]]></description>
      <styleUrl>#icon-1899-0288D1</styleUrl>
      <ExtendedData>
        <Data name="lat">
          <value> 17.0117</value>
        </Data>
        <Data name="long">
          <value>104.7238</value>
        </Data>
      </ExtendedData>
      <Point>
        <coordinates>
          104.7238,17.0117,0
        </coordinates>
      </Point>
    </Placemark>
    <Placemark>
      <name>md169-db-212-0304-361+554</name>
      <description><![CDATA[lat:  17.0114<br>long: 104.7237]]></description>
      <styleUrl>#icon-1899-0288D1</styleUrl>
      <ExtendedData>
        <Data name="lat">
          <value> 17.0114</value>
        </Data>
        <Data name="long">
          <value>104.7237</value>
        </Data>
      </ExtendedData>
      <Point>
        <coordinates>
          104.7237,17.0114,0
        </coordinates>
      </Point>
    </Placemark>
    <Placemark>
      <name>md170-db-212-0304-361+591</name>
      <description><![CDATA[lat:  17.0111<br>long: 104.7236]]></description>
      <styleUrl>#icon-1899-0288D1</styleUrl>
      <ExtendedData>
        <Data name="lat">
          <value> 17.0111</value>
        </Data>
        <Data name="long">
          <value>104.7236</value>
        </Data>
      </ExtendedData>
      <Point>
        <coordinates>
          104.7236,17.0111,0
        </coordinates>
      </Point>
    </Placemark>
    <Placemark>
      <name>md171-db-212-0304-361+628</name>
      <description><![CDATA[lat:  17.0107<br>long: 104.7235]]></description>
      <styleUrl>#icon-1899-0288D1</styleUrl>
      <ExtendedData>
        <Data name="lat">
          <value> 17.0107</value>
        </Data>
        <Data name="long">
          <value>104.7235</value>
        </Data>
      </ExtendedData>
      <Point>
        <coordinates>
          104.7235,17.0107,0
        </coordinates>
      </Point>
    </Placemark>
    <Placemark>
      <name>md172-db-212-0304-361+665</name>
      <description><![CDATA[lat:  17.0104<br>long: 104.7234]]></description>
      <styleUrl>#icon-1899-0288D1</styleUrl>
      <ExtendedData>
        <Data name="lat">
          <value> 17.0104</value>
        </Data>
        <Data name="long">
          <value>104.7234</value>
        </Data>
      </ExtendedData>
      <Point>
        <coordinates>
          104.7234,17.0104,0
        </coordinates>
      </Point>
    </Placemark>
    <Placemark>
      <name>md173-db-212-0304-361+702</name>
      <description><![CDATA[lat:  17.0100<br>long: 104.7233]]></description>
      <styleUrl>#icon-1899-0288D1</styleUrl>
      <ExtendedData>
        <Data name="lat">
          <value> 17.0100</value>
        </Data>
        <Data name="long">
          <value>104.7233</value>
        </Data>
      </ExtendedData>
      <Point>
        <coordinates>
          104.7233,17.01,0
        </coordinates>
      </Point>
    </Placemark>
    <Placemark>
      <name>md174-db-212-0304-361+782</name>
      <description><![CDATA[lat:  17.0097<br>long: 104.7232]]></description>
      <styleUrl>#icon-1899-0288D1</styleUrl>
      <ExtendedData>
        <Data name="lat">
          <value> 17.0097</value>
        </Data>
        <Data name="long">
          <value>104.7232</value>
        </Data>
      </ExtendedData>
      <Point>
        <coordinates>
          104.7232,17.0097,0
        </coordinates>
      </Point>
    </Placemark>
    <Placemark>
      <name>md175-db-212-0304-361+817</name>
      <description><![CDATA[lat:  17.0090<br>long: 104.7230]]></description>
      <styleUrl>#icon-1899-0288D1</styleUrl>
      <ExtendedData>
        <Data name="lat">
          <value> 17.0090</value>
        </Data>
        <Data name="long">
          <value>104.7230</value>
        </Data>
      </ExtendedData>
      <Point>
        <coordinates>
          104.723,17.009,0
        </coordinates>
      </Point>
    </Placemark>
    <Placemark>
      <name>md176-db-212-0304-361+852</name>
      <description><![CDATA[lat:  17.0087<br>long: 104.7229]]></description>
      <styleUrl>#icon-1899-0288D1</styleUrl>
      <ExtendedData>
        <Data name="lat">
          <value> 17.0087</value>
        </Data>
        <Data name="long">
          <value>104.7229</value>
        </Data>
      </ExtendedData>
      <Point>
        <coordinates>
          104.7229,17.0087,0
        </coordinates>
      </Point>
    </Placemark>
    <Placemark>
      <name>md177-db-212-0304-361+887</name>
      <description><![CDATA[lat:  17.0083<br>long: 104.7229]]></description>
      <styleUrl>#icon-1899-0288D1</styleUrl>
      <ExtendedData>
        <Data name="lat">
          <value> 17.0083</value>
        </Data>
        <Data name="long">
          <value>104.7229</value>
        </Data>
      </ExtendedData>
      <Point>
        <coordinates>
          104.7229,17.0083,0
        </coordinates>
      </Point>
    </Placemark>
    <Placemark>
      <name>md178-db-212-0304-361+922</name>
      <description><![CDATA[lat:  17.0079<br>long: 104.7229]]></description>
      <styleUrl>#icon-1899-0288D1</styleUrl>
      <ExtendedData>
        <Data name="lat">
          <value> 17.0079</value>
        </Data>
        <Data name="long">
          <value>104.7229</value>
        </Data>
      </ExtendedData>
      <Point>
        <coordinates>
          104.7229,17.0079,0
        </coordinates>
      </Point>
    </Placemark>
    <Placemark>
      <name>md179-db-212-0304-361+957</name>
      <description><![CDATA[lat:  17.0076<br>long: 104.7229]]></description>
      <styleUrl>#icon-1899-0288D1</styleUrl>
      <ExtendedData>
        <Data name="lat">
          <value> 17.0076</value>
        </Data>
        <Data name="long">
          <value>104.7229</value>
        </Data>
      </ExtendedData>
      <Point>
        <coordinates>
          104.7229,17.0076,0
        </coordinates>
      </Point>
    </Placemark>
    <Placemark>
      <name>md180-db-212-0304-361+992</name>
      <description><![CDATA[lat:  17.0072<br>long: 104.7229]]></description>
      <styleUrl>#icon-1899-0288D1</styleUrl>
      <ExtendedData>
        <Data name="lat">
          <value> 17.0072</value>
        </Data>
        <Data name="long">
          <value>104.7229</value>
        </Data>
      </ExtendedData>
      <Point>
        <coordinates>
          104.7229,17.0072,0
        </coordinates>
      </Point>
    </Placemark>
    <Placemark>
      <name>md181-db-212-0304-362+027</name>
      <description><![CDATA[lat:  17.0069<br>long: 104.7229]]></description>
      <styleUrl>#icon-1899-0288D1</styleUrl>
      <ExtendedData>
        <Data name="lat">
          <value> 17.0069</value>
        </Data>
        <Data name="long">
          <value>104.7229</value>
        </Data>
      </ExtendedData>
      <Point>
        <coordinates>
          104.7229,17.0069,0
        </coordinates>
      </Point>
    </Placemark>
    <Placemark>
      <name>md182-db-212-0304-362+062</name>
      <description><![CDATA[lat:  17.0065<br>long: 104.7229]]></description>
      <styleUrl>#icon-1899-0288D1</styleUrl>
      <ExtendedData>
        <Data name="lat">
          <value> 17.0065</value>
        </Data>
        <Data name="long">
          <value>104.7229</value>
        </Data>
      </ExtendedData>
      <Point>
        <coordinates>
          104.7229,17.0065,0
        </coordinates>
      </Point>
    </Placemark>
    <Placemark>
      <name>md183-db-212-0304-362+097</name>
      <description><![CDATA[lat:  17.0060<br>long: 104.7229]]></description>
      <styleUrl>#icon-1899-0288D1</styleUrl>
      <ExtendedData>
        <Data name="lat">
          <value> 17.0060</value>
        </Data>
        <Data name="long">
          <value>104.7229</value>
        </Data>
      </ExtendedData>
      <Point>
        <coordinates>
          104.7229,17.006,0
        </coordinates>
      </Point>
    </Placemark>
    <Placemark>
      <name>md184-db-212-0304-362+132</name>
      <description><![CDATA[lat:  17.0057<br>long: 104.7230]]></description>
      <styleUrl>#icon-1899-0288D1</styleUrl>
      <ExtendedData>
        <Data name="lat">
          <value> 17.0057</value>
        </Data>
        <Data name="long">
          <value>104.7230</value>
        </Data>
      </ExtendedData>
      <Point>
        <coordinates>
          104.723,17.0057,0
        </coordinates>
      </Point>
    </Placemark>
    <Placemark>
      <name>md185-db-212-0304-362+167</name>
      <description><![CDATA[lat:  17.0053<br>long: 104.7230]]></description>
      <styleUrl>#icon-1899-0288D1</styleUrl>
      <ExtendedData>
        <Data name="lat">
          <value> 17.0053</value>
        </Data>
        <Data name="long">
          <value>104.7230</value>
        </Data>
      </ExtendedData>
      <Point>
        <coordinates>
          104.723,17.0053,0
        </coordinates>
      </Point>
    </Placemark>
    <Placemark>
      <name>md186-db-212-0304-362+202</name>
      <description><![CDATA[lat:  17.0050<br>long: 104.7230]]></description>
      <styleUrl>#icon-1899-0288D1</styleUrl>
      <ExtendedData>
        <Data name="lat">
          <value> 17.0050</value>
        </Data>
        <Data name="long">
          <value>104.7230</value>
        </Data>
      </ExtendedData>
      <Point>
        <coordinates>
          104.723,17.005,0
        </coordinates>
      </Point>
    </Placemark>
    <Placemark>
      <name>md187-db-212-0304-362+237</name>
      <description><![CDATA[lat:  17.0047<br>long: 104.7230]]></description>
      <styleUrl>#icon-1899-0288D1</styleUrl>
      <ExtendedData>
        <Data name="lat">
          <value> 17.0047</value>
        </Data>
        <Data name="long">
          <value>104.7230</value>
        </Data>
      </ExtendedData>
      <Point>
        <coordinates>
          104.723,17.0047,0
        </coordinates>
      </Point>
    </Placemark>
    <Placemark>
      <name>md188-db-212-0304-362+272</name>
      <description><![CDATA[lat:  17.0044<br>long: 104.7230]]></description>
      <styleUrl>#icon-1899-0288D1</styleUrl>
      <ExtendedData>
        <Data name="lat">
          <value> 17.0044</value>
        </Data>
        <Data name="long">
          <value>104.7230</value>
        </Data>
      </ExtendedData>
      <Point>
        <coordinates>
          104.723,17.0044,0
        </coordinates>
      </Point>
    </Placemark>
    <Placemark>
      <name>md189-db-212-0304-362+307</name>
      <description><![CDATA[lat:  17.0040<br>long: 104.7231]]></description>
      <styleUrl>#icon-1899-0288D1</styleUrl>
      <ExtendedData>
        <Data name="lat">
          <value> 17.0040</value>
        </Data>
        <Data name="long">
          <value>104.7231</value>
        </Data>
      </ExtendedData>
      <Point>
        <coordinates>
          104.7231,17.004,0
        </coordinates>
      </Point>
    </Placemark>
    <Placemark>
      <name>md190-db-212-0304-362+342</name>
      <description><![CDATA[lat:  17.0037<br>long: 104.7231]]></description>
      <styleUrl>#icon-1899-0288D1</styleUrl>
      <ExtendedData>
        <Data name="lat">
          <value> 17.0037</value>
        </Data>
        <Data name="long">
          <value>104.7231</value>
        </Data>
      </ExtendedData>
      <Point>
        <coordinates>
          104.7231,17.0037,0
        </coordinates>
      </Point>
    </Placemark>
    <Placemark>
      <name>md191-db-212-0304-362+377</name>
      <description><![CDATA[lat:  17.0034<br>long: 104.7231]]></description>
      <styleUrl>#icon-1899-0288D1</styleUrl>
      <ExtendedData>
        <Data name="lat">
          <value> 17.0034</value>
        </Data>
        <Data name="long">
          <value>104.7231</value>
        </Data>
      </ExtendedData>
      <Point>
        <coordinates>
          104.7231,17.0034,0
        </coordinates>
      </Point>
    </Placemark>
    <Placemark>
      <name>md192-db-212-0304-362+412</name>
      <description><![CDATA[lat:  17.0031<br>long: 104.7231]]></description>
      <styleUrl>#icon-1899-0288D1</styleUrl>
      <ExtendedData>
        <Data name="lat">
          <value> 17.0031</value>
        </Data>
        <Data name="long">
          <value>104.7231</value>
        </Data>
      </ExtendedData>
      <Point>
        <coordinates>
          104.7231,17.0031,0
        </coordinates>
      </Point>
    </Placemark>
    <Placemark>
      <name>md193-db-212-0304-362+447</name>
      <description><![CDATA[lat:  17.0027<br>long: 104.7231]]></description>
      <styleUrl>#icon-1899-0288D1</styleUrl>
      <ExtendedData>
        <Data name="lat">
          <value> 17.0027</value>
        </Data>
        <Data name="long">
          <value>104.7231</value>
        </Data>
      </ExtendedData>
      <Point>
        <coordinates>
          104.7231,17.0027,0
        </coordinates>
      </Point>
    </Placemark>
    <Placemark>
      <name>md194-db-212-0304-362+482</name>
      <description><![CDATA[lat:  17.0024<br>long: 104.7231]]></description>
      <styleUrl>#icon-1899-0288D1</styleUrl>
      <ExtendedData>
        <Data name="lat">
          <value> 17.0024</value>
        </Data>
        <Data name="long">
          <value>104.7231</value>
        </Data>
      </ExtendedData>
      <Point>
        <coordinates>
          104.7231,17.0024,0
        </coordinates>
      </Point>
    </Placemark>
    <Placemark>
      <name>md195-db-212-0304-362+517</name>
      <description><![CDATA[lat:  17.0021<br>long: 104.7232]]></description>
      <styleUrl>#icon-1899-0288D1</styleUrl>
      <ExtendedData>
        <Data name="lat">
          <value> 17.0021</value>
        </Data>
        <Data name="long">
          <value>104.7232</value>
        </Data>
      </ExtendedData>
      <Point>
        <coordinates>
          104.7232,17.0021,0
        </coordinates>
      </Point>
    </Placemark>
    <Placemark>
      <name>md196-db-212-0304-362+552</name>
      <description><![CDATA[lat:  17.0018<br>long: 104.7232]]></description>
      <styleUrl>#icon-1899-0288D1</styleUrl>
      <ExtendedData>
        <Data name="lat">
          <value> 17.0018</value>
        </Data>
        <Data name="long">
          <value>104.7232</value>
        </Data>
      </ExtendedData>
      <Point>
        <coordinates>
          104.7232,17.0018,0
        </coordinates>
      </Point>
    </Placemark>
    <Placemark>
      <name>md197-db-212-0304-362+587</name>
      <description><![CDATA[lat:  17.0014<br>long: 104.7232]]></description>
      <styleUrl>#icon-1899-0288D1</styleUrl>
      <ExtendedData>
        <Data name="lat">
          <value> 17.0014</value>
        </Data>
        <Data name="long">
          <value>104.7232</value>
        </Data>
      </ExtendedData>
      <Point>
        <coordinates>
          104.7232,17.0014,0
        </coordinates>
      </Point>
    </Placemark>
    <Placemark>
      <name>md198-db-212-0304-362+622</name>
      <description><![CDATA[lat:  17.0011<br>long: 104.7232]]></description>
      <styleUrl>#icon-1899-0288D1</styleUrl>
      <ExtendedData>
        <Data name="lat">
          <value> 17.0011</value>
        </Data>
        <Data name="long">
          <value>104.7232</value>
        </Data>
      </ExtendedData>
      <Point>
        <coordinates>
          104.7232,17.0011,0
        </coordinates>
      </Point>
    </Placemark>
    <Placemark>
      <name>md199-db-212-0304-362+657</name>
      <description><![CDATA[lat:  17.0008<br>long: 104.7232]]></description>
      <styleUrl>#icon-1899-0288D1</styleUrl>
      <ExtendedData>
        <Data name="lat">
          <value> 17.0008</value>
        </Data>
        <Data name="long">
          <value>104.7232</value>
        </Data>
      </ExtendedData>
      <Point>
        <coordinates>
          104.7232,17.0008,0
        </coordinates>
      </Point>
    </Placemark>
    <Placemark>
      <name>md200-db-212-0304-362+692</name>
      <description><![CDATA[lat:  17.0005<br>long: 104.7233]]></description>
      <styleUrl>#icon-1899-0288D1</styleUrl>
      <ExtendedData>
        <Data name="lat">
          <value> 17.0005</value>
        </Data>
        <Data name="long">
          <value>104.7233</value>
        </Data>
      </ExtendedData>
      <Point>
        <coordinates>
          104.7233,17.0005,0
        </coordinates>
      </Point>
    </Placemark>
    <Placemark>
      <name>md201-db-212-0304-362+727</name>
      <description><![CDATA[lat:  17.0003<br>long: 104.7233]]></description>
      <styleUrl>#icon-1899-0288D1</styleUrl>
      <ExtendedData>
        <Data name="lat">
          <value> 17.0003</value>
        </Data>
        <Data name="long">
          <value>104.7233</value>
        </Data>
      </ExtendedData>
      <Point>
        <coordinates>
          104.7233,17.0003,0
        </coordinates>
      </Point>
    </Placemark>
    <Placemark>
      <name>md202-db-212-0304-362+762</name>
      <description><![CDATA[lat:  17.0000<br>long: 104.7233]]></description>
      <styleUrl>#icon-1899-0288D1</styleUrl>
      <ExtendedData>
        <Data name="lat">
          <value> 17.0000</value>
        </Data>
        <Data name="long">
          <value>104.7233</value>
        </Data>
      </ExtendedData>
      <Point>
        <coordinates>
          104.7233,17,0
        </coordinates>
      </Point>
    </Placemark>
    <Placemark>
      <name>md203-db-212-0304-362+797</name>
      <description><![CDATA[lat:  16.9997<br>long: 104.7233]]></description>
      <styleUrl>#icon-1899-0288D1</styleUrl>
      <ExtendedData>
        <Data name="lat">
          <value> 16.9997</value>
        </Data>
        <Data name="long">
          <value>104.7233</value>
        </Data>
      </ExtendedData>
      <Point>
        <coordinates>
          104.7233,16.9997,0
        </coordinates>
      </Point>
    </Placemark>
    <Placemark>
      <name>md204-db-212-0304-362+832</name>
      <description><![CDATA[lat:  16.9994<br>long: 104.7233]]></description>
      <styleUrl>#icon-1899-0288D1</styleUrl>
      <ExtendedData>
        <Data name="lat">
          <value> 16.9994</value>
        </Data>
        <Data name="long">
          <value>104.7233</value>
        </Data>
      </ExtendedData>
      <Point>
        <coordinates>
          104.7233,16.9994,0
        </coordinates>
      </Point>
    </Placemark>
    <Placemark>
      <name>md205-db-212-0304-362+867</name>
      <description><![CDATA[lat:  16.9992<br>long: 104.7233]]></description>
      <styleUrl>#icon-1899-0288D1</styleUrl>
      <ExtendedData>
        <Data name="lat">
          <value> 16.9992</value>
        </Data>
        <Data name="long">
          <value>104.7233</value>
        </Data>
      </ExtendedData>
      <Point>
        <coordinates>
          104.7233,16.9992,0
        </coordinates>
      </Point>
    </Placemark>
    <Placemark>
      <name>md206-db-212-0304-362+902</name>
      <description><![CDATA[lat:  16.9989<br>long: 104.7234]]></description>
      <styleUrl>#icon-1899-0288D1</styleUrl>
      <ExtendedData>
        <Data name="lat">
          <value> 16.9989</value>
        </Data>
        <Data name="long">
          <value>104.7234</value>
        </Data>
      </ExtendedData>
      <Point>
        <coordinates>
          104.7234,16.9989,0
        </coordinates>
      </Point>
    </Placemark>
    <Placemark>
      <name>md207-db-212-0304-362+937</name>
      <description><![CDATA[lat:  16.9986<br>long: 104.7234]]></description>
      <styleUrl>#icon-1899-0288D1</styleUrl>
      <ExtendedData>
        <Data name="lat">
          <value> 16.9986</value>
        </Data>
        <Data name="long">
          <value>104.7234</value>
        </Data>
      </ExtendedData>
      <Point>
        <coordinates>
          104.7234,16.9986,0
        </coordinates>
      </Point>
    </Placemark>
    <Placemark>
      <name>md208-db-212-0304-362+972</name>
      <description><![CDATA[lat:  16.9982<br>long: 104.7234]]></description>
      <styleUrl>#icon-1899-0288D1</styleUrl>
      <ExtendedData>
        <Data name="lat">
          <value> 16.9982</value>
        </Data>
        <Data name="long">
          <value>104.7234</value>
        </Data>
      </ExtendedData>
      <Point>
        <coordinates>
          104.7234,16.9982,0
        </coordinates>
      </Point>
    </Placemark>
    <Placemark>
      <name>md209-db-212-0304-363+007</name>
      <description><![CDATA[lat:  16.9979<br>long: 104.7234]]></description>
      <styleUrl>#icon-1899-0288D1</styleUrl>
      <ExtendedData>
        <Data name="lat">
          <value> 16.9979</value>
        </Data>
        <Data name="long">
          <value>104.7234</value>
        </Data>
      </ExtendedData>
      <Point>
        <coordinates>
          104.7234,16.9979,0
        </coordinates>
      </Point>
    </Placemark>
    <Placemark>
      <name>md210-db-212-0304-363+042</name>
      <description><![CDATA[lat:  16.9976<br>long: 104.7234]]></description>
      <styleUrl>#icon-1899-0288D1</styleUrl>
      <ExtendedData>
        <Data name="lat">
          <value> 16.9976</value>
        </Data>
        <Data name="long">
          <value>104.7234</value>
        </Data>
      </ExtendedData>
      <Point>
        <coordinates>
          104.7234,16.9976,0
        </coordinates>
      </Point>
    </Placemark>
    <Placemark>
      <name>md211-db-212-0304-363+077</name>
      <description><![CDATA[lat:  16.9973<br>long: 104.7234]]></description>
      <styleUrl>#icon-1899-0288D1</styleUrl>
      <ExtendedData>
        <Data name="lat">
          <value> 16.9973</value>
        </Data>
        <Data name="long">
          <value>104.7234</value>
        </Data>
      </ExtendedData>
      <Point>
        <coordinates>
          104.7234,16.9973,0
        </coordinates>
      </Point>
    </Placemark>
    <Placemark>
      <name>md212-db-212-0304-363+112</name>
      <description><![CDATA[lat:  16.9969<br>long: 104.7235]]></description>
      <styleUrl>#icon-1899-0288D1</styleUrl>
      <ExtendedData>
        <Data name="lat">
          <value> 16.9969</value>
        </Data>
        <Data name="long">
          <value>104.7235</value>
        </Data>
      </ExtendedData>
      <Point>
        <coordinates>
          104.7235,16.9969,0
        </coordinates>
      </Point>
    </Placemark>
    <Placemark>
      <name>md213-db-212-0304-363+147</name>
      <description><![CDATA[lat:  16.9966<br>long: 104.7235]]></description>
      <styleUrl>#icon-1899-0288D1</styleUrl>
      <ExtendedData>
        <Data name="lat">
          <value> 16.9966</value>
        </Data>
        <Data name="long">
          <value>104.7235</value>
        </Data>
      </ExtendedData>
      <Point>
        <coordinates>
          104.7235,16.9966,0
        </coordinates>
      </Point>
    </Placemark>
    <Placemark>
      <name>md214-db-212-0304-363+182</name>
      <description><![CDATA[lat:  16.9963<br>long: 104.7235]]></description>
      <styleUrl>#icon-1899-0288D1</styleUrl>
      <ExtendedData>
        <Data name="lat">
          <value> 16.9963</value>
        </Data>
        <Data name="long">
          <value>104.7235</value>
        </Data>
      </ExtendedData>
      <Point>
        <coordinates>
          104.7235,16.9963,0
        </coordinates>
      </Point>
    </Placemark>
    <Placemark>
      <name>md215-db-212-0304-363+217</name>
      <description><![CDATA[lat:  16.9959<br>long: 104.7235]]></description>
      <styleUrl>#icon-1899-0288D1</styleUrl>
      <ExtendedData>
        <Data name="lat">
          <value> 16.9959</value>
        </Data>
        <Data name="long">
          <value>104.7235</value>
        </Data>
      </ExtendedData>
      <Point>
        <coordinates>
          104.7235,16.9959,0
        </coordinates>
      </Point>
    </Placemark>
    <Placemark>
      <name>md216-db-212-0304-363+252</name>
      <description><![CDATA[lat:  16.9956<br>long: 104.7235]]></description>
      <styleUrl>#icon-1899-0288D1</styleUrl>
      <ExtendedData>
        <Data name="lat">
          <value> 16.9956</value>
        </Data>
        <Data name="long">
          <value>104.7235</value>
        </Data>
      </ExtendedData>
      <Point>
        <coordinates>
          104.7235,16.9956,0
        </coordinates>
      </Point>
    </Placemark>
    <Placemark>
      <name>md217-db-212-0304-363+287</name>
      <description><![CDATA[lat:  16.9953<br>long: 104.7235]]></description>
      <styleUrl>#icon-1899-0288D1</styleUrl>
      <ExtendedData>
        <Data name="lat">
          <value> 16.9953</value>
        </Data>
        <Data name="long">
          <value>104.7235</value>
        </Data>
      </ExtendedData>
      <Point>
        <coordinates>
          104.7235,16.9953,0
        </coordinates>
      </Point>
    </Placemark>
    <Placemark>
      <name>md218-db-212-0304-363+322</name>
      <description><![CDATA[lat:  16.9951<br>long: 104.7236]]></description>
      <styleUrl>#icon-1899-0288D1</styleUrl>
      <ExtendedData>
        <Data name="lat">
          <value> 16.9951</value>
        </Data>
        <Data name="long">
          <value>104.7236</value>
        </Data>
      </ExtendedData>
      <Point>
        <coordinates>
          104.7236,16.9951,0
        </coordinates>
      </Point>
    </Placemark>
    <Placemark>
      <name>md219-db-212-0304-363+357</name>
      <description><![CDATA[lat:  16.9948<br>long: 104.7236]]></description>
      <styleUrl>#icon-1899-0288D1</styleUrl>
      <ExtendedData>
        <Data name="lat">
          <value> 16.9948</value>
        </Data>
        <Data name="long">
          <value>104.7236</value>
        </Data>
      </ExtendedData>
      <Point>
        <coordinates>
          104.7236,16.9948,0
        </coordinates>
      </Point>
    </Placemark>
    <Placemark>
      <name>md220-db-212-0304-363+392</name>
      <description><![CDATA[lat:  16.9945<br>long: 104.7236]]></description>
      <styleUrl>#icon-1899-0288D1</styleUrl>
      <ExtendedData>
        <Data name="lat">
          <value> 16.9945</value>
        </Data>
        <Data name="long">
          <value>104.7236</value>
        </Data>
      </ExtendedData>
      <Point>
        <coordinates>
          104.7236,16.9945,0
        </coordinates>
      </Point>
    </Placemark>
    <Placemark>
      <name>md221-db-212-0304-363+427</name>
      <description><![CDATA[lat:  16.9942<br>long: 104.7236]]></description>
      <styleUrl>#icon-1899-0288D1</styleUrl>
      <ExtendedData>
        <Data name="lat">
          <value> 16.9942</value>
        </Data>
        <Data name="long">
          <value>104.7236</value>
        </Data>
      </ExtendedData>
      <Point>
        <coordinates>
          104.7236,16.9942,0
        </coordinates>
      </Point>
    </Placemark>
    <Placemark>
      <name>md222-db-212-0304-363+462</name>
      <description><![CDATA[lat:  16.9939<br>long: 104.7236]]></description>
      <styleUrl>#icon-1899-0288D1</styleUrl>
      <ExtendedData>
        <Data name="lat">
          <value> 16.9939</value>
        </Data>
        <Data name="long">
          <value>104.7236</value>
        </Data>
      </ExtendedData>
      <Point>
        <coordinates>
          104.7236,16.9939,0
        </coordinates>
      </Point>
    </Placemark>
    <Placemark>
      <name>md223-db-212-0304-363+497</name>
      <description><![CDATA[lat:  16.9936<br>long: 104.7236]]></description>
      <styleUrl>#icon-1899-0288D1</styleUrl>
      <ExtendedData>
        <Data name="lat">
          <value> 16.9936</value>
        </Data>
        <Data name="long">
          <value>104.7236</value>
        </Data>
      </ExtendedData>
      <Point>
        <coordinates>
          104.7236,16.9936,0
        </coordinates>
      </Point>
    </Placemark>
    <Placemark>
      <name>md224-db-212-0304-363+532</name>
      <description><![CDATA[lat:  16.9933<br>long: 104.7236]]></description>
      <styleUrl>#icon-1899-0288D1</styleUrl>
      <ExtendedData>
        <Data name="lat">
          <value> 16.9933</value>
        </Data>
        <Data name="long">
          <value>104.7236</value>
        </Data>
      </ExtendedData>
      <Point>
        <coordinates>
          104.7236,16.9933,0
        </coordinates>
      </Point>
    </Placemark>
    <Placemark>
      <name>md225-db-212-0304-363+602</name>
      <description><![CDATA[lat:  16.9930<br>long: 104.7237]]></description>
      <styleUrl>#icon-1899-0288D1</styleUrl>
      <ExtendedData>
        <Data name="lat">
          <value> 16.9930</value>
        </Data>
        <Data name="long">
          <value>104.7237</value>
        </Data>
      </ExtendedData>
      <Point>
        <coordinates>
          104.7237,16.993,0
        </coordinates>
      </Point>
    </Placemark>
    <Placemark>
      <name>md226-db-212-0304-363+672</name>
      <description><![CDATA[lat:  16.9924<br>long: 104.7237]]></description>
      <styleUrl>#icon-1899-0288D1</styleUrl>
      <ExtendedData>
        <Data name="lat">
          <value> 16.9924</value>
        </Data>
        <Data name="long">
          <value>104.7237</value>
        </Data>
      </ExtendedData>
      <Point>
        <coordinates>
          104.7237,16.9924,0
        </coordinates>
      </Point>
    </Placemark>
    <Placemark>
      <name>md227-db-212-0304-363+706</name>
      <description><![CDATA[lat:  16.9918<br>long: 104.7238]]></description>
      <styleUrl>#icon-1899-0288D1</styleUrl>
      <ExtendedData>
        <Data name="lat">
          <value> 16.9918</value>
        </Data>
        <Data name="long">
          <value>104.7238</value>
        </Data>
      </ExtendedData>
      <Point>
        <coordinates>
          104.7238,16.9918,0
        </coordinates>
      </Point>
    </Placemark>
    <Placemark>
      <name>md228-db-212-0304-363+740</name>
      <description><![CDATA[lat:  16.9915<br>long: 104.7240]]></description>
      <styleUrl>#icon-1899-0288D1</styleUrl>
      <ExtendedData>
        <Data name="lat">
          <value> 16.9915</value>
        </Data>
        <Data name="long">
          <value>104.7240</value>
        </Data>
      </ExtendedData>
      <Point>
        <coordinates>
          104.724,16.9915,0
        </coordinates>
      </Point>
    </Placemark>
    <Placemark>
      <name>md229-db-212-0304-363+774</name>
      <description><![CDATA[lat:  16.9912<br>long: 104.7242]]></description>
      <styleUrl>#icon-1899-0288D1</styleUrl>
      <ExtendedData>
        <Data name="lat">
          <value> 16.9912</value>
        </Data>
        <Data name="long">
          <value>104.7242</value>
        </Data>
      </ExtendedData>
      <Point>
        <coordinates>
          104.7242,16.9912,0
        </coordinates>
      </Point>
    </Placemark>
    <Placemark>
      <name>md230-db-212-0304-363+808</name>
      <description><![CDATA[lat:  16.9910<br>long: 104.7244]]></description>
      <styleUrl>#icon-1899-0288D1</styleUrl>
      <ExtendedData>
        <Data name="lat">
          <value> 16.9910</value>
        </Data>
        <Data name="long">
          <value>104.7244</value>
        </Data>
      </ExtendedData>
      <Point>
        <coordinates>
          104.7244,16.991,0
        </coordinates>
      </Point>
    </Placemark>
    <Placemark>
      <name>md231-db-212-0304-363+842</name>
      <description><![CDATA[lat:  16.9907<br>long: 104.7246]]></description>
      <styleUrl>#icon-1899-0288D1</styleUrl>
      <ExtendedData>
        <Data name="lat">
          <value> 16.9907</value>
        </Data>
        <Data name="long">
          <value>104.7246</value>
        </Data>
      </ExtendedData>
      <Point>
        <coordinates>
          104.7246,16.9907,0
        </coordinates>
      </Point>
    </Placemark>
    <Placemark>
      <name>md232-db-212-0304-363+876</name>
      <description><![CDATA[lat:  16.9903<br>long: 104.7248]]></description>
      <styleUrl>#icon-1899-0288D1</styleUrl>
      <ExtendedData>
        <Data name="lat">
          <value> 16.9903</value>
        </Data>
        <Data name="long">
          <value>104.7248</value>
        </Data>
      </ExtendedData>
      <Point>
        <coordinates>
          104.7248,16.9903,0
        </coordinates>
      </Point>
    </Placemark>
    <Placemark>
      <name>md233-db-212-0304-363+910</name>
      <description><![CDATA[lat:  16.9901<br>long: 104.7250]]></description>
      <styleUrl>#icon-1899-0288D1</styleUrl>
      <ExtendedData>
        <Data name="lat">
          <value> 16.9901</value>
        </Data>
        <Data name="long">
          <value>104.7250</value>
        </Data>
      </ExtendedData>
      <Point>
        <coordinates>
          104.725,16.9901,0
        </coordinates>
      </Point>
    </Placemark>
    <Placemark>
      <name>md234-db-212-0304-363+944</name>
      <description><![CDATA[lat:  16.9899<br>long: 104.7252]]></description>
      <styleUrl>#icon-1899-0288D1</styleUrl>
      <ExtendedData>
        <Data name="lat">
          <value> 16.9899</value>
        </Data>
        <Data name="long">
          <value>104.7252</value>
        </Data>
      </ExtendedData>
      <Point>
        <coordinates>
          104.7252,16.9899,0
        </coordinates>
      </Point>
    </Placemark>
    <Placemark>
      <name>md235-db-212-0304-363+978</name>
      <description><![CDATA[lat:  16.9897<br>long: 104.7253]]></description>
      <styleUrl>#icon-1899-0288D1</styleUrl>
      <ExtendedData>
        <Data name="lat">
          <value> 16.9897</value>
        </Data>
        <Data name="long">
          <value>104.7253</value>
        </Data>
      </ExtendedData>
      <Point>
        <coordinates>
          104.7253,16.9897,0
        </coordinates>
      </Point>
    </Placemark>
    <Placemark>
      <name>md236-db-212-0304-364+012</name>
      <description><![CDATA[lat:  16.9894<br>long: 104.7255]]></description>
      <styleUrl>#icon-1899-0288D1</styleUrl>
      <ExtendedData>
        <Data name="lat">
          <value> 16.9894</value>
        </Data>
        <Data name="long">
          <value>104.7255</value>
        </Data>
      </ExtendedData>
      <Point>
        <coordinates>
          104.7255,16.9894,0
        </coordinates>
      </Point>
    </Placemark>
    <Placemark>
      <name>md237-db-212-0304-364+046</name>
      <description><![CDATA[lat:  16.9891<br>long: 104.7257]]></description>
      <styleUrl>#icon-1899-0288D1</styleUrl>
      <ExtendedData>
        <Data name="lat">
          <value> 16.9891</value>
        </Data>
        <Data name="long">
          <value>104.7257</value>
        </Data>
      </ExtendedData>
      <Point>
        <coordinates>
          104.7257,16.9891,0
        </coordinates>
      </Point>
    </Placemark>
    <Placemark>
      <name>md238-db-212-0304-364+080</name>
      <description><![CDATA[lat:  16.9889<br>long: 104.7259]]></description>
      <styleUrl>#icon-1899-0288D1</styleUrl>
      <ExtendedData>
        <Data name="lat">
          <value> 16.9889</value>
        </Data>
        <Data name="long">
          <value>104.7259</value>
        </Data>
      </ExtendedData>
      <Point>
        <coordinates>
          104.7259,16.9889,0
        </coordinates>
      </Point>
    </Placemark>
    <Placemark>
      <name>md239-db-212-0304-364+114</name>
      <description><![CDATA[lat:  16.9886<br>long: 104.7260]]></description>
      <styleUrl>#icon-1899-0288D1</styleUrl>
      <ExtendedData>
        <Data name="lat">
          <value> 16.9886</value>
        </Data>
        <Data name="long">
          <value>104.7260</value>
        </Data>
      </ExtendedData>
      <Point>
        <coordinates>
          104.726,16.9886,0
        </coordinates>
      </Point>
    </Placemark>
    <Placemark>
      <name>md240-db-212-0304-364+148</name>
      <description><![CDATA[lat:  16.9883<br>long: 104.7262]]></description>
      <styleUrl>#icon-1899-0288D1</styleUrl>
      <ExtendedData>
        <Data name="lat">
          <value> 16.9883</value>
        </Data>
        <Data name="long">
          <value>104.7262</value>
        </Data>
      </ExtendedData>
      <Point>
        <coordinates>
          104.7262,16.9883,0
        </coordinates>
      </Point>
    </Placemark>
    <Placemark>
      <name>md241-db-212-0304-364+182</name>
      <description><![CDATA[lat:  16.9880<br>long: 104.7263]]></description>
      <styleUrl>#icon-1899-0288D1</styleUrl>
      <ExtendedData>
        <Data name="lat">
          <value> 16.9880</value>
        </Data>
        <Data name="long">
          <value>104.7263</value>
        </Data>
      </ExtendedData>
      <Point>
        <coordinates>
          104.7263,16.988,0
        </coordinates>
      </Point>
    </Placemark>
    <Placemark>
      <name>md242-db-212-0304-364+216</name>
      <description><![CDATA[lat:  16.9878<br>long: 104.7265]]></description>
      <styleUrl>#icon-1899-0288D1</styleUrl>
      <ExtendedData>
        <Data name="lat">
          <value> 16.9878</value>
        </Data>
        <Data name="long">
          <value>104.7265</value>
        </Data>
      </ExtendedData>
      <Point>
        <coordinates>
          104.7265,16.9878,0
        </coordinates>
      </Point>
    </Placemark>
    <Placemark>
      <name>md243-db-212-0304-364+250</name>
      <description><![CDATA[lat:  16.9874<br>long: 104.7266]]></description>
      <styleUrl>#icon-1899-0288D1</styleUrl>
      <ExtendedData>
        <Data name="lat">
          <value> 16.9874</value>
        </Data>
        <Data name="long">
          <value>104.7266</value>
        </Data>
      </ExtendedData>
      <Point>
        <coordinates>
          104.7266,16.9874,0
        </coordinates>
      </Point>
    </Placemark>
    <Placemark>
      <name>md244-db-212-0304-364+284</name>
      <description><![CDATA[lat:  16.9871<br>long: 104.7267]]></description>
      <styleUrl>#icon-1899-0288D1</styleUrl>
      <ExtendedData>
        <Data name="lat">
          <value> 16.9871</value>
        </Data>
        <Data name="long">
          <value>104.7267</value>
        </Data>
      </ExtendedData>
      <Point>
        <coordinates>
          104.7267,16.9871,0
        </coordinates>
      </Point>
    </Placemark>
    <Placemark>
      <name>md245-db-212-0304-364+318</name>
      <description><![CDATA[lat:  16.9868<br>long: 104.7268]]></description>
      <styleUrl>#icon-1899-0288D1</styleUrl>
      <ExtendedData>
        <Data name="lat">
          <value> 16.9868</value>
        </Data>
        <Data name="long">
          <value>104.7268</value>
        </Data>
      </ExtendedData>
      <Point>
        <coordinates>
          104.7268,16.9868,0
        </coordinates>
      </Point>
    </Placemark>
    <Placemark>
      <name>md246-db-212-0304-364+352</name>
      <description><![CDATA[lat:  16.9865<br>long: 104.7269]]></description>
      <styleUrl>#icon-1899-0288D1</styleUrl>
      <ExtendedData>
        <Data name="lat">
          <value> 16.9865</value>
        </Data>
        <Data name="long">
          <value>104.7269</value>
        </Data>
      </ExtendedData>
      <Point>
        <coordinates>
          104.7269,16.9865,0
        </coordinates>
      </Point>
    </Placemark>
    <Placemark>
      <name>md247-db-212-0304-364+386</name>
      <description><![CDATA[lat:  16.9863<br>long: 104.7270]]></description>
      <styleUrl>#icon-1899-0288D1</styleUrl>
      <ExtendedData>
        <Data name="lat">
          <value> 16.9863</value>
        </Data>
        <Data name="long">
          <value>104.7270</value>
        </Data>
      </ExtendedData>
      <Point>
        <coordinates>
          104.727,16.9863,0
        </coordinates>
      </Point>
    </Placemark>
    <Placemark>
      <name>md248-db-212-0304-364+420</name>
      <description><![CDATA[lat:  16.9860<br>long: 104.7271]]></description>
      <styleUrl>#icon-1899-0288D1</styleUrl>
      <ExtendedData>
        <Data name="lat">
          <value> 16.9860</value>
        </Data>
        <Data name="long">
          <value>104.7271</value>
        </Data>
      </ExtendedData>
      <Point>
        <coordinates>
          104.7271,16.986,0
        </coordinates>
      </Point>
    </Placemark>
    <Placemark>
      <name>md249-db-212-0304-364+454</name>
      <description><![CDATA[lat:  16.9857<br>long: 104.7273]]></description>
      <styleUrl>#icon-1899-0288D1</styleUrl>
      <ExtendedData>
        <Data name="lat">
          <value> 16.9857</value>
        </Data>
        <Data name="long">
          <value>104.7273</value>
        </Data>
      </ExtendedData>
      <Point>
        <coordinates>
          104.7273,16.9857,0
        </coordinates>
      </Point>
    </Placemark>
    <Placemark>
      <name>md250-db-212-0304-364+488</name>
      <description><![CDATA[lat:  16.9854<br>long: 104.7274]]></description>
      <styleUrl>#icon-1899-0288D1</styleUrl>
      <ExtendedData>
        <Data name="lat">
          <value> 16.9854</value>
        </Data>
        <Data name="long">
          <value>104.7274</value>
        </Data>
      </ExtendedData>
      <Point>
        <coordinates>
          104.7274,16.9854,0
        </coordinates>
      </Point>
    </Placemark>
    <Placemark>
      <name>md251-db-212-0304-364+522</name>
      <description><![CDATA[lat:  16.9851<br>long: 104.7275]]></description>
      <styleUrl>#icon-1899-0288D1</styleUrl>
      <ExtendedData>
        <Data name="lat">
          <value> 16.9851</value>
        </Data>
        <Data name="long">
          <value>104.7275</value>
        </Data>
      </ExtendedData>
      <Point>
        <coordinates>
          104.7275,16.9851,0
        </coordinates>
      </Point>
    </Placemark>
    <Placemark>
      <name>md252-db-212-0304-364+556</name>
      <description><![CDATA[lat:  16.9848<br>long: 104.7276]]></description>
      <styleUrl>#icon-1899-0288D1</styleUrl>
      <ExtendedData>
        <Data name="lat">
          <value> 16.9848</value>
        </Data>
        <Data name="long">
          <value>104.7276</value>
        </Data>
      </ExtendedData>
      <Point>
        <coordinates>
          104.7276,16.9848,0
        </coordinates>
      </Point>
    </Placemark>
    <Placemark>
      <name>md253-db-212-0304-364+590</name>
      <description><![CDATA[lat:  16.9845<br>long: 104.7277]]></description>
      <styleUrl>#icon-1899-0288D1</styleUrl>
      <ExtendedData>
        <Data name="lat">
          <value> 16.9845</value>
        </Data>
        <Data name="long">
          <value>104.7277</value>
        </Data>
      </ExtendedData>
      <Point>
        <coordinates>
          104.7277,16.9845,0
        </coordinates>
      </Point>
    </Placemark>
    <Placemark>
      <name>md254-db-212-0304-364+624</name>
      <description><![CDATA[lat:  16.9842<br>long: 104.7278]]></description>
      <styleUrl>#icon-1899-0288D1</styleUrl>
      <ExtendedData>
        <Data name="lat">
          <value> 16.9842</value>
        </Data>
        <Data name="long">
          <value>104.7278</value>
        </Data>
      </ExtendedData>
      <Point>
        <coordinates>
          104.7278,16.9842,0
        </coordinates>
      </Point>
    </Placemark>
    <Placemark>
      <name>md255-db-212-0304-364+658</name>
      <description><![CDATA[lat:  16.9839<br>long: 104.7278]]></description>
      <styleUrl>#icon-1899-0288D1</styleUrl>
      <ExtendedData>
        <Data name="lat">
          <value> 16.9839</value>
        </Data>
        <Data name="long">
          <value>104.7278</value>
        </Data>
      </ExtendedData>
      <Point>
        <coordinates>
          104.7278,16.9839,0
        </coordinates>
      </Point>
    </Placemark>
    <Placemark>
      <name>md256-db-212-0304-364+692</name>
      <description><![CDATA[lat:  16.9836<br>long: 104.7279]]></description>
      <styleUrl>#icon-1899-0288D1</styleUrl>
      <ExtendedData>
        <Data name="lat">
          <value> 16.9836</value>
        </Data>
        <Data name="long">
          <value>104.7279</value>
        </Data>
      </ExtendedData>
      <Point>
        <coordinates>
          104.7279,16.9836,0
        </coordinates>
      </Point>
    </Placemark>
    <Placemark>
      <name>md257-db-212-0304-364+726</name>
      <description><![CDATA[lat:  16.9832<br>long: 104.7279]]></description>
      <styleUrl>#icon-1899-0288D1</styleUrl>
      <ExtendedData>
        <Data name="lat">
          <value> 16.9832</value>
        </Data>
        <Data name="long">
          <value>104.7279</value>
        </Data>
      </ExtendedData>
      <Point>
        <coordinates>
          104.7279,16.9832,0
        </coordinates>
      </Point>
    </Placemark>
    <Placemark>
      <name>md258-db-212-0304-364+760</name>
      <description><![CDATA[lat:  16.9830<br>long: 104.7279]]></description>
      <styleUrl>#icon-1899-0288D1</styleUrl>
      <ExtendedData>
        <Data name="lat">
          <value> 16.9830</value>
        </Data>
        <Data name="long">
          <value>104.7279</value>
        </Data>
      </ExtendedData>
      <Point>
        <coordinates>
          104.7279,16.983,0
        </coordinates>
      </Point>
    </Placemark>
    <Placemark>
      <name>md259-db-212-0304-364+794</name>
      <description><![CDATA[lat:  16.9826<br>long: 104.7279]]></description>
      <styleUrl>#icon-1899-0288D1</styleUrl>
      <ExtendedData>
        <Data name="lat">
          <value> 16.9826</value>
        </Data>
        <Data name="long">
          <value>104.7279</value>
        </Data>
      </ExtendedData>
      <Point>
        <coordinates>
          104.7279,16.9826,0
        </coordinates>
      </Point>
    </Placemark>
    <Placemark>
      <name>md260-db-212-0304-364+864</name>
      <description><![CDATA[lat:  16.9823<br>long: 104.7278]]></description>
      <styleUrl>#icon-1899-0288D1</styleUrl>
      <ExtendedData>
        <Data name="lat">
          <value> 16.9823</value>
        </Data>
        <Data name="long">
          <value>104.7278</value>
        </Data>
      </ExtendedData>
      <Point>
        <coordinates>
          104.7278,16.9823,0
        </coordinates>
      </Point>
    </Placemark>
    <Placemark>
      <name>md261-db-212-0304-364+899</name>
      <description><![CDATA[lat:  16.9817<br>long: 104.7278]]></description>
      <styleUrl>#icon-1899-0288D1</styleUrl>
      <ExtendedData>
        <Data name="lat">
          <value> 16.9817</value>
        </Data>
        <Data name="long">
          <value>104.7278</value>
        </Data>
      </ExtendedData>
      <Point>
        <coordinates>
          104.7278,16.9817,0
        </coordinates>
      </Point>
    </Placemark>
    <Placemark>
      <name>md262-db-212-0304-364+934</name>
      <description><![CDATA[lat:  16.9814<br>long: 104.7278]]></description>
      <styleUrl>#icon-1899-0288D1</styleUrl>
      <ExtendedData>
        <Data name="lat">
          <value> 16.9814</value>
        </Data>
        <Data name="long">
          <value>104.7278</value>
        </Data>
      </ExtendedData>
      <Point>
        <coordinates>
          104.7278,16.9814,0
        </coordinates>
      </Point>
    </Placemark>
    <Placemark>
      <name>md263-db-212-0304-364+969</name>
      <description><![CDATA[lat:  16.9811<br>long: 104.7278]]></description>
      <styleUrl>#icon-1899-0288D1</styleUrl>
      <ExtendedData>
        <Data name="lat">
          <value> 16.9811</value>
        </Data>
        <Data name="long">
          <value>104.7278</value>
        </Data>
      </ExtendedData>
      <Point>
        <coordinates>
          104.7278,16.9811,0
        </coordinates>
      </Point>
    </Placemark>
    <Placemark>
      <name>md264-db-212-0304-365+004</name>
      <description><![CDATA[lat:  16.9808<br>long: 104.7278]]></description>
      <styleUrl>#icon-1899-0288D1</styleUrl>
      <ExtendedData>
        <Data name="lat">
          <value> 16.9808</value>
        </Data>
        <Data name="long">
          <value>104.7278</value>
        </Data>
      </ExtendedData>
      <Point>
        <coordinates>
          104.7278,16.9808,0
        </coordinates>
      </Point>
    </Placemark>
    <Placemark>
      <name>md265-db-212-0304-365+039</name>
      <description><![CDATA[lat:  16.9805<br>long: 104.7277]]></description>
      <styleUrl>#icon-1899-0288D1</styleUrl>
      <ExtendedData>
        <Data name="lat">
          <value> 16.9805</value>
        </Data>
        <Data name="long">
          <value>104.7277</value>
        </Data>
      </ExtendedData>
      <Point>
        <coordinates>
          104.7277,16.9805,0
        </coordinates>
      </Point>
    </Placemark>
    <Placemark>
      <name>md266-db-212-0304-365+074</name>
      <description><![CDATA[lat:  16.9803<br>long: 104.7277]]></description>
      <styleUrl>#icon-1899-0288D1</styleUrl>
      <ExtendedData>
        <Data name="lat">
          <value> 16.9803</value>
        </Data>
        <Data name="long">
          <value>104.7277</value>
        </Data>
      </ExtendedData>
      <Point>
        <coordinates>
          104.7277,16.9803,0
        </coordinates>
      </Point>
    </Placemark>
    <Placemark>
      <name>md267-db-212-0304-365+109</name>
      <description><![CDATA[lat:  16.9799<br>long: 104.7277]]></description>
      <styleUrl>#icon-1899-0288D1</styleUrl>
      <ExtendedData>
        <Data name="lat">
          <value> 16.9799</value>
        </Data>
        <Data name="long">
          <value>104.7277</value>
        </Data>
      </ExtendedData>
      <Point>
        <coordinates>
          104.7277,16.9799,0
        </coordinates>
      </Point>
    </Placemark>
    <Placemark>
      <name>md268-db-212-0304-365+144</name>
      <description><![CDATA[lat:  16.9796<br>long: 104.7277]]></description>
      <styleUrl>#icon-1899-0288D1</styleUrl>
      <ExtendedData>
        <Data name="lat">
          <value> 16.9796</value>
        </Data>
        <Data name="long">
          <value>104.7277</value>
        </Data>
      </ExtendedData>
      <Point>
        <coordinates>
          104.7277,16.9796,0
        </coordinates>
      </Point>
    </Placemark>
    <Placemark>
      <name>md269-db-212-0304-365+179</name>
      <description><![CDATA[lat:  16.9793<br>long: 104.7277]]></description>
      <styleUrl>#icon-1899-0288D1</styleUrl>
      <ExtendedData>
        <Data name="lat">
          <value> 16.9793</value>
        </Data>
        <Data name="long">
          <value>104.7277</value>
        </Data>
      </ExtendedData>
      <Point>
        <coordinates>
          104.7277,16.9793,0
        </coordinates>
      </Point>
    </Placemark>
    <Placemark>
      <name>md270-db-212-0304-365+214</name>
      <description><![CDATA[lat:  16.9790<br>long: 104.7276]]></description>
      <styleUrl>#icon-1899-0288D1</styleUrl>
      <ExtendedData>
        <Data name="lat">
          <value> 16.9790</value>
        </Data>
        <Data name="long">
          <value>104.7276</value>
        </Data>
      </ExtendedData>
      <Point>
        <coordinates>
          104.7276,16.979,0
        </coordinates>
      </Point>
    </Placemark>
    <Placemark>
      <name>md271-db-212-0304-365+249</name>
      <description><![CDATA[lat:  16.9787<br>long: 104.7276]]></description>
      <styleUrl>#icon-1899-0288D1</styleUrl>
      <ExtendedData>
        <Data name="lat">
          <value> 16.9787</value>
        </Data>
        <Data name="long">
          <value>104.7276</value>
        </Data>
      </ExtendedData>
      <Point>
        <coordinates>
          104.7276,16.9787,0
        </coordinates>
      </Point>
    </Placemark>
    <Placemark>
      <name>md272-db-212-0304-365+284</name>
      <description><![CDATA[lat:  16.9784<br>long: 104.7276]]></description>
      <styleUrl>#icon-1899-0288D1</styleUrl>
      <ExtendedData>
        <Data name="lat">
          <value> 16.9784</value>
        </Data>
        <Data name="long">
          <value>104.7276</value>
        </Data>
      </ExtendedData>
      <Point>
        <coordinates>
          104.7276,16.9784,0
        </coordinates>
      </Point>
    </Placemark>
    <Placemark>
      <name>md273-db-212-0304-365+319</name>
      <description><![CDATA[lat:  16.9780<br>long: 104.7276]]></description>
      <styleUrl>#icon-1899-0288D1</styleUrl>
      <ExtendedData>
        <Data name="lat">
          <value> 16.9780</value>
        </Data>
        <Data name="long">
          <value>104.7276</value>
        </Data>
      </ExtendedData>
      <Point>
        <coordinates>
          104.7276,16.978,0
        </coordinates>
      </Point>
    </Placemark>
    <Placemark>
      <name>md274-db-212-0304-365+354</name>
      <description><![CDATA[lat:  16.9776<br>long: 104.7275]]></description>
      <styleUrl>#icon-1899-0288D1</styleUrl>
      <ExtendedData>
        <Data name="lat">
          <value> 16.9776</value>
        </Data>
        <Data name="long">
          <value>104.7275</value>
        </Data>
      </ExtendedData>
      <Point>
        <coordinates>
          104.7275,16.9776,0
        </coordinates>
      </Point>
    </Placemark>
    <Placemark>
      <name>md275-db-212-0304-365+389</name>
      <description><![CDATA[lat:  16.9773<br>long: 104.7275]]></description>
      <styleUrl>#icon-1899-0288D1</styleUrl>
      <ExtendedData>
        <Data name="lat">
          <value> 16.9773</value>
        </Data>
        <Data name="long">
          <value>104.7275</value>
        </Data>
      </ExtendedData>
      <Point>
        <coordinates>
          104.7275,16.9773,0
        </coordinates>
      </Point>
    </Placemark>
    <Placemark>
      <name>md276-db-212-0304-365+424</name>
      <description><![CDATA[lat:  16.9769<br>long: 104.7275]]></description>
      <styleUrl>#icon-1899-0288D1</styleUrl>
      <ExtendedData>
        <Data name="lat">
          <value> 16.9769</value>
        </Data>
        <Data name="long">
          <value>104.7275</value>
        </Data>
      </ExtendedData>
      <Point>
        <coordinates>
          104.7275,16.9769,0
        </coordinates>
      </Point>
    </Placemark>
    <Placemark>
      <name>md277-db-212-0304-365+459</name>
      <description><![CDATA[lat:  16.9765<br>long: 104.7274]]></description>
      <styleUrl>#icon-1899-0288D1</styleUrl>
      <ExtendedData>
        <Data name="lat">
          <value> 16.9765</value>
        </Data>
        <Data name="long">
          <value>104.7274</value>
        </Data>
      </ExtendedData>
      <Point>
        <coordinates>
          104.7274,16.9765,0
        </coordinates>
      </Point>
    </Placemark>
    <Placemark>
      <name>md278-db-212-0304-365+494</name>
      <description><![CDATA[lat:  16.9762<br>long: 104.7274]]></description>
      <styleUrl>#icon-1899-0288D1</styleUrl>
      <ExtendedData>
        <Data name="lat">
          <value> 16.9762</value>
        </Data>
        <Data name="long">
          <value>104.7274</value>
        </Data>
      </ExtendedData>
      <Point>
        <coordinates>
          104.7274,16.9762,0
        </coordinates>
      </Point>
    </Placemark>
    <Placemark>
      <name>md279-db-212-0304-365+529</name>
      <description><![CDATA[lat:  16.9759<br>long: 104.7274]]></description>
      <styleUrl>#icon-1899-0288D1</styleUrl>
      <ExtendedData>
        <Data name="lat">
          <value> 16.9759</value>
        </Data>
        <Data name="long">
          <value>104.7274</value>
        </Data>
      </ExtendedData>
      <Point>
        <coordinates>
          104.7274,16.9759,0
        </coordinates>
      </Point>
    </Placemark>
    <Placemark>
      <name>md280-db-212-0304-365+564</name>
      <description><![CDATA[lat:  16.9756<br>long: 104.7273]]></description>
      <styleUrl>#icon-1899-0288D1</styleUrl>
      <ExtendedData>
        <Data name="lat">
          <value> 16.9756</value>
        </Data>
        <Data name="long">
          <value>104.7273</value>
        </Data>
      </ExtendedData>
      <Point>
        <coordinates>
          104.7273,16.9756,0
        </coordinates>
      </Point>
    </Placemark>
    <Placemark>
      <name>md281-db-212-0304-365+599</name>
      <description><![CDATA[lat:  16.9752<br>long: 104.7273]]></description>
      <styleUrl>#icon-1899-0288D1</styleUrl>
      <ExtendedData>
        <Data name="lat">
          <value> 16.9752</value>
        </Data>
        <Data name="long">
          <value>104.7273</value>
        </Data>
      </ExtendedData>
      <Point>
        <coordinates>
          104.7273,16.9752,0
        </coordinates>
      </Point>
    </Placemark>
    <Placemark>
      <name>md282-db-212-0304-365+634</name>
      <description><![CDATA[lat:  16.9749<br>long: 104.7273]]></description>
      <styleUrl>#icon-1899-0288D1</styleUrl>
      <ExtendedData>
        <Data name="lat">
          <value> 16.9749</value>
        </Data>
        <Data name="long">
          <value>104.7273</value>
        </Data>
      </ExtendedData>
      <Point>
        <coordinates>
          104.7273,16.9749,0
        </coordinates>
      </Point>
    </Placemark>
    <Placemark>
      <name>md283-db-212-0304-365+669</name>
      <description><![CDATA[lat:  16.9745<br>long: 104.7272]]></description>
      <styleUrl>#icon-1899-0288D1</styleUrl>
      <ExtendedData>
        <Data name="lat">
          <value> 16.9745</value>
        </Data>
        <Data name="long">
          <value>104.7272</value>
        </Data>
      </ExtendedData>
      <Point>
        <coordinates>
          104.7272,16.9745,0
        </coordinates>
      </Point>
    </Placemark>
    <Placemark>
      <name>md284-db-212-0304-365+704</name>
      <description><![CDATA[lat:  16.9742<br>long: 104.7272]]></description>
      <styleUrl>#icon-1899-0288D1</styleUrl>
      <ExtendedData>
        <Data name="lat">
          <value> 16.9742</value>
        </Data>
        <Data name="long">
          <value>104.7272</value>
        </Data>
      </ExtendedData>
      <Point>
        <coordinates>
          104.7272,16.9742,0
        </coordinates>
      </Point>
    </Placemark>
    <Placemark>
      <name>md285-db-212-0304-365+739</name>
      <description><![CDATA[lat:  16.9738<br>long: 104.7271]]></description>
      <styleUrl>#icon-1899-0288D1</styleUrl>
      <ExtendedData>
        <Data name="lat">
          <value> 16.9738</value>
        </Data>
        <Data name="long">
          <value>104.7271</value>
        </Data>
      </ExtendedData>
      <Point>
        <coordinates>
          104.7271,16.9738,0
        </coordinates>
      </Point>
    </Placemark>
    <Placemark>
      <name>md286-db-212-0304-365+774</name>
      <description><![CDATA[lat:  16.9735<br>long: 104.7271]]></description>
      <styleUrl>#icon-1899-0288D1</styleUrl>
      <ExtendedData>
        <Data name="lat">
          <value> 16.9735</value>
        </Data>
        <Data name="long">
          <value>104.7271</value>
        </Data>
      </ExtendedData>
      <Point>
        <coordinates>
          104.7271,16.9735,0
        </coordinates>
      </Point>
    </Placemark>
    <Placemark>
      <name>md287-db-212-0304-365+809</name>
      <description><![CDATA[lat:  16.9732<br>long: 104.7270]]></description>
      <styleUrl>#icon-1899-0288D1</styleUrl>
      <ExtendedData>
        <Data name="lat">
          <value> 16.9732</value>
        </Data>
        <Data name="long">
          <value>104.7270</value>
        </Data>
      </ExtendedData>
      <Point>
        <coordinates>
          104.727,16.9732,0
        </coordinates>
      </Point>
    </Placemark>
    <Placemark>
      <name>md288-db-212-0304-365+844</name>
      <description><![CDATA[lat:  16.9728<br>long: 104.7270]]></description>
      <styleUrl>#icon-1899-0288D1</styleUrl>
      <ExtendedData>
        <Data name="lat">
          <value> 16.9728</value>
        </Data>
        <Data name="long">
          <value>104.7270</value>
        </Data>
      </ExtendedData>
      <Point>
        <coordinates>
          104.727,16.9728,0
        </coordinates>
      </Point>
    </Placemark>
    <Placemark>
      <name>md289-db-212-0304-365+924</name>
      <description><![CDATA[lat:  16.9724<br>long: 104.7270]]></description>
      <styleUrl>#icon-1899-0288D1</styleUrl>
      <ExtendedData>
        <Data name="lat">
          <value> 16.9724</value>
        </Data>
        <Data name="long">
          <value>104.7270</value>
        </Data>
      </ExtendedData>
      <Point>
        <coordinates>
          104.727,16.9724,0
        </coordinates>
      </Point>
    </Placemark>
    <Placemark>
      <name>md290-db-212-0304-365+959</name>
      <description><![CDATA[lat:  16.9717<br>long: 104.7270]]></description>
      <styleUrl>#icon-1899-0288D1</styleUrl>
      <ExtendedData>
        <Data name="lat">
          <value> 16.9717</value>
        </Data>
        <Data name="long">
          <value>104.7270</value>
        </Data>
      </ExtendedData>
      <Point>
        <coordinates>
          104.727,16.9717,0
        </coordinates>
      </Point>
    </Placemark>
    <Placemark>
      <name>md291-db-212-0304-365+994</name>
      <description><![CDATA[lat:  16.9714<br>long: 104.7270]]></description>
      <styleUrl>#icon-1899-0288D1</styleUrl>
      <ExtendedData>
        <Data name="lat">
          <value> 16.9714</value>
        </Data>
        <Data name="long">
          <value>104.7270</value>
        </Data>
      </ExtendedData>
      <Point>
        <coordinates>
          104.727,16.9714,0
        </coordinates>
      </Point>
    </Placemark>
    <Placemark>
      <name>md292-db-212-0304-366+029</name>
      <description><![CDATA[lat:  16.9710<br>long: 104.7270]]></description>
      <styleUrl>#icon-1899-0288D1</styleUrl>
      <ExtendedData>
        <Data name="lat">
          <value> 16.9710</value>
        </Data>
        <Data name="long">
          <value>104.7270</value>
        </Data>
      </ExtendedData>
      <Point>
        <coordinates>
          104.727,16.971,0
        </coordinates>
      </Point>
    </Placemark>
    <Placemark>
      <name>md293-db-212-0304-366+064</name>
      <description><![CDATA[lat:  16.9707<br>long: 104.7271]]></description>
      <styleUrl>#icon-1899-0288D1</styleUrl>
      <ExtendedData>
        <Data name="lat">
          <value> 16.9707</value>
        </Data>
        <Data name="long">
          <value>104.7271</value>
        </Data>
      </ExtendedData>
      <Point>
        <coordinates>
          104.7271,16.9707,0
        </coordinates>
      </Point>
    </Placemark>
    <Placemark>
      <name>md294-db-212-0304-366+099</name>
      <description><![CDATA[lat:  16.9704<br>long: 104.7271]]></description>
      <styleUrl>#icon-1899-0288D1</styleUrl>
      <ExtendedData>
        <Data name="lat">
          <value> 16.9704</value>
        </Data>
        <Data name="long">
          <value>104.7271</value>
        </Data>
      </ExtendedData>
      <Point>
        <coordinates>
          104.7271,16.9704,0
        </coordinates>
      </Point>
    </Placemark>
    <Placemark>
      <name>md295-db-212-0304-366+134</name>
      <description><![CDATA[lat:  16.9700<br>long: 104.7271]]></description>
      <styleUrl>#icon-1899-0288D1</styleUrl>
      <ExtendedData>
        <Data name="lat">
          <value> 16.9700</value>
        </Data>
        <Data name="long">
          <value>104.7271</value>
        </Data>
      </ExtendedData>
      <Point>
        <coordinates>
          104.7271,16.97,0
        </coordinates>
      </Point>
    </Placemark>
    <Placemark>
      <name>md296-db-212-0304-366+169</name>
      <description><![CDATA[lat:  16.9696<br>long: 104.7272]]></description>
      <styleUrl>#icon-1899-0288D1</styleUrl>
      <ExtendedData>
        <Data name="lat">
          <value> 16.9696</value>
        </Data>
        <Data name="long">
          <value>104.7272</value>
        </Data>
      </ExtendedData>
      <Point>
        <coordinates>
          104.7272,16.9696,0
        </coordinates>
      </Point>
    </Placemark>
    <Placemark>
      <name>md297-db-212-0304-366+204</name>
      <description><![CDATA[lat:  16.9693<br>long: 104.7272]]></description>
      <styleUrl>#icon-1899-0288D1</styleUrl>
      <ExtendedData>
        <Data name="lat">
          <value> 16.9693</value>
        </Data>
        <Data name="long">
          <value>104.7272</value>
        </Data>
      </ExtendedData>
      <Point>
        <coordinates>
          104.7272,16.9693,0
        </coordinates>
      </Point>
    </Placemark>
    <Placemark>
      <name>md298-db-212-0304-366+274</name>
      <description><![CDATA[lat:  16.9690<br>long: 104.7272]]></description>
      <styleUrl>#icon-1899-0288D1</styleUrl>
      <ExtendedData>
        <Data name="lat">
          <value> 16.9690</value>
        </Data>
        <Data name="long">
          <value>104.7272</value>
        </Data>
      </ExtendedData>
      <Point>
        <coordinates>
          104.7272,16.969,0
        </coordinates>
      </Point>
    </Placemark>
    <Placemark>
      <name>md299-db-212-0304-366+307</name>
      <description><![CDATA[lat:  16.9683<br>long: 104.7273]]></description>
      <styleUrl>#icon-1899-0288D1</styleUrl>
      <ExtendedData>
        <Data name="lat">
          <value> 16.9683</value>
        </Data>
        <Data name="long">
          <value>104.7273</value>
        </Data>
      </ExtendedData>
      <Point>
        <coordinates>
          104.7273,16.9683,0
        </coordinates>
      </Point>
    </Placemark>
    <Placemark>
      <name>md300-db-212-0304-366+340</name>
      <description><![CDATA[lat:  16.9679<br>long: 104.7274]]></description>
      <styleUrl>#icon-1899-0288D1</styleUrl>
      <ExtendedData>
        <Data name="lat">
          <value> 16.9679</value>
        </Data>
        <Data name="long">
          <value>104.7274</value>
        </Data>
      </ExtendedData>
      <Point>
        <coordinates>
          104.7274,16.9679,0
        </coordinates>
      </Point>
    </Placemark>
    <Placemark>
      <name>md301-db-212-0304-366+373</name>
      <description><![CDATA[lat:  16.9676<br>long: 104.7274]]></description>
      <styleUrl>#icon-1899-0288D1</styleUrl>
      <ExtendedData>
        <Data name="lat">
          <value> 16.9676</value>
        </Data>
        <Data name="long">
          <value>104.7274</value>
        </Data>
      </ExtendedData>
      <Point>
        <coordinates>
          104.7274,16.9676,0
        </coordinates>
      </Point>
    </Placemark>
    <Placemark>
      <name>md302-db-212-0304-366+406</name>
      <description><![CDATA[lat:  16.9673<br>long: 104.7274]]></description>
      <styleUrl>#icon-1899-0288D1</styleUrl>
      <ExtendedData>
        <Data name="lat">
          <value> 16.9673</value>
        </Data>
        <Data name="long">
          <value>104.7274</value>
        </Data>
      </ExtendedData>
      <Point>
        <coordinates>
          104.7274,16.9673,0
        </coordinates>
      </Point>
    </Placemark>
    <Placemark>
      <name>md303-db-212-0304-366+439</name>
      <description><![CDATA[lat:  16.9669<br>long: 104.7274]]></description>
      <styleUrl>#icon-1899-0288D1</styleUrl>
      <ExtendedData>
        <Data name="lat">
          <value> 16.9669</value>
        </Data>
        <Data name="long">
          <value>104.7274</value>
        </Data>
      </ExtendedData>
      <Point>
        <coordinates>
          104.7274,16.9669,0
        </coordinates>
      </Point>
    </Placemark>
    <Placemark>
      <name>md304-db-212-0304-366+472</name>
      <description><![CDATA[lat:  16.9666<br>long: 104.7273]]></description>
      <styleUrl>#icon-1899-0288D1</styleUrl>
      <ExtendedData>
        <Data name="lat">
          <value> 16.9666</value>
        </Data>
        <Data name="long">
          <value>104.7273</value>
        </Data>
      </ExtendedData>
      <Point>
        <coordinates>
          104.7273,16.9666,0
        </coordinates>
      </Point>
    </Placemark>
    <Placemark>
      <name>md305-db-212-0304-366+505</name>
      <description><![CDATA[lat:  16.9663<br>long: 104.7272]]></description>
      <styleUrl>#icon-1899-0288D1</styleUrl>
      <ExtendedData>
        <Data name="lat">
          <value> 16.9663</value>
        </Data>
        <Data name="long">
          <value>104.7272</value>
        </Data>
      </ExtendedData>
      <Point>
        <coordinates>
          104.7272,16.9663,0
        </coordinates>
      </Point>
    </Placemark>
    <Placemark>
      <name>md306-db-212-0304-366+538</name>
      <description><![CDATA[lat:  16.9660<br>long: 104.7271]]></description>
      <styleUrl>#icon-1899-0288D1</styleUrl>
      <ExtendedData>
        <Data name="lat">
          <value> 16.9660</value>
        </Data>
        <Data name="long">
          <value>104.7271</value>
        </Data>
      </ExtendedData>
      <Point>
        <coordinates>
          104.7271,16.966,0
        </coordinates>
      </Point>
    </Placemark>
    <Placemark>
      <name>md307-db-212-0304-366+571</name>
      <description><![CDATA[lat:  16.9657<br>long: 104.7270]]></description>
      <styleUrl>#icon-1899-0288D1</styleUrl>
      <ExtendedData>
        <Data name="lat">
          <value> 16.9657</value>
        </Data>
        <Data name="long">
          <value>104.7270</value>
        </Data>
      </ExtendedData>
      <Point>
        <coordinates>
          104.727,16.9657,0
        </coordinates>
      </Point>
    </Placemark>
    <Placemark>
      <name>md308-db-212-0304-366+604</name>
      <description><![CDATA[lat:  16.9654<br>long: 104.7270]]></description>
      <styleUrl>#icon-1899-0288D1</styleUrl>
      <ExtendedData>
        <Data name="lat">
          <value> 16.9654</value>
        </Data>
        <Data name="long">
          <value>104.7270</value>
        </Data>
      </ExtendedData>
      <Point>
        <coordinates>
          104.727,16.9654,0
        </coordinates>
      </Point>
    </Placemark>
    <Placemark>
      <name>md309-db-212-0304-366+637</name>
      <description><![CDATA[lat:  16.9651<br>long: 104.7269]]></description>
      <styleUrl>#icon-1899-0288D1</styleUrl>
      <ExtendedData>
        <Data name="lat">
          <value> 16.9651</value>
        </Data>
        <Data name="long">
          <value>104.7269</value>
        </Data>
      </ExtendedData>
      <Point>
        <coordinates>
          104.7269,16.9651,0
        </coordinates>
      </Point>
    </Placemark>
    <Placemark>
      <name>md310-db-212-0304-366+670</name>
      <description><![CDATA[lat:  16.9648<br>long: 104.7268]]></description>
      <styleUrl>#icon-1899-0288D1</styleUrl>
      <ExtendedData>
        <Data name="lat">
          <value> 16.9648</value>
        </Data>
        <Data name="long">
          <value>104.7268</value>
        </Data>
      </ExtendedData>
      <Point>
        <coordinates>
          104.7268,16.9648,0
        </coordinates>
      </Point>
    </Placemark>
    <Placemark>
      <name>md311-db-212-0304-366+703</name>
      <description><![CDATA[lat:  16.9645<br>long: 104.7268]]></description>
      <styleUrl>#icon-1899-0288D1</styleUrl>
      <ExtendedData>
        <Data name="lat">
          <value> 16.9645</value>
        </Data>
        <Data name="long">
          <value>104.7268</value>
        </Data>
      </ExtendedData>
      <Point>
        <coordinates>
          104.7268,16.9645,0
        </coordinates>
      </Point>
    </Placemark>
    <Placemark>
      <name>md312-db-212-0304-366+736</name>
      <description><![CDATA[lat:  16.9643<br>long: 104.7267]]></description>
      <styleUrl>#icon-1899-0288D1</styleUrl>
      <ExtendedData>
        <Data name="lat">
          <value> 16.9643</value>
        </Data>
        <Data name="long">
          <value>104.7267</value>
        </Data>
      </ExtendedData>
      <Point>
        <coordinates>
          104.7267,16.9643,0
        </coordinates>
      </Point>
    </Placemark>
    <Placemark>
      <name>md313-db-212-0304-366+769</name>
      <description><![CDATA[lat:  16.9639<br>long: 104.7266]]></description>
      <styleUrl>#icon-1899-0288D1</styleUrl>
      <ExtendedData>
        <Data name="lat">
          <value> 16.9639</value>
        </Data>
        <Data name="long">
          <value>104.7266</value>
        </Data>
      </ExtendedData>
      <Point>
        <coordinates>
          104.7266,16.9639,0
        </coordinates>
      </Point>
    </Placemark>
    <Placemark>
      <name>md314-db-212-0304-366+802</name>
      <description><![CDATA[lat:  16.9636<br>long: 104.7265]]></description>
      <styleUrl>#icon-1899-0288D1</styleUrl>
      <ExtendedData>
        <Data name="lat">
          <value> 16.9636</value>
        </Data>
        <Data name="long">
          <value>104.7265</value>
        </Data>
      </ExtendedData>
      <Point>
        <coordinates>
          104.7265,16.9636,0
        </coordinates>
      </Point>
    </Placemark>
    <Placemark>
      <name>md315-db-212-0304-366+835</name>
      <description><![CDATA[lat:  16.9633<br>long: 104.7265]]></description>
      <styleUrl>#icon-1899-0288D1</styleUrl>
      <ExtendedData>
        <Data name="lat">
          <value> 16.9633</value>
        </Data>
        <Data name="long">
          <value>104.7265</value>
        </Data>
      </ExtendedData>
      <Point>
        <coordinates>
          104.7265,16.9633,0
        </coordinates>
      </Point>
    </Placemark>
    <Placemark>
      <name>md316-db-212-0304-366+868</name>
      <description><![CDATA[lat:  16.9630<br>long: 104.7264]]></description>
      <styleUrl>#icon-1899-0288D1</styleUrl>
      <ExtendedData>
        <Data name="lat">
          <value> 16.9630</value>
        </Data>
        <Data name="long">
          <value>104.7264</value>
        </Data>
      </ExtendedData>
      <Point>
        <coordinates>
          104.7264,16.963,0
        </coordinates>
      </Point>
    </Placemark>
    <Placemark>
      <name>md317-db-212-0304-366+901</name>
      <description><![CDATA[lat:  16.9626<br>long: 104.7263]]></description>
      <styleUrl>#icon-1899-0288D1</styleUrl>
      <ExtendedData>
        <Data name="lat">
          <value> 16.9626</value>
        </Data>
        <Data name="long">
          <value>104.7263</value>
        </Data>
      </ExtendedData>
      <Point>
        <coordinates>
          104.7263,16.9626,0
        </coordinates>
      </Point>
    </Placemark>
    <Placemark>
      <name>md318-db-212-0304-366+934</name>
      <description><![CDATA[lat:  16.9623<br>long: 104.7262]]></description>
      <styleUrl>#icon-1899-0288D1</styleUrl>
      <ExtendedData>
        <Data name="lat">
          <value> 16.9623</value>
        </Data>
        <Data name="long">
          <value>104.7262</value>
        </Data>
      </ExtendedData>
      <Point>
        <coordinates>
          104.7262,16.9623,0
        </coordinates>
      </Point>
    </Placemark>
    <Placemark>
      <name>md318-db-212-0304-366+967</name>
      <description><![CDATA[lat:  16.9620<br>long: 104.7262]]></description>
      <styleUrl>#icon-1899-0288D1</styleUrl>
      <ExtendedData>
        <Data name="lat">
          <value> 16.9620</value>
        </Data>
        <Data name="long">
          <value>104.7262</value>
        </Data>
      </ExtendedData>
      <Point>
        <coordinates>
          104.7262,16.962,0
        </coordinates>
      </Point>
    </Placemark>
    <Placemark>
      <name>md319-db-212-0304-367+000</name>
      <description><![CDATA[lat:  16.9617<br>long: 104.7261]]></description>
      <styleUrl>#icon-1899-0288D1</styleUrl>
      <ExtendedData>
        <Data name="lat">
          <value> 16.9617</value>
        </Data>
        <Data name="long">
          <value>104.7261</value>
        </Data>
      </ExtendedData>
      <Point>
        <coordinates>
          104.7261,16.9617,0
        </coordinates>
      </Point>
    </Placemark>
    <Placemark>
      <name>md320-db-212-0304-367+033</name>
      <description><![CDATA[lat:  16.9614<br>long: 104.7260]]></description>
      <styleUrl>#icon-1899-0288D1</styleUrl>
      <ExtendedData>
        <Data name="lat">
          <value> 16.9614</value>
        </Data>
        <Data name="long">
          <value>104.7260</value>
        </Data>
      </ExtendedData>
      <Point>
        <coordinates>
          104.726,16.9614,0
        </coordinates>
      </Point>
    </Placemark>
    <Placemark>
      <name>md321-db-212-0304-367+066</name>
      <description><![CDATA[lat:  16.9611<br>long: 104.7259]]></description>
      <styleUrl>#icon-1899-0288D1</styleUrl>
      <ExtendedData>
        <Data name="lat">
          <value> 16.9611</value>
        </Data>
        <Data name="long">
          <value>104.7259</value>
        </Data>
      </ExtendedData>
      <Point>
        <coordinates>
          104.7259,16.9611,0
        </coordinates>
      </Point>
    </Placemark>
    <Placemark>
      <name>md322-db-212-0304-367+099</name>
      <description><![CDATA[lat:  16.9607<br>long: 104.7258]]></description>
      <styleUrl>#icon-1899-0288D1</styleUrl>
      <ExtendedData>
        <Data name="lat">
          <value> 16.9607</value>
        </Data>
        <Data name="long">
          <value>104.7258</value>
        </Data>
      </ExtendedData>
      <Point>
        <coordinates>
          104.7258,16.9607,0
        </coordinates>
      </Point>
    </Placemark>
    <Placemark>
      <name>md323-db-212-0304-367+132</name>
      <description><![CDATA[lat:  16.9604<br>long: 104.7258]]></description>
      <styleUrl>#icon-1899-0288D1</styleUrl>
      <ExtendedData>
        <Data name="lat">
          <value> 16.9604</value>
        </Data>
        <Data name="long">
          <value>104.7258</value>
        </Data>
      </ExtendedData>
      <Point>
        <coordinates>
          104.7258,16.9604,0
        </coordinates>
      </Point>
    </Placemark>
    <Placemark>
      <name>md324-db-212-0304-367+187</name>
      <description><![CDATA[lat:  16.9598<br>long: 104.7257]]></description>
      <styleUrl>#icon-1899-0288D1</styleUrl>
      <ExtendedData>
        <Data name="lat">
          <value> 16.9598</value>
        </Data>
        <Data name="long">
          <value>104.7257</value>
        </Data>
      </ExtendedData>
      <Point>
        <coordinates>
          104.7257,16.9598,0
        </coordinates>
      </Point>
    </Placemark>
    <Placemark>
      <name>md325-db-212-0304-367+237</name>
      <description><![CDATA[lat:  16.9591<br>long: 104.7256]]></description>
      <styleUrl>#icon-1899-0288D1</styleUrl>
      <ExtendedData>
        <Data name="lat">
          <value> 16.9591</value>
        </Data>
        <Data name="long">
          <value>104.7256</value>
        </Data>
      </ExtendedData>
      <Point>
        <coordinates>
          104.7256,16.9591,0
        </coordinates>
      </Point>
    </Placemark>
    <Placemark>
      <name>md326-db-212-0304-367+269</name>
      <description><![CDATA[lat:  16.9588<br>long: 104.7255]]></description>
      <styleUrl>#icon-1899-0288D1</styleUrl>
      <ExtendedData>
        <Data name="lat">
          <value> 16.9588</value>
        </Data>
        <Data name="long">
          <value>104.7255</value>
        </Data>
      </ExtendedData>
      <Point>
        <coordinates>
          104.7255,16.9588,0
        </coordinates>
      </Point>
    </Placemark>
    <Placemark>
      <name>md327-db-212-0304-367+301</name>
      <description><![CDATA[lat:  16.9585<br>long: 104.7255]]></description>
      <styleUrl>#icon-1899-0288D1</styleUrl>
      <ExtendedData>
        <Data name="lat">
          <value> 16.9585</value>
        </Data>
        <Data name="long">
          <value>104.7255</value>
        </Data>
      </ExtendedData>
      <Point>
        <coordinates>
          104.7255,16.9585,0
        </coordinates>
      </Point>
    </Placemark>
    <Placemark>
      <name>md328-db-212-0304-367+333</name>
      <description><![CDATA[lat:  16.9582<br>long: 104.7255]]></description>
      <styleUrl>#icon-1899-0288D1</styleUrl>
      <ExtendedData>
        <Data name="lat">
          <value> 16.9582</value>
        </Data>
        <Data name="long">
          <value>104.7255</value>
        </Data>
      </ExtendedData>
      <Point>
        <coordinates>
          104.7255,16.9582,0
        </coordinates>
      </Point>
    </Placemark>
    <Placemark>
      <name>md329-db-212-0304-367+365</name>
      <description><![CDATA[lat:  16.9579<br>long: 104.7255]]></description>
      <styleUrl>#icon-1899-0288D1</styleUrl>
      <ExtendedData>
        <Data name="lat">
          <value> 16.9579</value>
        </Data>
        <Data name="long">
          <value>104.7255</value>
        </Data>
      </ExtendedData>
      <Point>
        <coordinates>
          104.7255,16.9579,0
        </coordinates>
      </Point>
    </Placemark>
    <Placemark>
      <name>md330-db-212-0304-367+397</name>
      <description><![CDATA[lat:  16.9575<br>long: 104.7254]]></description>
      <styleUrl>#icon-1899-0288D1</styleUrl>
      <ExtendedData>
        <Data name="lat">
          <value> 16.9575</value>
        </Data>
        <Data name="long">
          <value>104.7254</value>
        </Data>
      </ExtendedData>
      <Point>
        <coordinates>
          104.7254,16.9575,0
        </coordinates>
      </Point>
    </Placemark>
    <Placemark>
      <name>md331-db-212-0304-367+429</name>
      <description><![CDATA[lat:  16.9572<br>long: 104.7254]]></description>
      <styleUrl>#icon-1899-0288D1</styleUrl>
      <ExtendedData>
        <Data name="lat">
          <value> 16.9572</value>
        </Data>
        <Data name="long">
          <value>104.7254</value>
        </Data>
      </ExtendedData>
      <Point>
        <coordinates>
          104.7254,16.9572,0
        </coordinates>
      </Point>
    </Placemark>
    <Placemark>
      <name>rt52-sg-212-0304-367+461</name>
      <description><![CDATA[lat:  16.9569<br>long: 104.7254]]></description>
      <styleUrl>#icon-1899-0288D1</styleUrl>
      <ExtendedData>
        <Data name="lat">
          <value> 16.9569</value>
        </Data>
        <Data name="long">
          <value>104.7254</value>
        </Data>
      </ExtendedData>
      <Point>
        <coordinates>
          104.7254,16.9569,0
        </coordinates>
      </Point>
    </Placemark>
  </Document>
</kml>
