<?xml version="1.0" encoding="UTF-8"?>
<kml xmlns="http://www.opengis.net/kml/2.2">
  <Document>
    <name>212-2</name>
    <Style id="icon-1899-0288D1-normal">
      <IconStyle>
        <color>ffd18802</color>
        <scale>1</scale>
        <Icon>
          <href>https://www.gstatic.com/mapspro/images/stock/503-wht-blank_maps.png</href>
        </Icon>
        <hotSpot x="32" xunits="pixels" y="64" yunits="insetPixels"/>
      </IconStyle>
      <LabelStyle>
        <scale>0</scale>
      </LabelStyle>
    </Style>
    <Style id="icon-1899-0288D1-highlight">
      <IconStyle>
        <color>ffd18802</color>
        <scale>1</scale>
        <Icon>
          <href>https://www.gstatic.com/mapspro/images/stock/503-wht-blank_maps.png</href>
        </Icon>
        <hotSpot x="32" xunits="pixels" y="64" yunits="insetPixels"/>
      </IconStyle>
      <LabelStyle>
        <scale>1</scale>
      </LabelStyle>
    </Style>
    <StyleMap id="icon-1899-0288D1">
      <Pair>
        <key>normal</key>
        <styleUrl>#icon-1899-0288D1-normal</styleUrl>
      </Pair>
      <Pair>
        <key>highlight</key>
        <styleUrl>#icon-1899-0288D1-highlight</styleUrl>
      </Pair>
    </StyleMap>
    <Placemark>
      <name>RT63-SG-212-0304-374+733</name>
      <description><![CDATA[lat:  16.9391<br>long: 104.7200]]></description>
      <styleUrl>#icon-1899-0288D1</styleUrl>
      <ExtendedData>
        <Data name="lat">
          <value> 16.9391</value>
        </Data>
        <Data name="long">
          <value>104.7200</value>
        </Data>
      </ExtendedData>
      <Point>
        <coordinates>
          104.72,16.9391,0
        </coordinates>
      </Point>
    </Placemark>
    <Placemark>
      <name>RT64-SG-212-0304-374+787</name>
      <description><![CDATA[lat:  16.9391<br>long: 104.7195]]></description>
      <styleUrl>#icon-1899-0288D1</styleUrl>
      <ExtendedData>
        <Data name="lat">
          <value> 16.9391</value>
        </Data>
        <Data name="long">
          <value>104.7195</value>
        </Data>
      </ExtendedData>
      <Point>
        <coordinates>
          104.7195,16.9391,0
        </coordinates>
      </Point>
    </Placemark>
    <Placemark>
      <name>RT65-SG-212-0304-374+804</name>
      <description><![CDATA[lat:  16.9391<br>long: 104.7191]]></description>
      <styleUrl>#icon-1899-0288D1</styleUrl>
      <ExtendedData>
        <Data name="lat">
          <value> 16.9391</value>
        </Data>
        <Data name="long">
          <value>104.7191</value>
        </Data>
      </ExtendedData>
      <Point>
        <coordinates>
          104.7191,16.9391,0
        </coordinates>
      </Point>
    </Placemark>
    <Placemark>
      <name>RT66-SG-212-0304-374+831</name>
      <description><![CDATA[lat:  16.9390<br>long: 104.7187]]></description>
      <styleUrl>#icon-1899-0288D1</styleUrl>
      <ExtendedData>
        <Data name="lat">
          <value> 16.9390</value>
        </Data>
        <Data name="long">
          <value>104.7187</value>
        </Data>
      </ExtendedData>
      <Point>
        <coordinates>
          104.7187,16.939,0
        </coordinates>
      </Point>
    </Placemark>
    <Placemark>
      <name>RT67-SG-212-0304-374+858</name>
      <description><![CDATA[lat:  16.9389<br>long: 104.7183]]></description>
      <styleUrl>#icon-1899-0288D1</styleUrl>
      <ExtendedData>
        <Data name="lat">
          <value> 16.9389</value>
        </Data>
        <Data name="long">
          <value>104.7183</value>
        </Data>
      </ExtendedData>
      <Point>
        <coordinates>
          104.7183,16.9389,0
        </coordinates>
      </Point>
    </Placemark>
    <Placemark>
      <name>RT68-SG-212-0304-374+885</name>
      <description><![CDATA[lat:  16.9388<br>long: 104.7178]]></description>
      <styleUrl>#icon-1899-0288D1</styleUrl>
      <ExtendedData>
        <Data name="lat">
          <value> 16.9388</value>
        </Data>
        <Data name="long">
          <value>104.7178</value>
        </Data>
      </ExtendedData>
      <Point>
        <coordinates>
          104.7178,16.9388,0
        </coordinates>
      </Point>
    </Placemark>
    <Placemark>
      <name>RT69-SG-212-0304-374+912</name>
      <description><![CDATA[lat:  16.9388<br>long: 104.7174]]></description>
      <styleUrl>#icon-1899-0288D1</styleUrl>
      <ExtendedData>
        <Data name="lat">
          <value> 16.9388</value>
        </Data>
        <Data name="long">
          <value>104.7174</value>
        </Data>
      </ExtendedData>
      <Point>
        <coordinates>
          104.7174,16.9388,0
        </coordinates>
      </Point>
    </Placemark>
    <Placemark>
      <name>RT70-SG-212-0304-375+060</name>
      <description><![CDATA[lat:  16.9387<br>long: 104.7170]]></description>
      <styleUrl>#icon-1899-0288D1</styleUrl>
      <ExtendedData>
        <Data name="lat">
          <value> 16.9387</value>
        </Data>
        <Data name="long">
          <value>104.7170</value>
        </Data>
      </ExtendedData>
      <Point>
        <coordinates>
          104.717,16.9387,0
        </coordinates>
      </Point>
    </Placemark>
    <Placemark>
      <name>RT71-SG-212-0304-375+102</name>
      <description><![CDATA[lat:  16.9386<br>long: 104.7166]]></description>
      <styleUrl>#icon-1899-0288D1</styleUrl>
      <ExtendedData>
        <Data name="lat">
          <value> 16.9386</value>
        </Data>
        <Data name="long">
          <value>104.7166</value>
        </Data>
      </ExtendedData>
      <Point>
        <coordinates>
          104.7166,16.9386,0
        </coordinates>
      </Point>
    </Placemark>
    <Placemark>
      <name>RT72-SG-212-0304-375+144</name>
      <description><![CDATA[lat:  16.9385<br>long: 104.7161]]></description>
      <styleUrl>#icon-1899-0288D1</styleUrl>
      <ExtendedData>
        <Data name="lat">
          <value> 16.9385</value>
        </Data>
        <Data name="long">
          <value>104.7161</value>
        </Data>
      </ExtendedData>
      <Point>
        <coordinates>
          104.7161,16.9385,0
        </coordinates>
      </Point>
    </Placemark>
    <Placemark>
      <name>RT73-SG-212-0304-375+186</name>
      <description><![CDATA[lat:  16.9384<br>long: 104.7157]]></description>
      <styleUrl>#icon-1899-0288D1</styleUrl>
      <ExtendedData>
        <Data name="lat">
          <value> 16.9384</value>
        </Data>
        <Data name="long">
          <value>104.7157</value>
        </Data>
      </ExtendedData>
      <Point>
        <coordinates>
          104.7157,16.9384,0
        </coordinates>
      </Point>
    </Placemark>
    <Placemark>
      <name>RT74-SG-212-0304-375+228</name>
      <description><![CDATA[lat:  16.9383<br>long: 104.7153]]></description>
      <styleUrl>#icon-1899-0288D1</styleUrl>
      <ExtendedData>
        <Data name="lat">
          <value> 16.9383</value>
        </Data>
        <Data name="long">
          <value>104.7153</value>
        </Data>
      </ExtendedData>
      <Point>
        <coordinates>
          104.7153,16.9383,0
        </coordinates>
      </Point>
    </Placemark>
    <Placemark>
      <name>RT75-SG-212-0304-375+270</name>
      <description><![CDATA[lat:  16.9382<br>long: 104.7149]]></description>
      <styleUrl>#icon-1899-0288D1</styleUrl>
      <ExtendedData>
        <Data name="lat">
          <value> 16.9382</value>
        </Data>
        <Data name="long">
          <value>104.7149</value>
        </Data>
      </ExtendedData>
      <Point>
        <coordinates>
          104.7149,16.9382,0
        </coordinates>
      </Point>
    </Placemark>
    <Placemark>
      <name>RT76-SG-212-0304-375+312</name>
      <description><![CDATA[lat:  16.9380<br>long: 104.7145]]></description>
      <styleUrl>#icon-1899-0288D1</styleUrl>
      <ExtendedData>
        <Data name="lat">
          <value> 16.9380</value>
        </Data>
        <Data name="long">
          <value>104.7145</value>
        </Data>
      </ExtendedData>
      <Point>
        <coordinates>
          104.7145,16.938,0
        </coordinates>
      </Point>
    </Placemark>
    <Placemark>
      <name>RT77-SG-212-0304-375+354</name>
      <description><![CDATA[lat:  16.9378<br>long: 104.7141]]></description>
      <styleUrl>#icon-1899-0288D1</styleUrl>
      <ExtendedData>
        <Data name="lat">
          <value> 16.9378</value>
        </Data>
        <Data name="long">
          <value>104.7141</value>
        </Data>
      </ExtendedData>
      <Point>
        <coordinates>
          104.7141,16.9378,0
        </coordinates>
      </Point>
    </Placemark>
    <Placemark>
      <name>RT78-SG-212-0304-375+396</name>
      <description><![CDATA[lat: 16.9376<br>long: 104.7138]]></description>
      <styleUrl>#icon-1899-0288D1</styleUrl>
      <ExtendedData>
        <Data name="lat">
          <value>16.9376</value>
        </Data>
        <Data name="long">
          <value>104.7138</value>
        </Data>
      </ExtendedData>
      <Point>
        <coordinates>
          104.7138,16.9376,0
        </coordinates>
      </Point>
    </Placemark>
    <Placemark>
      <name>RT79-SG-212-0304-375+438</name>
      <description><![CDATA[lat:  16.9371<br>long: 104.7129]]></description>
      <styleUrl>#icon-1899-0288D1</styleUrl>
      <ExtendedData>
        <Data name="lat">
          <value> 16.9371</value>
        </Data>
        <Data name="long">
          <value>104.7129</value>
        </Data>
      </ExtendedData>
      <Point>
        <coordinates>
          104.7129,16.9371,0
        </coordinates>
      </Point>
    </Placemark>
    <Placemark>
      <name>RT80-SG-212-0304-375+480</name>
      <description><![CDATA[lat:  16.9368<br>long: 104.7125]]></description>
      <styleUrl>#icon-1899-0288D1</styleUrl>
      <ExtendedData>
        <Data name="lat">
          <value> 16.9368</value>
        </Data>
        <Data name="long">
          <value>104.7125</value>
        </Data>
      </ExtendedData>
      <Point>
        <coordinates>
          104.7125,16.9368,0
        </coordinates>
      </Point>
    </Placemark>
    <Placemark>
      <name>RT81-SG-212-0304-375+522</name>
      <description><![CDATA[lat:  16.9373<br>long: 104.7132]]></description>
      <styleUrl>#icon-1899-0288D1</styleUrl>
      <ExtendedData>
        <Data name="lat">
          <value> 16.9373</value>
        </Data>
        <Data name="long">
          <value>104.7132</value>
        </Data>
      </ExtendedData>
      <Point>
        <coordinates>
          104.7132,16.9373,0
        </coordinates>
      </Point>
    </Placemark>
    <Placemark>
      <name>MD72-DB-212-0304-375+598</name>
      <description><![CDATA[lat:  16.9366<br>long: 104.7121]]></description>
      <styleUrl>#icon-1899-0288D1</styleUrl>
      <ExtendedData>
        <Data name="lat">
          <value> 16.9366</value>
        </Data>
        <Data name="long">
          <value>104.7121</value>
        </Data>
      </ExtendedData>
      <Point>
        <coordinates>
          104.7121,16.9366,0
        </coordinates>
      </Point>
    </Placemark>
    <Placemark>
      <name>MD73-DB-212-0304-375+640</name>
      <description><![CDATA[lat:  16.9363<br>long: 104.7117]]></description>
      <styleUrl>#icon-1899-0288D1</styleUrl>
      <ExtendedData>
        <Data name="lat">
          <value> 16.9363</value>
        </Data>
        <Data name="long">
          <value>104.7117</value>
        </Data>
      </ExtendedData>
      <Point>
        <coordinates>
          104.7117,16.9363,0
        </coordinates>
      </Point>
    </Placemark>
    <Placemark>
      <name>MD74-DB-212-0304-375+682</name>
      <description><![CDATA[lat:  16.9361<br>long: 104.7112]]></description>
      <styleUrl>#icon-1899-0288D1</styleUrl>
      <ExtendedData>
        <Data name="lat">
          <value> 16.9361</value>
        </Data>
        <Data name="long">
          <value>104.7112</value>
        </Data>
      </ExtendedData>
      <Point>
        <coordinates>
          104.7112,16.9361,0
        </coordinates>
      </Point>
    </Placemark>
    <Placemark>
      <name>MD75-DB-212-0304-377+100</name>
      <description><![CDATA[lat:  16.9359<br>long: 104.7108]]></description>
      <styleUrl>#icon-1899-0288D1</styleUrl>
      <ExtendedData>
        <Data name="lat">
          <value> 16.9359</value>
        </Data>
        <Data name="long">
          <value>104.7108</value>
        </Data>
      </ExtendedData>
      <Point>
        <coordinates>
          104.7108,16.9359,0
        </coordinates>
      </Point>
    </Placemark>
    <Placemark>
      <name>MD76-DB-212-0304-377+132</name>
      <description><![CDATA[lat:  16.9356<br>long: 104.7104]]></description>
      <styleUrl>#icon-1899-0288D1</styleUrl>
      <ExtendedData>
        <Data name="lat">
          <value> 16.9356</value>
        </Data>
        <Data name="long">
          <value>104.7104</value>
        </Data>
      </ExtendedData>
      <Point>
        <coordinates>
          104.7104,16.9356,0
        </coordinates>
      </Point>
    </Placemark>
    <Placemark>
      <name>MD77-DB-212-0304-377+164</name>
      <description><![CDATA[lat:  16.9354<br>long: 104.7100]]></description>
      <styleUrl>#icon-1899-0288D1</styleUrl>
      <ExtendedData>
        <Data name="lat">
          <value> 16.9354</value>
        </Data>
        <Data name="long">
          <value>104.7100</value>
        </Data>
      </ExtendedData>
      <Point>
        <coordinates>
          104.71,16.9354,0
        </coordinates>
      </Point>
    </Placemark>
    <Placemark>
      <name>MD78-DB-212-0304-377+196</name>
      <description><![CDATA[lat:  16.9352<br>long: 104.7097]]></description>
      <styleUrl>#icon-1899-0288D1</styleUrl>
      <ExtendedData>
        <Data name="lat">
          <value> 16.9352</value>
        </Data>
        <Data name="long">
          <value>104.7097</value>
        </Data>
      </ExtendedData>
      <Point>
        <coordinates>
          104.7097,16.9352,0
        </coordinates>
      </Point>
    </Placemark>
    <Placemark>
      <name>MD79-DB-212-0304-377+228</name>
      <description><![CDATA[lat:  16.9350<br>long: 104.7093]]></description>
      <styleUrl>#icon-1899-0288D1</styleUrl>
      <ExtendedData>
        <Data name="lat">
          <value> 16.9350</value>
        </Data>
        <Data name="long">
          <value>104.7093</value>
        </Data>
      </ExtendedData>
      <Point>
        <coordinates>
          104.7093,16.935,0
        </coordinates>
      </Point>
    </Placemark>
    <Placemark>
      <name>MD80-DB-212-0304-377+260</name>
      <description><![CDATA[lat:  16.9347<br>long: 104.7088]]></description>
      <styleUrl>#icon-1899-0288D1</styleUrl>
      <ExtendedData>
        <Data name="lat">
          <value> 16.9347</value>
        </Data>
        <Data name="long">
          <value>104.7088</value>
        </Data>
      </ExtendedData>
      <Point>
        <coordinates>
          104.7088,16.9347,0
        </coordinates>
      </Point>
    </Placemark>
    <Placemark>
      <name>MD81-DB-212-0304-377+292</name>
      <description><![CDATA[lat:  16.9345<br>long: 104.7084]]></description>
      <styleUrl>#icon-1899-0288D1</styleUrl>
      <ExtendedData>
        <Data name="lat">
          <value> 16.9345</value>
        </Data>
        <Data name="long">
          <value>104.7084</value>
        </Data>
      </ExtendedData>
      <Point>
        <coordinates>
          104.7084,16.9345,0
        </coordinates>
      </Point>
    </Placemark>
    <Placemark>
      <name>MD82-DB-212-0304-377+324</name>
      <description><![CDATA[lat:  16.9343<br>long: 104.7081]]></description>
      <styleUrl>#icon-1899-0288D1</styleUrl>
      <ExtendedData>
        <Data name="lat">
          <value> 16.9343</value>
        </Data>
        <Data name="long">
          <value>104.7081</value>
        </Data>
      </ExtendedData>
      <Point>
        <coordinates>
          104.7081,16.9343,0
        </coordinates>
      </Point>
    </Placemark>
    <Placemark>
      <name>MD83-DB-212-0304-377+356</name>
      <description><![CDATA[lat:  16.9340<br>long: 104.7076]]></description>
      <styleUrl>#icon-1899-0288D1</styleUrl>
      <ExtendedData>
        <Data name="lat">
          <value> 16.9340</value>
        </Data>
        <Data name="long">
          <value>104.7076</value>
        </Data>
      </ExtendedData>
      <Point>
        <coordinates>
          104.7076,16.934,0
        </coordinates>
      </Point>
    </Placemark>
    <Placemark>
      <name>MD84-DB-212-0304-377+388</name>
      <description><![CDATA[lat:  16.9336<br>long: 104.7069]]></description>
      <styleUrl>#icon-1899-0288D1</styleUrl>
      <ExtendedData>
        <Data name="lat">
          <value> 16.9336</value>
        </Data>
        <Data name="long">
          <value>104.7069</value>
        </Data>
      </ExtendedData>
      <Point>
        <coordinates>
          104.7069,16.9336,0
        </coordinates>
      </Point>
    </Placemark>
    <Placemark>
      <name>MD85-DB-212-0304-377+420</name>
      <description><![CDATA[lat:  16.9333<br>long: 104.7064]]></description>
      <styleUrl>#icon-1899-0288D1</styleUrl>
      <ExtendedData>
        <Data name="lat">
          <value> 16.9333</value>
        </Data>
        <Data name="long">
          <value>104.7064</value>
        </Data>
      </ExtendedData>
      <Point>
        <coordinates>
          104.7064,16.9333,0
        </coordinates>
      </Point>
    </Placemark>
    <Placemark>
      <name>MD86-DB-212-0304-377+452</name>
      <description><![CDATA[lat:  16.9331<br>long: 104.7061]]></description>
      <styleUrl>#icon-1899-0288D1</styleUrl>
      <ExtendedData>
        <Data name="lat">
          <value> 16.9331</value>
        </Data>
        <Data name="long">
          <value>104.7061</value>
        </Data>
      </ExtendedData>
      <Point>
        <coordinates>
          104.7061,16.9331,0
        </coordinates>
      </Point>
    </Placemark>
    <Placemark>
      <name>MD87-DB-212-0304-377+484</name>
      <description><![CDATA[lat:  16.9328<br>long: 104.7056]]></description>
      <styleUrl>#icon-1899-0288D1</styleUrl>
      <ExtendedData>
        <Data name="lat">
          <value> 16.9328</value>
        </Data>
        <Data name="long">
          <value>104.7056</value>
        </Data>
      </ExtendedData>
      <Point>
        <coordinates>
          104.7056,16.9328,0
        </coordinates>
      </Point>
    </Placemark>
    <Placemark>
      <name>MD88-DB-212-0304-377+516</name>
      <description><![CDATA[lat:  16.9327<br>long: 104.7053]]></description>
      <styleUrl>#icon-1899-0288D1</styleUrl>
      <ExtendedData>
        <Data name="lat">
          <value> 16.9327</value>
        </Data>
        <Data name="long">
          <value>104.7053</value>
        </Data>
      </ExtendedData>
      <Point>
        <coordinates>
          104.7053,16.9327,0
        </coordinates>
      </Point>
    </Placemark>
    <Placemark>
      <name>MD89-DB-212-0304-377+548</name>
      <description><![CDATA[lat:  16.9325<br>long: 104.7050]]></description>
      <styleUrl>#icon-1899-0288D1</styleUrl>
      <ExtendedData>
        <Data name="lat">
          <value> 16.9325</value>
        </Data>
        <Data name="long">
          <value>104.7050</value>
        </Data>
      </ExtendedData>
      <Point>
        <coordinates>
          104.705,16.9325,0
        </coordinates>
      </Point>
    </Placemark>
    <Placemark>
      <name>MD90-DB-212-0304-377+580</name>
      <description><![CDATA[lat:  16.9324<br>long: 104.7047]]></description>
      <styleUrl>#icon-1899-0288D1</styleUrl>
      <ExtendedData>
        <Data name="lat">
          <value> 16.9324</value>
        </Data>
        <Data name="long">
          <value>104.7047</value>
        </Data>
      </ExtendedData>
      <Point>
        <coordinates>
          104.7047,16.9324,0
        </coordinates>
      </Point>
    </Placemark>
    <Placemark>
      <name>MD91-DB-212-0304-377+612</name>
      <description><![CDATA[lat: 16.9322<br>long: 104.7045]]></description>
      <styleUrl>#icon-1899-0288D1</styleUrl>
      <ExtendedData>
        <Data name="lat">
          <value>16.9322</value>
        </Data>
        <Data name="long">
          <value>104.7045</value>
        </Data>
      </ExtendedData>
      <Point>
        <coordinates>
          104.7045,16.9322,0
        </coordinates>
      </Point>
    </Placemark>
    <Placemark>
      <name>MD92-DB-212-0304-377+644</name>
      <description><![CDATA[lat: 16.9320<br>long: 104.7042]]></description>
      <styleUrl>#icon-1899-0288D1</styleUrl>
      <ExtendedData>
        <Data name="lat">
          <value>16.9320</value>
        </Data>
        <Data name="long">
          <value>104.7042</value>
        </Data>
      </ExtendedData>
      <Point>
        <coordinates>
          104.7042,16.932,0
        </coordinates>
      </Point>
    </Placemark>
    <Placemark>
      <name>MD93-DB-212-0304-377+676</name>
      <description><![CDATA[lat:  16.9318<br>long: 104.7037]]></description>
      <styleUrl>#icon-1899-0288D1</styleUrl>
      <ExtendedData>
        <Data name="lat">
          <value> 16.9318</value>
        </Data>
        <Data name="long">
          <value>104.7037</value>
        </Data>
      </ExtendedData>
      <Point>
        <coordinates>
          104.7037,16.9318,0
        </coordinates>
      </Point>
    </Placemark>
    <Placemark>
      <name>MD94-DB-212-0304-377+708</name>
      <description><![CDATA[lat:  16.9312<br>long: 104.7028]]></description>
      <styleUrl>#icon-1899-0288D1</styleUrl>
      <ExtendedData>
        <Data name="lat">
          <value> 16.9312</value>
        </Data>
        <Data name="long">
          <value>104.7028</value>
        </Data>
      </ExtendedData>
      <Point>
        <coordinates>
          104.7028,16.9312,0
        </coordinates>
      </Point>
    </Placemark>
    <Placemark>
      <name>MD95-DB-212-0304-377+740</name>
      <description><![CDATA[lat:  16.9310<br>long: 104.7024]]></description>
      <styleUrl>#icon-1899-0288D1</styleUrl>
      <ExtendedData>
        <Data name="lat">
          <value> 16.9310</value>
        </Data>
        <Data name="long">
          <value>104.7024</value>
        </Data>
      </ExtendedData>
      <Point>
        <coordinates>
          104.7024,16.931,0
        </coordinates>
      </Point>
    </Placemark>
    <Placemark>
      <name>MD96-DB-212-0304-377+772</name>
      <description><![CDATA[lat:  16.9308<br>long: 104.7019]]></description>
      <styleUrl>#icon-1899-0288D1</styleUrl>
      <ExtendedData>
        <Data name="lat">
          <value> 16.9308</value>
        </Data>
        <Data name="long">
          <value>104.7019</value>
        </Data>
      </ExtendedData>
      <Point>
        <coordinates>
          104.7019,16.9308,0
        </coordinates>
      </Point>
    </Placemark>
    <Placemark>
      <name>MD97-DB-212-0304-377+804</name>
      <description><![CDATA[lat:  16.9308<br>long: 104.7014]]></description>
      <styleUrl>#icon-1899-0288D1</styleUrl>
      <ExtendedData>
        <Data name="lat">
          <value> 16.9308</value>
        </Data>
        <Data name="long">
          <value>104.7014</value>
        </Data>
      </ExtendedData>
      <Point>
        <coordinates>
          104.7014,16.9308,0
        </coordinates>
      </Point>
    </Placemark>
    <Placemark>
      <name>MD98-DB-212-0304-377+836</name>
      <description><![CDATA[lat:  16.9308<br>long: 104.7009]]></description>
      <styleUrl>#icon-1899-0288D1</styleUrl>
      <ExtendedData>
        <Data name="lat">
          <value> 16.9308</value>
        </Data>
        <Data name="long">
          <value>104.7009</value>
        </Data>
      </ExtendedData>
      <Point>
        <coordinates>
          104.7009,16.9308,0
        </coordinates>
      </Point>
    </Placemark>
    <Placemark>
      <name>MD99-DB-212-0304-377+868</name>
      <description><![CDATA[lat:  16.9308<br>long: 104.7006]]></description>
      <styleUrl>#icon-1899-0288D1</styleUrl>
      <ExtendedData>
        <Data name="lat">
          <value> 16.9308</value>
        </Data>
        <Data name="long">
          <value>104.7006</value>
        </Data>
      </ExtendedData>
      <Point>
        <coordinates>
          104.7006,16.9308,0
        </coordinates>
      </Point>
    </Placemark>
    <Placemark>
      <name>MD100-DB-212-0304-377+900</name>
      <description><![CDATA[lat:  16.9308<br>long: 104.7002]]></description>
      <styleUrl>#icon-1899-0288D1</styleUrl>
      <ExtendedData>
        <Data name="lat">
          <value> 16.9308</value>
        </Data>
        <Data name="long">
          <value>104.7002</value>
        </Data>
      </ExtendedData>
      <Point>
        <coordinates>
          104.7002,16.9308,0
        </coordinates>
      </Point>
    </Placemark>
    <Placemark>
      <name>MD101-DB-212-0304-377+932</name>
      <description><![CDATA[lat:  16.9307<br>long: 104.6999]]></description>
      <styleUrl>#icon-1899-0288D1</styleUrl>
      <ExtendedData>
        <Data name="lat">
          <value> 16.9307</value>
        </Data>
        <Data name="long">
          <value>104.6999</value>
        </Data>
      </ExtendedData>
      <Point>
        <coordinates>
          104.6999,16.9307,0
        </coordinates>
      </Point>
    </Placemark>
    <Placemark>
      <name>MD102-DB-212-0304-377+964</name>
      <description><![CDATA[lat:  16.9368<br>long: 104.7126]]></description>
      <styleUrl>#icon-1899-0288D1</styleUrl>
      <ExtendedData>
        <Data name="lat">
          <value> 16.9368</value>
        </Data>
        <Data name="long">
          <value>104.7126</value>
        </Data>
      </ExtendedData>
      <Point>
        <coordinates>
          104.7126,16.9368,0
        </coordinates>
      </Point>
    </Placemark>
    <Placemark>
      <name>MD103-DB-212-0304-377+996</name>
      <description><![CDATA[lat:  16.9366<br>long: 104.7123]]></description>
      <styleUrl>#icon-1899-0288D1</styleUrl>
      <ExtendedData>
        <Data name="lat">
          <value> 16.9366</value>
        </Data>
        <Data name="long">
          <value>104.7123</value>
        </Data>
      </ExtendedData>
      <Point>
        <coordinates>
          104.7123,16.9366,0
        </coordinates>
      </Point>
    </Placemark>
    <Placemark>
      <name>MD104-DB-212-0304-378+028</name>
      <description><![CDATA[lat:  16.9365<br>long: 104.7120]]></description>
      <styleUrl>#icon-1899-0288D1</styleUrl>
      <ExtendedData>
        <Data name="lat">
          <value> 16.9365</value>
        </Data>
        <Data name="long">
          <value>104.7120</value>
        </Data>
      </ExtendedData>
      <Point>
        <coordinates>
          104.712,16.9365,0
        </coordinates>
      </Point>
    </Placemark>
    <Placemark>
      <name>MD105-DB-212-0304-378+060</name>
      <description><![CDATA[lat:  16.9362<br>long: 104.7116]]></description>
      <styleUrl>#icon-1899-0288D1</styleUrl>
      <ExtendedData>
        <Data name="lat">
          <value> 16.9362</value>
        </Data>
        <Data name="long">
          <value>104.7116</value>
        </Data>
      </ExtendedData>
      <Point>
        <coordinates>
          104.7116,16.9362,0
        </coordinates>
      </Point>
    </Placemark>
    <Placemark>
      <name>MD106-DB-212-0304-378+092</name>
      <description><![CDATA[lat:  16.9360<br>long: 104.7113]]></description>
      <styleUrl>#icon-1899-0288D1</styleUrl>
      <ExtendedData>
        <Data name="lat">
          <value> 16.9360</value>
        </Data>
        <Data name="long">
          <value>104.7113</value>
        </Data>
      </ExtendedData>
      <Point>
        <coordinates>
          104.7113,16.936,0
        </coordinates>
      </Point>
    </Placemark>
    <Placemark>
      <name>MD107-DB-212-0304-378+124</name>
      <description><![CDATA[lat:  16.9359<br>long: 104.7111]]></description>
      <styleUrl>#icon-1899-0288D1</styleUrl>
      <ExtendedData>
        <Data name="lat">
          <value> 16.9359</value>
        </Data>
        <Data name="long">
          <value>104.7111</value>
        </Data>
      </ExtendedData>
      <Point>
        <coordinates>
          104.7111,16.9359,0
        </coordinates>
      </Point>
    </Placemark>
    <Placemark>
      <name>MD108-DB-212-0304-378+156</name>
      <description><![CDATA[lat:  16.9357<br>long: 104.7107]]></description>
      <styleUrl>#icon-1899-0288D1</styleUrl>
      <ExtendedData>
        <Data name="lat">
          <value> 16.9357</value>
        </Data>
        <Data name="long">
          <value>104.7107</value>
        </Data>
      </ExtendedData>
      <Point>
        <coordinates>
          104.7107,16.9357,0
        </coordinates>
      </Point>
    </Placemark>
    <Placemark>
      <name>MD109-DB-212-0304-378+496</name>
      <description><![CDATA[lat:  16.9355<br>long: 104.7104]]></description>
      <styleUrl>#icon-1899-0288D1</styleUrl>
      <ExtendedData>
        <Data name="lat">
          <value> 16.9355</value>
        </Data>
        <Data name="long">
          <value>104.7104</value>
        </Data>
      </ExtendedData>
      <Point>
        <coordinates>
          104.7104,16.9355,0
        </coordinates>
      </Point>
    </Placemark>
    <Placemark>
      <name>MD110-DB-212-0304-378+526</name>
      <description><![CDATA[lat:  16.9353<br>long: 104.7100]]></description>
      <styleUrl>#icon-1899-0288D1</styleUrl>
      <ExtendedData>
        <Data name="lat">
          <value> 16.9353</value>
        </Data>
        <Data name="long">
          <value>104.7100</value>
        </Data>
      </ExtendedData>
      <Point>
        <coordinates>
          104.71,16.9353,0
        </coordinates>
      </Point>
    </Placemark>
    <Placemark>
      <name>MD111-DB-212-0304-378+556</name>
      <description><![CDATA[lat:  16.9351<br>long: 104.7097]]></description>
      <styleUrl>#icon-1899-0288D1</styleUrl>
      <ExtendedData>
        <Data name="lat">
          <value> 16.9351</value>
        </Data>
        <Data name="long">
          <value>104.7097</value>
        </Data>
      </ExtendedData>
      <Point>
        <coordinates>
          104.7097,16.9351,0
        </coordinates>
      </Point>
    </Placemark>
    <Placemark>
      <name>MD112-DB-212-0304-378+586</name>
      <description><![CDATA[lat:  16.9349<br>long: 104.7094]]></description>
      <styleUrl>#icon-1899-0288D1</styleUrl>
      <ExtendedData>
        <Data name="lat">
          <value> 16.9349</value>
        </Data>
        <Data name="long">
          <value>104.7094</value>
        </Data>
      </ExtendedData>
      <Point>
        <coordinates>
          104.7094,16.9349,0
        </coordinates>
      </Point>
    </Placemark>
    <Placemark>
      <name>MD113-DB-212-0304-378+616</name>
      <description><![CDATA[lat:  16.9348<br>long: 104.7091]]></description>
      <styleUrl>#icon-1899-0288D1</styleUrl>
      <ExtendedData>
        <Data name="lat">
          <value> 16.9348</value>
        </Data>
        <Data name="long">
          <value>104.7091</value>
        </Data>
      </ExtendedData>
      <Point>
        <coordinates>
          104.7091,16.9348,0
        </coordinates>
      </Point>
    </Placemark>
    <Placemark>
      <name>MD114-DB-212-0304-378+646</name>
      <description><![CDATA[lat:  16.9346<br>long: 104.7088]]></description>
      <styleUrl>#icon-1899-0288D1</styleUrl>
      <ExtendedData>
        <Data name="lat">
          <value> 16.9346</value>
        </Data>
        <Data name="long">
          <value>104.7088</value>
        </Data>
      </ExtendedData>
      <Point>
        <coordinates>
          104.7088,16.9346,0
        </coordinates>
      </Point>
    </Placemark>
    <Placemark>
      <name>MD115-DB-212-0304-378+676</name>
      <description><![CDATA[lat:  16.9344<br>long: 104.7085]]></description>
      <styleUrl>#icon-1899-0288D1</styleUrl>
      <ExtendedData>
        <Data name="lat">
          <value> 16.9344</value>
        </Data>
        <Data name="long">
          <value>104.7085</value>
        </Data>
      </ExtendedData>
      <Point>
        <coordinates>
          104.7085,16.9344,0
        </coordinates>
      </Point>
    </Placemark>
    <Placemark>
      <name>MD116-DB-212-0304-378+706</name>
      <description><![CDATA[lat:  16.9342<br>long: 104.7081]]></description>
      <styleUrl>#icon-1899-0288D1</styleUrl>
      <ExtendedData>
        <Data name="lat">
          <value> 16.9342</value>
        </Data>
        <Data name="long">
          <value>104.7081</value>
        </Data>
      </ExtendedData>
      <Point>
        <coordinates>
          104.7081,16.9342,0
        </coordinates>
      </Point>
    </Placemark>
    <Placemark>
      <name>MD117-DB-212-0304-378+736</name>
      <description><![CDATA[lat:  16.9340<br>long: 104.7078]]></description>
      <styleUrl>#icon-1899-0288D1</styleUrl>
      <ExtendedData>
        <Data name="lat">
          <value> 16.9340</value>
        </Data>
        <Data name="long">
          <value>104.7078</value>
        </Data>
      </ExtendedData>
      <Point>
        <coordinates>
          104.7078,16.934,0
        </coordinates>
      </Point>
    </Placemark>
    <Placemark>
      <name>MD118-DB-212-0304-378+766</name>
      <description><![CDATA[lat:  16.9322<br>long: 104.7047]]></description>
      <styleUrl>#icon-1899-0288D1</styleUrl>
      <ExtendedData>
        <Data name="lat">
          <value> 16.9322</value>
        </Data>
        <Data name="long">
          <value>104.7047</value>
        </Data>
      </ExtendedData>
      <Point>
        <coordinates>
          104.7047,16.9322,0
        </coordinates>
      </Point>
    </Placemark>
    <Placemark>
      <name>MD119-DB-212-0304-378+796</name>
      <description><![CDATA[lat:  16.9320<br>long: 104.7043]]></description>
      <styleUrl>#icon-1899-0288D1</styleUrl>
      <ExtendedData>
        <Data name="lat">
          <value> 16.9320</value>
        </Data>
        <Data name="long">
          <value>104.7043</value>
        </Data>
      </ExtendedData>
      <Point>
        <coordinates>
          104.7043,16.932,0
        </coordinates>
      </Point>
    </Placemark>
    <Placemark>
      <name>MD120-DB-212-0304-378+826</name>
      <description><![CDATA[lat:  16.9318<br>long: 104.7039]]></description>
      <styleUrl>#icon-1899-0288D1</styleUrl>
      <ExtendedData>
        <Data name="lat">
          <value> 16.9318</value>
        </Data>
        <Data name="long">
          <value>104.7039</value>
        </Data>
      </ExtendedData>
      <Point>
        <coordinates>
          104.7039,16.9318,0
        </coordinates>
      </Point>
    </Placemark>
    <Placemark>
      <name>MD121-DB-212-0304-382+425</name>
      <description><![CDATA[lat:  16.9315<br>long: 104.7034]]></description>
      <styleUrl>#icon-1899-0288D1</styleUrl>
      <ExtendedData>
        <Data name="lat">
          <value> 16.9315</value>
        </Data>
        <Data name="long">
          <value>104.7034</value>
        </Data>
      </ExtendedData>
      <Point>
        <coordinates>
          104.7034,16.9315,0
        </coordinates>
      </Point>
    </Placemark>
    <Placemark>
      <name>MD122-DB-212-0304-382+459</name>
      <description><![CDATA[lat:  16.9312<br>long: 104.7030]]></description>
      <styleUrl>#icon-1899-0288D1</styleUrl>
      <ExtendedData>
        <Data name="lat">
          <value> 16.9312</value>
        </Data>
        <Data name="long">
          <value>104.7030</value>
        </Data>
      </ExtendedData>
      <Point>
        <coordinates>
          104.703,16.9312,0
        </coordinates>
      </Point>
    </Placemark>
    <Placemark>
      <name>MD123-DB-212-0304-382+493</name>
      <description><![CDATA[lat:  16.9310<br>long: 104.7025]]></description>
      <styleUrl>#icon-1899-0288D1</styleUrl>
      <ExtendedData>
        <Data name="lat">
          <value> 16.9310</value>
        </Data>
        <Data name="long">
          <value>104.7025</value>
        </Data>
      </ExtendedData>
      <Point>
        <coordinates>
          104.7025,16.931,0
        </coordinates>
      </Point>
    </Placemark>
    <Placemark>
      <name>MD124-DB-212-0304-382+527</name>
      <description><![CDATA[lat:  16.9308<br>long: 104.7020]]></description>
      <styleUrl>#icon-1899-0288D1</styleUrl>
      <ExtendedData>
        <Data name="lat">
          <value> 16.9308</value>
        </Data>
        <Data name="long">
          <value>104.7020</value>
        </Data>
      </ExtendedData>
      <Point>
        <coordinates>
          104.702,16.9308,0
        </coordinates>
      </Point>
    </Placemark>
    <Placemark>
      <name>MD125-DB-212-0304-382+561</name>
      <description><![CDATA[lat:  16.9307<br>long: 104.7017]]></description>
      <styleUrl>#icon-1899-0288D1</styleUrl>
      <ExtendedData>
        <Data name="lat">
          <value> 16.9307</value>
        </Data>
        <Data name="long">
          <value>104.7017</value>
        </Data>
      </ExtendedData>
      <Point>
        <coordinates>
          104.7017,16.9307,0
        </coordinates>
      </Point>
    </Placemark>
    <Placemark>
      <name>MD126-DB-212-0304-382+595</name>
      <description><![CDATA[lat:  16.9306<br>long: 104.6997]]></description>
      <styleUrl>#icon-1899-0288D1</styleUrl>
      <ExtendedData>
        <Data name="lat">
          <value> 16.9306</value>
        </Data>
        <Data name="long">
          <value>104.6997</value>
        </Data>
      </ExtendedData>
      <Point>
        <coordinates>
          104.6997,16.9306,0
        </coordinates>
      </Point>
    </Placemark>
    <Placemark>
      <name>MD127-DB-212-0304-382+629</name>
      <description><![CDATA[lat:  16.9306<br>long: 104.6993]]></description>
      <styleUrl>#icon-1899-0288D1</styleUrl>
      <ExtendedData>
        <Data name="lat">
          <value> 16.9306</value>
        </Data>
        <Data name="long">
          <value>104.6993</value>
        </Data>
      </ExtendedData>
      <Point>
        <coordinates>
          104.6993,16.9306,0
        </coordinates>
      </Point>
    </Placemark>
    <Placemark>
      <name>MD128-DB-212-0304-382+663</name>
      <description><![CDATA[lat:  16.9306<br>long: 104.6987]]></description>
      <styleUrl>#icon-1899-0288D1</styleUrl>
      <ExtendedData>
        <Data name="lat">
          <value> 16.9306</value>
        </Data>
        <Data name="long">
          <value>104.6987</value>
        </Data>
      </ExtendedData>
      <Point>
        <coordinates>
          104.6987,16.9306,0
        </coordinates>
      </Point>
    </Placemark>
    <Placemark>
      <name>MD129-DB-212-0304-382+697</name>
      <description><![CDATA[lat:  16.9306<br>long: 104.6983]]></description>
      <styleUrl>#icon-1899-0288D1</styleUrl>
      <ExtendedData>
        <Data name="lat">
          <value> 16.9306</value>
        </Data>
        <Data name="long">
          <value>104.6983</value>
        </Data>
      </ExtendedData>
      <Point>
        <coordinates>
          104.6983,16.9306,0
        </coordinates>
      </Point>
    </Placemark>
    <Placemark>
      <name>MD130-DB-212-0304-382+731</name>
      <description><![CDATA[lat:  16.9306<br>long: 104.6978]]></description>
      <styleUrl>#icon-1899-0288D1</styleUrl>
      <ExtendedData>
        <Data name="lat">
          <value> 16.9306</value>
        </Data>
        <Data name="long">
          <value>104.6978</value>
        </Data>
      </ExtendedData>
      <Point>
        <coordinates>
          104.6978,16.9306,0
        </coordinates>
      </Point>
    </Placemark>
    <Placemark>
      <name>MD131-DB-212-0304-382+765</name>
      <description><![CDATA[lat:  16.9306<br>long: 104.6974]]></description>
      <styleUrl>#icon-1899-0288D1</styleUrl>
      <ExtendedData>
        <Data name="lat">
          <value> 16.9306</value>
        </Data>
        <Data name="long">
          <value>104.6974</value>
        </Data>
      </ExtendedData>
      <Point>
        <coordinates>
          104.6974,16.9306,0
        </coordinates>
      </Point>
    </Placemark>
    <Placemark>
      <name>MD132-DB-212-0304-382+799</name>
      <description><![CDATA[lat:  16.9306<br>long: 104.6971]]></description>
      <styleUrl>#icon-1899-0288D1</styleUrl>
      <ExtendedData>
        <Data name="lat">
          <value> 16.9306</value>
        </Data>
        <Data name="long">
          <value>104.6971</value>
        </Data>
      </ExtendedData>
      <Point>
        <coordinates>
          104.6971,16.9306,0
        </coordinates>
      </Point>
    </Placemark>
    <Placemark>
      <name>MD133-DB-212-0304-382+833</name>
      <description><![CDATA[lat:  16.9306<br>long: 104.6967]]></description>
      <styleUrl>#icon-1899-0288D1</styleUrl>
      <ExtendedData>
        <Data name="lat">
          <value> 16.9306</value>
        </Data>
        <Data name="long">
          <value>104.6967</value>
        </Data>
      </ExtendedData>
      <Point>
        <coordinates>
          104.6967,16.9306,0
        </coordinates>
      </Point>
    </Placemark>
    <Placemark>
      <name>MD134-DB-212-0304-382+867</name>
      <description><![CDATA[lat:  16.9307<br>long: 104.6962]]></description>
      <styleUrl>#icon-1899-0288D1</styleUrl>
      <ExtendedData>
        <Data name="lat">
          <value> 16.9307</value>
        </Data>
        <Data name="long">
          <value>104.6962</value>
        </Data>
      </ExtendedData>
      <Point>
        <coordinates>
          104.6962,16.9307,0
        </coordinates>
      </Point>
    </Placemark>
    <Placemark>
      <name>MD135-DB-212-0304-382+901</name>
      <description><![CDATA[lat:  16.9308<br>long: 104.6958]]></description>
      <styleUrl>#icon-1899-0288D1</styleUrl>
      <ExtendedData>
        <Data name="lat">
          <value> 16.9308</value>
        </Data>
        <Data name="long">
          <value>104.6958</value>
        </Data>
      </ExtendedData>
      <Point>
        <coordinates>
          104.6958,16.9308,0
        </coordinates>
      </Point>
    </Placemark>
    <Placemark>
      <name>MD136-DB-212-0304-382+935</name>
      <description><![CDATA[lat:  16.9309<br>long: 104.6955]]></description>
      <styleUrl>#icon-1899-0288D1</styleUrl>
      <ExtendedData>
        <Data name="lat">
          <value> 16.9309</value>
        </Data>
        <Data name="long">
          <value>104.6955</value>
        </Data>
      </ExtendedData>
      <Point>
        <coordinates>
          104.6955,16.9309,0
        </coordinates>
      </Point>
    </Placemark>
    <Placemark>
      <name>MD137-DB-212-0304-382+969</name>
      <description><![CDATA[lat: 16.9310<br>long: 104.6952]]></description>
      <styleUrl>#icon-1899-0288D1</styleUrl>
      <ExtendedData>
        <Data name="lat">
          <value>16.9310</value>
        </Data>
        <Data name="long">
          <value>104.6952</value>
        </Data>
      </ExtendedData>
      <Point>
        <coordinates>
          104.6952,16.931,0
        </coordinates>
      </Point>
    </Placemark>
    <Placemark>
      <name>MD138-DB-212-0304-383+003</name>
      <description><![CDATA[lat: 16.9312<br>long: 104.6948]]></description>
      <styleUrl>#icon-1899-0288D1</styleUrl>
      <ExtendedData>
        <Data name="lat">
          <value>16.9312</value>
        </Data>
        <Data name="long">
          <value>104.6948</value>
        </Data>
      </ExtendedData>
      <Point>
        <coordinates>
          104.6948,16.9312,0
        </coordinates>
      </Point>
    </Placemark>
    <Placemark>
      <name>MD139-DB-212-0304-383+037</name>
      <description><![CDATA[lat:  16.9314<br>long: 104.6945]]></description>
      <styleUrl>#icon-1899-0288D1</styleUrl>
      <ExtendedData>
        <Data name="lat">
          <value> 16.9314</value>
        </Data>
        <Data name="long">
          <value>104.6945</value>
        </Data>
      </ExtendedData>
      <Point>
        <coordinates>
          104.6945,16.9314,0
        </coordinates>
      </Point>
    </Placemark>
    <Placemark>
      <name>MD140-DB-212-0304-383+071</name>
      <description><![CDATA[lat:  16.9316<br>long: 104.6942]]></description>
      <styleUrl>#icon-1899-0288D1</styleUrl>
      <ExtendedData>
        <Data name="lat">
          <value> 16.9316</value>
        </Data>
        <Data name="long">
          <value>104.6942</value>
        </Data>
      </ExtendedData>
      <Point>
        <coordinates>
          104.6942,16.9316,0
        </coordinates>
      </Point>
    </Placemark>
    <Placemark>
      <name>MD141-DB-212-0304-383+105</name>
      <description><![CDATA[lat:  16.9318<br>long: 104.6939]]></description>
      <styleUrl>#icon-1899-0288D1</styleUrl>
      <ExtendedData>
        <Data name="lat">
          <value> 16.9318</value>
        </Data>
        <Data name="long">
          <value>104.6939</value>
        </Data>
      </ExtendedData>
      <Point>
        <coordinates>
          104.6939,16.9318,0
        </coordinates>
      </Point>
    </Placemark>
    <Placemark>
      <name>MD142-DB-212-0304-383+139</name>
      <description><![CDATA[lat:  16.9320<br>long: 104.6936]]></description>
      <styleUrl>#icon-1899-0288D1</styleUrl>
      <ExtendedData>
        <Data name="lat">
          <value> 16.9320</value>
        </Data>
        <Data name="long">
          <value>104.6936</value>
        </Data>
      </ExtendedData>
      <Point>
        <coordinates>
          104.6936,16.932,0
        </coordinates>
      </Point>
    </Placemark>
    <Placemark>
      <name>MD143-DB-212-0304-383+173</name>
      <description><![CDATA[lat:  16.9322<br>long: 104.6932]]></description>
      <styleUrl>#icon-1899-0288D1</styleUrl>
      <ExtendedData>
        <Data name="lat">
          <value> 16.9322</value>
        </Data>
        <Data name="long">
          <value>104.6932</value>
        </Data>
      </ExtendedData>
      <Point>
        <coordinates>
          104.6932,16.9322,0
        </coordinates>
      </Point>
    </Placemark>
    <Placemark>
      <name>MD144-DB-212-0304-383+207</name>
      <description><![CDATA[lat:  16.9324<br>long: 104.6929]]></description>
      <styleUrl>#icon-1899-0288D1</styleUrl>
      <ExtendedData>
        <Data name="lat">
          <value> 16.9324</value>
        </Data>
        <Data name="long">
          <value>104.6929</value>
        </Data>
      </ExtendedData>
      <Point>
        <coordinates>
          104.6929,16.9324,0
        </coordinates>
      </Point>
    </Placemark>
    <Placemark>
      <name>MD145-DB-212-0304-383+241</name>
      <description><![CDATA[lat:  16.9325<br>long: 104.6926]]></description>
      <styleUrl>#icon-1899-0288D1</styleUrl>
      <ExtendedData>
        <Data name="lat">
          <value> 16.9325</value>
        </Data>
        <Data name="long">
          <value>104.6926</value>
        </Data>
      </ExtendedData>
      <Point>
        <coordinates>
          104.6926,16.9325,0
        </coordinates>
      </Point>
    </Placemark>
    <Placemark>
      <name>MD146-DB-212-0304-383+275</name>
      <description><![CDATA[lat:  16.9327<br>long: 104.6922]]></description>
      <styleUrl>#icon-1899-0288D1</styleUrl>
      <ExtendedData>
        <Data name="lat">
          <value> 16.9327</value>
        </Data>
        <Data name="long">
          <value>104.6922</value>
        </Data>
      </ExtendedData>
      <Point>
        <coordinates>
          104.6922,16.9327,0
        </coordinates>
      </Point>
    </Placemark>
    <Placemark>
      <name>MD147-DB-212-0304-383+309</name>
      <description><![CDATA[lat:  16.9328<br>long: 104.6919]]></description>
      <styleUrl>#icon-1899-0288D1</styleUrl>
      <ExtendedData>
        <Data name="lat">
          <value> 16.9328</value>
        </Data>
        <Data name="long">
          <value>104.6919</value>
        </Data>
      </ExtendedData>
      <Point>
        <coordinates>
          104.6919,16.9328,0
        </coordinates>
      </Point>
    </Placemark>
    <Placemark>
      <name>MD148-DB-212-0304-383+343</name>
      <description><![CDATA[lat:  16.9329<br>long: 104.6915]]></description>
      <styleUrl>#icon-1899-0288D1</styleUrl>
      <ExtendedData>
        <Data name="lat">
          <value> 16.9329</value>
        </Data>
        <Data name="long">
          <value>104.6915</value>
        </Data>
      </ExtendedData>
      <Point>
        <coordinates>
          104.6915,16.9329,0
        </coordinates>
      </Point>
    </Placemark>
    <Placemark>
      <name>MD149-DB-212-0304-383+377</name>
      <description><![CDATA[lat:  16.9330<br>long: 104.6912]]></description>
      <styleUrl>#icon-1899-0288D1</styleUrl>
      <ExtendedData>
        <Data name="lat">
          <value> 16.9330</value>
        </Data>
        <Data name="long">
          <value>104.6912</value>
        </Data>
      </ExtendedData>
      <Point>
        <coordinates>
          104.6912,16.933,0
        </coordinates>
      </Point>
    </Placemark>
    <Placemark>
      <name>MD150-DB-212-0304-383+411</name>
      <description><![CDATA[lat:  16.9331<br>long: 104.6908]]></description>
      <styleUrl>#icon-1899-0288D1</styleUrl>
      <ExtendedData>
        <Data name="lat">
          <value> 16.9331</value>
        </Data>
        <Data name="long">
          <value>104.6908</value>
        </Data>
      </ExtendedData>
      <Point>
        <coordinates>
          104.6908,16.9331,0
        </coordinates>
      </Point>
    </Placemark>
    <Placemark>
      <name>MD151-DB-212-0304-383+445</name>
      <description><![CDATA[lat:  16.9332<br>long: 104.6905]]></description>
      <styleUrl>#icon-1899-0288D1</styleUrl>
      <ExtendedData>
        <Data name="lat">
          <value> 16.9332</value>
        </Data>
        <Data name="long">
          <value>104.6905</value>
        </Data>
      </ExtendedData>
      <Point>
        <coordinates>
          104.6905,16.9332,0
        </coordinates>
      </Point>
    </Placemark>
    <Placemark>
      <name>MD152-DB-212-0304-383+479</name>
      <description><![CDATA[lat:  16.9333<br>long: 104.6901]]></description>
      <styleUrl>#icon-1899-0288D1</styleUrl>
      <ExtendedData>
        <Data name="lat">
          <value> 16.9333</value>
        </Data>
        <Data name="long">
          <value>104.6901</value>
        </Data>
      </ExtendedData>
      <Point>
        <coordinates>
          104.6901,16.9333,0
        </coordinates>
      </Point>
    </Placemark>
    <Placemark>
      <name>MD153-DB-212-0304-383+513</name>
      <description><![CDATA[lat:  16.9334<br>long: 104.6899]]></description>
      <styleUrl>#icon-1899-0288D1</styleUrl>
      <ExtendedData>
        <Data name="lat">
          <value> 16.9334</value>
        </Data>
        <Data name="long">
          <value>104.6899</value>
        </Data>
      </ExtendedData>
      <Point>
        <coordinates>
          104.6899,16.9334,0
        </coordinates>
      </Point>
    </Placemark>
    <Placemark>
      <name>MD154-DB-212-0304-383+547</name>
      <description><![CDATA[lat:  16.9335<br>long: 104.6895]]></description>
      <styleUrl>#icon-1899-0288D1</styleUrl>
      <ExtendedData>
        <Data name="lat">
          <value> 16.9335</value>
        </Data>
        <Data name="long">
          <value>104.6895</value>
        </Data>
      </ExtendedData>
      <Point>
        <coordinates>
          104.6895,16.9335,0
        </coordinates>
      </Point>
    </Placemark>
    <Placemark>
      <name>MD155-DB-212-0304-383+581</name>
      <description><![CDATA[lat:  16.9336<br>long: 104.6892]]></description>
      <styleUrl>#icon-1899-0288D1</styleUrl>
      <ExtendedData>
        <Data name="lat">
          <value> 16.9336</value>
        </Data>
        <Data name="long">
          <value>104.6892</value>
        </Data>
      </ExtendedData>
      <Point>
        <coordinates>
          104.6892,16.9336,0
        </coordinates>
      </Point>
    </Placemark>
    <Placemark>
      <name>MD156-DB-212-0304-383+615</name>
      <description><![CDATA[lat:  16.9337<br>long: 104.6889]]></description>
      <styleUrl>#icon-1899-0288D1</styleUrl>
      <ExtendedData>
        <Data name="lat">
          <value> 16.9337</value>
        </Data>
        <Data name="long">
          <value>104.6889</value>
        </Data>
      </ExtendedData>
      <Point>
        <coordinates>
          104.6889,16.9337,0
        </coordinates>
      </Point>
    </Placemark>
    <Placemark>
      <name>MD157-DB-212-0304-383+649</name>
      <description><![CDATA[lat:  16.9392<br>long: 104.7204]]></description>
      <styleUrl>#icon-1899-0288D1</styleUrl>
      <ExtendedData>
        <Data name="lat">
          <value> 16.9392</value>
        </Data>
        <Data name="long">
          <value>104.7204</value>
        </Data>
      </ExtendedData>
      <Point>
        <coordinates>
          104.7204,16.9392,0
        </coordinates>
      </Point>
    </Placemark>
    <Placemark>
      <name>MD158-DB-212-0304-383+683</name>
      <description><![CDATA[lat:  16.9391<br>long: 104.7200]]></description>
      <styleUrl>#icon-1899-0288D1</styleUrl>
      <ExtendedData>
        <Data name="lat">
          <value> 16.9391</value>
        </Data>
        <Data name="long">
          <value>104.7200</value>
        </Data>
      </ExtendedData>
      <Point>
        <coordinates>
          104.72,16.9391,0
        </coordinates>
      </Point>
    </Placemark>
    <Placemark>
      <name>MD159-DB-212-0304-383+717</name>
      <description><![CDATA[lat:  16.9392<br>long: 104.7195]]></description>
      <styleUrl>#icon-1899-0288D1</styleUrl>
      <ExtendedData>
        <Data name="lat">
          <value> 16.9392</value>
        </Data>
        <Data name="long">
          <value>104.7195</value>
        </Data>
      </ExtendedData>
      <Point>
        <coordinates>
          104.7195,16.9392,0
        </coordinates>
      </Point>
    </Placemark>
    <Placemark>
      <name>MD160-DB-212-0304-383+751</name>
      <description><![CDATA[lat: 16.9370<br>long: 104.7125]]></description>
      <styleUrl>#icon-1899-0288D1</styleUrl>
      <ExtendedData>
        <Data name="lat">
          <value>16.9370</value>
        </Data>
        <Data name="long">
          <value>104.7125</value>
        </Data>
      </ExtendedData>
      <Point>
        <coordinates>
          104.7125,16.937,0
        </coordinates>
      </Point>
    </Placemark>
    <Placemark>
      <name>MD161-DB-212-0304-383+785</name>
      <description><![CDATA[lat:  16.9368<br>long: 104.7122]]></description>
      <styleUrl>#icon-1899-0288D1</styleUrl>
      <ExtendedData>
        <Data name="lat">
          <value> 16.9368</value>
        </Data>
        <Data name="long">
          <value>104.7122</value>
        </Data>
      </ExtendedData>
      <Point>
        <coordinates>
          104.7122,16.9368,0
        </coordinates>
      </Point>
    </Placemark>
    <Placemark>
      <name>MD162-DB-212-0304-383+819</name>
      <description><![CDATA[lat:  16.9366<br>long: 104.7119]]></description>
      <styleUrl>#icon-1899-0288D1</styleUrl>
      <ExtendedData>
        <Data name="lat">
          <value> 16.9366</value>
        </Data>
        <Data name="long">
          <value>104.7119</value>
        </Data>
      </ExtendedData>
      <Point>
        <coordinates>
          104.7119,16.9366,0
        </coordinates>
      </Point>
    </Placemark>
    <Placemark>
      <name>MD163-DB-212-0304-383+853</name>
      <description><![CDATA[lat:  16.9364<br>long: 104.7116]]></description>
      <styleUrl>#icon-1899-0288D1</styleUrl>
      <ExtendedData>
        <Data name="lat">
          <value> 16.9364</value>
        </Data>
        <Data name="long">
          <value>104.7116</value>
        </Data>
      </ExtendedData>
      <Point>
        <coordinates>
          104.7116,16.9364,0
        </coordinates>
      </Point>
    </Placemark>
    <Placemark>
      <name>MD164-DB-212-0304-383+887</name>
      <description><![CDATA[lat:  16.9363<br>long: 104.7113]]></description>
      <styleUrl>#icon-1899-0288D1</styleUrl>
      <ExtendedData>
        <Data name="lat">
          <value> 16.9363</value>
        </Data>
        <Data name="long">
          <value>104.7113</value>
        </Data>
      </ExtendedData>
      <Point>
        <coordinates>
          104.7113,16.9363,0
        </coordinates>
      </Point>
    </Placemark>
    <Placemark>
      <name>MD165-DB-212-0304-383+921</name>
      <description><![CDATA[lat:  16.9361<br>long: 104.7109]]></description>
      <styleUrl>#icon-1899-0288D1</styleUrl>
      <ExtendedData>
        <Data name="lat">
          <value> 16.9361</value>
        </Data>
        <Data name="long">
          <value>104.7109</value>
        </Data>
      </ExtendedData>
      <Point>
        <coordinates>
          104.7109,16.9361,0
        </coordinates>
      </Point>
    </Placemark>
    <Placemark>
      <name>MD166-DB-212-0304-383+955</name>
      <description><![CDATA[lat:  16.9359<br>long: 104.7106]]></description>
      <styleUrl>#icon-1899-0288D1</styleUrl>
      <ExtendedData>
        <Data name="lat">
          <value> 16.9359</value>
        </Data>
        <Data name="long">
          <value>104.7106</value>
        </Data>
      </ExtendedData>
      <Point>
        <coordinates>
          104.7106,16.9359,0
        </coordinates>
      </Point>
    </Placemark>
    <Placemark>
      <name>MD167-DB-212-0304-383+989</name>
      <description><![CDATA[lat:  16.9357<br>long: 104.7102]]></description>
      <styleUrl>#icon-1899-0288D1</styleUrl>
      <ExtendedData>
        <Data name="lat">
          <value> 16.9357</value>
        </Data>
        <Data name="long">
          <value>104.7102</value>
        </Data>
      </ExtendedData>
      <Point>
        <coordinates>
          104.7102,16.9357,0
        </coordinates>
      </Point>
    </Placemark>
    <Placemark>
      <name>MD168-DB-212-0304-384+023</name>
      <description><![CDATA[lat:  16.9355<br>long: 104.7099]]></description>
      <styleUrl>#icon-1899-0288D1</styleUrl>
      <ExtendedData>
        <Data name="lat">
          <value> 16.9355</value>
        </Data>
        <Data name="long">
          <value>104.7099</value>
        </Data>
      </ExtendedData>
      <Point>
        <coordinates>
          104.7099,16.9355,0
        </coordinates>
      </Point>
    </Placemark>
    <Placemark>
      <name>MD169-DB-212-0304-384+057</name>
      <description><![CDATA[lat:  16.9353<br>long: 104.7096]]></description>
      <styleUrl>#icon-1899-0288D1</styleUrl>
      <ExtendedData>
        <Data name="lat">
          <value> 16.9353</value>
        </Data>
        <Data name="long">
          <value>104.7096</value>
        </Data>
      </ExtendedData>
      <Point>
        <coordinates>
          104.7096,16.9353,0
        </coordinates>
      </Point>
    </Placemark>
    <Placemark>
      <name>MD170-DB-212-0304-384+091</name>
      <description><![CDATA[lat:  16.9351<br>long: 104.7093]]></description>
      <styleUrl>#icon-1899-0288D1</styleUrl>
      <ExtendedData>
        <Data name="lat">
          <value> 16.9351</value>
        </Data>
        <Data name="long">
          <value>104.7093</value>
        </Data>
      </ExtendedData>
      <Point>
        <coordinates>
          104.7093,16.9351,0
        </coordinates>
      </Point>
    </Placemark>
    <Placemark>
      <name>MD171-DB-212-0304-384+125</name>
      <description><![CDATA[lat:  16.9349<br>long: 104.7090]]></description>
      <styleUrl>#icon-1899-0288D1</styleUrl>
      <ExtendedData>
        <Data name="lat">
          <value> 16.9349</value>
        </Data>
        <Data name="long">
          <value>104.7090</value>
        </Data>
      </ExtendedData>
      <Point>
        <coordinates>
          104.709,16.9349,0
        </coordinates>
      </Point>
    </Placemark>
    <Placemark>
      <name>MD172-DB-212-0304-384+159</name>
      <description><![CDATA[lat:  16.9348<br>long: 104.7087]]></description>
      <styleUrl>#icon-1899-0288D1</styleUrl>
      <ExtendedData>
        <Data name="lat">
          <value> 16.9348</value>
        </Data>
        <Data name="long">
          <value>104.7087</value>
        </Data>
      </ExtendedData>
      <Point>
        <coordinates>
          104.7087,16.9348,0
        </coordinates>
      </Point>
    </Placemark>
    <Placemark>
      <name>MD173-DB-212-0304-384+193</name>
      <description><![CDATA[lat:  16.9346<br>long: 104.7083]]></description>
      <styleUrl>#icon-1899-0288D1</styleUrl>
      <ExtendedData>
        <Data name="lat">
          <value> 16.9346</value>
        </Data>
        <Data name="long">
          <value>104.7083</value>
        </Data>
      </ExtendedData>
      <Point>
        <coordinates>
          104.7083,16.9346,0
        </coordinates>
      </Point>
    </Placemark>
    <Placemark>
      <name>MD174-DB-212-0304-384+227</name>
      <description><![CDATA[lat:  16.9344<br>long: 104.7080]]></description>
      <styleUrl>#icon-1899-0288D1</styleUrl>
      <ExtendedData>
        <Data name="lat">
          <value> 16.9344</value>
        </Data>
        <Data name="long">
          <value>104.7080</value>
        </Data>
      </ExtendedData>
      <Point>
        <coordinates>
          104.708,16.9344,0
        </coordinates>
      </Point>
    </Placemark>
    <Placemark>
      <name>MD175-DB-212-0304-384+261</name>
      <description><![CDATA[lat:  16.9342<br>long: 104.7077]]></description>
      <styleUrl>#icon-1899-0288D1</styleUrl>
      <ExtendedData>
        <Data name="lat">
          <value> 16.9342</value>
        </Data>
        <Data name="long">
          <value>104.7077</value>
        </Data>
      </ExtendedData>
      <Point>
        <coordinates>
          104.7077,16.9342,0
        </coordinates>
      </Point>
    </Placemark>
    <Placemark>
      <name>MD176-DB-212-0304-385+120</name>
      <description><![CDATA[lat:  16.9324<br>long: 104.7046]]></description>
      <styleUrl>#icon-1899-0288D1</styleUrl>
      <ExtendedData>
        <Data name="lat">
          <value> 16.9324</value>
        </Data>
        <Data name="long">
          <value>104.7046</value>
        </Data>
      </ExtendedData>
      <Point>
        <coordinates>
          104.7046,16.9324,0
        </coordinates>
      </Point>
    </Placemark>
    <Placemark>
      <name>MD177-DB-212-0304-385+155</name>
      <description><![CDATA[lat:  16.9321<br>long: 104.7042]]></description>
      <styleUrl>#icon-1899-0288D1</styleUrl>
      <ExtendedData>
        <Data name="lat">
          <value> 16.9321</value>
        </Data>
        <Data name="long">
          <value>104.7042</value>
        </Data>
      </ExtendedData>
      <Point>
        <coordinates>
          104.7042,16.9321,0
        </coordinates>
      </Point>
    </Placemark>
    <Placemark>
      <name>MD178-DB-212-0304-385+190</name>
      <description><![CDATA[lat:  16.9319<br>long: 104.7038]]></description>
      <styleUrl>#icon-1899-0288D1</styleUrl>
      <ExtendedData>
        <Data name="lat">
          <value> 16.9319</value>
        </Data>
        <Data name="long">
          <value>104.7038</value>
        </Data>
      </ExtendedData>
      <Point>
        <coordinates>
          104.7038,16.9319,0
        </coordinates>
      </Point>
    </Placemark>
    <Placemark>
      <name>MD179-DB-212-0304-385+225</name>
      <description><![CDATA[lat:  16.9316<br>long: 104.7033]]></description>
      <styleUrl>#icon-1899-0288D1</styleUrl>
      <ExtendedData>
        <Data name="lat">
          <value> 16.9316</value>
        </Data>
        <Data name="long">
          <value>104.7033</value>
        </Data>
      </ExtendedData>
      <Point>
        <coordinates>
          104.7033,16.9316,0
        </coordinates>
      </Point>
    </Placemark>
    <Placemark>
      <name>MD180-DB-212-0304-385+260</name>
      <description><![CDATA[lat:  16.9314<br>long: 104.7029]]></description>
      <styleUrl>#icon-1899-0288D1</styleUrl>
      <ExtendedData>
        <Data name="lat">
          <value> 16.9314</value>
        </Data>
        <Data name="long">
          <value>104.7029</value>
        </Data>
      </ExtendedData>
      <Point>
        <coordinates>
          104.7029,16.9314,0
        </coordinates>
      </Point>
    </Placemark>
    <Placemark>
      <name>MD181-DB-212-0304-385+295</name>
      <description><![CDATA[lat:  16.9311<br>long: 104.7023]]></description>
      <styleUrl>#icon-1899-0288D1</styleUrl>
      <ExtendedData>
        <Data name="lat">
          <value> 16.9311</value>
        </Data>
        <Data name="long">
          <value>104.7023</value>
        </Data>
      </ExtendedData>
      <Point>
        <coordinates>
          104.7023,16.9311,0
        </coordinates>
      </Point>
    </Placemark>
    <Placemark>
      <name>MD182-DB-212-0304-385+330</name>
      <description><![CDATA[lat:  16.9310<br>long: 104.7020]]></description>
      <styleUrl>#icon-1899-0288D1</styleUrl>
      <ExtendedData>
        <Data name="lat">
          <value> 16.9310</value>
        </Data>
        <Data name="long">
          <value>104.7020</value>
        </Data>
      </ExtendedData>
      <Point>
        <coordinates>
          104.702,16.931,0
        </coordinates>
      </Point>
    </Placemark>
    <Placemark>
      <name>MD183-DB-212-0304-385+365</name>
      <description><![CDATA[lat:  16.9309<br>long: 104.7016]]></description>
      <styleUrl>#icon-1899-0288D1</styleUrl>
      <ExtendedData>
        <Data name="lat">
          <value> 16.9309</value>
        </Data>
        <Data name="long">
          <value>104.7016</value>
        </Data>
      </ExtendedData>
      <Point>
        <coordinates>
          104.7016,16.9309,0
        </coordinates>
      </Point>
    </Placemark>
    <Placemark>
      <name>MD184-DB-212-0304-385+400</name>
      <description><![CDATA[lat:  16.9308<br>long: 104.6997]]></description>
      <styleUrl>#icon-1899-0288D1</styleUrl>
      <ExtendedData>
        <Data name="lat">
          <value> 16.9308</value>
        </Data>
        <Data name="long">
          <value>104.6997</value>
        </Data>
      </ExtendedData>
      <Point>
        <coordinates>
          104.6997,16.9308,0
        </coordinates>
      </Point>
    </Placemark>
    <Placemark>
      <name>MD185-DB-212-0304-385+435</name>
      <description><![CDATA[lat:  16.9308<br>long: 104.6993]]></description>
      <styleUrl>#icon-1899-0288D1</styleUrl>
      <ExtendedData>
        <Data name="lat">
          <value> 16.9308</value>
        </Data>
        <Data name="long">
          <value>104.6993</value>
        </Data>
      </ExtendedData>
      <Point>
        <coordinates>
          104.6993,16.9308,0
        </coordinates>
      </Point>
    </Placemark>
    <Placemark>
      <name>MD186-DB-212-0304-385+470</name>
      <description><![CDATA[lat:  16.9308<br>long: 104.6987]]></description>
      <styleUrl>#icon-1899-0288D1</styleUrl>
      <ExtendedData>
        <Data name="lat">
          <value> 16.9308</value>
        </Data>
        <Data name="long">
          <value>104.6987</value>
        </Data>
      </ExtendedData>
      <Point>
        <coordinates>
          104.6987,16.9308,0
        </coordinates>
      </Point>
    </Placemark>
    <Placemark>
      <name>MD187-DB-212-0304-385+505</name>
      <description><![CDATA[lat:  16.9308<br>long: 104.6983]]></description>
      <styleUrl>#icon-1899-0288D1</styleUrl>
      <ExtendedData>
        <Data name="lat">
          <value> 16.9308</value>
        </Data>
        <Data name="long">
          <value>104.6983</value>
        </Data>
      </ExtendedData>
      <Point>
        <coordinates>
          104.6983,16.9308,0
        </coordinates>
      </Point>
    </Placemark>
    <Placemark>
      <name>MD188-DB-212-0304-385+540</name>
      <description><![CDATA[lat:  16.9307<br>long: 104.6978]]></description>
      <styleUrl>#icon-1899-0288D1</styleUrl>
      <ExtendedData>
        <Data name="lat">
          <value> 16.9307</value>
        </Data>
        <Data name="long">
          <value>104.6978</value>
        </Data>
      </ExtendedData>
      <Point>
        <coordinates>
          104.6978,16.9307,0
        </coordinates>
      </Point>
    </Placemark>
    <Placemark>
      <name>MD189-DB-212-0304-385+575</name>
      <description><![CDATA[lat:  16.9308<br>long: 104.6971]]></description>
      <styleUrl>#icon-1899-0288D1</styleUrl>
      <ExtendedData>
        <Data name="lat">
          <value> 16.9308</value>
        </Data>
        <Data name="long">
          <value>104.6971</value>
        </Data>
      </ExtendedData>
      <Point>
        <coordinates>
          104.6971,16.9308,0
        </coordinates>
      </Point>
    </Placemark>
    <Placemark>
      <name>MD190-DB-212-0304-385+610</name>
      <description><![CDATA[lat: 16.9308<br>long: 104.6967]]></description>
      <styleUrl>#icon-1899-0288D1</styleUrl>
      <ExtendedData>
        <Data name="lat">
          <value>16.9308</value>
        </Data>
        <Data name="long">
          <value>104.6967</value>
        </Data>
      </ExtendedData>
      <Point>
        <coordinates>
          104.6967,16.9308,0
        </coordinates>
      </Point>
    </Placemark>
    <Placemark>
      <name>MD191-DB-212-0304-385+645</name>
      <description><![CDATA[lat:  16.9309<br>long: 104.6963]]></description>
      <styleUrl>#icon-1899-0288D1</styleUrl>
      <ExtendedData>
        <Data name="lat">
          <value> 16.9309</value>
        </Data>
        <Data name="long">
          <value>104.6963</value>
        </Data>
      </ExtendedData>
      <Point>
        <coordinates>
          104.6963,16.9309,0
        </coordinates>
      </Point>
    </Placemark>
    <Placemark>
      <name>MD192-DB-212-0304-385+680</name>
      <description><![CDATA[lat:  16.9310<br>long: 104.6959]]></description>
      <styleUrl>#icon-1899-0288D1</styleUrl>
      <ExtendedData>
        <Data name="lat">
          <value> 16.9310</value>
        </Data>
        <Data name="long">
          <value>104.6959</value>
        </Data>
      </ExtendedData>
      <Point>
        <coordinates>
          104.6959,16.931,0
        </coordinates>
      </Point>
    </Placemark>
    <Placemark>
      <name>MD193-DB-212-0304-385+715</name>
      <description><![CDATA[lat:  16.9311<br>long: 104.6956]]></description>
      <styleUrl>#icon-1899-0288D1</styleUrl>
      <ExtendedData>
        <Data name="lat">
          <value> 16.9311</value>
        </Data>
        <Data name="long">
          <value>104.6956</value>
        </Data>
      </ExtendedData>
      <Point>
        <coordinates>
          104.6956,16.9311,0
        </coordinates>
      </Point>
    </Placemark>
    <Placemark>
      <name>MD194-DB-212-0304-385+750</name>
      <description><![CDATA[lat: 16.9312<br>long: 104.6953]]></description>
      <styleUrl>#icon-1899-0288D1</styleUrl>
      <ExtendedData>
        <Data name="lat">
          <value>16.9312</value>
        </Data>
        <Data name="long">
          <value>104.6953</value>
        </Data>
      </ExtendedData>
      <Point>
        <coordinates>
          104.6953,16.9312,0
        </coordinates>
      </Point>
    </Placemark>
    <Placemark>
      <name>MD195-DB-212-0304-385+785</name>
      <description><![CDATA[lat:  16.9314<br>long: 104.6949]]></description>
      <styleUrl>#icon-1899-0288D1</styleUrl>
      <ExtendedData>
        <Data name="lat">
          <value> 16.9314</value>
        </Data>
        <Data name="long">
          <value>104.6949</value>
        </Data>
      </ExtendedData>
      <Point>
        <coordinates>
          104.6949,16.9314,0
        </coordinates>
      </Point>
    </Placemark>
    <Placemark>
      <name>MD196-DB-212-0304-385+820</name>
      <description><![CDATA[lat:  16.9316<br>long: 104.6946]]></description>
      <styleUrl>#icon-1899-0288D1</styleUrl>
      <ExtendedData>
        <Data name="lat">
          <value> 16.9316</value>
        </Data>
        <Data name="long">
          <value>104.6946</value>
        </Data>
      </ExtendedData>
      <Point>
        <coordinates>
          104.6946,16.9316,0
        </coordinates>
      </Point>
    </Placemark>
    <Placemark>
      <name>MD197-DB-212-0304-385+855</name>
      <description><![CDATA[lat:  16.9318<br>long: 104.6943]]></description>
      <styleUrl>#icon-1899-0288D1</styleUrl>
      <ExtendedData>
        <Data name="lat">
          <value> 16.9318</value>
        </Data>
        <Data name="long">
          <value>104.6943</value>
        </Data>
      </ExtendedData>
      <Point>
        <coordinates>
          104.6943,16.9318,0
        </coordinates>
      </Point>
    </Placemark>
    <Placemark>
      <name>MD198-DB-212-0304-385+890</name>
      <description><![CDATA[lat:  16.9320<br>long: 104.6940]]></description>
      <styleUrl>#icon-1899-0288D1</styleUrl>
      <ExtendedData>
        <Data name="lat">
          <value> 16.9320</value>
        </Data>
        <Data name="long">
          <value>104.6940</value>
        </Data>
      </ExtendedData>
      <Point>
        <coordinates>
          104.694,16.932,0
        </coordinates>
      </Point>
    </Placemark>
    <Placemark>
      <name>MD199-DB-212-0304-385+925</name>
      <description><![CDATA[lat: 16.9322<br>long: 104.6937]]></description>
      <styleUrl>#icon-1899-0288D1</styleUrl>
      <ExtendedData>
        <Data name="lat">
          <value>16.9322</value>
        </Data>
        <Data name="long">
          <value>104.6937</value>
        </Data>
      </ExtendedData>
      <Point>
        <coordinates>
          104.6937,16.9322,0
        </coordinates>
      </Point>
    </Placemark>
    <Placemark>
      <name>MD200-DB-212-0304-385+960</name>
      <description><![CDATA[lat:  16.9324<br>long: 104.6933]]></description>
      <styleUrl>#icon-1899-0288D1</styleUrl>
      <ExtendedData>
        <Data name="lat">
          <value> 16.9324</value>
        </Data>
        <Data name="long">
          <value>104.6933</value>
        </Data>
      </ExtendedData>
      <Point>
        <coordinates>
          104.6933,16.9324,0
        </coordinates>
      </Point>
    </Placemark>
    <Placemark>
      <name>MD201-DB-212-0304-385+995</name>
      <description><![CDATA[lat:  16.9325<br>long: 104.6930]]></description>
      <styleUrl>#icon-1899-0288D1</styleUrl>
      <ExtendedData>
        <Data name="lat">
          <value> 16.9325</value>
        </Data>
        <Data name="long">
          <value>104.6930</value>
        </Data>
      </ExtendedData>
      <Point>
        <coordinates>
          104.693,16.9325,0
        </coordinates>
      </Point>
    </Placemark>
    <Placemark>
      <name>MD202-DB-212-0304-386+030</name>
      <description><![CDATA[lat:  16.9327<br>long: 104.6927]]></description>
      <styleUrl>#icon-1899-0288D1</styleUrl>
      <ExtendedData>
        <Data name="lat">
          <value> 16.9327</value>
        </Data>
        <Data name="long">
          <value>104.6927</value>
        </Data>
      </ExtendedData>
      <Point>
        <coordinates>
          104.6927,16.9327,0
        </coordinates>
      </Point>
    </Placemark>
    <Placemark>
      <name>MD203-DB-212-0304-386+065</name>
      <description><![CDATA[lat:  16.9328<br>long: 104.6923]]></description>
      <styleUrl>#icon-1899-0288D1</styleUrl>
      <ExtendedData>
        <Data name="lat">
          <value> 16.9328</value>
        </Data>
        <Data name="long">
          <value>104.6923</value>
        </Data>
      </ExtendedData>
      <Point>
        <coordinates>
          104.6923,16.9328,0
        </coordinates>
      </Point>
    </Placemark>
    <Placemark>
      <name>MD204-DB-212-0304-386+100</name>
      <description><![CDATA[lat:  16.9329<br>long: 104.6920]]></description>
      <styleUrl>#icon-1899-0288D1</styleUrl>
      <ExtendedData>
        <Data name="lat">
          <value> 16.9329</value>
        </Data>
        <Data name="long">
          <value>104.6920</value>
        </Data>
      </ExtendedData>
      <Point>
        <coordinates>
          104.692,16.9329,0
        </coordinates>
      </Point>
    </Placemark>
    <Placemark>
      <name>MD205-DB-212-0304-386+135</name>
      <description><![CDATA[lat:  16.9331<br>long: 104.6916]]></description>
      <styleUrl>#icon-1899-0288D1</styleUrl>
      <ExtendedData>
        <Data name="lat">
          <value> 16.9331</value>
        </Data>
        <Data name="long">
          <value>104.6916</value>
        </Data>
      </ExtendedData>
      <Point>
        <coordinates>
          104.6916,16.9331,0
        </coordinates>
      </Point>
    </Placemark>
    <Placemark>
      <name>MD206-DB-212-0304-386+170</name>
      <description><![CDATA[lat:  16.9332<br>long: 104.6913]]></description>
      <styleUrl>#icon-1899-0288D1</styleUrl>
      <ExtendedData>
        <Data name="lat">
          <value> 16.9332</value>
        </Data>
        <Data name="long">
          <value>104.6913</value>
        </Data>
      </ExtendedData>
      <Point>
        <coordinates>
          104.6913,16.9332,0
        </coordinates>
      </Point>
    </Placemark>
    <Placemark>
      <name>MD207-DB-212-0304-386+205</name>
      <description><![CDATA[lat:  16.9333<br>long: 104.6909]]></description>
      <styleUrl>#icon-1899-0288D1</styleUrl>
      <ExtendedData>
        <Data name="lat">
          <value> 16.9333</value>
        </Data>
        <Data name="long">
          <value>104.6909</value>
        </Data>
      </ExtendedData>
      <Point>
        <coordinates>
          104.6909,16.9333,0
        </coordinates>
      </Point>
    </Placemark>
    <Placemark>
      <name>MD208-DB-212-0304-386+240</name>
      <description><![CDATA[lat:  16.9334<br>long: 104.6906]]></description>
      <styleUrl>#icon-1899-0288D1</styleUrl>
      <ExtendedData>
        <Data name="lat">
          <value> 16.9334</value>
        </Data>
        <Data name="long">
          <value>104.6906</value>
        </Data>
      </ExtendedData>
      <Point>
        <coordinates>
          104.6906,16.9334,0
        </coordinates>
      </Point>
    </Placemark>
    <Placemark>
      <name>MD209-DB-212-0304-386+275</name>
      <description><![CDATA[lat: 16.9335<br>long: 104.6902]]></description>
      <styleUrl>#icon-1899-0288D1</styleUrl>
      <ExtendedData>
        <Data name="lat">
          <value>16.9335</value>
        </Data>
        <Data name="long">
          <value>104.6902</value>
        </Data>
      </ExtendedData>
      <Point>
        <coordinates>
          104.6902,16.9335,0
        </coordinates>
      </Point>
    </Placemark>
    <Placemark>
      <name>MD210-DB-212-0304-386+310</name>
      <description><![CDATA[lat:  16.9336<br>long: 104.6899]]></description>
      <styleUrl>#icon-1899-0288D1</styleUrl>
      <ExtendedData>
        <Data name="lat">
          <value> 16.9336</value>
        </Data>
        <Data name="long">
          <value>104.6899</value>
        </Data>
      </ExtendedData>
      <Point>
        <coordinates>
          104.6899,16.9336,0
        </coordinates>
      </Point>
    </Placemark>
    <Placemark>
      <name>MD211-DB-212-0304-386+345</name>
      <description><![CDATA[lat:  16.9337<br>long: 104.6896]]></description>
      <styleUrl>#icon-1899-0288D1</styleUrl>
      <ExtendedData>
        <Data name="lat">
          <value> 16.9337</value>
        </Data>
        <Data name="long">
          <value>104.6896</value>
        </Data>
      </ExtendedData>
      <Point>
        <coordinates>
          104.6896,16.9337,0
        </coordinates>
      </Point>
    </Placemark>
    <Placemark>
      <name>MD212-DB-212-0304-386+380</name>
      <description><![CDATA[lat:  16.9338<br>long: 104.6892]]></description>
      <styleUrl>#icon-1899-0288D1</styleUrl>
      <ExtendedData>
        <Data name="lat">
          <value> 16.9338</value>
        </Data>
        <Data name="long">
          <value>104.6892</value>
        </Data>
      </ExtendedData>
      <Point>
        <coordinates>
          104.6892,16.9338,0
        </coordinates>
      </Point>
    </Placemark>
    <Placemark>
      <name>MD213-DB-212-0304-386+415</name>
      <description><![CDATA[lat:  16.9339<br>long: 104.6890]]></description>
      <styleUrl>#icon-1899-0288D1</styleUrl>
      <ExtendedData>
        <Data name="lat">
          <value> 16.9339</value>
        </Data>
        <Data name="long">
          <value>104.6890</value>
        </Data>
      </ExtendedData>
      <Point>
        <coordinates>
          104.689,16.9339,0
        </coordinates>
      </Point>
    </Placemark>
    <Placemark>
      <name>MD214-DB-212-0304-386+450</name>
      <description><![CDATA[lat:  16.9338<br>long: 104.6887]]></description>
      <styleUrl>#icon-1899-0288D1</styleUrl>
      <ExtendedData>
        <Data name="lat">
          <value> 16.9338</value>
        </Data>
        <Data name="long">
          <value>104.6887</value>
        </Data>
      </ExtendedData>
      <Point>
        <coordinates>
          104.6887,16.9338,0
        </coordinates>
      </Point>
    </Placemark>
    <Placemark>
      <name>MD215-DB-212-0304-386+485</name>
      <description><![CDATA[lat:  16.9340<br>long: 104.6884]]></description>
      <styleUrl>#icon-1899-0288D1</styleUrl>
      <ExtendedData>
        <Data name="lat">
          <value> 16.9340</value>
        </Data>
        <Data name="long">
          <value>104.6884</value>
        </Data>
      </ExtendedData>
      <Point>
        <coordinates>
          104.6884,16.934,0
        </coordinates>
      </Point>
    </Placemark>
    <Placemark>
      <name>MD216-DB-212-0304-386+520</name>
      <description><![CDATA[lat: 16.9341<br>long: 104.6878]]></description>
      <styleUrl>#icon-1899-0288D1</styleUrl>
      <ExtendedData>
        <Data name="lat">
          <value>16.9341</value>
        </Data>
        <Data name="long">
          <value>104.6878</value>
        </Data>
      </ExtendedData>
      <Point>
        <coordinates>
          104.6878,16.9341,0
        </coordinates>
      </Point>
    </Placemark>
    <Placemark>
      <name>MD217-DB-212-0304-386+555</name>
      <description><![CDATA[lat:  16.9342<br>long: 104.6875]]></description>
      <styleUrl>#icon-1899-0288D1</styleUrl>
      <ExtendedData>
        <Data name="lat">
          <value> 16.9342</value>
        </Data>
        <Data name="long">
          <value>104.6875</value>
        </Data>
      </ExtendedData>
      <Point>
        <coordinates>
          104.6875,16.9342,0
        </coordinates>
      </Point>
    </Placemark>
    <Placemark>
      <name>MD218-DB-212-0304-386+590</name>
      <description><![CDATA[lat:  16.9343<br>long: 104.6871]]></description>
      <styleUrl>#icon-1899-0288D1</styleUrl>
      <ExtendedData>
        <Data name="lat">
          <value> 16.9343</value>
        </Data>
        <Data name="long">
          <value>104.6871</value>
        </Data>
      </ExtendedData>
      <Point>
        <coordinates>
          104.6871,16.9343,0
        </coordinates>
      </Point>
    </Placemark>
    <Placemark>
      <name>MD219-DB-212-0304-386+625</name>
      <description><![CDATA[lat:  16.9342<br>long: 104.6865]]></description>
      <styleUrl>#icon-1899-0288D1</styleUrl>
      <ExtendedData>
        <Data name="lat">
          <value> 16.9342</value>
        </Data>
        <Data name="long">
          <value>104.6865</value>
        </Data>
      </ExtendedData>
      <Point>
        <coordinates>
          104.6865,16.9342,0
        </coordinates>
      </Point>
    </Placemark>
    <Placemark>
      <name>MD220-DB-212-0304-386+660</name>
      <description><![CDATA[lat:  16.9341<br>long: 104.6863]]></description>
      <styleUrl>#icon-1899-0288D1</styleUrl>
      <ExtendedData>
        <Data name="lat">
          <value> 16.9341</value>
        </Data>
        <Data name="long">
          <value>104.6863</value>
        </Data>
      </ExtendedData>
      <Point>
        <coordinates>
          104.6863,16.9341,0
        </coordinates>
      </Point>
    </Placemark>
    <Placemark>
      <name>MD221-DB-212-0304-386+695</name>
      <description><![CDATA[lat: 16.9340<br>long: 104.686 ]]></description>
      <styleUrl>#icon-1899-0288D1</styleUrl>
      <ExtendedData>
        <Data name="lat">
          <value>16.9340</value>
        </Data>
        <Data name="long">
          <value>104.686 </value>
        </Data>
      </ExtendedData>
      <Point>
        <coordinates>
          104.686,16.934,0
        </coordinates>
      </Point>
    </Placemark>
    <Placemark>
      <name>MD222-DB-212-0304-386+730</name>
      <description><![CDATA[lat:  16.9337<br>long: 104.6857]]></description>
      <styleUrl>#icon-1899-0288D1</styleUrl>
      <ExtendedData>
        <Data name="lat">
          <value> 16.9337</value>
        </Data>
        <Data name="long">
          <value>104.6857</value>
        </Data>
      </ExtendedData>
      <Point>
        <coordinates>
          104.6857,16.9337,0
        </coordinates>
      </Point>
    </Placemark>
    <Placemark>
      <name>MD223-DB-212-0304-386+765</name>
      <description><![CDATA[lat: 16.9335<br>long: 104.6855]]></description>
      <styleUrl>#icon-1899-0288D1</styleUrl>
      <ExtendedData>
        <Data name="lat">
          <value>16.9335</value>
        </Data>
        <Data name="long">
          <value>104.6855</value>
        </Data>
      </ExtendedData>
      <Point>
        <coordinates>
          104.6855,16.9335,0
        </coordinates>
      </Point>
    </Placemark>
    <Placemark>
      <name>MD224-DB-212-0304-386+800</name>
      <description><![CDATA[lat:  16.9332<br>long: 104.6853]]></description>
      <styleUrl>#icon-1899-0288D1</styleUrl>
      <ExtendedData>
        <Data name="lat">
          <value> 16.9332</value>
        </Data>
        <Data name="long">
          <value>104.6853</value>
        </Data>
      </ExtendedData>
      <Point>
        <coordinates>
          104.6853,16.9332,0
        </coordinates>
      </Point>
    </Placemark>
    <Placemark>
      <name>MD225-DB-212-0304-386+835</name>
      <description><![CDATA[lat:  16.9329<br>long: 104.6852]]></description>
      <styleUrl>#icon-1899-0288D1</styleUrl>
      <ExtendedData>
        <Data name="lat">
          <value> 16.9329</value>
        </Data>
        <Data name="long">
          <value>104.6852</value>
        </Data>
      </ExtendedData>
      <Point>
        <coordinates>
          104.6852,16.9329,0
        </coordinates>
      </Point>
    </Placemark>
    <Placemark>
      <name>MD226-DB-212-0304-386+870</name>
      <description><![CDATA[lat:  16.9326<br>long: 104.6850]]></description>
      <styleUrl>#icon-1899-0288D1</styleUrl>
      <ExtendedData>
        <Data name="lat">
          <value> 16.9326</value>
        </Data>
        <Data name="long">
          <value>104.6850</value>
        </Data>
      </ExtendedData>
      <Point>
        <coordinates>
          104.685,16.9326,0
        </coordinates>
      </Point>
    </Placemark>
    <Placemark>
      <name>MD227-DB-212-0304-386+905</name>
      <description><![CDATA[lat:  16.9324<br>long: 104.6849]]></description>
      <styleUrl>#icon-1899-0288D1</styleUrl>
      <ExtendedData>
        <Data name="lat">
          <value> 16.9324</value>
        </Data>
        <Data name="long">
          <value>104.6849</value>
        </Data>
      </ExtendedData>
      <Point>
        <coordinates>
          104.6849,16.9324,0
        </coordinates>
      </Point>
    </Placemark>
    <Placemark>
      <name>MD228-DB-212-0304-386+940</name>
      <description><![CDATA[lat:  16.9321<br>long: 104.6848]]></description>
      <styleUrl>#icon-1899-0288D1</styleUrl>
      <ExtendedData>
        <Data name="lat">
          <value> 16.9321</value>
        </Data>
        <Data name="long">
          <value>104.6848</value>
        </Data>
      </ExtendedData>
      <Point>
        <coordinates>
          104.6848,16.9321,0
        </coordinates>
      </Point>
    </Placemark>
    <Placemark>
      <name>MD229-DB-212-0304-386+975</name>
      <description><![CDATA[lat:  16.9318<br>long: 104.6847]]></description>
      <styleUrl>#icon-1899-0288D1</styleUrl>
      <ExtendedData>
        <Data name="lat">
          <value> 16.9318</value>
        </Data>
        <Data name="long">
          <value>104.6847</value>
        </Data>
      </ExtendedData>
      <Point>
        <coordinates>
          104.6847,16.9318,0
        </coordinates>
      </Point>
    </Placemark>
    <Placemark>
      <name>MD230-DB-212-0304-387+010</name>
      <description><![CDATA[lat:  16.9315<br>long: 104.6845]]></description>
      <styleUrl>#icon-1899-0288D1</styleUrl>
      <ExtendedData>
        <Data name="lat">
          <value> 16.9315</value>
        </Data>
        <Data name="long">
          <value>104.6845</value>
        </Data>
      </ExtendedData>
      <Point>
        <coordinates>
          104.6845,16.9315,0
        </coordinates>
      </Point>
    </Placemark>
    <Placemark>
      <name>MD231-DB-212-0304-387+045</name>
      <description><![CDATA[lat: 16.9312<br>long: 104.6844]]></description>
      <styleUrl>#icon-1899-0288D1</styleUrl>
      <ExtendedData>
        <Data name="lat">
          <value>16.9312</value>
        </Data>
        <Data name="long">
          <value>104.6844</value>
        </Data>
      </ExtendedData>
      <Point>
        <coordinates>
          104.6844,16.9312,0
        </coordinates>
      </Point>
    </Placemark>
    <Placemark>
      <name>MD230-DB-212-0304-387+080</name>
      <description><![CDATA[lat:  16.9309<br>long: 104.6843]]></description>
      <styleUrl>#icon-1899-0288D1</styleUrl>
      <ExtendedData>
        <Data name="lat">
          <value> 16.9309</value>
        </Data>
        <Data name="long">
          <value>104.6843</value>
        </Data>
      </ExtendedData>
      <Point>
        <coordinates>
          104.6843,16.9309,0
        </coordinates>
      </Point>
    </Placemark>
    <Placemark>
      <name>MD231-DB-212-0304-387+115</name>
      <description><![CDATA[lat:  16.9324<br>long: 104.6849]]></description>
      <styleUrl>#icon-1899-0288D1</styleUrl>
      <ExtendedData>
        <Data name="lat">
          <value> 16.9324</value>
        </Data>
        <Data name="long">
          <value>104.6849</value>
        </Data>
      </ExtendedData>
      <Point>
        <coordinates>
          104.6849,16.9324,0
        </coordinates>
      </Point>
    </Placemark>
    <Placemark>
      <name>MD232-DB-212-0304-387+150</name>
      <description><![CDATA[lat:  16.9321<br>long: 104.6848]]></description>
      <styleUrl>#icon-1899-0288D1</styleUrl>
      <ExtendedData>
        <Data name="lat">
          <value> 16.9321</value>
        </Data>
        <Data name="long">
          <value>104.6848</value>
        </Data>
      </ExtendedData>
      <Point>
        <coordinates>
          104.6848,16.9321,0
        </coordinates>
      </Point>
    </Placemark>
    <Placemark>
      <name>MD233-DB-212-0304-387+185</name>
      <description><![CDATA[lat:  16.9318<br>long: 104.6847]]></description>
      <styleUrl>#icon-1899-0288D1</styleUrl>
      <ExtendedData>
        <Data name="lat">
          <value> 16.9318</value>
        </Data>
        <Data name="long">
          <value>104.6847</value>
        </Data>
      </ExtendedData>
      <Point>
        <coordinates>
          104.6847,16.9318,0
        </coordinates>
      </Point>
    </Placemark>
    <Placemark>
      <name>MD234-DB-212-0304-387+220</name>
      <description><![CDATA[lat:  16.9315<br>long: 104.6845]]></description>
      <styleUrl>#icon-1899-0288D1</styleUrl>
      <ExtendedData>
        <Data name="lat">
          <value> 16.9315</value>
        </Data>
        <Data name="long">
          <value>104.6845</value>
        </Data>
      </ExtendedData>
      <Point>
        <coordinates>
          104.6845,16.9315,0
        </coordinates>
      </Point>
    </Placemark>
    <Placemark>
      <name>MD235-DB-212-0304-387+255</name>
      <description><![CDATA[lat:  16.9312<br>long: 104.6844]]></description>
      <styleUrl>#icon-1899-0288D1</styleUrl>
      <ExtendedData>
        <Data name="lat">
          <value> 16.9312</value>
        </Data>
        <Data name="long">
          <value>104.6844</value>
        </Data>
      </ExtendedData>
      <Point>
        <coordinates>
          104.6844,16.9312,0
        </coordinates>
      </Point>
    </Placemark>
    <Placemark>
      <name>MD236-DB-212-0304-387+290</name>
      <description><![CDATA[lat:  16.9309<br>long: 104.6843]]></description>
      <styleUrl>#icon-1899-0288D1</styleUrl>
      <ExtendedData>
        <Data name="lat">
          <value> 16.9309</value>
        </Data>
        <Data name="long">
          <value>104.6843</value>
        </Data>
      </ExtendedData>
      <Point>
        <coordinates>
          104.6843,16.9309,0
        </coordinates>
      </Point>
    </Placemark>
    <Placemark>
      <name>MD237-DB-212-0304-388+809</name>
      <description><![CDATA[lat:  16.9306<br>long: 104.6841]]></description>
      <styleUrl>#icon-1899-0288D1</styleUrl>
      <ExtendedData>
        <Data name="lat">
          <value> 16.9306</value>
        </Data>
        <Data name="long">
          <value>104.6841</value>
        </Data>
      </ExtendedData>
      <Point>
        <coordinates>
          104.6841,16.9306,0
        </coordinates>
      </Point>
    </Placemark>
    <Placemark>
      <name>MD238-DB-212-0304-388+839</name>
      <description><![CDATA[lat:  16.9303<br>long: 104.6840]]></description>
      <styleUrl>#icon-1899-0288D1</styleUrl>
      <ExtendedData>
        <Data name="lat">
          <value> 16.9303</value>
        </Data>
        <Data name="long">
          <value>104.6840</value>
        </Data>
      </ExtendedData>
      <Point>
        <coordinates>
          104.684,16.9303,0
        </coordinates>
      </Point>
    </Placemark>
    <Placemark>
      <name>MD239-DB-212-0304-388+869</name>
      <description><![CDATA[lat:  16.9300<br>long: 104.6839]]></description>
      <styleUrl>#icon-1899-0288D1</styleUrl>
      <ExtendedData>
        <Data name="lat">
          <value> 16.9300</value>
        </Data>
        <Data name="long">
          <value>104.6839</value>
        </Data>
      </ExtendedData>
      <Point>
        <coordinates>
          104.6839,16.93,0
        </coordinates>
      </Point>
    </Placemark>
    <Placemark>
      <name>MD240-DB-212-0304-388+899</name>
      <description><![CDATA[lat:  16.9297<br>long: 104.6837]]></description>
      <styleUrl>#icon-1899-0288D1</styleUrl>
      <ExtendedData>
        <Data name="lat">
          <value> 16.9297</value>
        </Data>
        <Data name="long">
          <value>104.6837</value>
        </Data>
      </ExtendedData>
      <Point>
        <coordinates>
          104.6837,16.9297,0
        </coordinates>
      </Point>
    </Placemark>
    <Placemark>
      <name>MD241-DB-212-0304-388+929</name>
      <description><![CDATA[lat:  16.9294<br>long: 104.6836]]></description>
      <styleUrl>#icon-1899-0288D1</styleUrl>
      <ExtendedData>
        <Data name="lat">
          <value> 16.9294</value>
        </Data>
        <Data name="long">
          <value>104.6836</value>
        </Data>
      </ExtendedData>
      <Point>
        <coordinates>
          104.6836,16.9294,0
        </coordinates>
      </Point>
    </Placemark>
    <Placemark>
      <name>MD242-DB-212-0304-388+959</name>
      <description><![CDATA[lat:  16.9292<br>long: 104.6835]]></description>
      <styleUrl>#icon-1899-0288D1</styleUrl>
      <ExtendedData>
        <Data name="lat">
          <value> 16.9292</value>
        </Data>
        <Data name="long">
          <value>104.6835</value>
        </Data>
      </ExtendedData>
      <Point>
        <coordinates>
          104.6835,16.9292,0
        </coordinates>
      </Point>
    </Placemark>
    <Placemark>
      <name>MD243-DB-212-0304-388+989</name>
      <description><![CDATA[lat:  16.9288<br>long: 104.6833]]></description>
      <styleUrl>#icon-1899-0288D1</styleUrl>
      <ExtendedData>
        <Data name="lat">
          <value> 16.9288</value>
        </Data>
        <Data name="long">
          <value>104.6833</value>
        </Data>
      </ExtendedData>
      <Point>
        <coordinates>
          104.6833,16.9288,0
        </coordinates>
      </Point>
    </Placemark>
    <Placemark>
      <name>MD244-DB-212-0304-389+019</name>
      <description><![CDATA[lat:  16.9286<br>long: 104.6832]]></description>
      <styleUrl>#icon-1899-0288D1</styleUrl>
      <ExtendedData>
        <Data name="lat">
          <value> 16.9286</value>
        </Data>
        <Data name="long">
          <value>104.6832</value>
        </Data>
      </ExtendedData>
      <Point>
        <coordinates>
          104.6832,16.9286,0
        </coordinates>
      </Point>
    </Placemark>
    <Placemark>
      <name>MD245-DB-212-0304-389+049</name>
      <description><![CDATA[lat:  16.9283<br>long: 104.6831]]></description>
      <styleUrl>#icon-1899-0288D1</styleUrl>
      <ExtendedData>
        <Data name="lat">
          <value> 16.9283</value>
        </Data>
        <Data name="long">
          <value>104.6831</value>
        </Data>
      </ExtendedData>
      <Point>
        <coordinates>
          104.6831,16.9283,0
        </coordinates>
      </Point>
    </Placemark>
    <Placemark>
      <name>MD246-DB-212-0304-389+079</name>
      <description><![CDATA[lat:  16.9280<br>long: 104.6830]]></description>
      <styleUrl>#icon-1899-0288D1</styleUrl>
      <ExtendedData>
        <Data name="lat">
          <value> 16.9280</value>
        </Data>
        <Data name="long">
          <value>104.6830</value>
        </Data>
      </ExtendedData>
      <Point>
        <coordinates>
          104.683,16.928,0
        </coordinates>
      </Point>
    </Placemark>
    <Placemark>
      <name>MD247-DB-212-0304-389+109</name>
      <description><![CDATA[lat:  16.9278<br>long: 104.6829]]></description>
      <styleUrl>#icon-1899-0288D1</styleUrl>
      <ExtendedData>
        <Data name="lat">
          <value> 16.9278</value>
        </Data>
        <Data name="long">
          <value>104.6829</value>
        </Data>
      </ExtendedData>
      <Point>
        <coordinates>
          104.6829,16.9278,0
        </coordinates>
      </Point>
    </Placemark>
    <Placemark>
      <name>MD248-DB-212-0304-389+139</name>
      <description><![CDATA[lat:  16.9275<br>long: 104.6827]]></description>
      <styleUrl>#icon-1899-0288D1</styleUrl>
      <ExtendedData>
        <Data name="lat">
          <value> 16.9275</value>
        </Data>
        <Data name="long">
          <value>104.6827</value>
        </Data>
      </ExtendedData>
      <Point>
        <coordinates>
          104.6827,16.9275,0
        </coordinates>
      </Point>
    </Placemark>
    <Placemark>
      <name/>
      <description><![CDATA[lat:  16.9272<br>long: 104.6826]]></description>
      <styleUrl>#icon-1899-0288D1</styleUrl>
      <ExtendedData>
        <Data name="lat">
          <value> 16.9272</value>
        </Data>
        <Data name="long">
          <value>104.6826</value>
        </Data>
      </ExtendedData>
      <Point>
        <coordinates>
          104.6826,16.9272,0
        </coordinates>
      </Point>
    </Placemark>
    <Placemark>
      <name/>
      <description><![CDATA[lat:  16.9270<br>long: 104.6825]]></description>
      <styleUrl>#icon-1899-0288D1</styleUrl>
      <ExtendedData>
        <Data name="lat">
          <value> 16.9270</value>
        </Data>
        <Data name="long">
          <value>104.6825</value>
        </Data>
      </ExtendedData>
      <Point>
        <coordinates>
          104.6825,16.927,0
        </coordinates>
      </Point>
    </Placemark>
    <Placemark>
      <name/>
      <description><![CDATA[lat:  16.9268<br>long: 104.6824]]></description>
      <styleUrl>#icon-1899-0288D1</styleUrl>
      <ExtendedData>
        <Data name="lat">
          <value> 16.9268</value>
        </Data>
        <Data name="long">
          <value>104.6824</value>
        </Data>
      </ExtendedData>
      <Point>
        <coordinates>
          104.6824,16.9268,0
        </coordinates>
      </Point>
    </Placemark>
    <Placemark>
      <name/>
      <description><![CDATA[lat:  16.9265<br>long: 104.6823]]></description>
      <styleUrl>#icon-1899-0288D1</styleUrl>
      <ExtendedData>
        <Data name="lat">
          <value> 16.9265</value>
        </Data>
        <Data name="long">
          <value>104.6823</value>
        </Data>
      </ExtendedData>
      <Point>
        <coordinates>
          104.6823,16.9265,0
        </coordinates>
      </Point>
    </Placemark>
    <Placemark>
      <name/>
      <description><![CDATA[lat:  16.9262<br>long: 104.6821]]></description>
      <styleUrl>#icon-1899-0288D1</styleUrl>
      <ExtendedData>
        <Data name="lat">
          <value> 16.9262</value>
        </Data>
        <Data name="long">
          <value>104.6821</value>
        </Data>
      </ExtendedData>
      <Point>
        <coordinates>
          104.6821,16.9262,0
        </coordinates>
      </Point>
    </Placemark>
    <Placemark>
      <name/>
      <description><![CDATA[lat:  16.9260<br>long: 104.6820]]></description>
      <styleUrl>#icon-1899-0288D1</styleUrl>
      <ExtendedData>
        <Data name="lat">
          <value> 16.9260</value>
        </Data>
        <Data name="long">
          <value>104.6820</value>
        </Data>
      </ExtendedData>
      <Point>
        <coordinates>
          104.682,16.926,0
        </coordinates>
      </Point>
    </Placemark>
    <Placemark>
      <name/>
      <description><![CDATA[lat:  16.9258<br>long: 104.6819]]></description>
      <styleUrl>#icon-1899-0288D1</styleUrl>
      <ExtendedData>
        <Data name="lat">
          <value> 16.9258</value>
        </Data>
        <Data name="long">
          <value>104.6819</value>
        </Data>
      </ExtendedData>
      <Point>
        <coordinates>
          104.6819,16.9258,0
        </coordinates>
      </Point>
    </Placemark>
    <Placemark>
      <name/>
      <description><![CDATA[lat:  16.9255<br>long: 104.6818]]></description>
      <styleUrl>#icon-1899-0288D1</styleUrl>
      <ExtendedData>
        <Data name="lat">
          <value> 16.9255</value>
        </Data>
        <Data name="long">
          <value>104.6818</value>
        </Data>
      </ExtendedData>
      <Point>
        <coordinates>
          104.6818,16.9255,0
        </coordinates>
      </Point>
    </Placemark>
    <Placemark>
      <name/>
      <description><![CDATA[lat:  16.9253<br>long: 104.6817]]></description>
      <styleUrl>#icon-1899-0288D1</styleUrl>
      <ExtendedData>
        <Data name="lat">
          <value> 16.9253</value>
        </Data>
        <Data name="long">
          <value>104.6817</value>
        </Data>
      </ExtendedData>
      <Point>
        <coordinates>
          104.6817,16.9253,0
        </coordinates>
      </Point>
    </Placemark>
    <Placemark>
      <name/>
      <description><![CDATA[lat:  16.9250<br>long: 104.6816]]></description>
      <styleUrl>#icon-1899-0288D1</styleUrl>
      <ExtendedData>
        <Data name="lat">
          <value> 16.9250</value>
        </Data>
        <Data name="long">
          <value>104.6816</value>
        </Data>
      </ExtendedData>
      <Point>
        <coordinates>
          104.6816,16.925,0
        </coordinates>
      </Point>
    </Placemark>
    <Placemark>
      <name/>
      <description><![CDATA[lat:  16.9248<br>long: 104.6815]]></description>
      <styleUrl>#icon-1899-0288D1</styleUrl>
      <ExtendedData>
        <Data name="lat">
          <value> 16.9248</value>
        </Data>
        <Data name="long">
          <value>104.6815</value>
        </Data>
      </ExtendedData>
      <Point>
        <coordinates>
          104.6815,16.9248,0
        </coordinates>
      </Point>
    </Placemark>
    <Placemark>
      <name/>
      <description><![CDATA[lat: 16.9245<br>long: 104.6814]]></description>
      <styleUrl>#icon-1899-0288D1</styleUrl>
      <ExtendedData>
        <Data name="lat">
          <value>16.9245</value>
        </Data>
        <Data name="long">
          <value>104.6814</value>
        </Data>
      </ExtendedData>
      <Point>
        <coordinates>
          104.6814,16.9245,0
        </coordinates>
      </Point>
    </Placemark>
    <Placemark>
      <name/>
      <description><![CDATA[lat:  16.9289<br>long: 104.6835]]></description>
      <styleUrl>#icon-1899-0288D1</styleUrl>
      <ExtendedData>
        <Data name="lat">
          <value> 16.9289</value>
        </Data>
        <Data name="long">
          <value>104.6835</value>
        </Data>
      </ExtendedData>
      <Point>
        <coordinates>
          104.6835,16.9289,0
        </coordinates>
      </Point>
    </Placemark>
    <Placemark>
      <name/>
      <description><![CDATA[lat:  16.9285<br>long: 104.6833]]></description>
      <styleUrl>#icon-1899-0288D1</styleUrl>
      <ExtendedData>
        <Data name="lat">
          <value> 16.9285</value>
        </Data>
        <Data name="long">
          <value>104.6833</value>
        </Data>
      </ExtendedData>
      <Point>
        <coordinates>
          104.6833,16.9285,0
        </coordinates>
      </Point>
    </Placemark>
    <Placemark>
      <name/>
      <description><![CDATA[lat:  16.9283<br>long: 104.6832]]></description>
      <styleUrl>#icon-1899-0288D1</styleUrl>
      <ExtendedData>
        <Data name="lat">
          <value> 16.9283</value>
        </Data>
        <Data name="long">
          <value>104.6832</value>
        </Data>
      </ExtendedData>
      <Point>
        <coordinates>
          104.6832,16.9283,0
        </coordinates>
      </Point>
    </Placemark>
    <Placemark>
      <name/>
      <description><![CDATA[lat: 16.9281<br>long: 104.6831]]></description>
      <styleUrl>#icon-1899-0288D1</styleUrl>
      <ExtendedData>
        <Data name="lat">
          <value>16.9281</value>
        </Data>
        <Data name="long">
          <value>104.6831</value>
        </Data>
      </ExtendedData>
      <Point>
        <coordinates>
          104.6831,16.9281,0
        </coordinates>
      </Point>
    </Placemark>
    <Placemark>
      <name/>
      <description><![CDATA[lat:  16.9278<br>long: 104.6830]]></description>
      <styleUrl>#icon-1899-0288D1</styleUrl>
      <ExtendedData>
        <Data name="lat">
          <value> 16.9278</value>
        </Data>
        <Data name="long">
          <value>104.6830</value>
        </Data>
      </ExtendedData>
      <Point>
        <coordinates>
          104.683,16.9278,0
        </coordinates>
      </Point>
    </Placemark>
    <Placemark>
      <name/>
      <description><![CDATA[lat:  16.9268<br>long: 104.6825]]></description>
      <styleUrl>#icon-1899-0288D1</styleUrl>
      <ExtendedData>
        <Data name="lat">
          <value> 16.9268</value>
        </Data>
        <Data name="long">
          <value>104.6825</value>
        </Data>
      </ExtendedData>
      <Point>
        <coordinates>
          104.6825,16.9268,0
        </coordinates>
      </Point>
    </Placemark>
    <Placemark>
      <name/>
      <description><![CDATA[lat: 16.9265<br>long: 104.6824]]></description>
      <styleUrl>#icon-1899-0288D1</styleUrl>
      <ExtendedData>
        <Data name="lat">
          <value>16.9265</value>
        </Data>
        <Data name="long">
          <value>104.6824</value>
        </Data>
      </ExtendedData>
      <Point>
        <coordinates>
          104.6824,16.9265,0
        </coordinates>
      </Point>
    </Placemark>
    <Placemark>
      <name/>
      <description><![CDATA[lat:  16.9264<br>long: 104.6823]]></description>
      <styleUrl>#icon-1899-0288D1</styleUrl>
      <ExtendedData>
        <Data name="lat">
          <value> 16.9264</value>
        </Data>
        <Data name="long">
          <value>104.6823</value>
        </Data>
      </ExtendedData>
      <Point>
        <coordinates>
          104.6823,16.9264,0
        </coordinates>
      </Point>
    </Placemark>
    <Placemark>
      <name/>
      <description><![CDATA[lat:  16.9262<br>long: 104.6822]]></description>
      <styleUrl>#icon-1899-0288D1</styleUrl>
      <ExtendedData>
        <Data name="lat">
          <value> 16.9262</value>
        </Data>
        <Data name="long">
          <value>104.6822</value>
        </Data>
      </ExtendedData>
      <Point>
        <coordinates>
          104.6822,16.9262,0
        </coordinates>
      </Point>
    </Placemark>
    <Placemark>
      <name/>
      <description><![CDATA[lat: 16.9255<br>long: 104.6819]]></description>
      <styleUrl>#icon-1899-0288D1</styleUrl>
      <ExtendedData>
        <Data name="lat">
          <value>16.9255</value>
        </Data>
        <Data name="long">
          <value>104.6819</value>
        </Data>
      </ExtendedData>
      <Point>
        <coordinates>
          104.6819,16.9255,0
        </coordinates>
      </Point>
    </Placemark>
    <Placemark>
      <name/>
      <description><![CDATA[lat:  16.9252<br>long: 104.6818]]></description>
      <styleUrl>#icon-1899-0288D1</styleUrl>
      <ExtendedData>
        <Data name="lat">
          <value> 16.9252</value>
        </Data>
        <Data name="long">
          <value>104.6818</value>
        </Data>
      </ExtendedData>
      <Point>
        <coordinates>
          104.6818,16.9252,0
        </coordinates>
      </Point>
    </Placemark>
    <Placemark>
      <name/>
      <description><![CDATA[lat:  16.9241<br>long: 104.6813]]></description>
      <styleUrl>#icon-1899-0288D1</styleUrl>
      <ExtendedData>
        <Data name="lat">
          <value> 16.9241</value>
        </Data>
        <Data name="long">
          <value>104.6813</value>
        </Data>
      </ExtendedData>
      <Point>
        <coordinates>
          104.6813,16.9241,0
        </coordinates>
      </Point>
    </Placemark>
    <Placemark>
      <name/>
      <description><![CDATA[lat:  16.9237<br>long: 104.6811]]></description>
      <styleUrl>#icon-1899-0288D1</styleUrl>
      <ExtendedData>
        <Data name="lat">
          <value> 16.9237</value>
        </Data>
        <Data name="long">
          <value>104.6811</value>
        </Data>
      </ExtendedData>
      <Point>
        <coordinates>
          104.6811,16.9237,0
        </coordinates>
      </Point>
    </Placemark>
    <Placemark>
      <name/>
      <description><![CDATA[lat:  16.9233<br>long: 104.6809]]></description>
      <styleUrl>#icon-1899-0288D1</styleUrl>
      <ExtendedData>
        <Data name="lat">
          <value> 16.9233</value>
        </Data>
        <Data name="long">
          <value>104.6809</value>
        </Data>
      </ExtendedData>
      <Point>
        <coordinates>
          104.6809,16.9233,0
        </coordinates>
      </Point>
    </Placemark>
    <Placemark>
      <name/>
      <description><![CDATA[lat:  16.9229<br>long: 104.6808]]></description>
      <styleUrl>#icon-1899-0288D1</styleUrl>
      <ExtendedData>
        <Data name="lat">
          <value> 16.9229</value>
        </Data>
        <Data name="long">
          <value>104.6808</value>
        </Data>
      </ExtendedData>
      <Point>
        <coordinates>
          104.6808,16.9229,0
        </coordinates>
      </Point>
    </Placemark>
    <Placemark>
      <name/>
      <description><![CDATA[lat:  16.9225<br>long: 104.6806]]></description>
      <styleUrl>#icon-1899-0288D1</styleUrl>
      <ExtendedData>
        <Data name="lat">
          <value> 16.9225</value>
        </Data>
        <Data name="long">
          <value>104.6806</value>
        </Data>
      </ExtendedData>
      <Point>
        <coordinates>
          104.6806,16.9225,0
        </coordinates>
      </Point>
    </Placemark>
    <Placemark>
      <name/>
      <description><![CDATA[lat:  16.9222<br>long: 104.6804]]></description>
      <styleUrl>#icon-1899-0288D1</styleUrl>
      <ExtendedData>
        <Data name="lat">
          <value> 16.9222</value>
        </Data>
        <Data name="long">
          <value>104.6804</value>
        </Data>
      </ExtendedData>
      <Point>
        <coordinates>
          104.6804,16.9222,0
        </coordinates>
      </Point>
    </Placemark>
    <Placemark>
      <name/>
      <description><![CDATA[lat:  16.9218<br>long: 104.6803]]></description>
      <styleUrl>#icon-1899-0288D1</styleUrl>
      <ExtendedData>
        <Data name="lat">
          <value> 16.9218</value>
        </Data>
        <Data name="long">
          <value>104.6803</value>
        </Data>
      </ExtendedData>
      <Point>
        <coordinates>
          104.6803,16.9218,0
        </coordinates>
      </Point>
    </Placemark>
    <Placemark>
      <name/>
      <description><![CDATA[lat:  16.9214<br>long: 104.6803]]></description>
      <styleUrl>#icon-1899-0288D1</styleUrl>
      <ExtendedData>
        <Data name="lat">
          <value> 16.9214</value>
        </Data>
        <Data name="long">
          <value>104.6803</value>
        </Data>
      </ExtendedData>
      <Point>
        <coordinates>
          104.6803,16.9214,0
        </coordinates>
      </Point>
    </Placemark>
    <Placemark>
      <name/>
      <description><![CDATA[lat:  16.9210<br>long: 104.6803]]></description>
      <styleUrl>#icon-1899-0288D1</styleUrl>
      <ExtendedData>
        <Data name="lat">
          <value> 16.9210</value>
        </Data>
        <Data name="long">
          <value>104.6803</value>
        </Data>
      </ExtendedData>
      <Point>
        <coordinates>
          104.6803,16.921,0
        </coordinates>
      </Point>
    </Placemark>
    <Placemark>
      <name/>
      <description><![CDATA[lat:  16.9206<br>long: 104.6803]]></description>
      <styleUrl>#icon-1899-0288D1</styleUrl>
      <ExtendedData>
        <Data name="lat">
          <value> 16.9206</value>
        </Data>
        <Data name="long">
          <value>104.6803</value>
        </Data>
      </ExtendedData>
      <Point>
        <coordinates>
          104.6803,16.9206,0
        </coordinates>
      </Point>
    </Placemark>
    <Placemark>
      <name/>
      <description><![CDATA[lat:  16.9202<br>long: 104.6803]]></description>
      <styleUrl>#icon-1899-0288D1</styleUrl>
      <ExtendedData>
        <Data name="lat">
          <value> 16.9202</value>
        </Data>
        <Data name="long">
          <value>104.6803</value>
        </Data>
      </ExtendedData>
      <Point>
        <coordinates>
          104.6803,16.9202,0
        </coordinates>
      </Point>
    </Placemark>
    <Placemark>
      <name/>
      <description><![CDATA[lat:  16.9197<br>long: 104.6803]]></description>
      <styleUrl>#icon-1899-0288D1</styleUrl>
      <ExtendedData>
        <Data name="lat">
          <value> 16.9197</value>
        </Data>
        <Data name="long">
          <value>104.6803</value>
        </Data>
      </ExtendedData>
      <Point>
        <coordinates>
          104.6803,16.9197,0
        </coordinates>
      </Point>
    </Placemark>
    <Placemark>
      <name/>
      <description><![CDATA[lat:  16.9193<br>long: 104.6804]]></description>
      <styleUrl>#icon-1899-0288D1</styleUrl>
      <ExtendedData>
        <Data name="lat">
          <value> 16.9193</value>
        </Data>
        <Data name="long">
          <value>104.6804</value>
        </Data>
      </ExtendedData>
      <Point>
        <coordinates>
          104.6804,16.9193,0
        </coordinates>
      </Point>
    </Placemark>
    <Placemark>
      <name/>
      <description><![CDATA[lat:  16.9289<br>long: 104.6833]]></description>
      <styleUrl>#icon-1899-0288D1</styleUrl>
      <ExtendedData>
        <Data name="lat">
          <value> 16.9289</value>
        </Data>
        <Data name="long">
          <value>104.6833</value>
        </Data>
      </ExtendedData>
      <Point>
        <coordinates>
          104.6833,16.9289,0
        </coordinates>
      </Point>
    </Placemark>
    <Placemark>
      <name/>
      <description><![CDATA[lat:  16.9286<br>long: 104.6831]]></description>
      <styleUrl>#icon-1899-0288D1</styleUrl>
      <ExtendedData>
        <Data name="lat">
          <value> 16.9286</value>
        </Data>
        <Data name="long">
          <value>104.6831</value>
        </Data>
      </ExtendedData>
      <Point>
        <coordinates>
          104.6831,16.9286,0
        </coordinates>
      </Point>
    </Placemark>
    <Placemark>
      <name/>
      <description><![CDATA[lat:  16.9284<br>long: 104.6830]]></description>
      <styleUrl>#icon-1899-0288D1</styleUrl>
      <ExtendedData>
        <Data name="lat">
          <value> 16.9284</value>
        </Data>
        <Data name="long">
          <value>104.6830</value>
        </Data>
      </ExtendedData>
      <Point>
        <coordinates>
          104.683,16.9284,0
        </coordinates>
      </Point>
    </Placemark>
    <Placemark>
      <name/>
      <description><![CDATA[lat:  16.9282<br>long: 104.6829]]></description>
      <styleUrl>#icon-1899-0288D1</styleUrl>
      <ExtendedData>
        <Data name="lat">
          <value> 16.9282</value>
        </Data>
        <Data name="long">
          <value>104.6829</value>
        </Data>
      </ExtendedData>
      <Point>
        <coordinates>
          104.6829,16.9282,0
        </coordinates>
      </Point>
    </Placemark>
    <Placemark>
      <name/>
      <description><![CDATA[lat: 16.9279<br>long: 104.6828]]></description>
      <styleUrl>#icon-1899-0288D1</styleUrl>
      <ExtendedData>
        <Data name="lat">
          <value>16.9279</value>
        </Data>
        <Data name="long">
          <value>104.6828</value>
        </Data>
      </ExtendedData>
      <Point>
        <coordinates>
          104.6828,16.9279,0
        </coordinates>
      </Point>
    </Placemark>
    <Placemark>
      <name/>
      <description><![CDATA[lat:  16.9271<br>long: 104.6824]]></description>
      <styleUrl>#icon-1899-0288D1</styleUrl>
      <ExtendedData>
        <Data name="lat">
          <value> 16.9271</value>
        </Data>
        <Data name="long">
          <value>104.6824</value>
        </Data>
      </ExtendedData>
      <Point>
        <coordinates>
          104.6824,16.9271,0
        </coordinates>
      </Point>
    </Placemark>
    <Placemark>
      <name/>
      <description><![CDATA[lat:  16.9266<br>long: 104.6822]]></description>
      <styleUrl>#icon-1899-0288D1</styleUrl>
      <ExtendedData>
        <Data name="lat">
          <value> 16.9266</value>
        </Data>
        <Data name="long">
          <value>104.6822</value>
        </Data>
      </ExtendedData>
      <Point>
        <coordinates>
          104.6822,16.9266,0
        </coordinates>
      </Point>
    </Placemark>
    <Placemark>
      <name/>
      <description><![CDATA[lat:  16.9262<br>long: 104.6820]]></description>
      <styleUrl>#icon-1899-0288D1</styleUrl>
      <ExtendedData>
        <Data name="lat">
          <value> 16.9262</value>
        </Data>
        <Data name="long">
          <value>104.6820</value>
        </Data>
      </ExtendedData>
      <Point>
        <coordinates>
          104.682,16.9262,0
        </coordinates>
      </Point>
    </Placemark>
    <Placemark>
      <name/>
      <description><![CDATA[lat:  16.9259<br>long: 104.6819]]></description>
      <styleUrl>#icon-1899-0288D1</styleUrl>
      <ExtendedData>
        <Data name="lat">
          <value> 16.9259</value>
        </Data>
        <Data name="long">
          <value>104.6819</value>
        </Data>
      </ExtendedData>
      <Point>
        <coordinates>
          104.6819,16.9259,0
        </coordinates>
      </Point>
    </Placemark>
    <Placemark>
      <name/>
      <description><![CDATA[lat:  16.9257<br>long: 104.6818]]></description>
      <styleUrl>#icon-1899-0288D1</styleUrl>
      <ExtendedData>
        <Data name="lat">
          <value> 16.9257</value>
        </Data>
        <Data name="long">
          <value>104.6818</value>
        </Data>
      </ExtendedData>
      <Point>
        <coordinates>
          104.6818,16.9257,0
        </coordinates>
      </Point>
    </Placemark>
    <Placemark>
      <name/>
      <description><![CDATA[lat:  16.9254<br>long: 104.6817]]></description>
      <styleUrl>#icon-1899-0288D1</styleUrl>
      <ExtendedData>
        <Data name="lat">
          <value> 16.9254</value>
        </Data>
        <Data name="long">
          <value>104.6817</value>
        </Data>
      </ExtendedData>
      <Point>
        <coordinates>
          104.6817,16.9254,0
        </coordinates>
      </Point>
    </Placemark>
    <Placemark>
      <name/>
      <description><![CDATA[lat: 16.9251<br>long: 104.6815]]></description>
      <styleUrl>#icon-1899-0288D1</styleUrl>
      <ExtendedData>
        <Data name="lat">
          <value>16.9251</value>
        </Data>
        <Data name="long">
          <value>104.6815</value>
        </Data>
      </ExtendedData>
      <Point>
        <coordinates>
          104.6815,16.9251,0
        </coordinates>
      </Point>
    </Placemark>
    <Placemark>
      <name/>
      <description><![CDATA[lat:  16.9239<br>long: 104.6810]]></description>
      <styleUrl>#icon-1899-0288D1</styleUrl>
      <ExtendedData>
        <Data name="lat">
          <value> 16.9239</value>
        </Data>
        <Data name="long">
          <value>104.6810</value>
        </Data>
      </ExtendedData>
      <Point>
        <coordinates>
          104.681,16.9239,0
        </coordinates>
      </Point>
    </Placemark>
    <Placemark>
      <name/>
      <description><![CDATA[lat:  16.9236<br>long: 104.6808]]></description>
      <styleUrl>#icon-1899-0288D1</styleUrl>
      <ExtendedData>
        <Data name="lat">
          <value> 16.9236</value>
        </Data>
        <Data name="long">
          <value>104.6808</value>
        </Data>
      </ExtendedData>
      <Point>
        <coordinates>
          104.6808,16.9236,0
        </coordinates>
      </Point>
    </Placemark>
    <Placemark>
      <name/>
      <description><![CDATA[lat:  16.9232<br>long: 104.6806]]></description>
      <styleUrl>#icon-1899-0288D1</styleUrl>
      <ExtendedData>
        <Data name="lat">
          <value> 16.9232</value>
        </Data>
        <Data name="long">
          <value>104.6806</value>
        </Data>
      </ExtendedData>
      <Point>
        <coordinates>
          104.6806,16.9232,0
        </coordinates>
      </Point>
    </Placemark>
    <Placemark>
      <name/>
      <description><![CDATA[lat:  16.9228<br>long: 104.6805]]></description>
      <styleUrl>#icon-1899-0288D1</styleUrl>
      <ExtendedData>
        <Data name="lat">
          <value> 16.9228</value>
        </Data>
        <Data name="long">
          <value>104.6805</value>
        </Data>
      </ExtendedData>
      <Point>
        <coordinates>
          104.6805,16.9228,0
        </coordinates>
      </Point>
    </Placemark>
    <Placemark>
      <name/>
      <description><![CDATA[lat:  16.9224<br>long: 104.6803]]></description>
      <styleUrl>#icon-1899-0288D1</styleUrl>
      <ExtendedData>
        <Data name="lat">
          <value> 16.9224</value>
        </Data>
        <Data name="long">
          <value>104.6803</value>
        </Data>
      </ExtendedData>
      <Point>
        <coordinates>
          104.6803,16.9224,0
        </coordinates>
      </Point>
    </Placemark>
    <Placemark>
      <name/>
      <description><![CDATA[lat:  16.9220<br>long: 104.6801]]></description>
      <styleUrl>#icon-1899-0288D1</styleUrl>
      <ExtendedData>
        <Data name="lat">
          <value> 16.9220</value>
        </Data>
        <Data name="long">
          <value>104.6801</value>
        </Data>
      </ExtendedData>
      <Point>
        <coordinates>
          104.6801,16.922,0
        </coordinates>
      </Point>
    </Placemark>
    <Placemark>
      <name/>
      <description><![CDATA[lat: 16.9216<br>long: 104.6801]]></description>
      <styleUrl>#icon-1899-0288D1</styleUrl>
      <ExtendedData>
        <Data name="lat">
          <value>16.9216</value>
        </Data>
        <Data name="long">
          <value>104.6801</value>
        </Data>
      </ExtendedData>
      <Point>
        <coordinates>
          104.6801,16.9216,0
        </coordinates>
      </Point>
    </Placemark>
    <Placemark>
      <name/>
      <description><![CDATA[lat:  16.9212<br>long: 104.6801]]></description>
      <styleUrl>#icon-1899-0288D1</styleUrl>
      <ExtendedData>
        <Data name="lat">
          <value> 16.9212</value>
        </Data>
        <Data name="long">
          <value>104.6801</value>
        </Data>
      </ExtendedData>
      <Point>
        <coordinates>
          104.6801,16.9212,0
        </coordinates>
      </Point>
    </Placemark>
    <Placemark>
      <name/>
      <description><![CDATA[lat:  16.9208<br>long: 104.6801]]></description>
      <styleUrl>#icon-1899-0288D1</styleUrl>
      <ExtendedData>
        <Data name="lat">
          <value> 16.9208</value>
        </Data>
        <Data name="long">
          <value>104.6801</value>
        </Data>
      </ExtendedData>
      <Point>
        <coordinates>
          104.6801,16.9208,0
        </coordinates>
      </Point>
    </Placemark>
    <Placemark>
      <name/>
      <description><![CDATA[lat:  16.9204<br>long: 104.6801]]></description>
      <styleUrl>#icon-1899-0288D1</styleUrl>
      <ExtendedData>
        <Data name="lat">
          <value> 16.9204</value>
        </Data>
        <Data name="long">
          <value>104.6801</value>
        </Data>
      </ExtendedData>
      <Point>
        <coordinates>
          104.6801,16.9204,0
        </coordinates>
      </Point>
    </Placemark>
    <Placemark>
      <name/>
      <description><![CDATA[lat: 16.9199<br>long: 104.6801]]></description>
      <styleUrl>#icon-1899-0288D1</styleUrl>
      <ExtendedData>
        <Data name="lat">
          <value>16.9199</value>
        </Data>
        <Data name="long">
          <value>104.6801</value>
        </Data>
      </ExtendedData>
      <Point>
        <coordinates>
          104.6801,16.9199,0
        </coordinates>
      </Point>
    </Placemark>
    <Placemark>
      <name/>
      <description><![CDATA[lat:  16.9195<br>long: 104.6801]]></description>
      <styleUrl>#icon-1899-0288D1</styleUrl>
      <ExtendedData>
        <Data name="lat">
          <value> 16.9195</value>
        </Data>
        <Data name="long">
          <value>104.6801</value>
        </Data>
      </ExtendedData>
      <Point>
        <coordinates>
          104.6801,16.9195,0
        </coordinates>
      </Point>
    </Placemark>
    <Placemark>
      <name/>
      <description><![CDATA[lat:  16.9190<br>long: 104.6802]]></description>
      <styleUrl>#icon-1899-0288D1</styleUrl>
      <ExtendedData>
        <Data name="lat">
          <value> 16.9190</value>
        </Data>
        <Data name="long">
          <value>104.6802</value>
        </Data>
      </ExtendedData>
      <Point>
        <coordinates>
          104.6802,16.919,0
        </coordinates>
      </Point>
    </Placemark>
    <Placemark>
      <name/>
      <description><![CDATA[lat:  16.9187<br>long: 104.6803]]></description>
      <styleUrl>#icon-1899-0288D1</styleUrl>
      <ExtendedData>
        <Data name="lat">
          <value> 16.9187</value>
        </Data>
        <Data name="long">
          <value>104.6803</value>
        </Data>
      </ExtendedData>
      <Point>
        <coordinates>
          104.6803,16.9187,0
        </coordinates>
      </Point>
    </Placemark>
    <Placemark>
      <name/>
      <description><![CDATA[lat:  16.9183<br>long: 104.6803]]></description>
      <styleUrl>#icon-1899-0288D1</styleUrl>
      <ExtendedData>
        <Data name="lat">
          <value> 16.9183</value>
        </Data>
        <Data name="long">
          <value>104.6803</value>
        </Data>
      </ExtendedData>
      <Point>
        <coordinates>
          104.6803,16.9183,0
        </coordinates>
      </Point>
    </Placemark>
    <Placemark>
      <name/>
      <description><![CDATA[lat:  16.9075<br>long: 104.6805]]></description>
      <styleUrl>#icon-1899-0288D1</styleUrl>
      <ExtendedData>
        <Data name="lat">
          <value> 16.9075</value>
        </Data>
        <Data name="long">
          <value>104.6805</value>
        </Data>
      </ExtendedData>
      <Point>
        <coordinates>
          104.6805,16.9075,0
        </coordinates>
      </Point>
    </Placemark>
    <Placemark>
      <name/>
      <description><![CDATA[lat:  16.9073<br>long: 104.6805]]></description>
      <styleUrl>#icon-1899-0288D1</styleUrl>
      <ExtendedData>
        <Data name="lat">
          <value> 16.9073</value>
        </Data>
        <Data name="long">
          <value>104.6805</value>
        </Data>
      </ExtendedData>
      <Point>
        <coordinates>
          104.6805,16.9073,0
        </coordinates>
      </Point>
    </Placemark>
    <Placemark>
      <name/>
      <description><![CDATA[lat:  16.9069<br>long: 104.6806]]></description>
      <styleUrl>#icon-1899-0288D1</styleUrl>
      <ExtendedData>
        <Data name="lat">
          <value> 16.9069</value>
        </Data>
        <Data name="long">
          <value>104.6806</value>
        </Data>
      </ExtendedData>
      <Point>
        <coordinates>
          104.6806,16.9069,0
        </coordinates>
      </Point>
    </Placemark>
    <Placemark>
      <name/>
      <description><![CDATA[lat:  16.9067<br>long: 104.6806]]></description>
      <styleUrl>#icon-1899-0288D1</styleUrl>
      <ExtendedData>
        <Data name="lat">
          <value> 16.9067</value>
        </Data>
        <Data name="long">
          <value>104.6806</value>
        </Data>
      </ExtendedData>
      <Point>
        <coordinates>
          104.6806,16.9067,0
        </coordinates>
      </Point>
    </Placemark>
    <Placemark>
      <name/>
      <description><![CDATA[lat:  16.9064<br>long: 104.6806]]></description>
      <styleUrl>#icon-1899-0288D1</styleUrl>
      <ExtendedData>
        <Data name="lat">
          <value> 16.9064</value>
        </Data>
        <Data name="long">
          <value>104.6806</value>
        </Data>
      </ExtendedData>
      <Point>
        <coordinates>
          104.6806,16.9064,0
        </coordinates>
      </Point>
    </Placemark>
    <Placemark>
      <name/>
      <description><![CDATA[lat:  16.9061<br>long: 104.6806]]></description>
      <styleUrl>#icon-1899-0288D1</styleUrl>
      <ExtendedData>
        <Data name="lat">
          <value> 16.9061</value>
        </Data>
        <Data name="long">
          <value>104.6806</value>
        </Data>
      </ExtendedData>
      <Point>
        <coordinates>
          104.6806,16.9061,0
        </coordinates>
      </Point>
    </Placemark>
    <Placemark>
      <name/>
      <description><![CDATA[lat: 16.9058<br>long: 104.6806]]></description>
      <styleUrl>#icon-1899-0288D1</styleUrl>
      <ExtendedData>
        <Data name="lat">
          <value>16.9058</value>
        </Data>
        <Data name="long">
          <value>104.6806</value>
        </Data>
      </ExtendedData>
      <Point>
        <coordinates>
          104.6806,16.9058,0
        </coordinates>
      </Point>
    </Placemark>
    <Placemark>
      <name/>
      <description><![CDATA[lat:  16.9055<br>long: 104.6806]]></description>
      <styleUrl>#icon-1899-0288D1</styleUrl>
      <ExtendedData>
        <Data name="lat">
          <value> 16.9055</value>
        </Data>
        <Data name="long">
          <value>104.6806</value>
        </Data>
      </ExtendedData>
      <Point>
        <coordinates>
          104.6806,16.9055,0
        </coordinates>
      </Point>
    </Placemark>
    <Placemark>
      <name/>
      <description><![CDATA[lat:  16.9052<br>long: 104.6806]]></description>
      <styleUrl>#icon-1899-0288D1</styleUrl>
      <ExtendedData>
        <Data name="lat">
          <value> 16.9052</value>
        </Data>
        <Data name="long">
          <value>104.6806</value>
        </Data>
      </ExtendedData>
      <Point>
        <coordinates>
          104.6806,16.9052,0
        </coordinates>
      </Point>
    </Placemark>
    <Placemark>
      <name/>
      <description><![CDATA[lat:  16.9049<br>long: 104.6806]]></description>
      <styleUrl>#icon-1899-0288D1</styleUrl>
      <ExtendedData>
        <Data name="lat">
          <value> 16.9049</value>
        </Data>
        <Data name="long">
          <value>104.6806</value>
        </Data>
      </ExtendedData>
      <Point>
        <coordinates>
          104.6806,16.9049,0
        </coordinates>
      </Point>
    </Placemark>
    <Placemark>
      <name/>
      <description><![CDATA[lat:  16.9046<br>long: 104.6806]]></description>
      <styleUrl>#icon-1899-0288D1</styleUrl>
      <ExtendedData>
        <Data name="lat">
          <value> 16.9046</value>
        </Data>
        <Data name="long">
          <value>104.6806</value>
        </Data>
      </ExtendedData>
      <Point>
        <coordinates>
          104.6806,16.9046,0
        </coordinates>
      </Point>
    </Placemark>
    <Placemark>
      <name/>
      <description><![CDATA[lat:  16.9043<br>long: 104.6806]]></description>
      <styleUrl>#icon-1899-0288D1</styleUrl>
      <ExtendedData>
        <Data name="lat">
          <value> 16.9043</value>
        </Data>
        <Data name="long">
          <value>104.6806</value>
        </Data>
      </ExtendedData>
      <Point>
        <coordinates>
          104.6806,16.9043,0
        </coordinates>
      </Point>
    </Placemark>
    <Placemark>
      <name/>
      <description><![CDATA[lat:  16.9040<br>long: 104.6806]]></description>
      <styleUrl>#icon-1899-0288D1</styleUrl>
      <ExtendedData>
        <Data name="lat">
          <value> 16.9040</value>
        </Data>
        <Data name="long">
          <value>104.6806</value>
        </Data>
      </ExtendedData>
      <Point>
        <coordinates>
          104.6806,16.904,0
        </coordinates>
      </Point>
    </Placemark>
    <Placemark>
      <name/>
      <description><![CDATA[lat:  16.9038<br>long: 104.6806]]></description>
      <styleUrl>#icon-1899-0288D1</styleUrl>
      <ExtendedData>
        <Data name="lat">
          <value> 16.9038</value>
        </Data>
        <Data name="long">
          <value>104.6806</value>
        </Data>
      </ExtendedData>
      <Point>
        <coordinates>
          104.6806,16.9038,0
        </coordinates>
      </Point>
    </Placemark>
    <Placemark>
      <name/>
      <description><![CDATA[lat:  16.9035<br>long: 104.6807]]></description>
      <styleUrl>#icon-1899-0288D1</styleUrl>
      <ExtendedData>
        <Data name="lat">
          <value> 16.9035</value>
        </Data>
        <Data name="long">
          <value>104.6807</value>
        </Data>
      </ExtendedData>
      <Point>
        <coordinates>
          104.6807,16.9035,0
        </coordinates>
      </Point>
    </Placemark>
    <Placemark>
      <name/>
      <description><![CDATA[lat:  16.9032<br>long: 104.6807]]></description>
      <styleUrl>#icon-1899-0288D1</styleUrl>
      <ExtendedData>
        <Data name="lat">
          <value> 16.9032</value>
        </Data>
        <Data name="long">
          <value>104.6807</value>
        </Data>
      </ExtendedData>
      <Point>
        <coordinates>
          104.6807,16.9032,0
        </coordinates>
      </Point>
    </Placemark>
    <Placemark>
      <name/>
      <description><![CDATA[lat:  16.9029<br>long: 104.6807]]></description>
      <styleUrl>#icon-1899-0288D1</styleUrl>
      <ExtendedData>
        <Data name="lat">
          <value> 16.9029</value>
        </Data>
        <Data name="long">
          <value>104.6807</value>
        </Data>
      </ExtendedData>
      <Point>
        <coordinates>
          104.6807,16.9029,0
        </coordinates>
      </Point>
    </Placemark>
    <Placemark>
      <name/>
      <description><![CDATA[lat: 16.9026<br>long: 104.6807]]></description>
      <styleUrl>#icon-1899-0288D1</styleUrl>
      <ExtendedData>
        <Data name="lat">
          <value>16.9026</value>
        </Data>
        <Data name="long">
          <value>104.6807</value>
        </Data>
      </ExtendedData>
      <Point>
        <coordinates>
          104.6807,16.9026,0
        </coordinates>
      </Point>
    </Placemark>
    <Placemark>
      <name/>
      <description><![CDATA[lat: 16.9023<br>long: 104.6807]]></description>
      <styleUrl>#icon-1899-0288D1</styleUrl>
      <ExtendedData>
        <Data name="lat">
          <value>16.9023</value>
        </Data>
        <Data name="long">
          <value>104.6807</value>
        </Data>
      </ExtendedData>
      <Point>
        <coordinates>
          104.6807,16.9023,0
        </coordinates>
      </Point>
    </Placemark>
    <Placemark>
      <name/>
      <description><![CDATA[lat:  16.9020<br>long: 104.6807]]></description>
      <styleUrl>#icon-1899-0288D1</styleUrl>
      <ExtendedData>
        <Data name="lat">
          <value> 16.9020</value>
        </Data>
        <Data name="long">
          <value>104.6807</value>
        </Data>
      </ExtendedData>
      <Point>
        <coordinates>
          104.6807,16.902,0
        </coordinates>
      </Point>
    </Placemark>
    <Placemark>
      <name/>
      <description><![CDATA[lat:  16.9017<br>long: 104.6807]]></description>
      <styleUrl>#icon-1899-0288D1</styleUrl>
      <ExtendedData>
        <Data name="lat">
          <value> 16.9017</value>
        </Data>
        <Data name="long">
          <value>104.6807</value>
        </Data>
      </ExtendedData>
      <Point>
        <coordinates>
          104.6807,16.9017,0
        </coordinates>
      </Point>
    </Placemark>
    <Placemark>
      <name/>
      <description><![CDATA[lat:  16.9014<br>long: 104.6807]]></description>
      <styleUrl>#icon-1899-0288D1</styleUrl>
      <ExtendedData>
        <Data name="lat">
          <value> 16.9014</value>
        </Data>
        <Data name="long">
          <value>104.6807</value>
        </Data>
      </ExtendedData>
      <Point>
        <coordinates>
          104.6807,16.9014,0
        </coordinates>
      </Point>
    </Placemark>
    <Placemark>
      <name/>
      <description><![CDATA[lat: 16.9011<br>long: 104.6807]]></description>
      <styleUrl>#icon-1899-0288D1</styleUrl>
      <ExtendedData>
        <Data name="lat">
          <value>16.9011</value>
        </Data>
        <Data name="long">
          <value>104.6807</value>
        </Data>
      </ExtendedData>
      <Point>
        <coordinates>
          104.6807,16.9011,0
        </coordinates>
      </Point>
    </Placemark>
    <Placemark>
      <name/>
      <description><![CDATA[lat:  16.9009<br>long: 104.6807]]></description>
      <styleUrl>#icon-1899-0288D1</styleUrl>
      <ExtendedData>
        <Data name="lat">
          <value> 16.9009</value>
        </Data>
        <Data name="long">
          <value>104.6807</value>
        </Data>
      </ExtendedData>
      <Point>
        <coordinates>
          104.6807,16.9009,0
        </coordinates>
      </Point>
    </Placemark>
    <Placemark>
      <name/>
      <description><![CDATA[lat:  16.9006<br>long: 104.6807]]></description>
      <styleUrl>#icon-1899-0288D1</styleUrl>
      <ExtendedData>
        <Data name="lat">
          <value> 16.9006</value>
        </Data>
        <Data name="long">
          <value>104.6807</value>
        </Data>
      </ExtendedData>
      <Point>
        <coordinates>
          104.6807,16.9006,0
        </coordinates>
      </Point>
    </Placemark>
    <Placemark>
      <name/>
      <description><![CDATA[lat:  16.9003<br>long: 104.6807]]></description>
      <styleUrl>#icon-1899-0288D1</styleUrl>
      <ExtendedData>
        <Data name="lat">
          <value> 16.9003</value>
        </Data>
        <Data name="long">
          <value>104.6807</value>
        </Data>
      </ExtendedData>
      <Point>
        <coordinates>
          104.6807,16.9003,0
        </coordinates>
      </Point>
    </Placemark>
    <Placemark>
      <name/>
      <description><![CDATA[lat:  16.9000<br>long: 104.6807]]></description>
      <styleUrl>#icon-1899-0288D1</styleUrl>
      <ExtendedData>
        <Data name="lat">
          <value> 16.9000</value>
        </Data>
        <Data name="long">
          <value>104.6807</value>
        </Data>
      </ExtendedData>
      <Point>
        <coordinates>
          104.6807,16.9,0
        </coordinates>
      </Point>
    </Placemark>
    <Placemark>
      <name/>
      <description><![CDATA[lat:  16.8997<br>long: 104.6807]]></description>
      <styleUrl>#icon-1899-0288D1</styleUrl>
      <ExtendedData>
        <Data name="lat">
          <value> 16.8997</value>
        </Data>
        <Data name="long">
          <value>104.6807</value>
        </Data>
      </ExtendedData>
      <Point>
        <coordinates>
          104.6807,16.8997,0
        </coordinates>
      </Point>
    </Placemark>
    <Placemark>
      <name/>
      <description><![CDATA[lat:  16.8994<br>long: 104.6807]]></description>
      <styleUrl>#icon-1899-0288D1</styleUrl>
      <ExtendedData>
        <Data name="lat">
          <value> 16.8994</value>
        </Data>
        <Data name="long">
          <value>104.6807</value>
        </Data>
      </ExtendedData>
      <Point>
        <coordinates>
          104.6807,16.8994,0
        </coordinates>
      </Point>
    </Placemark>
    <Placemark>
      <name/>
      <description><![CDATA[lat:  16.8991<br>long: 104.6808]]></description>
      <styleUrl>#icon-1899-0288D1</styleUrl>
      <ExtendedData>
        <Data name="lat">
          <value> 16.8991</value>
        </Data>
        <Data name="long">
          <value>104.6808</value>
        </Data>
      </ExtendedData>
      <Point>
        <coordinates>
          104.6808,16.8991,0
        </coordinates>
      </Point>
    </Placemark>
    <Placemark>
      <name/>
      <description><![CDATA[lat:  16.8988<br>long: 104.6808]]></description>
      <styleUrl>#icon-1899-0288D1</styleUrl>
      <ExtendedData>
        <Data name="lat">
          <value> 16.8988</value>
        </Data>
        <Data name="long">
          <value>104.6808</value>
        </Data>
      </ExtendedData>
      <Point>
        <coordinates>
          104.6808,16.8988,0
        </coordinates>
      </Point>
    </Placemark>
    <Placemark>
      <name/>
      <description><![CDATA[lat: 16.8985<br>long: 104.6808]]></description>
      <styleUrl>#icon-1899-0288D1</styleUrl>
      <ExtendedData>
        <Data name="lat">
          <value>16.8985</value>
        </Data>
        <Data name="long">
          <value>104.6808</value>
        </Data>
      </ExtendedData>
      <Point>
        <coordinates>
          104.6808,16.8985,0
        </coordinates>
      </Point>
    </Placemark>
    <Placemark>
      <name/>
      <description><![CDATA[lat:  16.8982<br>long: 104.6808]]></description>
      <styleUrl>#icon-1899-0288D1</styleUrl>
      <ExtendedData>
        <Data name="lat">
          <value> 16.8982</value>
        </Data>
        <Data name="long">
          <value>104.6808</value>
        </Data>
      </ExtendedData>
      <Point>
        <coordinates>
          104.6808,16.8982,0
        </coordinates>
      </Point>
    </Placemark>
    <Placemark>
      <name/>
      <description><![CDATA[lat:  16.8980<br>long: 104.6808]]></description>
      <styleUrl>#icon-1899-0288D1</styleUrl>
      <ExtendedData>
        <Data name="lat">
          <value> 16.8980</value>
        </Data>
        <Data name="long">
          <value>104.6808</value>
        </Data>
      </ExtendedData>
      <Point>
        <coordinates>
          104.6808,16.898,0
        </coordinates>
      </Point>
    </Placemark>
    <Placemark>
      <name/>
      <description><![CDATA[lat:  16.8949<br>long: 104.6808]]></description>
      <styleUrl>#icon-1899-0288D1</styleUrl>
      <ExtendedData>
        <Data name="lat">
          <value> 16.8949</value>
        </Data>
        <Data name="long">
          <value>104.6808</value>
        </Data>
      </ExtendedData>
      <Point>
        <coordinates>
          104.6808,16.8949,0
        </coordinates>
      </Point>
    </Placemark>
    <Placemark>
      <name/>
      <description><![CDATA[lat:  16.8946<br>long: 104.6808]]></description>
      <styleUrl>#icon-1899-0288D1</styleUrl>
      <ExtendedData>
        <Data name="lat">
          <value> 16.8946</value>
        </Data>
        <Data name="long">
          <value>104.6808</value>
        </Data>
      </ExtendedData>
      <Point>
        <coordinates>
          104.6808,16.8946,0
        </coordinates>
      </Point>
    </Placemark>
    <Placemark>
      <name/>
      <description><![CDATA[lat:  16.8943<br>long: 104.6808]]></description>
      <styleUrl>#icon-1899-0288D1</styleUrl>
      <ExtendedData>
        <Data name="lat">
          <value> 16.8943</value>
        </Data>
        <Data name="long">
          <value>104.6808</value>
        </Data>
      </ExtendedData>
      <Point>
        <coordinates>
          104.6808,16.8943,0
        </coordinates>
      </Point>
    </Placemark>
    <Placemark>
      <name/>
      <description><![CDATA[lat:  16.8940<br>long: 104.6808]]></description>
      <styleUrl>#icon-1899-0288D1</styleUrl>
      <ExtendedData>
        <Data name="lat">
          <value> 16.8940</value>
        </Data>
        <Data name="long">
          <value>104.6808</value>
        </Data>
      </ExtendedData>
      <Point>
        <coordinates>
          104.6808,16.894,0
        </coordinates>
      </Point>
    </Placemark>
    <Placemark>
      <name/>
      <description><![CDATA[lat:  16.8937<br>long: 104.6809]]></description>
      <styleUrl>#icon-1899-0288D1</styleUrl>
      <ExtendedData>
        <Data name="lat">
          <value> 16.8937</value>
        </Data>
        <Data name="long">
          <value>104.6809</value>
        </Data>
      </ExtendedData>
      <Point>
        <coordinates>
          104.6809,16.8937,0
        </coordinates>
      </Point>
    </Placemark>
    <Placemark>
      <name/>
      <description><![CDATA[lat: 16.8934<br>long: 104.6809]]></description>
      <styleUrl>#icon-1899-0288D1</styleUrl>
      <ExtendedData>
        <Data name="lat">
          <value>16.8934</value>
        </Data>
        <Data name="long">
          <value>104.6809</value>
        </Data>
      </ExtendedData>
      <Point>
        <coordinates>
          104.6809,16.8934,0
        </coordinates>
      </Point>
    </Placemark>
    <Placemark>
      <name/>
      <description><![CDATA[lat:  16.8931<br>long: 104.6809]]></description>
      <styleUrl>#icon-1899-0288D1</styleUrl>
      <ExtendedData>
        <Data name="lat">
          <value> 16.8931</value>
        </Data>
        <Data name="long">
          <value>104.6809</value>
        </Data>
      </ExtendedData>
      <Point>
        <coordinates>
          104.6809,16.8931,0
        </coordinates>
      </Point>
    </Placemark>
    <Placemark>
      <name/>
      <description><![CDATA[lat: 16.8928<br>long: 104.6809]]></description>
      <styleUrl>#icon-1899-0288D1</styleUrl>
      <ExtendedData>
        <Data name="lat">
          <value>16.8928</value>
        </Data>
        <Data name="long">
          <value>104.6809</value>
        </Data>
      </ExtendedData>
      <Point>
        <coordinates>
          104.6809,16.8928,0
        </coordinates>
      </Point>
    </Placemark>
    <Placemark>
      <name/>
      <description><![CDATA[lat:  16.8925<br>long: 104.6809]]></description>
      <styleUrl>#icon-1899-0288D1</styleUrl>
      <ExtendedData>
        <Data name="lat">
          <value> 16.8925</value>
        </Data>
        <Data name="long">
          <value>104.6809</value>
        </Data>
      </ExtendedData>
      <Point>
        <coordinates>
          104.6809,16.8925,0
        </coordinates>
      </Point>
    </Placemark>
    <Placemark>
      <name/>
      <description><![CDATA[lat: 16.8922<br>long: 104.6809]]></description>
      <styleUrl>#icon-1899-0288D1</styleUrl>
      <ExtendedData>
        <Data name="lat">
          <value>16.8922</value>
        </Data>
        <Data name="long">
          <value>104.6809</value>
        </Data>
      </ExtendedData>
      <Point>
        <coordinates>
          104.6809,16.8922,0
        </coordinates>
      </Point>
    </Placemark>
    <Placemark>
      <name/>
      <description><![CDATA[lat:  16.8919<br>long: 104.6809]]></description>
      <styleUrl>#icon-1899-0288D1</styleUrl>
      <ExtendedData>
        <Data name="lat">
          <value> 16.8919</value>
        </Data>
        <Data name="long">
          <value>104.6809</value>
        </Data>
      </ExtendedData>
      <Point>
        <coordinates>
          104.6809,16.8919,0
        </coordinates>
      </Point>
    </Placemark>
    <Placemark>
      <name/>
      <description><![CDATA[lat:  16.8916<br>long: 104.6809]]></description>
      <styleUrl>#icon-1899-0288D1</styleUrl>
      <ExtendedData>
        <Data name="lat">
          <value> 16.8916</value>
        </Data>
        <Data name="long">
          <value>104.6809</value>
        </Data>
      </ExtendedData>
      <Point>
        <coordinates>
          104.6809,16.8916,0
        </coordinates>
      </Point>
    </Placemark>
    <Placemark>
      <name/>
      <description><![CDATA[lat:  16.8570<br>long: 104.6813]]></description>
      <styleUrl>#icon-1899-0288D1</styleUrl>
      <ExtendedData>
        <Data name="lat">
          <value> 16.8570</value>
        </Data>
        <Data name="long">
          <value>104.6813</value>
        </Data>
      </ExtendedData>
      <Point>
        <coordinates>
          104.6813,16.857,0
        </coordinates>
      </Point>
    </Placemark>
    <Placemark>
      <name/>
      <description><![CDATA[lat:  16.8574<br>long: 104.6814]]></description>
      <styleUrl>#icon-1899-0288D1</styleUrl>
      <ExtendedData>
        <Data name="lat">
          <value> 16.8574</value>
        </Data>
        <Data name="long">
          <value>104.6814</value>
        </Data>
      </ExtendedData>
      <Point>
        <coordinates>
          104.6814,16.8574,0
        </coordinates>
      </Point>
    </Placemark>
    <Placemark>
      <name/>
      <description><![CDATA[lat:  16.8568<br>long: 104.6813]]></description>
      <styleUrl>#icon-1899-0288D1</styleUrl>
      <ExtendedData>
        <Data name="lat">
          <value> 16.8568</value>
        </Data>
        <Data name="long">
          <value>104.6813</value>
        </Data>
      </ExtendedData>
      <Point>
        <coordinates>
          104.6813,16.8568,0
        </coordinates>
      </Point>
    </Placemark>
    <Placemark>
      <name/>
      <description><![CDATA[lat:  16.8565<br>long: 104.6813]]></description>
      <styleUrl>#icon-1899-0288D1</styleUrl>
      <ExtendedData>
        <Data name="lat">
          <value> 16.8565</value>
        </Data>
        <Data name="long">
          <value>104.6813</value>
        </Data>
      </ExtendedData>
      <Point>
        <coordinates>
          104.6813,16.8565,0
        </coordinates>
      </Point>
    </Placemark>
    <Placemark>
      <name/>
      <description><![CDATA[lat:  16.8562<br>long: 104.6813]]></description>
      <styleUrl>#icon-1899-0288D1</styleUrl>
      <ExtendedData>
        <Data name="lat">
          <value> 16.8562</value>
        </Data>
        <Data name="long">
          <value>104.6813</value>
        </Data>
      </ExtendedData>
      <Point>
        <coordinates>
          104.6813,16.8562,0
        </coordinates>
      </Point>
    </Placemark>
    <Placemark>
      <name/>
      <description><![CDATA[lat:  16.8559<br>long: 104.6813]]></description>
      <styleUrl>#icon-1899-0288D1</styleUrl>
      <ExtendedData>
        <Data name="lat">
          <value> 16.8559</value>
        </Data>
        <Data name="long">
          <value>104.6813</value>
        </Data>
      </ExtendedData>
      <Point>
        <coordinates>
          104.6813,16.8559,0
        </coordinates>
      </Point>
    </Placemark>
    <Placemark>
      <name/>
      <description><![CDATA[lat:  16.8556<br>long: 104.6814]]></description>
      <styleUrl>#icon-1899-0288D1</styleUrl>
      <ExtendedData>
        <Data name="lat">
          <value> 16.8556</value>
        </Data>
        <Data name="long">
          <value>104.6814</value>
        </Data>
      </ExtendedData>
      <Point>
        <coordinates>
          104.6814,16.8556,0
        </coordinates>
      </Point>
    </Placemark>
    <Placemark>
      <name/>
      <description><![CDATA[lat: 16.8553<br>long: 104.6814]]></description>
      <styleUrl>#icon-1899-0288D1</styleUrl>
      <ExtendedData>
        <Data name="lat">
          <value>16.8553</value>
        </Data>
        <Data name="long">
          <value>104.6814</value>
        </Data>
      </ExtendedData>
      <Point>
        <coordinates>
          104.6814,16.8553,0
        </coordinates>
      </Point>
    </Placemark>
    <Placemark>
      <name/>
      <description><![CDATA[lat:  16.8550<br>long: 104.6814]]></description>
      <styleUrl>#icon-1899-0288D1</styleUrl>
      <ExtendedData>
        <Data name="lat">
          <value> 16.8550</value>
        </Data>
        <Data name="long">
          <value>104.6814</value>
        </Data>
      </ExtendedData>
      <Point>
        <coordinates>
          104.6814,16.855,0
        </coordinates>
      </Point>
    </Placemark>
    <Placemark>
      <name/>
      <description><![CDATA[lat:  16.8547<br>long: 104.6814]]></description>
      <styleUrl>#icon-1899-0288D1</styleUrl>
      <ExtendedData>
        <Data name="lat">
          <value> 16.8547</value>
        </Data>
        <Data name="long">
          <value>104.6814</value>
        </Data>
      </ExtendedData>
      <Point>
        <coordinates>
          104.6814,16.8547,0
        </coordinates>
      </Point>
    </Placemark>
    <Placemark>
      <name/>
      <description><![CDATA[lat:  16.8544<br>long: 104.6814]]></description>
      <styleUrl>#icon-1899-0288D1</styleUrl>
      <ExtendedData>
        <Data name="lat">
          <value> 16.8544</value>
        </Data>
        <Data name="long">
          <value>104.6814</value>
        </Data>
      </ExtendedData>
      <Point>
        <coordinates>
          104.6814,16.8544,0
        </coordinates>
      </Point>
    </Placemark>
    <Placemark>
      <name/>
      <description><![CDATA[lat:  16.8541<br>long: 104.6814]]></description>
      <styleUrl>#icon-1899-0288D1</styleUrl>
      <ExtendedData>
        <Data name="lat">
          <value> 16.8541</value>
        </Data>
        <Data name="long">
          <value>104.6814</value>
        </Data>
      </ExtendedData>
      <Point>
        <coordinates>
          104.6814,16.8541,0
        </coordinates>
      </Point>
    </Placemark>
    <Placemark>
      <name/>
      <description><![CDATA[lat:  16.8538<br>long: 104.6814]]></description>
      <styleUrl>#icon-1899-0288D1</styleUrl>
      <ExtendedData>
        <Data name="lat">
          <value> 16.8538</value>
        </Data>
        <Data name="long">
          <value>104.6814</value>
        </Data>
      </ExtendedData>
      <Point>
        <coordinates>
          104.6814,16.8538,0
        </coordinates>
      </Point>
    </Placemark>
    <Placemark>
      <name/>
      <description><![CDATA[lat:  16.8535<br>long: 104.6814]]></description>
      <styleUrl>#icon-1899-0288D1</styleUrl>
      <ExtendedData>
        <Data name="lat">
          <value> 16.8535</value>
        </Data>
        <Data name="long">
          <value>104.6814</value>
        </Data>
      </ExtendedData>
      <Point>
        <coordinates>
          104.6814,16.8535,0
        </coordinates>
      </Point>
    </Placemark>
    <Placemark>
      <name/>
      <description><![CDATA[lat:  16.8533<br>long: 104.6814]]></description>
      <styleUrl>#icon-1899-0288D1</styleUrl>
      <ExtendedData>
        <Data name="lat">
          <value> 16.8533</value>
        </Data>
        <Data name="long">
          <value>104.6814</value>
        </Data>
      </ExtendedData>
      <Point>
        <coordinates>
          104.6814,16.8533,0
        </coordinates>
      </Point>
    </Placemark>
    <Placemark>
      <name/>
      <description><![CDATA[lat:  16.8530<br>long: 104.6814]]></description>
      <styleUrl>#icon-1899-0288D1</styleUrl>
      <ExtendedData>
        <Data name="lat">
          <value> 16.8530</value>
        </Data>
        <Data name="long">
          <value>104.6814</value>
        </Data>
      </ExtendedData>
      <Point>
        <coordinates>
          104.6814,16.853,0
        </coordinates>
      </Point>
    </Placemark>
    <Placemark>
      <name/>
      <description><![CDATA[lat:  16.8527<br>long: 104.6814]]></description>
      <styleUrl>#icon-1899-0288D1</styleUrl>
      <ExtendedData>
        <Data name="lat">
          <value> 16.8527</value>
        </Data>
        <Data name="long">
          <value>104.6814</value>
        </Data>
      </ExtendedData>
      <Point>
        <coordinates>
          104.6814,16.8527,0
        </coordinates>
      </Point>
    </Placemark>
    <Placemark>
      <name/>
      <description><![CDATA[lat:  16.8524<br>long: 104.6814]]></description>
      <styleUrl>#icon-1899-0288D1</styleUrl>
      <ExtendedData>
        <Data name="lat">
          <value> 16.8524</value>
        </Data>
        <Data name="long">
          <value>104.6814</value>
        </Data>
      </ExtendedData>
      <Point>
        <coordinates>
          104.6814,16.8524,0
        </coordinates>
      </Point>
    </Placemark>
    <Placemark>
      <name/>
      <description><![CDATA[lat:  16.8521<br>long: 104.6814]]></description>
      <styleUrl>#icon-1899-0288D1</styleUrl>
      <ExtendedData>
        <Data name="lat">
          <value> 16.8521</value>
        </Data>
        <Data name="long">
          <value>104.6814</value>
        </Data>
      </ExtendedData>
      <Point>
        <coordinates>
          104.6814,16.8521,0
        </coordinates>
      </Point>
    </Placemark>
    <Placemark>
      <name/>
      <description><![CDATA[lat:  16.8518<br>long: 104.6814]]></description>
      <styleUrl>#icon-1899-0288D1</styleUrl>
      <ExtendedData>
        <Data name="lat">
          <value> 16.8518</value>
        </Data>
        <Data name="long">
          <value>104.6814</value>
        </Data>
      </ExtendedData>
      <Point>
        <coordinates>
          104.6814,16.8518,0
        </coordinates>
      </Point>
    </Placemark>
    <Placemark>
      <name/>
      <description><![CDATA[lat:  16.8515<br>long: 104.6814]]></description>
      <styleUrl>#icon-1899-0288D1</styleUrl>
      <ExtendedData>
        <Data name="lat">
          <value> 16.8515</value>
        </Data>
        <Data name="long">
          <value>104.6814</value>
        </Data>
      </ExtendedData>
      <Point>
        <coordinates>
          104.6814,16.8515,0
        </coordinates>
      </Point>
    </Placemark>
    <Placemark>
      <name/>
      <description><![CDATA[lat:  16.8513<br>long: 104.6814]]></description>
      <styleUrl>#icon-1899-0288D1</styleUrl>
      <ExtendedData>
        <Data name="lat">
          <value> 16.8513</value>
        </Data>
        <Data name="long">
          <value>104.6814</value>
        </Data>
      </ExtendedData>
      <Point>
        <coordinates>
          104.6814,16.8513,0
        </coordinates>
      </Point>
    </Placemark>
    <Placemark>
      <name/>
      <description><![CDATA[lat:  16.8510<br>long: 104.6814]]></description>
      <styleUrl>#icon-1899-0288D1</styleUrl>
      <ExtendedData>
        <Data name="lat">
          <value> 16.8510</value>
        </Data>
        <Data name="long">
          <value>104.6814</value>
        </Data>
      </ExtendedData>
      <Point>
        <coordinates>
          104.6814,16.851,0
        </coordinates>
      </Point>
    </Placemark>
    <Placemark>
      <name/>
      <description><![CDATA[lat:  16.8507<br>long: 104.6814]]></description>
      <styleUrl>#icon-1899-0288D1</styleUrl>
      <ExtendedData>
        <Data name="lat">
          <value> 16.8507</value>
        </Data>
        <Data name="long">
          <value>104.6814</value>
        </Data>
      </ExtendedData>
      <Point>
        <coordinates>
          104.6814,16.8507,0
        </coordinates>
      </Point>
    </Placemark>
    <Placemark>
      <name/>
      <description><![CDATA[lat:  16.8504<br>long: 104.6814]]></description>
      <styleUrl>#icon-1899-0288D1</styleUrl>
      <ExtendedData>
        <Data name="lat">
          <value> 16.8504</value>
        </Data>
        <Data name="long">
          <value>104.6814</value>
        </Data>
      </ExtendedData>
      <Point>
        <coordinates>
          104.6814,16.8504,0
        </coordinates>
      </Point>
    </Placemark>
    <Placemark>
      <name/>
      <description><![CDATA[lat:  16.8501<br>long: 104.6814]]></description>
      <styleUrl>#icon-1899-0288D1</styleUrl>
      <ExtendedData>
        <Data name="lat">
          <value> 16.8501</value>
        </Data>
        <Data name="long">
          <value>104.6814</value>
        </Data>
      </ExtendedData>
      <Point>
        <coordinates>
          104.6814,16.8501,0
        </coordinates>
      </Point>
    </Placemark>
    <Placemark>
      <name/>
      <description><![CDATA[lat:  16.8498<br>long: 104.6814]]></description>
      <styleUrl>#icon-1899-0288D1</styleUrl>
      <ExtendedData>
        <Data name="lat">
          <value> 16.8498</value>
        </Data>
        <Data name="long">
          <value>104.6814</value>
        </Data>
      </ExtendedData>
      <Point>
        <coordinates>
          104.6814,16.8498,0
        </coordinates>
      </Point>
    </Placemark>
    <Placemark>
      <name/>
      <description><![CDATA[lat: 16.8495<br>long: 104.6814]]></description>
      <styleUrl>#icon-1899-0288D1</styleUrl>
      <ExtendedData>
        <Data name="lat">
          <value>16.8495</value>
        </Data>
        <Data name="long">
          <value>104.6814</value>
        </Data>
      </ExtendedData>
      <Point>
        <coordinates>
          104.6814,16.8495,0
        </coordinates>
      </Point>
    </Placemark>
    <Placemark>
      <name/>
      <description><![CDATA[lat:  16.8492<br>long: 104.6814]]></description>
      <styleUrl>#icon-1899-0288D1</styleUrl>
      <ExtendedData>
        <Data name="lat">
          <value> 16.8492</value>
        </Data>
        <Data name="long">
          <value>104.6814</value>
        </Data>
      </ExtendedData>
      <Point>
        <coordinates>
          104.6814,16.8492,0
        </coordinates>
      </Point>
    </Placemark>
    <Placemark>
      <name/>
      <description><![CDATA[lat:  16.8489<br>long: 104.6814]]></description>
      <styleUrl>#icon-1899-0288D1</styleUrl>
      <ExtendedData>
        <Data name="lat">
          <value> 16.8489</value>
        </Data>
        <Data name="long">
          <value>104.6814</value>
        </Data>
      </ExtendedData>
      <Point>
        <coordinates>
          104.6814,16.8489,0
        </coordinates>
      </Point>
    </Placemark>
    <Placemark>
      <name/>
      <description><![CDATA[lat:  16.8486<br>long: 104.6814]]></description>
      <styleUrl>#icon-1899-0288D1</styleUrl>
      <ExtendedData>
        <Data name="lat">
          <value> 16.8486</value>
        </Data>
        <Data name="long">
          <value>104.6814</value>
        </Data>
      </ExtendedData>
      <Point>
        <coordinates>
          104.6814,16.8486,0
        </coordinates>
      </Point>
    </Placemark>
    <Placemark>
      <name/>
      <description><![CDATA[lat:  16.8482<br>long: 104.6814]]></description>
      <styleUrl>#icon-1899-0288D1</styleUrl>
      <ExtendedData>
        <Data name="lat">
          <value> 16.8482</value>
        </Data>
        <Data name="long">
          <value>104.6814</value>
        </Data>
      </ExtendedData>
      <Point>
        <coordinates>
          104.6814,16.8482,0
        </coordinates>
      </Point>
    </Placemark>
    <Placemark>
      <name/>
      <description><![CDATA[lat:  16.8478<br>long: 104.6814]]></description>
      <styleUrl>#icon-1899-0288D1</styleUrl>
      <ExtendedData>
        <Data name="lat">
          <value> 16.8478</value>
        </Data>
        <Data name="long">
          <value>104.6814</value>
        </Data>
      </ExtendedData>
      <Point>
        <coordinates>
          104.6814,16.8478,0
        </coordinates>
      </Point>
    </Placemark>
    <Placemark>
      <name/>
      <description><![CDATA[lat:  16.8475<br>long: 104.6814]]></description>
      <styleUrl>#icon-1899-0288D1</styleUrl>
      <ExtendedData>
        <Data name="lat">
          <value> 16.8475</value>
        </Data>
        <Data name="long">
          <value>104.6814</value>
        </Data>
      </ExtendedData>
      <Point>
        <coordinates>
          104.6814,16.8475,0
        </coordinates>
      </Point>
    </Placemark>
    <Placemark>
      <name/>
      <description><![CDATA[lat:  16.8471<br>long: 104.6814]]></description>
      <styleUrl>#icon-1899-0288D1</styleUrl>
      <ExtendedData>
        <Data name="lat">
          <value> 16.8471</value>
        </Data>
        <Data name="long">
          <value>104.6814</value>
        </Data>
      </ExtendedData>
      <Point>
        <coordinates>
          104.6814,16.8471,0
        </coordinates>
      </Point>
    </Placemark>
    <Placemark>
      <name/>
      <description><![CDATA[lat:  16.8467<br>long: 104.6814]]></description>
      <styleUrl>#icon-1899-0288D1</styleUrl>
      <ExtendedData>
        <Data name="lat">
          <value> 16.8467</value>
        </Data>
        <Data name="long">
          <value>104.6814</value>
        </Data>
      </ExtendedData>
      <Point>
        <coordinates>
          104.6814,16.8467,0
        </coordinates>
      </Point>
    </Placemark>
    <Placemark>
      <name/>
      <description><![CDATA[lat: 16.8464<br>long: 104.6814]]></description>
      <styleUrl>#icon-1899-0288D1</styleUrl>
      <ExtendedData>
        <Data name="lat">
          <value>16.8464</value>
        </Data>
        <Data name="long">
          <value>104.6814</value>
        </Data>
      </ExtendedData>
      <Point>
        <coordinates>
          104.6814,16.8464,0
        </coordinates>
      </Point>
    </Placemark>
    <Placemark>
      <name/>
      <description><![CDATA[lat:  16.8460<br>long: 104.6813]]></description>
      <styleUrl>#icon-1899-0288D1</styleUrl>
      <ExtendedData>
        <Data name="lat">
          <value> 16.8460</value>
        </Data>
        <Data name="long">
          <value>104.6813</value>
        </Data>
      </ExtendedData>
      <Point>
        <coordinates>
          104.6813,16.846,0
        </coordinates>
      </Point>
    </Placemark>
    <Placemark>
      <name/>
      <description><![CDATA[lat:  16.8457<br>long: 104.6812]]></description>
      <styleUrl>#icon-1899-0288D1</styleUrl>
      <ExtendedData>
        <Data name="lat">
          <value> 16.8457</value>
        </Data>
        <Data name="long">
          <value>104.6812</value>
        </Data>
      </ExtendedData>
      <Point>
        <coordinates>
          104.6812,16.8457,0
        </coordinates>
      </Point>
    </Placemark>
    <Placemark>
      <name/>
      <description><![CDATA[lat:  16.8453<br>long: 104.6811]]></description>
      <styleUrl>#icon-1899-0288D1</styleUrl>
      <ExtendedData>
        <Data name="lat">
          <value> 16.8453</value>
        </Data>
        <Data name="long">
          <value>104.6811</value>
        </Data>
      </ExtendedData>
      <Point>
        <coordinates>
          104.6811,16.8453,0
        </coordinates>
      </Point>
    </Placemark>
    <Placemark>
      <name/>
      <description><![CDATA[lat:  16.8450<br>long: 104.6809]]></description>
      <styleUrl>#icon-1899-0288D1</styleUrl>
      <ExtendedData>
        <Data name="lat">
          <value> 16.8450</value>
        </Data>
        <Data name="long">
          <value>104.6809</value>
        </Data>
      </ExtendedData>
      <Point>
        <coordinates>
          104.6809,16.845,0
        </coordinates>
      </Point>
    </Placemark>
    <Placemark>
      <name/>
      <description><![CDATA[lat:  16.8447<br>long: 104.6808]]></description>
      <styleUrl>#icon-1899-0288D1</styleUrl>
      <ExtendedData>
        <Data name="lat">
          <value> 16.8447</value>
        </Data>
        <Data name="long">
          <value>104.6808</value>
        </Data>
      </ExtendedData>
      <Point>
        <coordinates>
          104.6808,16.8447,0
        </coordinates>
      </Point>
    </Placemark>
    <Placemark>
      <name/>
      <description><![CDATA[lat:  16.8444<br>long: 104.6806]]></description>
      <styleUrl>#icon-1899-0288D1</styleUrl>
      <ExtendedData>
        <Data name="lat">
          <value> 16.8444</value>
        </Data>
        <Data name="long">
          <value>104.6806</value>
        </Data>
      </ExtendedData>
      <Point>
        <coordinates>
          104.6806,16.8444,0
        </coordinates>
      </Point>
    </Placemark>
    <Placemark>
      <name/>
      <description><![CDATA[lat:  16.8440<br>long: 104.6805]]></description>
      <styleUrl>#icon-1899-0288D1</styleUrl>
      <ExtendedData>
        <Data name="lat">
          <value> 16.8440</value>
        </Data>
        <Data name="long">
          <value>104.6805</value>
        </Data>
      </ExtendedData>
      <Point>
        <coordinates>
          104.6805,16.844,0
        </coordinates>
      </Point>
    </Placemark>
    <Placemark>
      <name/>
      <description><![CDATA[lat:  16.8437<br>long: 104.6804]]></description>
      <styleUrl>#icon-1899-0288D1</styleUrl>
      <ExtendedData>
        <Data name="lat">
          <value> 16.8437</value>
        </Data>
        <Data name="long">
          <value>104.6804</value>
        </Data>
      </ExtendedData>
      <Point>
        <coordinates>
          104.6804,16.8437,0
        </coordinates>
      </Point>
    </Placemark>
    <Placemark>
      <name/>
      <description><![CDATA[lat:  16.8435<br>long: 104.6802]]></description>
      <styleUrl>#icon-1899-0288D1</styleUrl>
      <ExtendedData>
        <Data name="lat">
          <value> 16.8435</value>
        </Data>
        <Data name="long">
          <value>104.6802</value>
        </Data>
      </ExtendedData>
      <Point>
        <coordinates>
          104.6802,16.8435,0
        </coordinates>
      </Point>
    </Placemark>
    <Placemark>
      <name/>
      <description><![CDATA[lat:  16.8432<br>long: 104.6801]]></description>
      <styleUrl>#icon-1899-0288D1</styleUrl>
      <ExtendedData>
        <Data name="lat">
          <value> 16.8432</value>
        </Data>
        <Data name="long">
          <value>104.6801</value>
        </Data>
      </ExtendedData>
      <Point>
        <coordinates>
          104.6801,16.8432,0
        </coordinates>
      </Point>
    </Placemark>
    <Placemark>
      <name/>
      <description><![CDATA[lat:  16.8429<br>long: 104.6800]]></description>
      <styleUrl>#icon-1899-0288D1</styleUrl>
      <ExtendedData>
        <Data name="lat">
          <value> 16.8429</value>
        </Data>
        <Data name="long">
          <value>104.6800</value>
        </Data>
      </ExtendedData>
      <Point>
        <coordinates>
          104.68,16.8429,0
        </coordinates>
      </Point>
    </Placemark>
    <Placemark>
      <name/>
      <description><![CDATA[lat:  16.8427<br>long: 104.6799]]></description>
      <styleUrl>#icon-1899-0288D1</styleUrl>
      <ExtendedData>
        <Data name="lat">
          <value> 16.8427</value>
        </Data>
        <Data name="long">
          <value>104.6799</value>
        </Data>
      </ExtendedData>
      <Point>
        <coordinates>
          104.6799,16.8427,0
        </coordinates>
      </Point>
    </Placemark>
    <Placemark>
      <name/>
      <description><![CDATA[lat:  16.8424<br>long: 104.6798]]></description>
      <styleUrl>#icon-1899-0288D1</styleUrl>
      <ExtendedData>
        <Data name="lat">
          <value> 16.8424</value>
        </Data>
        <Data name="long">
          <value>104.6798</value>
        </Data>
      </ExtendedData>
      <Point>
        <coordinates>
          104.6798,16.8424,0
        </coordinates>
      </Point>
    </Placemark>
    <Placemark>
      <name/>
      <description><![CDATA[lat:  16.8421<br>long: 104.6796]]></description>
      <styleUrl>#icon-1899-0288D1</styleUrl>
      <ExtendedData>
        <Data name="lat">
          <value> 16.8421</value>
        </Data>
        <Data name="long">
          <value>104.6796</value>
        </Data>
      </ExtendedData>
      <Point>
        <coordinates>
          104.6796,16.8421,0
        </coordinates>
      </Point>
    </Placemark>
    <Placemark>
      <name/>
      <description><![CDATA[lat:  16.8418<br>long: 104.6795]]></description>
      <styleUrl>#icon-1899-0288D1</styleUrl>
      <ExtendedData>
        <Data name="lat">
          <value> 16.8418</value>
        </Data>
        <Data name="long">
          <value>104.6795</value>
        </Data>
      </ExtendedData>
      <Point>
        <coordinates>
          104.6795,16.8418,0
        </coordinates>
      </Point>
    </Placemark>
    <Placemark>
      <name/>
      <description><![CDATA[lat:  16.8416<br>long: 104.6794]]></description>
      <styleUrl>#icon-1899-0288D1</styleUrl>
      <ExtendedData>
        <Data name="lat">
          <value> 16.8416</value>
        </Data>
        <Data name="long">
          <value>104.6794</value>
        </Data>
      </ExtendedData>
      <Point>
        <coordinates>
          104.6794,16.8416,0
        </coordinates>
      </Point>
    </Placemark>
    <Placemark>
      <name/>
      <description><![CDATA[lat:  16.8413<br>long: 104.6793]]></description>
      <styleUrl>#icon-1899-0288D1</styleUrl>
      <ExtendedData>
        <Data name="lat">
          <value> 16.8413</value>
        </Data>
        <Data name="long">
          <value>104.6793</value>
        </Data>
      </ExtendedData>
      <Point>
        <coordinates>
          104.6793,16.8413,0
        </coordinates>
      </Point>
    </Placemark>
    <Placemark>
      <name/>
      <description><![CDATA[lat:  16.8410<br>long: 104.6791]]></description>
      <styleUrl>#icon-1899-0288D1</styleUrl>
      <ExtendedData>
        <Data name="lat">
          <value> 16.8410</value>
        </Data>
        <Data name="long">
          <value>104.6791</value>
        </Data>
      </ExtendedData>
      <Point>
        <coordinates>
          104.6791,16.841,0
        </coordinates>
      </Point>
    </Placemark>
    <Placemark>
      <name/>
      <description><![CDATA[lat:  16.8336<br>long: 104.6757]]></description>
      <styleUrl>#icon-1899-0288D1</styleUrl>
      <ExtendedData>
        <Data name="lat">
          <value> 16.8336</value>
        </Data>
        <Data name="long">
          <value>104.6757</value>
        </Data>
      </ExtendedData>
      <Point>
        <coordinates>
          104.6757,16.8336,0
        </coordinates>
      </Point>
    </Placemark>
    <Placemark>
      <name/>
      <description><![CDATA[lat:  16.8334<br>long: 104.6756]]></description>
      <styleUrl>#icon-1899-0288D1</styleUrl>
      <ExtendedData>
        <Data name="lat">
          <value> 16.8334</value>
        </Data>
        <Data name="long">
          <value>104.6756</value>
        </Data>
      </ExtendedData>
      <Point>
        <coordinates>
          104.6756,16.8334,0
        </coordinates>
      </Point>
    </Placemark>
    <Placemark>
      <name/>
      <description><![CDATA[lat:  16.8331<br>long: 104.6755]]></description>
      <styleUrl>#icon-1899-0288D1</styleUrl>
      <ExtendedData>
        <Data name="lat">
          <value> 16.8331</value>
        </Data>
        <Data name="long">
          <value>104.6755</value>
        </Data>
      </ExtendedData>
      <Point>
        <coordinates>
          104.6755,16.8331,0
        </coordinates>
      </Point>
    </Placemark>
    <Placemark>
      <name/>
      <description><![CDATA[lat:  16.8329<br>long: 104.6754]]></description>
      <styleUrl>#icon-1899-0288D1</styleUrl>
      <ExtendedData>
        <Data name="lat">
          <value> 16.8329</value>
        </Data>
        <Data name="long">
          <value>104.6754</value>
        </Data>
      </ExtendedData>
      <Point>
        <coordinates>
          104.6754,16.8329,0
        </coordinates>
      </Point>
    </Placemark>
    <Placemark>
      <name/>
      <description><![CDATA[lat:  16.8326<br>long: 104.6753]]></description>
      <styleUrl>#icon-1899-0288D1</styleUrl>
      <ExtendedData>
        <Data name="lat">
          <value> 16.8326</value>
        </Data>
        <Data name="long">
          <value>104.6753</value>
        </Data>
      </ExtendedData>
      <Point>
        <coordinates>
          104.6753,16.8326,0
        </coordinates>
      </Point>
    </Placemark>
    <Placemark>
      <name/>
      <description><![CDATA[lat:  16.8324<br>long: 104.6751]]></description>
      <styleUrl>#icon-1899-0288D1</styleUrl>
      <ExtendedData>
        <Data name="lat">
          <value> 16.8324</value>
        </Data>
        <Data name="long">
          <value>104.6751</value>
        </Data>
      </ExtendedData>
      <Point>
        <coordinates>
          104.6751,16.8324,0
        </coordinates>
      </Point>
    </Placemark>
    <Placemark>
      <name/>
      <description><![CDATA[lat:  16.8321<br>long: 104.6750]]></description>
      <styleUrl>#icon-1899-0288D1</styleUrl>
      <ExtendedData>
        <Data name="lat">
          <value> 16.8321</value>
        </Data>
        <Data name="long">
          <value>104.6750</value>
        </Data>
      </ExtendedData>
      <Point>
        <coordinates>
          104.675,16.8321,0
        </coordinates>
      </Point>
    </Placemark>
    <Placemark>
      <name/>
      <description><![CDATA[lat:  16.8318<br>long: 104.6749]]></description>
      <styleUrl>#icon-1899-0288D1</styleUrl>
      <ExtendedData>
        <Data name="lat">
          <value> 16.8318</value>
        </Data>
        <Data name="long">
          <value>104.6749</value>
        </Data>
      </ExtendedData>
      <Point>
        <coordinates>
          104.6749,16.8318,0
        </coordinates>
      </Point>
    </Placemark>
    <Placemark>
      <name/>
      <description><![CDATA[lat:  16.8315<br>long: 104.6748]]></description>
      <styleUrl>#icon-1899-0288D1</styleUrl>
      <ExtendedData>
        <Data name="lat">
          <value> 16.8315</value>
        </Data>
        <Data name="long">
          <value>104.6748</value>
        </Data>
      </ExtendedData>
      <Point>
        <coordinates>
          104.6748,16.8315,0
        </coordinates>
      </Point>
    </Placemark>
    <Placemark>
      <name/>
      <description><![CDATA[lat:  16.8313<br>long: 104.6746]]></description>
      <styleUrl>#icon-1899-0288D1</styleUrl>
      <ExtendedData>
        <Data name="lat">
          <value> 16.8313</value>
        </Data>
        <Data name="long">
          <value>104.6746</value>
        </Data>
      </ExtendedData>
      <Point>
        <coordinates>
          104.6746,16.8313,0
        </coordinates>
      </Point>
    </Placemark>
    <Placemark>
      <name/>
      <description><![CDATA[lat:  16.8310<br>long: 104.6745]]></description>
      <styleUrl>#icon-1899-0288D1</styleUrl>
      <ExtendedData>
        <Data name="lat">
          <value> 16.8310</value>
        </Data>
        <Data name="long">
          <value>104.6745</value>
        </Data>
      </ExtendedData>
      <Point>
        <coordinates>
          104.6745,16.831,0
        </coordinates>
      </Point>
    </Placemark>
    <Placemark>
      <name/>
      <description><![CDATA[lat:  16.8307<br>long: 104.6744]]></description>
      <styleUrl>#icon-1899-0288D1</styleUrl>
      <ExtendedData>
        <Data name="lat">
          <value> 16.8307</value>
        </Data>
        <Data name="long">
          <value>104.6744</value>
        </Data>
      </ExtendedData>
      <Point>
        <coordinates>
          104.6744,16.8307,0
        </coordinates>
      </Point>
    </Placemark>
    <Placemark>
      <name/>
      <description><![CDATA[lat:  16.8305<br>long: 104.6743]]></description>
      <styleUrl>#icon-1899-0288D1</styleUrl>
      <ExtendedData>
        <Data name="lat">
          <value> 16.8305</value>
        </Data>
        <Data name="long">
          <value>104.6743</value>
        </Data>
      </ExtendedData>
      <Point>
        <coordinates>
          104.6743,16.8305,0
        </coordinates>
      </Point>
    </Placemark>
    <Placemark>
      <name/>
      <description><![CDATA[lat:  16.8302<br>long: 104.6742]]></description>
      <styleUrl>#icon-1899-0288D1</styleUrl>
      <ExtendedData>
        <Data name="lat">
          <value> 16.8302</value>
        </Data>
        <Data name="long">
          <value>104.6742</value>
        </Data>
      </ExtendedData>
      <Point>
        <coordinates>
          104.6742,16.8302,0
        </coordinates>
      </Point>
    </Placemark>
    <Placemark>
      <name/>
      <description><![CDATA[lat:  16.8299<br>long: 104.6740]]></description>
      <styleUrl>#icon-1899-0288D1</styleUrl>
      <ExtendedData>
        <Data name="lat">
          <value> 16.8299</value>
        </Data>
        <Data name="long">
          <value>104.6740</value>
        </Data>
      </ExtendedData>
      <Point>
        <coordinates>
          104.674,16.8299,0
        </coordinates>
      </Point>
    </Placemark>
    <Placemark>
      <name/>
      <description><![CDATA[lat:  16.8296<br>long: 104.6739]]></description>
      <styleUrl>#icon-1899-0288D1</styleUrl>
      <ExtendedData>
        <Data name="lat">
          <value> 16.8296</value>
        </Data>
        <Data name="long">
          <value>104.6739</value>
        </Data>
      </ExtendedData>
      <Point>
        <coordinates>
          104.6739,16.8296,0
        </coordinates>
      </Point>
    </Placemark>
    <Placemark>
      <name/>
      <description><![CDATA[lat:  16.8293<br>long: 104.6737]]></description>
      <styleUrl>#icon-1899-0288D1</styleUrl>
      <ExtendedData>
        <Data name="lat">
          <value> 16.8293</value>
        </Data>
        <Data name="long">
          <value>104.6737</value>
        </Data>
      </ExtendedData>
      <Point>
        <coordinates>
          104.6737,16.8293,0
        </coordinates>
      </Point>
    </Placemark>
    <Placemark>
      <name/>
      <description><![CDATA[lat:  16.8290<br>long: 104.6736]]></description>
      <styleUrl>#icon-1899-0288D1</styleUrl>
      <ExtendedData>
        <Data name="lat">
          <value> 16.8290</value>
        </Data>
        <Data name="long">
          <value>104.6736</value>
        </Data>
      </ExtendedData>
      <Point>
        <coordinates>
          104.6736,16.829,0
        </coordinates>
      </Point>
    </Placemark>
    <Placemark>
      <name/>
      <description><![CDATA[lat:  16.8287<br>long: 104.6734]]></description>
      <styleUrl>#icon-1899-0288D1</styleUrl>
      <ExtendedData>
        <Data name="lat">
          <value> 16.8287</value>
        </Data>
        <Data name="long">
          <value>104.6734</value>
        </Data>
      </ExtendedData>
      <Point>
        <coordinates>
          104.6734,16.8287,0
        </coordinates>
      </Point>
    </Placemark>
    <Placemark>
      <name/>
      <description><![CDATA[lat:  16.8284<br>long: 104.6733]]></description>
      <styleUrl>#icon-1899-0288D1</styleUrl>
      <ExtendedData>
        <Data name="lat">
          <value> 16.8284</value>
        </Data>
        <Data name="long">
          <value>104.6733</value>
        </Data>
      </ExtendedData>
      <Point>
        <coordinates>
          104.6733,16.8284,0
        </coordinates>
      </Point>
    </Placemark>
    <Placemark>
      <name/>
      <description><![CDATA[lat:  16.8280<br>long: 104.6732]]></description>
      <styleUrl>#icon-1899-0288D1</styleUrl>
      <ExtendedData>
        <Data name="lat">
          <value> 16.8280</value>
        </Data>
        <Data name="long">
          <value>104.6732</value>
        </Data>
      </ExtendedData>
      <Point>
        <coordinates>
          104.6732,16.828,0
        </coordinates>
      </Point>
    </Placemark>
    <Placemark>
      <name/>
      <description><![CDATA[lat:  16.8277<br>long: 104.6730]]></description>
      <styleUrl>#icon-1899-0288D1</styleUrl>
      <ExtendedData>
        <Data name="lat">
          <value> 16.8277</value>
        </Data>
        <Data name="long">
          <value>104.6730</value>
        </Data>
      </ExtendedData>
      <Point>
        <coordinates>
          104.673,16.8277,0
        </coordinates>
      </Point>
    </Placemark>
    <Placemark>
      <name/>
      <description><![CDATA[lat:  16.8274<br>long: 104.6729]]></description>
      <styleUrl>#icon-1899-0288D1</styleUrl>
      <ExtendedData>
        <Data name="lat">
          <value> 16.8274</value>
        </Data>
        <Data name="long">
          <value>104.6729</value>
        </Data>
      </ExtendedData>
      <Point>
        <coordinates>
          104.6729,16.8274,0
        </coordinates>
      </Point>
    </Placemark>
    <Placemark>
      <name/>
      <description><![CDATA[lat:  16.8271<br>long: 104.6727]]></description>
      <styleUrl>#icon-1899-0288D1</styleUrl>
      <ExtendedData>
        <Data name="lat">
          <value> 16.8271</value>
        </Data>
        <Data name="long">
          <value>104.6727</value>
        </Data>
      </ExtendedData>
      <Point>
        <coordinates>
          104.6727,16.8271,0
        </coordinates>
      </Point>
    </Placemark>
    <Placemark>
      <name/>
      <description><![CDATA[lat: 16.8268<br>long: 104.6725]]></description>
      <styleUrl>#icon-1899-0288D1</styleUrl>
      <ExtendedData>
        <Data name="lat">
          <value>16.8268</value>
        </Data>
        <Data name="long">
          <value>104.6725</value>
        </Data>
      </ExtendedData>
      <Point>
        <coordinates>
          104.6725,16.8268,0
        </coordinates>
      </Point>
    </Placemark>
    <Placemark>
      <name/>
      <description><![CDATA[lat:  16.8264<br>long: 104.6724]]></description>
      <styleUrl>#icon-1899-0288D1</styleUrl>
      <ExtendedData>
        <Data name="lat">
          <value> 16.8264</value>
        </Data>
        <Data name="long">
          <value>104.6724</value>
        </Data>
      </ExtendedData>
      <Point>
        <coordinates>
          104.6724,16.8264,0
        </coordinates>
      </Point>
    </Placemark>
    <Placemark>
      <name/>
      <description><![CDATA[lat:  16.8262<br>long: 104.6722]]></description>
      <styleUrl>#icon-1899-0288D1</styleUrl>
      <ExtendedData>
        <Data name="lat">
          <value> 16.8262</value>
        </Data>
        <Data name="long">
          <value>104.6722</value>
        </Data>
      </ExtendedData>
      <Point>
        <coordinates>
          104.6722,16.8262,0
        </coordinates>
      </Point>
    </Placemark>
    <Placemark>
      <name/>
      <description><![CDATA[lat: 16.8259<br>long: 104.6721]]></description>
      <styleUrl>#icon-1899-0288D1</styleUrl>
      <ExtendedData>
        <Data name="lat">
          <value>16.8259</value>
        </Data>
        <Data name="long">
          <value>104.6721</value>
        </Data>
      </ExtendedData>
      <Point>
        <coordinates>
          104.6721,16.8259,0
        </coordinates>
      </Point>
    </Placemark>
    <Placemark>
      <name/>
      <description><![CDATA[lat:  16.8256<br>long: 104.6720]]></description>
      <styleUrl>#icon-1899-0288D1</styleUrl>
      <ExtendedData>
        <Data name="lat">
          <value> 16.8256</value>
        </Data>
        <Data name="long">
          <value>104.6720</value>
        </Data>
      </ExtendedData>
      <Point>
        <coordinates>
          104.672,16.8256,0
        </coordinates>
      </Point>
    </Placemark>
    <Placemark>
      <name/>
      <description><![CDATA[lat:  16.8253<br>long: 104.6718]]></description>
      <styleUrl>#icon-1899-0288D1</styleUrl>
      <ExtendedData>
        <Data name="lat">
          <value> 16.8253</value>
        </Data>
        <Data name="long">
          <value>104.6718</value>
        </Data>
      </ExtendedData>
      <Point>
        <coordinates>
          104.6718,16.8253,0
        </coordinates>
      </Point>
    </Placemark>
    <Placemark>
      <name/>
      <description><![CDATA[lat:  16.8251<br>long: 104.6717]]></description>
      <styleUrl>#icon-1899-0288D1</styleUrl>
      <ExtendedData>
        <Data name="lat">
          <value> 16.8251</value>
        </Data>
        <Data name="long">
          <value>104.6717</value>
        </Data>
      </ExtendedData>
      <Point>
        <coordinates>
          104.6717,16.8251,0
        </coordinates>
      </Point>
    </Placemark>
    <Placemark>
      <name/>
      <description><![CDATA[lat:  16.8248<br>long: 104.6716]]></description>
      <styleUrl>#icon-1899-0288D1</styleUrl>
      <ExtendedData>
        <Data name="lat">
          <value> 16.8248</value>
        </Data>
        <Data name="long">
          <value>104.6716</value>
        </Data>
      </ExtendedData>
      <Point>
        <coordinates>
          104.6716,16.8248,0
        </coordinates>
      </Point>
    </Placemark>
    <Placemark>
      <name/>
      <description><![CDATA[lat:  16.8245<br>long: 104.6714]]></description>
      <styleUrl>#icon-1899-0288D1</styleUrl>
      <ExtendedData>
        <Data name="lat">
          <value> 16.8245</value>
        </Data>
        <Data name="long">
          <value>104.6714</value>
        </Data>
      </ExtendedData>
      <Point>
        <coordinates>
          104.6714,16.8245,0
        </coordinates>
      </Point>
    </Placemark>
    <Placemark>
      <name/>
      <description><![CDATA[lat: 16.8242<br>long: 104.6713]]></description>
      <styleUrl>#icon-1899-0288D1</styleUrl>
      <ExtendedData>
        <Data name="lat">
          <value>16.8242</value>
        </Data>
        <Data name="long">
          <value>104.6713</value>
        </Data>
      </ExtendedData>
      <Point>
        <coordinates>
          104.6713,16.8242,0
        </coordinates>
      </Point>
    </Placemark>
    <Placemark>
      <name/>
      <description><![CDATA[lat:  16.8240<br>long: 104.6712]]></description>
      <styleUrl>#icon-1899-0288D1</styleUrl>
      <ExtendedData>
        <Data name="lat">
          <value> 16.8240</value>
        </Data>
        <Data name="long">
          <value>104.6712</value>
        </Data>
      </ExtendedData>
      <Point>
        <coordinates>
          104.6712,16.824,0
        </coordinates>
      </Point>
    </Placemark>
    <Placemark>
      <name/>
      <description><![CDATA[lat:  16.8237<br>long: 104.6710]]></description>
      <styleUrl>#icon-1899-0288D1</styleUrl>
      <ExtendedData>
        <Data name="lat">
          <value> 16.8237</value>
        </Data>
        <Data name="long">
          <value>104.6710</value>
        </Data>
      </ExtendedData>
      <Point>
        <coordinates>
          104.671,16.8237,0
        </coordinates>
      </Point>
    </Placemark>
    <Placemark>
      <name/>
      <description><![CDATA[lat:  16.8235<br>long: 104.6709]]></description>
      <styleUrl>#icon-1899-0288D1</styleUrl>
      <ExtendedData>
        <Data name="lat">
          <value> 16.8235</value>
        </Data>
        <Data name="long">
          <value>104.6709</value>
        </Data>
      </ExtendedData>
      <Point>
        <coordinates>
          104.6709,16.8235,0
        </coordinates>
      </Point>
    </Placemark>
    <Placemark>
      <name/>
      <description><![CDATA[lat:  16.8232<br>long: 104.6708]]></description>
      <styleUrl>#icon-1899-0288D1</styleUrl>
      <ExtendedData>
        <Data name="lat">
          <value> 16.8232</value>
        </Data>
        <Data name="long">
          <value>104.6708</value>
        </Data>
      </ExtendedData>
      <Point>
        <coordinates>
          104.6708,16.8232,0
        </coordinates>
      </Point>
    </Placemark>
    <Placemark>
      <name/>
      <description><![CDATA[lat:  16.8230<br>long: 104.6707]]></description>
      <styleUrl>#icon-1899-0288D1</styleUrl>
      <ExtendedData>
        <Data name="lat">
          <value> 16.8230</value>
        </Data>
        <Data name="long">
          <value>104.6707</value>
        </Data>
      </ExtendedData>
      <Point>
        <coordinates>
          104.6707,16.823,0
        </coordinates>
      </Point>
    </Placemark>
    <Placemark>
      <name/>
      <description><![CDATA[lat:  16.8227<br>long: 104.6705]]></description>
      <styleUrl>#icon-1899-0288D1</styleUrl>
      <ExtendedData>
        <Data name="lat">
          <value> 16.8227</value>
        </Data>
        <Data name="long">
          <value>104.6705</value>
        </Data>
      </ExtendedData>
      <Point>
        <coordinates>
          104.6705,16.8227,0
        </coordinates>
      </Point>
    </Placemark>
    <Placemark>
      <name/>
      <description><![CDATA[lat:  16.8224<br>long: 104.6704]]></description>
      <styleUrl>#icon-1899-0288D1</styleUrl>
      <ExtendedData>
        <Data name="lat">
          <value> 16.8224</value>
        </Data>
        <Data name="long">
          <value>104.6704</value>
        </Data>
      </ExtendedData>
      <Point>
        <coordinates>
          104.6704,16.8224,0
        </coordinates>
      </Point>
    </Placemark>
    <Placemark>
      <name/>
      <description><![CDATA[lat:  16.8221<br>long: 104.6703]]></description>
      <styleUrl>#icon-1899-0288D1</styleUrl>
      <ExtendedData>
        <Data name="lat">
          <value> 16.8221</value>
        </Data>
        <Data name="long">
          <value>104.6703</value>
        </Data>
      </ExtendedData>
      <Point>
        <coordinates>
          104.6703,16.8221,0
        </coordinates>
      </Point>
    </Placemark>
    <Placemark>
      <name/>
      <description><![CDATA[lat:  16.8218<br>long: 104.6701]]></description>
      <styleUrl>#icon-1899-0288D1</styleUrl>
      <ExtendedData>
        <Data name="lat">
          <value> 16.8218</value>
        </Data>
        <Data name="long">
          <value>104.6701</value>
        </Data>
      </ExtendedData>
      <Point>
        <coordinates>
          104.6701,16.8218,0
        </coordinates>
      </Point>
    </Placemark>
    <Placemark>
      <name/>
      <description><![CDATA[lat:  16.8215<br>long: 104.6700]]></description>
      <styleUrl>#icon-1899-0288D1</styleUrl>
      <ExtendedData>
        <Data name="lat">
          <value> 16.8215</value>
        </Data>
        <Data name="long">
          <value>104.6700</value>
        </Data>
      </ExtendedData>
      <Point>
        <coordinates>
          104.67,16.8215,0
        </coordinates>
      </Point>
    </Placemark>
    <Placemark>
      <name/>
      <description><![CDATA[lat:  16.8212<br>long: 104.6699]]></description>
      <styleUrl>#icon-1899-0288D1</styleUrl>
      <ExtendedData>
        <Data name="lat">
          <value> 16.8212</value>
        </Data>
        <Data name="long">
          <value>104.6699</value>
        </Data>
      </ExtendedData>
      <Point>
        <coordinates>
          104.6699,16.8212,0
        </coordinates>
      </Point>
    </Placemark>
    <Placemark>
      <name/>
      <description><![CDATA[lat:  16.821 <br>long: 104.6697]]></description>
      <styleUrl>#icon-1899-0288D1</styleUrl>
      <ExtendedData>
        <Data name="lat">
          <value> 16.821 </value>
        </Data>
        <Data name="long">
          <value>104.6697</value>
        </Data>
      </ExtendedData>
      <Point>
        <coordinates>
          104.6697,16.821,0
        </coordinates>
      </Point>
    </Placemark>
    <Placemark>
      <name/>
      <description><![CDATA[lat:  16.8207<br>long: 104.6696]]></description>
      <styleUrl>#icon-1899-0288D1</styleUrl>
      <ExtendedData>
        <Data name="lat">
          <value> 16.8207</value>
        </Data>
        <Data name="long">
          <value>104.6696</value>
        </Data>
      </ExtendedData>
      <Point>
        <coordinates>
          104.6696,16.8207,0
        </coordinates>
      </Point>
    </Placemark>
    <Placemark>
      <name/>
      <description><![CDATA[lat:  16.8204<br>long: 104.6694]]></description>
      <styleUrl>#icon-1899-0288D1</styleUrl>
      <ExtendedData>
        <Data name="lat">
          <value> 16.8204</value>
        </Data>
        <Data name="long">
          <value>104.6694</value>
        </Data>
      </ExtendedData>
      <Point>
        <coordinates>
          104.6694,16.8204,0
        </coordinates>
      </Point>
    </Placemark>
    <Placemark>
      <name/>
      <description><![CDATA[lat: 16.8201<br>long: 104.6693]]></description>
      <styleUrl>#icon-1899-0288D1</styleUrl>
      <ExtendedData>
        <Data name="lat">
          <value>16.8201</value>
        </Data>
        <Data name="long">
          <value>104.6693</value>
        </Data>
      </ExtendedData>
      <Point>
        <coordinates>
          104.6693,16.8201,0
        </coordinates>
      </Point>
    </Placemark>
    <Placemark>
      <name/>
      <description><![CDATA[lat:  16.8198<br>long: 104.6692]]></description>
      <styleUrl>#icon-1899-0288D1</styleUrl>
      <ExtendedData>
        <Data name="lat">
          <value> 16.8198</value>
        </Data>
        <Data name="long">
          <value>104.6692</value>
        </Data>
      </ExtendedData>
      <Point>
        <coordinates>
          104.6692,16.8198,0
        </coordinates>
      </Point>
    </Placemark>
    <Placemark>
      <name/>
      <description><![CDATA[lat: 16.8195<br>long: 104.6691]]></description>
      <styleUrl>#icon-1899-0288D1</styleUrl>
      <ExtendedData>
        <Data name="lat">
          <value>16.8195</value>
        </Data>
        <Data name="long">
          <value>104.6691</value>
        </Data>
      </ExtendedData>
      <Point>
        <coordinates>
          104.6691,16.8195,0
        </coordinates>
      </Point>
    </Placemark>
    <Placemark>
      <name/>
      <description><![CDATA[lat:  16.8193<br>long: 104.6689]]></description>
      <styleUrl>#icon-1899-0288D1</styleUrl>
      <ExtendedData>
        <Data name="lat">
          <value> 16.8193</value>
        </Data>
        <Data name="long">
          <value>104.6689</value>
        </Data>
      </ExtendedData>
      <Point>
        <coordinates>
          104.6689,16.8193,0
        </coordinates>
      </Point>
    </Placemark>
    <Placemark>
      <name/>
      <description><![CDATA[lat:  16.8190<br>long: 104.6688]]></description>
      <styleUrl>#icon-1899-0288D1</styleUrl>
      <ExtendedData>
        <Data name="lat">
          <value> 16.8190</value>
        </Data>
        <Data name="long">
          <value>104.6688</value>
        </Data>
      </ExtendedData>
      <Point>
        <coordinates>
          104.6688,16.819,0
        </coordinates>
      </Point>
    </Placemark>
    <Placemark>
      <name/>
      <description><![CDATA[lat:  16.8187<br>long: 104.6687]]></description>
      <styleUrl>#icon-1899-0288D1</styleUrl>
      <ExtendedData>
        <Data name="lat">
          <value> 16.8187</value>
        </Data>
        <Data name="long">
          <value>104.6687</value>
        </Data>
      </ExtendedData>
      <Point>
        <coordinates>
          104.6687,16.8187,0
        </coordinates>
      </Point>
    </Placemark>
    <Placemark>
      <name/>
      <description><![CDATA[lat:  16.8185<br>long: 104.6685]]></description>
      <styleUrl>#icon-1899-0288D1</styleUrl>
      <ExtendedData>
        <Data name="lat">
          <value> 16.8185</value>
        </Data>
        <Data name="long">
          <value>104.6685</value>
        </Data>
      </ExtendedData>
      <Point>
        <coordinates>
          104.6685,16.8185,0
        </coordinates>
      </Point>
    </Placemark>
    <Placemark>
      <name/>
      <description><![CDATA[lat:  16.8183<br>long: 104.6684]]></description>
      <styleUrl>#icon-1899-0288D1</styleUrl>
      <ExtendedData>
        <Data name="lat">
          <value> 16.8183</value>
        </Data>
        <Data name="long">
          <value>104.6684</value>
        </Data>
      </ExtendedData>
      <Point>
        <coordinates>
          104.6684,16.8183,0
        </coordinates>
      </Point>
    </Placemark>
    <Placemark>
      <name/>
      <description><![CDATA[lat:  16.8180<br>long: 104.6683]]></description>
      <styleUrl>#icon-1899-0288D1</styleUrl>
      <ExtendedData>
        <Data name="lat">
          <value> 16.8180</value>
        </Data>
        <Data name="long">
          <value>104.6683</value>
        </Data>
      </ExtendedData>
      <Point>
        <coordinates>
          104.6683,16.818,0
        </coordinates>
      </Point>
    </Placemark>
    <Placemark>
      <name/>
      <description><![CDATA[lat:  16.8176<br>long: 104.6681]]></description>
      <styleUrl>#icon-1899-0288D1</styleUrl>
      <ExtendedData>
        <Data name="lat">
          <value> 16.8176</value>
        </Data>
        <Data name="long">
          <value>104.6681</value>
        </Data>
      </ExtendedData>
      <Point>
        <coordinates>
          104.6681,16.8176,0
        </coordinates>
      </Point>
    </Placemark>
    <Placemark>
      <name/>
      <description><![CDATA[lat: 16.8174<br>long: 104.6680]]></description>
      <styleUrl>#icon-1899-0288D1</styleUrl>
      <ExtendedData>
        <Data name="lat">
          <value>16.8174</value>
        </Data>
        <Data name="long">
          <value>104.6680</value>
        </Data>
      </ExtendedData>
      <Point>
        <coordinates>
          104.668,16.8174,0
        </coordinates>
      </Point>
    </Placemark>
    <Placemark>
      <name/>
      <description><![CDATA[lat:  16.8172<br>long: 104.6679]]></description>
      <styleUrl>#icon-1899-0288D1</styleUrl>
      <ExtendedData>
        <Data name="lat">
          <value> 16.8172</value>
        </Data>
        <Data name="long">
          <value>104.6679</value>
        </Data>
      </ExtendedData>
      <Point>
        <coordinates>
          104.6679,16.8172,0
        </coordinates>
      </Point>
    </Placemark>
    <Placemark>
      <name/>
      <description><![CDATA[lat:  16.8169<br>long: 104.6678]]></description>
      <styleUrl>#icon-1899-0288D1</styleUrl>
      <ExtendedData>
        <Data name="lat">
          <value> 16.8169</value>
        </Data>
        <Data name="long">
          <value>104.6678</value>
        </Data>
      </ExtendedData>
      <Point>
        <coordinates>
          104.6678,16.8169,0
        </coordinates>
      </Point>
    </Placemark>
    <Placemark>
      <name/>
      <description><![CDATA[lat:  16.8166<br>long: 104.6676]]></description>
      <styleUrl>#icon-1899-0288D1</styleUrl>
      <ExtendedData>
        <Data name="lat">
          <value> 16.8166</value>
        </Data>
        <Data name="long">
          <value>104.6676</value>
        </Data>
      </ExtendedData>
      <Point>
        <coordinates>
          104.6676,16.8166,0
        </coordinates>
      </Point>
    </Placemark>
    <Placemark>
      <name/>
      <description><![CDATA[lat:  16.8163<br>long: 104.6675]]></description>
      <styleUrl>#icon-1899-0288D1</styleUrl>
      <ExtendedData>
        <Data name="lat">
          <value> 16.8163</value>
        </Data>
        <Data name="long">
          <value>104.6675</value>
        </Data>
      </ExtendedData>
      <Point>
        <coordinates>
          104.6675,16.8163,0
        </coordinates>
      </Point>
    </Placemark>
    <Placemark>
      <name/>
      <description><![CDATA[lat:  16.8034<br>long: 104.6610]]></description>
      <styleUrl>#icon-1899-0288D1</styleUrl>
      <ExtendedData>
        <Data name="lat">
          <value> 16.8034</value>
        </Data>
        <Data name="long">
          <value>104.6610</value>
        </Data>
      </ExtendedData>
      <Point>
        <coordinates>
          104.661,16.8034,0
        </coordinates>
      </Point>
    </Placemark>
    <Placemark>
      <name/>
      <description><![CDATA[lat: 16.8031<br>long: 104.6609]]></description>
      <styleUrl>#icon-1899-0288D1</styleUrl>
      <ExtendedData>
        <Data name="lat">
          <value>16.8031</value>
        </Data>
        <Data name="long">
          <value>104.6609</value>
        </Data>
      </ExtendedData>
      <Point>
        <coordinates>
          104.6609,16.8031,0
        </coordinates>
      </Point>
    </Placemark>
    <Placemark>
      <name/>
      <description><![CDATA[lat:  16.8029<br>long: 104.6608]]></description>
      <styleUrl>#icon-1899-0288D1</styleUrl>
      <ExtendedData>
        <Data name="lat">
          <value> 16.8029</value>
        </Data>
        <Data name="long">
          <value>104.6608</value>
        </Data>
      </ExtendedData>
      <Point>
        <coordinates>
          104.6608,16.8029,0
        </coordinates>
      </Point>
    </Placemark>
    <Placemark>
      <name/>
      <description><![CDATA[lat:  16.8026<br>long: 104.6606]]></description>
      <styleUrl>#icon-1899-0288D1</styleUrl>
      <ExtendedData>
        <Data name="lat">
          <value> 16.8026</value>
        </Data>
        <Data name="long">
          <value>104.6606</value>
        </Data>
      </ExtendedData>
      <Point>
        <coordinates>
          104.6606,16.8026,0
        </coordinates>
      </Point>
    </Placemark>
    <Placemark>
      <name/>
      <description><![CDATA[lat:  16.8023<br>long: 104.6605]]></description>
      <styleUrl>#icon-1899-0288D1</styleUrl>
      <ExtendedData>
        <Data name="lat">
          <value> 16.8023</value>
        </Data>
        <Data name="long">
          <value>104.6605</value>
        </Data>
      </ExtendedData>
      <Point>
        <coordinates>
          104.6605,16.8023,0
        </coordinates>
      </Point>
    </Placemark>
    <Placemark>
      <name/>
      <description><![CDATA[lat:  16.8021<br>long: 104.6604]]></description>
      <styleUrl>#icon-1899-0288D1</styleUrl>
      <ExtendedData>
        <Data name="lat">
          <value> 16.8021</value>
        </Data>
        <Data name="long">
          <value>104.6604</value>
        </Data>
      </ExtendedData>
      <Point>
        <coordinates>
          104.6604,16.8021,0
        </coordinates>
      </Point>
    </Placemark>
    <Placemark>
      <name/>
      <description><![CDATA[lat:  16.8018<br>long: 104.6602]]></description>
      <styleUrl>#icon-1899-0288D1</styleUrl>
      <ExtendedData>
        <Data name="lat">
          <value> 16.8018</value>
        </Data>
        <Data name="long">
          <value>104.6602</value>
        </Data>
      </ExtendedData>
      <Point>
        <coordinates>
          104.6602,16.8018,0
        </coordinates>
      </Point>
    </Placemark>
    <Placemark>
      <name/>
      <description><![CDATA[lat:  16.8015<br>long: 104.6601]]></description>
      <styleUrl>#icon-1899-0288D1</styleUrl>
      <ExtendedData>
        <Data name="lat">
          <value> 16.8015</value>
        </Data>
        <Data name="long">
          <value>104.6601</value>
        </Data>
      </ExtendedData>
      <Point>
        <coordinates>
          104.6601,16.8015,0
        </coordinates>
      </Point>
    </Placemark>
    <Placemark>
      <name/>
      <description><![CDATA[lat:  16.8013<br>long: 104.6600]]></description>
      <styleUrl>#icon-1899-0288D1</styleUrl>
      <ExtendedData>
        <Data name="lat">
          <value> 16.8013</value>
        </Data>
        <Data name="long">
          <value>104.6600</value>
        </Data>
      </ExtendedData>
      <Point>
        <coordinates>
          104.66,16.8013,0
        </coordinates>
      </Point>
    </Placemark>
    <Placemark>
      <name/>
      <description><![CDATA[lat: 16.8010<br>long: 104.6598]]></description>
      <styleUrl>#icon-1899-0288D1</styleUrl>
      <ExtendedData>
        <Data name="lat">
          <value>16.8010</value>
        </Data>
        <Data name="long">
          <value>104.6598</value>
        </Data>
      </ExtendedData>
      <Point>
        <coordinates>
          104.6598,16.801,0
        </coordinates>
      </Point>
    </Placemark>
    <Placemark>
      <name/>
      <description><![CDATA[lat:  16.8007<br>long: 104.6597]]></description>
      <styleUrl>#icon-1899-0288D1</styleUrl>
      <ExtendedData>
        <Data name="lat">
          <value> 16.8007</value>
        </Data>
        <Data name="long">
          <value>104.6597</value>
        </Data>
      </ExtendedData>
      <Point>
        <coordinates>
          104.6597,16.8007,0
        </coordinates>
      </Point>
    </Placemark>
    <Placemark>
      <name/>
      <description><![CDATA[lat:  16.8005<br>long: 104.6596]]></description>
      <styleUrl>#icon-1899-0288D1</styleUrl>
      <ExtendedData>
        <Data name="lat">
          <value> 16.8005</value>
        </Data>
        <Data name="long">
          <value>104.6596</value>
        </Data>
      </ExtendedData>
      <Point>
        <coordinates>
          104.6596,16.8005,0
        </coordinates>
      </Point>
    </Placemark>
  </Document>
</kml>
