<?xml version="1.0" encoding="UTF-8"?>
<kml xmlns="http://www.opengis.net/kml/2.2">
  <Document>
    <name>2033</name>
    <Style id="icon-1899-0288D1-normal">
      <IconStyle>
        <color>ffd18802</color>
        <scale>1</scale>
        <Icon>
          <href>https://www.gstatic.com/mapspro/images/stock/503-wht-blank_maps.png</href>
        </Icon>
        <hotSpot x="32" xunits="pixels" y="64" yunits="insetPixels"/>
      </IconStyle>
      <LabelStyle>
        <scale>0</scale>
      </LabelStyle>
    </Style>
    <Style id="icon-1899-0288D1-highlight">
      <IconStyle>
        <color>ffd18802</color>
        <scale>1</scale>
        <Icon>
          <href>https://www.gstatic.com/mapspro/images/stock/503-wht-blank_maps.png</href>
        </Icon>
        <hotSpot x="32" xunits="pixels" y="64" yunits="insetPixels"/>
      </IconStyle>
      <LabelStyle>
        <scale>1</scale>
      </LabelStyle>
    </Style>
    <StyleMap id="icon-1899-0288D1">
      <Pair>
        <key>normal</key>
        <styleUrl>#icon-1899-0288D1-normal</styleUrl>
      </Pair>
      <Pair>
        <key>highlight</key>
        <styleUrl>#icon-1899-0288D1-highlight</styleUrl>
      </Pair>
    </StyleMap>
    <Placemark>
      <name>LT1-SG-223-0200-42+850</name>
      <description><![CDATA[Lat:  16.9525<br>Long: 104.4772]]></description>
      <styleUrl>#icon-1899-0288D1</styleUrl>
      <ExtendedData>
        <Data name="Lat">
          <value> 16.9525</value>
        </Data>
        <Data name="Long">
          <value>104.4772</value>
        </Data>
      </ExtendedData>
      <Point>
        <coordinates>
          104.4772,16.9525,0
        </coordinates>
      </Point>
    </Placemark>
    <Placemark>
      <name>LT2-SG-223-0200-42+895</name>
      <description><![CDATA[Lat:  16.9524<br>Long: 104.4776]]></description>
      <styleUrl>#icon-1899-0288D1</styleUrl>
      <ExtendedData>
        <Data name="Lat">
          <value> 16.9524</value>
        </Data>
        <Data name="Long">
          <value>104.4776</value>
        </Data>
      </ExtendedData>
      <Point>
        <coordinates>
          104.4776,16.9524,0
        </coordinates>
      </Point>
    </Placemark>
    <Placemark>
      <name>LT3-SG-223-0200-42+940</name>
      <description><![CDATA[Lat:  16.9524<br>Long: 104.4780]]></description>
      <styleUrl>#icon-1899-0288D1</styleUrl>
      <ExtendedData>
        <Data name="Lat">
          <value> 16.9524</value>
        </Data>
        <Data name="Long">
          <value>104.4780</value>
        </Data>
      </ExtendedData>
      <Point>
        <coordinates>
          104.478,16.9524,0
        </coordinates>
      </Point>
    </Placemark>
    <Placemark>
      <name>LT4-SG-223-0200-42+985</name>
      <description><![CDATA[Lat:  16.9524<br>Long: 104.4783]]></description>
      <styleUrl>#icon-1899-0288D1</styleUrl>
      <ExtendedData>
        <Data name="Lat">
          <value> 16.9524</value>
        </Data>
        <Data name="Long">
          <value>104.4783</value>
        </Data>
      </ExtendedData>
      <Point>
        <coordinates>
          104.4783,16.9524,0
        </coordinates>
      </Point>
    </Placemark>
    <Placemark>
      <name>LT5-SG-223-0200-43+030</name>
      <description><![CDATA[Lat:  16.9524<br>Long: 104.4787]]></description>
      <styleUrl>#icon-1899-0288D1</styleUrl>
      <ExtendedData>
        <Data name="Lat">
          <value> 16.9524</value>
        </Data>
        <Data name="Long">
          <value>104.4787</value>
        </Data>
      </ExtendedData>
      <Point>
        <coordinates>
          104.4787,16.9524,0
        </coordinates>
      </Point>
    </Placemark>
    <Placemark>
      <name>LT6-SG-223-0200-43+075</name>
      <description><![CDATA[Lat:  16.9524<br>Long: 104.4791]]></description>
      <styleUrl>#icon-1899-0288D1</styleUrl>
      <ExtendedData>
        <Data name="Lat">
          <value> 16.9524</value>
        </Data>
        <Data name="Long">
          <value>104.4791</value>
        </Data>
      </ExtendedData>
      <Point>
        <coordinates>
          104.4791,16.9524,0
        </coordinates>
      </Point>
    </Placemark>
    <Placemark>
      <name>LT7-SG-223-0200-43+120</name>
      <description><![CDATA[Lat:  16.9525<br>Long: 104.4794]]></description>
      <styleUrl>#icon-1899-0288D1</styleUrl>
      <ExtendedData>
        <Data name="Lat">
          <value> 16.9525</value>
        </Data>
        <Data name="Long">
          <value>104.4794</value>
        </Data>
      </ExtendedData>
      <Point>
        <coordinates>
          104.4794,16.9525,0
        </coordinates>
      </Point>
    </Placemark>
    <Placemark>
      <name>LT8-SG-223-0200-43+165</name>
      <description><![CDATA[Lat:  16.9527<br>Long: 104.4797]]></description>
      <styleUrl>#icon-1899-0288D1</styleUrl>
      <ExtendedData>
        <Data name="Lat">
          <value> 16.9527</value>
        </Data>
        <Data name="Long">
          <value>104.4797</value>
        </Data>
      </ExtendedData>
      <Point>
        <coordinates>
          104.4797,16.9527,0
        </coordinates>
      </Point>
    </Placemark>
    <Placemark>
      <name>LT9-SG-223-0200-43+210</name>
      <description><![CDATA[Lat:  16.9529<br>Long: 104.4800]]></description>
      <styleUrl>#icon-1899-0288D1</styleUrl>
      <ExtendedData>
        <Data name="Lat">
          <value> 16.9529</value>
        </Data>
        <Data name="Long">
          <value>104.4800</value>
        </Data>
      </ExtendedData>
      <Point>
        <coordinates>
          104.48,16.9529,0
        </coordinates>
      </Point>
    </Placemark>
    <Placemark>
      <name>LT10-SG-223-0200-43+255</name>
      <description><![CDATA[Lat:  16.9531<br>Long: 104.4803]]></description>
      <styleUrl>#icon-1899-0288D1</styleUrl>
      <ExtendedData>
        <Data name="Lat">
          <value> 16.9531</value>
        </Data>
        <Data name="Long">
          <value>104.4803</value>
        </Data>
      </ExtendedData>
      <Point>
        <coordinates>
          104.4803,16.9531,0
        </coordinates>
      </Point>
    </Placemark>
    <Placemark>
      <name>LT11-SG-223-0200-43+300</name>
      <description><![CDATA[Lat:  16.9533<br>Long: 104.4804]]></description>
      <styleUrl>#icon-1899-0288D1</styleUrl>
      <ExtendedData>
        <Data name="Lat">
          <value> 16.9533</value>
        </Data>
        <Data name="Long">
          <value>104.4804</value>
        </Data>
      </ExtendedData>
      <Point>
        <coordinates>
          104.4804,16.9533,0
        </coordinates>
      </Point>
    </Placemark>
    <Placemark>
      <name>LT1.1-SG-223-0200-42+850</name>
      <description><![CDATA[Lat:  16.9522<br>Long: 104.4787]]></description>
      <styleUrl>#icon-1899-0288D1</styleUrl>
      <ExtendedData>
        <Data name="Lat">
          <value> 16.9522</value>
        </Data>
        <Data name="Long">
          <value>104.4787</value>
        </Data>
      </ExtendedData>
      <Point>
        <coordinates>
          104.4787,16.9522,0
        </coordinates>
      </Point>
    </Placemark>
    <Placemark>
      <name>LT1.2-SG-223-0200-42+895</name>
      <description><![CDATA[Lat:  16.9522<br>Long: 104.4790]]></description>
      <styleUrl>#icon-1899-0288D1</styleUrl>
      <ExtendedData>
        <Data name="Lat">
          <value> 16.9522</value>
        </Data>
        <Data name="Long">
          <value>104.4790</value>
        </Data>
      </ExtendedData>
      <Point>
        <coordinates>
          104.479,16.9522,0
        </coordinates>
      </Point>
    </Placemark>
    <Placemark>
      <name>LT1.3-SG-223-0200-42+940</name>
      <description><![CDATA[Lat:  16.9521<br>Long: 104.4793]]></description>
      <styleUrl>#icon-1899-0288D1</styleUrl>
      <ExtendedData>
        <Data name="Lat">
          <value> 16.9521</value>
        </Data>
        <Data name="Long">
          <value>104.4793</value>
        </Data>
      </ExtendedData>
      <Point>
        <coordinates>
          104.4793,16.9521,0
        </coordinates>
      </Point>
    </Placemark>
    <Placemark>
      <name>LT1.4-SG-223-0200-42+985</name>
      <description><![CDATA[Lat:  16.9521<br>Long: 104.4797]]></description>
      <styleUrl>#icon-1899-0288D1</styleUrl>
      <ExtendedData>
        <Data name="Lat">
          <value> 16.9521</value>
        </Data>
        <Data name="Long">
          <value>104.4797</value>
        </Data>
      </ExtendedData>
      <Point>
        <coordinates>
          104.4797,16.9521,0
        </coordinates>
      </Point>
    </Placemark>
    <Placemark>
      <name>LT1.5-SG-223-0200-43+030</name>
      <description><![CDATA[Lat:  16.9522<br>Long: 104.4798]]></description>
      <styleUrl>#icon-1899-0288D1</styleUrl>
      <ExtendedData>
        <Data name="Lat">
          <value> 16.9522</value>
        </Data>
        <Data name="Long">
          <value>104.4798</value>
        </Data>
      </ExtendedData>
      <Point>
        <coordinates>
          104.4798,16.9522,0
        </coordinates>
      </Point>
    </Placemark>
    <Placemark>
      <name>LT1.6-SG-223-0200-43+075</name>
      <description><![CDATA[Lat:  16.9524<br>Long: 104.4799]]></description>
      <styleUrl>#icon-1899-0288D1</styleUrl>
      <ExtendedData>
        <Data name="Lat">
          <value> 16.9524</value>
        </Data>
        <Data name="Long">
          <value>104.4799</value>
        </Data>
      </ExtendedData>
      <Point>
        <coordinates>
          104.4799,16.9524,0
        </coordinates>
      </Point>
    </Placemark>
    <Placemark>
      <name>LT1.7-SG-223-0200-43+120</name>
      <description><![CDATA[Lat:  16.9527<br>Long: 104.4801]]></description>
      <styleUrl>#icon-1899-0288D1</styleUrl>
      <ExtendedData>
        <Data name="Lat">
          <value> 16.9527</value>
        </Data>
        <Data name="Long">
          <value>104.4801</value>
        </Data>
      </ExtendedData>
      <Point>
        <coordinates>
          104.4801,16.9527,0
        </coordinates>
      </Point>
    </Placemark>
    <Placemark>
      <name>LT1.8-SG-223-0200-43+165</name>
      <description><![CDATA[Lat:  16.9530<br>Long: 104.4803]]></description>
      <styleUrl>#icon-1899-0288D1</styleUrl>
      <ExtendedData>
        <Data name="Lat">
          <value> 16.9530</value>
        </Data>
        <Data name="Long">
          <value>104.4803</value>
        </Data>
      </ExtendedData>
      <Point>
        <coordinates>
          104.4803,16.953,0
        </coordinates>
      </Point>
    </Placemark>
    <Placemark>
      <name>LT12-SG-223-0200-43+210</name>
      <description><![CDATA[Lat:  16.9537<br>Long: 104.4807]]></description>
      <styleUrl>#icon-1899-0288D1</styleUrl>
      <ExtendedData>
        <Data name="Lat">
          <value> 16.9537</value>
        </Data>
        <Data name="Long">
          <value>104.4807</value>
        </Data>
      </ExtendedData>
      <Point>
        <coordinates>
          104.4807,16.9537,0
        </coordinates>
      </Point>
    </Placemark>
    <Placemark>
      <name>LT13-SG-223-0200-43+255</name>
      <description><![CDATA[Lat:  16.9539<br>Long: 104.4809]]></description>
      <styleUrl>#icon-1899-0288D1</styleUrl>
      <ExtendedData>
        <Data name="Lat">
          <value> 16.9539</value>
        </Data>
        <Data name="Long">
          <value>104.4809</value>
        </Data>
      </ExtendedData>
      <Point>
        <coordinates>
          104.4809,16.9539,0
        </coordinates>
      </Point>
    </Placemark>
    <Placemark>
      <name>LT14-SG-223-0200-43+300</name>
      <description><![CDATA[Lat:  16.9542<br>Long: 104.4810]]></description>
      <styleUrl>#icon-1899-0288D1</styleUrl>
      <ExtendedData>
        <Data name="Lat">
          <value> 16.9542</value>
        </Data>
        <Data name="Long">
          <value>104.4810</value>
        </Data>
      </ExtendedData>
      <Point>
        <coordinates>
          104.481,16.9542,0
        </coordinates>
      </Point>
    </Placemark>
    <Placemark>
      <name>LT15-SG-223-0200-43+345</name>
      <description><![CDATA[Lat:  16.9545<br>Long: 104.4813]]></description>
      <styleUrl>#icon-1899-0288D1</styleUrl>
      <ExtendedData>
        <Data name="Lat">
          <value> 16.9545</value>
        </Data>
        <Data name="Long">
          <value>104.4813</value>
        </Data>
      </ExtendedData>
      <Point>
        <coordinates>
          104.4813,16.9545,0
        </coordinates>
      </Point>
    </Placemark>
    <Placemark>
      <name>LT16-SG-223-0200-43+390</name>
      <description><![CDATA[Lat:  16.9547<br>Long: 104.4815]]></description>
      <styleUrl>#icon-1899-0288D1</styleUrl>
      <ExtendedData>
        <Data name="Lat">
          <value> 16.9547</value>
        </Data>
        <Data name="Long">
          <value>104.4815</value>
        </Data>
      </ExtendedData>
      <Point>
        <coordinates>
          104.4815,16.9547,0
        </coordinates>
      </Point>
    </Placemark>
    <Placemark>
      <name>LT17-SG-223-0200-43+435</name>
      <description><![CDATA[Lat:  16.9550<br>Long: 104.4818]]></description>
      <styleUrl>#icon-1899-0288D1</styleUrl>
      <ExtendedData>
        <Data name="Lat">
          <value> 16.9550</value>
        </Data>
        <Data name="Long">
          <value>104.4818</value>
        </Data>
      </ExtendedData>
      <Point>
        <coordinates>
          104.4818,16.955,0
        </coordinates>
      </Point>
    </Placemark>
    <Placemark>
      <name>LT18-SG-223-0200-43+480</name>
      <description><![CDATA[Lat:  16.9552<br>Long: 104.4821]]></description>
      <styleUrl>#icon-1899-0288D1</styleUrl>
      <ExtendedData>
        <Data name="Lat">
          <value> 16.9552</value>
        </Data>
        <Data name="Long">
          <value>104.4821</value>
        </Data>
      </ExtendedData>
      <Point>
        <coordinates>
          104.4821,16.9552,0
        </coordinates>
      </Point>
    </Placemark>
    <Placemark>
      <name>LT19-SG-223-0200-43+525</name>
      <description><![CDATA[Lat:  16.9554<br>Long: 104.4824]]></description>
      <styleUrl>#icon-1899-0288D1</styleUrl>
      <ExtendedData>
        <Data name="Lat">
          <value> 16.9554</value>
        </Data>
        <Data name="Long">
          <value>104.4824</value>
        </Data>
      </ExtendedData>
      <Point>
        <coordinates>
          104.4824,16.9554,0
        </coordinates>
      </Point>
    </Placemark>
    <Placemark>
      <name>LT19-SG-223-0200-43+570</name>
      <description><![CDATA[Lat:  16.9555<br>Long: 104.4827]]></description>
      <styleUrl>#icon-1899-0288D1</styleUrl>
      <ExtendedData>
        <Data name="Lat">
          <value> 16.9555</value>
        </Data>
        <Data name="Long">
          <value>104.4827</value>
        </Data>
      </ExtendedData>
      <Point>
        <coordinates>
          104.4827,16.9555,0
        </coordinates>
      </Point>
    </Placemark>
    <Placemark>
      <name>LT20-SG-223-0200-43+615</name>
      <description><![CDATA[Lat:  16.9557<br>Long: 104.4830]]></description>
      <styleUrl>#icon-1899-0288D1</styleUrl>
      <ExtendedData>
        <Data name="Lat">
          <value> 16.9557</value>
        </Data>
        <Data name="Long">
          <value>104.4830</value>
        </Data>
      </ExtendedData>
      <Point>
        <coordinates>
          104.483,16.9557,0
        </coordinates>
      </Point>
    </Placemark>
    <Placemark>
      <name>LT21-SG-223-0200-43+660</name>
      <description><![CDATA[Lat:  16.9558<br>Long: 104.4834]]></description>
      <styleUrl>#icon-1899-0288D1</styleUrl>
      <ExtendedData>
        <Data name="Lat">
          <value> 16.9558</value>
        </Data>
        <Data name="Long">
          <value>104.4834</value>
        </Data>
      </ExtendedData>
      <Point>
        <coordinates>
          104.4834,16.9558,0
        </coordinates>
      </Point>
    </Placemark>
    <Placemark>
      <name>LT22-SG-223-0200-43+705</name>
      <description><![CDATA[Lat:  16.9559<br>Long: 104.4837]]></description>
      <styleUrl>#icon-1899-0288D1</styleUrl>
      <ExtendedData>
        <Data name="Lat">
          <value> 16.9559</value>
        </Data>
        <Data name="Long">
          <value>104.4837</value>
        </Data>
      </ExtendedData>
      <Point>
        <coordinates>
          104.4837,16.9559,0
        </coordinates>
      </Point>
    </Placemark>
    <Placemark>
      <name>LT23-SG-223-0200-43+750</name>
      <description><![CDATA[Lat:  16.9560<br>Long: 104.4840]]></description>
      <styleUrl>#icon-1899-0288D1</styleUrl>
      <ExtendedData>
        <Data name="Lat">
          <value> 16.9560</value>
        </Data>
        <Data name="Long">
          <value>104.4840</value>
        </Data>
      </ExtendedData>
      <Point>
        <coordinates>
          104.484,16.956,0
        </coordinates>
      </Point>
    </Placemark>
    <Placemark>
      <name>LT24-SG-223-0200-43+795</name>
      <description><![CDATA[Lat:  16.9560<br>Long: 104.4844]]></description>
      <styleUrl>#icon-1899-0288D1</styleUrl>
      <ExtendedData>
        <Data name="Lat">
          <value> 16.9560</value>
        </Data>
        <Data name="Long">
          <value>104.4844</value>
        </Data>
      </ExtendedData>
      <Point>
        <coordinates>
          104.4844,16.956,0
        </coordinates>
      </Point>
    </Placemark>
    <Placemark>
      <name>LT25-SG-223-0200-43+840</name>
      <description><![CDATA[Lat:  16.9560<br>Long: 104.4848]]></description>
      <styleUrl>#icon-1899-0288D1</styleUrl>
      <ExtendedData>
        <Data name="Lat">
          <value> 16.9560</value>
        </Data>
        <Data name="Long">
          <value>104.4848</value>
        </Data>
      </ExtendedData>
      <Point>
        <coordinates>
          104.4848,16.956,0
        </coordinates>
      </Point>
    </Placemark>
    <Placemark>
      <name>LT26-SG-223-0200-43+885</name>
      <description><![CDATA[Lat:  16.9560<br>Long: 104.4852]]></description>
      <styleUrl>#icon-1899-0288D1</styleUrl>
      <ExtendedData>
        <Data name="Lat">
          <value> 16.9560</value>
        </Data>
        <Data name="Long">
          <value>104.4852</value>
        </Data>
      </ExtendedData>
      <Point>
        <coordinates>
          104.4852,16.956,0
        </coordinates>
      </Point>
    </Placemark>
    <Placemark>
      <name>LT27-SG-223-0200-43+930</name>
      <description><![CDATA[Lat:  16.9561<br>Long: 104.4855]]></description>
      <styleUrl>#icon-1899-0288D1</styleUrl>
      <ExtendedData>
        <Data name="Lat">
          <value> 16.9561</value>
        </Data>
        <Data name="Long">
          <value>104.4855</value>
        </Data>
      </ExtendedData>
      <Point>
        <coordinates>
          104.4855,16.9561,0
        </coordinates>
      </Point>
    </Placemark>
    <Placemark>
      <name>LT28-SG-223-0200-43+975</name>
      <description><![CDATA[Lat:  16.9561<br>Long: 104.4859]]></description>
      <styleUrl>#icon-1899-0288D1</styleUrl>
      <ExtendedData>
        <Data name="Lat">
          <value> 16.9561</value>
        </Data>
        <Data name="Long">
          <value>104.4859</value>
        </Data>
      </ExtendedData>
      <Point>
        <coordinates>
          104.4859,16.9561,0
        </coordinates>
      </Point>
    </Placemark>
    <Placemark>
      <name>LT29-SG-223-0200-44+020</name>
      <description><![CDATA[Lat:  16.9561<br>Long: 104.4862]]></description>
      <styleUrl>#icon-1899-0288D1</styleUrl>
      <ExtendedData>
        <Data name="Lat">
          <value> 16.9561</value>
        </Data>
        <Data name="Long">
          <value>104.4862</value>
        </Data>
      </ExtendedData>
      <Point>
        <coordinates>
          104.4862,16.9561,0
        </coordinates>
      </Point>
    </Placemark>
    <Placemark>
      <name>MD1-DB-223-0200-43+850</name>
      <description><![CDATA[Lat:  16.9559<br>Long: 104.4854]]></description>
      <styleUrl>#icon-1899-0288D1</styleUrl>
      <ExtendedData>
        <Data name="Lat">
          <value> 16.9559</value>
        </Data>
        <Data name="Long">
          <value>104.4854</value>
        </Data>
      </ExtendedData>
      <Point>
        <coordinates>
          104.4854,16.9559,0
        </coordinates>
      </Point>
    </Placemark>
    <Placemark>
      <name>MD2-DB-223-0200-43+895</name>
      <description><![CDATA[Lat:  16.9559<br>Long: 104.4858]]></description>
      <styleUrl>#icon-1899-0288D1</styleUrl>
      <ExtendedData>
        <Data name="Lat">
          <value> 16.9559</value>
        </Data>
        <Data name="Long">
          <value>104.4858</value>
        </Data>
      </ExtendedData>
      <Point>
        <coordinates>
          104.4858,16.9559,0
        </coordinates>
      </Point>
    </Placemark>
    <Placemark>
      <name>MD3-DB-223-0200-43+940</name>
      <description><![CDATA[Lat:  16.9559<br>Long: 104.4862]]></description>
      <styleUrl>#icon-1899-0288D1</styleUrl>
      <ExtendedData>
        <Data name="Lat">
          <value> 16.9559</value>
        </Data>
        <Data name="Long">
          <value>104.4862</value>
        </Data>
      </ExtendedData>
      <Point>
        <coordinates>
          104.4862,16.9559,0
        </coordinates>
      </Point>
    </Placemark>
    <Placemark>
      <name>MD4-DB-223-0200-43+985</name>
      <description><![CDATA[Lat:  16.9559<br>Long: 104.4865]]></description>
      <styleUrl>#icon-1899-0288D1</styleUrl>
      <ExtendedData>
        <Data name="Lat">
          <value> 16.9559</value>
        </Data>
        <Data name="Long">
          <value>104.4865</value>
        </Data>
      </ExtendedData>
      <Point>
        <coordinates>
          104.4865,16.9559,0
        </coordinates>
      </Point>
    </Placemark>
    <Placemark>
      <name>MD5-DB-223-0200-44+030</name>
      <description><![CDATA[Lat:  16.9559<br>Long: 104.4868]]></description>
      <styleUrl>#icon-1899-0288D1</styleUrl>
      <ExtendedData>
        <Data name="Lat">
          <value> 16.9559</value>
        </Data>
        <Data name="Long">
          <value>104.4868</value>
        </Data>
      </ExtendedData>
      <Point>
        <coordinates>
          104.4868,16.9559,0
        </coordinates>
      </Point>
    </Placemark>
    <Placemark>
      <name>MD6-DB-223-0200-44+075</name>
      <description><![CDATA[Lat:  16.9559<br>Long: 104.4871]]></description>
      <styleUrl>#icon-1899-0288D1</styleUrl>
      <ExtendedData>
        <Data name="Lat">
          <value> 16.9559</value>
        </Data>
        <Data name="Long">
          <value>104.4871</value>
        </Data>
      </ExtendedData>
      <Point>
        <coordinates>
          104.4871,16.9559,0
        </coordinates>
      </Point>
    </Placemark>
    <Placemark>
      <name>MD7-DB-223-0200-44+120</name>
      <description><![CDATA[Lat: 16.9559<br>Long: 104.4875]]></description>
      <styleUrl>#icon-1899-0288D1</styleUrl>
      <ExtendedData>
        <Data name="Lat">
          <value>16.9559</value>
        </Data>
        <Data name="Long">
          <value>104.4875</value>
        </Data>
      </ExtendedData>
      <Point>
        <coordinates>
          104.4875,16.9559,0
        </coordinates>
      </Point>
    </Placemark>
    <Placemark>
      <name>MD8-DB-223-0200-44+165</name>
      <description><![CDATA[Lat:  16.9559<br>Long: 104.4878]]></description>
      <styleUrl>#icon-1899-0288D1</styleUrl>
      <ExtendedData>
        <Data name="Lat">
          <value> 16.9559</value>
        </Data>
        <Data name="Long">
          <value>104.4878</value>
        </Data>
      </ExtendedData>
      <Point>
        <coordinates>
          104.4878,16.9559,0
        </coordinates>
      </Point>
    </Placemark>
    <Placemark>
      <name>MD9-DB-223-0200-44+210</name>
      <description><![CDATA[Lat:  16.9560<br>Long: 104.4881]]></description>
      <styleUrl>#icon-1899-0288D1</styleUrl>
      <ExtendedData>
        <Data name="Lat">
          <value> 16.9560</value>
        </Data>
        <Data name="Long">
          <value>104.4881</value>
        </Data>
      </ExtendedData>
      <Point>
        <coordinates>
          104.4881,16.956,0
        </coordinates>
      </Point>
    </Placemark>
    <Placemark>
      <name>MD10-DB-223-0200-44+255</name>
      <description><![CDATA[Lat:  16.9560<br>Long: 104.4885]]></description>
      <styleUrl>#icon-1899-0288D1</styleUrl>
      <ExtendedData>
        <Data name="Lat">
          <value> 16.9560</value>
        </Data>
        <Data name="Long">
          <value>104.4885</value>
        </Data>
      </ExtendedData>
      <Point>
        <coordinates>
          104.4885,16.956,0
        </coordinates>
      </Point>
    </Placemark>
    <Placemark>
      <name>MD11-DB-223-0200-44+300</name>
      <description><![CDATA[Lat:  16.9560<br>Long: 104.4887]]></description>
      <styleUrl>#icon-1899-0288D1</styleUrl>
      <ExtendedData>
        <Data name="Lat">
          <value> 16.9560</value>
        </Data>
        <Data name="Long">
          <value>104.4887</value>
        </Data>
      </ExtendedData>
      <Point>
        <coordinates>
          104.4887,16.956,0
        </coordinates>
      </Point>
    </Placemark>
    <Placemark>
      <name>MD11-DB-223-0200-44+345</name>
      <description><![CDATA[Lat: 16.9560<br>Long: 104.4892]]></description>
      <styleUrl>#icon-1899-0288D1</styleUrl>
      <ExtendedData>
        <Data name="Lat">
          <value>16.9560</value>
        </Data>
        <Data name="Long">
          <value>104.4892</value>
        </Data>
      </ExtendedData>
      <Point>
        <coordinates>
          104.4892,16.956,0
        </coordinates>
      </Point>
    </Placemark>
    <Placemark>
      <name>MD12-DB-223-0200-44+390</name>
      <description><![CDATA[Lat:  16.9560<br>Long: 104.4894]]></description>
      <styleUrl>#icon-1899-0288D1</styleUrl>
      <ExtendedData>
        <Data name="Lat">
          <value> 16.9560</value>
        </Data>
        <Data name="Long">
          <value>104.4894</value>
        </Data>
      </ExtendedData>
      <Point>
        <coordinates>
          104.4894,16.956,0
        </coordinates>
      </Point>
    </Placemark>
    <Placemark>
      <name>MD13-DB-223-0200-44+435</name>
      <description><![CDATA[Lat:  16.9560<br>Long: 104.4898]]></description>
      <styleUrl>#icon-1899-0288D1</styleUrl>
      <ExtendedData>
        <Data name="Lat">
          <value> 16.9560</value>
        </Data>
        <Data name="Long">
          <value>104.4898</value>
        </Data>
      </ExtendedData>
      <Point>
        <coordinates>
          104.4898,16.956,0
        </coordinates>
      </Point>
    </Placemark>
    <Placemark>
      <name>MD14-DB-223-0200-44+480</name>
      <description><![CDATA[Lat:  16.9560<br>Long: 104.4901]]></description>
      <styleUrl>#icon-1899-0288D1</styleUrl>
      <ExtendedData>
        <Data name="Lat">
          <value> 16.9560</value>
        </Data>
        <Data name="Long">
          <value>104.4901</value>
        </Data>
      </ExtendedData>
      <Point>
        <coordinates>
          104.4901,16.956,0
        </coordinates>
      </Point>
    </Placemark>
    <Placemark>
      <name>MD15-DB-223-0200-44+525</name>
      <description><![CDATA[Lat:  16.9560<br>Long: 104.4904]]></description>
      <styleUrl>#icon-1899-0288D1</styleUrl>
      <ExtendedData>
        <Data name="Lat">
          <value> 16.9560</value>
        </Data>
        <Data name="Long">
          <value>104.4904</value>
        </Data>
      </ExtendedData>
      <Point>
        <coordinates>
          104.4904,16.956,0
        </coordinates>
      </Point>
    </Placemark>
    <Placemark>
      <name>MD16-DB-223-0200-44+570</name>
      <description><![CDATA[Lat:  16.9560<br>Long: 104.4908]]></description>
      <styleUrl>#icon-1899-0288D1</styleUrl>
      <ExtendedData>
        <Data name="Lat">
          <value> 16.9560</value>
        </Data>
        <Data name="Long">
          <value>104.4908</value>
        </Data>
      </ExtendedData>
      <Point>
        <coordinates>
          104.4908,16.956,0
        </coordinates>
      </Point>
    </Placemark>
    <Placemark>
      <name>MD17-DB-223-0200-44+615</name>
      <description><![CDATA[Lat:  16.9560<br>Long: 104.4911]]></description>
      <styleUrl>#icon-1899-0288D1</styleUrl>
      <ExtendedData>
        <Data name="Lat">
          <value> 16.9560</value>
        </Data>
        <Data name="Long">
          <value>104.4911</value>
        </Data>
      </ExtendedData>
      <Point>
        <coordinates>
          104.4911,16.956,0
        </coordinates>
      </Point>
    </Placemark>
    <Placemark>
      <name>MD18-DB-223-0200-44+660</name>
      <description><![CDATA[Lat:  16.9560<br>Long: 104.4914]]></description>
      <styleUrl>#icon-1899-0288D1</styleUrl>
      <ExtendedData>
        <Data name="Lat">
          <value> 16.9560</value>
        </Data>
        <Data name="Long">
          <value>104.4914</value>
        </Data>
      </ExtendedData>
      <Point>
        <coordinates>
          104.4914,16.956,0
        </coordinates>
      </Point>
    </Placemark>
    <Placemark>
      <name>MD19-DB-223-0200-44+705</name>
      <description><![CDATA[Lat:  16.9560<br>Long: 104.4917]]></description>
      <styleUrl>#icon-1899-0288D1</styleUrl>
      <ExtendedData>
        <Data name="Lat">
          <value> 16.9560</value>
        </Data>
        <Data name="Long">
          <value>104.4917</value>
        </Data>
      </ExtendedData>
      <Point>
        <coordinates>
          104.4917,16.956,0
        </coordinates>
      </Point>
    </Placemark>
    <Placemark>
      <name>RT1-SG-223-0200-42+850</name>
      <description><![CDATA[Lat:  16.9520<br>Long: 104.4789]]></description>
      <styleUrl>#icon-1899-0288D1</styleUrl>
      <ExtendedData>
        <Data name="Lat">
          <value> 16.9520</value>
        </Data>
        <Data name="Long">
          <value>104.4789</value>
        </Data>
      </ExtendedData>
      <Point>
        <coordinates>
          104.4789,16.952,0
        </coordinates>
      </Point>
    </Placemark>
    <Placemark>
      <name>RT2-SG-223-0200-42+895</name>
      <description><![CDATA[Lat:  16.9519<br>Long: 104.4792]]></description>
      <styleUrl>#icon-1899-0288D1</styleUrl>
      <ExtendedData>
        <Data name="Lat">
          <value> 16.9519</value>
        </Data>
        <Data name="Long">
          <value>104.4792</value>
        </Data>
      </ExtendedData>
      <Point>
        <coordinates>
          104.4792,16.9519,0
        </coordinates>
      </Point>
    </Placemark>
    <Placemark>
      <name>RT3-SG-223-0200-42+940</name>
      <description><![CDATA[Lat:  16.9519<br>Long: 104.4796]]></description>
      <styleUrl>#icon-1899-0288D1</styleUrl>
      <ExtendedData>
        <Data name="Lat">
          <value> 16.9519</value>
        </Data>
        <Data name="Long">
          <value>104.4796</value>
        </Data>
      </ExtendedData>
      <Point>
        <coordinates>
          104.4796,16.9519,0
        </coordinates>
      </Point>
    </Placemark>
    <Placemark>
      <name>RT4-SG-223-0200-42+985</name>
      <description><![CDATA[Lat:  16.9521<br>Long: 104.4800]]></description>
      <styleUrl>#icon-1899-0288D1</styleUrl>
      <ExtendedData>
        <Data name="Lat">
          <value> 16.9521</value>
        </Data>
        <Data name="Long">
          <value>104.4800</value>
        </Data>
      </ExtendedData>
      <Point>
        <coordinates>
          104.48,16.9521,0
        </coordinates>
      </Point>
    </Placemark>
    <Placemark>
      <name>RT5-SG-223-0200-43+030</name>
      <description><![CDATA[Lat:  16.9522<br>Long: 104.4801]]></description>
      <styleUrl>#icon-1899-0288D1</styleUrl>
      <ExtendedData>
        <Data name="Lat">
          <value> 16.9522</value>
        </Data>
        <Data name="Long">
          <value>104.4801</value>
        </Data>
      </ExtendedData>
      <Point>
        <coordinates>
          104.4801,16.9522,0
        </coordinates>
      </Point>
    </Placemark>
    <Placemark>
      <name>RT6-SG-223-0200-43+075</name>
      <description><![CDATA[Lat:  16.9525<br>Long: 104.4803]]></description>
      <styleUrl>#icon-1899-0288D1</styleUrl>
      <ExtendedData>
        <Data name="Lat">
          <value> 16.9525</value>
        </Data>
        <Data name="Long">
          <value>104.4803</value>
        </Data>
      </ExtendedData>
      <Point>
        <coordinates>
          104.4803,16.9525,0
        </coordinates>
      </Point>
    </Placemark>
    <Placemark>
      <name>RT7-SG-223-0200-43+120</name>
      <description><![CDATA[Lat:  16.9528<br>Long: 104.4804]]></description>
      <styleUrl>#icon-1899-0288D1</styleUrl>
      <ExtendedData>
        <Data name="Lat">
          <value> 16.9528</value>
        </Data>
        <Data name="Long">
          <value>104.4804</value>
        </Data>
      </ExtendedData>
      <Point>
        <coordinates>
          104.4804,16.9528,0
        </coordinates>
      </Point>
    </Placemark>
    <Placemark>
      <name>RT8-SG-223-0200-43+165</name>
      <description><![CDATA[Lat:  16.9531<br>Long: 104.4806]]></description>
      <styleUrl>#icon-1899-0288D1</styleUrl>
      <ExtendedData>
        <Data name="Lat">
          <value> 16.9531</value>
        </Data>
        <Data name="Long">
          <value>104.4806</value>
        </Data>
      </ExtendedData>
      <Point>
        <coordinates>
          104.4806,16.9531,0
        </coordinates>
      </Point>
    </Placemark>
    <Placemark>
      <name>RT9-SG-223-0200-43+210</name>
      <description><![CDATA[Lat:  16.9534<br>Long: 104.4808]]></description>
      <styleUrl>#icon-1899-0288D1</styleUrl>
      <ExtendedData>
        <Data name="Lat">
          <value> 16.9534</value>
        </Data>
        <Data name="Long">
          <value>104.4808</value>
        </Data>
      </ExtendedData>
      <Point>
        <coordinates>
          104.4808,16.9534,0
        </coordinates>
      </Point>
    </Placemark>
    <Placemark>
      <name>RT10-SG-223-0200-43+255</name>
      <description><![CDATA[Lat:  16.9536<br>Long: 104.4810]]></description>
      <styleUrl>#icon-1899-0288D1</styleUrl>
      <ExtendedData>
        <Data name="Lat">
          <value> 16.9536</value>
        </Data>
        <Data name="Long">
          <value>104.4810</value>
        </Data>
      </ExtendedData>
      <Point>
        <coordinates>
          104.481,16.9536,0
        </coordinates>
      </Point>
    </Placemark>
    <Placemark>
      <name>RT11-SG-223-0200-43+300</name>
      <description><![CDATA[Lat:  16.9539<br>Long: 104.4812]]></description>
      <styleUrl>#icon-1899-0288D1</styleUrl>
      <ExtendedData>
        <Data name="Lat">
          <value> 16.9539</value>
        </Data>
        <Data name="Long">
          <value>104.4812</value>
        </Data>
      </ExtendedData>
      <Point>
        <coordinates>
          104.4812,16.9539,0
        </coordinates>
      </Point>
    </Placemark>
    <Placemark>
      <name>RT12-SG-223-0200-43+345</name>
      <description><![CDATA[Lat: 16.9542<br>Long: 104.4814]]></description>
      <styleUrl>#icon-1899-0288D1</styleUrl>
      <ExtendedData>
        <Data name="Lat">
          <value>16.9542</value>
        </Data>
        <Data name="Long">
          <value>104.4814</value>
        </Data>
      </ExtendedData>
      <Point>
        <coordinates>
          104.4814,16.9542,0
        </coordinates>
      </Point>
    </Placemark>
    <Placemark>
      <name>RT13-SG-223-0200-43+390</name>
      <description><![CDATA[Lat:  16.9544<br>Long: 104.4816]]></description>
      <styleUrl>#icon-1899-0288D1</styleUrl>
      <ExtendedData>
        <Data name="Lat">
          <value> 16.9544</value>
        </Data>
        <Data name="Long">
          <value>104.4816</value>
        </Data>
      </ExtendedData>
      <Point>
        <coordinates>
          104.4816,16.9544,0
        </coordinates>
      </Point>
    </Placemark>
    <Placemark>
      <name>RT14-SG-223-0200-43+435</name>
      <description><![CDATA[Lat: 16.9546<br>Long: 104.4818]]></description>
      <styleUrl>#icon-1899-0288D1</styleUrl>
      <ExtendedData>
        <Data name="Lat">
          <value>16.9546</value>
        </Data>
        <Data name="Long">
          <value>104.4818</value>
        </Data>
      </ExtendedData>
      <Point>
        <coordinates>
          104.4818,16.9546,0
        </coordinates>
      </Point>
    </Placemark>
    <Placemark>
      <name>RT15-SG-223-0200-43+480</name>
      <description><![CDATA[Lat:  16.9548<br>Long: 104.4821]]></description>
      <styleUrl>#icon-1899-0288D1</styleUrl>
      <ExtendedData>
        <Data name="Lat">
          <value> 16.9548</value>
        </Data>
        <Data name="Long">
          <value>104.4821</value>
        </Data>
      </ExtendedData>
      <Point>
        <coordinates>
          104.4821,16.9548,0
        </coordinates>
      </Point>
    </Placemark>
    <Placemark>
      <name>RT16-SG-223-0200-43+525</name>
      <description><![CDATA[Lat:  16.9550<br>Long: 104.4823]]></description>
      <styleUrl>#icon-1899-0288D1</styleUrl>
      <ExtendedData>
        <Data name="Lat">
          <value> 16.9550</value>
        </Data>
        <Data name="Long">
          <value>104.4823</value>
        </Data>
      </ExtendedData>
      <Point>
        <coordinates>
          104.4823,16.955,0
        </coordinates>
      </Point>
    </Placemark>
    <Placemark>
      <name>RT17-SG-223-0200-43+570</name>
      <description><![CDATA[Lat: 16.9552<br>Long: 104.4826]]></description>
      <styleUrl>#icon-1899-0288D1</styleUrl>
      <ExtendedData>
        <Data name="Lat">
          <value>16.9552</value>
        </Data>
        <Data name="Long">
          <value>104.4826</value>
        </Data>
      </ExtendedData>
      <Point>
        <coordinates>
          104.4826,16.9552,0
        </coordinates>
      </Point>
    </Placemark>
    <Placemark>
      <name>RT18-SG-223-0200-43+615</name>
      <description><![CDATA[Lat:  16.9553<br>Long: 104.4829]]></description>
      <styleUrl>#icon-1899-0288D1</styleUrl>
      <ExtendedData>
        <Data name="Lat">
          <value> 16.9553</value>
        </Data>
        <Data name="Long">
          <value>104.4829</value>
        </Data>
      </ExtendedData>
      <Point>
        <coordinates>
          104.4829,16.9553,0
        </coordinates>
      </Point>
    </Placemark>
    <Placemark>
      <name>RT19-SG-223-0200-43+660</name>
      <description><![CDATA[Lat:  16.9555<br>Long: 104.4832]]></description>
      <styleUrl>#icon-1899-0288D1</styleUrl>
      <ExtendedData>
        <Data name="Lat">
          <value> 16.9555</value>
        </Data>
        <Data name="Long">
          <value>104.4832</value>
        </Data>
      </ExtendedData>
      <Point>
        <coordinates>
          104.4832,16.9555,0
        </coordinates>
      </Point>
    </Placemark>
    <Placemark>
      <name>RT20-SG-223-0200-43+705</name>
      <description><![CDATA[Lat:  16.9556<br>Long: 104.4835]]></description>
      <styleUrl>#icon-1899-0288D1</styleUrl>
      <ExtendedData>
        <Data name="Lat">
          <value> 16.9556</value>
        </Data>
        <Data name="Long">
          <value>104.4835</value>
        </Data>
      </ExtendedData>
      <Point>
        <coordinates>
          104.4835,16.9556,0
        </coordinates>
      </Point>
    </Placemark>
    <Placemark>
      <name>RT21-SG-223-0200-43+750</name>
      <description><![CDATA[Lat:  16.9557<br>Long: 104.4838]]></description>
      <styleUrl>#icon-1899-0288D1</styleUrl>
      <ExtendedData>
        <Data name="Lat">
          <value> 16.9557</value>
        </Data>
        <Data name="Long">
          <value>104.4838</value>
        </Data>
      </ExtendedData>
      <Point>
        <coordinates>
          104.4838,16.9557,0
        </coordinates>
      </Point>
    </Placemark>
    <Placemark>
      <name>RT22-SG-223-0200-43+795</name>
      <description><![CDATA[Lat:  16.9557<br>Long: 104.4842]]></description>
      <styleUrl>#icon-1899-0288D1</styleUrl>
      <ExtendedData>
        <Data name="Lat">
          <value> 16.9557</value>
        </Data>
        <Data name="Long">
          <value>104.4842</value>
        </Data>
      </ExtendedData>
      <Point>
        <coordinates>
          104.4842,16.9557,0
        </coordinates>
      </Point>
    </Placemark>
    <Placemark>
      <name>RT23-SG-223-0200-43+840</name>
      <description><![CDATA[Lat:  16.9558<br>Long: 104.4846]]></description>
      <styleUrl>#icon-1899-0288D1</styleUrl>
      <ExtendedData>
        <Data name="Lat">
          <value> 16.9558</value>
        </Data>
        <Data name="Long">
          <value>104.4846</value>
        </Data>
      </ExtendedData>
      <Point>
        <coordinates>
          104.4846,16.9558,0
        </coordinates>
      </Point>
    </Placemark>
    <Placemark>
      <name>RT24-SG-223-0200-43+885</name>
      <description><![CDATA[Lat:  16.9558<br>Long: 104.4850]]></description>
      <styleUrl>#icon-1899-0288D1</styleUrl>
      <ExtendedData>
        <Data name="Lat">
          <value> 16.9558</value>
        </Data>
        <Data name="Long">
          <value>104.4850</value>
        </Data>
      </ExtendedData>
      <Point>
        <coordinates>
          104.485,16.9558,0
        </coordinates>
      </Point>
    </Placemark>
    <Placemark>
      <name>RT25-SG-223-0200-43+930</name>
      <description><![CDATA[Lat:  16.9558<br>Long: 104.4853]]></description>
      <styleUrl>#icon-1899-0288D1</styleUrl>
      <ExtendedData>
        <Data name="Lat">
          <value> 16.9558</value>
        </Data>
        <Data name="Long">
          <value>104.4853</value>
        </Data>
      </ExtendedData>
      <Point>
        <coordinates>
          104.4853,16.9558,0
        </coordinates>
      </Point>
    </Placemark>
    <Placemark>
      <name>RT26-SG-223-0200-43+975</name>
      <description><![CDATA[Lat:  16.9558<br>Long: 104.4856]]></description>
      <styleUrl>#icon-1899-0288D1</styleUrl>
      <ExtendedData>
        <Data name="Lat">
          <value> 16.9558</value>
        </Data>
        <Data name="Long">
          <value>104.4856</value>
        </Data>
      </ExtendedData>
      <Point>
        <coordinates>
          104.4856,16.9558,0
        </coordinates>
      </Point>
    </Placemark>
    <Placemark>
      <name>RT27-SG-223-0200-44+020</name>
      <description><![CDATA[Lat:  16.9558<br>Long: 104.4859]]></description>
      <styleUrl>#icon-1899-0288D1</styleUrl>
      <ExtendedData>
        <Data name="Lat">
          <value> 16.9558</value>
        </Data>
        <Data name="Long">
          <value>104.4859</value>
        </Data>
      </ExtendedData>
      <Point>
        <coordinates>
          104.4859,16.9558,0
        </coordinates>
      </Point>
    </Placemark>
    <Placemark>
      <name>LT30-SG-223-0200-44+065</name>
      <description><![CDATA[Lat:  16.9562<br>Long: 104.4983]]></description>
      <styleUrl>#icon-1899-0288D1</styleUrl>
      <ExtendedData>
        <Data name="Lat">
          <value> 16.9562</value>
        </Data>
        <Data name="Long">
          <value>104.4983</value>
        </Data>
      </ExtendedData>
      <Point>
        <coordinates>
          104.4983,16.9562,0
        </coordinates>
      </Point>
    </Placemark>
    <Placemark>
      <name>LT31-SG-223-0200-44+110</name>
      <description><![CDATA[Lat:  16.9561<br>Long: 104.4986]]></description>
      <styleUrl>#icon-1899-0288D1</styleUrl>
      <ExtendedData>
        <Data name="Lat">
          <value> 16.9561</value>
        </Data>
        <Data name="Long">
          <value>104.4986</value>
        </Data>
      </ExtendedData>
      <Point>
        <coordinates>
          104.4986,16.9561,0
        </coordinates>
      </Point>
    </Placemark>
    <Placemark>
      <name>LT32-SG-223-0200-44+155</name>
      <description><![CDATA[Lat: 16.9561<br>Long: 104.4989]]></description>
      <styleUrl>#icon-1899-0288D1</styleUrl>
      <ExtendedData>
        <Data name="Lat">
          <value>16.9561</value>
        </Data>
        <Data name="Long">
          <value>104.4989</value>
        </Data>
      </ExtendedData>
      <Point>
        <coordinates>
          104.4989,16.9561,0
        </coordinates>
      </Point>
    </Placemark>
    <Placemark>
      <name>LT33-SG-223-0200-44+200</name>
      <description><![CDATA[Lat:  16.9561<br>Long: 104.4993]]></description>
      <styleUrl>#icon-1899-0288D1</styleUrl>
      <ExtendedData>
        <Data name="Lat">
          <value> 16.9561</value>
        </Data>
        <Data name="Long">
          <value>104.4993</value>
        </Data>
      </ExtendedData>
      <Point>
        <coordinates>
          104.4993,16.9561,0
        </coordinates>
      </Point>
    </Placemark>
    <Placemark>
      <name>LT34-SG-223-0200-44+245</name>
      <description><![CDATA[Lat:  16.9560<br>Long: 104.4996]]></description>
      <styleUrl>#icon-1899-0288D1</styleUrl>
      <ExtendedData>
        <Data name="Lat">
          <value> 16.9560</value>
        </Data>
        <Data name="Long">
          <value>104.4996</value>
        </Data>
      </ExtendedData>
      <Point>
        <coordinates>
          104.4996,16.956,0
        </coordinates>
      </Point>
    </Placemark>
    <Placemark>
      <name>LT35-SG-223-0200-44+290</name>
      <description><![CDATA[Lat:  16.9560<br>Long: 104.5000]]></description>
      <styleUrl>#icon-1899-0288D1</styleUrl>
      <ExtendedData>
        <Data name="Lat">
          <value> 16.9560</value>
        </Data>
        <Data name="Long">
          <value>104.5000</value>
        </Data>
      </ExtendedData>
      <Point>
        <coordinates>
          104.5,16.956,0
        </coordinates>
      </Point>
    </Placemark>
    <Placemark>
      <name>LT36-SG-223-0200-44+335</name>
      <description><![CDATA[Lat:  16.9560<br>Long: 104.5003]]></description>
      <styleUrl>#icon-1899-0288D1</styleUrl>
      <ExtendedData>
        <Data name="Lat">
          <value> 16.9560</value>
        </Data>
        <Data name="Long">
          <value>104.5003</value>
        </Data>
      </ExtendedData>
      <Point>
        <coordinates>
          104.5003,16.956,0
        </coordinates>
      </Point>
    </Placemark>
    <Placemark>
      <name>LT37-SG-223-0200-44+380</name>
      <description><![CDATA[Lat:  16.9559<br>Long: 104.5007]]></description>
      <styleUrl>#icon-1899-0288D1</styleUrl>
      <ExtendedData>
        <Data name="Lat">
          <value> 16.9559</value>
        </Data>
        <Data name="Long">
          <value>104.5007</value>
        </Data>
      </ExtendedData>
      <Point>
        <coordinates>
          104.5007,16.9559,0
        </coordinates>
      </Point>
    </Placemark>
    <Placemark>
      <name>LT38-SG-223-0200-44+425</name>
      <description><![CDATA[Lat:  16.9559<br>Long: 104.5009]]></description>
      <styleUrl>#icon-1899-0288D1</styleUrl>
      <ExtendedData>
        <Data name="Lat">
          <value> 16.9559</value>
        </Data>
        <Data name="Long">
          <value>104.5009</value>
        </Data>
      </ExtendedData>
      <Point>
        <coordinates>
          104.5009,16.9559,0
        </coordinates>
      </Point>
    </Placemark>
    <Placemark>
      <name>LT39-SG-223-0200-44+470</name>
      <description><![CDATA[Lat:  16.9559<br>Long: 104.5012]]></description>
      <styleUrl>#icon-1899-0288D1</styleUrl>
      <ExtendedData>
        <Data name="Lat">
          <value> 16.9559</value>
        </Data>
        <Data name="Long">
          <value>104.5012</value>
        </Data>
      </ExtendedData>
      <Point>
        <coordinates>
          104.5012,16.9559,0
        </coordinates>
      </Point>
    </Placemark>
    <Placemark>
      <name>LT40-SG-223-0200-44+515</name>
      <description><![CDATA[Lat:  16.9558<br>Long: 104.5016]]></description>
      <styleUrl>#icon-1899-0288D1</styleUrl>
      <ExtendedData>
        <Data name="Lat">
          <value> 16.9558</value>
        </Data>
        <Data name="Long">
          <value>104.5016</value>
        </Data>
      </ExtendedData>
      <Point>
        <coordinates>
          104.5016,16.9558,0
        </coordinates>
      </Point>
    </Placemark>
    <Placemark>
      <name>LT41-SG-223-0200-44+560</name>
      <description><![CDATA[Lat: 16.9558<br>Long: 104.502 ]]></description>
      <styleUrl>#icon-1899-0288D1</styleUrl>
      <ExtendedData>
        <Data name="Lat">
          <value>16.9558</value>
        </Data>
        <Data name="Long">
          <value>104.502 </value>
        </Data>
      </ExtendedData>
      <Point>
        <coordinates>
          104.502,16.9558,0
        </coordinates>
      </Point>
    </Placemark>
    <Placemark>
      <name>LT42-SG-223-0200-44+605</name>
      <description><![CDATA[Lat:  16.9558<br>Long: 104.5022]]></description>
      <styleUrl>#icon-1899-0288D1</styleUrl>
      <ExtendedData>
        <Data name="Lat">
          <value> 16.9558</value>
        </Data>
        <Data name="Long">
          <value>104.5022</value>
        </Data>
      </ExtendedData>
      <Point>
        <coordinates>
          104.5022,16.9558,0
        </coordinates>
      </Point>
    </Placemark>
    <Placemark>
      <name>LT43-SG-223-0200-44+650</name>
      <description><![CDATA[Lat:  16.9558<br>Long: 104.5026]]></description>
      <styleUrl>#icon-1899-0288D1</styleUrl>
      <ExtendedData>
        <Data name="Lat">
          <value> 16.9558</value>
        </Data>
        <Data name="Long">
          <value>104.5026</value>
        </Data>
      </ExtendedData>
      <Point>
        <coordinates>
          104.5026,16.9558,0
        </coordinates>
      </Point>
    </Placemark>
    <Placemark>
      <name>LT44-SG-223-0200-44+695</name>
      <description><![CDATA[Lat:  16.9557<br>Long: 104.5031]]></description>
      <styleUrl>#icon-1899-0288D1</styleUrl>
      <ExtendedData>
        <Data name="Lat">
          <value> 16.9557</value>
        </Data>
        <Data name="Long">
          <value>104.5031</value>
        </Data>
      </ExtendedData>
      <Point>
        <coordinates>
          104.5031,16.9557,0
        </coordinates>
      </Point>
    </Placemark>
    <Placemark>
      <name>LT45-SG-223-0200-44+740</name>
      <description><![CDATA[Lat:  16.9556<br>Long: 104.5033]]></description>
      <styleUrl>#icon-1899-0288D1</styleUrl>
      <ExtendedData>
        <Data name="Lat">
          <value> 16.9556</value>
        </Data>
        <Data name="Long">
          <value>104.5033</value>
        </Data>
      </ExtendedData>
      <Point>
        <coordinates>
          104.5033,16.9556,0
        </coordinates>
      </Point>
    </Placemark>
    <Placemark>
      <name>LT46-SG-223-0200-44+785</name>
      <description><![CDATA[Lat: 16.9556<br>Long: 104.5035]]></description>
      <styleUrl>#icon-1899-0288D1</styleUrl>
      <ExtendedData>
        <Data name="Lat">
          <value>16.9556</value>
        </Data>
        <Data name="Long">
          <value>104.5035</value>
        </Data>
      </ExtendedData>
      <Point>
        <coordinates>
          104.5035,16.9556,0
        </coordinates>
      </Point>
    </Placemark>
    <Placemark>
      <name>LT47-SG-223-0200-44+830</name>
      <description><![CDATA[Lat:  16.9556<br>Long: 104.5038]]></description>
      <styleUrl>#icon-1899-0288D1</styleUrl>
      <ExtendedData>
        <Data name="Lat">
          <value> 16.9556</value>
        </Data>
        <Data name="Long">
          <value>104.5038</value>
        </Data>
      </ExtendedData>
      <Point>
        <coordinates>
          104.5038,16.9556,0
        </coordinates>
      </Point>
    </Placemark>
    <Placemark>
      <name>LT48-SG-223-0200-44+875</name>
      <description><![CDATA[Lat:  16.9556<br>Long: 104.5040]]></description>
      <styleUrl>#icon-1899-0288D1</styleUrl>
      <ExtendedData>
        <Data name="Lat">
          <value> 16.9556</value>
        </Data>
        <Data name="Long">
          <value>104.5040</value>
        </Data>
      </ExtendedData>
      <Point>
        <coordinates>
          104.504,16.9556,0
        </coordinates>
      </Point>
    </Placemark>
    <Placemark>
      <name>LT49-SG-223-0200-44+920</name>
      <description><![CDATA[Lat:  16.9555<br>Long: 104.5042]]></description>
      <styleUrl>#icon-1899-0288D1</styleUrl>
      <ExtendedData>
        <Data name="Lat">
          <value> 16.9555</value>
        </Data>
        <Data name="Long">
          <value>104.5042</value>
        </Data>
      </ExtendedData>
      <Point>
        <coordinates>
          104.5042,16.9555,0
        </coordinates>
      </Point>
    </Placemark>
    <Placemark>
      <name>LT50-SG-223-0200-44+965</name>
      <description><![CDATA[Lat:  16.9554<br>Long: 104.5046]]></description>
      <styleUrl>#icon-1899-0288D1</styleUrl>
      <ExtendedData>
        <Data name="Lat">
          <value> 16.9554</value>
        </Data>
        <Data name="Long">
          <value>104.5046</value>
        </Data>
      </ExtendedData>
      <Point>
        <coordinates>
          104.5046,16.9554,0
        </coordinates>
      </Point>
    </Placemark>
    <Placemark>
      <name>LT51-SG-223-0200-45+010</name>
      <description><![CDATA[Lat: 16.9553<br>Long: 104.5049]]></description>
      <styleUrl>#icon-1899-0288D1</styleUrl>
      <ExtendedData>
        <Data name="Lat">
          <value>16.9553</value>
        </Data>
        <Data name="Long">
          <value>104.5049</value>
        </Data>
      </ExtendedData>
      <Point>
        <coordinates>
          104.5049,16.9553,0
        </coordinates>
      </Point>
    </Placemark>
    <Placemark>
      <name>LT52-SG-223-0200-45+055</name>
      <description><![CDATA[Lat:  16.9551<br>Long: 104.5053]]></description>
      <styleUrl>#icon-1899-0288D1</styleUrl>
      <ExtendedData>
        <Data name="Lat">
          <value> 16.9551</value>
        </Data>
        <Data name="Long">
          <value>104.5053</value>
        </Data>
      </ExtendedData>
      <Point>
        <coordinates>
          104.5053,16.9551,0
        </coordinates>
      </Point>
    </Placemark>
    <Placemark>
      <name>LT53-SG-223-0200-45+100</name>
      <description><![CDATA[Lat: 16.9550<br>Long: 104.5056]]></description>
      <styleUrl>#icon-1899-0288D1</styleUrl>
      <ExtendedData>
        <Data name="Lat">
          <value>16.9550</value>
        </Data>
        <Data name="Long">
          <value>104.5056</value>
        </Data>
      </ExtendedData>
      <Point>
        <coordinates>
          104.5056,16.955,0
        </coordinates>
      </Point>
    </Placemark>
    <Placemark>
      <name>LT54-SG-223-0200-45+145</name>
      <description><![CDATA[Lat:  16.9549<br>Long: 104.5061]]></description>
      <styleUrl>#icon-1899-0288D1</styleUrl>
      <ExtendedData>
        <Data name="Lat">
          <value> 16.9549</value>
        </Data>
        <Data name="Long">
          <value>104.5061</value>
        </Data>
      </ExtendedData>
      <Point>
        <coordinates>
          104.5061,16.9549,0
        </coordinates>
      </Point>
    </Placemark>
    <Placemark>
      <name>LT55-SG-223-0200-45+190</name>
      <description><![CDATA[Lat:  16.9548<br>Long: 104.5064]]></description>
      <styleUrl>#icon-1899-0288D1</styleUrl>
      <ExtendedData>
        <Data name="Lat">
          <value> 16.9548</value>
        </Data>
        <Data name="Long">
          <value>104.5064</value>
        </Data>
      </ExtendedData>
      <Point>
        <coordinates>
          104.5064,16.9548,0
        </coordinates>
      </Point>
    </Placemark>
    <Placemark>
      <name>LT55-SG-223-0200-45+235</name>
      <description><![CDATA[Lat:  16.9547<br>Long: 104.5067]]></description>
      <styleUrl>#icon-1899-0288D1</styleUrl>
      <ExtendedData>
        <Data name="Lat">
          <value> 16.9547</value>
        </Data>
        <Data name="Long">
          <value>104.5067</value>
        </Data>
      </ExtendedData>
      <Point>
        <coordinates>
          104.5067,16.9547,0
        </coordinates>
      </Point>
    </Placemark>
    <Placemark>
      <name>LT56-SG-223-0200-45+280</name>
      <description><![CDATA[Lat:  16.9546<br>Long: 104.5070]]></description>
      <styleUrl>#icon-1899-0288D1</styleUrl>
      <ExtendedData>
        <Data name="Lat">
          <value> 16.9546</value>
        </Data>
        <Data name="Long">
          <value>104.5070</value>
        </Data>
      </ExtendedData>
      <Point>
        <coordinates>
          104.507,16.9546,0
        </coordinates>
      </Point>
    </Placemark>
    <Placemark>
      <name>LT57-SG-223-0200-45+325</name>
      <description><![CDATA[Lat:  16.9545<br>Long: 104.5073]]></description>
      <styleUrl>#icon-1899-0288D1</styleUrl>
      <ExtendedData>
        <Data name="Lat">
          <value> 16.9545</value>
        </Data>
        <Data name="Long">
          <value>104.5073</value>
        </Data>
      </ExtendedData>
      <Point>
        <coordinates>
          104.5073,16.9545,0
        </coordinates>
      </Point>
    </Placemark>
    <Placemark>
      <name>LT58-SG-223-0200-45+370</name>
      <description><![CDATA[Lat:  16.9544<br>Long: 104.5076]]></description>
      <styleUrl>#icon-1899-0288D1</styleUrl>
      <ExtendedData>
        <Data name="Lat">
          <value> 16.9544</value>
        </Data>
        <Data name="Long">
          <value>104.5076</value>
        </Data>
      </ExtendedData>
      <Point>
        <coordinates>
          104.5076,16.9544,0
        </coordinates>
      </Point>
    </Placemark>
    <Placemark>
      <name>LT59-SG-223-0200-45+415</name>
      <description><![CDATA[Lat:  16.9543<br>Long: 104.5081]]></description>
      <styleUrl>#icon-1899-0288D1</styleUrl>
      <ExtendedData>
        <Data name="Lat">
          <value> 16.9543</value>
        </Data>
        <Data name="Long">
          <value>104.5081</value>
        </Data>
      </ExtendedData>
      <Point>
        <coordinates>
          104.5081,16.9543,0
        </coordinates>
      </Point>
    </Placemark>
    <Placemark>
      <name>LT60-SG-223-0200-45+460</name>
      <description><![CDATA[Lat:  16.9542<br>Long: 104.5085]]></description>
      <styleUrl>#icon-1899-0288D1</styleUrl>
      <ExtendedData>
        <Data name="Lat">
          <value> 16.9542</value>
        </Data>
        <Data name="Long">
          <value>104.5085</value>
        </Data>
      </ExtendedData>
      <Point>
        <coordinates>
          104.5085,16.9542,0
        </coordinates>
      </Point>
    </Placemark>
    <Placemark>
      <name>LT61-SG-223-0200-45+505</name>
      <description><![CDATA[Lat:  16.9541<br>Long: 104.5089]]></description>
      <styleUrl>#icon-1899-0288D1</styleUrl>
      <ExtendedData>
        <Data name="Lat">
          <value> 16.9541</value>
        </Data>
        <Data name="Long">
          <value>104.5089</value>
        </Data>
      </ExtendedData>
      <Point>
        <coordinates>
          104.5089,16.9541,0
        </coordinates>
      </Point>
    </Placemark>
    <Placemark>
      <name>LT62-SG-223-0200-45+550</name>
      <description><![CDATA[Lat:  16.9540<br>Long: 104.5094]]></description>
      <styleUrl>#icon-1899-0288D1</styleUrl>
      <ExtendedData>
        <Data name="Lat">
          <value> 16.9540</value>
        </Data>
        <Data name="Long">
          <value>104.5094</value>
        </Data>
      </ExtendedData>
      <Point>
        <coordinates>
          104.5094,16.954,0
        </coordinates>
      </Point>
    </Placemark>
    <Placemark>
      <name>LT63-SG-223-0200-45+595</name>
      <description><![CDATA[Lat:  16.9537<br>Long: 104.5104]]></description>
      <styleUrl>#icon-1899-0288D1</styleUrl>
      <ExtendedData>
        <Data name="Lat">
          <value> 16.9537</value>
        </Data>
        <Data name="Long">
          <value>104.5104</value>
        </Data>
      </ExtendedData>
      <Point>
        <coordinates>
          104.5104,16.9537,0
        </coordinates>
      </Point>
    </Placemark>
    <Placemark>
      <name>LT64-SG-223-0200-45+640</name>
      <description><![CDATA[Lat:  16.9537<br>Long: 104.5107]]></description>
      <styleUrl>#icon-1899-0288D1</styleUrl>
      <ExtendedData>
        <Data name="Lat">
          <value> 16.9537</value>
        </Data>
        <Data name="Long">
          <value>104.5107</value>
        </Data>
      </ExtendedData>
      <Point>
        <coordinates>
          104.5107,16.9537,0
        </coordinates>
      </Point>
    </Placemark>
    <Placemark>
      <name>LT65-SG-223-0200-45+685</name>
      <description><![CDATA[Lat:  16.9536<br>Long: 104.5110]]></description>
      <styleUrl>#icon-1899-0288D1</styleUrl>
      <ExtendedData>
        <Data name="Lat">
          <value> 16.9536</value>
        </Data>
        <Data name="Long">
          <value>104.5110</value>
        </Data>
      </ExtendedData>
      <Point>
        <coordinates>
          104.511,16.9536,0
        </coordinates>
      </Point>
    </Placemark>
    <Placemark>
      <name>LT66-SG-223-0200-45+730</name>
      <description><![CDATA[Lat:  16.9535<br>Long: 104.5114]]></description>
      <styleUrl>#icon-1899-0288D1</styleUrl>
      <ExtendedData>
        <Data name="Lat">
          <value> 16.9535</value>
        </Data>
        <Data name="Long">
          <value>104.5114</value>
        </Data>
      </ExtendedData>
      <Point>
        <coordinates>
          104.5114,16.9535,0
        </coordinates>
      </Point>
    </Placemark>
    <Placemark>
      <name>LT67-SG-223-0200-45+775</name>
      <description><![CDATA[Lat:  16.9534<br>Long: 104.5116]]></description>
      <styleUrl>#icon-1899-0288D1</styleUrl>
      <ExtendedData>
        <Data name="Lat">
          <value> 16.9534</value>
        </Data>
        <Data name="Long">
          <value>104.5116</value>
        </Data>
      </ExtendedData>
      <Point>
        <coordinates>
          104.5116,16.9534,0
        </coordinates>
      </Point>
    </Placemark>
    <Placemark>
      <name>LT68-SG-223-0200-45+820</name>
      <description><![CDATA[Lat:  16.9533<br>Long: 104.5120]]></description>
      <styleUrl>#icon-1899-0288D1</styleUrl>
      <ExtendedData>
        <Data name="Lat">
          <value> 16.9533</value>
        </Data>
        <Data name="Long">
          <value>104.5120</value>
        </Data>
      </ExtendedData>
      <Point>
        <coordinates>
          104.512,16.9533,0
        </coordinates>
      </Point>
    </Placemark>
    <Placemark>
      <name>LT69-SG-223-0200-45+865</name>
      <description><![CDATA[Lat:  16.9531<br>Long: 104.5123]]></description>
      <styleUrl>#icon-1899-0288D1</styleUrl>
      <ExtendedData>
        <Data name="Lat">
          <value> 16.9531</value>
        </Data>
        <Data name="Long">
          <value>104.5123</value>
        </Data>
      </ExtendedData>
      <Point>
        <coordinates>
          104.5123,16.9531,0
        </coordinates>
      </Point>
    </Placemark>
    <Placemark>
      <name>LT70-SG-223-0200-45+910</name>
      <description><![CDATA[Lat:  16.9530<br>Long: 104.5126]]></description>
      <styleUrl>#icon-1899-0288D1</styleUrl>
      <ExtendedData>
        <Data name="Lat">
          <value> 16.9530</value>
        </Data>
        <Data name="Long">
          <value>104.5126</value>
        </Data>
      </ExtendedData>
      <Point>
        <coordinates>
          104.5126,16.953,0
        </coordinates>
      </Point>
    </Placemark>
    <Placemark>
      <name>LT71-SG-223-0200-45+955</name>
      <description><![CDATA[Lat:  16.9528<br>Long: 104.5129]]></description>
      <styleUrl>#icon-1899-0288D1</styleUrl>
      <ExtendedData>
        <Data name="Lat">
          <value> 16.9528</value>
        </Data>
        <Data name="Long">
          <value>104.5129</value>
        </Data>
      </ExtendedData>
      <Point>
        <coordinates>
          104.5129,16.9528,0
        </coordinates>
      </Point>
    </Placemark>
    <Placemark>
      <name>LT72-SG-223-0200-46+000</name>
      <description><![CDATA[Lat:  16.9527<br>Long: 104.5132]]></description>
      <styleUrl>#icon-1899-0288D1</styleUrl>
      <ExtendedData>
        <Data name="Lat">
          <value> 16.9527</value>
        </Data>
        <Data name="Long">
          <value>104.5132</value>
        </Data>
      </ExtendedData>
      <Point>
        <coordinates>
          104.5132,16.9527,0
        </coordinates>
      </Point>
    </Placemark>
    <Placemark>
      <name>LT73-SG-223-0200-46+045</name>
      <description><![CDATA[Lat:  16.9526<br>Long: 104.5134]]></description>
      <styleUrl>#icon-1899-0288D1</styleUrl>
      <ExtendedData>
        <Data name="Lat">
          <value> 16.9526</value>
        </Data>
        <Data name="Long">
          <value>104.5134</value>
        </Data>
      </ExtendedData>
      <Point>
        <coordinates>
          104.5134,16.9526,0
        </coordinates>
      </Point>
    </Placemark>
    <Placemark>
      <name>LT74-SG-223-0200-46+090</name>
      <description><![CDATA[Lat:  16.9524<br>Long: 104.5137]]></description>
      <styleUrl>#icon-1899-0288D1</styleUrl>
      <ExtendedData>
        <Data name="Lat">
          <value> 16.9524</value>
        </Data>
        <Data name="Long">
          <value>104.5137</value>
        </Data>
      </ExtendedData>
      <Point>
        <coordinates>
          104.5137,16.9524,0
        </coordinates>
      </Point>
    </Placemark>
    <Placemark>
      <name>LT75-SG-223-0200-46+135</name>
      <description><![CDATA[Lat:  16.9522<br>Long: 104.5140]]></description>
      <styleUrl>#icon-1899-0288D1</styleUrl>
      <ExtendedData>
        <Data name="Lat">
          <value> 16.9522</value>
        </Data>
        <Data name="Long">
          <value>104.5140</value>
        </Data>
      </ExtendedData>
      <Point>
        <coordinates>
          104.514,16.9522,0
        </coordinates>
      </Point>
    </Placemark>
    <Placemark>
      <name>LT76-SG-223-0200-46+180</name>
      <description><![CDATA[Lat:  16.9520<br>Long: 104.5143]]></description>
      <styleUrl>#icon-1899-0288D1</styleUrl>
      <ExtendedData>
        <Data name="Lat">
          <value> 16.9520</value>
        </Data>
        <Data name="Long">
          <value>104.5143</value>
        </Data>
      </ExtendedData>
      <Point>
        <coordinates>
          104.5143,16.952,0
        </coordinates>
      </Point>
    </Placemark>
    <Placemark>
      <name>LT77-SG-223-0200-46+225</name>
      <description><![CDATA[Lat:  16.9518<br>Long: 104.5146]]></description>
      <styleUrl>#icon-1899-0288D1</styleUrl>
      <ExtendedData>
        <Data name="Lat">
          <value> 16.9518</value>
        </Data>
        <Data name="Long">
          <value>104.5146</value>
        </Data>
      </ExtendedData>
      <Point>
        <coordinates>
          104.5146,16.9518,0
        </coordinates>
      </Point>
    </Placemark>
    <Placemark>
      <name>LT78-SG-223-0200-46+270</name>
      <description><![CDATA[Lat: 16.9517<br>Long: 104.5148]]></description>
      <styleUrl>#icon-1899-0288D1</styleUrl>
      <ExtendedData>
        <Data name="Lat">
          <value>16.9517</value>
        </Data>
        <Data name="Long">
          <value>104.5148</value>
        </Data>
      </ExtendedData>
      <Point>
        <coordinates>
          104.5148,16.9517,0
        </coordinates>
      </Point>
    </Placemark>
    <Placemark>
      <name>LT79-SG-223-0200-46+315</name>
      <description><![CDATA[Lat:  16.9515<br>Long: 104.5151]]></description>
      <styleUrl>#icon-1899-0288D1</styleUrl>
      <ExtendedData>
        <Data name="Lat">
          <value> 16.9515</value>
        </Data>
        <Data name="Long">
          <value>104.5151</value>
        </Data>
      </ExtendedData>
      <Point>
        <coordinates>
          104.5151,16.9515,0
        </coordinates>
      </Point>
    </Placemark>
    <Placemark>
      <name>LT80-SG-223-0200-46+360</name>
      <description><![CDATA[Lat:  16.9514<br>Long: 104.5153]]></description>
      <styleUrl>#icon-1899-0288D1</styleUrl>
      <ExtendedData>
        <Data name="Lat">
          <value> 16.9514</value>
        </Data>
        <Data name="Long">
          <value>104.5153</value>
        </Data>
      </ExtendedData>
      <Point>
        <coordinates>
          104.5153,16.9514,0
        </coordinates>
      </Point>
    </Placemark>
    <Placemark>
      <name>LT81-SG-223-0200-46+405</name>
      <description><![CDATA[Lat:  16.9513<br>Long: 104.5154]]></description>
      <styleUrl>#icon-1899-0288D1</styleUrl>
      <ExtendedData>
        <Data name="Lat">
          <value> 16.9513</value>
        </Data>
        <Data name="Long">
          <value>104.5154</value>
        </Data>
      </ExtendedData>
      <Point>
        <coordinates>
          104.5154,16.9513,0
        </coordinates>
      </Point>
    </Placemark>
    <Placemark>
      <name>LT82-SG-223-0200-46+450</name>
      <description><![CDATA[Lat:  16.9512<br>Long: 104.5156]]></description>
      <styleUrl>#icon-1899-0288D1</styleUrl>
      <ExtendedData>
        <Data name="Lat">
          <value> 16.9512</value>
        </Data>
        <Data name="Long">
          <value>104.5156</value>
        </Data>
      </ExtendedData>
      <Point>
        <coordinates>
          104.5156,16.9512,0
        </coordinates>
      </Point>
    </Placemark>
    <Placemark>
      <name>LT83-SG-223-0200-46+495</name>
      <description><![CDATA[Lat:  16.9510<br>Long: 104.5159]]></description>
      <styleUrl>#icon-1899-0288D1</styleUrl>
      <ExtendedData>
        <Data name="Lat">
          <value> 16.9510</value>
        </Data>
        <Data name="Long">
          <value>104.5159</value>
        </Data>
      </ExtendedData>
      <Point>
        <coordinates>
          104.5159,16.951,0
        </coordinates>
      </Point>
    </Placemark>
    <Placemark>
      <name>LT84-SG-223-0200-46+540</name>
      <description><![CDATA[Lat:  16.9508<br>Long: 104.5162]]></description>
      <styleUrl>#icon-1899-0288D1</styleUrl>
      <ExtendedData>
        <Data name="Lat">
          <value> 16.9508</value>
        </Data>
        <Data name="Long">
          <value>104.5162</value>
        </Data>
      </ExtendedData>
      <Point>
        <coordinates>
          104.5162,16.9508,0
        </coordinates>
      </Point>
    </Placemark>
    <Placemark>
      <name>LT85-SG-223-0200-46+585</name>
      <description><![CDATA[Lat:  16.9507<br>Long: 104.5165]]></description>
      <styleUrl>#icon-1899-0288D1</styleUrl>
      <ExtendedData>
        <Data name="Lat">
          <value> 16.9507</value>
        </Data>
        <Data name="Long">
          <value>104.5165</value>
        </Data>
      </ExtendedData>
      <Point>
        <coordinates>
          104.5165,16.9507,0
        </coordinates>
      </Point>
    </Placemark>
    <Placemark>
      <name>LT86-SG-223-0200-46+630</name>
      <description><![CDATA[Lat:  16.9505<br>Long: 104.5168]]></description>
      <styleUrl>#icon-1899-0288D1</styleUrl>
      <ExtendedData>
        <Data name="Lat">
          <value> 16.9505</value>
        </Data>
        <Data name="Long">
          <value>104.5168</value>
        </Data>
      </ExtendedData>
      <Point>
        <coordinates>
          104.5168,16.9505,0
        </coordinates>
      </Point>
    </Placemark>
    <Placemark>
      <name>LT87-SG-223-0200-46+675</name>
      <description><![CDATA[Lat: 16.9503<br>Long: 104.5170]]></description>
      <styleUrl>#icon-1899-0288D1</styleUrl>
      <ExtendedData>
        <Data name="Lat">
          <value>16.9503</value>
        </Data>
        <Data name="Long">
          <value>104.5170</value>
        </Data>
      </ExtendedData>
      <Point>
        <coordinates>
          104.517,16.9503,0
        </coordinates>
      </Point>
    </Placemark>
    <Placemark>
      <name>LT88-SG-223-0200-46+720</name>
      <description><![CDATA[Lat:  16.9502<br>Long: 104.5173]]></description>
      <styleUrl>#icon-1899-0288D1</styleUrl>
      <ExtendedData>
        <Data name="Lat">
          <value> 16.9502</value>
        </Data>
        <Data name="Long">
          <value>104.5173</value>
        </Data>
      </ExtendedData>
      <Point>
        <coordinates>
          104.5173,16.9502,0
        </coordinates>
      </Point>
    </Placemark>
    <Placemark>
      <name>LT89-SG-223-0200-46+765</name>
      <description><![CDATA[Lat:  16.9500<br>Long: 104.5175]]></description>
      <styleUrl>#icon-1899-0288D1</styleUrl>
      <ExtendedData>
        <Data name="Lat">
          <value> 16.9500</value>
        </Data>
        <Data name="Long">
          <value>104.5175</value>
        </Data>
      </ExtendedData>
      <Point>
        <coordinates>
          104.5175,16.95,0
        </coordinates>
      </Point>
    </Placemark>
    <Placemark>
      <name>LT90-SG-223-0200-46+810</name>
      <description><![CDATA[Lat:  16.9498<br>Long: 104.5178]]></description>
      <styleUrl>#icon-1899-0288D1</styleUrl>
      <ExtendedData>
        <Data name="Lat">
          <value> 16.9498</value>
        </Data>
        <Data name="Long">
          <value>104.5178</value>
        </Data>
      </ExtendedData>
      <Point>
        <coordinates>
          104.5178,16.9498,0
        </coordinates>
      </Point>
    </Placemark>
    <Placemark>
      <name>LT91-SG-223-0200-46+855</name>
      <description><![CDATA[Lat:  16.9497<br>Long: 104.5181]]></description>
      <styleUrl>#icon-1899-0288D1</styleUrl>
      <ExtendedData>
        <Data name="Lat">
          <value> 16.9497</value>
        </Data>
        <Data name="Long">
          <value>104.5181</value>
        </Data>
      </ExtendedData>
      <Point>
        <coordinates>
          104.5181,16.9497,0
        </coordinates>
      </Point>
    </Placemark>
    <Placemark>
      <name>LT92-SG-223-0200-46+900</name>
      <description><![CDATA[Lat:  16.9495<br>Long: 104.5183]]></description>
      <styleUrl>#icon-1899-0288D1</styleUrl>
      <ExtendedData>
        <Data name="Lat">
          <value> 16.9495</value>
        </Data>
        <Data name="Long">
          <value>104.5183</value>
        </Data>
      </ExtendedData>
      <Point>
        <coordinates>
          104.5183,16.9495,0
        </coordinates>
      </Point>
    </Placemark>
    <Placemark>
      <name>LT93-SG-223-0200-46+945</name>
      <description><![CDATA[Lat:  16.9493<br>Long: 104.5186]]></description>
      <styleUrl>#icon-1899-0288D1</styleUrl>
      <ExtendedData>
        <Data name="Lat">
          <value> 16.9493</value>
        </Data>
        <Data name="Long">
          <value>104.5186</value>
        </Data>
      </ExtendedData>
      <Point>
        <coordinates>
          104.5186,16.9493,0
        </coordinates>
      </Point>
    </Placemark>
    <Placemark>
      <name>LT94-SG-223-0200-46+990</name>
      <description><![CDATA[Lat: 16.9490<br>Long: 104.5191]]></description>
      <styleUrl>#icon-1899-0288D1</styleUrl>
      <ExtendedData>
        <Data name="Lat">
          <value>16.9490</value>
        </Data>
        <Data name="Long">
          <value>104.5191</value>
        </Data>
      </ExtendedData>
      <Point>
        <coordinates>
          104.5191,16.949,0
        </coordinates>
      </Point>
    </Placemark>
    <Placemark>
      <name>LT95-SG-223-0200-47+035</name>
      <description><![CDATA[Lat:  16.9488<br>Long: 104.5195]]></description>
      <styleUrl>#icon-1899-0288D1</styleUrl>
      <ExtendedData>
        <Data name="Lat">
          <value> 16.9488</value>
        </Data>
        <Data name="Long">
          <value>104.5195</value>
        </Data>
      </ExtendedData>
      <Point>
        <coordinates>
          104.5195,16.9488,0
        </coordinates>
      </Point>
    </Placemark>
    <Placemark>
      <name>LT96-SG-223-0200-47+080</name>
      <description><![CDATA[Lat:  16.9486<br>Long: 104.5198]]></description>
      <styleUrl>#icon-1899-0288D1</styleUrl>
      <ExtendedData>
        <Data name="Lat">
          <value> 16.9486</value>
        </Data>
        <Data name="Long">
          <value>104.5198</value>
        </Data>
      </ExtendedData>
      <Point>
        <coordinates>
          104.5198,16.9486,0
        </coordinates>
      </Point>
    </Placemark>
    <Placemark>
      <name>LT97-SG-223-0200-47+125</name>
      <description><![CDATA[Lat:  16.9485<br>Long: 104.5200]]></description>
      <styleUrl>#icon-1899-0288D1</styleUrl>
      <ExtendedData>
        <Data name="Lat">
          <value> 16.9485</value>
        </Data>
        <Data name="Long">
          <value>104.5200</value>
        </Data>
      </ExtendedData>
      <Point>
        <coordinates>
          104.52,16.9485,0
        </coordinates>
      </Point>
    </Placemark>
    <Placemark>
      <name>LT98-SG-223-0200-47+170</name>
      <description><![CDATA[Lat:  16.9482<br>Long: 104.5205]]></description>
      <styleUrl>#icon-1899-0288D1</styleUrl>
      <ExtendedData>
        <Data name="Lat">
          <value> 16.9482</value>
        </Data>
        <Data name="Long">
          <value>104.5205</value>
        </Data>
      </ExtendedData>
      <Point>
        <coordinates>
          104.5205,16.9482,0
        </coordinates>
      </Point>
    </Placemark>
    <Placemark>
      <name>LT99-SG-223-0200-47+215</name>
      <description><![CDATA[Lat:  16.9480<br>Long: 104.5208]]></description>
      <styleUrl>#icon-1899-0288D1</styleUrl>
      <ExtendedData>
        <Data name="Lat">
          <value> 16.9480</value>
        </Data>
        <Data name="Long">
          <value>104.5208</value>
        </Data>
      </ExtendedData>
      <Point>
        <coordinates>
          104.5208,16.948,0
        </coordinates>
      </Point>
    </Placemark>
    <Placemark>
      <name>LT100-SG-223-0200-47+260</name>
      <description><![CDATA[Lat:  16.9478<br>Long: 104.5210]]></description>
      <styleUrl>#icon-1899-0288D1</styleUrl>
      <ExtendedData>
        <Data name="Lat">
          <value> 16.9478</value>
        </Data>
        <Data name="Long">
          <value>104.5210</value>
        </Data>
      </ExtendedData>
      <Point>
        <coordinates>
          104.521,16.9478,0
        </coordinates>
      </Point>
    </Placemark>
    <Placemark>
      <name>LT101-SG-223-0200-47+305</name>
      <description><![CDATA[Lat:  16.9476<br>Long: 104.5214]]></description>
      <styleUrl>#icon-1899-0288D1</styleUrl>
      <ExtendedData>
        <Data name="Lat">
          <value> 16.9476</value>
        </Data>
        <Data name="Long">
          <value>104.5214</value>
        </Data>
      </ExtendedData>
      <Point>
        <coordinates>
          104.5214,16.9476,0
        </coordinates>
      </Point>
    </Placemark>
    <Placemark>
      <name>LT102-SG-223-0200-47+350</name>
      <description><![CDATA[Lat:  16.9474<br>Long: 104.5217]]></description>
      <styleUrl>#icon-1899-0288D1</styleUrl>
      <ExtendedData>
        <Data name="Lat">
          <value> 16.9474</value>
        </Data>
        <Data name="Long">
          <value>104.5217</value>
        </Data>
      </ExtendedData>
      <Point>
        <coordinates>
          104.5217,16.9474,0
        </coordinates>
      </Point>
    </Placemark>
    <Placemark>
      <name>LT103-SG-223-0200-47+395</name>
      <description><![CDATA[Lat:  16.9473<br>Long: 104.5218]]></description>
      <styleUrl>#icon-1899-0288D1</styleUrl>
      <ExtendedData>
        <Data name="Lat">
          <value> 16.9473</value>
        </Data>
        <Data name="Long">
          <value>104.5218</value>
        </Data>
      </ExtendedData>
      <Point>
        <coordinates>
          104.5218,16.9473,0
        </coordinates>
      </Point>
    </Placemark>
    <Placemark>
      <name>LT104-SG-223-0200-47+440</name>
      <description><![CDATA[Lat:  16.9471<br>Long: 104.5222]]></description>
      <styleUrl>#icon-1899-0288D1</styleUrl>
      <ExtendedData>
        <Data name="Lat">
          <value> 16.9471</value>
        </Data>
        <Data name="Long">
          <value>104.5222</value>
        </Data>
      </ExtendedData>
      <Point>
        <coordinates>
          104.5222,16.9471,0
        </coordinates>
      </Point>
    </Placemark>
    <Placemark>
      <name>LT105-SG-223-0200-47+485</name>
      <description><![CDATA[Lat:  16.9470<br>Long: 104.5224]]></description>
      <styleUrl>#icon-1899-0288D1</styleUrl>
      <ExtendedData>
        <Data name="Lat">
          <value> 16.9470</value>
        </Data>
        <Data name="Long">
          <value>104.5224</value>
        </Data>
      </ExtendedData>
      <Point>
        <coordinates>
          104.5224,16.947,0
        </coordinates>
      </Point>
    </Placemark>
    <Placemark>
      <name>LT106-SG-223-0200-47+530</name>
      <description><![CDATA[Lat:  16.9468<br>Long: 104.5227]]></description>
      <styleUrl>#icon-1899-0288D1</styleUrl>
      <ExtendedData>
        <Data name="Lat">
          <value> 16.9468</value>
        </Data>
        <Data name="Long">
          <value>104.5227</value>
        </Data>
      </ExtendedData>
      <Point>
        <coordinates>
          104.5227,16.9468,0
        </coordinates>
      </Point>
    </Placemark>
    <Placemark>
      <name>LT107-SG-223-0200-47+575</name>
      <description><![CDATA[Lat:  16.9466<br>Long: 104.5230]]></description>
      <styleUrl>#icon-1899-0288D1</styleUrl>
      <ExtendedData>
        <Data name="Lat">
          <value> 16.9466</value>
        </Data>
        <Data name="Long">
          <value>104.5230</value>
        </Data>
      </ExtendedData>
      <Point>
        <coordinates>
          104.523,16.9466,0
        </coordinates>
      </Point>
    </Placemark>
    <Placemark>
      <name>LT108-SG-223-0200-47+620</name>
      <description><![CDATA[Lat:  16.9464<br>Long: 104.5233]]></description>
      <styleUrl>#icon-1899-0288D1</styleUrl>
      <ExtendedData>
        <Data name="Lat">
          <value> 16.9464</value>
        </Data>
        <Data name="Long">
          <value>104.5233</value>
        </Data>
      </ExtendedData>
      <Point>
        <coordinates>
          104.5233,16.9464,0
        </coordinates>
      </Point>
    </Placemark>
    <Placemark>
      <name>LT109-SG-223-0200-47+665</name>
      <description><![CDATA[Lat:  16.9462<br>Long: 104.5236]]></description>
      <styleUrl>#icon-1899-0288D1</styleUrl>
      <ExtendedData>
        <Data name="Lat">
          <value> 16.9462</value>
        </Data>
        <Data name="Long">
          <value>104.5236</value>
        </Data>
      </ExtendedData>
      <Point>
        <coordinates>
          104.5236,16.9462,0
        </coordinates>
      </Point>
    </Placemark>
    <Placemark>
      <name>LT110-SG-223-0200-47+710</name>
      <description><![CDATA[Lat:  16.9460<br>Long: 104.5239]]></description>
      <styleUrl>#icon-1899-0288D1</styleUrl>
      <ExtendedData>
        <Data name="Lat">
          <value> 16.9460</value>
        </Data>
        <Data name="Long">
          <value>104.5239</value>
        </Data>
      </ExtendedData>
      <Point>
        <coordinates>
          104.5239,16.946,0
        </coordinates>
      </Point>
    </Placemark>
    <Placemark>
      <name>LT111-SG-223-0200-47+755</name>
      <description><![CDATA[Lat:  16.9458<br>Long: 104.5243]]></description>
      <styleUrl>#icon-1899-0288D1</styleUrl>
      <ExtendedData>
        <Data name="Lat">
          <value> 16.9458</value>
        </Data>
        <Data name="Long">
          <value>104.5243</value>
        </Data>
      </ExtendedData>
      <Point>
        <coordinates>
          104.5243,16.9458,0
        </coordinates>
      </Point>
    </Placemark>
    <Placemark>
      <name>LT112-SG-223-0200-47+800</name>
      <description><![CDATA[Lat:  16.9456<br>Long: 104.5246]]></description>
      <styleUrl>#icon-1899-0288D1</styleUrl>
      <ExtendedData>
        <Data name="Lat">
          <value> 16.9456</value>
        </Data>
        <Data name="Long">
          <value>104.5246</value>
        </Data>
      </ExtendedData>
      <Point>
        <coordinates>
          104.5246,16.9456,0
        </coordinates>
      </Point>
    </Placemark>
    <Placemark>
      <name>LT113-SG-223-0200-47+845</name>
      <description><![CDATA[Lat:  16.9454<br>Long: 104.5249]]></description>
      <styleUrl>#icon-1899-0288D1</styleUrl>
      <ExtendedData>
        <Data name="Lat">
          <value> 16.9454</value>
        </Data>
        <Data name="Long">
          <value>104.5249</value>
        </Data>
      </ExtendedData>
      <Point>
        <coordinates>
          104.5249,16.9454,0
        </coordinates>
      </Point>
    </Placemark>
    <Placemark>
      <name>LT114-SG-223-0200-47+890</name>
      <description><![CDATA[Lat:  16.9452<br>Long: 104.5252]]></description>
      <styleUrl>#icon-1899-0288D1</styleUrl>
      <ExtendedData>
        <Data name="Lat">
          <value> 16.9452</value>
        </Data>
        <Data name="Long">
          <value>104.5252</value>
        </Data>
      </ExtendedData>
      <Point>
        <coordinates>
          104.5252,16.9452,0
        </coordinates>
      </Point>
    </Placemark>
    <Placemark>
      <name>LT115-SG-223-0200-47+935</name>
      <description><![CDATA[Lat:  16.9450<br>Long: 104.5254]]></description>
      <styleUrl>#icon-1899-0288D1</styleUrl>
      <ExtendedData>
        <Data name="Lat">
          <value> 16.9450</value>
        </Data>
        <Data name="Long">
          <value>104.5254</value>
        </Data>
      </ExtendedData>
      <Point>
        <coordinates>
          104.5254,16.945,0
        </coordinates>
      </Point>
    </Placemark>
    <Placemark>
      <name>LT116-SG-223-0200-47+980</name>
      <description><![CDATA[Lat:  16.9447<br>Long: 104.5257]]></description>
      <styleUrl>#icon-1899-0288D1</styleUrl>
      <ExtendedData>
        <Data name="Lat">
          <value> 16.9447</value>
        </Data>
        <Data name="Long">
          <value>104.5257</value>
        </Data>
      </ExtendedData>
      <Point>
        <coordinates>
          104.5257,16.9447,0
        </coordinates>
      </Point>
    </Placemark>
    <Placemark>
      <name>LT117-SG-223-0200-48+025</name>
      <description><![CDATA[Lat:  16.9444<br>Long: 104.5259]]></description>
      <styleUrl>#icon-1899-0288D1</styleUrl>
      <ExtendedData>
        <Data name="Lat">
          <value> 16.9444</value>
        </Data>
        <Data name="Long">
          <value>104.5259</value>
        </Data>
      </ExtendedData>
      <Point>
        <coordinates>
          104.5259,16.9444,0
        </coordinates>
      </Point>
    </Placemark>
    <Placemark>
      <name>LT118-SG-223-0200-48+070</name>
      <description><![CDATA[Lat: 16.9442<br>Long: 104.5261]]></description>
      <styleUrl>#icon-1899-0288D1</styleUrl>
      <ExtendedData>
        <Data name="Lat">
          <value>16.9442</value>
        </Data>
        <Data name="Long">
          <value>104.5261</value>
        </Data>
      </ExtendedData>
      <Point>
        <coordinates>
          104.5261,16.9442,0
        </coordinates>
      </Point>
    </Placemark>
    <Placemark>
      <name>LT119-SG-223-0200-48+115</name>
      <description><![CDATA[Lat:  16.9438<br>Long: 104.5263]]></description>
      <styleUrl>#icon-1899-0288D1</styleUrl>
      <ExtendedData>
        <Data name="Lat">
          <value> 16.9438</value>
        </Data>
        <Data name="Long">
          <value>104.5263</value>
        </Data>
      </ExtendedData>
      <Point>
        <coordinates>
          104.5263,16.9438,0
        </coordinates>
      </Point>
    </Placemark>
    <Placemark>
      <name>LT120-SG-223-0200-48+160</name>
      <description><![CDATA[Lat:  16.9436<br>Long: 104.5264]]></description>
      <styleUrl>#icon-1899-0288D1</styleUrl>
      <ExtendedData>
        <Data name="Lat">
          <value> 16.9436</value>
        </Data>
        <Data name="Long">
          <value>104.5264</value>
        </Data>
      </ExtendedData>
      <Point>
        <coordinates>
          104.5264,16.9436,0
        </coordinates>
      </Point>
    </Placemark>
    <Placemark>
      <name>LT121-SG-223-0200-48+205</name>
      <description><![CDATA[Lat:  16.9433<br>Long: 104.5265]]></description>
      <styleUrl>#icon-1899-0288D1</styleUrl>
      <ExtendedData>
        <Data name="Lat">
          <value> 16.9433</value>
        </Data>
        <Data name="Long">
          <value>104.5265</value>
        </Data>
      </ExtendedData>
      <Point>
        <coordinates>
          104.5265,16.9433,0
        </coordinates>
      </Point>
    </Placemark>
    <Placemark>
      <name>LT122-SG-223-0200-48+250</name>
      <description><![CDATA[Lat:  16.9430<br>Long: 104.5266]]></description>
      <styleUrl>#icon-1899-0288D1</styleUrl>
      <ExtendedData>
        <Data name="Lat">
          <value> 16.9430</value>
        </Data>
        <Data name="Long">
          <value>104.5266</value>
        </Data>
      </ExtendedData>
      <Point>
        <coordinates>
          104.5266,16.943,0
        </coordinates>
      </Point>
    </Placemark>
    <Placemark>
      <name>LT123-SG-223-0200-48+295</name>
      <description><![CDATA[Lat:  16.9427<br>Long: 104.5267]]></description>
      <styleUrl>#icon-1899-0288D1</styleUrl>
      <ExtendedData>
        <Data name="Lat">
          <value> 16.9427</value>
        </Data>
        <Data name="Long">
          <value>104.5267</value>
        </Data>
      </ExtendedData>
      <Point>
        <coordinates>
          104.5267,16.9427,0
        </coordinates>
      </Point>
    </Placemark>
    <Placemark>
      <name>LT124-SG-223-0200-48+340</name>
      <description><![CDATA[Lat:  16.9424<br>Long: 104.5268]]></description>
      <styleUrl>#icon-1899-0288D1</styleUrl>
      <ExtendedData>
        <Data name="Lat">
          <value> 16.9424</value>
        </Data>
        <Data name="Long">
          <value>104.5268</value>
        </Data>
      </ExtendedData>
      <Point>
        <coordinates>
          104.5268,16.9424,0
        </coordinates>
      </Point>
    </Placemark>
    <Placemark>
      <name>LT125-SG-223-0200-48+385</name>
      <description><![CDATA[Lat:  16.9420<br>Long: 104.5268]]></description>
      <styleUrl>#icon-1899-0288D1</styleUrl>
      <ExtendedData>
        <Data name="Lat">
          <value> 16.9420</value>
        </Data>
        <Data name="Long">
          <value>104.5268</value>
        </Data>
      </ExtendedData>
      <Point>
        <coordinates>
          104.5268,16.942,0
        </coordinates>
      </Point>
    </Placemark>
    <Placemark>
      <name>LT125-SG-223-0200-48+430</name>
      <description><![CDATA[Lat:  16.9417<br>Long: 104.5269]]></description>
      <styleUrl>#icon-1899-0288D1</styleUrl>
      <ExtendedData>
        <Data name="Lat">
          <value> 16.9417</value>
        </Data>
        <Data name="Long">
          <value>104.5269</value>
        </Data>
      </ExtendedData>
      <Point>
        <coordinates>
          104.5269,16.9417,0
        </coordinates>
      </Point>
    </Placemark>
    <Placemark>
      <name>LT126-SG-223-0200-48+475</name>
      <description><![CDATA[Lat:  16.9414<br>Long: 104.5271]]></description>
      <styleUrl>#icon-1899-0288D1</styleUrl>
      <ExtendedData>
        <Data name="Lat">
          <value> 16.9414</value>
        </Data>
        <Data name="Long">
          <value>104.5271</value>
        </Data>
      </ExtendedData>
      <Point>
        <coordinates>
          104.5271,16.9414,0
        </coordinates>
      </Point>
    </Placemark>
    <Placemark>
      <name>LT127-SG-223-0200-48+520</name>
      <description><![CDATA[Lat:  16.9411<br>Long: 104.5274]]></description>
      <styleUrl>#icon-1899-0288D1</styleUrl>
      <ExtendedData>
        <Data name="Lat">
          <value> 16.9411</value>
        </Data>
        <Data name="Long">
          <value>104.5274</value>
        </Data>
      </ExtendedData>
      <Point>
        <coordinates>
          104.5274,16.9411,0
        </coordinates>
      </Point>
    </Placemark>
    <Placemark>
      <name>LT128-SG-223-0200-48+565</name>
      <description><![CDATA[Lat:  16.9409<br>Long: 104.5276]]></description>
      <styleUrl>#icon-1899-0288D1</styleUrl>
      <ExtendedData>
        <Data name="Lat">
          <value> 16.9409</value>
        </Data>
        <Data name="Long">
          <value>104.5276</value>
        </Data>
      </ExtendedData>
      <Point>
        <coordinates>
          104.5276,16.9409,0
        </coordinates>
      </Point>
    </Placemark>
    <Placemark>
      <name>LT129-SG-223-0200-48+610</name>
      <description><![CDATA[Lat:  16.9407<br>Long: 104.5280]]></description>
      <styleUrl>#icon-1899-0288D1</styleUrl>
      <ExtendedData>
        <Data name="Lat">
          <value> 16.9407</value>
        </Data>
        <Data name="Long">
          <value>104.5280</value>
        </Data>
      </ExtendedData>
      <Point>
        <coordinates>
          104.528,16.9407,0
        </coordinates>
      </Point>
    </Placemark>
    <Placemark>
      <name>LT130-SG-223-0200-48+655</name>
      <description><![CDATA[Lat:  16.9415<br>Long: 104.5269]]></description>
      <styleUrl>#icon-1899-0288D1</styleUrl>
      <ExtendedData>
        <Data name="Lat">
          <value> 16.9415</value>
        </Data>
        <Data name="Long">
          <value>104.5269</value>
        </Data>
      </ExtendedData>
      <Point>
        <coordinates>
          104.5269,16.9415,0
        </coordinates>
      </Point>
    </Placemark>
    <Placemark>
      <name>LT131-SG-223-0200-48+700</name>
      <description><![CDATA[Lat:  16.9412<br>Long: 104.5269]]></description>
      <styleUrl>#icon-1899-0288D1</styleUrl>
      <ExtendedData>
        <Data name="Lat">
          <value> 16.9412</value>
        </Data>
        <Data name="Long">
          <value>104.5269</value>
        </Data>
      </ExtendedData>
      <Point>
        <coordinates>
          104.5269,16.9412,0
        </coordinates>
      </Point>
    </Placemark>
    <Placemark>
      <name>LT132-SG-223-0200-48+745</name>
      <description><![CDATA[Lat:  16.9409<br>Long: 104.5270]]></description>
      <styleUrl>#icon-1899-0288D1</styleUrl>
      <ExtendedData>
        <Data name="Lat">
          <value> 16.9409</value>
        </Data>
        <Data name="Long">
          <value>104.5270</value>
        </Data>
      </ExtendedData>
      <Point>
        <coordinates>
          104.527,16.9409,0
        </coordinates>
      </Point>
    </Placemark>
    <Placemark>
      <name>RT28-SG-223-0200-45+250</name>
      <description><![CDATA[Lat:  16.9559<br>Long: 104.4985]]></description>
      <styleUrl>#icon-1899-0288D1</styleUrl>
      <ExtendedData>
        <Data name="Lat">
          <value> 16.9559</value>
        </Data>
        <Data name="Long">
          <value>104.4985</value>
        </Data>
      </ExtendedData>
      <Point>
        <coordinates>
          104.4985,16.9559,0
        </coordinates>
      </Point>
    </Placemark>
    <Placemark>
      <name>RT29-SG-223-0200-45+295</name>
      <description><![CDATA[Lat:  16.9558<br>Long: 104.4988]]></description>
      <styleUrl>#icon-1899-0288D1</styleUrl>
      <ExtendedData>
        <Data name="Lat">
          <value> 16.9558</value>
        </Data>
        <Data name="Long">
          <value>104.4988</value>
        </Data>
      </ExtendedData>
      <Point>
        <coordinates>
          104.4988,16.9558,0
        </coordinates>
      </Point>
    </Placemark>
    <Placemark>
      <name>RT30-SG-223-0200-45+340</name>
      <description><![CDATA[Lat:  16.9558<br>Long: 104.4991]]></description>
      <styleUrl>#icon-1899-0288D1</styleUrl>
      <ExtendedData>
        <Data name="Lat">
          <value> 16.9558</value>
        </Data>
        <Data name="Long">
          <value>104.4991</value>
        </Data>
      </ExtendedData>
      <Point>
        <coordinates>
          104.4991,16.9558,0
        </coordinates>
      </Point>
    </Placemark>
    <Placemark>
      <name>RT31-SG-223-0200-45+385</name>
      <description><![CDATA[Lat:  16.9558<br>Long: 104.4995]]></description>
      <styleUrl>#icon-1899-0288D1</styleUrl>
      <ExtendedData>
        <Data name="Lat">
          <value> 16.9558</value>
        </Data>
        <Data name="Long">
          <value>104.4995</value>
        </Data>
      </ExtendedData>
      <Point>
        <coordinates>
          104.4995,16.9558,0
        </coordinates>
      </Point>
    </Placemark>
    <Placemark>
      <name>RT32-SG-223-0200-45+430</name>
      <description><![CDATA[Lat:  16.9557<br>Long: 104.4998]]></description>
      <styleUrl>#icon-1899-0288D1</styleUrl>
      <ExtendedData>
        <Data name="Lat">
          <value> 16.9557</value>
        </Data>
        <Data name="Long">
          <value>104.4998</value>
        </Data>
      </ExtendedData>
      <Point>
        <coordinates>
          104.4998,16.9557,0
        </coordinates>
      </Point>
    </Placemark>
    <Placemark>
      <name>RT33-SG-223-0200-45+475</name>
      <description><![CDATA[Lat:  16.9557<br>Long: 104.5001]]></description>
      <styleUrl>#icon-1899-0288D1</styleUrl>
      <ExtendedData>
        <Data name="Lat">
          <value> 16.9557</value>
        </Data>
        <Data name="Long">
          <value>104.5001</value>
        </Data>
      </ExtendedData>
      <Point>
        <coordinates>
          104.5001,16.9557,0
        </coordinates>
      </Point>
    </Placemark>
    <Placemark>
      <name>RT34-SG-223-0200-45+520</name>
      <description><![CDATA[Lat:  16.9557<br>Long: 104.5004]]></description>
      <styleUrl>#icon-1899-0288D1</styleUrl>
      <ExtendedData>
        <Data name="Lat">
          <value> 16.9557</value>
        </Data>
        <Data name="Long">
          <value>104.5004</value>
        </Data>
      </ExtendedData>
      <Point>
        <coordinates>
          104.5004,16.9557,0
        </coordinates>
      </Point>
    </Placemark>
    <Placemark>
      <name>RT35-SG-223-0200-45+565</name>
      <description><![CDATA[Lat:  16.9556<br>Long: 104.5008]]></description>
      <styleUrl>#icon-1899-0288D1</styleUrl>
      <ExtendedData>
        <Data name="Lat">
          <value> 16.9556</value>
        </Data>
        <Data name="Long">
          <value>104.5008</value>
        </Data>
      </ExtendedData>
      <Point>
        <coordinates>
          104.5008,16.9556,0
        </coordinates>
      </Point>
    </Placemark>
    <Placemark>
      <name>RT36-SG-223-0200-45+610</name>
      <description><![CDATA[Lat: 16.9556<br>Long: 104.5011]]></description>
      <styleUrl>#icon-1899-0288D1</styleUrl>
      <ExtendedData>
        <Data name="Lat">
          <value>16.9556</value>
        </Data>
        <Data name="Long">
          <value>104.5011</value>
        </Data>
      </ExtendedData>
      <Point>
        <coordinates>
          104.5011,16.9556,0
        </coordinates>
      </Point>
    </Placemark>
    <Placemark>
      <name>RT37-SG-223-0200-45+655</name>
      <description><![CDATA[Lat:  16.9556<br>Long: 104.5014]]></description>
      <styleUrl>#icon-1899-0288D1</styleUrl>
      <ExtendedData>
        <Data name="Lat">
          <value> 16.9556</value>
        </Data>
        <Data name="Long">
          <value>104.5014</value>
        </Data>
      </ExtendedData>
      <Point>
        <coordinates>
          104.5014,16.9556,0
        </coordinates>
      </Point>
    </Placemark>
    <Placemark>
      <name>RT38-SG-223-0200-45+700</name>
      <description><![CDATA[Lat:  16.9555<br>Long: 104.5018]]></description>
      <styleUrl>#icon-1899-0288D1</styleUrl>
      <ExtendedData>
        <Data name="Lat">
          <value> 16.9555</value>
        </Data>
        <Data name="Long">
          <value>104.5018</value>
        </Data>
      </ExtendedData>
      <Point>
        <coordinates>
          104.5018,16.9555,0
        </coordinates>
      </Point>
    </Placemark>
    <Placemark>
      <name>RT39-SG-223-0200-45+745</name>
      <description><![CDATA[Lat:  16.9555<br>Long: 104.5021]]></description>
      <styleUrl>#icon-1899-0288D1</styleUrl>
      <ExtendedData>
        <Data name="Lat">
          <value> 16.9555</value>
        </Data>
        <Data name="Long">
          <value>104.5021</value>
        </Data>
      </ExtendedData>
      <Point>
        <coordinates>
          104.5021,16.9555,0
        </coordinates>
      </Point>
    </Placemark>
    <Placemark>
      <name>RT40-SG-223-0200-45+790</name>
      <description><![CDATA[Lat: 16.9554<br>Long: 104.5024]]></description>
      <styleUrl>#icon-1899-0288D1</styleUrl>
      <ExtendedData>
        <Data name="Lat">
          <value>16.9554</value>
        </Data>
        <Data name="Long">
          <value>104.5024</value>
        </Data>
      </ExtendedData>
      <Point>
        <coordinates>
          104.5024,16.9554,0
        </coordinates>
      </Point>
    </Placemark>
    <Placemark>
      <name>RT41-SG-223-0200-45+835</name>
      <description><![CDATA[Lat:  16.9554<br>Long: 104.5028]]></description>
      <styleUrl>#icon-1899-0288D1</styleUrl>
      <ExtendedData>
        <Data name="Lat">
          <value> 16.9554</value>
        </Data>
        <Data name="Long">
          <value>104.5028</value>
        </Data>
      </ExtendedData>
      <Point>
        <coordinates>
          104.5028,16.9554,0
        </coordinates>
      </Point>
    </Placemark>
    <Placemark>
      <name>RT42-SG-223-0200-45+880</name>
      <description><![CDATA[Lat:  16.9554<br>Long: 104.5031]]></description>
      <styleUrl>#icon-1899-0288D1</styleUrl>
      <ExtendedData>
        <Data name="Lat">
          <value> 16.9554</value>
        </Data>
        <Data name="Long">
          <value>104.5031</value>
        </Data>
      </ExtendedData>
      <Point>
        <coordinates>
          104.5031,16.9554,0
        </coordinates>
      </Point>
    </Placemark>
    <Placemark>
      <name>RT43-SG-223-0200-45+925</name>
      <description><![CDATA[Lat:  16.9552<br>Long: 104.5033]]></description>
      <styleUrl>#icon-1899-0288D1</styleUrl>
      <ExtendedData>
        <Data name="Lat">
          <value> 16.9552</value>
        </Data>
        <Data name="Long">
          <value>104.5033</value>
        </Data>
      </ExtendedData>
      <Point>
        <coordinates>
          104.5033,16.9552,0
        </coordinates>
      </Point>
    </Placemark>
    <Placemark>
      <name>RT44-SG-223-0200-45+970</name>
      <description><![CDATA[Lat:  16.9554<br>Long: 104.5034]]></description>
      <styleUrl>#icon-1899-0288D1</styleUrl>
      <ExtendedData>
        <Data name="Lat">
          <value> 16.9554</value>
        </Data>
        <Data name="Long">
          <value>104.5034</value>
        </Data>
      </ExtendedData>
      <Point>
        <coordinates>
          104.5034,16.9554,0
        </coordinates>
      </Point>
    </Placemark>
    <Placemark>
      <name>RT45-SG-223-0200-46+015</name>
      <description><![CDATA[Lat:  16.9553<br>Long: 104.5037]]></description>
      <styleUrl>#icon-1899-0288D1</styleUrl>
      <ExtendedData>
        <Data name="Lat">
          <value> 16.9553</value>
        </Data>
        <Data name="Long">
          <value>104.5037</value>
        </Data>
      </ExtendedData>
      <Point>
        <coordinates>
          104.5037,16.9553,0
        </coordinates>
      </Point>
    </Placemark>
    <Placemark>
      <name>RT46-SG-223-0200-46+060</name>
      <description><![CDATA[Lat:  16.9552<br>Long: 104.5040]]></description>
      <styleUrl>#icon-1899-0288D1</styleUrl>
      <ExtendedData>
        <Data name="Lat">
          <value> 16.9552</value>
        </Data>
        <Data name="Long">
          <value>104.5040</value>
        </Data>
      </ExtendedData>
      <Point>
        <coordinates>
          104.504,16.9552,0
        </coordinates>
      </Point>
    </Placemark>
    <Placemark>
      <name>RT47-SG-223-0200-46+105</name>
      <description><![CDATA[Lat:  16.9551<br>Long: 104.5043]]></description>
      <styleUrl>#icon-1899-0288D1</styleUrl>
      <ExtendedData>
        <Data name="Lat">
          <value> 16.9551</value>
        </Data>
        <Data name="Long">
          <value>104.5043</value>
        </Data>
      </ExtendedData>
      <Point>
        <coordinates>
          104.5043,16.9551,0
        </coordinates>
      </Point>
    </Placemark>
    <Placemark>
      <name>RT48-SG-223-0200-46+150</name>
      <description><![CDATA[Lat:  16.9550<br>Long: 104.5046]]></description>
      <styleUrl>#icon-1899-0288D1</styleUrl>
      <ExtendedData>
        <Data name="Lat">
          <value> 16.9550</value>
        </Data>
        <Data name="Long">
          <value>104.5046</value>
        </Data>
      </ExtendedData>
      <Point>
        <coordinates>
          104.5046,16.955,0
        </coordinates>
      </Point>
    </Placemark>
    <Placemark>
      <name>RT49-SG-223-0200-46+195</name>
      <description><![CDATA[Lat: 16.9549<br>Long: 104.5049]]></description>
      <styleUrl>#icon-1899-0288D1</styleUrl>
      <ExtendedData>
        <Data name="Lat">
          <value>16.9549</value>
        </Data>
        <Data name="Long">
          <value>104.5049</value>
        </Data>
      </ExtendedData>
      <Point>
        <coordinates>
          104.5049,16.9549,0
        </coordinates>
      </Point>
    </Placemark>
    <Placemark>
      <name>RT50-SG-223-0200-46+240</name>
      <description><![CDATA[Lat:  16.9548<br>Long: 104.5053]]></description>
      <styleUrl>#icon-1899-0288D1</styleUrl>
      <ExtendedData>
        <Data name="Lat">
          <value> 16.9548</value>
        </Data>
        <Data name="Long">
          <value>104.5053</value>
        </Data>
      </ExtendedData>
      <Point>
        <coordinates>
          104.5053,16.9548,0
        </coordinates>
      </Point>
    </Placemark>
    <Placemark>
      <name>RT51-SG-223-0200-46+285</name>
      <description><![CDATA[Lat:  16.9547<br>Long: 104.5057]]></description>
      <styleUrl>#icon-1899-0288D1</styleUrl>
      <ExtendedData>
        <Data name="Lat">
          <value> 16.9547</value>
        </Data>
        <Data name="Long">
          <value>104.5057</value>
        </Data>
      </ExtendedData>
      <Point>
        <coordinates>
          104.5057,16.9547,0
        </coordinates>
      </Point>
    </Placemark>
    <Placemark>
      <name>RT52-SG-223-0200-46+330</name>
      <description><![CDATA[Lat:  16.9546<br>Long: 104.5060]]></description>
      <styleUrl>#icon-1899-0288D1</styleUrl>
      <ExtendedData>
        <Data name="Lat">
          <value> 16.9546</value>
        </Data>
        <Data name="Long">
          <value>104.5060</value>
        </Data>
      </ExtendedData>
      <Point>
        <coordinates>
          104.506,16.9546,0
        </coordinates>
      </Point>
    </Placemark>
    <Placemark>
      <name>RT54-SG-223-0200-46+375</name>
      <description><![CDATA[Lat: 16.9544<br>Long: 104.5067]]></description>
      <styleUrl>#icon-1899-0288D1</styleUrl>
      <ExtendedData>
        <Data name="Lat">
          <value>16.9544</value>
        </Data>
        <Data name="Long">
          <value>104.5067</value>
        </Data>
      </ExtendedData>
      <Point>
        <coordinates>
          104.5067,16.9544,0
        </coordinates>
      </Point>
    </Placemark>
    <Placemark>
      <name>RT55-SG-223-0200-46+420</name>
      <description><![CDATA[Lat:  16.9543<br>Long: 104.5071]]></description>
      <styleUrl>#icon-1899-0288D1</styleUrl>
      <ExtendedData>
        <Data name="Lat">
          <value> 16.9543</value>
        </Data>
        <Data name="Long">
          <value>104.5071</value>
        </Data>
      </ExtendedData>
      <Point>
        <coordinates>
          104.5071,16.9543,0
        </coordinates>
      </Point>
    </Placemark>
    <Placemark>
      <name>RT56-SG-223-0200-46+465</name>
      <description><![CDATA[Lat:  16.9542<br>Long: 104.5075]]></description>
      <styleUrl>#icon-1899-0288D1</styleUrl>
      <ExtendedData>
        <Data name="Lat">
          <value> 16.9542</value>
        </Data>
        <Data name="Long">
          <value>104.5075</value>
        </Data>
      </ExtendedData>
      <Point>
        <coordinates>
          104.5075,16.9542,0
        </coordinates>
      </Point>
    </Placemark>
    <Placemark>
      <name>RT57-SG-223-0200-46+510</name>
      <description><![CDATA[Lat:  16.9541<br>Long: 104.5079]]></description>
      <styleUrl>#icon-1899-0288D1</styleUrl>
      <ExtendedData>
        <Data name="Lat">
          <value> 16.9541</value>
        </Data>
        <Data name="Long">
          <value>104.5079</value>
        </Data>
      </ExtendedData>
      <Point>
        <coordinates>
          104.5079,16.9541,0
        </coordinates>
      </Point>
    </Placemark>
    <Placemark>
      <name>RT58-SG-223-0200-46+555</name>
      <description><![CDATA[Lat: 16.9540<br>Long: 104.5081]]></description>
      <styleUrl>#icon-1899-0288D1</styleUrl>
      <ExtendedData>
        <Data name="Lat">
          <value>16.9540</value>
        </Data>
        <Data name="Long">
          <value>104.5081</value>
        </Data>
      </ExtendedData>
      <Point>
        <coordinates>
          104.5081,16.954,0
        </coordinates>
      </Point>
    </Placemark>
    <Placemark>
      <name>RT59-SG-223-0200-46+600</name>
      <description><![CDATA[Lat:  16.9539<br>Long: 104.5085]]></description>
      <styleUrl>#icon-1899-0288D1</styleUrl>
      <ExtendedData>
        <Data name="Lat">
          <value> 16.9539</value>
        </Data>
        <Data name="Long">
          <value>104.5085</value>
        </Data>
      </ExtendedData>
      <Point>
        <coordinates>
          104.5085,16.9539,0
        </coordinates>
      </Point>
    </Placemark>
    <Placemark>
      <name>RT53-SG-223-0200-46+645</name>
      <description><![CDATA[Lat:  16.9545<br>Long: 104.5064]]></description>
      <styleUrl>#icon-1899-0288D1</styleUrl>
      <ExtendedData>
        <Data name="Lat">
          <value> 16.9545</value>
        </Data>
        <Data name="Long">
          <value>104.5064</value>
        </Data>
      </ExtendedData>
      <Point>
        <coordinates>
          104.5064,16.9545,0
        </coordinates>
      </Point>
    </Placemark>
    <Placemark>
      <name>RT60-SG-223-0200-46+690</name>
      <description><![CDATA[Lat:  16.9539<br>Long: 104.5089]]></description>
      <styleUrl>#icon-1899-0288D1</styleUrl>
      <ExtendedData>
        <Data name="Lat">
          <value> 16.9539</value>
        </Data>
        <Data name="Long">
          <value>104.5089</value>
        </Data>
      </ExtendedData>
      <Point>
        <coordinates>
          104.5089,16.9539,0
        </coordinates>
      </Point>
    </Placemark>
    <Placemark>
      <name>RT61-SG-223-0200-46+735</name>
      <description><![CDATA[Lat:  16.9538<br>Long: 104.5092]]></description>
      <styleUrl>#icon-1899-0288D1</styleUrl>
      <ExtendedData>
        <Data name="Lat">
          <value> 16.9538</value>
        </Data>
        <Data name="Long">
          <value>104.5092</value>
        </Data>
      </ExtendedData>
      <Point>
        <coordinates>
          104.5092,16.9538,0
        </coordinates>
      </Point>
    </Placemark>
    <Placemark>
      <name>RT62-SG-223-0200-46+780</name>
      <description><![CDATA[Lat:  16.9538<br>Long: 104.5096]]></description>
      <styleUrl>#icon-1899-0288D1</styleUrl>
      <ExtendedData>
        <Data name="Lat">
          <value> 16.9538</value>
        </Data>
        <Data name="Long">
          <value>104.5096</value>
        </Data>
      </ExtendedData>
      <Point>
        <coordinates>
          104.5096,16.9538,0
        </coordinates>
      </Point>
    </Placemark>
    <Placemark>
      <name>RT63-SG-223-0200-46+825</name>
      <description><![CDATA[Lat:  16.9537<br>Long: 104.5099]]></description>
      <styleUrl>#icon-1899-0288D1</styleUrl>
      <ExtendedData>
        <Data name="Lat">
          <value> 16.9537</value>
        </Data>
        <Data name="Long">
          <value>104.5099</value>
        </Data>
      </ExtendedData>
      <Point>
        <coordinates>
          104.5099,16.9537,0
        </coordinates>
      </Point>
    </Placemark>
    <Placemark>
      <name>RT64-SG-223-0200-46+870</name>
      <description><![CDATA[Lat:  16.9536<br>Long: 104.5103]]></description>
      <styleUrl>#icon-1899-0288D1</styleUrl>
      <ExtendedData>
        <Data name="Lat">
          <value> 16.9536</value>
        </Data>
        <Data name="Long">
          <value>104.5103</value>
        </Data>
      </ExtendedData>
      <Point>
        <coordinates>
          104.5103,16.9536,0
        </coordinates>
      </Point>
    </Placemark>
    <Placemark>
      <name>RT65-SG-223-0200-47+915</name>
      <description><![CDATA[Lat:  16.9450<br>Long: 104.5252]]></description>
      <styleUrl>#icon-1899-0288D1</styleUrl>
      <ExtendedData>
        <Data name="Lat">
          <value> 16.9450</value>
        </Data>
        <Data name="Long">
          <value>104.5252</value>
        </Data>
      </ExtendedData>
      <Point>
        <coordinates>
          104.5252,16.945,0
        </coordinates>
      </Point>
    </Placemark>
    <Placemark>
      <name>RT66-SG-223-0200-47+960</name>
      <description><![CDATA[Lat:  16.9447<br>Long: 104.5254]]></description>
      <styleUrl>#icon-1899-0288D1</styleUrl>
      <ExtendedData>
        <Data name="Lat">
          <value> 16.9447</value>
        </Data>
        <Data name="Long">
          <value>104.5254</value>
        </Data>
      </ExtendedData>
      <Point>
        <coordinates>
          104.5254,16.9447,0
        </coordinates>
      </Point>
    </Placemark>
    <Placemark>
      <name>RT67-SG-223-0200-48+005</name>
      <description><![CDATA[Lat:  16.9442<br>Long: 104.5258]]></description>
      <styleUrl>#icon-1899-0288D1</styleUrl>
      <ExtendedData>
        <Data name="Lat">
          <value> 16.9442</value>
        </Data>
        <Data name="Long">
          <value>104.5258</value>
        </Data>
      </ExtendedData>
      <Point>
        <coordinates>
          104.5258,16.9442,0
        </coordinates>
      </Point>
    </Placemark>
    <Placemark>
      <name>RT68-SG-223-0200-48+050</name>
      <description><![CDATA[Lat:  16.9439<br>Long: 104.5260]]></description>
      <styleUrl>#icon-1899-0288D1</styleUrl>
      <ExtendedData>
        <Data name="Lat">
          <value> 16.9439</value>
        </Data>
        <Data name="Long">
          <value>104.5260</value>
        </Data>
      </ExtendedData>
      <Point>
        <coordinates>
          104.526,16.9439,0
        </coordinates>
      </Point>
    </Placemark>
    <Placemark>
      <name>RT69-SG-223-0200-48+095</name>
      <description><![CDATA[Lat:  16.9437<br>Long: 104.5261]]></description>
      <styleUrl>#icon-1899-0288D1</styleUrl>
      <ExtendedData>
        <Data name="Lat">
          <value> 16.9437</value>
        </Data>
        <Data name="Long">
          <value>104.5261</value>
        </Data>
      </ExtendedData>
      <Point>
        <coordinates>
          104.5261,16.9437,0
        </coordinates>
      </Point>
    </Placemark>
    <Placemark>
      <name>RT70-SG-223-0200-48+140</name>
      <description><![CDATA[Lat: 16.9434<br>Long: 104.5262]]></description>
      <styleUrl>#icon-1899-0288D1</styleUrl>
      <ExtendedData>
        <Data name="Lat">
          <value>16.9434</value>
        </Data>
        <Data name="Long">
          <value>104.5262</value>
        </Data>
      </ExtendedData>
      <Point>
        <coordinates>
          104.5262,16.9434,0
        </coordinates>
      </Point>
    </Placemark>
    <Placemark>
      <name>RT71-SG-223-0200-48+185</name>
      <description><![CDATA[Lat:  16.9431<br>Long: 104.5263]]></description>
      <styleUrl>#icon-1899-0288D1</styleUrl>
      <ExtendedData>
        <Data name="Lat">
          <value> 16.9431</value>
        </Data>
        <Data name="Long">
          <value>104.5263</value>
        </Data>
      </ExtendedData>
      <Point>
        <coordinates>
          104.5263,16.9431,0
        </coordinates>
      </Point>
    </Placemark>
    <Placemark>
      <name>RT72-SG-223-0200-48+230</name>
      <description><![CDATA[Lat:  16.9428<br>Long: 104.5264]]></description>
      <styleUrl>#icon-1899-0288D1</styleUrl>
      <ExtendedData>
        <Data name="Lat">
          <value> 16.9428</value>
        </Data>
        <Data name="Long">
          <value>104.5264</value>
        </Data>
      </ExtendedData>
      <Point>
        <coordinates>
          104.5264,16.9428,0
        </coordinates>
      </Point>
    </Placemark>
    <Placemark>
      <name>RT73-SG-223-0200-48+275</name>
      <description><![CDATA[Lat:  16.9425<br>Long: 104.5265]]></description>
      <styleUrl>#icon-1899-0288D1</styleUrl>
      <ExtendedData>
        <Data name="Lat">
          <value> 16.9425</value>
        </Data>
        <Data name="Long">
          <value>104.5265</value>
        </Data>
      </ExtendedData>
      <Point>
        <coordinates>
          104.5265,16.9425,0
        </coordinates>
      </Point>
    </Placemark>
    <Placemark>
      <name>RT74-SG-223-0200-48+320</name>
      <description><![CDATA[Lat: 16.9421<br>Long: 104.5265]]></description>
      <styleUrl>#icon-1899-0288D1</styleUrl>
      <ExtendedData>
        <Data name="Lat">
          <value>16.9421</value>
        </Data>
        <Data name="Long">
          <value>104.5265</value>
        </Data>
      </ExtendedData>
      <Point>
        <coordinates>
          104.5265,16.9421,0
        </coordinates>
      </Point>
    </Placemark>
    <Placemark>
      <name>RT75-SG-223-0200-48+365</name>
      <description><![CDATA[Lat:  16.9419<br>Long: 104.5265]]></description>
      <styleUrl>#icon-1899-0288D1</styleUrl>
      <ExtendedData>
        <Data name="Lat">
          <value> 16.9419</value>
        </Data>
        <Data name="Long">
          <value>104.5265</value>
        </Data>
      </ExtendedData>
      <Point>
        <coordinates>
          104.5265,16.9419,0
        </coordinates>
      </Point>
    </Placemark>
    <Placemark>
      <name>RT76-SG-223-0200-48+410</name>
      <description><![CDATA[Lat:  16.9415<br>Long: 104.5266]]></description>
      <styleUrl>#icon-1899-0288D1</styleUrl>
      <ExtendedData>
        <Data name="Lat">
          <value> 16.9415</value>
        </Data>
        <Data name="Long">
          <value>104.5266</value>
        </Data>
      </ExtendedData>
      <Point>
        <coordinates>
          104.5266,16.9415,0
        </coordinates>
      </Point>
    </Placemark>
    <Placemark>
      <name>RT77-SG-223-0200-48+455</name>
      <description><![CDATA[Lat:  16.9412<br>Long: 104.5264]]></description>
      <styleUrl>#icon-1899-0288D1</styleUrl>
      <ExtendedData>
        <Data name="Lat">
          <value> 16.9412</value>
        </Data>
        <Data name="Long">
          <value>104.5264</value>
        </Data>
      </ExtendedData>
      <Point>
        <coordinates>
          104.5264,16.9412,0
        </coordinates>
      </Point>
    </Placemark>
    <Placemark>
      <name>RT78-SG-223-0200-48+500</name>
      <description><![CDATA[Lat:  16.9413<br>Long: 104.5267]]></description>
      <styleUrl>#icon-1899-0288D1</styleUrl>
      <ExtendedData>
        <Data name="Lat">
          <value> 16.9413</value>
        </Data>
        <Data name="Long">
          <value>104.5267</value>
        </Data>
      </ExtendedData>
      <Point>
        <coordinates>
          104.5267,16.9413,0
        </coordinates>
      </Point>
    </Placemark>
    <Placemark>
      <name>RT79-SG-223-0200-48+545</name>
      <description><![CDATA[Lat:  16.9410<br>Long: 104.5267]]></description>
      <styleUrl>#icon-1899-0288D1</styleUrl>
      <ExtendedData>
        <Data name="Lat">
          <value> 16.9410</value>
        </Data>
        <Data name="Long">
          <value>104.5267</value>
        </Data>
      </ExtendedData>
      <Point>
        <coordinates>
          104.5267,16.941,0
        </coordinates>
      </Point>
    </Placemark>
    <Placemark>
      <name>RT80-SG-223-0200-48+590</name>
      <description><![CDATA[Lat:  16.9406<br>Long: 104.5270]]></description>
      <styleUrl>#icon-1899-0288D1</styleUrl>
      <ExtendedData>
        <Data name="Lat">
          <value> 16.9406</value>
        </Data>
        <Data name="Long">
          <value>104.5270</value>
        </Data>
      </ExtendedData>
      <Point>
        <coordinates>
          104.527,16.9406,0
        </coordinates>
      </Point>
    </Placemark>
    <Placemark>
      <name>LT133-SG-223-0200-49+000</name>
      <description><![CDATA[Lat:  16.9409<br>Long: 104.5270]]></description>
      <styleUrl>#icon-1899-0288D1</styleUrl>
      <ExtendedData>
        <Data name="Lat">
          <value> 16.9409</value>
        </Data>
        <Data name="Long">
          <value>104.5270</value>
        </Data>
      </ExtendedData>
      <Point>
        <coordinates>
          104.527,16.9409,0
        </coordinates>
      </Point>
    </Placemark>
    <Placemark>
      <name>LT134-SG-223-0200-49+045</name>
      <description><![CDATA[Lat:  16.9408<br>Long: 104.5273]]></description>
      <styleUrl>#icon-1899-0288D1</styleUrl>
      <ExtendedData>
        <Data name="Lat">
          <value> 16.9408</value>
        </Data>
        <Data name="Long">
          <value>104.5273</value>
        </Data>
      </ExtendedData>
      <Point>
        <coordinates>
          104.5273,16.9408,0
        </coordinates>
      </Point>
    </Placemark>
    <Placemark>
      <name>LT135-SG-223-0200-49+090</name>
      <description><![CDATA[Lat:  16.9407<br>Long: 104.5276]]></description>
      <styleUrl>#icon-1899-0288D1</styleUrl>
      <ExtendedData>
        <Data name="Lat">
          <value> 16.9407</value>
        </Data>
        <Data name="Long">
          <value>104.5276</value>
        </Data>
      </ExtendedData>
      <Point>
        <coordinates>
          104.5276,16.9407,0
        </coordinates>
      </Point>
    </Placemark>
    <Placemark>
      <name>LT136-SG-223-0200-49+135</name>
      <description><![CDATA[Lat:  16.9406<br>Long: 104.5283]]></description>
      <styleUrl>#icon-1899-0288D1</styleUrl>
      <ExtendedData>
        <Data name="Lat">
          <value> 16.9406</value>
        </Data>
        <Data name="Long">
          <value>104.5283</value>
        </Data>
      </ExtendedData>
      <Point>
        <coordinates>
          104.5283,16.9406,0
        </coordinates>
      </Point>
    </Placemark>
    <Placemark>
      <name>LT137-SG-223-0200-49+180</name>
      <description><![CDATA[Lat:  16.9406<br>Long: 104.5287]]></description>
      <styleUrl>#icon-1899-0288D1</styleUrl>
      <ExtendedData>
        <Data name="Lat">
          <value> 16.9406</value>
        </Data>
        <Data name="Long">
          <value>104.5287</value>
        </Data>
      </ExtendedData>
      <Point>
        <coordinates>
          104.5287,16.9406,0
        </coordinates>
      </Point>
    </Placemark>
    <Placemark>
      <name>LT138-SG-223-0200-49+225</name>
      <description><![CDATA[Lat:  16.9405<br>Long: 104.5290]]></description>
      <styleUrl>#icon-1899-0288D1</styleUrl>
      <ExtendedData>
        <Data name="Lat">
          <value> 16.9405</value>
        </Data>
        <Data name="Long">
          <value>104.5290</value>
        </Data>
      </ExtendedData>
      <Point>
        <coordinates>
          104.529,16.9405,0
        </coordinates>
      </Point>
    </Placemark>
    <Placemark>
      <name>RT81-SG-223-0200-49+000</name>
      <description><![CDATA[Lat:  16.9406<br>Long: 104.5274]]></description>
      <styleUrl>#icon-1899-0288D1</styleUrl>
      <ExtendedData>
        <Data name="Lat">
          <value> 16.9406</value>
        </Data>
        <Data name="Long">
          <value>104.5274</value>
        </Data>
      </ExtendedData>
      <Point>
        <coordinates>
          104.5274,16.9406,0
        </coordinates>
      </Point>
    </Placemark>
    <Placemark>
      <name>RT82-SG-223-0200-49+045</name>
      <description><![CDATA[Lat: 16.9405<br>Long: 104.5277]]></description>
      <styleUrl>#icon-1899-0288D1</styleUrl>
      <ExtendedData>
        <Data name="Lat">
          <value>16.9405</value>
        </Data>
        <Data name="Long">
          <value>104.5277</value>
        </Data>
      </ExtendedData>
      <Point>
        <coordinates>
          104.5277,16.9405,0
        </coordinates>
      </Point>
    </Placemark>
    <Placemark>
      <name>RT83-SG-223-0200-49+090</name>
      <description><![CDATA[Lat:  16.9404<br>Long: 104.5281]]></description>
      <styleUrl>#icon-1899-0288D1</styleUrl>
      <ExtendedData>
        <Data name="Lat">
          <value> 16.9404</value>
        </Data>
        <Data name="Long">
          <value>104.5281</value>
        </Data>
      </ExtendedData>
      <Point>
        <coordinates>
          104.5281,16.9404,0
        </coordinates>
      </Point>
    </Placemark>
    <Placemark>
      <name>RT84-SG-223-0200-49+135</name>
      <description><![CDATA[Lat: 16.9403<br>Long: 104.5284]]></description>
      <styleUrl>#icon-1899-0288D1</styleUrl>
      <ExtendedData>
        <Data name="Lat">
          <value>16.9403</value>
        </Data>
        <Data name="Long">
          <value>104.5284</value>
        </Data>
      </ExtendedData>
      <Point>
        <coordinates>
          104.5284,16.9403,0
        </coordinates>
      </Point>
    </Placemark>
    <Placemark>
      <name>RT85-SG-223-0200-49+180</name>
      <description><![CDATA[Lat:  16.9403<br>Long: 104.5288]]></description>
      <styleUrl>#icon-1899-0288D1</styleUrl>
      <ExtendedData>
        <Data name="Lat">
          <value> 16.9403</value>
        </Data>
        <Data name="Long">
          <value>104.5288</value>
        </Data>
      </ExtendedData>
      <Point>
        <coordinates>
          104.5288,16.9403,0
        </coordinates>
      </Point>
    </Placemark>
    <Placemark>
      <name>RT86-SG-223-0200-49+225</name>
      <description><![CDATA[Lat:  16.9402<br>Long: 104.5291]]></description>
      <styleUrl>#icon-1899-0288D1</styleUrl>
      <ExtendedData>
        <Data name="Lat">
          <value> 16.9402</value>
        </Data>
        <Data name="Long">
          <value>104.5291</value>
        </Data>
      </ExtendedData>
      <Point>
        <coordinates>
          104.5291,16.9402,0
        </coordinates>
      </Point>
    </Placemark>
    <Placemark>
      <name>RT87-SG-223-0200-49+270</name>
      <description><![CDATA[Lat:  16.9401<br>Long: 104.5295]]></description>
      <styleUrl>#icon-1899-0288D1</styleUrl>
      <ExtendedData>
        <Data name="Lat">
          <value> 16.9401</value>
        </Data>
        <Data name="Long">
          <value>104.5295</value>
        </Data>
      </ExtendedData>
      <Point>
        <coordinates>
          104.5295,16.9401,0
        </coordinates>
      </Point>
    </Placemark>
    <Placemark>
      <name>RT88-SG-223-0200-49+315</name>
      <description><![CDATA[Lat:  16.9401<br>Long: 104.5298]]></description>
      <styleUrl>#icon-1899-0288D1</styleUrl>
      <ExtendedData>
        <Data name="Lat">
          <value> 16.9401</value>
        </Data>
        <Data name="Long">
          <value>104.5298</value>
        </Data>
      </ExtendedData>
      <Point>
        <coordinates>
          104.5298,16.9401,0
        </coordinates>
      </Point>
    </Placemark>
    <Placemark>
      <name>RT89-SG-223-0200-49+360</name>
      <description><![CDATA[Lat:  16.9400<br>Long: 104.5302]]></description>
      <styleUrl>#icon-1899-0288D1</styleUrl>
      <ExtendedData>
        <Data name="Lat">
          <value> 16.9400</value>
        </Data>
        <Data name="Long">
          <value>104.5302</value>
        </Data>
      </ExtendedData>
      <Point>
        <coordinates>
          104.5302,16.94,0
        </coordinates>
      </Point>
    </Placemark>
    <Placemark>
      <name>RT90-SG-223-0200-49+405</name>
      <description><![CDATA[Lat:  16.9399<br>Long: 104.5305]]></description>
      <styleUrl>#icon-1899-0288D1</styleUrl>
      <ExtendedData>
        <Data name="Lat">
          <value> 16.9399</value>
        </Data>
        <Data name="Long">
          <value>104.5305</value>
        </Data>
      </ExtendedData>
      <Point>
        <coordinates>
          104.5305,16.9399,0
        </coordinates>
      </Point>
    </Placemark>
    <Placemark>
      <name>MD20-DB-223-0200-49+405</name>
      <description><![CDATA[Lat:  16.9400<br>Long: 104.5305]]></description>
      <styleUrl>#icon-1899-0288D1</styleUrl>
      <ExtendedData>
        <Data name="Lat">
          <value> 16.9400</value>
        </Data>
        <Data name="Long">
          <value>104.5305</value>
        </Data>
      </ExtendedData>
      <Point>
        <coordinates>
          104.5305,16.94,0
        </coordinates>
      </Point>
    </Placemark>
    <Placemark>
      <name>MD21-DB-223-0200-49+450</name>
      <description><![CDATA[Lat:  16.9400<br>Long: 104.5308]]></description>
      <styleUrl>#icon-1899-0288D1</styleUrl>
      <ExtendedData>
        <Data name="Lat">
          <value> 16.9400</value>
        </Data>
        <Data name="Long">
          <value>104.5308</value>
        </Data>
      </ExtendedData>
      <Point>
        <coordinates>
          104.5308,16.94,0
        </coordinates>
      </Point>
    </Placemark>
    <Placemark>
      <name>MD22-DB-223-0200-49+495</name>
      <description><![CDATA[Lat:  16.9399<br>Long: 104.5311]]></description>
      <styleUrl>#icon-1899-0288D1</styleUrl>
      <ExtendedData>
        <Data name="Lat">
          <value> 16.9399</value>
        </Data>
        <Data name="Long">
          <value>104.5311</value>
        </Data>
      </ExtendedData>
      <Point>
        <coordinates>
          104.5311,16.9399,0
        </coordinates>
      </Point>
    </Placemark>
    <Placemark>
      <name>MD23-DB-223-0200-49+540</name>
      <description><![CDATA[Lat:  16.9398<br>Long: 104.5314]]></description>
      <styleUrl>#icon-1899-0288D1</styleUrl>
      <ExtendedData>
        <Data name="Lat">
          <value> 16.9398</value>
        </Data>
        <Data name="Long">
          <value>104.5314</value>
        </Data>
      </ExtendedData>
      <Point>
        <coordinates>
          104.5314,16.9398,0
        </coordinates>
      </Point>
    </Placemark>
    <Placemark>
      <name>MD24-DB-223-0200-49+585</name>
      <description><![CDATA[Lat:  16.9398<br>Long: 104.5317]]></description>
      <styleUrl>#icon-1899-0288D1</styleUrl>
      <ExtendedData>
        <Data name="Lat">
          <value> 16.9398</value>
        </Data>
        <Data name="Long">
          <value>104.5317</value>
        </Data>
      </ExtendedData>
      <Point>
        <coordinates>
          104.5317,16.9398,0
        </coordinates>
      </Point>
    </Placemark>
    <Placemark>
      <name>MD25-DB-223-0200-49+630</name>
      <description><![CDATA[Lat:  16.9397<br>Long: 104.5320]]></description>
      <styleUrl>#icon-1899-0288D1</styleUrl>
      <ExtendedData>
        <Data name="Lat">
          <value> 16.9397</value>
        </Data>
        <Data name="Long">
          <value>104.5320</value>
        </Data>
      </ExtendedData>
      <Point>
        <coordinates>
          104.532,16.9397,0
        </coordinates>
      </Point>
    </Placemark>
    <Placemark>
      <name>MD26-DB-223-0200-49+675</name>
      <description><![CDATA[Lat:  16.9396<br>Long: 104.5323]]></description>
      <styleUrl>#icon-1899-0288D1</styleUrl>
      <ExtendedData>
        <Data name="Lat">
          <value> 16.9396</value>
        </Data>
        <Data name="Long">
          <value>104.5323</value>
        </Data>
      </ExtendedData>
      <Point>
        <coordinates>
          104.5323,16.9396,0
        </coordinates>
      </Point>
    </Placemark>
    <Placemark>
      <name>MD27-DB-223-0200-49+720</name>
      <description><![CDATA[Lat:  16.9396<br>Long: 104.5326]]></description>
      <styleUrl>#icon-1899-0288D1</styleUrl>
      <ExtendedData>
        <Data name="Lat">
          <value> 16.9396</value>
        </Data>
        <Data name="Long">
          <value>104.5326</value>
        </Data>
      </ExtendedData>
      <Point>
        <coordinates>
          104.5326,16.9396,0
        </coordinates>
      </Point>
    </Placemark>
    <Placemark>
      <name>MD28-DB-223-0200-49+765</name>
      <description><![CDATA[Lat:  16.9395<br>Long: 104.5329]]></description>
      <styleUrl>#icon-1899-0288D1</styleUrl>
      <ExtendedData>
        <Data name="Lat">
          <value> 16.9395</value>
        </Data>
        <Data name="Long">
          <value>104.5329</value>
        </Data>
      </ExtendedData>
      <Point>
        <coordinates>
          104.5329,16.9395,0
        </coordinates>
      </Point>
    </Placemark>
    <Placemark>
      <name>MD29-DB-223-0200-49+810</name>
      <description><![CDATA[Lat: 16.9395<br>Long: 104.5332]]></description>
      <styleUrl>#icon-1899-0288D1</styleUrl>
      <ExtendedData>
        <Data name="Lat">
          <value>16.9395</value>
        </Data>
        <Data name="Long">
          <value>104.5332</value>
        </Data>
      </ExtendedData>
      <Point>
        <coordinates>
          104.5332,16.9395,0
        </coordinates>
      </Point>
    </Placemark>
    <Placemark>
      <name>MD30-DB-223-0200-49+855</name>
      <description><![CDATA[Lat:  16.9394<br>Long: 104.5335]]></description>
      <styleUrl>#icon-1899-0288D1</styleUrl>
      <ExtendedData>
        <Data name="Lat">
          <value> 16.9394</value>
        </Data>
        <Data name="Long">
          <value>104.5335</value>
        </Data>
      </ExtendedData>
      <Point>
        <coordinates>
          104.5335,16.9394,0
        </coordinates>
      </Point>
    </Placemark>
    <Placemark>
      <name>MD31-DB-223-0200-49+900</name>
      <description><![CDATA[Lat:  16.9393<br>Long: 104.5338]]></description>
      <styleUrl>#icon-1899-0288D1</styleUrl>
      <ExtendedData>
        <Data name="Lat">
          <value> 16.9393</value>
        </Data>
        <Data name="Long">
          <value>104.5338</value>
        </Data>
      </ExtendedData>
      <Point>
        <coordinates>
          104.5338,16.9393,0
        </coordinates>
      </Point>
    </Placemark>
    <Placemark>
      <name>MD32-DB-223-0200-49+945</name>
      <description><![CDATA[Lat:  16.9393<br>Long: 104.5340]]></description>
      <styleUrl>#icon-1899-0288D1</styleUrl>
      <ExtendedData>
        <Data name="Lat">
          <value> 16.9393</value>
        </Data>
        <Data name="Long">
          <value>104.5340</value>
        </Data>
      </ExtendedData>
      <Point>
        <coordinates>
          104.534,16.9393,0
        </coordinates>
      </Point>
    </Placemark>
    <Placemark>
      <name>MD33-DB-223-0200-49+990</name>
      <description><![CDATA[Lat:  16.9392<br>Long: 104.5343]]></description>
      <styleUrl>#icon-1899-0288D1</styleUrl>
      <ExtendedData>
        <Data name="Lat">
          <value> 16.9392</value>
        </Data>
        <Data name="Long">
          <value>104.5343</value>
        </Data>
      </ExtendedData>
      <Point>
        <coordinates>
          104.5343,16.9392,0
        </coordinates>
      </Point>
    </Placemark>
    <Placemark>
      <name>MD34-DB-223-0200-50+035</name>
      <description><![CDATA[Lat:  16.9392<br>Long: 104.5346]]></description>
      <styleUrl>#icon-1899-0288D1</styleUrl>
      <ExtendedData>
        <Data name="Lat">
          <value> 16.9392</value>
        </Data>
        <Data name="Long">
          <value>104.5346</value>
        </Data>
      </ExtendedData>
      <Point>
        <coordinates>
          104.5346,16.9392,0
        </coordinates>
      </Point>
    </Placemark>
    <Placemark>
      <name>MD35-DB-223-0200-50+080</name>
      <description><![CDATA[Lat: 16.9391<br>Long: 104.5350]]></description>
      <styleUrl>#icon-1899-0288D1</styleUrl>
      <ExtendedData>
        <Data name="Lat">
          <value>16.9391</value>
        </Data>
        <Data name="Long">
          <value>104.5350</value>
        </Data>
      </ExtendedData>
      <Point>
        <coordinates>
          104.535,16.9391,0
        </coordinates>
      </Point>
    </Placemark>
    <Placemark>
      <name>MD36-DB-223-0200-50+125</name>
      <description><![CDATA[Lat:  16.9390<br>Long: 104.5353]]></description>
      <styleUrl>#icon-1899-0288D1</styleUrl>
      <ExtendedData>
        <Data name="Lat">
          <value> 16.9390</value>
        </Data>
        <Data name="Long">
          <value>104.5353</value>
        </Data>
      </ExtendedData>
      <Point>
        <coordinates>
          104.5353,16.939,0
        </coordinates>
      </Point>
    </Placemark>
    <Placemark>
      <name>MD37-DB-223-0200-50+170</name>
      <description><![CDATA[Lat:  16.9390<br>Long: 104.5356]]></description>
      <styleUrl>#icon-1899-0288D1</styleUrl>
      <ExtendedData>
        <Data name="Lat">
          <value> 16.9390</value>
        </Data>
        <Data name="Long">
          <value>104.5356</value>
        </Data>
      </ExtendedData>
      <Point>
        <coordinates>
          104.5356,16.939,0
        </coordinates>
      </Point>
    </Placemark>
    <Placemark>
      <name>MD38-DB-223-0200-50+215</name>
      <description><![CDATA[Lat:  16.9388<br>Long: 104.5362]]></description>
      <styleUrl>#icon-1899-0288D1</styleUrl>
      <ExtendedData>
        <Data name="Lat">
          <value> 16.9388</value>
        </Data>
        <Data name="Long">
          <value>104.5362</value>
        </Data>
      </ExtendedData>
      <Point>
        <coordinates>
          104.5362,16.9388,0
        </coordinates>
      </Point>
    </Placemark>
    <Placemark>
      <name>MD39-DB-223-0200-50+260</name>
      <description><![CDATA[Lat:  16.9387<br>Long: 104.5368]]></description>
      <styleUrl>#icon-1899-0288D1</styleUrl>
      <ExtendedData>
        <Data name="Lat">
          <value> 16.9387</value>
        </Data>
        <Data name="Long">
          <value>104.5368</value>
        </Data>
      </ExtendedData>
      <Point>
        <coordinates>
          104.5368,16.9387,0
        </coordinates>
      </Point>
    </Placemark>
    <Placemark>
      <name>MD40-DB-223-0200-50+305</name>
      <description><![CDATA[Lat:  16.9387<br>Long: 104.5372]]></description>
      <styleUrl>#icon-1899-0288D1</styleUrl>
      <ExtendedData>
        <Data name="Lat">
          <value> 16.9387</value>
        </Data>
        <Data name="Long">
          <value>104.5372</value>
        </Data>
      </ExtendedData>
      <Point>
        <coordinates>
          104.5372,16.9387,0
        </coordinates>
      </Point>
    </Placemark>
    <Placemark>
      <name>MD41-DB-223-0200-50+350</name>
      <description><![CDATA[Lat: 16.9386<br>Long: 104.5375]]></description>
      <styleUrl>#icon-1899-0288D1</styleUrl>
      <ExtendedData>
        <Data name="Lat">
          <value>16.9386</value>
        </Data>
        <Data name="Long">
          <value>104.5375</value>
        </Data>
      </ExtendedData>
      <Point>
        <coordinates>
          104.5375,16.9386,0
        </coordinates>
      </Point>
    </Placemark>
    <Placemark>
      <name>MD42-DB-223-0200-50+395</name>
      <description><![CDATA[Lat:  16.9385<br>Long: 104.5378]]></description>
      <styleUrl>#icon-1899-0288D1</styleUrl>
      <ExtendedData>
        <Data name="Lat">
          <value> 16.9385</value>
        </Data>
        <Data name="Long">
          <value>104.5378</value>
        </Data>
      </ExtendedData>
      <Point>
        <coordinates>
          104.5378,16.9385,0
        </coordinates>
      </Point>
    </Placemark>
    <Placemark>
      <name>MD43-DB-223-0200-50+440</name>
      <description><![CDATA[Lat:  16.9385<br>Long: 104.5381]]></description>
      <styleUrl>#icon-1899-0288D1</styleUrl>
      <ExtendedData>
        <Data name="Lat">
          <value> 16.9385</value>
        </Data>
        <Data name="Long">
          <value>104.5381</value>
        </Data>
      </ExtendedData>
      <Point>
        <coordinates>
          104.5381,16.9385,0
        </coordinates>
      </Point>
    </Placemark>
    <Placemark>
      <name>MD44-DB-223-0200-50+485</name>
      <description><![CDATA[Lat:  16.9384<br>Long: 104.5384]]></description>
      <styleUrl>#icon-1899-0288D1</styleUrl>
      <ExtendedData>
        <Data name="Lat">
          <value> 16.9384</value>
        </Data>
        <Data name="Long">
          <value>104.5384</value>
        </Data>
      </ExtendedData>
      <Point>
        <coordinates>
          104.5384,16.9384,0
        </coordinates>
      </Point>
    </Placemark>
    <Placemark>
      <name>MD45-DB-223-0200-50+530</name>
      <description><![CDATA[Lat:  16.9383<br>Long: 104.5387]]></description>
      <styleUrl>#icon-1899-0288D1</styleUrl>
      <ExtendedData>
        <Data name="Lat">
          <value> 16.9383</value>
        </Data>
        <Data name="Long">
          <value>104.5387</value>
        </Data>
      </ExtendedData>
      <Point>
        <coordinates>
          104.5387,16.9383,0
        </coordinates>
      </Point>
    </Placemark>
    <Placemark>
      <name>MD46-DB-223-0200-50+575</name>
      <description><![CDATA[Lat:  16.9383<br>Long: 104.5390]]></description>
      <styleUrl>#icon-1899-0288D1</styleUrl>
      <ExtendedData>
        <Data name="Lat">
          <value> 16.9383</value>
        </Data>
        <Data name="Long">
          <value>104.5390</value>
        </Data>
      </ExtendedData>
      <Point>
        <coordinates>
          104.539,16.9383,0
        </coordinates>
      </Point>
    </Placemark>
    <Placemark>
      <name>MD47-DB-223-0200-50+620</name>
      <description><![CDATA[Lat:  16.9382<br>Long: 104.5393]]></description>
      <styleUrl>#icon-1899-0288D1</styleUrl>
      <ExtendedData>
        <Data name="Lat">
          <value> 16.9382</value>
        </Data>
        <Data name="Long">
          <value>104.5393</value>
        </Data>
      </ExtendedData>
      <Point>
        <coordinates>
          104.5393,16.9382,0
        </coordinates>
      </Point>
    </Placemark>
    <Placemark>
      <name>MD48-DB-223-0200-50+665</name>
      <description><![CDATA[Lat: 16.9382<br>Long: 104.5396]]></description>
      <styleUrl>#icon-1899-0288D1</styleUrl>
      <ExtendedData>
        <Data name="Lat">
          <value>16.9382</value>
        </Data>
        <Data name="Long">
          <value>104.5396</value>
        </Data>
      </ExtendedData>
      <Point>
        <coordinates>
          104.5396,16.9382,0
        </coordinates>
      </Point>
    </Placemark>
    <Placemark>
      <name>MD49-DB-223-0200-50+710</name>
      <description><![CDATA[Lat:  16.9381<br>Long: 104.5399]]></description>
      <styleUrl>#icon-1899-0288D1</styleUrl>
      <ExtendedData>
        <Data name="Lat">
          <value> 16.9381</value>
        </Data>
        <Data name="Long">
          <value>104.5399</value>
        </Data>
      </ExtendedData>
      <Point>
        <coordinates>
          104.5399,16.9381,0
        </coordinates>
      </Point>
    </Placemark>
    <Placemark>
      <name>MD50-DB-223-0200-50+755</name>
      <description><![CDATA[Lat: 16.9380<br>Long: 104.5402]]></description>
      <styleUrl>#icon-1899-0288D1</styleUrl>
      <ExtendedData>
        <Data name="Lat">
          <value>16.9380</value>
        </Data>
        <Data name="Long">
          <value>104.5402</value>
        </Data>
      </ExtendedData>
      <Point>
        <coordinates>
          104.5402,16.938,0
        </coordinates>
      </Point>
    </Placemark>
    <Placemark>
      <name>MD51-DB-223-0200-50+800</name>
      <description><![CDATA[Lat:  16.9380<br>Long: 104.5405]]></description>
      <styleUrl>#icon-1899-0288D1</styleUrl>
      <ExtendedData>
        <Data name="Lat">
          <value> 16.9380</value>
        </Data>
        <Data name="Long">
          <value>104.5405</value>
        </Data>
      </ExtendedData>
      <Point>
        <coordinates>
          104.5405,16.938,0
        </coordinates>
      </Point>
    </Placemark>
    <Placemark>
      <name>MD52-DB-223-0200-51+060</name>
      <description><![CDATA[Lat:  16.9375<br>Long: 104.5429]]></description>
      <styleUrl>#icon-1899-0288D1</styleUrl>
      <ExtendedData>
        <Data name="Lat">
          <value> 16.9375</value>
        </Data>
        <Data name="Long">
          <value>104.5429</value>
        </Data>
      </ExtendedData>
      <Point>
        <coordinates>
          104.5429,16.9375,0
        </coordinates>
      </Point>
    </Placemark>
    <Placemark>
      <name>MD53-DB-223-0200-51+105</name>
      <description><![CDATA[Lat:  16.9374<br>Long: 104.5432]]></description>
      <styleUrl>#icon-1899-0288D1</styleUrl>
      <ExtendedData>
        <Data name="Lat">
          <value> 16.9374</value>
        </Data>
        <Data name="Long">
          <value>104.5432</value>
        </Data>
      </ExtendedData>
      <Point>
        <coordinates>
          104.5432,16.9374,0
        </coordinates>
      </Point>
    </Placemark>
    <Placemark>
      <name>MD54-DB-223-0200-51+150</name>
      <description><![CDATA[Lat:  16.9373<br>Long: 104.5435]]></description>
      <styleUrl>#icon-1899-0288D1</styleUrl>
      <ExtendedData>
        <Data name="Lat">
          <value> 16.9373</value>
        </Data>
        <Data name="Long">
          <value>104.5435</value>
        </Data>
      </ExtendedData>
      <Point>
        <coordinates>
          104.5435,16.9373,0
        </coordinates>
      </Point>
    </Placemark>
    <Placemark>
      <name>MD55-DB-223-0200-51+195</name>
      <description><![CDATA[Lat: 16.9373<br>Long: 104.5438]]></description>
      <styleUrl>#icon-1899-0288D1</styleUrl>
      <ExtendedData>
        <Data name="Lat">
          <value>16.9373</value>
        </Data>
        <Data name="Long">
          <value>104.5438</value>
        </Data>
      </ExtendedData>
      <Point>
        <coordinates>
          104.5438,16.9373,0
        </coordinates>
      </Point>
    </Placemark>
    <Placemark>
      <name>MD56-DB-223-0200-51+240</name>
      <description><![CDATA[Lat:  16.9372<br>Long: 104.5441]]></description>
      <styleUrl>#icon-1899-0288D1</styleUrl>
      <ExtendedData>
        <Data name="Lat">
          <value> 16.9372</value>
        </Data>
        <Data name="Long">
          <value>104.5441</value>
        </Data>
      </ExtendedData>
      <Point>
        <coordinates>
          104.5441,16.9372,0
        </coordinates>
      </Point>
    </Placemark>
    <Placemark>
      <name>MD57-DB-223-0200-51+285</name>
      <description><![CDATA[Lat:  16.9371<br>Long: 104.5444]]></description>
      <styleUrl>#icon-1899-0288D1</styleUrl>
      <ExtendedData>
        <Data name="Lat">
          <value> 16.9371</value>
        </Data>
        <Data name="Long">
          <value>104.5444</value>
        </Data>
      </ExtendedData>
      <Point>
        <coordinates>
          104.5444,16.9371,0
        </coordinates>
      </Point>
    </Placemark>
    <Placemark>
      <name>MD58-DB-223-0200-51+330</name>
      <description><![CDATA[Lat:  16.9371<br>Long: 104.5447]]></description>
      <styleUrl>#icon-1899-0288D1</styleUrl>
      <ExtendedData>
        <Data name="Lat">
          <value> 16.9371</value>
        </Data>
        <Data name="Long">
          <value>104.5447</value>
        </Data>
      </ExtendedData>
      <Point>
        <coordinates>
          104.5447,16.9371,0
        </coordinates>
      </Point>
    </Placemark>
    <Placemark>
      <name>MD59-DB-223-0200-51+460</name>
      <description><![CDATA[Lat:  16.9368<br>Long: 104.5459]]></description>
      <styleUrl>#icon-1899-0288D1</styleUrl>
      <ExtendedData>
        <Data name="Lat">
          <value> 16.9368</value>
        </Data>
        <Data name="Long">
          <value>104.5459</value>
        </Data>
      </ExtendedData>
      <Point>
        <coordinates>
          104.5459,16.9368,0
        </coordinates>
      </Point>
    </Placemark>
    <Placemark>
      <name>MD60-DB-223-0200-52+005</name>
      <description><![CDATA[Lat:  16.9368<br>Long: 104.5462]]></description>
      <styleUrl>#icon-1899-0288D1</styleUrl>
      <ExtendedData>
        <Data name="Lat">
          <value> 16.9368</value>
        </Data>
        <Data name="Long">
          <value>104.5462</value>
        </Data>
      </ExtendedData>
      <Point>
        <coordinates>
          104.5462,16.9368,0
        </coordinates>
      </Point>
    </Placemark>
    <Placemark>
      <name>MD61-DB-223-0200-52+550</name>
      <description><![CDATA[Lat: 16.9367<br>Long: 104.5465]]></description>
      <styleUrl>#icon-1899-0288D1</styleUrl>
      <ExtendedData>
        <Data name="Lat">
          <value>16.9367</value>
        </Data>
        <Data name="Long">
          <value>104.5465</value>
        </Data>
      </ExtendedData>
      <Point>
        <coordinates>
          104.5465,16.9367,0
        </coordinates>
      </Point>
    </Placemark>
    <Placemark>
      <name>MD62-DB-223-0200-53+095</name>
      <description><![CDATA[Lat: 16.9366<br>Long: 104.5468]]></description>
      <styleUrl>#icon-1899-0288D1</styleUrl>
      <ExtendedData>
        <Data name="Lat">
          <value>16.9366</value>
        </Data>
        <Data name="Long">
          <value>104.5468</value>
        </Data>
      </ExtendedData>
      <Point>
        <coordinates>
          104.5468,16.9366,0
        </coordinates>
      </Point>
    </Placemark>
    <Placemark>
      <name>MD63-DB-223-0200-51+395</name>
      <description><![CDATA[Lat:  16.9361<br>Long: 104.5495]]></description>
      <styleUrl>#icon-1899-0288D1</styleUrl>
      <ExtendedData>
        <Data name="Lat">
          <value> 16.9361</value>
        </Data>
        <Data name="Long">
          <value>104.5495</value>
        </Data>
      </ExtendedData>
      <Point>
        <coordinates>
          104.5495,16.9361,0
        </coordinates>
      </Point>
    </Placemark>
    <Placemark>
      <name>MD64-DB-223-0200-51+440</name>
      <description><![CDATA[Lat:  16.9360<br>Long: 104.5498]]></description>
      <styleUrl>#icon-1899-0288D1</styleUrl>
      <ExtendedData>
        <Data name="Lat">
          <value> 16.9360</value>
        </Data>
        <Data name="Long">
          <value>104.5498</value>
        </Data>
      </ExtendedData>
      <Point>
        <coordinates>
          104.5498,16.936,0
        </coordinates>
      </Point>
    </Placemark>
    <Placemark>
      <name>MD65-DB-223-0200-51+485</name>
      <description><![CDATA[Lat:  16.9359<br>Long: 104.5502]]></description>
      <styleUrl>#icon-1899-0288D1</styleUrl>
      <ExtendedData>
        <Data name="Lat">
          <value> 16.9359</value>
        </Data>
        <Data name="Long">
          <value>104.5502</value>
        </Data>
      </ExtendedData>
      <Point>
        <coordinates>
          104.5502,16.9359,0
        </coordinates>
      </Point>
    </Placemark>
    <Placemark>
      <name>MD66-DB-223-0200-51+530</name>
      <description><![CDATA[Lat:  16.9359<br>Long: 104.5505]]></description>
      <styleUrl>#icon-1899-0288D1</styleUrl>
      <ExtendedData>
        <Data name="Lat">
          <value> 16.9359</value>
        </Data>
        <Data name="Long">
          <value>104.5505</value>
        </Data>
      </ExtendedData>
      <Point>
        <coordinates>
          104.5505,16.9359,0
        </coordinates>
      </Point>
    </Placemark>
    <Placemark>
      <name>MD67-DB-223-0200-51+575</name>
      <description><![CDATA[Lat:  16.9358<br>Long: 104.5508]]></description>
      <styleUrl>#icon-1899-0288D1</styleUrl>
      <ExtendedData>
        <Data name="Lat">
          <value> 16.9358</value>
        </Data>
        <Data name="Long">
          <value>104.5508</value>
        </Data>
      </ExtendedData>
      <Point>
        <coordinates>
          104.5508,16.9358,0
        </coordinates>
      </Point>
    </Placemark>
    <Placemark>
      <name>MD68-DB-223-0200-51+620</name>
      <description><![CDATA[Lat: 16.9358<br>Long: 104.5511]]></description>
      <styleUrl>#icon-1899-0288D1</styleUrl>
      <ExtendedData>
        <Data name="Lat">
          <value>16.9358</value>
        </Data>
        <Data name="Long">
          <value>104.5511</value>
        </Data>
      </ExtendedData>
      <Point>
        <coordinates>
          104.5511,16.9358,0
        </coordinates>
      </Point>
    </Placemark>
    <Placemark>
      <name>MD69-DB-223-0200-51+665</name>
      <description><![CDATA[Lat:  16.9357<br>Long: 104.5515]]></description>
      <styleUrl>#icon-1899-0288D1</styleUrl>
      <ExtendedData>
        <Data name="Lat">
          <value> 16.9357</value>
        </Data>
        <Data name="Long">
          <value>104.5515</value>
        </Data>
      </ExtendedData>
      <Point>
        <coordinates>
          104.5515,16.9357,0
        </coordinates>
      </Point>
    </Placemark>
    <Placemark>
      <name>MD70-DB-223-0200-51+710</name>
      <description><![CDATA[Lat: 16.9356<br>Long: 104.5518]]></description>
      <styleUrl>#icon-1899-0288D1</styleUrl>
      <ExtendedData>
        <Data name="Lat">
          <value>16.9356</value>
        </Data>
        <Data name="Long">
          <value>104.5518</value>
        </Data>
      </ExtendedData>
      <Point>
        <coordinates>
          104.5518,16.9356,0
        </coordinates>
      </Point>
    </Placemark>
    <Placemark>
      <name>MD71-DB-223-0200-51+755</name>
      <description><![CDATA[Lat:  16.9355<br>Long: 104.5521]]></description>
      <styleUrl>#icon-1899-0288D1</styleUrl>
      <ExtendedData>
        <Data name="Lat">
          <value> 16.9355</value>
        </Data>
        <Data name="Long">
          <value>104.5521</value>
        </Data>
      </ExtendedData>
      <Point>
        <coordinates>
          104.5521,16.9355,0
        </coordinates>
      </Point>
    </Placemark>
    <Placemark>
      <name>RT91-SG-223-0200-50+800</name>
      <description><![CDATA[Lat:  16.9378<br>Long: 104.5407]]></description>
      <styleUrl>#icon-1899-0288D1</styleUrl>
      <ExtendedData>
        <Data name="Lat">
          <value> 16.9378</value>
        </Data>
        <Data name="Long">
          <value>104.5407</value>
        </Data>
      </ExtendedData>
      <Point>
        <coordinates>
          104.5407,16.9378,0
        </coordinates>
      </Point>
    </Placemark>
    <Placemark>
      <name>RT92-SG-223-0200-50+845</name>
      <description><![CDATA[Lat:  16.9377<br>Long: 104.5410]]></description>
      <styleUrl>#icon-1899-0288D1</styleUrl>
      <ExtendedData>
        <Data name="Lat">
          <value> 16.9377</value>
        </Data>
        <Data name="Long">
          <value>104.5410</value>
        </Data>
      </ExtendedData>
      <Point>
        <coordinates>
          104.541,16.9377,0
        </coordinates>
      </Point>
    </Placemark>
    <Placemark>
      <name>RT93-SG-223-0200-50+935</name>
      <description><![CDATA[Lat:  16.9376<br>Long: 104.5418]]></description>
      <styleUrl>#icon-1899-0288D1</styleUrl>
      <ExtendedData>
        <Data name="Lat">
          <value> 16.9376</value>
        </Data>
        <Data name="Long">
          <value>104.5418</value>
        </Data>
      </ExtendedData>
      <Point>
        <coordinates>
          104.5418,16.9376,0
        </coordinates>
      </Point>
    </Placemark>
    <Placemark>
      <name>RT94-SG-223-0200-50+980</name>
      <description><![CDATA[Lat:  16.9375<br>Long: 104.5421]]></description>
      <styleUrl>#icon-1899-0288D1</styleUrl>
      <ExtendedData>
        <Data name="Lat">
          <value> 16.9375</value>
        </Data>
        <Data name="Long">
          <value>104.5421</value>
        </Data>
      </ExtendedData>
      <Point>
        <coordinates>
          104.5421,16.9375,0
        </coordinates>
      </Point>
    </Placemark>
    <Placemark>
      <name>RT95-SG-223-0200-51+025</name>
      <description><![CDATA[Lat:  16.9374<br>Long: 104.5425]]></description>
      <styleUrl>#icon-1899-0288D1</styleUrl>
      <ExtendedData>
        <Data name="Lat">
          <value> 16.9374</value>
        </Data>
        <Data name="Long">
          <value>104.5425</value>
        </Data>
      </ExtendedData>
      <Point>
        <coordinates>
          104.5425,16.9374,0
        </coordinates>
      </Point>
    </Placemark>
    <Placemark>
      <name>LT139-SG-223-0200-50+800</name>
      <description><![CDATA[Lat: 16.9380<br>Long: 104.5408]]></description>
      <styleUrl>#icon-1899-0288D1</styleUrl>
      <ExtendedData>
        <Data name="Lat">
          <value>16.9380</value>
        </Data>
        <Data name="Long">
          <value>104.5408</value>
        </Data>
      </ExtendedData>
      <Point>
        <coordinates>
          104.5408,16.938,0
        </coordinates>
      </Point>
    </Placemark>
    <Placemark>
      <name>LT140-SG-223-0200-50+845</name>
      <description><![CDATA[Lat:  16.9379<br>Long: 104.5411]]></description>
      <styleUrl>#icon-1899-0288D1</styleUrl>
      <ExtendedData>
        <Data name="Lat">
          <value> 16.9379</value>
        </Data>
        <Data name="Long">
          <value>104.5411</value>
        </Data>
      </ExtendedData>
      <Point>
        <coordinates>
          104.5411,16.9379,0
        </coordinates>
      </Point>
    </Placemark>
    <Placemark>
      <name>LT141-SG-223-0200-50+890</name>
      <description><![CDATA[Lat:  16.9379<br>Long: 104.5414]]></description>
      <styleUrl>#icon-1899-0288D1</styleUrl>
      <ExtendedData>
        <Data name="Lat">
          <value> 16.9379</value>
        </Data>
        <Data name="Long">
          <value>104.5414</value>
        </Data>
      </ExtendedData>
      <Point>
        <coordinates>
          104.5414,16.9379,0
        </coordinates>
      </Point>
    </Placemark>
    <Placemark>
      <name>LT142-SG-223-0200-50+935</name>
      <description><![CDATA[Lat:  16.9378<br>Long: 104.5417]]></description>
      <styleUrl>#icon-1899-0288D1</styleUrl>
      <ExtendedData>
        <Data name="Lat">
          <value> 16.9378</value>
        </Data>
        <Data name="Long">
          <value>104.5417</value>
        </Data>
      </ExtendedData>
      <Point>
        <coordinates>
          104.5417,16.9378,0
        </coordinates>
      </Point>
    </Placemark>
    <Placemark>
      <name>LT143-SG-223-0200-50+980</name>
      <description><![CDATA[Lat:  16.9378<br>Long: 104.5421]]></description>
      <styleUrl>#icon-1899-0288D1</styleUrl>
      <ExtendedData>
        <Data name="Lat">
          <value> 16.9378</value>
        </Data>
        <Data name="Long">
          <value>104.5421</value>
        </Data>
      </ExtendedData>
      <Point>
        <coordinates>
          104.5421,16.9378,0
        </coordinates>
      </Point>
    </Placemark>
    <Placemark>
      <name>LT144-SG-223-0200-51+025</name>
      <description><![CDATA[Lat:  16.9377<br>Long: 104.5425]]></description>
      <styleUrl>#icon-1899-0288D1</styleUrl>
      <ExtendedData>
        <Data name="Lat">
          <value> 16.9377</value>
        </Data>
        <Data name="Long">
          <value>104.5425</value>
        </Data>
      </ExtendedData>
      <Point>
        <coordinates>
          104.5425,16.9377,0
        </coordinates>
      </Point>
    </Placemark>
    <Placemark>
      <name>MD72-DB-223-0200-51+445</name>
      <description><![CDATA[Lat:  16.9347<br>Long: 104.5560]]></description>
      <styleUrl>#icon-1899-0288D1</styleUrl>
      <ExtendedData>
        <Data name="Lat">
          <value> 16.9347</value>
        </Data>
        <Data name="Long">
          <value>104.5560</value>
        </Data>
      </ExtendedData>
      <Point>
        <coordinates>
          104.556,16.9347,0
        </coordinates>
      </Point>
    </Placemark>
    <Placemark>
      <name>MD73-DB-223-0200-51+490</name>
      <description><![CDATA[Lat:  16.9347<br>Long: 104.5563]]></description>
      <styleUrl>#icon-1899-0288D1</styleUrl>
      <ExtendedData>
        <Data name="Lat">
          <value> 16.9347</value>
        </Data>
        <Data name="Long">
          <value>104.5563</value>
        </Data>
      </ExtendedData>
      <Point>
        <coordinates>
          104.5563,16.9347,0
        </coordinates>
      </Point>
    </Placemark>
    <Placemark>
      <name>MD74-DB-223-0200-51+535</name>
      <description><![CDATA[Lat:  16.9346<br>Long: 104.5566]]></description>
      <styleUrl>#icon-1899-0288D1</styleUrl>
      <ExtendedData>
        <Data name="Lat">
          <value> 16.9346</value>
        </Data>
        <Data name="Long">
          <value>104.5566</value>
        </Data>
      </ExtendedData>
      <Point>
        <coordinates>
          104.5566,16.9346,0
        </coordinates>
      </Point>
    </Placemark>
    <Placemark>
      <name>MD75-DB-223-0200-51+580</name>
      <description><![CDATA[Lat:  16.9345<br>Long: 104.5569]]></description>
      <styleUrl>#icon-1899-0288D1</styleUrl>
      <ExtendedData>
        <Data name="Lat">
          <value> 16.9345</value>
        </Data>
        <Data name="Long">
          <value>104.5569</value>
        </Data>
      </ExtendedData>
      <Point>
        <coordinates>
          104.5569,16.9345,0
        </coordinates>
      </Point>
    </Placemark>
    <Placemark>
      <name>MD76-DB-223-0200-51+625</name>
      <description><![CDATA[Lat:  16.9345<br>Long: 104.5572]]></description>
      <styleUrl>#icon-1899-0288D1</styleUrl>
      <ExtendedData>
        <Data name="Lat">
          <value> 16.9345</value>
        </Data>
        <Data name="Long">
          <value>104.5572</value>
        </Data>
      </ExtendedData>
      <Point>
        <coordinates>
          104.5572,16.9345,0
        </coordinates>
      </Point>
    </Placemark>
    <Placemark>
      <name>MD77-DB-223-0200-51+670</name>
      <description><![CDATA[Lat: 16.9344<br>Long: 104.5576]]></description>
      <styleUrl>#icon-1899-0288D1</styleUrl>
      <ExtendedData>
        <Data name="Lat">
          <value>16.9344</value>
        </Data>
        <Data name="Long">
          <value>104.5576</value>
        </Data>
      </ExtendedData>
      <Point>
        <coordinates>
          104.5576,16.9344,0
        </coordinates>
      </Point>
    </Placemark>
    <Placemark>
      <name>MD78-DB-223-0200-51+715</name>
      <description><![CDATA[Lat: 16.9343<br>Long: 104.5579]]></description>
      <styleUrl>#icon-1899-0288D1</styleUrl>
      <ExtendedData>
        <Data name="Lat">
          <value>16.9343</value>
        </Data>
        <Data name="Long">
          <value>104.5579</value>
        </Data>
      </ExtendedData>
      <Point>
        <coordinates>
          104.5579,16.9343,0
        </coordinates>
      </Point>
    </Placemark>
    <Placemark>
      <name>MD79-DB-223-0200-51+760</name>
      <description><![CDATA[Lat:  16.9343<br>Long: 104.5582]]></description>
      <styleUrl>#icon-1899-0288D1</styleUrl>
      <ExtendedData>
        <Data name="Lat">
          <value> 16.9343</value>
        </Data>
        <Data name="Long">
          <value>104.5582</value>
        </Data>
      </ExtendedData>
      <Point>
        <coordinates>
          104.5582,16.9343,0
        </coordinates>
      </Point>
    </Placemark>
    <Placemark>
      <name>MD80-DB-223-0200-51+805</name>
      <description><![CDATA[Lat:  16.9342<br>Long: 104.5585]]></description>
      <styleUrl>#icon-1899-0288D1</styleUrl>
      <ExtendedData>
        <Data name="Lat">
          <value> 16.9342</value>
        </Data>
        <Data name="Long">
          <value>104.5585</value>
        </Data>
      </ExtendedData>
      <Point>
        <coordinates>
          104.5585,16.9342,0
        </coordinates>
      </Point>
    </Placemark>
    <Placemark>
      <name>MD81-DB-223-0200-51+850</name>
      <description><![CDATA[Lat:  16.9341<br>Long: 104.5588]]></description>
      <styleUrl>#icon-1899-0288D1</styleUrl>
      <ExtendedData>
        <Data name="Lat">
          <value> 16.9341</value>
        </Data>
        <Data name="Long">
          <value>104.5588</value>
        </Data>
      </ExtendedData>
      <Point>
        <coordinates>
          104.5588,16.9341,0
        </coordinates>
      </Point>
    </Placemark>
    <Placemark>
      <name>MD82-DB-223-0200-51+895</name>
      <description><![CDATA[Lat:  16.9341<br>Long: 104.5592]]></description>
      <styleUrl>#icon-1899-0288D1</styleUrl>
      <ExtendedData>
        <Data name="Lat">
          <value> 16.9341</value>
        </Data>
        <Data name="Long">
          <value>104.5592</value>
        </Data>
      </ExtendedData>
      <Point>
        <coordinates>
          104.5592,16.9341,0
        </coordinates>
      </Point>
    </Placemark>
    <Placemark>
      <name>MD83-DB-223-0200-51+940</name>
      <description><![CDATA[Lat:  16.9340<br>Long: 104.5595]]></description>
      <styleUrl>#icon-1899-0288D1</styleUrl>
      <ExtendedData>
        <Data name="Lat">
          <value> 16.9340</value>
        </Data>
        <Data name="Long">
          <value>104.5595</value>
        </Data>
      </ExtendedData>
      <Point>
        <coordinates>
          104.5595,16.934,0
        </coordinates>
      </Point>
    </Placemark>
    <Placemark>
      <name>MD84-DB-223-0200-51+985</name>
      <description><![CDATA[Lat:  16.9339<br>Long: 104.5599]]></description>
      <styleUrl>#icon-1899-0288D1</styleUrl>
      <ExtendedData>
        <Data name="Lat">
          <value> 16.9339</value>
        </Data>
        <Data name="Long">
          <value>104.5599</value>
        </Data>
      </ExtendedData>
      <Point>
        <coordinates>
          104.5599,16.9339,0
        </coordinates>
      </Point>
    </Placemark>
    <Placemark>
      <name>MD85-DB-223-0200-52+030</name>
      <description><![CDATA[Lat:  16.9339<br>Long: 104.5602]]></description>
      <styleUrl>#icon-1899-0288D1</styleUrl>
      <ExtendedData>
        <Data name="Lat">
          <value> 16.9339</value>
        </Data>
        <Data name="Long">
          <value>104.5602</value>
        </Data>
      </ExtendedData>
      <Point>
        <coordinates>
          104.5602,16.9339,0
        </coordinates>
      </Point>
    </Placemark>
    <Placemark>
      <name>MD86-DB-223-0200-52+075</name>
      <description><![CDATA[Lat:  16.9338<br>Long: 104.5605]]></description>
      <styleUrl>#icon-1899-0288D1</styleUrl>
      <ExtendedData>
        <Data name="Lat">
          <value> 16.9338</value>
        </Data>
        <Data name="Long">
          <value>104.5605</value>
        </Data>
      </ExtendedData>
      <Point>
        <coordinates>
          104.5605,16.9338,0
        </coordinates>
      </Point>
    </Placemark>
    <Placemark>
      <name>MD87-DB-223-0200-52+120</name>
      <description><![CDATA[Lat:  16.9336<br>Long: 104.5612]]></description>
      <styleUrl>#icon-1899-0288D1</styleUrl>
      <ExtendedData>
        <Data name="Lat">
          <value> 16.9336</value>
        </Data>
        <Data name="Long">
          <value>104.5612</value>
        </Data>
      </ExtendedData>
      <Point>
        <coordinates>
          104.5612,16.9336,0
        </coordinates>
      </Point>
    </Placemark>
    <Placemark>
      <name>MD88-DB-223-0200-52+165</name>
      <description><![CDATA[Lat:  16.9336<br>Long: 104.5616]]></description>
      <styleUrl>#icon-1899-0288D1</styleUrl>
      <ExtendedData>
        <Data name="Lat">
          <value> 16.9336</value>
        </Data>
        <Data name="Long">
          <value>104.5616</value>
        </Data>
      </ExtendedData>
      <Point>
        <coordinates>
          104.5616,16.9336,0
        </coordinates>
      </Point>
    </Placemark>
    <Placemark>
      <name>MD89-DB-223-0200-52+210</name>
      <description><![CDATA[Lat: 16.9335<br>Long: 104.5619]]></description>
      <styleUrl>#icon-1899-0288D1</styleUrl>
      <ExtendedData>
        <Data name="Lat">
          <value>16.9335</value>
        </Data>
        <Data name="Long">
          <value>104.5619</value>
        </Data>
      </ExtendedData>
      <Point>
        <coordinates>
          104.5619,16.9335,0
        </coordinates>
      </Point>
    </Placemark>
    <Placemark>
      <name>MD90-DB-223-0200-52+255</name>
      <description><![CDATA[Lat:  16.9334<br>Long: 104.5622]]></description>
      <styleUrl>#icon-1899-0288D1</styleUrl>
      <ExtendedData>
        <Data name="Lat">
          <value> 16.9334</value>
        </Data>
        <Data name="Long">
          <value>104.5622</value>
        </Data>
      </ExtendedData>
      <Point>
        <coordinates>
          104.5622,16.9334,0
        </coordinates>
      </Point>
    </Placemark>
    <Placemark>
      <name>MD91-DB-223-0200-52+300</name>
      <description><![CDATA[Lat:  16.9333<br>Long: 104.5626]]></description>
      <styleUrl>#icon-1899-0288D1</styleUrl>
      <ExtendedData>
        <Data name="Lat">
          <value> 16.9333</value>
        </Data>
        <Data name="Long">
          <value>104.5626</value>
        </Data>
      </ExtendedData>
      <Point>
        <coordinates>
          104.5626,16.9333,0
        </coordinates>
      </Point>
    </Placemark>
    <Placemark>
      <name>MD92-DB-223-0200-52+345</name>
      <description><![CDATA[Lat:  16.9332<br>Long: 104.5632]]></description>
      <styleUrl>#icon-1899-0288D1</styleUrl>
      <ExtendedData>
        <Data name="Lat">
          <value> 16.9332</value>
        </Data>
        <Data name="Long">
          <value>104.5632</value>
        </Data>
      </ExtendedData>
      <Point>
        <coordinates>
          104.5632,16.9332,0
        </coordinates>
      </Point>
    </Placemark>
    <Placemark>
      <name>MD93-DB-223-0200-52+390</name>
      <description><![CDATA[Lat:  16.9331<br>Long: 104.5635]]></description>
      <styleUrl>#icon-1899-0288D1</styleUrl>
      <ExtendedData>
        <Data name="Lat">
          <value> 16.9331</value>
        </Data>
        <Data name="Long">
          <value>104.5635</value>
        </Data>
      </ExtendedData>
      <Point>
        <coordinates>
          104.5635,16.9331,0
        </coordinates>
      </Point>
    </Placemark>
    <Placemark>
      <name>MD94-DB-223-0200-52+435</name>
      <description><![CDATA[Lat:  16.9330<br>Long: 104.5638]]></description>
      <styleUrl>#icon-1899-0288D1</styleUrl>
      <ExtendedData>
        <Data name="Lat">
          <value> 16.9330</value>
        </Data>
        <Data name="Long">
          <value>104.5638</value>
        </Data>
      </ExtendedData>
      <Point>
        <coordinates>
          104.5638,16.933,0
        </coordinates>
      </Point>
    </Placemark>
    <Placemark>
      <name>MD95-DB-223-0200-52+480</name>
      <description><![CDATA[Lat:  16.9330<br>Long: 104.5642]]></description>
      <styleUrl>#icon-1899-0288D1</styleUrl>
      <ExtendedData>
        <Data name="Lat">
          <value> 16.9330</value>
        </Data>
        <Data name="Long">
          <value>104.5642</value>
        </Data>
      </ExtendedData>
      <Point>
        <coordinates>
          104.5642,16.933,0
        </coordinates>
      </Point>
    </Placemark>
    <Placemark>
      <name>MD96-DB-223-0200-52+525</name>
      <description><![CDATA[Lat:  16.9329<br>Long: 104.5645]]></description>
      <styleUrl>#icon-1899-0288D1</styleUrl>
      <ExtendedData>
        <Data name="Lat">
          <value> 16.9329</value>
        </Data>
        <Data name="Long">
          <value>104.5645</value>
        </Data>
      </ExtendedData>
      <Point>
        <coordinates>
          104.5645,16.9329,0
        </coordinates>
      </Point>
    </Placemark>
    <Placemark>
      <name>MD97-DB-223-0200-52+570</name>
      <description><![CDATA[Lat:  16.9328<br>Long: 104.5648]]></description>
      <styleUrl>#icon-1899-0288D1</styleUrl>
      <ExtendedData>
        <Data name="Lat">
          <value> 16.9328</value>
        </Data>
        <Data name="Long">
          <value>104.5648</value>
        </Data>
      </ExtendedData>
      <Point>
        <coordinates>
          104.5648,16.9328,0
        </coordinates>
      </Point>
    </Placemark>
    <Placemark>
      <name>MD98-DB-223-0200-52+615</name>
      <description><![CDATA[Lat:  16.9328<br>Long: 104.5651]]></description>
      <styleUrl>#icon-1899-0288D1</styleUrl>
      <ExtendedData>
        <Data name="Lat">
          <value> 16.9328</value>
        </Data>
        <Data name="Long">
          <value>104.5651</value>
        </Data>
      </ExtendedData>
      <Point>
        <coordinates>
          104.5651,16.9328,0
        </coordinates>
      </Point>
    </Placemark>
    <Placemark>
      <name>MD99-DB-223-0200-52+660</name>
      <description><![CDATA[Lat:  16.9327<br>Long: 104.5654]]></description>
      <styleUrl>#icon-1899-0288D1</styleUrl>
      <ExtendedData>
        <Data name="Lat">
          <value> 16.9327</value>
        </Data>
        <Data name="Long">
          <value>104.5654</value>
        </Data>
      </ExtendedData>
      <Point>
        <coordinates>
          104.5654,16.9327,0
        </coordinates>
      </Point>
    </Placemark>
    <Placemark>
      <name>RT96-SG-223-0200-52+995</name>
      <description><![CDATA[Lat:  16.9325<br>Long: 104.5657]]></description>
      <styleUrl>#icon-1899-0288D1</styleUrl>
      <ExtendedData>
        <Data name="Lat">
          <value> 16.9325</value>
        </Data>
        <Data name="Long">
          <value>104.5657</value>
        </Data>
      </ExtendedData>
      <Point>
        <coordinates>
          104.5657,16.9325,0
        </coordinates>
      </Point>
    </Placemark>
    <Placemark>
      <name>RT97-SG-223-0200-53+030</name>
      <description><![CDATA[Lat:  16.9324<br>Long: 104.5660]]></description>
      <styleUrl>#icon-1899-0288D1</styleUrl>
      <ExtendedData>
        <Data name="Lat">
          <value> 16.9324</value>
        </Data>
        <Data name="Long">
          <value>104.5660</value>
        </Data>
      </ExtendedData>
      <Point>
        <coordinates>
          104.566,16.9324,0
        </coordinates>
      </Point>
    </Placemark>
    <Placemark>
      <name>RT98-SG-223-0200-53+065</name>
      <description><![CDATA[Lat:  16.9324<br>Long: 104.5664]]></description>
      <styleUrl>#icon-1899-0288D1</styleUrl>
      <ExtendedData>
        <Data name="Lat">
          <value> 16.9324</value>
        </Data>
        <Data name="Long">
          <value>104.5664</value>
        </Data>
      </ExtendedData>
      <Point>
        <coordinates>
          104.5664,16.9324,0
        </coordinates>
      </Point>
    </Placemark>
    <Placemark>
      <name>LT145-SG-223-0200-53+415</name>
      <description><![CDATA[Lat:  16.9318<br>Long: 104.5696]]></description>
      <styleUrl>#icon-1899-0288D1</styleUrl>
      <ExtendedData>
        <Data name="Lat">
          <value> 16.9318</value>
        </Data>
        <Data name="Long">
          <value>104.5696</value>
        </Data>
      </ExtendedData>
      <Point>
        <coordinates>
          104.5696,16.9318,0
        </coordinates>
      </Point>
    </Placemark>
    <Placemark>
      <name>LT146-SG-223-0200-53+460</name>
      <description><![CDATA[Lat:  16.9317<br>Long: 104.5700]]></description>
      <styleUrl>#icon-1899-0288D1</styleUrl>
      <ExtendedData>
        <Data name="Lat">
          <value> 16.9317</value>
        </Data>
        <Data name="Long">
          <value>104.5700</value>
        </Data>
      </ExtendedData>
      <Point>
        <coordinates>
          104.57,16.9317,0
        </coordinates>
      </Point>
    </Placemark>
    <Placemark>
      <name>LT147-SG-223-0200-53+505</name>
      <description><![CDATA[Lat:  16.9316<br>Long: 104.5704]]></description>
      <styleUrl>#icon-1899-0288D1</styleUrl>
      <ExtendedData>
        <Data name="Lat">
          <value> 16.9316</value>
        </Data>
        <Data name="Long">
          <value>104.5704</value>
        </Data>
      </ExtendedData>
      <Point>
        <coordinates>
          104.5704,16.9316,0
        </coordinates>
      </Point>
    </Placemark>
    <Placemark>
      <name>LT148-SG-223-0200-53+550</name>
      <description><![CDATA[Lat:  16.9315<br>Long: 104.5708]]></description>
      <styleUrl>#icon-1899-0288D1</styleUrl>
      <ExtendedData>
        <Data name="Lat">
          <value> 16.9315</value>
        </Data>
        <Data name="Long">
          <value>104.5708</value>
        </Data>
      </ExtendedData>
      <Point>
        <coordinates>
          104.5708,16.9315,0
        </coordinates>
      </Point>
    </Placemark>
    <Placemark>
      <name>LT149-SG-223-0200-53+595</name>
      <description><![CDATA[Lat:  16.9314<br>Long: 104.5713]]></description>
      <styleUrl>#icon-1899-0288D1</styleUrl>
      <ExtendedData>
        <Data name="Lat">
          <value> 16.9314</value>
        </Data>
        <Data name="Long">
          <value>104.5713</value>
        </Data>
      </ExtendedData>
      <Point>
        <coordinates>
          104.5713,16.9314,0
        </coordinates>
      </Point>
    </Placemark>
    <Placemark>
      <name>LT150-SG-223-0200-53+640</name>
      <description><![CDATA[Lat: 16.9313<br>Long: 104.5717]]></description>
      <styleUrl>#icon-1899-0288D1</styleUrl>
      <ExtendedData>
        <Data name="Lat">
          <value>16.9313</value>
        </Data>
        <Data name="Long">
          <value>104.5717</value>
        </Data>
      </ExtendedData>
      <Point>
        <coordinates>
          104.5717,16.9313,0
        </coordinates>
      </Point>
    </Placemark>
    <Placemark>
      <name>LT151-SG-223-0200-53+685</name>
      <description><![CDATA[Lat:  16.9313<br>Long: 104.5720]]></description>
      <styleUrl>#icon-1899-0288D1</styleUrl>
      <ExtendedData>
        <Data name="Lat">
          <value> 16.9313</value>
        </Data>
        <Data name="Long">
          <value>104.5720</value>
        </Data>
      </ExtendedData>
      <Point>
        <coordinates>
          104.572,16.9313,0
        </coordinates>
      </Point>
    </Placemark>
    <Placemark>
      <name>LT152-SG-223-0200-53+730</name>
      <description><![CDATA[Lat:  16.9312<br>Long: 104.5724]]></description>
      <styleUrl>#icon-1899-0288D1</styleUrl>
      <ExtendedData>
        <Data name="Lat">
          <value> 16.9312</value>
        </Data>
        <Data name="Long">
          <value>104.5724</value>
        </Data>
      </ExtendedData>
      <Point>
        <coordinates>
          104.5724,16.9312,0
        </coordinates>
      </Point>
    </Placemark>
    <Placemark>
      <name>LT153-SG-223-0200-53+775</name>
      <description><![CDATA[Lat: 16.9311<br>Long: 104.5729]]></description>
      <styleUrl>#icon-1899-0288D1</styleUrl>
      <ExtendedData>
        <Data name="Lat">
          <value>16.9311</value>
        </Data>
        <Data name="Long">
          <value>104.5729</value>
        </Data>
      </ExtendedData>
      <Point>
        <coordinates>
          104.5729,16.9311,0
        </coordinates>
      </Point>
    </Placemark>
    <Placemark>
      <name>LT154-SG-223-0200-53+820</name>
      <description><![CDATA[Lat:  16.9310<br>Long: 104.5733]]></description>
      <styleUrl>#icon-1899-0288D1</styleUrl>
      <ExtendedData>
        <Data name="Lat">
          <value> 16.9310</value>
        </Data>
        <Data name="Long">
          <value>104.5733</value>
        </Data>
      </ExtendedData>
      <Point>
        <coordinates>
          104.5733,16.931,0
        </coordinates>
      </Point>
    </Placemark>
    <Placemark>
      <name>LT155-SG-223-0200-53+865</name>
      <description><![CDATA[Lat:  16.9309<br>Long: 104.5737]]></description>
      <styleUrl>#icon-1899-0288D1</styleUrl>
      <ExtendedData>
        <Data name="Lat">
          <value> 16.9309</value>
        </Data>
        <Data name="Long">
          <value>104.5737</value>
        </Data>
      </ExtendedData>
      <Point>
        <coordinates>
          104.5737,16.9309,0
        </coordinates>
      </Point>
    </Placemark>
    <Placemark>
      <name>LT156-SG-223-0200-53+910</name>
      <description><![CDATA[Lat: 16.9307<br>Long: 104.5745]]></description>
      <styleUrl>#icon-1899-0288D1</styleUrl>
      <ExtendedData>
        <Data name="Lat">
          <value>16.9307</value>
        </Data>
        <Data name="Long">
          <value>104.5745</value>
        </Data>
      </ExtendedData>
      <Point>
        <coordinates>
          104.5745,16.9307,0
        </coordinates>
      </Point>
    </Placemark>
    <Placemark>
      <name>RT99-G--223-0200-53+955</name>
      <description><![CDATA[Lat:  16.9305<br>Long: 104.5748]]></description>
      <styleUrl>#icon-1899-0288D1</styleUrl>
      <ExtendedData>
        <Data name="Lat">
          <value> 16.9305</value>
        </Data>
        <Data name="Long">
          <value>104.5748</value>
        </Data>
      </ExtendedData>
      <Point>
        <coordinates>
          104.5748,16.9305,0
        </coordinates>
      </Point>
    </Placemark>
    <Placemark>
      <name>RT100-SG-223-0200-54+000</name>
      <description><![CDATA[Lat: 16.9304<br>Long: 104.5752]]></description>
      <styleUrl>#icon-1899-0288D1</styleUrl>
      <ExtendedData>
        <Data name="Lat">
          <value>16.9304</value>
        </Data>
        <Data name="Long">
          <value>104.5752</value>
        </Data>
      </ExtendedData>
      <Point>
        <coordinates>
          104.5752,16.9304,0
        </coordinates>
      </Point>
    </Placemark>
    <Placemark>
      <name>RT101-SG-223-0200-54+045</name>
      <description><![CDATA[Lat:  16.9304<br>Long: 104.5755]]></description>
      <styleUrl>#icon-1899-0288D1</styleUrl>
      <ExtendedData>
        <Data name="Lat">
          <value> 16.9304</value>
        </Data>
        <Data name="Long">
          <value>104.5755</value>
        </Data>
      </ExtendedData>
      <Point>
        <coordinates>
          104.5755,16.9304,0
        </coordinates>
      </Point>
    </Placemark>
    <Placemark>
      <name>RT102-SG-223-0200-54+090</name>
      <description><![CDATA[Lat: 16.9303<br>Long: 104.5758]]></description>
      <styleUrl>#icon-1899-0288D1</styleUrl>
      <ExtendedData>
        <Data name="Lat">
          <value>16.9303</value>
        </Data>
        <Data name="Long">
          <value>104.5758</value>
        </Data>
      </ExtendedData>
      <Point>
        <coordinates>
          104.5758,16.9303,0
        </coordinates>
      </Point>
    </Placemark>
    <Placemark>
      <name>RT103-SG-223-0200-54+135</name>
      <description><![CDATA[Lat:  16.9302<br>Long: 104.5762]]></description>
      <styleUrl>#icon-1899-0288D1</styleUrl>
      <ExtendedData>
        <Data name="Lat">
          <value> 16.9302</value>
        </Data>
        <Data name="Long">
          <value>104.5762</value>
        </Data>
      </ExtendedData>
      <Point>
        <coordinates>
          104.5762,16.9302,0
        </coordinates>
      </Point>
    </Placemark>
    <Placemark>
      <name>RT104-SG-223-0200-54+180</name>
      <description><![CDATA[Lat:  16.9301<br>Long: 104.5765]]></description>
      <styleUrl>#icon-1899-0288D1</styleUrl>
      <ExtendedData>
        <Data name="Lat">
          <value> 16.9301</value>
        </Data>
        <Data name="Long">
          <value>104.5765</value>
        </Data>
      </ExtendedData>
      <Point>
        <coordinates>
          104.5765,16.9301,0
        </coordinates>
      </Point>
    </Placemark>
    <Placemark>
      <name>RT105-SG-223-0200-54+225</name>
      <description><![CDATA[Lat:  16.9301<br>Long: 104.5769]]></description>
      <styleUrl>#icon-1899-0288D1</styleUrl>
      <ExtendedData>
        <Data name="Lat">
          <value> 16.9301</value>
        </Data>
        <Data name="Long">
          <value>104.5769</value>
        </Data>
      </ExtendedData>
      <Point>
        <coordinates>
          104.5769,16.9301,0
        </coordinates>
      </Point>
    </Placemark>
    <Placemark>
      <name>RT106-SG-223-0200-54+270</name>
      <description><![CDATA[Lat:  16.9300<br>Long: 104.5772]]></description>
      <styleUrl>#icon-1899-0288D1</styleUrl>
      <ExtendedData>
        <Data name="Lat">
          <value> 16.9300</value>
        </Data>
        <Data name="Long">
          <value>104.5772</value>
        </Data>
      </ExtendedData>
      <Point>
        <coordinates>
          104.5772,16.93,0
        </coordinates>
      </Point>
    </Placemark>
    <Placemark>
      <name>RT107-SG-223-0200-54+315</name>
      <description><![CDATA[Lat:  16.9299<br>Long: 104.5776]]></description>
      <styleUrl>#icon-1899-0288D1</styleUrl>
      <ExtendedData>
        <Data name="Lat">
          <value> 16.9299</value>
        </Data>
        <Data name="Long">
          <value>104.5776</value>
        </Data>
      </ExtendedData>
      <Point>
        <coordinates>
          104.5776,16.9299,0
        </coordinates>
      </Point>
    </Placemark>
    <Placemark>
      <name>RT108-SG-223-0200-54+360</name>
      <description><![CDATA[Lat: 16.9298<br>Long: 104.5779]]></description>
      <styleUrl>#icon-1899-0288D1</styleUrl>
      <ExtendedData>
        <Data name="Lat">
          <value>16.9298</value>
        </Data>
        <Data name="Long">
          <value>104.5779</value>
        </Data>
      </ExtendedData>
      <Point>
        <coordinates>
          104.5779,16.9298,0
        </coordinates>
      </Point>
    </Placemark>
    <Placemark>
      <name>RT109-SG-223-0200-54+405</name>
      <description><![CDATA[Lat:  16.9297<br>Long: 104.5783]]></description>
      <styleUrl>#icon-1899-0288D1</styleUrl>
      <ExtendedData>
        <Data name="Lat">
          <value> 16.9297</value>
        </Data>
        <Data name="Long">
          <value>104.5783</value>
        </Data>
      </ExtendedData>
      <Point>
        <coordinates>
          104.5783,16.9297,0
        </coordinates>
      </Point>
    </Placemark>
    <Placemark>
      <name>RT110-SG-223-0200-54+450</name>
      <description><![CDATA[Lat: 16.9297<br>Long: 104.5786]]></description>
      <styleUrl>#icon-1899-0288D1</styleUrl>
      <ExtendedData>
        <Data name="Lat">
          <value>16.9297</value>
        </Data>
        <Data name="Long">
          <value>104.5786</value>
        </Data>
      </ExtendedData>
      <Point>
        <coordinates>
          104.5786,16.9297,0
        </coordinates>
      </Point>
    </Placemark>
    <Placemark>
      <name>RT111-SG-223-0200-54+495</name>
      <description><![CDATA[Lat:  16.9296<br>Long: 104.5789]]></description>
      <styleUrl>#icon-1899-0288D1</styleUrl>
      <ExtendedData>
        <Data name="Lat">
          <value> 16.9296</value>
        </Data>
        <Data name="Long">
          <value>104.5789</value>
        </Data>
      </ExtendedData>
      <Point>
        <coordinates>
          104.5789,16.9296,0
        </coordinates>
      </Point>
    </Placemark>
    <Placemark>
      <name>RT112-SG-223-0200-54+540</name>
      <description><![CDATA[Lat:  16.9295<br>Long: 104.5793]]></description>
      <styleUrl>#icon-1899-0288D1</styleUrl>
      <ExtendedData>
        <Data name="Lat">
          <value> 16.9295</value>
        </Data>
        <Data name="Long">
          <value>104.5793</value>
        </Data>
      </ExtendedData>
      <Point>
        <coordinates>
          104.5793,16.9295,0
        </coordinates>
      </Point>
    </Placemark>
    <Placemark>
      <name>RT113-SG-223-0200-54+585</name>
      <description><![CDATA[Lat:  16.9294<br>Long: 104.5796]]></description>
      <styleUrl>#icon-1899-0288D1</styleUrl>
      <ExtendedData>
        <Data name="Lat">
          <value> 16.9294</value>
        </Data>
        <Data name="Long">
          <value>104.5796</value>
        </Data>
      </ExtendedData>
      <Point>
        <coordinates>
          104.5796,16.9294,0
        </coordinates>
      </Point>
    </Placemark>
    <Placemark>
      <name>RT114-SG-223-0200-54+630</name>
      <description><![CDATA[Lat:  16.9294<br>Long: 104.5800]]></description>
      <styleUrl>#icon-1899-0288D1</styleUrl>
      <ExtendedData>
        <Data name="Lat">
          <value> 16.9294</value>
        </Data>
        <Data name="Long">
          <value>104.5800</value>
        </Data>
      </ExtendedData>
      <Point>
        <coordinates>
          104.58,16.9294,0
        </coordinates>
      </Point>
    </Placemark>
    <Placemark>
      <name>RT115-SG-223-0200-54+675</name>
      <description><![CDATA[Lat:  16.9293<br>Long: 104.5803]]></description>
      <styleUrl>#icon-1899-0288D1</styleUrl>
      <ExtendedData>
        <Data name="Lat">
          <value> 16.9293</value>
        </Data>
        <Data name="Long">
          <value>104.5803</value>
        </Data>
      </ExtendedData>
      <Point>
        <coordinates>
          104.5803,16.9293,0
        </coordinates>
      </Point>
    </Placemark>
    <Placemark>
      <name>RT116-SG-223-0200-54+720</name>
      <description><![CDATA[Lat:  16.9292<br>Long: 104.5807]]></description>
      <styleUrl>#icon-1899-0288D1</styleUrl>
      <ExtendedData>
        <Data name="Lat">
          <value> 16.9292</value>
        </Data>
        <Data name="Long">
          <value>104.5807</value>
        </Data>
      </ExtendedData>
      <Point>
        <coordinates>
          104.5807,16.9292,0
        </coordinates>
      </Point>
    </Placemark>
    <Placemark>
      <name>RT117-SG-223-0200-54+765</name>
      <description><![CDATA[Lat:  16.9292<br>Long: 104.5810]]></description>
      <styleUrl>#icon-1899-0288D1</styleUrl>
      <ExtendedData>
        <Data name="Lat">
          <value> 16.9292</value>
        </Data>
        <Data name="Long">
          <value>104.5810</value>
        </Data>
      </ExtendedData>
      <Point>
        <coordinates>
          104.581,16.9292,0
        </coordinates>
      </Point>
    </Placemark>
    <Placemark>
      <name>RT118-SG-223-0200-54+810</name>
      <description><![CDATA[Lat: 16.9291<br>Long: 104.5813]]></description>
      <styleUrl>#icon-1899-0288D1</styleUrl>
      <ExtendedData>
        <Data name="Lat">
          <value>16.9291</value>
        </Data>
        <Data name="Long">
          <value>104.5813</value>
        </Data>
      </ExtendedData>
      <Point>
        <coordinates>
          104.5813,16.9291,0
        </coordinates>
      </Point>
    </Placemark>
    <Placemark>
      <name>RT119-SG-223-0200-54+855</name>
      <description><![CDATA[Lat:  16.9290<br>Long: 104.5816]]></description>
      <styleUrl>#icon-1899-0288D1</styleUrl>
      <ExtendedData>
        <Data name="Lat">
          <value> 16.9290</value>
        </Data>
        <Data name="Long">
          <value>104.5816</value>
        </Data>
      </ExtendedData>
      <Point>
        <coordinates>
          104.5816,16.929,0
        </coordinates>
      </Point>
    </Placemark>
    <Placemark>
      <name>RT120-SG-223-0200-54+900</name>
      <description><![CDATA[Lat:  16.9289<br>Long: 104.5820]]></description>
      <styleUrl>#icon-1899-0288D1</styleUrl>
      <ExtendedData>
        <Data name="Lat">
          <value> 16.9289</value>
        </Data>
        <Data name="Long">
          <value>104.5820</value>
        </Data>
      </ExtendedData>
      <Point>
        <coordinates>
          104.582,16.9289,0
        </coordinates>
      </Point>
    </Placemark>
    <Placemark>
      <name>RT121-SG-223-0200-54+945</name>
      <description><![CDATA[Lat:  16.9288<br>Long: 104.5823]]></description>
      <styleUrl>#icon-1899-0288D1</styleUrl>
      <ExtendedData>
        <Data name="Lat">
          <value> 16.9288</value>
        </Data>
        <Data name="Long">
          <value>104.5823</value>
        </Data>
      </ExtendedData>
      <Point>
        <coordinates>
          104.5823,16.9288,0
        </coordinates>
      </Point>
    </Placemark>
    <Placemark>
      <name>RT122-SG-223-0200-54+990</name>
      <description><![CDATA[Lat:  16.9288<br>Long: 104.5826]]></description>
      <styleUrl>#icon-1899-0288D1</styleUrl>
      <ExtendedData>
        <Data name="Lat">
          <value> 16.9288</value>
        </Data>
        <Data name="Long">
          <value>104.5826</value>
        </Data>
      </ExtendedData>
      <Point>
        <coordinates>
          104.5826,16.9288,0
        </coordinates>
      </Point>
    </Placemark>
    <Placemark>
      <name>RT123-SG-223-0200-55+035</name>
      <description><![CDATA[Lat:  16.9287<br>Long: 104.5830]]></description>
      <styleUrl>#icon-1899-0288D1</styleUrl>
      <ExtendedData>
        <Data name="Lat">
          <value> 16.9287</value>
        </Data>
        <Data name="Long">
          <value>104.5830</value>
        </Data>
      </ExtendedData>
      <Point>
        <coordinates>
          104.583,16.9287,0
        </coordinates>
      </Point>
    </Placemark>
    <Placemark>
      <name>RT124-SG-223-0200-55+080</name>
      <description><![CDATA[Lat:  16.9285<br>Long: 104.5837]]></description>
      <styleUrl>#icon-1899-0288D1</styleUrl>
      <ExtendedData>
        <Data name="Lat">
          <value> 16.9285</value>
        </Data>
        <Data name="Long">
          <value>104.5837</value>
        </Data>
      </ExtendedData>
      <Point>
        <coordinates>
          104.5837,16.9285,0
        </coordinates>
      </Point>
    </Placemark>
    <Placemark>
      <name>RT125-SG-223-0200-55+125</name>
      <description><![CDATA[Lat:  16.9285<br>Long: 104.5840]]></description>
      <styleUrl>#icon-1899-0288D1</styleUrl>
      <ExtendedData>
        <Data name="Lat">
          <value> 16.9285</value>
        </Data>
        <Data name="Long">
          <value>104.5840</value>
        </Data>
      </ExtendedData>
      <Point>
        <coordinates>
          104.584,16.9285,0
        </coordinates>
      </Point>
    </Placemark>
    <Placemark>
      <name>RT126-SG-223-0200-55+170</name>
      <description><![CDATA[Lat: 16.9284<br>Long: 104.5843]]></description>
      <styleUrl>#icon-1899-0288D1</styleUrl>
      <ExtendedData>
        <Data name="Lat">
          <value>16.9284</value>
        </Data>
        <Data name="Long">
          <value>104.5843</value>
        </Data>
      </ExtendedData>
      <Point>
        <coordinates>
          104.5843,16.9284,0
        </coordinates>
      </Point>
    </Placemark>
    <Placemark>
      <name>LT157-SG-223-0200-55+215</name>
      <description><![CDATA[Lat:  16.9284<br>Long: 104.5850]]></description>
      <styleUrl>#icon-1899-0288D1</styleUrl>
      <ExtendedData>
        <Data name="Lat">
          <value> 16.9284</value>
        </Data>
        <Data name="Long">
          <value>104.5850</value>
        </Data>
      </ExtendedData>
      <Point>
        <coordinates>
          104.585,16.9284,0
        </coordinates>
      </Point>
    </Placemark>
    <Placemark>
      <name>LT158-SG-223-0200-55+260</name>
      <description><![CDATA[Lat:  16.9283<br>Long: 104.5854]]></description>
      <styleUrl>#icon-1899-0288D1</styleUrl>
      <ExtendedData>
        <Data name="Lat">
          <value> 16.9283</value>
        </Data>
        <Data name="Long">
          <value>104.5854</value>
        </Data>
      </ExtendedData>
      <Point>
        <coordinates>
          104.5854,16.9283,0
        </coordinates>
      </Point>
    </Placemark>
    <Placemark>
      <name>LT159-SG-223-0200-55+305</name>
      <description><![CDATA[Lat:  16.9282<br>Long: 104.5858]]></description>
      <styleUrl>#icon-1899-0288D1</styleUrl>
      <ExtendedData>
        <Data name="Lat">
          <value> 16.9282</value>
        </Data>
        <Data name="Long">
          <value>104.5858</value>
        </Data>
      </ExtendedData>
      <Point>
        <coordinates>
          104.5858,16.9282,0
        </coordinates>
      </Point>
    </Placemark>
    <Placemark>
      <name>LT160-SG-223-0200-55+365</name>
      <description><![CDATA[Lat:  16.9280<br>Long: 104.5864]]></description>
      <styleUrl>#icon-1899-0288D1</styleUrl>
      <ExtendedData>
        <Data name="Lat">
          <value> 16.9280</value>
        </Data>
        <Data name="Long">
          <value>104.5864</value>
        </Data>
      </ExtendedData>
      <Point>
        <coordinates>
          104.5864,16.928,0
        </coordinates>
      </Point>
    </Placemark>
    <Placemark>
      <name>LT161-SG-223-0200-55+410</name>
      <description><![CDATA[Lat:  16.9280<br>Long: 104.5868]]></description>
      <styleUrl>#icon-1899-0288D1</styleUrl>
      <ExtendedData>
        <Data name="Lat">
          <value> 16.9280</value>
        </Data>
        <Data name="Long">
          <value>104.5868</value>
        </Data>
      </ExtendedData>
      <Point>
        <coordinates>
          104.5868,16.928,0
        </coordinates>
      </Point>
    </Placemark>
    <Placemark>
      <name>LT162-SG-223-0200-55+455</name>
      <description><![CDATA[Lat:  16.9279<br>Long: 104.5872]]></description>
      <styleUrl>#icon-1899-0288D1</styleUrl>
      <ExtendedData>
        <Data name="Lat">
          <value> 16.9279</value>
        </Data>
        <Data name="Long">
          <value>104.5872</value>
        </Data>
      </ExtendedData>
      <Point>
        <coordinates>
          104.5872,16.9279,0
        </coordinates>
      </Point>
    </Placemark>
    <Placemark>
      <name>LT163-SG-223-0200-55+500</name>
      <description><![CDATA[Lat: 16.9278<br>Long: 104.5876]]></description>
      <styleUrl>#icon-1899-0288D1</styleUrl>
      <ExtendedData>
        <Data name="Lat">
          <value>16.9278</value>
        </Data>
        <Data name="Long">
          <value>104.5876</value>
        </Data>
      </ExtendedData>
      <Point>
        <coordinates>
          104.5876,16.9278,0
        </coordinates>
      </Point>
    </Placemark>
    <Placemark>
      <name>LT164-SG-223-0200-55+545</name>
      <description><![CDATA[Lat: 16.9277<br>Long: 104.5880]]></description>
      <styleUrl>#icon-1899-0288D1</styleUrl>
      <ExtendedData>
        <Data name="Lat">
          <value>16.9277</value>
        </Data>
        <Data name="Long">
          <value>104.5880</value>
        </Data>
      </ExtendedData>
      <Point>
        <coordinates>
          104.588,16.9277,0
        </coordinates>
      </Point>
    </Placemark>
    <Placemark>
      <name>LT165-SG-223-0200-55+590</name>
      <description><![CDATA[Lat:  16.9276<br>Long: 104.5883]]></description>
      <styleUrl>#icon-1899-0288D1</styleUrl>
      <ExtendedData>
        <Data name="Lat">
          <value> 16.9276</value>
        </Data>
        <Data name="Long">
          <value>104.5883</value>
        </Data>
      </ExtendedData>
      <Point>
        <coordinates>
          104.5883,16.9276,0
        </coordinates>
      </Point>
    </Placemark>
    <Placemark>
      <name>LT166-SG-223-0200-55+635</name>
      <description><![CDATA[Lat:  16.9275<br>Long: 104.5887]]></description>
      <styleUrl>#icon-1899-0288D1</styleUrl>
      <ExtendedData>
        <Data name="Lat">
          <value> 16.9275</value>
        </Data>
        <Data name="Long">
          <value>104.5887</value>
        </Data>
      </ExtendedData>
      <Point>
        <coordinates>
          104.5887,16.9275,0
        </coordinates>
      </Point>
    </Placemark>
    <Placemark>
      <name>LT167-SG-223-0200-55+680</name>
      <description><![CDATA[Lat:  16.9275<br>Long: 104.5891]]></description>
      <styleUrl>#icon-1899-0288D1</styleUrl>
      <ExtendedData>
        <Data name="Lat">
          <value> 16.9275</value>
        </Data>
        <Data name="Long">
          <value>104.5891</value>
        </Data>
      </ExtendedData>
      <Point>
        <coordinates>
          104.5891,16.9275,0
        </coordinates>
      </Point>
    </Placemark>
    <Placemark>
      <name>LT168-SG-223-0200-55+725</name>
      <description><![CDATA[Lat:  16.9274<br>Long: 104.5895]]></description>
      <styleUrl>#icon-1899-0288D1</styleUrl>
      <ExtendedData>
        <Data name="Lat">
          <value> 16.9274</value>
        </Data>
        <Data name="Long">
          <value>104.5895</value>
        </Data>
      </ExtendedData>
      <Point>
        <coordinates>
          104.5895,16.9274,0
        </coordinates>
      </Point>
    </Placemark>
    <Placemark>
      <name>LT169-SG-223-0200-55+770</name>
      <description><![CDATA[Lat:  16.9273<br>Long: 104.5899]]></description>
      <styleUrl>#icon-1899-0288D1</styleUrl>
      <ExtendedData>
        <Data name="Lat">
          <value> 16.9273</value>
        </Data>
        <Data name="Long">
          <value>104.5899</value>
        </Data>
      </ExtendedData>
      <Point>
        <coordinates>
          104.5899,16.9273,0
        </coordinates>
      </Point>
    </Placemark>
    <Placemark>
      <name>LT170-SG-223-0200-55+815</name>
      <description><![CDATA[Lat: 16.9272<br>Long: 104.5903]]></description>
      <styleUrl>#icon-1899-0288D1</styleUrl>
      <ExtendedData>
        <Data name="Lat">
          <value>16.9272</value>
        </Data>
        <Data name="Long">
          <value>104.5903</value>
        </Data>
      </ExtendedData>
      <Point>
        <coordinates>
          104.5903,16.9272,0
        </coordinates>
      </Point>
    </Placemark>
    <Placemark>
      <name>LT171-SG-223-0200-55+860</name>
      <description><![CDATA[Lat:  16.9271<br>Long: 104.5907]]></description>
      <styleUrl>#icon-1899-0288D1</styleUrl>
      <ExtendedData>
        <Data name="Lat">
          <value> 16.9271</value>
        </Data>
        <Data name="Long">
          <value>104.5907</value>
        </Data>
      </ExtendedData>
      <Point>
        <coordinates>
          104.5907,16.9271,0
        </coordinates>
      </Point>
    </Placemark>
    <Placemark>
      <name>LT172-SG-223-0200-55+905</name>
      <description><![CDATA[Lat:  16.9270<br>Long: 104.5910]]></description>
      <styleUrl>#icon-1899-0288D1</styleUrl>
      <ExtendedData>
        <Data name="Lat">
          <value> 16.9270</value>
        </Data>
        <Data name="Long">
          <value>104.5910</value>
        </Data>
      </ExtendedData>
      <Point>
        <coordinates>
          104.591,16.927,0
        </coordinates>
      </Point>
    </Placemark>
    <Placemark>
      <name>LT173-SG-223-0200-55+950</name>
      <description><![CDATA[Lat: 16.9269<br>Long: 104.5914]]></description>
      <styleUrl>#icon-1899-0288D1</styleUrl>
      <ExtendedData>
        <Data name="Lat">
          <value>16.9269</value>
        </Data>
        <Data name="Long">
          <value>104.5914</value>
        </Data>
      </ExtendedData>
      <Point>
        <coordinates>
          104.5914,16.9269,0
        </coordinates>
      </Point>
    </Placemark>
    <Placemark>
      <name>LT174-SG-223-0200-55+995</name>
      <description><![CDATA[Lat:  16.9269<br>Long: 104.5918]]></description>
      <styleUrl>#icon-1899-0288D1</styleUrl>
      <ExtendedData>
        <Data name="Lat">
          <value> 16.9269</value>
        </Data>
        <Data name="Long">
          <value>104.5918</value>
        </Data>
      </ExtendedData>
      <Point>
        <coordinates>
          104.5918,16.9269,0
        </coordinates>
      </Point>
    </Placemark>
    <Placemark>
      <name>LT175-SG-223-0200-56+040</name>
      <description><![CDATA[Lat:  16.9268<br>Long: 104.5922]]></description>
      <styleUrl>#icon-1899-0288D1</styleUrl>
      <ExtendedData>
        <Data name="Lat">
          <value> 16.9268</value>
        </Data>
        <Data name="Long">
          <value>104.5922</value>
        </Data>
      </ExtendedData>
      <Point>
        <coordinates>
          104.5922,16.9268,0
        </coordinates>
      </Point>
    </Placemark>
    <Placemark>
      <name>LT176-SG-223-0200-56+085</name>
      <description><![CDATA[Lat:  16.9267<br>Long: 104.5926]]></description>
      <styleUrl>#icon-1899-0288D1</styleUrl>
      <ExtendedData>
        <Data name="Lat">
          <value> 16.9267</value>
        </Data>
        <Data name="Long">
          <value>104.5926</value>
        </Data>
      </ExtendedData>
      <Point>
        <coordinates>
          104.5926,16.9267,0
        </coordinates>
      </Point>
    </Placemark>
    <Placemark>
      <name>LT177-SG-223-0200-56+130</name>
      <description><![CDATA[Lat:  16.9266<br>Long: 104.5930]]></description>
      <styleUrl>#icon-1899-0288D1</styleUrl>
      <ExtendedData>
        <Data name="Lat">
          <value> 16.9266</value>
        </Data>
        <Data name="Long">
          <value>104.5930</value>
        </Data>
      </ExtendedData>
      <Point>
        <coordinates>
          104.593,16.9266,0
        </coordinates>
      </Point>
    </Placemark>
    <Placemark>
      <name>LT178-SG-223-0200-56+175</name>
      <description><![CDATA[Lat:  16.9265<br>Long: 104.5933]]></description>
      <styleUrl>#icon-1899-0288D1</styleUrl>
      <ExtendedData>
        <Data name="Lat">
          <value> 16.9265</value>
        </Data>
        <Data name="Long">
          <value>104.5933</value>
        </Data>
      </ExtendedData>
      <Point>
        <coordinates>
          104.5933,16.9265,0
        </coordinates>
      </Point>
    </Placemark>
    <Placemark>
      <name>LT179-SG-223-0200-56+220</name>
      <description><![CDATA[Lat:  16.9264<br>Long: 104.5938]]></description>
      <styleUrl>#icon-1899-0288D1</styleUrl>
      <ExtendedData>
        <Data name="Lat">
          <value> 16.9264</value>
        </Data>
        <Data name="Long">
          <value>104.5938</value>
        </Data>
      </ExtendedData>
      <Point>
        <coordinates>
          104.5938,16.9264,0
        </coordinates>
      </Point>
    </Placemark>
    <Placemark>
      <name>LT180-SG-223-0200-56+265</name>
      <description><![CDATA[Lat:  16.9263<br>Long: 104.5943]]></description>
      <styleUrl>#icon-1899-0288D1</styleUrl>
      <ExtendedData>
        <Data name="Lat">
          <value> 16.9263</value>
        </Data>
        <Data name="Long">
          <value>104.5943</value>
        </Data>
      </ExtendedData>
      <Point>
        <coordinates>
          104.5943,16.9263,0
        </coordinates>
      </Point>
    </Placemark>
    <Placemark>
      <name>LT181-SG-223-0200-56+310</name>
      <description><![CDATA[Lat:  16.9261<br>Long: 104.5949]]></description>
      <styleUrl>#icon-1899-0288D1</styleUrl>
      <ExtendedData>
        <Data name="Lat">
          <value> 16.9261</value>
        </Data>
        <Data name="Long">
          <value>104.5949</value>
        </Data>
      </ExtendedData>
      <Point>
        <coordinates>
          104.5949,16.9261,0
        </coordinates>
      </Point>
    </Placemark>
    <Placemark>
      <name>LT182-SG-223-0200-56+355</name>
      <description><![CDATA[Lat:  16.9260<br>Long: 104.5954]]></description>
      <styleUrl>#icon-1899-0288D1</styleUrl>
      <ExtendedData>
        <Data name="Lat">
          <value> 16.9260</value>
        </Data>
        <Data name="Long">
          <value>104.5954</value>
        </Data>
      </ExtendedData>
      <Point>
        <coordinates>
          104.5954,16.926,0
        </coordinates>
      </Point>
    </Placemark>
    <Placemark>
      <name>LT183-SG-223-0200-56+400</name>
      <description><![CDATA[Lat:  16.9259<br>Long: 104.5958]]></description>
      <styleUrl>#icon-1899-0288D1</styleUrl>
      <ExtendedData>
        <Data name="Lat">
          <value> 16.9259</value>
        </Data>
        <Data name="Long">
          <value>104.5958</value>
        </Data>
      </ExtendedData>
      <Point>
        <coordinates>
          104.5958,16.9259,0
        </coordinates>
      </Point>
    </Placemark>
    <Placemark>
      <name>LT184-SG-223-0200-56+445</name>
      <description><![CDATA[Lat:  16.9258<br>Long: 104.5962]]></description>
      <styleUrl>#icon-1899-0288D1</styleUrl>
      <ExtendedData>
        <Data name="Lat">
          <value> 16.9258</value>
        </Data>
        <Data name="Long">
          <value>104.5962</value>
        </Data>
      </ExtendedData>
      <Point>
        <coordinates>
          104.5962,16.9258,0
        </coordinates>
      </Point>
    </Placemark>
    <Placemark>
      <name>LT185-SG-223-0200-56+490</name>
      <description><![CDATA[Lat:  16.9257<br>Long: 104.5966]]></description>
      <styleUrl>#icon-1899-0288D1</styleUrl>
      <ExtendedData>
        <Data name="Lat">
          <value> 16.9257</value>
        </Data>
        <Data name="Long">
          <value>104.5966</value>
        </Data>
      </ExtendedData>
      <Point>
        <coordinates>
          104.5966,16.9257,0
        </coordinates>
      </Point>
    </Placemark>
    <Placemark>
      <name>LT186-SG-223-0200-56+535</name>
      <description><![CDATA[Lat:  16.9256<br>Long: 104.5971]]></description>
      <styleUrl>#icon-1899-0288D1</styleUrl>
      <ExtendedData>
        <Data name="Lat">
          <value> 16.9256</value>
        </Data>
        <Data name="Long">
          <value>104.5971</value>
        </Data>
      </ExtendedData>
      <Point>
        <coordinates>
          104.5971,16.9256,0
        </coordinates>
      </Point>
    </Placemark>
    <Placemark>
      <name>LT187-SG-223-0200-56+580</name>
      <description><![CDATA[Lat:  16.9255<br>Long: 104.5975]]></description>
      <styleUrl>#icon-1899-0288D1</styleUrl>
      <ExtendedData>
        <Data name="Lat">
          <value> 16.9255</value>
        </Data>
        <Data name="Long">
          <value>104.5975</value>
        </Data>
      </ExtendedData>
      <Point>
        <coordinates>
          104.5975,16.9255,0
        </coordinates>
      </Point>
    </Placemark>
    <Placemark>
      <name>LT188-SG-223-0200-56+625</name>
      <description><![CDATA[Lat:  16.9254<br>Long: 104.5979]]></description>
      <styleUrl>#icon-1899-0288D1</styleUrl>
      <ExtendedData>
        <Data name="Lat">
          <value> 16.9254</value>
        </Data>
        <Data name="Long">
          <value>104.5979</value>
        </Data>
      </ExtendedData>
      <Point>
        <coordinates>
          104.5979,16.9254,0
        </coordinates>
      </Point>
    </Placemark>
    <Placemark>
      <name>RT127-SG-223-0200-55+365</name>
      <description><![CDATA[Lat: 16.9279<br>Long: 104.5863]]></description>
      <styleUrl>#icon-1899-0288D1</styleUrl>
      <ExtendedData>
        <Data name="Lat">
          <value>16.9279</value>
        </Data>
        <Data name="Long">
          <value>104.5863</value>
        </Data>
      </ExtendedData>
      <Point>
        <coordinates>
          104.5863,16.9279,0
        </coordinates>
      </Point>
    </Placemark>
    <Placemark>
      <name>RT128-SG-223-0200-55+410</name>
      <description><![CDATA[Lat:  16.9278<br>Long: 104.5868]]></description>
      <styleUrl>#icon-1899-0288D1</styleUrl>
      <ExtendedData>
        <Data name="Lat">
          <value> 16.9278</value>
        </Data>
        <Data name="Long">
          <value>104.5868</value>
        </Data>
      </ExtendedData>
      <Point>
        <coordinates>
          104.5868,16.9278,0
        </coordinates>
      </Point>
    </Placemark>
    <Placemark>
      <name>RT129-SG-223-0200-55+455</name>
      <description><![CDATA[Lat:  16.9277<br>Long: 104.5872]]></description>
      <styleUrl>#icon-1899-0288D1</styleUrl>
      <ExtendedData>
        <Data name="Lat">
          <value> 16.9277</value>
        </Data>
        <Data name="Long">
          <value>104.5872</value>
        </Data>
      </ExtendedData>
      <Point>
        <coordinates>
          104.5872,16.9277,0
        </coordinates>
      </Point>
    </Placemark>
    <Placemark>
      <name>RT130-SG-223-0200-55+500</name>
      <description><![CDATA[Lat:  16.9276<br>Long: 104.5875]]></description>
      <styleUrl>#icon-1899-0288D1</styleUrl>
      <ExtendedData>
        <Data name="Lat">
          <value> 16.9276</value>
        </Data>
        <Data name="Long">
          <value>104.5875</value>
        </Data>
      </ExtendedData>
      <Point>
        <coordinates>
          104.5875,16.9276,0
        </coordinates>
      </Point>
    </Placemark>
    <Placemark>
      <name>RT131-SG-223-0200-55+545</name>
      <description><![CDATA[Lat: 16.9275<br>Long: 104.5879]]></description>
      <styleUrl>#icon-1899-0288D1</styleUrl>
      <ExtendedData>
        <Data name="Lat">
          <value>16.9275</value>
        </Data>
        <Data name="Long">
          <value>104.5879</value>
        </Data>
      </ExtendedData>
      <Point>
        <coordinates>
          104.5879,16.9275,0
        </coordinates>
      </Point>
    </Placemark>
    <Placemark>
      <name>RT132-SG-223-0200-55+590</name>
      <description><![CDATA[Lat:  16.9274<br>Long: 104.5883]]></description>
      <styleUrl>#icon-1899-0288D1</styleUrl>
      <ExtendedData>
        <Data name="Lat">
          <value> 16.9274</value>
        </Data>
        <Data name="Long">
          <value>104.5883</value>
        </Data>
      </ExtendedData>
      <Point>
        <coordinates>
          104.5883,16.9274,0
        </coordinates>
      </Point>
    </Placemark>
    <Placemark>
      <name>RT133-SG-223-0200-55+635</name>
      <description><![CDATA[Lat:  16.9274<br>Long: 104.5887]]></description>
      <styleUrl>#icon-1899-0288D1</styleUrl>
      <ExtendedData>
        <Data name="Lat">
          <value> 16.9274</value>
        </Data>
        <Data name="Long">
          <value>104.5887</value>
        </Data>
      </ExtendedData>
      <Point>
        <coordinates>
          104.5887,16.9274,0
        </coordinates>
      </Point>
    </Placemark>
    <Placemark>
      <name>RT134-SG-223-0200-55+680</name>
      <description><![CDATA[Lat:  16.9273<br>Long: 104.5891]]></description>
      <styleUrl>#icon-1899-0288D1</styleUrl>
      <ExtendedData>
        <Data name="Lat">
          <value> 16.9273</value>
        </Data>
        <Data name="Long">
          <value>104.5891</value>
        </Data>
      </ExtendedData>
      <Point>
        <coordinates>
          104.5891,16.9273,0
        </coordinates>
      </Point>
    </Placemark>
    <Placemark>
      <name>RT135-SG-223-0200-55+725</name>
      <description><![CDATA[Lat:  16.9272<br>Long: 104.5895]]></description>
      <styleUrl>#icon-1899-0288D1</styleUrl>
      <ExtendedData>
        <Data name="Lat">
          <value> 16.9272</value>
        </Data>
        <Data name="Long">
          <value>104.5895</value>
        </Data>
      </ExtendedData>
      <Point>
        <coordinates>
          104.5895,16.9272,0
        </coordinates>
      </Point>
    </Placemark>
    <Placemark>
      <name>RT136-SG-223-0200-55+770</name>
      <description><![CDATA[Lat:  16.9271<br>Long: 104.5898]]></description>
      <styleUrl>#icon-1899-0288D1</styleUrl>
      <ExtendedData>
        <Data name="Lat">
          <value> 16.9271</value>
        </Data>
        <Data name="Long">
          <value>104.5898</value>
        </Data>
      </ExtendedData>
      <Point>
        <coordinates>
          104.5898,16.9271,0
        </coordinates>
      </Point>
    </Placemark>
    <Placemark>
      <name>RT137-SG-223-0200-55+815</name>
      <description><![CDATA[Lat:  16.9270<br>Long: 104.5902]]></description>
      <styleUrl>#icon-1899-0288D1</styleUrl>
      <ExtendedData>
        <Data name="Lat">
          <value> 16.9270</value>
        </Data>
        <Data name="Long">
          <value>104.5902</value>
        </Data>
      </ExtendedData>
      <Point>
        <coordinates>
          104.5902,16.927,0
        </coordinates>
      </Point>
    </Placemark>
    <Placemark>
      <name>RT138-SG-223-0200-55+860</name>
      <description><![CDATA[Lat:  16.9269<br>Long: 104.5906]]></description>
      <styleUrl>#icon-1899-0288D1</styleUrl>
      <ExtendedData>
        <Data name="Lat">
          <value> 16.9269</value>
        </Data>
        <Data name="Long">
          <value>104.5906</value>
        </Data>
      </ExtendedData>
      <Point>
        <coordinates>
          104.5906,16.9269,0
        </coordinates>
      </Point>
    </Placemark>
    <Placemark>
      <name>RT139-SG-223-0200-55+905</name>
      <description><![CDATA[Lat:  16.9268<br>Long: 104.5909]]></description>
      <styleUrl>#icon-1899-0288D1</styleUrl>
      <ExtendedData>
        <Data name="Lat">
          <value> 16.9268</value>
        </Data>
        <Data name="Long">
          <value>104.5909</value>
        </Data>
      </ExtendedData>
      <Point>
        <coordinates>
          104.5909,16.9268,0
        </coordinates>
      </Point>
    </Placemark>
    <Placemark>
      <name>RT140-SG-223-0200-55+950</name>
      <description><![CDATA[Lat:  16.9268<br>Long: 104.5914]]></description>
      <styleUrl>#icon-1899-0288D1</styleUrl>
      <ExtendedData>
        <Data name="Lat">
          <value> 16.9268</value>
        </Data>
        <Data name="Long">
          <value>104.5914</value>
        </Data>
      </ExtendedData>
      <Point>
        <coordinates>
          104.5914,16.9268,0
        </coordinates>
      </Point>
    </Placemark>
    <Placemark>
      <name>RT141-SG-223-0200-55+995</name>
      <description><![CDATA[Lat:  16.9267<br>Long: 104.5917]]></description>
      <styleUrl>#icon-1899-0288D1</styleUrl>
      <ExtendedData>
        <Data name="Lat">
          <value> 16.9267</value>
        </Data>
        <Data name="Long">
          <value>104.5917</value>
        </Data>
      </ExtendedData>
      <Point>
        <coordinates>
          104.5917,16.9267,0
        </coordinates>
      </Point>
    </Placemark>
    <Placemark>
      <name>RT142-SG-223-0200-56+040</name>
      <description><![CDATA[Lat:  16.9266<br>Long: 104.5922]]></description>
      <styleUrl>#icon-1899-0288D1</styleUrl>
      <ExtendedData>
        <Data name="Lat">
          <value> 16.9266</value>
        </Data>
        <Data name="Long">
          <value>104.5922</value>
        </Data>
      </ExtendedData>
      <Point>
        <coordinates>
          104.5922,16.9266,0
        </coordinates>
      </Point>
    </Placemark>
    <Placemark>
      <name>RT143-SG-223-0200-56+085</name>
      <description><![CDATA[Lat: 16.9265<br>Long: 104.5925]]></description>
      <styleUrl>#icon-1899-0288D1</styleUrl>
      <ExtendedData>
        <Data name="Lat">
          <value>16.9265</value>
        </Data>
        <Data name="Long">
          <value>104.5925</value>
        </Data>
      </ExtendedData>
      <Point>
        <coordinates>
          104.5925,16.9265,0
        </coordinates>
      </Point>
    </Placemark>
    <Placemark>
      <name>RT144-SG-223-0200-56+130</name>
      <description><![CDATA[Lat:  16.9264<br>Long: 104.5929]]></description>
      <styleUrl>#icon-1899-0288D1</styleUrl>
      <ExtendedData>
        <Data name="Lat">
          <value> 16.9264</value>
        </Data>
        <Data name="Long">
          <value>104.5929</value>
        </Data>
      </ExtendedData>
      <Point>
        <coordinates>
          104.5929,16.9264,0
        </coordinates>
      </Point>
    </Placemark>
    <Placemark>
      <name>RT145-SG-223-0200-56+175</name>
      <description><![CDATA[Lat:  16.9263<br>Long: 104.5933]]></description>
      <styleUrl>#icon-1899-0288D1</styleUrl>
      <ExtendedData>
        <Data name="Lat">
          <value> 16.9263</value>
        </Data>
        <Data name="Long">
          <value>104.5933</value>
        </Data>
      </ExtendedData>
      <Point>
        <coordinates>
          104.5933,16.9263,0
        </coordinates>
      </Point>
    </Placemark>
    <Placemark>
      <name>RT146-SG-223-0200-56+220</name>
      <description><![CDATA[Lat:  16.9262<br>Long: 104.5937]]></description>
      <styleUrl>#icon-1899-0288D1</styleUrl>
      <ExtendedData>
        <Data name="Lat">
          <value> 16.9262</value>
        </Data>
        <Data name="Long">
          <value>104.5937</value>
        </Data>
      </ExtendedData>
      <Point>
        <coordinates>
          104.5937,16.9262,0
        </coordinates>
      </Point>
    </Placemark>
    <Placemark>
      <name>RT147-SG-223-0200-56+265</name>
      <description><![CDATA[Lat: 16.9262<br>Long: 104.5942]]></description>
      <styleUrl>#icon-1899-0288D1</styleUrl>
      <ExtendedData>
        <Data name="Lat">
          <value>16.9262</value>
        </Data>
        <Data name="Long">
          <value>104.5942</value>
        </Data>
      </ExtendedData>
      <Point>
        <coordinates>
          104.5942,16.9262,0
        </coordinates>
      </Point>
    </Placemark>
    <Placemark>
      <name>RT148-SG-223-0200-56+655</name>
      <description><![CDATA[Lat:  16.9253<br>Long: 104.5979]]></description>
      <styleUrl>#icon-1899-0288D1</styleUrl>
      <ExtendedData>
        <Data name="Lat">
          <value> 16.9253</value>
        </Data>
        <Data name="Long">
          <value>104.5979</value>
        </Data>
      </ExtendedData>
      <Point>
        <coordinates>
          104.5979,16.9253,0
        </coordinates>
      </Point>
    </Placemark>
    <Placemark>
      <name>RT149-SG-223-0200-56+700</name>
      <description><![CDATA[Lat:  16.9253<br>Long: 104.5983]]></description>
      <styleUrl>#icon-1899-0288D1</styleUrl>
      <ExtendedData>
        <Data name="Lat">
          <value> 16.9253</value>
        </Data>
        <Data name="Long">
          <value>104.5983</value>
        </Data>
      </ExtendedData>
      <Point>
        <coordinates>
          104.5983,16.9253,0
        </coordinates>
      </Point>
    </Placemark>
    <Placemark>
      <name>RT150-SG-223-0200-56+745</name>
      <description><![CDATA[Lat:  16.9252<br>Long: 104.5986]]></description>
      <styleUrl>#icon-1899-0288D1</styleUrl>
      <ExtendedData>
        <Data name="Lat">
          <value> 16.9252</value>
        </Data>
        <Data name="Long">
          <value>104.5986</value>
        </Data>
      </ExtendedData>
      <Point>
        <coordinates>
          104.5986,16.9252,0
        </coordinates>
      </Point>
    </Placemark>
    <Placemark>
      <name>RT151-SG-223-0200-56+790</name>
      <description><![CDATA[Lat:  16.9251<br>Long: 104.5989]]></description>
      <styleUrl>#icon-1899-0288D1</styleUrl>
      <ExtendedData>
        <Data name="Lat">
          <value> 16.9251</value>
        </Data>
        <Data name="Long">
          <value>104.5989</value>
        </Data>
      </ExtendedData>
      <Point>
        <coordinates>
          104.5989,16.9251,0
        </coordinates>
      </Point>
    </Placemark>
    <Placemark>
      <name>RT152-SG-223-0200-56+835</name>
      <description><![CDATA[Lat:  16.9250<br>Long: 104.5993]]></description>
      <styleUrl>#icon-1899-0288D1</styleUrl>
      <ExtendedData>
        <Data name="Lat">
          <value> 16.9250</value>
        </Data>
        <Data name="Long">
          <value>104.5993</value>
        </Data>
      </ExtendedData>
      <Point>
        <coordinates>
          104.5993,16.925,0
        </coordinates>
      </Point>
    </Placemark>
    <Placemark>
      <name>RT153-SG-223-0200-56+880</name>
      <description><![CDATA[Lat:  16.9250<br>Long: 104.5996]]></description>
      <styleUrl>#icon-1899-0288D1</styleUrl>
      <ExtendedData>
        <Data name="Lat">
          <value> 16.9250</value>
        </Data>
        <Data name="Long">
          <value>104.5996</value>
        </Data>
      </ExtendedData>
      <Point>
        <coordinates>
          104.5996,16.925,0
        </coordinates>
      </Point>
    </Placemark>
    <Placemark>
      <name>RT154-SG-223-0200-56+925</name>
      <description><![CDATA[Lat:  16.9249<br>Long: 104.5999]]></description>
      <styleUrl>#icon-1899-0288D1</styleUrl>
      <ExtendedData>
        <Data name="Lat">
          <value> 16.9249</value>
        </Data>
        <Data name="Long">
          <value>104.5999</value>
        </Data>
      </ExtendedData>
      <Point>
        <coordinates>
          104.5999,16.9249,0
        </coordinates>
      </Point>
    </Placemark>
    <Placemark>
      <name>RT155-SG-223-0200-56+970</name>
      <description><![CDATA[Lat:  16.9248<br>Long: 104.6002]]></description>
      <styleUrl>#icon-1899-0288D1</styleUrl>
      <ExtendedData>
        <Data name="Lat">
          <value> 16.9248</value>
        </Data>
        <Data name="Long">
          <value>104.6002</value>
        </Data>
      </ExtendedData>
      <Point>
        <coordinates>
          104.6002,16.9248,0
        </coordinates>
      </Point>
    </Placemark>
    <Placemark>
      <name>RT156-SG-223-0200-57+015</name>
      <description><![CDATA[Lat:  16.9247<br>Long: 104.6006]]></description>
      <styleUrl>#icon-1899-0288D1</styleUrl>
      <ExtendedData>
        <Data name="Lat">
          <value> 16.9247</value>
        </Data>
        <Data name="Long">
          <value>104.6006</value>
        </Data>
      </ExtendedData>
      <Point>
        <coordinates>
          104.6006,16.9247,0
        </coordinates>
      </Point>
    </Placemark>
    <Placemark>
      <name>RT157-SG-223-0200-57+060</name>
      <description><![CDATA[Lat:  16.9246<br>Long: 104.6009]]></description>
      <styleUrl>#icon-1899-0288D1</styleUrl>
      <ExtendedData>
        <Data name="Lat">
          <value> 16.9246</value>
        </Data>
        <Data name="Long">
          <value>104.6009</value>
        </Data>
      </ExtendedData>
      <Point>
        <coordinates>
          104.6009,16.9246,0
        </coordinates>
      </Point>
    </Placemark>
    <Placemark>
      <name>RT158-SG-223-0200-57+105</name>
      <description><![CDATA[Lat:  16.9246<br>Long: 104.6012]]></description>
      <styleUrl>#icon-1899-0288D1</styleUrl>
      <ExtendedData>
        <Data name="Lat">
          <value> 16.9246</value>
        </Data>
        <Data name="Long">
          <value>104.6012</value>
        </Data>
      </ExtendedData>
      <Point>
        <coordinates>
          104.6012,16.9246,0
        </coordinates>
      </Point>
    </Placemark>
    <Placemark>
      <name>RT159-SG-223-0200-57+150</name>
      <description><![CDATA[Lat:  16.9245<br>Long: 104.6016]]></description>
      <styleUrl>#icon-1899-0288D1</styleUrl>
      <ExtendedData>
        <Data name="Lat">
          <value> 16.9245</value>
        </Data>
        <Data name="Long">
          <value>104.6016</value>
        </Data>
      </ExtendedData>
      <Point>
        <coordinates>
          104.6016,16.9245,0
        </coordinates>
      </Point>
    </Placemark>
    <Placemark>
      <name>RT160-SG-223-0200-57+195</name>
      <description><![CDATA[Lat:  16.9244<br>Long: 104.6019]]></description>
      <styleUrl>#icon-1899-0288D1</styleUrl>
      <ExtendedData>
        <Data name="Lat">
          <value> 16.9244</value>
        </Data>
        <Data name="Long">
          <value>104.6019</value>
        </Data>
      </ExtendedData>
      <Point>
        <coordinates>
          104.6019,16.9244,0
        </coordinates>
      </Point>
    </Placemark>
    <Placemark>
      <name>RT161-SG-223-0200-57+240</name>
      <description><![CDATA[Lat:  16.9244<br>Long: 104.6022]]></description>
      <styleUrl>#icon-1899-0288D1</styleUrl>
      <ExtendedData>
        <Data name="Lat">
          <value> 16.9244</value>
        </Data>
        <Data name="Long">
          <value>104.6022</value>
        </Data>
      </ExtendedData>
      <Point>
        <coordinates>
          104.6022,16.9244,0
        </coordinates>
      </Point>
    </Placemark>
    <Placemark>
      <name>RT162-SG-223-0200-57+285</name>
      <description><![CDATA[Lat:  16.9243<br>Long: 104.6025]]></description>
      <styleUrl>#icon-1899-0288D1</styleUrl>
      <ExtendedData>
        <Data name="Lat">
          <value> 16.9243</value>
        </Data>
        <Data name="Long">
          <value>104.6025</value>
        </Data>
      </ExtendedData>
      <Point>
        <coordinates>
          104.6025,16.9243,0
        </coordinates>
      </Point>
    </Placemark>
    <Placemark>
      <name>RT163-SG-223-0200-57+330</name>
      <description><![CDATA[Lat:  16.9242<br>Long: 104.6029]]></description>
      <styleUrl>#icon-1899-0288D1</styleUrl>
      <ExtendedData>
        <Data name="Lat">
          <value> 16.9242</value>
        </Data>
        <Data name="Long">
          <value>104.6029</value>
        </Data>
      </ExtendedData>
      <Point>
        <coordinates>
          104.6029,16.9242,0
        </coordinates>
      </Point>
    </Placemark>
    <Placemark>
      <name>RT164-SG-223-0200-57+375</name>
      <description><![CDATA[Lat:  16.9241<br>Long: 104.6032]]></description>
      <styleUrl>#icon-1899-0288D1</styleUrl>
      <ExtendedData>
        <Data name="Lat">
          <value> 16.9241</value>
        </Data>
        <Data name="Long">
          <value>104.6032</value>
        </Data>
      </ExtendedData>
      <Point>
        <coordinates>
          104.6032,16.9241,0
        </coordinates>
      </Point>
    </Placemark>
    <Placemark>
      <name>RT165-SG-223-0200-57+420</name>
      <description><![CDATA[Lat:  16.9240<br>Long: 104.6038]]></description>
      <styleUrl>#icon-1899-0288D1</styleUrl>
      <ExtendedData>
        <Data name="Lat">
          <value> 16.9240</value>
        </Data>
        <Data name="Long">
          <value>104.6038</value>
        </Data>
      </ExtendedData>
      <Point>
        <coordinates>
          104.6038,16.924,0
        </coordinates>
      </Point>
    </Placemark>
    <Placemark>
      <name>RT166-SG-223-0200-57+465</name>
      <description><![CDATA[Lat:  16.9240<br>Long: 104.6043]]></description>
      <styleUrl>#icon-1899-0288D1</styleUrl>
      <ExtendedData>
        <Data name="Lat">
          <value> 16.9240</value>
        </Data>
        <Data name="Long">
          <value>104.6043</value>
        </Data>
      </ExtendedData>
      <Point>
        <coordinates>
          104.6043,16.924,0
        </coordinates>
      </Point>
    </Placemark>
    <Placemark>
      <name>RT167-SG-223-0200-57+510</name>
      <description><![CDATA[Lat:  16.9241<br>Long: 104.6047]]></description>
      <styleUrl>#icon-1899-0288D1</styleUrl>
      <ExtendedData>
        <Data name="Lat">
          <value> 16.9241</value>
        </Data>
        <Data name="Long">
          <value>104.6047</value>
        </Data>
      </ExtendedData>
      <Point>
        <coordinates>
          104.6047,16.9241,0
        </coordinates>
      </Point>
    </Placemark>
    <Placemark>
      <name>RT168-SG-223-0200-57+555</name>
      <description><![CDATA[Lat:  16.9241<br>Long: 104.6051]]></description>
      <styleUrl>#icon-1899-0288D1</styleUrl>
      <ExtendedData>
        <Data name="Lat">
          <value> 16.9241</value>
        </Data>
        <Data name="Long">
          <value>104.6051</value>
        </Data>
      </ExtendedData>
      <Point>
        <coordinates>
          104.6051,16.9241,0
        </coordinates>
      </Point>
    </Placemark>
    <Placemark>
      <name>RT169-SG-223-0200-57+600</name>
      <description><![CDATA[Lat:  16.9241<br>Long: 104.6056]]></description>
      <styleUrl>#icon-1899-0288D1</styleUrl>
      <ExtendedData>
        <Data name="Lat">
          <value> 16.9241</value>
        </Data>
        <Data name="Long">
          <value>104.6056</value>
        </Data>
      </ExtendedData>
      <Point>
        <coordinates>
          104.6056,16.9241,0
        </coordinates>
      </Point>
    </Placemark>
    <Placemark>
      <name>RT170-SG-223-0200-57+645</name>
      <description><![CDATA[Lat:  16.9242<br>Long: 104.6060]]></description>
      <styleUrl>#icon-1899-0288D1</styleUrl>
      <ExtendedData>
        <Data name="Lat">
          <value> 16.9242</value>
        </Data>
        <Data name="Long">
          <value>104.6060</value>
        </Data>
      </ExtendedData>
      <Point>
        <coordinates>
          104.606,16.9242,0
        </coordinates>
      </Point>
    </Placemark>
    <Placemark>
      <name>RT171-SG-223-0200-57+690</name>
      <description><![CDATA[Lat:  16.9242<br>Long: 104.6064]]></description>
      <styleUrl>#icon-1899-0288D1</styleUrl>
      <ExtendedData>
        <Data name="Lat">
          <value> 16.9242</value>
        </Data>
        <Data name="Long">
          <value>104.6064</value>
        </Data>
      </ExtendedData>
      <Point>
        <coordinates>
          104.6064,16.9242,0
        </coordinates>
      </Point>
    </Placemark>
    <Placemark>
      <name>RT172-SG-223-0200-59+000</name>
      <description><![CDATA[Lat:  16.9252<br>Long: 104.6191]]></description>
      <styleUrl>#icon-1899-0288D1</styleUrl>
      <ExtendedData>
        <Data name="Lat">
          <value> 16.9252</value>
        </Data>
        <Data name="Long">
          <value>104.6191</value>
        </Data>
      </ExtendedData>
      <Point>
        <coordinates>
          104.6191,16.9252,0
        </coordinates>
      </Point>
    </Placemark>
    <Placemark>
      <name>RT173-SG-223-0200-59+045</name>
      <description><![CDATA[Lat: 16.9252<br>Long: 104.6195]]></description>
      <styleUrl>#icon-1899-0288D1</styleUrl>
      <ExtendedData>
        <Data name="Lat">
          <value>16.9252</value>
        </Data>
        <Data name="Long">
          <value>104.6195</value>
        </Data>
      </ExtendedData>
      <Point>
        <coordinates>
          104.6195,16.9252,0
        </coordinates>
      </Point>
    </Placemark>
    <Placemark>
      <name>RT174-SG-223-0200-59+090</name>
      <description><![CDATA[Lat:  16.9252<br>Long: 104.6199]]></description>
      <styleUrl>#icon-1899-0288D1</styleUrl>
      <ExtendedData>
        <Data name="Lat">
          <value> 16.9252</value>
        </Data>
        <Data name="Long">
          <value>104.6199</value>
        </Data>
      </ExtendedData>
      <Point>
        <coordinates>
          104.6199,16.9252,0
        </coordinates>
      </Point>
    </Placemark>
    <Placemark>
      <name>RT175-SG-223-0200-59+135</name>
      <description><![CDATA[Lat:  16.9252<br>Long: 104.6204]]></description>
      <styleUrl>#icon-1899-0288D1</styleUrl>
      <ExtendedData>
        <Data name="Lat">
          <value> 16.9252</value>
        </Data>
        <Data name="Long">
          <value>104.6204</value>
        </Data>
      </ExtendedData>
      <Point>
        <coordinates>
          104.6204,16.9252,0
        </coordinates>
      </Point>
    </Placemark>
    <Placemark>
      <name>RT176-SG-223-0200-59+180</name>
      <description><![CDATA[Lat:  16.9252<br>Long: 104.6208]]></description>
      <styleUrl>#icon-1899-0288D1</styleUrl>
      <ExtendedData>
        <Data name="Lat">
          <value> 16.9252</value>
        </Data>
        <Data name="Long">
          <value>104.6208</value>
        </Data>
      </ExtendedData>
      <Point>
        <coordinates>
          104.6208,16.9252,0
        </coordinates>
      </Point>
    </Placemark>
    <Placemark>
      <name>RT177-SG-223-0200-59+225</name>
      <description><![CDATA[Lat:  16.9252<br>Long: 104.6212]]></description>
      <styleUrl>#icon-1899-0288D1</styleUrl>
      <ExtendedData>
        <Data name="Lat">
          <value> 16.9252</value>
        </Data>
        <Data name="Long">
          <value>104.6212</value>
        </Data>
      </ExtendedData>
      <Point>
        <coordinates>
          104.6212,16.9252,0
        </coordinates>
      </Point>
    </Placemark>
    <Placemark>
      <name>RT178-SG-223-0200-59+270</name>
      <description><![CDATA[Lat:  16.9251<br>Long: 104.6217]]></description>
      <styleUrl>#icon-1899-0288D1</styleUrl>
      <ExtendedData>
        <Data name="Lat">
          <value> 16.9251</value>
        </Data>
        <Data name="Long">
          <value>104.6217</value>
        </Data>
      </ExtendedData>
      <Point>
        <coordinates>
          104.6217,16.9251,0
        </coordinates>
      </Point>
    </Placemark>
    <Placemark>
      <name>RT179-SG-223-0200-59+315</name>
      <description><![CDATA[Lat:  16.9251<br>Long: 104.6221]]></description>
      <styleUrl>#icon-1899-0288D1</styleUrl>
      <ExtendedData>
        <Data name="Lat">
          <value> 16.9251</value>
        </Data>
        <Data name="Long">
          <value>104.6221</value>
        </Data>
      </ExtendedData>
      <Point>
        <coordinates>
          104.6221,16.9251,0
        </coordinates>
      </Point>
    </Placemark>
    <Placemark>
      <name>RT180-SG-223-0200-59+360</name>
      <description><![CDATA[Lat:  16.9251<br>Long: 104.6225]]></description>
      <styleUrl>#icon-1899-0288D1</styleUrl>
      <ExtendedData>
        <Data name="Lat">
          <value> 16.9251</value>
        </Data>
        <Data name="Long">
          <value>104.6225</value>
        </Data>
      </ExtendedData>
      <Point>
        <coordinates>
          104.6225,16.9251,0
        </coordinates>
      </Point>
    </Placemark>
    <Placemark>
      <name>RT181-SG-223-0200-59+405</name>
      <description><![CDATA[Lat:  16.9251<br>Long: 104.6229]]></description>
      <styleUrl>#icon-1899-0288D1</styleUrl>
      <ExtendedData>
        <Data name="Lat">
          <value> 16.9251</value>
        </Data>
        <Data name="Long">
          <value>104.6229</value>
        </Data>
      </ExtendedData>
      <Point>
        <coordinates>
          104.6229,16.9251,0
        </coordinates>
      </Point>
    </Placemark>
    <Placemark>
      <name>LT189-SG-223-0200-61+600</name>
      <description><![CDATA[Lat:  16.9249<br>Long: 104.6388]]></description>
      <styleUrl>#icon-1899-0288D1</styleUrl>
      <ExtendedData>
        <Data name="Lat">
          <value> 16.9249</value>
        </Data>
        <Data name="Long">
          <value>104.6388</value>
        </Data>
      </ExtendedData>
      <Point>
        <coordinates>
          104.6388,16.9249,0
        </coordinates>
      </Point>
    </Placemark>
    <Placemark>
      <name>LT190-SG-223-0200-61+645</name>
      <description><![CDATA[Lat:  16.9250<br>Long: 104.6392]]></description>
      <styleUrl>#icon-1899-0288D1</styleUrl>
      <ExtendedData>
        <Data name="Lat">
          <value> 16.9250</value>
        </Data>
        <Data name="Long">
          <value>104.6392</value>
        </Data>
      </ExtendedData>
      <Point>
        <coordinates>
          104.6392,16.925,0
        </coordinates>
      </Point>
    </Placemark>
    <Placemark>
      <name>LT191-SG-223-0200-61+690</name>
      <description><![CDATA[Lat:  16.9250<br>Long: 104.6396]]></description>
      <styleUrl>#icon-1899-0288D1</styleUrl>
      <ExtendedData>
        <Data name="Lat">
          <value> 16.9250</value>
        </Data>
        <Data name="Long">
          <value>104.6396</value>
        </Data>
      </ExtendedData>
      <Point>
        <coordinates>
          104.6396,16.925,0
        </coordinates>
      </Point>
    </Placemark>
    <Placemark>
      <name>LT192-SG-223-0200-61+735</name>
      <description><![CDATA[Lat:  16.9250<br>Long: 104.6400]]></description>
      <styleUrl>#icon-1899-0288D1</styleUrl>
      <ExtendedData>
        <Data name="Lat">
          <value> 16.9250</value>
        </Data>
        <Data name="Long">
          <value>104.6400</value>
        </Data>
      </ExtendedData>
      <Point>
        <coordinates>
          104.64,16.925,0
        </coordinates>
      </Point>
    </Placemark>
    <Placemark>
      <name>LT193-SG-223-0200-61+780</name>
      <description><![CDATA[Lat:  16.9250<br>Long: 104.6404]]></description>
      <styleUrl>#icon-1899-0288D1</styleUrl>
      <ExtendedData>
        <Data name="Lat">
          <value> 16.9250</value>
        </Data>
        <Data name="Long">
          <value>104.6404</value>
        </Data>
      </ExtendedData>
      <Point>
        <coordinates>
          104.6404,16.925,0
        </coordinates>
      </Point>
    </Placemark>
    <Placemark>
      <name>LT194-SG-223-0200-61+825</name>
      <description><![CDATA[Lat:  16.9250<br>Long: 104.6408]]></description>
      <styleUrl>#icon-1899-0288D1</styleUrl>
      <ExtendedData>
        <Data name="Lat">
          <value> 16.9250</value>
        </Data>
        <Data name="Long">
          <value>104.6408</value>
        </Data>
      </ExtendedData>
      <Point>
        <coordinates>
          104.6408,16.925,0
        </coordinates>
      </Point>
    </Placemark>
    <Placemark>
      <name>LT195-SG-223-0200-61+870</name>
      <description><![CDATA[Lat:  16.9250<br>Long: 104.6413]]></description>
      <styleUrl>#icon-1899-0288D1</styleUrl>
      <ExtendedData>
        <Data name="Lat">
          <value> 16.9250</value>
        </Data>
        <Data name="Long">
          <value>104.6413</value>
        </Data>
      </ExtendedData>
      <Point>
        <coordinates>
          104.6413,16.925,0
        </coordinates>
      </Point>
    </Placemark>
    <Placemark>
      <name>LT196-SG-223-0200-61+915</name>
      <description><![CDATA[Lat:  16.9250<br>Long: 104.6417]]></description>
      <styleUrl>#icon-1899-0288D1</styleUrl>
      <ExtendedData>
        <Data name="Lat">
          <value> 16.9250</value>
        </Data>
        <Data name="Long">
          <value>104.6417</value>
        </Data>
      </ExtendedData>
      <Point>
        <coordinates>
          104.6417,16.925,0
        </coordinates>
      </Point>
    </Placemark>
    <Placemark>
      <name>LT197-SG-223-0200-61+960</name>
      <description><![CDATA[Lat:  16.9249<br>Long: 104.6421]]></description>
      <styleUrl>#icon-1899-0288D1</styleUrl>
      <ExtendedData>
        <Data name="Lat">
          <value> 16.9249</value>
        </Data>
        <Data name="Long">
          <value>104.6421</value>
        </Data>
      </ExtendedData>
      <Point>
        <coordinates>
          104.6421,16.9249,0
        </coordinates>
      </Point>
    </Placemark>
    <Placemark>
      <name>LT198-SG-223-0200-62+005</name>
      <description><![CDATA[Lat: 16.9249<br>Long: 104.6426]]></description>
      <styleUrl>#icon-1899-0288D1</styleUrl>
      <ExtendedData>
        <Data name="Lat">
          <value>16.9249</value>
        </Data>
        <Data name="Long">
          <value>104.6426</value>
        </Data>
      </ExtendedData>
      <Point>
        <coordinates>
          104.6426,16.9249,0
        </coordinates>
      </Point>
    </Placemark>
    <Placemark>
      <name>RT182-SG-223-0200-62+115</name>
      <description><![CDATA[Lat:  16.9248<br>Long: 104.6436]]></description>
      <styleUrl>#icon-1899-0288D1</styleUrl>
      <ExtendedData>
        <Data name="Lat">
          <value> 16.9248</value>
        </Data>
        <Data name="Long">
          <value>104.6436</value>
        </Data>
      </ExtendedData>
      <Point>
        <coordinates>
          104.6436,16.9248,0
        </coordinates>
      </Point>
    </Placemark>
    <Placemark>
      <name>RT183-SG-223-0200-62+160</name>
      <description><![CDATA[Lat:  16.9248<br>Long: 104.6440]]></description>
      <styleUrl>#icon-1899-0288D1</styleUrl>
      <ExtendedData>
        <Data name="Lat">
          <value> 16.9248</value>
        </Data>
        <Data name="Long">
          <value>104.6440</value>
        </Data>
      </ExtendedData>
      <Point>
        <coordinates>
          104.644,16.9248,0
        </coordinates>
      </Point>
    </Placemark>
    <Placemark>
      <name>RT184-SG-223-0200-62+205</name>
      <description><![CDATA[Lat:  16.9248<br>Long: 104.6445]]></description>
      <styleUrl>#icon-1899-0288D1</styleUrl>
      <ExtendedData>
        <Data name="Lat">
          <value> 16.9248</value>
        </Data>
        <Data name="Long">
          <value>104.6445</value>
        </Data>
      </ExtendedData>
      <Point>
        <coordinates>
          104.6445,16.9248,0
        </coordinates>
      </Point>
    </Placemark>
    <Placemark>
      <name>RT185-SG-223-0200-62+250</name>
      <description><![CDATA[Lat:  16.9248<br>Long: 104.6449]]></description>
      <styleUrl>#icon-1899-0288D1</styleUrl>
      <ExtendedData>
        <Data name="Lat">
          <value> 16.9248</value>
        </Data>
        <Data name="Long">
          <value>104.6449</value>
        </Data>
      </ExtendedData>
      <Point>
        <coordinates>
          104.6449,16.9248,0
        </coordinates>
      </Point>
    </Placemark>
    <Placemark>
      <name>RT186-SG-223-0200-62+295</name>
      <description><![CDATA[Lat:  16.9248<br>Long: 104.6453]]></description>
      <styleUrl>#icon-1899-0288D1</styleUrl>
      <ExtendedData>
        <Data name="Lat">
          <value> 16.9248</value>
        </Data>
        <Data name="Long">
          <value>104.6453</value>
        </Data>
      </ExtendedData>
      <Point>
        <coordinates>
          104.6453,16.9248,0
        </coordinates>
      </Point>
    </Placemark>
    <Placemark>
      <name>RT187-SG-223-0200-62+340</name>
      <description><![CDATA[Lat: 16.9248<br>Long: 104.6458]]></description>
      <styleUrl>#icon-1899-0288D1</styleUrl>
      <ExtendedData>
        <Data name="Lat">
          <value>16.9248</value>
        </Data>
        <Data name="Long">
          <value>104.6458</value>
        </Data>
      </ExtendedData>
      <Point>
        <coordinates>
          104.6458,16.9248,0
        </coordinates>
      </Point>
    </Placemark>
    <Placemark>
      <name>RT188-SG-223-0200-62+385</name>
      <description><![CDATA[Lat:  16.9248<br>Long: 104.6462]]></description>
      <styleUrl>#icon-1899-0288D1</styleUrl>
      <ExtendedData>
        <Data name="Lat">
          <value> 16.9248</value>
        </Data>
        <Data name="Long">
          <value>104.6462</value>
        </Data>
      </ExtendedData>
      <Point>
        <coordinates>
          104.6462,16.9248,0
        </coordinates>
      </Point>
    </Placemark>
    <Placemark>
      <name>RT189-SG-223-0200-62+430</name>
      <description><![CDATA[Lat:  16.9248<br>Long: 104.6466]]></description>
      <styleUrl>#icon-1899-0288D1</styleUrl>
      <ExtendedData>
        <Data name="Lat">
          <value> 16.9248</value>
        </Data>
        <Data name="Long">
          <value>104.6466</value>
        </Data>
      </ExtendedData>
      <Point>
        <coordinates>
          104.6466,16.9248,0
        </coordinates>
      </Point>
    </Placemark>
    <Placemark>
      <name>RT190-SG-223-0200-62+475</name>
      <description><![CDATA[Lat:  16.9248<br>Long: 104.6470]]></description>
      <styleUrl>#icon-1899-0288D1</styleUrl>
      <ExtendedData>
        <Data name="Lat">
          <value> 16.9248</value>
        </Data>
        <Data name="Long">
          <value>104.6470</value>
        </Data>
      </ExtendedData>
      <Point>
        <coordinates>
          104.647,16.9248,0
        </coordinates>
      </Point>
    </Placemark>
    <Placemark>
      <name>RT191-SG-223-0200-62+520</name>
      <description><![CDATA[Lat:  16.9247<br>Long: 104.6478]]></description>
      <styleUrl>#icon-1899-0288D1</styleUrl>
      <ExtendedData>
        <Data name="Lat">
          <value> 16.9247</value>
        </Data>
        <Data name="Long">
          <value>104.6478</value>
        </Data>
      </ExtendedData>
      <Point>
        <coordinates>
          104.6478,16.9247,0
        </coordinates>
      </Point>
    </Placemark>
    <Placemark>
      <name>RT192-SG-223-0200-62+565</name>
      <description><![CDATA[Lat: 16.9247<br>Long: 104.6483]]></description>
      <styleUrl>#icon-1899-0288D1</styleUrl>
      <ExtendedData>
        <Data name="Lat">
          <value>16.9247</value>
        </Data>
        <Data name="Long">
          <value>104.6483</value>
        </Data>
      </ExtendedData>
      <Point>
        <coordinates>
          104.6483,16.9247,0
        </coordinates>
      </Point>
    </Placemark>
    <Placemark>
      <name>RT193-SG-223-0200-62+610</name>
      <description><![CDATA[Lat:  16.9247<br>Long: 104.6487]]></description>
      <styleUrl>#icon-1899-0288D1</styleUrl>
      <ExtendedData>
        <Data name="Lat">
          <value> 16.9247</value>
        </Data>
        <Data name="Long">
          <value>104.6487</value>
        </Data>
      </ExtendedData>
      <Point>
        <coordinates>
          104.6487,16.9247,0
        </coordinates>
      </Point>
    </Placemark>
    <Placemark>
      <name>RT194-SG-223-0200-62+655</name>
      <description><![CDATA[Lat:  16.9247<br>Long: 104.6491]]></description>
      <styleUrl>#icon-1899-0288D1</styleUrl>
      <ExtendedData>
        <Data name="Lat">
          <value> 16.9247</value>
        </Data>
        <Data name="Long">
          <value>104.6491</value>
        </Data>
      </ExtendedData>
      <Point>
        <coordinates>
          104.6491,16.9247,0
        </coordinates>
      </Point>
    </Placemark>
    <Placemark>
      <name>LT197-SG-223-0200-64+750</name>
      <description><![CDATA[Lat:  16.9280<br>Long: 104.6717]]></description>
      <styleUrl>#icon-1899-0288D1</styleUrl>
      <ExtendedData>
        <Data name="Lat">
          <value> 16.9280</value>
        </Data>
        <Data name="Long">
          <value>104.6717</value>
        </Data>
      </ExtendedData>
      <Point>
        <coordinates>
          104.6717,16.928,0
        </coordinates>
      </Point>
    </Placemark>
    <Placemark>
      <name>LT198-SG-223-0200-64+795</name>
      <description><![CDATA[Lat:  16.9281<br>Long: 104.6721]]></description>
      <styleUrl>#icon-1899-0288D1</styleUrl>
      <ExtendedData>
        <Data name="Lat">
          <value> 16.9281</value>
        </Data>
        <Data name="Long">
          <value>104.6721</value>
        </Data>
      </ExtendedData>
      <Point>
        <coordinates>
          104.6721,16.9281,0
        </coordinates>
      </Point>
    </Placemark>
    <Placemark>
      <name>LT199-SG-223-0200-64+840</name>
      <description><![CDATA[Lat:  16.9281<br>Long: 104.6725]]></description>
      <styleUrl>#icon-1899-0288D1</styleUrl>
      <ExtendedData>
        <Data name="Lat">
          <value> 16.9281</value>
        </Data>
        <Data name="Long">
          <value>104.6725</value>
        </Data>
      </ExtendedData>
      <Point>
        <coordinates>
          104.6725,16.9281,0
        </coordinates>
      </Point>
    </Placemark>
    <Placemark>
      <name>LT200-SG-223-0200-64+885</name>
      <description><![CDATA[Lat:  16.9282<br>Long: 104.6729]]></description>
      <styleUrl>#icon-1899-0288D1</styleUrl>
      <ExtendedData>
        <Data name="Lat">
          <value> 16.9282</value>
        </Data>
        <Data name="Long">
          <value>104.6729</value>
        </Data>
      </ExtendedData>
      <Point>
        <coordinates>
          104.6729,16.9282,0
        </coordinates>
      </Point>
    </Placemark>
    <Placemark>
      <name>LT201-SG-223-0200-64+930</name>
      <description><![CDATA[Lat:  16.9283<br>Long: 104.6733]]></description>
      <styleUrl>#icon-1899-0288D1</styleUrl>
      <ExtendedData>
        <Data name="Lat">
          <value> 16.9283</value>
        </Data>
        <Data name="Long">
          <value>104.6733</value>
        </Data>
      </ExtendedData>
      <Point>
        <coordinates>
          104.6733,16.9283,0
        </coordinates>
      </Point>
    </Placemark>
    <Placemark>
      <name>LT202-SG-223-0200-64+975</name>
      <description><![CDATA[Lat:  16.9284<br>Long: 104.6737]]></description>
      <styleUrl>#icon-1899-0288D1</styleUrl>
      <ExtendedData>
        <Data name="Lat">
          <value> 16.9284</value>
        </Data>
        <Data name="Long">
          <value>104.6737</value>
        </Data>
      </ExtendedData>
      <Point>
        <coordinates>
          104.6737,16.9284,0
        </coordinates>
      </Point>
    </Placemark>
    <Placemark>
      <name>LT203-SG-223-0200-65+020</name>
      <description><![CDATA[Lat:  16.9284<br>Long: 104.6741]]></description>
      <styleUrl>#icon-1899-0288D1</styleUrl>
      <ExtendedData>
        <Data name="Lat">
          <value> 16.9284</value>
        </Data>
        <Data name="Long">
          <value>104.6741</value>
        </Data>
      </ExtendedData>
      <Point>
        <coordinates>
          104.6741,16.9284,0
        </coordinates>
      </Point>
    </Placemark>
    <Placemark>
      <name>LT204-SG-223-0200-65+065</name>
      <description><![CDATA[Lat: 16.9285<br>Long: 104.6746]]></description>
      <styleUrl>#icon-1899-0288D1</styleUrl>
      <ExtendedData>
        <Data name="Lat">
          <value>16.9285</value>
        </Data>
        <Data name="Long">
          <value>104.6746</value>
        </Data>
      </ExtendedData>
      <Point>
        <coordinates>
          104.6746,16.9285,0
        </coordinates>
      </Point>
    </Placemark>
    <Placemark>
      <name>LT205-SG-223-0200-65+110</name>
      <description><![CDATA[Lat: 16.9285<br>Long: 104.6750]]></description>
      <styleUrl>#icon-1899-0288D1</styleUrl>
      <ExtendedData>
        <Data name="Lat">
          <value>16.9285</value>
        </Data>
        <Data name="Long">
          <value>104.6750</value>
        </Data>
      </ExtendedData>
      <Point>
        <coordinates>
          104.675,16.9285,0
        </coordinates>
      </Point>
    </Placemark>
    <Placemark>
      <name>LT206-SG-223-0200-65+155</name>
      <description><![CDATA[Lat:  16.9286<br>Long: 104.6753]]></description>
      <styleUrl>#icon-1899-0288D1</styleUrl>
      <ExtendedData>
        <Data name="Lat">
          <value> 16.9286</value>
        </Data>
        <Data name="Long">
          <value>104.6753</value>
        </Data>
      </ExtendedData>
      <Point>
        <coordinates>
          104.6753,16.9286,0
        </coordinates>
      </Point>
    </Placemark>
    <Placemark>
      <name>LT207-SG-223-0200-65+200</name>
      <description><![CDATA[Lat:  16.9287<br>Long: 104.6758]]></description>
      <styleUrl>#icon-1899-0288D1</styleUrl>
      <ExtendedData>
        <Data name="Lat">
          <value> 16.9287</value>
        </Data>
        <Data name="Long">
          <value>104.6758</value>
        </Data>
      </ExtendedData>
      <Point>
        <coordinates>
          104.6758,16.9287,0
        </coordinates>
      </Point>
    </Placemark>
    <Placemark>
      <name>LT208-SG-223-0200-65+245</name>
      <description><![CDATA[Lat:  16.9287<br>Long: 104.6762]]></description>
      <styleUrl>#icon-1899-0288D1</styleUrl>
      <ExtendedData>
        <Data name="Lat">
          <value> 16.9287</value>
        </Data>
        <Data name="Long">
          <value>104.6762</value>
        </Data>
      </ExtendedData>
      <Point>
        <coordinates>
          104.6762,16.9287,0
        </coordinates>
      </Point>
    </Placemark>
    <Placemark>
      <name>LT209-SG-223-0200-65+290</name>
      <description><![CDATA[Lat: 16.9286<br>Long: 104.6767]]></description>
      <styleUrl>#icon-1899-0288D1</styleUrl>
      <ExtendedData>
        <Data name="Lat">
          <value>16.9286</value>
        </Data>
        <Data name="Long">
          <value>104.6767</value>
        </Data>
      </ExtendedData>
      <Point>
        <coordinates>
          104.6767,16.9286,0
        </coordinates>
      </Point>
    </Placemark>
    <Placemark>
      <name>LT210-SG-223-0200-65+335</name>
      <description><![CDATA[Lat:  16.9286<br>Long: 104.6770]]></description>
      <styleUrl>#icon-1899-0288D1</styleUrl>
      <ExtendedData>
        <Data name="Lat">
          <value> 16.9286</value>
        </Data>
        <Data name="Long">
          <value>104.6770</value>
        </Data>
      </ExtendedData>
      <Point>
        <coordinates>
          104.677,16.9286,0
        </coordinates>
      </Point>
    </Placemark>
    <Placemark>
      <name>LT211-SG-223-0200-65+380</name>
      <description><![CDATA[Lat:  16.9284<br>Long: 104.6774]]></description>
      <styleUrl>#icon-1899-0288D1</styleUrl>
      <ExtendedData>
        <Data name="Lat">
          <value> 16.9284</value>
        </Data>
        <Data name="Long">
          <value>104.6774</value>
        </Data>
      </ExtendedData>
      <Point>
        <coordinates>
          104.6774,16.9284,0
        </coordinates>
      </Point>
    </Placemark>
    <Placemark>
      <name>LT212-SG-223-0200-65+425</name>
      <description><![CDATA[Lat:  16.9282<br>Long: 104.6779]]></description>
      <styleUrl>#icon-1899-0288D1</styleUrl>
      <ExtendedData>
        <Data name="Lat">
          <value> 16.9282</value>
        </Data>
        <Data name="Long">
          <value>104.6779</value>
        </Data>
      </ExtendedData>
      <Point>
        <coordinates>
          104.6779,16.9282,0
        </coordinates>
      </Point>
    </Placemark>
    <Placemark>
      <name>LT213-SG-223-0200-65+470</name>
      <description><![CDATA[Lat: 16.9281<br>Long: 104.6782]]></description>
      <styleUrl>#icon-1899-0288D1</styleUrl>
      <ExtendedData>
        <Data name="Lat">
          <value>16.9281</value>
        </Data>
        <Data name="Long">
          <value>104.6782</value>
        </Data>
      </ExtendedData>
      <Point>
        <coordinates>
          104.6782,16.9281,0
        </coordinates>
      </Point>
    </Placemark>
    <Placemark>
      <name>LT214-SG-223-0200-65+515</name>
      <description><![CDATA[Lat: 16.9279<br>Long: 104.6786]]></description>
      <styleUrl>#icon-1899-0288D1</styleUrl>
      <ExtendedData>
        <Data name="Lat">
          <value>16.9279</value>
        </Data>
        <Data name="Long">
          <value>104.6786</value>
        </Data>
      </ExtendedData>
      <Point>
        <coordinates>
          104.6786,16.9279,0
        </coordinates>
      </Point>
    </Placemark>
    <Placemark>
      <name>LT215-SG-223-0200-65+560</name>
      <description><![CDATA[Lat:  16.9277<br>Long: 104.6790]]></description>
      <styleUrl>#icon-1899-0288D1</styleUrl>
      <ExtendedData>
        <Data name="Lat">
          <value> 16.9277</value>
        </Data>
        <Data name="Long">
          <value>104.6790</value>
        </Data>
      </ExtendedData>
      <Point>
        <coordinates>
          104.679,16.9277,0
        </coordinates>
      </Point>
    </Placemark>
    <Placemark>
      <name>LT216-SG-223-0200-65+605</name>
      <description><![CDATA[Lat:  16.9276<br>Long: 104.6794]]></description>
      <styleUrl>#icon-1899-0288D1</styleUrl>
      <ExtendedData>
        <Data name="Lat">
          <value> 16.9276</value>
        </Data>
        <Data name="Long">
          <value>104.6794</value>
        </Data>
      </ExtendedData>
      <Point>
        <coordinates>
          104.6794,16.9276,0
        </coordinates>
      </Point>
    </Placemark>
    <Placemark>
      <name>LT217-SG-223-0200-65+650</name>
      <description><![CDATA[Lat:  16.9275<br>Long: 104.6797]]></description>
      <styleUrl>#icon-1899-0288D1</styleUrl>
      <ExtendedData>
        <Data name="Lat">
          <value> 16.9275</value>
        </Data>
        <Data name="Long">
          <value>104.6797</value>
        </Data>
      </ExtendedData>
      <Point>
        <coordinates>
          104.6797,16.9275,0
        </coordinates>
      </Point>
    </Placemark>
    <Placemark>
      <name>LT218-SG-223-0200-65+695</name>
      <description><![CDATA[Lat:  16.9273<br>Long: 104.6803]]></description>
      <styleUrl>#icon-1899-0288D1</styleUrl>
      <ExtendedData>
        <Data name="Lat">
          <value> 16.9273</value>
        </Data>
        <Data name="Long">
          <value>104.6803</value>
        </Data>
      </ExtendedData>
      <Point>
        <coordinates>
          104.6803,16.9273,0
        </coordinates>
      </Point>
    </Placemark>
    <Placemark>
      <name>LT219-SG-223-0200-65+805</name>
      <description><![CDATA[Lat:  16.9272<br>Long: 104.6806]]></description>
      <styleUrl>#icon-1899-0288D1</styleUrl>
      <ExtendedData>
        <Data name="Lat">
          <value> 16.9272</value>
        </Data>
        <Data name="Long">
          <value>104.6806</value>
        </Data>
      </ExtendedData>
      <Point>
        <coordinates>
          104.6806,16.9272,0
        </coordinates>
      </Point>
    </Placemark>
    <Placemark>
      <name>LT220-SG-223-0200-65+850</name>
      <description><![CDATA[Lat:  16.9268<br>Long: 104.6816]]></description>
      <styleUrl>#icon-1899-0288D1</styleUrl>
      <ExtendedData>
        <Data name="Lat">
          <value> 16.9268</value>
        </Data>
        <Data name="Long">
          <value>104.6816</value>
        </Data>
      </ExtendedData>
      <Point>
        <coordinates>
          104.6816,16.9268,0
        </coordinates>
      </Point>
    </Placemark>
    <Placemark>
      <name>LT221-SG-223-0200-65+895</name>
      <description><![CDATA[Lat:  16.9266<br>Long: 104.6818]]></description>
      <styleUrl>#icon-1899-0288D1</styleUrl>
      <ExtendedData>
        <Data name="Lat">
          <value> 16.9266</value>
        </Data>
        <Data name="Long">
          <value>104.6818</value>
        </Data>
      </ExtendedData>
      <Point>
        <coordinates>
          104.6818,16.9266,0
        </coordinates>
      </Point>
    </Placemark>
    <Placemark>
      <name>RT194-SG-223-0200-65+650</name>
      <description><![CDATA[Lat:  16.9273<br>Long: 104.6796]]></description>
      <styleUrl>#icon-1899-0288D1</styleUrl>
      <ExtendedData>
        <Data name="Lat">
          <value> 16.9273</value>
        </Data>
        <Data name="Long">
          <value>104.6796</value>
        </Data>
      </ExtendedData>
      <Point>
        <coordinates>
          104.6796,16.9273,0
        </coordinates>
      </Point>
    </Placemark>
    <Placemark>
      <name>RT195-SG-223-0200-65+695</name>
      <description><![CDATA[Lat:  16.9271<br>Long: 104.6802]]></description>
      <styleUrl>#icon-1899-0288D1</styleUrl>
      <ExtendedData>
        <Data name="Lat">
          <value> 16.9271</value>
        </Data>
        <Data name="Long">
          <value>104.6802</value>
        </Data>
      </ExtendedData>
      <Point>
        <coordinates>
          104.6802,16.9271,0
        </coordinates>
      </Point>
    </Placemark>
    <Placemark>
      <name>RT196-SG-223-0200-65+740</name>
      <description><![CDATA[Lat:  16.9269<br>Long: 104.6806]]></description>
      <styleUrl>#icon-1899-0288D1</styleUrl>
      <ExtendedData>
        <Data name="Lat">
          <value> 16.9269</value>
        </Data>
        <Data name="Long">
          <value>104.6806</value>
        </Data>
      </ExtendedData>
      <Point>
        <coordinates>
          104.6806,16.9269,0
        </coordinates>
      </Point>
    </Placemark>
    <Placemark>
      <name>RT197-SG-223-0200-65+780</name>
      <description><![CDATA[Lat:  16.9265<br>Long: 104.6817]]></description>
      <styleUrl>#icon-1899-0288D1</styleUrl>
      <ExtendedData>
        <Data name="Lat">
          <value> 16.9265</value>
        </Data>
        <Data name="Long">
          <value>104.6817</value>
        </Data>
      </ExtendedData>
      <Point>
        <coordinates>
          104.6817,16.9265,0
        </coordinates>
      </Point>
    </Placemark>
    <Placemark>
      <name>MD100-DB-223-0200-65+600</name>
      <description><![CDATA[Lat:  16.9269<br>Long: 104.6809]]></description>
      <styleUrl>#icon-1899-0288D1</styleUrl>
      <ExtendedData>
        <Data name="Lat">
          <value> 16.9269</value>
        </Data>
        <Data name="Long">
          <value>104.6809</value>
        </Data>
      </ExtendedData>
      <Point>
        <coordinates>
          104.6809,16.9269,0
        </coordinates>
      </Point>
    </Placemark>
    <Placemark>
      <name>MD101-DB-223-0200-65+645</name>
      <description><![CDATA[Lat:  16.9268<br>Long: 104.6812]]></description>
      <styleUrl>#icon-1899-0288D1</styleUrl>
      <ExtendedData>
        <Data name="Lat">
          <value> 16.9268</value>
        </Data>
        <Data name="Long">
          <value>104.6812</value>
        </Data>
      </ExtendedData>
      <Point>
        <coordinates>
          104.6812,16.9268,0
        </coordinates>
      </Point>
    </Placemark>
    <Placemark>
      <name>MD102-DB-223-0200-65+690</name>
      <description><![CDATA[Lat:  16.9267<br>Long: 104.6814]]></description>
      <styleUrl>#icon-1899-0288D1</styleUrl>
      <ExtendedData>
        <Data name="Lat">
          <value> 16.9267</value>
        </Data>
        <Data name="Long">
          <value>104.6814</value>
        </Data>
      </ExtendedData>
      <Point>
        <coordinates>
          104.6814,16.9267,0
        </coordinates>
      </Point>
    </Placemark>
    <Placemark>
      <name>MD103-DB-223-0200-65+735</name>
      <description><![CDATA[Lat:  16.9266<br>Long: 104.6817]]></description>
      <styleUrl>#icon-1899-0288D1</styleUrl>
      <ExtendedData>
        <Data name="Lat">
          <value> 16.9266</value>
        </Data>
        <Data name="Long">
          <value>104.6817</value>
        </Data>
      </ExtendedData>
      <Point>
        <coordinates>
          104.6817,16.9266,0
        </coordinates>
      </Point>
    </Placemark>
    <Placemark>
      <name>MD104-DB-223-0200-65+780</name>
      <description><![CDATA[Lat:  16.9264<br>Long: 104.6820]]></description>
      <styleUrl>#icon-1899-0288D1</styleUrl>
      <ExtendedData>
        <Data name="Lat">
          <value> 16.9264</value>
        </Data>
        <Data name="Long">
          <value>104.6820</value>
        </Data>
      </ExtendedData>
      <Point>
        <coordinates>
          104.682,16.9264,0
        </coordinates>
      </Point>
    </Placemark>
  </Document>
</kml>
