<?xml version="1.0" encoding="UTF-8"?>
<kml xmlns="http://www.opengis.net/kml/2.2">
  <Document>
    <name>2425</name>
    <Style id="icon-1899-0288D1-normal">
      <IconStyle>
        <color>ffd18802</color>
        <scale>1</scale>
        <Icon>
          <href>https://www.gstatic.com/mapspro/images/stock/503-wht-blank_maps.png</href>
        </Icon>
        <hotSpot x="32" xunits="pixels" y="64" yunits="insetPixels"/>
      </IconStyle>
      <LabelStyle>
        <scale>0</scale>
      </LabelStyle>
    </Style>
    <Style id="icon-1899-0288D1-highlight">
      <IconStyle>
        <color>ffd18802</color>
        <scale>1</scale>
        <Icon>
          <href>https://www.gstatic.com/mapspro/images/stock/503-wht-blank_maps.png</href>
        </Icon>
        <hotSpot x="32" xunits="pixels" y="64" yunits="insetPixels"/>
      </IconStyle>
      <LabelStyle>
        <scale>1</scale>
      </LabelStyle>
    </Style>
    <StyleMap id="icon-1899-0288D1">
      <Pair>
        <key>normal</key>
        <styleUrl>#icon-1899-0288D1-normal</styleUrl>
      </Pair>
      <Pair>
        <key>highlight</key>
        <styleUrl>#icon-1899-0288D1-highlight</styleUrl>
      </Pair>
    </StyleMap>
    <Placemark>
      <name>LT1-SG-2425-0100-0+000</name>
      <description><![CDATA[Lat:  16.9520<br>Long: 104.4800]]></description>
      <styleUrl>#icon-1899-0288D1</styleUrl>
      <ExtendedData>
        <Data name="Lat">
          <value> 16.9520</value>
        </Data>
        <Data name="Long">
          <value>104.4800</value>
        </Data>
      </ExtendedData>
      <Point>
        <coordinates>
          104.48,16.952,0
        </coordinates>
      </Point>
    </Placemark>
    <Placemark>
      <name>RT1-SG-2425-0100-0+000</name>
      <description><![CDATA[Lat:  16.9518<br>Long: 104.4799]]></description>
      <styleUrl>#icon-1899-0288D1</styleUrl>
      <ExtendedData>
        <Data name="Lat">
          <value> 16.9518</value>
        </Data>
        <Data name="Long">
          <value>104.4799</value>
        </Data>
      </ExtendedData>
      <Point>
        <coordinates>
          104.4799,16.9518,0
        </coordinates>
      </Point>
    </Placemark>
    <Placemark>
      <name>RT2-SG-2425-0100-0+048</name>
      <description><![CDATA[Lat:  16.9518<br>Long: 104.4803]]></description>
      <styleUrl>#icon-1899-0288D1</styleUrl>
      <ExtendedData>
        <Data name="Lat">
          <value> 16.9518</value>
        </Data>
        <Data name="Long">
          <value>104.4803</value>
        </Data>
      </ExtendedData>
      <Point>
        <coordinates>
          104.4803,16.9518,0
        </coordinates>
      </Point>
    </Placemark>
    <Placemark>
      <name>RT3-SG-2425-0100-0+096</name>
      <description><![CDATA[Lat:  16.9517<br>Long: 104.4807]]></description>
      <styleUrl>#icon-1899-0288D1</styleUrl>
      <ExtendedData>
        <Data name="Lat">
          <value> 16.9517</value>
        </Data>
        <Data name="Long">
          <value>104.4807</value>
        </Data>
      </ExtendedData>
      <Point>
        <coordinates>
          104.4807,16.9517,0
        </coordinates>
      </Point>
    </Placemark>
    <Placemark>
      <name>LT2-SG-2425-0100-0+050</name>
      <description><![CDATA[Lat:  16.9520<br>Long: 104.4804]]></description>
      <styleUrl>#icon-1899-0288D1</styleUrl>
      <ExtendedData>
        <Data name="Lat">
          <value> 16.9520</value>
        </Data>
        <Data name="Long">
          <value>104.4804</value>
        </Data>
      </ExtendedData>
      <Point>
        <coordinates>
          104.4804,16.952,0
        </coordinates>
      </Point>
    </Placemark>
    <Placemark>
      <name>MD1-DB-2425-0100-0+291</name>
      <description><![CDATA[Lat:  16.9515<br>Long: 104.4825]]></description>
      <styleUrl>#icon-1899-0288D1</styleUrl>
      <ExtendedData>
        <Data name="Lat">
          <value> 16.9515</value>
        </Data>
        <Data name="Long">
          <value>104.4825</value>
        </Data>
      </ExtendedData>
      <Point>
        <coordinates>
          104.4825,16.9515,0
        </coordinates>
      </Point>
    </Placemark>
    <Placemark>
      <name>MD2-DB-2425-0100-0+326</name>
      <description><![CDATA[Lat:  16.9515<br>Long: 104.4828]]></description>
      <styleUrl>#icon-1899-0288D1</styleUrl>
      <ExtendedData>
        <Data name="Lat">
          <value> 16.9515</value>
        </Data>
        <Data name="Long">
          <value>104.4828</value>
        </Data>
      </ExtendedData>
      <Point>
        <coordinates>
          104.4828,16.9515,0
        </coordinates>
      </Point>
    </Placemark>
    <Placemark>
      <name>MD3-DB-2425-0100-0+361</name>
      <description><![CDATA[Lat:  16.9514<br>Long: 104.4831]]></description>
      <styleUrl>#icon-1899-0288D1</styleUrl>
      <ExtendedData>
        <Data name="Lat">
          <value> 16.9514</value>
        </Data>
        <Data name="Long">
          <value>104.4831</value>
        </Data>
      </ExtendedData>
      <Point>
        <coordinates>
          104.4831,16.9514,0
        </coordinates>
      </Point>
    </Placemark>
    <Placemark>
      <name>MD4-DB-2425-0100-0+396</name>
      <description><![CDATA[Lat:  16.9513<br>Long: 104.4835]]></description>
      <styleUrl>#icon-1899-0288D1</styleUrl>
      <ExtendedData>
        <Data name="Lat">
          <value> 16.9513</value>
        </Data>
        <Data name="Long">
          <value>104.4835</value>
        </Data>
      </ExtendedData>
      <Point>
        <coordinates>
          104.4835,16.9513,0
        </coordinates>
      </Point>
    </Placemark>
    <Placemark>
      <name>MD5-DB-2425-0100-0+431</name>
      <description><![CDATA[Lat:  16.9513<br>Long: 104.4838]]></description>
      <styleUrl>#icon-1899-0288D1</styleUrl>
      <ExtendedData>
        <Data name="Lat">
          <value> 16.9513</value>
        </Data>
        <Data name="Long">
          <value>104.4838</value>
        </Data>
      </ExtendedData>
      <Point>
        <coordinates>
          104.4838,16.9513,0
        </coordinates>
      </Point>
    </Placemark>
    <Placemark>
      <name>MD6-DB-2425-0100-0+466</name>
      <description><![CDATA[Lat:  16.9512<br>Long: 104.4842]]></description>
      <styleUrl>#icon-1899-0288D1</styleUrl>
      <ExtendedData>
        <Data name="Lat">
          <value> 16.9512</value>
        </Data>
        <Data name="Long">
          <value>104.4842</value>
        </Data>
      </ExtendedData>
      <Point>
        <coordinates>
          104.4842,16.9512,0
        </coordinates>
      </Point>
    </Placemark>
    <Placemark>
      <name>MD7-DB-2425-0100-0+501</name>
      <description><![CDATA[Lat:  16.9512<br>Long: 104.4845]]></description>
      <styleUrl>#icon-1899-0288D1</styleUrl>
      <ExtendedData>
        <Data name="Lat">
          <value> 16.9512</value>
        </Data>
        <Data name="Long">
          <value>104.4845</value>
        </Data>
      </ExtendedData>
      <Point>
        <coordinates>
          104.4845,16.9512,0
        </coordinates>
      </Point>
    </Placemark>
    <Placemark>
      <name>MD8-DB-2425-0100-0+536</name>
      <description><![CDATA[Lat:  16.9511<br>Long: 104.4849]]></description>
      <styleUrl>#icon-1899-0288D1</styleUrl>
      <ExtendedData>
        <Data name="Lat">
          <value> 16.9511</value>
        </Data>
        <Data name="Long">
          <value>104.4849</value>
        </Data>
      </ExtendedData>
      <Point>
        <coordinates>
          104.4849,16.9511,0
        </coordinates>
      </Point>
    </Placemark>
    <Placemark>
      <name>MD9-DB-2425-0100-0+571</name>
      <description><![CDATA[Lat:  16.9510<br>Long: 104.4852]]></description>
      <styleUrl>#icon-1899-0288D1</styleUrl>
      <ExtendedData>
        <Data name="Lat">
          <value> 16.9510</value>
        </Data>
        <Data name="Long">
          <value>104.4852</value>
        </Data>
      </ExtendedData>
      <Point>
        <coordinates>
          104.4852,16.951,0
        </coordinates>
      </Point>
    </Placemark>
    <Placemark>
      <name>MD10-DB-2425-0100-0+606</name>
      <description><![CDATA[Lat: 16.9510<br>Long: 104.4856]]></description>
      <styleUrl>#icon-1899-0288D1</styleUrl>
      <ExtendedData>
        <Data name="Lat">
          <value>16.9510</value>
        </Data>
        <Data name="Long">
          <value>104.4856</value>
        </Data>
      </ExtendedData>
      <Point>
        <coordinates>
          104.4856,16.951,0
        </coordinates>
      </Point>
    </Placemark>
    <Placemark>
      <name>MD11-DB-2425-0100-0+641</name>
      <description><![CDATA[Lat:  16.9509<br>Long: 104.4858]]></description>
      <styleUrl>#icon-1899-0288D1</styleUrl>
      <ExtendedData>
        <Data name="Lat">
          <value> 16.9509</value>
        </Data>
        <Data name="Long">
          <value>104.4858</value>
        </Data>
      </ExtendedData>
      <Point>
        <coordinates>
          104.4858,16.9509,0
        </coordinates>
      </Point>
    </Placemark>
    <Placemark>
      <name>MD12-DB-2425-0100-0+676</name>
      <description><![CDATA[Lat:  16.9509<br>Long: 104.4861]]></description>
      <styleUrl>#icon-1899-0288D1</styleUrl>
      <ExtendedData>
        <Data name="Lat">
          <value> 16.9509</value>
        </Data>
        <Data name="Long">
          <value>104.4861</value>
        </Data>
      </ExtendedData>
      <Point>
        <coordinates>
          104.4861,16.9509,0
        </coordinates>
      </Point>
    </Placemark>
    <Placemark>
      <name>MD13-DB-2425-0100-0+711</name>
      <description><![CDATA[Lat:  16.9508<br>Long: 104.4864]]></description>
      <styleUrl>#icon-1899-0288D1</styleUrl>
      <ExtendedData>
        <Data name="Lat">
          <value> 16.9508</value>
        </Data>
        <Data name="Long">
          <value>104.4864</value>
        </Data>
      </ExtendedData>
      <Point>
        <coordinates>
          104.4864,16.9508,0
        </coordinates>
      </Point>
    </Placemark>
    <Placemark>
      <name>MD14-DB-2425-0100-0+746</name>
      <description><![CDATA[Lat:  16.9508<br>Long: 104.4867]]></description>
      <styleUrl>#icon-1899-0288D1</styleUrl>
      <ExtendedData>
        <Data name="Lat">
          <value> 16.9508</value>
        </Data>
        <Data name="Long">
          <value>104.4867</value>
        </Data>
      </ExtendedData>
      <Point>
        <coordinates>
          104.4867,16.9508,0
        </coordinates>
      </Point>
    </Placemark>
    <Placemark>
      <name>MD15-DB-2425-0100-0+781</name>
      <description><![CDATA[Lat:  16.9508<br>Long: 104.4870]]></description>
      <styleUrl>#icon-1899-0288D1</styleUrl>
      <ExtendedData>
        <Data name="Lat">
          <value> 16.9508</value>
        </Data>
        <Data name="Long">
          <value>104.4870</value>
        </Data>
      </ExtendedData>
      <Point>
        <coordinates>
          104.487,16.9508,0
        </coordinates>
      </Point>
    </Placemark>
    <Placemark>
      <name>MD16-DB-2425-0100-0+816</name>
      <description><![CDATA[Lat:  16.9507<br>Long: 104.4872]]></description>
      <styleUrl>#icon-1899-0288D1</styleUrl>
      <ExtendedData>
        <Data name="Lat">
          <value> 16.9507</value>
        </Data>
        <Data name="Long">
          <value>104.4872</value>
        </Data>
      </ExtendedData>
      <Point>
        <coordinates>
          104.4872,16.9507,0
        </coordinates>
      </Point>
    </Placemark>
    <Placemark>
      <name>MD/LT1-SG-2425-0100-0+851</name>
      <description><![CDATA[Lat:  16.9507<br>Long: 104.4874]]></description>
      <styleUrl>#icon-1899-0288D1</styleUrl>
      <ExtendedData>
        <Data name="Lat">
          <value> 16.9507</value>
        </Data>
        <Data name="Long">
          <value>104.4874</value>
        </Data>
      </ExtendedData>
      <Point>
        <coordinates>
          104.4874,16.9507,0
        </coordinates>
      </Point>
    </Placemark>
    <Placemark>
      <name>MD/LT2-SG-2425-0100-0+886</name>
      <description><![CDATA[Lat:  16.9507<br>Long: 104.4876]]></description>
      <styleUrl>#icon-1899-0288D1</styleUrl>
      <ExtendedData>
        <Data name="Lat">
          <value> 16.9507</value>
        </Data>
        <Data name="Long">
          <value>104.4876</value>
        </Data>
      </ExtendedData>
      <Point>
        <coordinates>
          104.4876,16.9507,0
        </coordinates>
      </Point>
    </Placemark>
    <Placemark>
      <name>MD/LT3-SG-2425-0100-0+921</name>
      <description><![CDATA[Lat:  16.9506<br>Long: 104.4877]]></description>
      <styleUrl>#icon-1899-0288D1</styleUrl>
      <ExtendedData>
        <Data name="Lat">
          <value> 16.9506</value>
        </Data>
        <Data name="Long">
          <value>104.4877</value>
        </Data>
      </ExtendedData>
      <Point>
        <coordinates>
          104.4877,16.9506,0
        </coordinates>
      </Point>
    </Placemark>
    <Placemark>
      <name>MD/LT4-SG-2425-0100-0+956</name>
      <description><![CDATA[Lat:  16.9506<br>Long: 104.4879]]></description>
      <styleUrl>#icon-1899-0288D1</styleUrl>
      <ExtendedData>
        <Data name="Lat">
          <value> 16.9506</value>
        </Data>
        <Data name="Long">
          <value>104.4879</value>
        </Data>
      </ExtendedData>
      <Point>
        <coordinates>
          104.4879,16.9506,0
        </coordinates>
      </Point>
    </Placemark>
    <Placemark>
      <name>MD/LT5-SG-2425-0100-0+991</name>
      <description><![CDATA[Lat:  16.9506<br>Long: 104.4881]]></description>
      <styleUrl>#icon-1899-0288D1</styleUrl>
      <ExtendedData>
        <Data name="Lat">
          <value> 16.9506</value>
        </Data>
        <Data name="Long">
          <value>104.4881</value>
        </Data>
      </ExtendedData>
      <Point>
        <coordinates>
          104.4881,16.9506,0
        </coordinates>
      </Point>
    </Placemark>
    <Placemark>
      <name>MD/LT6-SG-2425-0100-1+026</name>
      <description><![CDATA[Lat:  16.9505<br>Long: 104.4883]]></description>
      <styleUrl>#icon-1899-0288D1</styleUrl>
      <ExtendedData>
        <Data name="Lat">
          <value> 16.9505</value>
        </Data>
        <Data name="Long">
          <value>104.4883</value>
        </Data>
      </ExtendedData>
      <Point>
        <coordinates>
          104.4883,16.9505,0
        </coordinates>
      </Point>
    </Placemark>
    <Placemark>
      <name>MD/LT7-SG-2425-0100-1+061</name>
      <description><![CDATA[Lat:  16.9505<br>Long: 104.4885]]></description>
      <styleUrl>#icon-1899-0288D1</styleUrl>
      <ExtendedData>
        <Data name="Lat">
          <value> 16.9505</value>
        </Data>
        <Data name="Long">
          <value>104.4885</value>
        </Data>
      </ExtendedData>
      <Point>
        <coordinates>
          104.4885,16.9505,0
        </coordinates>
      </Point>
    </Placemark>
    <Placemark>
      <name>MD/LT8-SG-2425-0100-1+096</name>
      <description><![CDATA[Lat:  16.9505<br>Long: 104.4887]]></description>
      <styleUrl>#icon-1899-0288D1</styleUrl>
      <ExtendedData>
        <Data name="Lat">
          <value> 16.9505</value>
        </Data>
        <Data name="Long">
          <value>104.4887</value>
        </Data>
      </ExtendedData>
      <Point>
        <coordinates>
          104.4887,16.9505,0
        </coordinates>
      </Point>
    </Placemark>
    <Placemark>
      <name>MD/LT9-SG-2425-0100-1+131</name>
      <description><![CDATA[Lat:  16.9504<br>Long: 104.4889]]></description>
      <styleUrl>#icon-1899-0288D1</styleUrl>
      <ExtendedData>
        <Data name="Lat">
          <value> 16.9504</value>
        </Data>
        <Data name="Long">
          <value>104.4889</value>
        </Data>
      </ExtendedData>
      <Point>
        <coordinates>
          104.4889,16.9504,0
        </coordinates>
      </Point>
    </Placemark>
    <Placemark>
      <name>MD/LT10-SG-2425-0100-1+166</name>
      <description><![CDATA[Lat:  16.9504<br>Long: 104.4891]]></description>
      <styleUrl>#icon-1899-0288D1</styleUrl>
      <ExtendedData>
        <Data name="Lat">
          <value> 16.9504</value>
        </Data>
        <Data name="Long">
          <value>104.4891</value>
        </Data>
      </ExtendedData>
      <Point>
        <coordinates>
          104.4891,16.9504,0
        </coordinates>
      </Point>
    </Placemark>
    <Placemark>
      <name>MD/LT11-SG-2425-0100-1+201</name>
      <description><![CDATA[Lat:  16.9504<br>Long: 104.4893]]></description>
      <styleUrl>#icon-1899-0288D1</styleUrl>
      <ExtendedData>
        <Data name="Lat">
          <value> 16.9504</value>
        </Data>
        <Data name="Long">
          <value>104.4893</value>
        </Data>
      </ExtendedData>
      <Point>
        <coordinates>
          104.4893,16.9504,0
        </coordinates>
      </Point>
    </Placemark>
    <Placemark>
      <name>MD/LT12-SG-2425-0100-1+236</name>
      <description><![CDATA[Lat:  16.9503<br>Long: 104.4895]]></description>
      <styleUrl>#icon-1899-0288D1</styleUrl>
      <ExtendedData>
        <Data name="Lat">
          <value> 16.9503</value>
        </Data>
        <Data name="Long">
          <value>104.4895</value>
        </Data>
      </ExtendedData>
      <Point>
        <coordinates>
          104.4895,16.9503,0
        </coordinates>
      </Point>
    </Placemark>
    <Placemark>
      <name>MD/LT13-SG-2425-0100-1+271</name>
      <description><![CDATA[Lat:  16.9503<br>Long: 104.4896]]></description>
      <styleUrl>#icon-1899-0288D1</styleUrl>
      <ExtendedData>
        <Data name="Lat">
          <value> 16.9503</value>
        </Data>
        <Data name="Long">
          <value>104.4896</value>
        </Data>
      </ExtendedData>
      <Point>
        <coordinates>
          104.4896,16.9503,0
        </coordinates>
      </Point>
    </Placemark>
    <Placemark>
      <name>MD/LT14-SG-2425-0100-1+306</name>
      <description><![CDATA[Lat:  16.9503<br>Long: 104.4898]]></description>
      <styleUrl>#icon-1899-0288D1</styleUrl>
      <ExtendedData>
        <Data name="Lat">
          <value> 16.9503</value>
        </Data>
        <Data name="Long">
          <value>104.4898</value>
        </Data>
      </ExtendedData>
      <Point>
        <coordinates>
          104.4898,16.9503,0
        </coordinates>
      </Point>
    </Placemark>
    <Placemark>
      <name>MD/LT15-SG-2425-0100-1+341</name>
      <description><![CDATA[Lat:  16.9502<br>Long: 104.4901]]></description>
      <styleUrl>#icon-1899-0288D1</styleUrl>
      <ExtendedData>
        <Data name="Lat">
          <value> 16.9502</value>
        </Data>
        <Data name="Long">
          <value>104.4901</value>
        </Data>
      </ExtendedData>
      <Point>
        <coordinates>
          104.4901,16.9502,0
        </coordinates>
      </Point>
    </Placemark>
    <Placemark>
      <name>MD/LT16-SG-2425-0100-1+376</name>
      <description><![CDATA[Lat:  16.9502<br>Long: 104.4902]]></description>
      <styleUrl>#icon-1899-0288D1</styleUrl>
      <ExtendedData>
        <Data name="Lat">
          <value> 16.9502</value>
        </Data>
        <Data name="Long">
          <value>104.4902</value>
        </Data>
      </ExtendedData>
      <Point>
        <coordinates>
          104.4902,16.9502,0
        </coordinates>
      </Point>
    </Placemark>
    <Placemark>
      <name>MD/LT17-SG-2425-0100-1+411</name>
      <description><![CDATA[Lat: 16.9502<br>Long: 104.4905]]></description>
      <styleUrl>#icon-1899-0288D1</styleUrl>
      <ExtendedData>
        <Data name="Lat">
          <value>16.9502</value>
        </Data>
        <Data name="Long">
          <value>104.4905</value>
        </Data>
      </ExtendedData>
      <Point>
        <coordinates>
          104.4905,16.9502,0
        </coordinates>
      </Point>
    </Placemark>
    <Placemark>
      <name>MD/LT18-SG-2425-0100-1+446</name>
      <description><![CDATA[Lat:  16.9501<br>Long: 104.4907]]></description>
      <styleUrl>#icon-1899-0288D1</styleUrl>
      <ExtendedData>
        <Data name="Lat">
          <value> 16.9501</value>
        </Data>
        <Data name="Long">
          <value>104.4907</value>
        </Data>
      </ExtendedData>
      <Point>
        <coordinates>
          104.4907,16.9501,0
        </coordinates>
      </Point>
    </Placemark>
    <Placemark>
      <name>MD/LT19-SG-2425-0100-1+481</name>
      <description><![CDATA[Lat:  16.9501<br>Long: 104.4909]]></description>
      <styleUrl>#icon-1899-0288D1</styleUrl>
      <ExtendedData>
        <Data name="Lat">
          <value> 16.9501</value>
        </Data>
        <Data name="Long">
          <value>104.4909</value>
        </Data>
      </ExtendedData>
      <Point>
        <coordinates>
          104.4909,16.9501,0
        </coordinates>
      </Point>
    </Placemark>
    <Placemark>
      <name>MD/LT20-SG-2425-0100-1+516</name>
      <description><![CDATA[Lat:  16.9501<br>Long: 104.4912]]></description>
      <styleUrl>#icon-1899-0288D1</styleUrl>
      <ExtendedData>
        <Data name="Lat">
          <value> 16.9501</value>
        </Data>
        <Data name="Long">
          <value>104.4912</value>
        </Data>
      </ExtendedData>
      <Point>
        <coordinates>
          104.4912,16.9501,0
        </coordinates>
      </Point>
    </Placemark>
    <Placemark>
      <name>MD/RT21-SG-2425-0100-1+551</name>
      <description><![CDATA[Lat:  16.9500<br>Long: 104.4913]]></description>
      <styleUrl>#icon-1899-0288D1</styleUrl>
      <ExtendedData>
        <Data name="Lat">
          <value> 16.9500</value>
        </Data>
        <Data name="Long">
          <value>104.4913</value>
        </Data>
      </ExtendedData>
      <Point>
        <coordinates>
          104.4913,16.95,0
        </coordinates>
      </Point>
    </Placemark>
    <Placemark>
      <name>MD17-DB-2425-0100-1+586</name>
      <description><![CDATA[Lat: 16.9500<br>Long: 104.4916]]></description>
      <styleUrl>#icon-1899-0288D1</styleUrl>
      <ExtendedData>
        <Data name="Lat">
          <value>16.9500</value>
        </Data>
        <Data name="Long">
          <value>104.4916</value>
        </Data>
      </ExtendedData>
      <Point>
        <coordinates>
          104.4916,16.95,0
        </coordinates>
      </Point>
    </Placemark>
    <Placemark>
      <name>MD18-DB-2425-0100-1+621</name>
      <description><![CDATA[Lat:  16.9500<br>Long: 104.4918]]></description>
      <styleUrl>#icon-1899-0288D1</styleUrl>
      <ExtendedData>
        <Data name="Lat">
          <value> 16.9500</value>
        </Data>
        <Data name="Long">
          <value>104.4918</value>
        </Data>
      </ExtendedData>
      <Point>
        <coordinates>
          104.4918,16.95,0
        </coordinates>
      </Point>
    </Placemark>
    <Placemark>
      <name>MD19-DB-2425-0100-1+656</name>
      <description><![CDATA[Lat:  16.9499<br>Long: 104.4920]]></description>
      <styleUrl>#icon-1899-0288D1</styleUrl>
      <ExtendedData>
        <Data name="Lat">
          <value> 16.9499</value>
        </Data>
        <Data name="Long">
          <value>104.4920</value>
        </Data>
      </ExtendedData>
      <Point>
        <coordinates>
          104.492,16.9499,0
        </coordinates>
      </Point>
    </Placemark>
    <Placemark>
      <name>MD20-DB-2425-0100-1+696</name>
      <description><![CDATA[Lat:  16.9499<br>Long: 104.4924]]></description>
      <styleUrl>#icon-1899-0288D1</styleUrl>
      <ExtendedData>
        <Data name="Lat">
          <value> 16.9499</value>
        </Data>
        <Data name="Long">
          <value>104.4924</value>
        </Data>
      </ExtendedData>
      <Point>
        <coordinates>
          104.4924,16.9499,0
        </coordinates>
      </Point>
    </Placemark>
    <Placemark>
      <name>MD21-DB-2425-0100-1+736</name>
      <description><![CDATA[Lat:  16.9498<br>Long: 104.4927]]></description>
      <styleUrl>#icon-1899-0288D1</styleUrl>
      <ExtendedData>
        <Data name="Lat">
          <value> 16.9498</value>
        </Data>
        <Data name="Long">
          <value>104.4927</value>
        </Data>
      </ExtendedData>
      <Point>
        <coordinates>
          104.4927,16.9498,0
        </coordinates>
      </Point>
    </Placemark>
    <Placemark>
      <name>MD22-DB-2425-0100-1+776</name>
      <description><![CDATA[Lat:  16.9497<br>Long: 104.4931]]></description>
      <styleUrl>#icon-1899-0288D1</styleUrl>
      <ExtendedData>
        <Data name="Lat">
          <value> 16.9497</value>
        </Data>
        <Data name="Long">
          <value>104.4931</value>
        </Data>
      </ExtendedData>
      <Point>
        <coordinates>
          104.4931,16.9497,0
        </coordinates>
      </Point>
    </Placemark>
    <Placemark>
      <name>MD23-DB-2425-0100-1+816</name>
      <description><![CDATA[Lat:  16.9497<br>Long: 104.4935]]></description>
      <styleUrl>#icon-1899-0288D1</styleUrl>
      <ExtendedData>
        <Data name="Lat">
          <value> 16.9497</value>
        </Data>
        <Data name="Long">
          <value>104.4935</value>
        </Data>
      </ExtendedData>
      <Point>
        <coordinates>
          104.4935,16.9497,0
        </coordinates>
      </Point>
    </Placemark>
    <Placemark>
      <name>MD24-DB-2425-0100-1+856</name>
      <description><![CDATA[Lat: 16.9496<br>Long: 104.4940]]></description>
      <styleUrl>#icon-1899-0288D1</styleUrl>
      <ExtendedData>
        <Data name="Lat">
          <value>16.9496</value>
        </Data>
        <Data name="Long">
          <value>104.4940</value>
        </Data>
      </ExtendedData>
      <Point>
        <coordinates>
          104.494,16.9496,0
        </coordinates>
      </Point>
    </Placemark>
    <Placemark>
      <name>MD25-DB-2425-0100-1+896</name>
      <description><![CDATA[Lat:  16.9495<br>Long: 104.4946]]></description>
      <styleUrl>#icon-1899-0288D1</styleUrl>
      <ExtendedData>
        <Data name="Lat">
          <value> 16.9495</value>
        </Data>
        <Data name="Long">
          <value>104.4946</value>
        </Data>
      </ExtendedData>
      <Point>
        <coordinates>
          104.4946,16.9495,0
        </coordinates>
      </Point>
    </Placemark>
    <Placemark>
      <name>MD26-DB-2425-0100-1+936</name>
      <description><![CDATA[Lat:  16.9493<br>Long: 104.4951]]></description>
      <styleUrl>#icon-1899-0288D1</styleUrl>
      <ExtendedData>
        <Data name="Lat">
          <value> 16.9493</value>
        </Data>
        <Data name="Long">
          <value>104.4951</value>
        </Data>
      </ExtendedData>
      <Point>
        <coordinates>
          104.4951,16.9493,0
        </coordinates>
      </Point>
    </Placemark>
    <Placemark>
      <name>MD27-DB-2425-0100-1+976</name>
      <description><![CDATA[Lat:  16.9491<br>Long: 104.4955]]></description>
      <styleUrl>#icon-1899-0288D1</styleUrl>
      <ExtendedData>
        <Data name="Lat">
          <value> 16.9491</value>
        </Data>
        <Data name="Long">
          <value>104.4955</value>
        </Data>
      </ExtendedData>
      <Point>
        <coordinates>
          104.4955,16.9491,0
        </coordinates>
      </Point>
    </Placemark>
    <Placemark>
      <name>MD28-DB-2425-0100-2+016</name>
      <description><![CDATA[Lat:  16.9490<br>Long: 104.4958]]></description>
      <styleUrl>#icon-1899-0288D1</styleUrl>
      <ExtendedData>
        <Data name="Lat">
          <value> 16.9490</value>
        </Data>
        <Data name="Long">
          <value>104.4958</value>
        </Data>
      </ExtendedData>
      <Point>
        <coordinates>
          104.4958,16.949,0
        </coordinates>
      </Point>
    </Placemark>
    <Placemark>
      <name>MD29-DB-2425-0100-2+056</name>
      <description><![CDATA[Lat:  16.9489<br>Long: 104.4961]]></description>
      <styleUrl>#icon-1899-0288D1</styleUrl>
      <ExtendedData>
        <Data name="Lat">
          <value> 16.9489</value>
        </Data>
        <Data name="Long">
          <value>104.4961</value>
        </Data>
      </ExtendedData>
      <Point>
        <coordinates>
          104.4961,16.9489,0
        </coordinates>
      </Point>
    </Placemark>
    <Placemark>
      <name>MD30-DB-2425-0100-2+096</name>
      <description><![CDATA[Lat:  16.9486<br>Long: 104.4967]]></description>
      <styleUrl>#icon-1899-0288D1</styleUrl>
      <ExtendedData>
        <Data name="Lat">
          <value> 16.9486</value>
        </Data>
        <Data name="Long">
          <value>104.4967</value>
        </Data>
      </ExtendedData>
      <Point>
        <coordinates>
          104.4967,16.9486,0
        </coordinates>
      </Point>
    </Placemark>
    <Placemark>
      <name>MD31-DB-2425-0100-2+136</name>
      <description><![CDATA[Lat:  16.9484<br>Long: 104.4973]]></description>
      <styleUrl>#icon-1899-0288D1</styleUrl>
      <ExtendedData>
        <Data name="Lat">
          <value> 16.9484</value>
        </Data>
        <Data name="Long">
          <value>104.4973</value>
        </Data>
      </ExtendedData>
      <Point>
        <coordinates>
          104.4973,16.9484,0
        </coordinates>
      </Point>
    </Placemark>
    <Placemark>
      <name>MD/RT1-SG-2425-0100-0+851</name>
      <description><![CDATA[Lat:  16.9507<br>Long: 104.4874]]></description>
      <styleUrl>#icon-1899-0288D1</styleUrl>
      <ExtendedData>
        <Data name="Lat">
          <value> 16.9507</value>
        </Data>
        <Data name="Long">
          <value>104.4874</value>
        </Data>
      </ExtendedData>
      <Point>
        <coordinates>
          104.4874,16.9507,0
        </coordinates>
      </Point>
    </Placemark>
    <Placemark>
      <name>MD/RT2-SG-2425-0100-0+886</name>
      <description><![CDATA[Lat:  16.9507<br>Long: 104.4876]]></description>
      <styleUrl>#icon-1899-0288D1</styleUrl>
      <ExtendedData>
        <Data name="Lat">
          <value> 16.9507</value>
        </Data>
        <Data name="Long">
          <value>104.4876</value>
        </Data>
      </ExtendedData>
      <Point>
        <coordinates>
          104.4876,16.9507,0
        </coordinates>
      </Point>
    </Placemark>
    <Placemark>
      <name>MD/RT3-SG-2425-0100-0+921</name>
      <description><![CDATA[Lat: 16.9506<br>Long: 104.4878]]></description>
      <styleUrl>#icon-1899-0288D1</styleUrl>
      <ExtendedData>
        <Data name="Lat">
          <value>16.9506</value>
        </Data>
        <Data name="Long">
          <value>104.4878</value>
        </Data>
      </ExtendedData>
      <Point>
        <coordinates>
          104.4878,16.9506,0
        </coordinates>
      </Point>
    </Placemark>
    <Placemark>
      <name>MD/RT4-SG-2425-0100-0+956</name>
      <description><![CDATA[Lat:  16.9506<br>Long: 104.4879]]></description>
      <styleUrl>#icon-1899-0288D1</styleUrl>
      <ExtendedData>
        <Data name="Lat">
          <value> 16.9506</value>
        </Data>
        <Data name="Long">
          <value>104.4879</value>
        </Data>
      </ExtendedData>
      <Point>
        <coordinates>
          104.4879,16.9506,0
        </coordinates>
      </Point>
    </Placemark>
    <Placemark>
      <name>MD/RT5-SG-2425-0100-0+991</name>
      <description><![CDATA[Lat:  16.9506<br>Long: 104.4881]]></description>
      <styleUrl>#icon-1899-0288D1</styleUrl>
      <ExtendedData>
        <Data name="Lat">
          <value> 16.9506</value>
        </Data>
        <Data name="Long">
          <value>104.4881</value>
        </Data>
      </ExtendedData>
      <Point>
        <coordinates>
          104.4881,16.9506,0
        </coordinates>
      </Point>
    </Placemark>
    <Placemark>
      <name>MD/RT6-SG-2425-0100-1+026</name>
      <description><![CDATA[Lat:  16.9505<br>Long: 104.4883]]></description>
      <styleUrl>#icon-1899-0288D1</styleUrl>
      <ExtendedData>
        <Data name="Lat">
          <value> 16.9505</value>
        </Data>
        <Data name="Long">
          <value>104.4883</value>
        </Data>
      </ExtendedData>
      <Point>
        <coordinates>
          104.4883,16.9505,0
        </coordinates>
      </Point>
    </Placemark>
    <Placemark>
      <name>MD/RT7-SG-2425-0100-1+061</name>
      <description><![CDATA[Lat:  16.9505<br>Long: 104.4885]]></description>
      <styleUrl>#icon-1899-0288D1</styleUrl>
      <ExtendedData>
        <Data name="Lat">
          <value> 16.9505</value>
        </Data>
        <Data name="Long">
          <value>104.4885</value>
        </Data>
      </ExtendedData>
      <Point>
        <coordinates>
          104.4885,16.9505,0
        </coordinates>
      </Point>
    </Placemark>
    <Placemark>
      <name>MD/RT8-SG-2425-0100-1+096</name>
      <description><![CDATA[Lat:  16.9505<br>Long: 104.4887]]></description>
      <styleUrl>#icon-1899-0288D1</styleUrl>
      <ExtendedData>
        <Data name="Lat">
          <value> 16.9505</value>
        </Data>
        <Data name="Long">
          <value>104.4887</value>
        </Data>
      </ExtendedData>
      <Point>
        <coordinates>
          104.4887,16.9505,0
        </coordinates>
      </Point>
    </Placemark>
    <Placemark>
      <name>MD/RT9-SG-2425-0100-1+131</name>
      <description><![CDATA[Lat:  16.9504<br>Long: 104.4889]]></description>
      <styleUrl>#icon-1899-0288D1</styleUrl>
      <ExtendedData>
        <Data name="Lat">
          <value> 16.9504</value>
        </Data>
        <Data name="Long">
          <value>104.4889</value>
        </Data>
      </ExtendedData>
      <Point>
        <coordinates>
          104.4889,16.9504,0
        </coordinates>
      </Point>
    </Placemark>
    <Placemark>
      <name>MD/RT10-SG-2425-0100-1+166</name>
      <description><![CDATA[Lat:  16.9504<br>Long: 104.4891]]></description>
      <styleUrl>#icon-1899-0288D1</styleUrl>
      <ExtendedData>
        <Data name="Lat">
          <value> 16.9504</value>
        </Data>
        <Data name="Long">
          <value>104.4891</value>
        </Data>
      </ExtendedData>
      <Point>
        <coordinates>
          104.4891,16.9504,0
        </coordinates>
      </Point>
    </Placemark>
    <Placemark>
      <name>MD/RT11-SG-2425-0100-1+201</name>
      <description><![CDATA[Lat:  16.9504<br>Long: 104.4893]]></description>
      <styleUrl>#icon-1899-0288D1</styleUrl>
      <ExtendedData>
        <Data name="Lat">
          <value> 16.9504</value>
        </Data>
        <Data name="Long">
          <value>104.4893</value>
        </Data>
      </ExtendedData>
      <Point>
        <coordinates>
          104.4893,16.9504,0
        </coordinates>
      </Point>
    </Placemark>
    <Placemark>
      <name>MD/RT12-SG-2425-0100-1+236</name>
      <description><![CDATA[Lat:  16.9503<br>Long: 104.4895]]></description>
      <styleUrl>#icon-1899-0288D1</styleUrl>
      <ExtendedData>
        <Data name="Lat">
          <value> 16.9503</value>
        </Data>
        <Data name="Long">
          <value>104.4895</value>
        </Data>
      </ExtendedData>
      <Point>
        <coordinates>
          104.4895,16.9503,0
        </coordinates>
      </Point>
    </Placemark>
    <Placemark>
      <name>MD/RT13-SG-2425-0100-1+271</name>
      <description><![CDATA[Lat:  16.9503<br>Long: 104.4896]]></description>
      <styleUrl>#icon-1899-0288D1</styleUrl>
      <ExtendedData>
        <Data name="Lat">
          <value> 16.9503</value>
        </Data>
        <Data name="Long">
          <value>104.4896</value>
        </Data>
      </ExtendedData>
      <Point>
        <coordinates>
          104.4896,16.9503,0
        </coordinates>
      </Point>
    </Placemark>
    <Placemark>
      <name>MD/RT14-SG-2425-0100-1+306</name>
      <description><![CDATA[Lat: 16.9503<br>Long: 104.4898]]></description>
      <styleUrl>#icon-1899-0288D1</styleUrl>
      <ExtendedData>
        <Data name="Lat">
          <value>16.9503</value>
        </Data>
        <Data name="Long">
          <value>104.4898</value>
        </Data>
      </ExtendedData>
      <Point>
        <coordinates>
          104.4898,16.9503,0
        </coordinates>
      </Point>
    </Placemark>
    <Placemark>
      <name>MD/RT15-SG-2425-0100-1+341</name>
      <description><![CDATA[Lat:  16.9502<br>Long: 104.4900]]></description>
      <styleUrl>#icon-1899-0288D1</styleUrl>
      <ExtendedData>
        <Data name="Lat">
          <value> 16.9502</value>
        </Data>
        <Data name="Long">
          <value>104.4900</value>
        </Data>
      </ExtendedData>
      <Point>
        <coordinates>
          104.49,16.9502,0
        </coordinates>
      </Point>
    </Placemark>
    <Placemark>
      <name>MD/RT16-SG-2425-0100-1+376</name>
      <description><![CDATA[Lat:  16.9502<br>Long: 104.4902]]></description>
      <styleUrl>#icon-1899-0288D1</styleUrl>
      <ExtendedData>
        <Data name="Lat">
          <value> 16.9502</value>
        </Data>
        <Data name="Long">
          <value>104.4902</value>
        </Data>
      </ExtendedData>
      <Point>
        <coordinates>
          104.4902,16.9502,0
        </coordinates>
      </Point>
    </Placemark>
    <Placemark>
      <name>MD/RT17-SG-2425-0100-1+411</name>
      <description><![CDATA[Lat:  16.9502<br>Long: 104.4905]]></description>
      <styleUrl>#icon-1899-0288D1</styleUrl>
      <ExtendedData>
        <Data name="Lat">
          <value> 16.9502</value>
        </Data>
        <Data name="Long">
          <value>104.4905</value>
        </Data>
      </ExtendedData>
      <Point>
        <coordinates>
          104.4905,16.9502,0
        </coordinates>
      </Point>
    </Placemark>
    <Placemark>
      <name>MD/RT18-SG-2425-0100-1+446</name>
      <description><![CDATA[Lat:  16.9501<br>Long: 104.4907]]></description>
      <styleUrl>#icon-1899-0288D1</styleUrl>
      <ExtendedData>
        <Data name="Lat">
          <value> 16.9501</value>
        </Data>
        <Data name="Long">
          <value>104.4907</value>
        </Data>
      </ExtendedData>
      <Point>
        <coordinates>
          104.4907,16.9501,0
        </coordinates>
      </Point>
    </Placemark>
    <Placemark>
      <name>MD/RT19-SG-2425-0100-1+481</name>
      <description><![CDATA[Lat:  16.9501<br>Long: 104.4909]]></description>
      <styleUrl>#icon-1899-0288D1</styleUrl>
      <ExtendedData>
        <Data name="Lat">
          <value> 16.9501</value>
        </Data>
        <Data name="Long">
          <value>104.4909</value>
        </Data>
      </ExtendedData>
      <Point>
        <coordinates>
          104.4909,16.9501,0
        </coordinates>
      </Point>
    </Placemark>
    <Placemark>
      <name>MD/RT20-SG-2425-0100-1+516</name>
      <description><![CDATA[Lat:  16.9500<br>Long: 104.4912]]></description>
      <styleUrl>#icon-1899-0288D1</styleUrl>
      <ExtendedData>
        <Data name="Lat">
          <value> 16.9500</value>
        </Data>
        <Data name="Long">
          <value>104.4912</value>
        </Data>
      </ExtendedData>
      <Point>
        <coordinates>
          104.4912,16.95,0
        </coordinates>
      </Point>
    </Placemark>
    <Placemark>
      <name>MD/LT21-SG-2425-0100-1+551</name>
      <description><![CDATA[Lat:  16.9500<br>Long: 104.4913]]></description>
      <styleUrl>#icon-1899-0288D1</styleUrl>
      <ExtendedData>
        <Data name="Lat">
          <value> 16.9500</value>
        </Data>
        <Data name="Long">
          <value>104.4913</value>
        </Data>
      </ExtendedData>
      <Point>
        <coordinates>
          104.4913,16.95,0
        </coordinates>
      </Point>
    </Placemark>
    <Placemark>
      <name>LT3-SG-2425-0100-1+681</name>
      <description><![CDATA[Lat:  16.9500<br>Long: 104.4923]]></description>
      <styleUrl>#icon-1899-0288D1</styleUrl>
      <ExtendedData>
        <Data name="Lat">
          <value> 16.9500</value>
        </Data>
        <Data name="Long">
          <value>104.4923</value>
        </Data>
      </ExtendedData>
      <Point>
        <coordinates>
          104.4923,16.95,0
        </coordinates>
      </Point>
    </Placemark>
    <Placemark>
      <name>LT4-SG-2425-0100-1+714</name>
      <description><![CDATA[Lat:  16.9499<br>Long: 104.4926]]></description>
      <styleUrl>#icon-1899-0288D1</styleUrl>
      <ExtendedData>
        <Data name="Lat">
          <value> 16.9499</value>
        </Data>
        <Data name="Long">
          <value>104.4926</value>
        </Data>
      </ExtendedData>
      <Point>
        <coordinates>
          104.4926,16.9499,0
        </coordinates>
      </Point>
    </Placemark>
    <Placemark>
      <name>LT5-SG-2425-0100-1+747</name>
      <description><![CDATA[Lat:  16.9499<br>Long: 104.4929]]></description>
      <styleUrl>#icon-1899-0288D1</styleUrl>
      <ExtendedData>
        <Data name="Lat">
          <value> 16.9499</value>
        </Data>
        <Data name="Long">
          <value>104.4929</value>
        </Data>
      </ExtendedData>
      <Point>
        <coordinates>
          104.4929,16.9499,0
        </coordinates>
      </Point>
    </Placemark>
    <Placemark>
      <name>LT6-SG-2425-0100-1+780</name>
      <description><![CDATA[Lat:  16.9498<br>Long: 104.4933]]></description>
      <styleUrl>#icon-1899-0288D1</styleUrl>
      <ExtendedData>
        <Data name="Lat">
          <value> 16.9498</value>
        </Data>
        <Data name="Long">
          <value>104.4933</value>
        </Data>
      </ExtendedData>
      <Point>
        <coordinates>
          104.4933,16.9498,0
        </coordinates>
      </Point>
    </Placemark>
    <Placemark>
      <name>LT7-SG-2425-0100-1+813</name>
      <description><![CDATA[Lat: 16.9497<br>Long: 104.4937]]></description>
      <styleUrl>#icon-1899-0288D1</styleUrl>
      <ExtendedData>
        <Data name="Lat">
          <value>16.9497</value>
        </Data>
        <Data name="Long">
          <value>104.4937</value>
        </Data>
      </ExtendedData>
      <Point>
        <coordinates>
          104.4937,16.9497,0
        </coordinates>
      </Point>
    </Placemark>
    <Placemark>
      <name>LT8-SG-2425-0100-1+873</name>
      <description><![CDATA[Lat:  16.9496<br>Long: 104.4943]]></description>
      <styleUrl>#icon-1899-0288D1</styleUrl>
      <ExtendedData>
        <Data name="Lat">
          <value> 16.9496</value>
        </Data>
        <Data name="Long">
          <value>104.4943</value>
        </Data>
      </ExtendedData>
      <Point>
        <coordinates>
          104.4943,16.9496,0
        </coordinates>
      </Point>
    </Placemark>
    <Placemark>
      <name>LT9-SG-2425-0100-1+933</name>
      <description><![CDATA[Lat:  16.9495<br>Long: 104.4949]]></description>
      <styleUrl>#icon-1899-0288D1</styleUrl>
      <ExtendedData>
        <Data name="Lat">
          <value> 16.9495</value>
        </Data>
        <Data name="Long">
          <value>104.4949</value>
        </Data>
      </ExtendedData>
      <Point>
        <coordinates>
          104.4949,16.9495,0
        </coordinates>
      </Point>
    </Placemark>
    <Placemark>
      <name>LT10-SG-2425-0100-1+993</name>
      <description><![CDATA[Lat:  16.9493<br>Long: 104.4954]]></description>
      <styleUrl>#icon-1899-0288D1</styleUrl>
      <ExtendedData>
        <Data name="Lat">
          <value> 16.9493</value>
        </Data>
        <Data name="Long">
          <value>104.4954</value>
        </Data>
      </ExtendedData>
      <Point>
        <coordinates>
          104.4954,16.9493,0
        </coordinates>
      </Point>
    </Placemark>
    <Placemark>
      <name>LT11-SG-2425-0100-2+053</name>
      <description><![CDATA[Lat:  16.9490<br>Long: 104.4959]]></description>
      <styleUrl>#icon-1899-0288D1</styleUrl>
      <ExtendedData>
        <Data name="Lat">
          <value> 16.9490</value>
        </Data>
        <Data name="Long">
          <value>104.4959</value>
        </Data>
      </ExtendedData>
      <Point>
        <coordinates>
          104.4959,16.949,0
        </coordinates>
      </Point>
    </Placemark>
    <Placemark>
      <name>LT12-SG-2425-0100-2+113</name>
      <description><![CDATA[Lat:  16.9488<br>Long: 104.4964]]></description>
      <styleUrl>#icon-1899-0288D1</styleUrl>
      <ExtendedData>
        <Data name="Lat">
          <value> 16.9488</value>
        </Data>
        <Data name="Long">
          <value>104.4964</value>
        </Data>
      </ExtendedData>
      <Point>
        <coordinates>
          104.4964,16.9488,0
        </coordinates>
      </Point>
    </Placemark>
    <Placemark>
      <name>LT13-SG-2425-0100-2+173</name>
      <description><![CDATA[Lat:  16.9485<br>Long: 104.4970]]></description>
      <styleUrl>#icon-1899-0288D1</styleUrl>
      <ExtendedData>
        <Data name="Lat">
          <value> 16.9485</value>
        </Data>
        <Data name="Long">
          <value>104.4970</value>
        </Data>
      </ExtendedData>
      <Point>
        <coordinates>
          104.497,16.9485,0
        </coordinates>
      </Point>
    </Placemark>
    <Placemark>
      <name>LT14-SG-2425-0100-2+233</name>
      <description><![CDATA[Lat:  16.9483<br>Long: 104.4975]]></description>
      <styleUrl>#icon-1899-0288D1</styleUrl>
      <ExtendedData>
        <Data name="Lat">
          <value> 16.9483</value>
        </Data>
        <Data name="Long">
          <value>104.4975</value>
        </Data>
      </ExtendedData>
      <Point>
        <coordinates>
          104.4975,16.9483,0
        </coordinates>
      </Point>
    </Placemark>
    <Placemark>
      <name>LT15-SG-2425-0100-2+293</name>
      <description><![CDATA[Lat:  16.9481<br>Long: 104.4981]]></description>
      <styleUrl>#icon-1899-0288D1</styleUrl>
      <ExtendedData>
        <Data name="Lat">
          <value> 16.9481</value>
        </Data>
        <Data name="Long">
          <value>104.4981</value>
        </Data>
      </ExtendedData>
      <Point>
        <coordinates>
          104.4981,16.9481,0
        </coordinates>
      </Point>
    </Placemark>
    <Placemark>
      <name>LT16-SG-2425-0100-2+353</name>
      <description><![CDATA[Lat:  16.9478<br>Long: 104.4988]]></description>
      <styleUrl>#icon-1899-0288D1</styleUrl>
      <ExtendedData>
        <Data name="Lat">
          <value> 16.9478</value>
        </Data>
        <Data name="Long">
          <value>104.4988</value>
        </Data>
      </ExtendedData>
      <Point>
        <coordinates>
          104.4988,16.9478,0
        </coordinates>
      </Point>
    </Placemark>
    <Placemark>
      <name>LT17-SG-2425-0100-2+413</name>
      <description><![CDATA[Lat:  16.9476<br>Long: 104.4994]]></description>
      <styleUrl>#icon-1899-0288D1</styleUrl>
      <ExtendedData>
        <Data name="Lat">
          <value> 16.9476</value>
        </Data>
        <Data name="Long">
          <value>104.4994</value>
        </Data>
      </ExtendedData>
      <Point>
        <coordinates>
          104.4994,16.9476,0
        </coordinates>
      </Point>
    </Placemark>
    <Placemark>
      <name>LT18-SG-2425-0100-2+473</name>
      <description><![CDATA[Lat:  16.9472<br>Long: 104.5004]]></description>
      <styleUrl>#icon-1899-0288D1</styleUrl>
      <ExtendedData>
        <Data name="Lat">
          <value> 16.9472</value>
        </Data>
        <Data name="Long">
          <value>104.5004</value>
        </Data>
      </ExtendedData>
      <Point>
        <coordinates>
          104.5004,16.9472,0
        </coordinates>
      </Point>
    </Placemark>
    <Placemark>
      <name>LT19-SG-2425-0100-2+533</name>
      <description><![CDATA[Lat:  16.9469<br>Long: 104.5011]]></description>
      <styleUrl>#icon-1899-0288D1</styleUrl>
      <ExtendedData>
        <Data name="Lat">
          <value> 16.9469</value>
        </Data>
        <Data name="Long">
          <value>104.5011</value>
        </Data>
      </ExtendedData>
      <Point>
        <coordinates>
          104.5011,16.9469,0
        </coordinates>
      </Point>
    </Placemark>
    <Placemark>
      <name>LT20-SG-2425-0100-2+593</name>
      <description><![CDATA[Lat: 16.9467<br>Long: 104.5017]]></description>
      <styleUrl>#icon-1899-0288D1</styleUrl>
      <ExtendedData>
        <Data name="Lat">
          <value>16.9467</value>
        </Data>
        <Data name="Long">
          <value>104.5017</value>
        </Data>
      </ExtendedData>
      <Point>
        <coordinates>
          104.5017,16.9467,0
        </coordinates>
      </Point>
    </Placemark>
    <Placemark>
      <name>LT21-SG-2425-0100-2+653</name>
      <description><![CDATA[Lat: 16.9464<br>Long: 104.5024]]></description>
      <styleUrl>#icon-1899-0288D1</styleUrl>
      <ExtendedData>
        <Data name="Lat">
          <value>16.9464</value>
        </Data>
        <Data name="Long">
          <value>104.5024</value>
        </Data>
      </ExtendedData>
      <Point>
        <coordinates>
          104.5024,16.9464,0
        </coordinates>
      </Point>
    </Placemark>
    <Placemark>
      <name>LT22-SG-2425-0100-2+713</name>
      <description><![CDATA[Lat:  16.9462<br>Long: 104.5029]]></description>
      <styleUrl>#icon-1899-0288D1</styleUrl>
      <ExtendedData>
        <Data name="Lat">
          <value> 16.9462</value>
        </Data>
        <Data name="Long">
          <value>104.5029</value>
        </Data>
      </ExtendedData>
      <Point>
        <coordinates>
          104.5029,16.9462,0
        </coordinates>
      </Point>
    </Placemark>
    <Placemark>
      <name>LT23-SG-2425-0100-2+773</name>
      <description><![CDATA[Lat:  16.9459<br>Long: 104.5035]]></description>
      <styleUrl>#icon-1899-0288D1</styleUrl>
      <ExtendedData>
        <Data name="Lat">
          <value> 16.9459</value>
        </Data>
        <Data name="Long">
          <value>104.5035</value>
        </Data>
      </ExtendedData>
      <Point>
        <coordinates>
          104.5035,16.9459,0
        </coordinates>
      </Point>
    </Placemark>
    <Placemark>
      <name>RT4-SG-2425-0100-1+681</name>
      <description><![CDATA[Lat:  16.9498<br>Long: 104.4922]]></description>
      <styleUrl>#icon-1899-0288D1</styleUrl>
      <ExtendedData>
        <Data name="Lat">
          <value> 16.9498</value>
        </Data>
        <Data name="Long">
          <value>104.4922</value>
        </Data>
      </ExtendedData>
      <Point>
        <coordinates>
          104.4922,16.9498,0
        </coordinates>
      </Point>
    </Placemark>
    <Placemark>
      <name>RT5-SG-2425-0100-1+711</name>
      <description><![CDATA[Lat:  16.9497<br>Long: 104.4925]]></description>
      <styleUrl>#icon-1899-0288D1</styleUrl>
      <ExtendedData>
        <Data name="Lat">
          <value> 16.9497</value>
        </Data>
        <Data name="Long">
          <value>104.4925</value>
        </Data>
      </ExtendedData>
      <Point>
        <coordinates>
          104.4925,16.9497,0
        </coordinates>
      </Point>
    </Placemark>
    <Placemark>
      <name>RT6-SG-2425-0100-1+741</name>
      <description><![CDATA[Lat:  16.9496<br>Long: 104.4929]]></description>
      <styleUrl>#icon-1899-0288D1</styleUrl>
      <ExtendedData>
        <Data name="Lat">
          <value> 16.9496</value>
        </Data>
        <Data name="Long">
          <value>104.4929</value>
        </Data>
      </ExtendedData>
      <Point>
        <coordinates>
          104.4929,16.9496,0
        </coordinates>
      </Point>
    </Placemark>
    <Placemark>
      <name>RT7-SG-2425-0100-1+771</name>
      <description><![CDATA[Lat:  16.9496<br>Long: 104.4933]]></description>
      <styleUrl>#icon-1899-0288D1</styleUrl>
      <ExtendedData>
        <Data name="Lat">
          <value> 16.9496</value>
        </Data>
        <Data name="Long">
          <value>104.4933</value>
        </Data>
      </ExtendedData>
      <Point>
        <coordinates>
          104.4933,16.9496,0
        </coordinates>
      </Point>
    </Placemark>
    <Placemark>
      <name>RT8-SG-2425-0100-1+801</name>
      <description><![CDATA[Lat:  16.9495<br>Long: 104.4936]]></description>
      <styleUrl>#icon-1899-0288D1</styleUrl>
      <ExtendedData>
        <Data name="Lat">
          <value> 16.9495</value>
        </Data>
        <Data name="Long">
          <value>104.4936</value>
        </Data>
      </ExtendedData>
      <Point>
        <coordinates>
          104.4936,16.9495,0
        </coordinates>
      </Point>
    </Placemark>
    <Placemark>
      <name>RT9-SG-2425-0100-1+831</name>
      <description><![CDATA[Lat:  16.9494<br>Long: 104.4942]]></description>
      <styleUrl>#icon-1899-0288D1</styleUrl>
      <ExtendedData>
        <Data name="Lat">
          <value> 16.9494</value>
        </Data>
        <Data name="Long">
          <value>104.4942</value>
        </Data>
      </ExtendedData>
      <Point>
        <coordinates>
          104.4942,16.9494,0
        </coordinates>
      </Point>
    </Placemark>
    <Placemark>
      <name>RT10-SG-2425-0100-1+861</name>
      <description><![CDATA[Lat:  16.9493<br>Long: 104.4948]]></description>
      <styleUrl>#icon-1899-0288D1</styleUrl>
      <ExtendedData>
        <Data name="Lat">
          <value> 16.9493</value>
        </Data>
        <Data name="Long">
          <value>104.4948</value>
        </Data>
      </ExtendedData>
      <Point>
        <coordinates>
          104.4948,16.9493,0
        </coordinates>
      </Point>
    </Placemark>
    <Placemark>
      <name>RT11-SG-2425-0100-1+891</name>
      <description><![CDATA[Lat:  16.9491<br>Long: 104.4954]]></description>
      <styleUrl>#icon-1899-0288D1</styleUrl>
      <ExtendedData>
        <Data name="Lat">
          <value> 16.9491</value>
        </Data>
        <Data name="Long">
          <value>104.4954</value>
        </Data>
      </ExtendedData>
      <Point>
        <coordinates>
          104.4954,16.9491,0
        </coordinates>
      </Point>
    </Placemark>
    <Placemark>
      <name>RT12-SG-2425-0100-1+921</name>
      <description><![CDATA[Lat:  16.9489<br>Long: 104.4959]]></description>
      <styleUrl>#icon-1899-0288D1</styleUrl>
      <ExtendedData>
        <Data name="Lat">
          <value> 16.9489</value>
        </Data>
        <Data name="Long">
          <value>104.4959</value>
        </Data>
      </ExtendedData>
      <Point>
        <coordinates>
          104.4959,16.9489,0
        </coordinates>
      </Point>
    </Placemark>
    <Placemark>
      <name>RT13-SG-2425-0100-1+951</name>
      <description><![CDATA[Lat:  16.9487<br>Long: 104.4964]]></description>
      <styleUrl>#icon-1899-0288D1</styleUrl>
      <ExtendedData>
        <Data name="Lat">
          <value> 16.9487</value>
        </Data>
        <Data name="Long">
          <value>104.4964</value>
        </Data>
      </ExtendedData>
      <Point>
        <coordinates>
          104.4964,16.9487,0
        </coordinates>
      </Point>
    </Placemark>
    <Placemark>
      <name>RT14-SG-2425-0100-1+981</name>
      <description><![CDATA[Lat:  16.9484<br>Long: 104.4970]]></description>
      <styleUrl>#icon-1899-0288D1</styleUrl>
      <ExtendedData>
        <Data name="Lat">
          <value> 16.9484</value>
        </Data>
        <Data name="Long">
          <value>104.4970</value>
        </Data>
      </ExtendedData>
      <Point>
        <coordinates>
          104.497,16.9484,0
        </coordinates>
      </Point>
    </Placemark>
    <Placemark>
      <name>RT15-SG-2425-0100-2+011</name>
      <description><![CDATA[Lat:  16.9482<br>Long: 104.4975]]></description>
      <styleUrl>#icon-1899-0288D1</styleUrl>
      <ExtendedData>
        <Data name="Lat">
          <value> 16.9482</value>
        </Data>
        <Data name="Long">
          <value>104.4975</value>
        </Data>
      </ExtendedData>
      <Point>
        <coordinates>
          104.4975,16.9482,0
        </coordinates>
      </Point>
    </Placemark>
    <Placemark>
      <name>RT16-SG-2425-0100-2+041</name>
      <description><![CDATA[Lat:  16.9481<br>Long: 104.4978]]></description>
      <styleUrl>#icon-1899-0288D1</styleUrl>
      <ExtendedData>
        <Data name="Lat">
          <value> 16.9481</value>
        </Data>
        <Data name="Long">
          <value>104.4978</value>
        </Data>
      </ExtendedData>
      <Point>
        <coordinates>
          104.4978,16.9481,0
        </coordinates>
      </Point>
    </Placemark>
    <Placemark>
      <name>RT17-SG-2425-0100-2+071</name>
      <description><![CDATA[Lat:  16.9478<br>Long: 104.4984]]></description>
      <styleUrl>#icon-1899-0288D1</styleUrl>
      <ExtendedData>
        <Data name="Lat">
          <value> 16.9478</value>
        </Data>
        <Data name="Long">
          <value>104.4984</value>
        </Data>
      </ExtendedData>
      <Point>
        <coordinates>
          104.4984,16.9478,0
        </coordinates>
      </Point>
    </Placemark>
    <Placemark>
      <name>RT18-SG-2425-0100-2+101</name>
      <description><![CDATA[Lat:  16.9476<br>Long: 104.4990]]></description>
      <styleUrl>#icon-1899-0288D1</styleUrl>
      <ExtendedData>
        <Data name="Lat">
          <value> 16.9476</value>
        </Data>
        <Data name="Long">
          <value>104.4990</value>
        </Data>
      </ExtendedData>
      <Point>
        <coordinates>
          104.499,16.9476,0
        </coordinates>
      </Point>
    </Placemark>
    <Placemark>
      <name>RT19-SG-2425-0100-2+131</name>
      <description><![CDATA[Lat:  16.9473<br>Long: 104.4996]]></description>
      <styleUrl>#icon-1899-0288D1</styleUrl>
      <ExtendedData>
        <Data name="Lat">
          <value> 16.9473</value>
        </Data>
        <Data name="Long">
          <value>104.4996</value>
        </Data>
      </ExtendedData>
      <Point>
        <coordinates>
          104.4996,16.9473,0
        </coordinates>
      </Point>
    </Placemark>
    <Placemark>
      <name>RT20-SG-2425-0100-2+161</name>
      <description><![CDATA[Lat:  16.9471<br>Long: 104.5002]]></description>
      <styleUrl>#icon-1899-0288D1</styleUrl>
      <ExtendedData>
        <Data name="Lat">
          <value> 16.9471</value>
        </Data>
        <Data name="Long">
          <value>104.5002</value>
        </Data>
      </ExtendedData>
      <Point>
        <coordinates>
          104.5002,16.9471,0
        </coordinates>
      </Point>
    </Placemark>
    <Placemark>
      <name>RT21-SG-2425-0100-2+191</name>
      <description><![CDATA[Lat:  16.9468<br>Long: 104.5008]]></description>
      <styleUrl>#icon-1899-0288D1</styleUrl>
      <ExtendedData>
        <Data name="Lat">
          <value> 16.9468</value>
        </Data>
        <Data name="Long">
          <value>104.5008</value>
        </Data>
      </ExtendedData>
      <Point>
        <coordinates>
          104.5008,16.9468,0
        </coordinates>
      </Point>
    </Placemark>
    <Placemark>
      <name>RT22-SG-2425-0100-2+221</name>
      <description><![CDATA[Lat:  16.9466<br>Long: 104.5013]]></description>
      <styleUrl>#icon-1899-0288D1</styleUrl>
      <ExtendedData>
        <Data name="Lat">
          <value> 16.9466</value>
        </Data>
        <Data name="Long">
          <value>104.5013</value>
        </Data>
      </ExtendedData>
      <Point>
        <coordinates>
          104.5013,16.9466,0
        </coordinates>
      </Point>
    </Placemark>
    <Placemark>
      <name>RT23-SG-2425-0100-2+251</name>
      <description><![CDATA[Lat: 16.9463<br>Long: 104.5020]]></description>
      <styleUrl>#icon-1899-0288D1</styleUrl>
      <ExtendedData>
        <Data name="Lat">
          <value>16.9463</value>
        </Data>
        <Data name="Long">
          <value>104.5020</value>
        </Data>
      </ExtendedData>
      <Point>
        <coordinates>
          104.502,16.9463,0
        </coordinates>
      </Point>
    </Placemark>
    <Placemark>
      <name>RT24-SG-2425-0100-2+281</name>
      <description><![CDATA[Lat:  16.9461<br>Long: 104.5025]]></description>
      <styleUrl>#icon-1899-0288D1</styleUrl>
      <ExtendedData>
        <Data name="Lat">
          <value> 16.9461</value>
        </Data>
        <Data name="Long">
          <value>104.5025</value>
        </Data>
      </ExtendedData>
      <Point>
        <coordinates>
          104.5025,16.9461,0
        </coordinates>
      </Point>
    </Placemark>
    <Placemark>
      <name>RT25-SG-2425-0100-2+311</name>
      <description><![CDATA[Lat:  16.9459<br>Long: 104.5031]]></description>
      <styleUrl>#icon-1899-0288D1</styleUrl>
      <ExtendedData>
        <Data name="Lat">
          <value> 16.9459</value>
        </Data>
        <Data name="Long">
          <value>104.5031</value>
        </Data>
      </ExtendedData>
      <Point>
        <coordinates>
          104.5031,16.9459,0
        </coordinates>
      </Point>
    </Placemark>
    <Placemark>
      <name>RT26-SG-2425-0100-2+461</name>
      <description><![CDATA[Lat:  16.9456<br>Long: 104.5039]]></description>
      <styleUrl>#icon-1899-0288D1</styleUrl>
      <ExtendedData>
        <Data name="Lat">
          <value> 16.9456</value>
        </Data>
        <Data name="Long">
          <value>104.5039</value>
        </Data>
      </ExtendedData>
      <Point>
        <coordinates>
          104.5039,16.9456,0
        </coordinates>
      </Point>
    </Placemark>
    <Placemark>
      <name>RT27-SG-2425-0100-2+516</name>
      <description><![CDATA[Lat:  16.9454<br>Long: 104.5044]]></description>
      <styleUrl>#icon-1899-0288D1</styleUrl>
      <ExtendedData>
        <Data name="Lat">
          <value> 16.9454</value>
        </Data>
        <Data name="Long">
          <value>104.5044</value>
        </Data>
      </ExtendedData>
      <Point>
        <coordinates>
          104.5044,16.9454,0
        </coordinates>
      </Point>
    </Placemark>
    <Placemark>
      <name>RT28-SG-2425-0100-2+571</name>
      <description><![CDATA[Lat:  16.9453<br>Long: 104.5050]]></description>
      <styleUrl>#icon-1899-0288D1</styleUrl>
      <ExtendedData>
        <Data name="Lat">
          <value> 16.9453</value>
        </Data>
        <Data name="Long">
          <value>104.5050</value>
        </Data>
      </ExtendedData>
      <Point>
        <coordinates>
          104.505,16.9453,0
        </coordinates>
      </Point>
    </Placemark>
    <Placemark>
      <name>RT29-SG-2425-0100-2+626</name>
      <description><![CDATA[Lat:  16.9451<br>Long: 104.5055]]></description>
      <styleUrl>#icon-1899-0288D1</styleUrl>
      <ExtendedData>
        <Data name="Lat">
          <value> 16.9451</value>
        </Data>
        <Data name="Long">
          <value>104.5055</value>
        </Data>
      </ExtendedData>
      <Point>
        <coordinates>
          104.5055,16.9451,0
        </coordinates>
      </Point>
    </Placemark>
    <Placemark>
      <name>RT30-SG-2425-0100-2+681</name>
      <description><![CDATA[Lat:  16.9450<br>Long: 104.5061]]></description>
      <styleUrl>#icon-1899-0288D1</styleUrl>
      <ExtendedData>
        <Data name="Lat">
          <value> 16.9450</value>
        </Data>
        <Data name="Long">
          <value>104.5061</value>
        </Data>
      </ExtendedData>
      <Point>
        <coordinates>
          104.5061,16.945,0
        </coordinates>
      </Point>
    </Placemark>
    <Placemark>
      <name>RT31-SG-2425-0100-2+736</name>
      <description><![CDATA[Lat:  16.9449<br>Long: 104.5067]]></description>
      <styleUrl>#icon-1899-0288D1</styleUrl>
      <ExtendedData>
        <Data name="Lat">
          <value> 16.9449</value>
        </Data>
        <Data name="Long">
          <value>104.5067</value>
        </Data>
      </ExtendedData>
      <Point>
        <coordinates>
          104.5067,16.9449,0
        </coordinates>
      </Point>
    </Placemark>
    <Placemark>
      <name>RT32-SG-2425-0100-2+791</name>
      <description><![CDATA[Lat:  16.9448<br>Long: 104.5073]]></description>
      <styleUrl>#icon-1899-0288D1</styleUrl>
      <ExtendedData>
        <Data name="Lat">
          <value> 16.9448</value>
        </Data>
        <Data name="Long">
          <value>104.5073</value>
        </Data>
      </ExtendedData>
      <Point>
        <coordinates>
          104.5073,16.9448,0
        </coordinates>
      </Point>
    </Placemark>
    <Placemark>
      <name>RT33-SG-2425-0100-2+846</name>
      <description><![CDATA[Lat: 16.9447<br>Long: 104.5077]]></description>
      <styleUrl>#icon-1899-0288D1</styleUrl>
      <ExtendedData>
        <Data name="Lat">
          <value>16.9447</value>
        </Data>
        <Data name="Long">
          <value>104.5077</value>
        </Data>
      </ExtendedData>
      <Point>
        <coordinates>
          104.5077,16.9447,0
        </coordinates>
      </Point>
    </Placemark>
    <Placemark>
      <name>RT34-SG-2425-0100-2+901</name>
      <description><![CDATA[Lat:  16.9446<br>Long: 104.5083]]></description>
      <styleUrl>#icon-1899-0288D1</styleUrl>
      <ExtendedData>
        <Data name="Lat">
          <value> 16.9446</value>
        </Data>
        <Data name="Long">
          <value>104.5083</value>
        </Data>
      </ExtendedData>
      <Point>
        <coordinates>
          104.5083,16.9446,0
        </coordinates>
      </Point>
    </Placemark>
    <Placemark>
      <name>RT35-SG-2425-0100-2+956</name>
      <description><![CDATA[Lat:  16.9445<br>Long: 104.5088]]></description>
      <styleUrl>#icon-1899-0288D1</styleUrl>
      <ExtendedData>
        <Data name="Lat">
          <value> 16.9445</value>
        </Data>
        <Data name="Long">
          <value>104.5088</value>
        </Data>
      </ExtendedData>
      <Point>
        <coordinates>
          104.5088,16.9445,0
        </coordinates>
      </Point>
    </Placemark>
    <Placemark>
      <name>RT36-SG-2425-0100-3+011</name>
      <description><![CDATA[Lat:  16.9443<br>Long: 104.5093]]></description>
      <styleUrl>#icon-1899-0288D1</styleUrl>
      <ExtendedData>
        <Data name="Lat">
          <value> 16.9443</value>
        </Data>
        <Data name="Long">
          <value>104.5093</value>
        </Data>
      </ExtendedData>
      <Point>
        <coordinates>
          104.5093,16.9443,0
        </coordinates>
      </Point>
    </Placemark>
    <Placemark>
      <name>RT37-SG-2425-0100-3+046</name>
      <description><![CDATA[Lat:  16.9443<br>Long: 104.5097]]></description>
      <styleUrl>#icon-1899-0288D1</styleUrl>
      <ExtendedData>
        <Data name="Lat">
          <value> 16.9443</value>
        </Data>
        <Data name="Long">
          <value>104.5097</value>
        </Data>
      </ExtendedData>
      <Point>
        <coordinates>
          104.5097,16.9443,0
        </coordinates>
      </Point>
    </Placemark>
    <Placemark>
      <name>RT38-SG-2425-0100-3+146</name>
      <description><![CDATA[Lat: 16.9441<br>Long: 104.5104]]></description>
      <styleUrl>#icon-1899-0288D1</styleUrl>
      <ExtendedData>
        <Data name="Lat">
          <value>16.9441</value>
        </Data>
        <Data name="Long">
          <value>104.5104</value>
        </Data>
      </ExtendedData>
      <Point>
        <coordinates>
          104.5104,16.9441,0
        </coordinates>
      </Point>
    </Placemark>
    <Placemark>
      <name>MD32-SG-2425-0100-3+246</name>
      <description><![CDATA[Lat: 16.9444<br>Long: 104.5098]]></description>
      <styleUrl>#icon-1899-0288D1</styleUrl>
      <ExtendedData>
        <Data name="Lat">
          <value>16.9444</value>
        </Data>
        <Data name="Long">
          <value>104.5098</value>
        </Data>
      </ExtendedData>
      <Point>
        <coordinates>
          104.5098,16.9444,0
        </coordinates>
      </Point>
    </Placemark>
    <Placemark>
      <name>MD33-DB-2425-0100-3+279</name>
      <description><![CDATA[Lat: 16.9443<br>Long: 104.5100]]></description>
      <styleUrl>#icon-1899-0288D1</styleUrl>
      <ExtendedData>
        <Data name="Lat">
          <value>16.9443</value>
        </Data>
        <Data name="Long">
          <value>104.5100</value>
        </Data>
      </ExtendedData>
      <Point>
        <coordinates>
          104.51,16.9443,0
        </coordinates>
      </Point>
    </Placemark>
    <Placemark>
      <name>MD34-DB-2425-0100-3+312</name>
      <description><![CDATA[Lat: 16.9443<br>Long: 104.5103]]></description>
      <styleUrl>#icon-1899-0288D1</styleUrl>
      <ExtendedData>
        <Data name="Lat">
          <value>16.9443</value>
        </Data>
        <Data name="Long">
          <value>104.5103</value>
        </Data>
      </ExtendedData>
      <Point>
        <coordinates>
          104.5103,16.9443,0
        </coordinates>
      </Point>
    </Placemark>
    <Placemark>
      <name>MD35-DB-2425-0100-3+345</name>
      <description><![CDATA[Lat:  16.9442<br>Long: 104.5106]]></description>
      <styleUrl>#icon-1899-0288D1</styleUrl>
      <ExtendedData>
        <Data name="Lat">
          <value> 16.9442</value>
        </Data>
        <Data name="Long">
          <value>104.5106</value>
        </Data>
      </ExtendedData>
      <Point>
        <coordinates>
          104.5106,16.9442,0
        </coordinates>
      </Point>
    </Placemark>
    <Placemark>
      <name>MD36-DB-2425-0100-3+378</name>
      <description><![CDATA[Lat: 16.9441<br>Long: 104.5109]]></description>
      <styleUrl>#icon-1899-0288D1</styleUrl>
      <ExtendedData>
        <Data name="Lat">
          <value>16.9441</value>
        </Data>
        <Data name="Long">
          <value>104.5109</value>
        </Data>
      </ExtendedData>
      <Point>
        <coordinates>
          104.5109,16.9441,0
        </coordinates>
      </Point>
    </Placemark>
    <Placemark>
      <name>MD37-DB-2425-0100-3+411</name>
      <description><![CDATA[Lat: 16.9441<br>Long: 104.5112]]></description>
      <styleUrl>#icon-1899-0288D1</styleUrl>
      <ExtendedData>
        <Data name="Lat">
          <value>16.9441</value>
        </Data>
        <Data name="Long">
          <value>104.5112</value>
        </Data>
      </ExtendedData>
      <Point>
        <coordinates>
          104.5112,16.9441,0
        </coordinates>
      </Point>
    </Placemark>
    <Placemark>
      <name>MD38-DB-2425-0100-3+444</name>
      <description><![CDATA[Lat:  16.9440<br>Long: 104.5115]]></description>
      <styleUrl>#icon-1899-0288D1</styleUrl>
      <ExtendedData>
        <Data name="Lat">
          <value> 16.9440</value>
        </Data>
        <Data name="Long">
          <value>104.5115</value>
        </Data>
      </ExtendedData>
      <Point>
        <coordinates>
          104.5115,16.944,0
        </coordinates>
      </Point>
    </Placemark>
    <Placemark>
      <name>MD39-DB-2425-0100-3+477</name>
      <description><![CDATA[Lat:  16.9440<br>Long: 104.5118]]></description>
      <styleUrl>#icon-1899-0288D1</styleUrl>
      <ExtendedData>
        <Data name="Lat">
          <value> 16.9440</value>
        </Data>
        <Data name="Long">
          <value>104.5118</value>
        </Data>
      </ExtendedData>
      <Point>
        <coordinates>
          104.5118,16.944,0
        </coordinates>
      </Point>
    </Placemark>
    <Placemark>
      <name>MD40-DB-2425-0100-3+510</name>
      <description><![CDATA[Lat:  16.9439<br>Long: 104.5121]]></description>
      <styleUrl>#icon-1899-0288D1</styleUrl>
      <ExtendedData>
        <Data name="Lat">
          <value> 16.9439</value>
        </Data>
        <Data name="Long">
          <value>104.5121</value>
        </Data>
      </ExtendedData>
      <Point>
        <coordinates>
          104.5121,16.9439,0
        </coordinates>
      </Point>
    </Placemark>
    <Placemark>
      <name>MD40-DB-2425-0100-3+543</name>
      <description><![CDATA[Lat:  16.9439<br>Long: 104.5122]]></description>
      <styleUrl>#icon-1899-0288D1</styleUrl>
      <ExtendedData>
        <Data name="Lat">
          <value> 16.9439</value>
        </Data>
        <Data name="Long">
          <value>104.5122</value>
        </Data>
      </ExtendedData>
      <Point>
        <coordinates>
          104.5122,16.9439,0
        </coordinates>
      </Point>
    </Placemark>
    <Placemark>
      <name>MD41-DB-2425-0100-3+576</name>
      <description><![CDATA[Lat:  16.9438<br>Long: 104.5126]]></description>
      <styleUrl>#icon-1899-0288D1</styleUrl>
      <ExtendedData>
        <Data name="Lat">
          <value> 16.9438</value>
        </Data>
        <Data name="Long">
          <value>104.5126</value>
        </Data>
      </ExtendedData>
      <Point>
        <coordinates>
          104.5126,16.9438,0
        </coordinates>
      </Point>
    </Placemark>
    <Placemark>
      <name>MD42-DB-2425-0100-3+609</name>
      <description><![CDATA[Lat:  16.9437<br>Long: 104.5129]]></description>
      <styleUrl>#icon-1899-0288D1</styleUrl>
      <ExtendedData>
        <Data name="Lat">
          <value> 16.9437</value>
        </Data>
        <Data name="Long">
          <value>104.5129</value>
        </Data>
      </ExtendedData>
      <Point>
        <coordinates>
          104.5129,16.9437,0
        </coordinates>
      </Point>
    </Placemark>
    <Placemark>
      <name>MD43-DB-2425-0100-3+642</name>
      <description><![CDATA[Lat:  16.9436<br>Long: 104.5132]]></description>
      <styleUrl>#icon-1899-0288D1</styleUrl>
      <ExtendedData>
        <Data name="Lat">
          <value> 16.9436</value>
        </Data>
        <Data name="Long">
          <value>104.5132</value>
        </Data>
      </ExtendedData>
      <Point>
        <coordinates>
          104.5132,16.9436,0
        </coordinates>
      </Point>
    </Placemark>
    <Placemark>
      <name>MD44-DB-2425-0100-3+675</name>
      <description><![CDATA[Lat:  16.9436<br>Long: 104.5135]]></description>
      <styleUrl>#icon-1899-0288D1</styleUrl>
      <ExtendedData>
        <Data name="Lat">
          <value> 16.9436</value>
        </Data>
        <Data name="Long">
          <value>104.5135</value>
        </Data>
      </ExtendedData>
      <Point>
        <coordinates>
          104.5135,16.9436,0
        </coordinates>
      </Point>
    </Placemark>
    <Placemark>
      <name>MD45-DB-2425-0100-3+708</name>
      <description><![CDATA[Lat:  16.9435<br>Long: 104.5138]]></description>
      <styleUrl>#icon-1899-0288D1</styleUrl>
      <ExtendedData>
        <Data name="Lat">
          <value> 16.9435</value>
        </Data>
        <Data name="Long">
          <value>104.5138</value>
        </Data>
      </ExtendedData>
      <Point>
        <coordinates>
          104.5138,16.9435,0
        </coordinates>
      </Point>
    </Placemark>
    <Placemark>
      <name>MD46-DB-2425-0100-3+741</name>
      <description><![CDATA[Lat:  16.9435<br>Long: 104.5141]]></description>
      <styleUrl>#icon-1899-0288D1</styleUrl>
      <ExtendedData>
        <Data name="Lat">
          <value> 16.9435</value>
        </Data>
        <Data name="Long">
          <value>104.5141</value>
        </Data>
      </ExtendedData>
      <Point>
        <coordinates>
          104.5141,16.9435,0
        </coordinates>
      </Point>
    </Placemark>
    <Placemark>
      <name>MD47-DB-2425-0100-3+774</name>
      <description><![CDATA[Lat:  16.9434<br>Long: 104.5144]]></description>
      <styleUrl>#icon-1899-0288D1</styleUrl>
      <ExtendedData>
        <Data name="Lat">
          <value> 16.9434</value>
        </Data>
        <Data name="Long">
          <value>104.5144</value>
        </Data>
      </ExtendedData>
      <Point>
        <coordinates>
          104.5144,16.9434,0
        </coordinates>
      </Point>
    </Placemark>
    <Placemark>
      <name>MD48-DB-2425-0100-3+807</name>
      <description><![CDATA[Lat:  16.9433<br>Long: 104.5147]]></description>
      <styleUrl>#icon-1899-0288D1</styleUrl>
      <ExtendedData>
        <Data name="Lat">
          <value> 16.9433</value>
        </Data>
        <Data name="Long">
          <value>104.5147</value>
        </Data>
      </ExtendedData>
      <Point>
        <coordinates>
          104.5147,16.9433,0
        </coordinates>
      </Point>
    </Placemark>
    <Placemark>
      <name>MD49-DB-2425-0100-3+840</name>
      <description><![CDATA[Lat:  16.9433<br>Long: 104.5150]]></description>
      <styleUrl>#icon-1899-0288D1</styleUrl>
      <ExtendedData>
        <Data name="Lat">
          <value> 16.9433</value>
        </Data>
        <Data name="Long">
          <value>104.5150</value>
        </Data>
      </ExtendedData>
      <Point>
        <coordinates>
          104.515,16.9433,0
        </coordinates>
      </Point>
    </Placemark>
    <Placemark>
      <name>MD50-DB-2425-0100-3+873</name>
      <description><![CDATA[Lat:  16.9432<br>Long: 104.5153]]></description>
      <styleUrl>#icon-1899-0288D1</styleUrl>
      <ExtendedData>
        <Data name="Lat">
          <value> 16.9432</value>
        </Data>
        <Data name="Long">
          <value>104.5153</value>
        </Data>
      </ExtendedData>
      <Point>
        <coordinates>
          104.5153,16.9432,0
        </coordinates>
      </Point>
    </Placemark>
    <Placemark>
      <name>RT39-SG-2425-0100-3+905</name>
      <description><![CDATA[Lat:  16.9430<br>Long: 104.5155]]></description>
      <styleUrl>#icon-1899-0288D1</styleUrl>
      <ExtendedData>
        <Data name="Lat">
          <value> 16.9430</value>
        </Data>
        <Data name="Long">
          <value>104.5155</value>
        </Data>
      </ExtendedData>
      <Point>
        <coordinates>
          104.5155,16.943,0
        </coordinates>
      </Point>
    </Placemark>
    <Placemark>
      <name>RT40-SG-2425-0100-3+937</name>
      <description><![CDATA[Lat:  16.9430<br>Long: 104.5158]]></description>
      <styleUrl>#icon-1899-0288D1</styleUrl>
      <ExtendedData>
        <Data name="Lat">
          <value> 16.9430</value>
        </Data>
        <Data name="Long">
          <value>104.5158</value>
        </Data>
      </ExtendedData>
      <Point>
        <coordinates>
          104.5158,16.943,0
        </coordinates>
      </Point>
    </Placemark>
    <Placemark>
      <name>RT41-SG-2425-0100-3+969</name>
      <description><![CDATA[Lat:  16.9429<br>Long: 104.5161]]></description>
      <styleUrl>#icon-1899-0288D1</styleUrl>
      <ExtendedData>
        <Data name="Lat">
          <value> 16.9429</value>
        </Data>
        <Data name="Long">
          <value>104.5161</value>
        </Data>
      </ExtendedData>
      <Point>
        <coordinates>
          104.5161,16.9429,0
        </coordinates>
      </Point>
    </Placemark>
    <Placemark>
      <name>RT42-SG-2425-0100-4+001</name>
      <description><![CDATA[Lat:  16.9428<br>Long: 104.5165]]></description>
      <styleUrl>#icon-1899-0288D1</styleUrl>
      <ExtendedData>
        <Data name="Lat">
          <value> 16.9428</value>
        </Data>
        <Data name="Long">
          <value>104.5165</value>
        </Data>
      </ExtendedData>
      <Point>
        <coordinates>
          104.5165,16.9428,0
        </coordinates>
      </Point>
    </Placemark>
    <Placemark>
      <name>RT43-SG-2425-0100-4+033</name>
      <description><![CDATA[Lat:  16.9428<br>Long: 104.5168]]></description>
      <styleUrl>#icon-1899-0288D1</styleUrl>
      <ExtendedData>
        <Data name="Lat">
          <value> 16.9428</value>
        </Data>
        <Data name="Long">
          <value>104.5168</value>
        </Data>
      </ExtendedData>
      <Point>
        <coordinates>
          104.5168,16.9428,0
        </coordinates>
      </Point>
    </Placemark>
    <Placemark>
      <name>RT44-SG-2425-0100-4+065</name>
      <description><![CDATA[Lat:  16.9427<br>Long: 104.5171]]></description>
      <styleUrl>#icon-1899-0288D1</styleUrl>
      <ExtendedData>
        <Data name="Lat">
          <value> 16.9427</value>
        </Data>
        <Data name="Long">
          <value>104.5171</value>
        </Data>
      </ExtendedData>
      <Point>
        <coordinates>
          104.5171,16.9427,0
        </coordinates>
      </Point>
    </Placemark>
    <Placemark>
      <name>RT45-SG-2425-0100-4+097</name>
      <description><![CDATA[Lat:  16.9426<br>Long: 104.5175]]></description>
      <styleUrl>#icon-1899-0288D1</styleUrl>
      <ExtendedData>
        <Data name="Lat">
          <value> 16.9426</value>
        </Data>
        <Data name="Long">
          <value>104.5175</value>
        </Data>
      </ExtendedData>
      <Point>
        <coordinates>
          104.5175,16.9426,0
        </coordinates>
      </Point>
    </Placemark>
    <Placemark>
      <name>LT24-SG-2425-0100-4+147</name>
      <description><![CDATA[Lat:  16.9432<br>Long: 104.5159]]></description>
      <styleUrl>#icon-1899-0288D1</styleUrl>
      <ExtendedData>
        <Data name="Lat">
          <value> 16.9432</value>
        </Data>
        <Data name="Long">
          <value>104.5159</value>
        </Data>
      </ExtendedData>
      <Point>
        <coordinates>
          104.5159,16.9432,0
        </coordinates>
      </Point>
    </Placemark>
    <Placemark>
      <name>LT25-SG-2425-0100-4+179</name>
      <description><![CDATA[Lat:  16.9431<br>Long: 104.5162]]></description>
      <styleUrl>#icon-1899-0288D1</styleUrl>
      <ExtendedData>
        <Data name="Lat">
          <value> 16.9431</value>
        </Data>
        <Data name="Long">
          <value>104.5162</value>
        </Data>
      </ExtendedData>
      <Point>
        <coordinates>
          104.5162,16.9431,0
        </coordinates>
      </Point>
    </Placemark>
    <Placemark>
      <name>LT26-SG-2425-0100-4+211</name>
      <description><![CDATA[Lat:  16.9430<br>Long: 104.5165]]></description>
      <styleUrl>#icon-1899-0288D1</styleUrl>
      <ExtendedData>
        <Data name="Lat">
          <value> 16.9430</value>
        </Data>
        <Data name="Long">
          <value>104.5165</value>
        </Data>
      </ExtendedData>
      <Point>
        <coordinates>
          104.5165,16.943,0
        </coordinates>
      </Point>
    </Placemark>
    <Placemark>
      <name>LT27-SG-2425-0100-4+243</name>
      <description><![CDATA[Lat:  16.9430<br>Long: 104.5168]]></description>
      <styleUrl>#icon-1899-0288D1</styleUrl>
      <ExtendedData>
        <Data name="Lat">
          <value> 16.9430</value>
        </Data>
        <Data name="Long">
          <value>104.5168</value>
        </Data>
      </ExtendedData>
      <Point>
        <coordinates>
          104.5168,16.943,0
        </coordinates>
      </Point>
    </Placemark>
    <Placemark>
      <name>LT28-SG-2425-0100-4+275</name>
      <description><![CDATA[Lat:  16.9429<br>Long: 104.5171]]></description>
      <styleUrl>#icon-1899-0288D1</styleUrl>
      <ExtendedData>
        <Data name="Lat">
          <value> 16.9429</value>
        </Data>
        <Data name="Long">
          <value>104.5171</value>
        </Data>
      </ExtendedData>
      <Point>
        <coordinates>
          104.5171,16.9429,0
        </coordinates>
      </Point>
    </Placemark>
    <Placemark>
      <name>LT29-SG-2425-0100-4+307</name>
      <description><![CDATA[Lat:  16.9428<br>Long: 104.5174]]></description>
      <styleUrl>#icon-1899-0288D1</styleUrl>
      <ExtendedData>
        <Data name="Lat">
          <value> 16.9428</value>
        </Data>
        <Data name="Long">
          <value>104.5174</value>
        </Data>
      </ExtendedData>
      <Point>
        <coordinates>
          104.5174,16.9428,0
        </coordinates>
      </Point>
    </Placemark>
    <Placemark>
      <name>MD50-DB-2425-0100-4+377</name>
      <description><![CDATA[Lat:  16.9426<br>Long: 104.5180]]></description>
      <styleUrl>#icon-1899-0288D1</styleUrl>
      <ExtendedData>
        <Data name="Lat">
          <value> 16.9426</value>
        </Data>
        <Data name="Long">
          <value>104.5180</value>
        </Data>
      </ExtendedData>
      <Point>
        <coordinates>
          104.518,16.9426,0
        </coordinates>
      </Point>
    </Placemark>
    <Placemark>
      <name>MD51-DB-2425-0100-4+410</name>
      <description><![CDATA[Lat:  16.9426<br>Long: 104.5183]]></description>
      <styleUrl>#icon-1899-0288D1</styleUrl>
      <ExtendedData>
        <Data name="Lat">
          <value> 16.9426</value>
        </Data>
        <Data name="Long">
          <value>104.5183</value>
        </Data>
      </ExtendedData>
      <Point>
        <coordinates>
          104.5183,16.9426,0
        </coordinates>
      </Point>
    </Placemark>
    <Placemark>
      <name>MD52-DB-2425-0100-4+443</name>
      <description><![CDATA[Lat:  16.9425<br>Long: 104.5186]]></description>
      <styleUrl>#icon-1899-0288D1</styleUrl>
      <ExtendedData>
        <Data name="Lat">
          <value> 16.9425</value>
        </Data>
        <Data name="Long">
          <value>104.5186</value>
        </Data>
      </ExtendedData>
      <Point>
        <coordinates>
          104.5186,16.9425,0
        </coordinates>
      </Point>
    </Placemark>
    <Placemark>
      <name>MD53-DB-2425-0100-4+476</name>
      <description><![CDATA[Lat:  16.9424<br>Long: 104.5190]]></description>
      <styleUrl>#icon-1899-0288D1</styleUrl>
      <ExtendedData>
        <Data name="Lat">
          <value> 16.9424</value>
        </Data>
        <Data name="Long">
          <value>104.5190</value>
        </Data>
      </ExtendedData>
      <Point>
        <coordinates>
          104.519,16.9424,0
        </coordinates>
      </Point>
    </Placemark>
    <Placemark>
      <name>MD54-DB-2425-0100-4+509</name>
      <description><![CDATA[Lat:  16.9424<br>Long: 104.5192]]></description>
      <styleUrl>#icon-1899-0288D1</styleUrl>
      <ExtendedData>
        <Data name="Lat">
          <value> 16.9424</value>
        </Data>
        <Data name="Long">
          <value>104.5192</value>
        </Data>
      </ExtendedData>
      <Point>
        <coordinates>
          104.5192,16.9424,0
        </coordinates>
      </Point>
    </Placemark>
    <Placemark>
      <name>MD55-DB-2425-0100-4+542</name>
      <description><![CDATA[Lat: 16.9423<br>Long: 104.5196]]></description>
      <styleUrl>#icon-1899-0288D1</styleUrl>
      <ExtendedData>
        <Data name="Lat">
          <value>16.9423</value>
        </Data>
        <Data name="Long">
          <value>104.5196</value>
        </Data>
      </ExtendedData>
      <Point>
        <coordinates>
          104.5196,16.9423,0
        </coordinates>
      </Point>
    </Placemark>
    <Placemark>
      <name>MD56-DB-2425-0100-4+575</name>
      <description><![CDATA[Lat:  16.9422<br>Long: 104.5198]]></description>
      <styleUrl>#icon-1899-0288D1</styleUrl>
      <ExtendedData>
        <Data name="Lat">
          <value> 16.9422</value>
        </Data>
        <Data name="Long">
          <value>104.5198</value>
        </Data>
      </ExtendedData>
      <Point>
        <coordinates>
          104.5198,16.9422,0
        </coordinates>
      </Point>
    </Placemark>
    <Placemark>
      <name>MD57-DB-2425-0100-4+608</name>
      <description><![CDATA[Lat:  16.9422<br>Long: 104.5201]]></description>
      <styleUrl>#icon-1899-0288D1</styleUrl>
      <ExtendedData>
        <Data name="Lat">
          <value> 16.9422</value>
        </Data>
        <Data name="Long">
          <value>104.5201</value>
        </Data>
      </ExtendedData>
      <Point>
        <coordinates>
          104.5201,16.9422,0
        </coordinates>
      </Point>
    </Placemark>
    <Placemark>
      <name>MD58-DB-2425-0100-4+641</name>
      <description><![CDATA[Lat:  16.9421<br>Long: 104.5204]]></description>
      <styleUrl>#icon-1899-0288D1</styleUrl>
      <ExtendedData>
        <Data name="Lat">
          <value> 16.9421</value>
        </Data>
        <Data name="Long">
          <value>104.5204</value>
        </Data>
      </ExtendedData>
      <Point>
        <coordinates>
          104.5204,16.9421,0
        </coordinates>
      </Point>
    </Placemark>
    <Placemark>
      <name>MD59-DB-2425-0100-4+674</name>
      <description><![CDATA[Lat:  16.9420<br>Long: 104.5208]]></description>
      <styleUrl>#icon-1899-0288D1</styleUrl>
      <ExtendedData>
        <Data name="Lat">
          <value> 16.9420</value>
        </Data>
        <Data name="Long">
          <value>104.5208</value>
        </Data>
      </ExtendedData>
      <Point>
        <coordinates>
          104.5208,16.942,0
        </coordinates>
      </Point>
    </Placemark>
    <Placemark>
      <name>MD60-DB-2425-0100-4+707</name>
      <description><![CDATA[Lat:  16.9420<br>Long: 104.5211]]></description>
      <styleUrl>#icon-1899-0288D1</styleUrl>
      <ExtendedData>
        <Data name="Lat">
          <value> 16.9420</value>
        </Data>
        <Data name="Long">
          <value>104.5211</value>
        </Data>
      </ExtendedData>
      <Point>
        <coordinates>
          104.5211,16.942,0
        </coordinates>
      </Point>
    </Placemark>
    <Placemark>
      <name>MD61-DB-2425-0100-4+740</name>
      <description><![CDATA[Lat:  16.9419<br>Long: 104.5214]]></description>
      <styleUrl>#icon-1899-0288D1</styleUrl>
      <ExtendedData>
        <Data name="Lat">
          <value> 16.9419</value>
        </Data>
        <Data name="Long">
          <value>104.5214</value>
        </Data>
      </ExtendedData>
      <Point>
        <coordinates>
          104.5214,16.9419,0
        </coordinates>
      </Point>
    </Placemark>
    <Placemark>
      <name>MD62-DB-2425-0100-4+773</name>
      <description><![CDATA[Lat:  16.9418<br>Long: 104.5217]]></description>
      <styleUrl>#icon-1899-0288D1</styleUrl>
      <ExtendedData>
        <Data name="Lat">
          <value> 16.9418</value>
        </Data>
        <Data name="Long">
          <value>104.5217</value>
        </Data>
      </ExtendedData>
      <Point>
        <coordinates>
          104.5217,16.9418,0
        </coordinates>
      </Point>
    </Placemark>
    <Placemark>
      <name>MD63-DB-2425-0100-4+806</name>
      <description><![CDATA[Lat:  16.9418<br>Long: 104.5220]]></description>
      <styleUrl>#icon-1899-0288D1</styleUrl>
      <ExtendedData>
        <Data name="Lat">
          <value> 16.9418</value>
        </Data>
        <Data name="Long">
          <value>104.5220</value>
        </Data>
      </ExtendedData>
      <Point>
        <coordinates>
          104.522,16.9418,0
        </coordinates>
      </Point>
    </Placemark>
    <Placemark>
      <name>MD64-DB-2425-0100-4+839</name>
      <description><![CDATA[Lat:  16.9417<br>Long: 104.5223]]></description>
      <styleUrl>#icon-1899-0288D1</styleUrl>
      <ExtendedData>
        <Data name="Lat">
          <value> 16.9417</value>
        </Data>
        <Data name="Long">
          <value>104.5223</value>
        </Data>
      </ExtendedData>
      <Point>
        <coordinates>
          104.5223,16.9417,0
        </coordinates>
      </Point>
    </Placemark>
    <Placemark>
      <name>MD65-DB-2425-0100-4+872</name>
      <description><![CDATA[Lat:  16.9417<br>Long: 104.5226]]></description>
      <styleUrl>#icon-1899-0288D1</styleUrl>
      <ExtendedData>
        <Data name="Lat">
          <value> 16.9417</value>
        </Data>
        <Data name="Long">
          <value>104.5226</value>
        </Data>
      </ExtendedData>
      <Point>
        <coordinates>
          104.5226,16.9417,0
        </coordinates>
      </Point>
    </Placemark>
    <Placemark>
      <name>MD66-DB-2425-0100-4+905</name>
      <description><![CDATA[Lat:  16.9416<br>Long: 104.5229]]></description>
      <styleUrl>#icon-1899-0288D1</styleUrl>
      <ExtendedData>
        <Data name="Lat">
          <value> 16.9416</value>
        </Data>
        <Data name="Long">
          <value>104.5229</value>
        </Data>
      </ExtendedData>
      <Point>
        <coordinates>
          104.5229,16.9416,0
        </coordinates>
      </Point>
    </Placemark>
    <Placemark>
      <name>MD67-DB-2425-0100-4+938</name>
      <description><![CDATA[Lat:  16.9415<br>Long: 104.5232]]></description>
      <styleUrl>#icon-1899-0288D1</styleUrl>
      <ExtendedData>
        <Data name="Lat">
          <value> 16.9415</value>
        </Data>
        <Data name="Long">
          <value>104.5232</value>
        </Data>
      </ExtendedData>
      <Point>
        <coordinates>
          104.5232,16.9415,0
        </coordinates>
      </Point>
    </Placemark>
    <Placemark>
      <name>MD68-DB-2425-0100-4+971</name>
      <description><![CDATA[Lat:  16.9415<br>Long: 104.5235]]></description>
      <styleUrl>#icon-1899-0288D1</styleUrl>
      <ExtendedData>
        <Data name="Lat">
          <value> 16.9415</value>
        </Data>
        <Data name="Long">
          <value>104.5235</value>
        </Data>
      </ExtendedData>
      <Point>
        <coordinates>
          104.5235,16.9415,0
        </coordinates>
      </Point>
    </Placemark>
    <Placemark>
      <name>MD69-DB-2425-0100-5+004</name>
      <description><![CDATA[Lat: 16.9414<br>Long: 104.5238]]></description>
      <styleUrl>#icon-1899-0288D1</styleUrl>
      <ExtendedData>
        <Data name="Lat">
          <value>16.9414</value>
        </Data>
        <Data name="Long">
          <value>104.5238</value>
        </Data>
      </ExtendedData>
      <Point>
        <coordinates>
          104.5238,16.9414,0
        </coordinates>
      </Point>
    </Placemark>
    <Placemark>
      <name>MD70-DB-2425-0100-5+037</name>
      <description><![CDATA[Lat:  16.9413<br>Long: 104.5241]]></description>
      <styleUrl>#icon-1899-0288D1</styleUrl>
      <ExtendedData>
        <Data name="Lat">
          <value> 16.9413</value>
        </Data>
        <Data name="Long">
          <value>104.5241</value>
        </Data>
      </ExtendedData>
      <Point>
        <coordinates>
          104.5241,16.9413,0
        </coordinates>
      </Point>
    </Placemark>
    <Placemark>
      <name>LT30-SG-2425-0100-4+519</name>
      <description><![CDATA[Lat:  16.9424<br>Long: 104.5194]]></description>
      <styleUrl>#icon-1899-0288D1</styleUrl>
      <ExtendedData>
        <Data name="Lat">
          <value> 16.9424</value>
        </Data>
        <Data name="Long">
          <value>104.5194</value>
        </Data>
      </ExtendedData>
      <Point>
        <coordinates>
          104.5194,16.9424,0
        </coordinates>
      </Point>
    </Placemark>
    <Placemark>
      <name>LT31-SG-2425-0100-4+558</name>
      <description><![CDATA[Lat:  16.9423<br>Long: 104.5198]]></description>
      <styleUrl>#icon-1899-0288D1</styleUrl>
      <ExtendedData>
        <Data name="Lat">
          <value> 16.9423</value>
        </Data>
        <Data name="Long">
          <value>104.5198</value>
        </Data>
      </ExtendedData>
      <Point>
        <coordinates>
          104.5198,16.9423,0
        </coordinates>
      </Point>
    </Placemark>
    <Placemark>
      <name>LT32-SG-2425-0100-4+597</name>
      <description><![CDATA[Lat:  16.9422<br>Long: 104.5202]]></description>
      <styleUrl>#icon-1899-0288D1</styleUrl>
      <ExtendedData>
        <Data name="Lat">
          <value> 16.9422</value>
        </Data>
        <Data name="Long">
          <value>104.5202</value>
        </Data>
      </ExtendedData>
      <Point>
        <coordinates>
          104.5202,16.9422,0
        </coordinates>
      </Point>
    </Placemark>
    <Placemark>
      <name>LT33-SG-2425-0100-4+636</name>
      <description><![CDATA[Lat:  16.9422<br>Long: 104.5206]]></description>
      <styleUrl>#icon-1899-0288D1</styleUrl>
      <ExtendedData>
        <Data name="Lat">
          <value> 16.9422</value>
        </Data>
        <Data name="Long">
          <value>104.5206</value>
        </Data>
      </ExtendedData>
      <Point>
        <coordinates>
          104.5206,16.9422,0
        </coordinates>
      </Point>
    </Placemark>
    <Placemark>
      <name>LT34-SG-2425-0100-4+675</name>
      <description><![CDATA[Lat:  16.9421<br>Long: 104.5210]]></description>
      <styleUrl>#icon-1899-0288D1</styleUrl>
      <ExtendedData>
        <Data name="Lat">
          <value> 16.9421</value>
        </Data>
        <Data name="Long">
          <value>104.5210</value>
        </Data>
      </ExtendedData>
      <Point>
        <coordinates>
          104.521,16.9421,0
        </coordinates>
      </Point>
    </Placemark>
    <Placemark>
      <name>LT35-SG-2425-0100-4+714</name>
      <description><![CDATA[Lat: 16.9420<br>Long: 104.5215]]></description>
      <styleUrl>#icon-1899-0288D1</styleUrl>
      <ExtendedData>
        <Data name="Lat">
          <value>16.9420</value>
        </Data>
        <Data name="Long">
          <value>104.5215</value>
        </Data>
      </ExtendedData>
      <Point>
        <coordinates>
          104.5215,16.942,0
        </coordinates>
      </Point>
    </Placemark>
    <Placemark>
      <name>LT36-SG-2425-0100-4+753</name>
      <description><![CDATA[Lat:  16.9419<br>Long: 104.5219]]></description>
      <styleUrl>#icon-1899-0288D1</styleUrl>
      <ExtendedData>
        <Data name="Lat">
          <value> 16.9419</value>
        </Data>
        <Data name="Long">
          <value>104.5219</value>
        </Data>
      </ExtendedData>
      <Point>
        <coordinates>
          104.5219,16.9419,0
        </coordinates>
      </Point>
    </Placemark>
    <Placemark>
      <name>LT37-SG-2425-0100-4+792</name>
      <description><![CDATA[Lat:  16.9418<br>Long: 104.5223]]></description>
      <styleUrl>#icon-1899-0288D1</styleUrl>
      <ExtendedData>
        <Data name="Lat">
          <value> 16.9418</value>
        </Data>
        <Data name="Long">
          <value>104.5223</value>
        </Data>
      </ExtendedData>
      <Point>
        <coordinates>
          104.5223,16.9418,0
        </coordinates>
      </Point>
    </Placemark>
    <Placemark>
      <name>LT38-SG-2425-0100-4+831</name>
      <description><![CDATA[Lat:  16.9415<br>Long: 104.5239]]></description>
      <styleUrl>#icon-1899-0288D1</styleUrl>
      <ExtendedData>
        <Data name="Lat">
          <value> 16.9415</value>
        </Data>
        <Data name="Long">
          <value>104.5239</value>
        </Data>
      </ExtendedData>
      <Point>
        <coordinates>
          104.5239,16.9415,0
        </coordinates>
      </Point>
    </Placemark>
    <Placemark>
      <name>LT39-SG-2425-0100-4+870</name>
      <description><![CDATA[Lat: 16.9414<br>Long: 104.5242]]></description>
      <styleUrl>#icon-1899-0288D1</styleUrl>
      <ExtendedData>
        <Data name="Lat">
          <value>16.9414</value>
        </Data>
        <Data name="Long">
          <value>104.5242</value>
        </Data>
      </ExtendedData>
      <Point>
        <coordinates>
          104.5242,16.9414,0
        </coordinates>
      </Point>
    </Placemark>
    <Placemark>
      <name>LT40-SG-2425-0100-4+909</name>
      <description><![CDATA[Lat:  16.9414<br>Long: 104.5246]]></description>
      <styleUrl>#icon-1899-0288D1</styleUrl>
      <ExtendedData>
        <Data name="Lat">
          <value> 16.9414</value>
        </Data>
        <Data name="Long">
          <value>104.5246</value>
        </Data>
      </ExtendedData>
      <Point>
        <coordinates>
          104.5246,16.9414,0
        </coordinates>
      </Point>
    </Placemark>
    <Placemark>
      <name>LT41-SG-2425-0100-4+948</name>
      <description><![CDATA[Lat:  16.9413<br>Long: 104.5250]]></description>
      <styleUrl>#icon-1899-0288D1</styleUrl>
      <ExtendedData>
        <Data name="Lat">
          <value> 16.9413</value>
        </Data>
        <Data name="Long">
          <value>104.5250</value>
        </Data>
      </ExtendedData>
      <Point>
        <coordinates>
          104.525,16.9413,0
        </coordinates>
      </Point>
    </Placemark>
    <Placemark>
      <name>LT42-SG-2425-0100-4+987</name>
      <description><![CDATA[Lat:  16.9412<br>Long: 104.5253]]></description>
      <styleUrl>#icon-1899-0288D1</styleUrl>
      <ExtendedData>
        <Data name="Lat">
          <value> 16.9412</value>
        </Data>
        <Data name="Long">
          <value>104.5253</value>
        </Data>
      </ExtendedData>
      <Point>
        <coordinates>
          104.5253,16.9412,0
        </coordinates>
      </Point>
    </Placemark>
    <Placemark>
      <name>LT43-SG-2425-0100-5+026</name>
      <description><![CDATA[Lat:  16.9412<br>Long: 104.5257]]></description>
      <styleUrl>#icon-1899-0288D1</styleUrl>
      <ExtendedData>
        <Data name="Lat">
          <value> 16.9412</value>
        </Data>
        <Data name="Long">
          <value>104.5257</value>
        </Data>
      </ExtendedData>
      <Point>
        <coordinates>
          104.5257,16.9412,0
        </coordinates>
      </Point>
    </Placemark>
    <Placemark>
      <name>LT44-SG-2425-0100-5+065</name>
      <description><![CDATA[Lat:  16.9411<br>Long: 104.5261]]></description>
      <styleUrl>#icon-1899-0288D1</styleUrl>
      <ExtendedData>
        <Data name="Lat">
          <value> 16.9411</value>
        </Data>
        <Data name="Long">
          <value>104.5261</value>
        </Data>
      </ExtendedData>
      <Point>
        <coordinates>
          104.5261,16.9411,0
        </coordinates>
      </Point>
    </Placemark>
    <Placemark>
      <name>RT46-SG-2425-0100-5+055</name>
      <description><![CDATA[Lat:  16.9408<br>Long: 104.5260]]></description>
      <styleUrl>#icon-1899-0288D1</styleUrl>
      <ExtendedData>
        <Data name="Lat">
          <value> 16.9408</value>
        </Data>
        <Data name="Long">
          <value>104.5260</value>
        </Data>
      </ExtendedData>
      <Point>
        <coordinates>
          104.526,16.9408,0
        </coordinates>
      </Point>
    </Placemark>
    <Placemark>
      <name>RT47-SG-2425-0100-5+095</name>
      <description><![CDATA[Lat:  16.9408<br>Long: 104.5263]]></description>
      <styleUrl>#icon-1899-0288D1</styleUrl>
      <ExtendedData>
        <Data name="Lat">
          <value> 16.9408</value>
        </Data>
        <Data name="Long">
          <value>104.5263</value>
        </Data>
      </ExtendedData>
      <Point>
        <coordinates>
          104.5263,16.9408,0
        </coordinates>
      </Point>
    </Placemark>
    <Placemark>
      <name>RT48-SG-2425-0100-5+135</name>
      <description><![CDATA[Lat:  16.9407<br>Long: 104.5267]]></description>
      <styleUrl>#icon-1899-0288D1</styleUrl>
      <ExtendedData>
        <Data name="Lat">
          <value> 16.9407</value>
        </Data>
        <Data name="Long">
          <value>104.5267</value>
        </Data>
      </ExtendedData>
      <Point>
        <coordinates>
          104.5267,16.9407,0
        </coordinates>
      </Point>
    </Placemark>
    <Placemark>
      <name>LT45-SG-2425-0100-5+105</name>
      <description><![CDATA[Lat:  16.9410<br>Long: 104.5264]]></description>
      <styleUrl>#icon-1899-0288D1</styleUrl>
      <ExtendedData>
        <Data name="Lat">
          <value> 16.9410</value>
        </Data>
        <Data name="Long">
          <value>104.5264</value>
        </Data>
      </ExtendedData>
      <Point>
        <coordinates>
          104.5264,16.941,0
        </coordinates>
      </Point>
    </Placemark>
    <Placemark>
      <name>LT46-SG-2425-0100-5+145</name>
      <description><![CDATA[Lat:  16.9409<br>Long: 104.5267]]></description>
      <styleUrl>#icon-1899-0288D1</styleUrl>
      <ExtendedData>
        <Data name="Lat">
          <value> 16.9409</value>
        </Data>
        <Data name="Long">
          <value>104.5267</value>
        </Data>
      </ExtendedData>
      <Point>
        <coordinates>
          104.5267,16.9409,0
        </coordinates>
      </Point>
    </Placemark>
  </Document>
</kml>
