<?xml version="1.0" encoding="UTF-8"?>
<kml xmlns="http://www.opengis.net/kml/2.2" xmlns:gx="http://www.google.com/kml/ext/2.2" xmlns:kml="http://www.opengis.net/kml/2.2" xmlns:atom="http://www.w3.org/2005/Atom">
<Document id="12kB6GAqGMm0GOCXN_ewQhjgbFUrY_6zw">
	<name>212 นาพระชัย242+550-309+624</name>
	<gx:CascadingStyle kml:id="__managed_style_2290F407E92A5431B34A">
		<styleUrl>https://earth.google.com/balloon_components/base/1.0.26.0/card_template.kml#main</styleUrl>
		<Style>
			<IconStyle>
				<scale>1.2</scale>
				<Icon>
					<href>https://earth.google.com/earth/rpc/cc/icon?color=1976d2&amp;id=2000&amp;scale=4</href>
				</Icon>
				<hotSpot x="64" y="128" xunits="pixels" yunits="insetPixels"/>
			</IconStyle>
			<LabelStyle>
			</LabelStyle>
			<LineStyle>
				<color>ff2dc0fb</color>
				<width>6</width>
			</LineStyle>
			<PolyStyle>
				<color>40ffffff</color>
			</PolyStyle>
			<BalloonStyle>
			</BalloonStyle>
		</Style>
	</gx:CascadingStyle>
	<gx:CascadingStyle kml:id="__managed_style_176E0430CB2A5431B34A">
		<styleUrl>https://earth.google.com/balloon_components/base/1.0.26.0/card_template.kml#main</styleUrl>
		<Style>
			<IconStyle>
				<Icon>
					<href>https://earth.google.com/earth/rpc/cc/icon?color=1976d2&amp;id=2000&amp;scale=4</href>
				</Icon>
				<hotSpot x="64" y="128" xunits="pixels" yunits="insetPixels"/>
			</IconStyle>
			<LabelStyle>
			</LabelStyle>
			<LineStyle>
				<color>ff2dc0fb</color>
				<width>4</width>
			</LineStyle>
			<PolyStyle>
				<color>40ffffff</color>
			</PolyStyle>
			<BalloonStyle>
			</BalloonStyle>
		</Style>
	</gx:CascadingStyle>
	<StyleMap id="__managed_style_0755BCE9C22A5431B34A">
		<Pair>
			<key>normal</key>
			<styleUrl>#__managed_style_176E0430CB2A5431B34A</styleUrl>
		</Pair>
		<Pair>
			<key>highlight</key>
			<styleUrl>#__managed_style_2290F407E92A5431B34A</styleUrl>
		</Pair>
	</StyleMap>
	<gx:CascadingStyle kml:id="__managed_style_1EF12932AF2A5431B346">
		<Style>
			<IconStyle>
				<Icon>
					<href>https://earth.google.com/earth/rpc/cc/icon?color=1976d2&amp;id=2000&amp;scale=4</href>
				</Icon>
				<hotSpot x="64" y="128" xunits="pixels" yunits="insetPixels"/>
			</IconStyle>
			<LabelStyle>
			</LabelStyle>
			<LineStyle>
				<color>ff2dc0fb</color>
				<width>4</width>
			</LineStyle>
			<PolyStyle>
				<color>40ffffff</color>
			</PolyStyle>
			<BalloonStyle>
				<displayMode>hide</displayMode>
			</BalloonStyle>
		</Style>
	</gx:CascadingStyle>
	<StyleMap id="__managed_style_01B2C6E4B82A5431B346">
		<Pair>
			<key>normal</key>
			<styleUrl>#__managed_style_1EF12932AF2A5431B346</styleUrl>
		</Pair>
		<Pair>
			<key>highlight</key>
			<styleUrl>#__managed_style_28141FFB902A5431B346</styleUrl>
		</Pair>
	</StyleMap>
	<gx:CascadingStyle kml:id="__managed_style_249137FB712A5431B33B">
		<Style>
			<IconStyle>
				<scale>1.2</scale>
				<Icon>
					<href>https://earth.google.com/earth/rpc/cc/icon?color=1976d2&amp;id=2000&amp;scale=4</href>
				</Icon>
				<hotSpot x="64" y="128" xunits="pixels" yunits="insetPixels"/>
			</IconStyle>
			<LabelStyle>
			</LabelStyle>
			<LineStyle>
				<color>ff2dc0fb</color>
				<width>6</width>
			</LineStyle>
			<PolyStyle>
				<color>40ffffff</color>
			</PolyStyle>
			<BalloonStyle>
			</BalloonStyle>
		</Style>
	</gx:CascadingStyle>
	<gx:CascadingStyle kml:id="__managed_style_28141FFB902A5431B346">
		<Style>
			<IconStyle>
				<scale>1.2</scale>
				<Icon>
					<href>https://earth.google.com/earth/rpc/cc/icon?color=1976d2&amp;id=2000&amp;scale=4</href>
				</Icon>
				<hotSpot x="64" y="128" xunits="pixels" yunits="insetPixels"/>
			</IconStyle>
			<LabelStyle>
			</LabelStyle>
			<LineStyle>
				<color>ff2dc0fb</color>
				<width>6</width>
			</LineStyle>
			<PolyStyle>
				<color>40ffffff</color>
			</PolyStyle>
			<BalloonStyle>
				<displayMode>hide</displayMode>
			</BalloonStyle>
		</Style>
	</gx:CascadingStyle>
	<gx:CascadingStyle kml:id="__managed_style_1EC80B7EAA2A5431B33B">
		<Style>
			<IconStyle>
				<Icon>
					<href>https://earth.google.com/earth/rpc/cc/icon?color=1976d2&amp;id=2000&amp;scale=4</href>
				</Icon>
				<hotSpot x="64" y="128" xunits="pixels" yunits="insetPixels"/>
			</IconStyle>
			<LabelStyle>
			</LabelStyle>
			<LineStyle>
				<color>ff2dc0fb</color>
				<width>4</width>
			</LineStyle>
			<PolyStyle>
				<color>40ffffff</color>
			</PolyStyle>
			<BalloonStyle>
			</BalloonStyle>
		</Style>
	</gx:CascadingStyle>
	<StyleMap id="__managed_style_0BED4BCA582A5431B33B">
		<Pair>
			<key>normal</key>
			<styleUrl>#__managed_style_1EC80B7EAA2A5431B33B</styleUrl>
		</Pair>
		<Pair>
			<key>highlight</key>
			<styleUrl>#__managed_style_249137FB712A5431B33B</styleUrl>
		</Pair>
	</StyleMap>
	<Placemark id="0CD07E277B29FDCFA1E1">
		<name>md/rt1-sg-212-0301-269+245</name>
		<LookAt>
			<longitude>104.4565353503145</longitude>
			<latitude>17.64413234720552</latitude>
			<altitude>148.9227088290989</altitude>
			<heading>90.62069326065674</heading>
			<tilt>0</tilt>
			<gx:fovy>35</gx:fovy>
			<range>500.0000601341891</range>
			<altitudeMode>absolute</altitudeMode>
		</LookAt>
		<styleUrl>#__managed_style_0BED4BCA582A5431B33B</styleUrl>
		<Point>
			<coordinates>104.4567557762765,17.64407481597846,148.9598615753276</coordinates>
		</Point>
	</Placemark>
	<Placemark id="0F0F219F2729FDD1095A">
		<name>md/rt2-sg-212-0301-269+280</name>
		<LookAt>
			<longitude>104.4565353503145</longitude>
			<latitude>17.64413234709986</latitude>
			<altitude>148.9227465591863</altitude>
			<heading>90.62069326065674</heading>
			<tilt>0</tilt>
			<gx:fovy>35</gx:fovy>
			<range>500.0000601341891</range>
			<altitudeMode>absolute</altitudeMode>
		</LookAt>
		<styleUrl>#__managed_style_0BED4BCA582A5431B33B</styleUrl>
		<Point>
			<coordinates>104.4571382360723,17.6440798403006,149.1797514510765</coordinates>
		</Point>
	</Placemark>
	<Placemark id="042AF7275829FDEC191F">
		<name>md/rt3-sg-212-0301-269+665</name>
		<LookAt>
			<longitude>104.4611868343032</longitude>
			<latitude>17.64506733594252</latitude>
			<altitude>139.1167127469636</altitude>
			<heading>87.1226809275404</heading>
			<tilt>22.57897049970699</tilt>
			<gx:fovy>35</gx:fovy>
			<range>534.0083662539838</range>
			<altitudeMode>absolute</altitudeMode>
		</LookAt>
		<styleUrl>#__managed_style_0BED4BCA582A5431B33B</styleUrl>
		<Point>
			<coordinates>104.4608759197712,17.64410731793186,142.1314018052248</coordinates>
		</Point>
	</Placemark>
	<Placemark id="02CEC901D829FDECA590">
		<name>md/rt4-sg-212-0301-269+700</name>
		<LookAt>
			<longitude>104.4611868341255</longitude>
			<latitude>17.64506733594252</latitude>
			<altitude>139.1167504756364</altitude>
			<heading>87.12268092746613</heading>
			<tilt>22.57897049953794</tilt>
			<gx:fovy>35</gx:fovy>
			<range>534.008319898785</range>
			<altitudeMode>absolute</altitudeMode>
		</LookAt>
		<styleUrl>#__managed_style_0BED4BCA582A5431B33B</styleUrl>
		<Point>
			<coordinates>104.4612331164699,17.64408913436602,142.4637758493507</coordinates>
		</Point>
	</Placemark>
	<Placemark id="03BD7D689929FDECD3A3">
		<name>md/rt5-sg-212-0301-269+735</name>
		<LookAt>
			<longitude>104.4611868341255</longitude>
			<latitude>17.64506733594252</latitude>
			<altitude>139.1167504756364</altitude>
			<heading>87.12268092746613</heading>
			<tilt>22.57897049953795</tilt>
			<gx:fovy>35</gx:fovy>
			<range>534.008319898785</range>
			<altitudeMode>absolute</altitudeMode>
		</LookAt>
		<styleUrl>#__managed_style_0BED4BCA582A5431B33B</styleUrl>
		<Point>
			<coordinates>104.4615715861706,17.64407404936312,138.9688627582516</coordinates>
		</Point>
	</Placemark>
	<Placemark id="04BDABCB6629FDECF811">
		<name>md/rt6-sg-212-0301-269+770</name>
		<LookAt>
			<longitude>104.4611868341255</longitude>
			<latitude>17.64506733594252</latitude>
			<altitude>139.1167504756364</altitude>
			<heading>87.12268092746613</heading>
			<tilt>22.57897049953795</tilt>
			<gx:fovy>35</gx:fovy>
			<range>534.008319898785</range>
			<altitudeMode>absolute</altitudeMode>
		</LookAt>
		<styleUrl>#__managed_style_0BED4BCA582A5431B33B</styleUrl>
		<Point>
			<coordinates>104.4619226859433,17.64407166493865,139.2180917918793</coordinates>
		</Point>
	</Placemark>
	<Placemark id="036D3E664929FDED191B">
		<name>md/rt7-sg-212-0301-269+805</name>
		<LookAt>
			<longitude>104.4611868341255</longitude>
			<latitude>17.64506733594252</latitude>
			<altitude>139.1167504756364</altitude>
			<heading>87.12268092746613</heading>
			<tilt>22.57897049953795</tilt>
			<gx:fovy>35</gx:fovy>
			<range>534.008319898785</range>
			<altitudeMode>absolute</altitudeMode>
		</LookAt>
		<styleUrl>#__managed_style_0BED4BCA582A5431B33B</styleUrl>
		<Point>
			<coordinates>104.4622734980545,17.64407810655951,142.4964722236731</coordinates>
		</Point>
	</Placemark>
	<Placemark id="01A9C5268229FDED410E">
		<name>md/rt8-sg-212-0301-269+840</name>
		<LookAt>
			<longitude>104.4611868341255</longitude>
			<latitude>17.64506733594252</latitude>
			<altitude>139.1167504756364</altitude>
			<heading>87.12268092746613</heading>
			<tilt>22.57897049953795</tilt>
			<gx:fovy>35</gx:fovy>
			<range>534.008319898785</range>
			<altitudeMode>absolute</altitudeMode>
		</LookAt>
		<styleUrl>#__managed_style_0BED4BCA582A5431B33B</styleUrl>
		<Point>
			<coordinates>104.4626185712723,17.64407406507281,149.5589465352104</coordinates>
		</Point>
	</Placemark>
	<Placemark id="0958CF554D29FDFBDC47">
		<name>md/rt9-sg-212-0301-270+785</name>
		<LookAt>
			<longitude>104.4704163327371</longitude>
			<latitude>17.64076753722545</latitude>
			<altitude>146.7665834234351</altitude>
			<heading>136.6863802166945</heading>
			<tilt>0</tilt>
			<gx:fovy>35</gx:fovy>
			<range>445.5918972274959</range>
			<altitudeMode>absolute</altitudeMode>
		</LookAt>
		<styleUrl>#__managed_style_0BED4BCA582A5431B33B</styleUrl>
		<Point>
			<coordinates>104.4707131855839,17.64085691698824,147.1545702409779</coordinates>
		</Point>
	</Placemark>
	<Placemark id="0F18924B8C29FDFCD26C">
		<name>md/rt10-sg-212-0301-270+820</name>
		<LookAt>
			<longitude>104.4704163327815</longitude>
			<latitude>17.64076753718319</latitude>
			<altitude>146.7665834220204</altitude>
			<heading>136.6863802166945</heading>
			<tilt>0</tilt>
			<gx:fovy>35</gx:fovy>
			<range>445.5919435826945</range>
			<altitudeMode>absolute</altitudeMode>
		</LookAt>
		<styleUrl>#__managed_style_0BED4BCA582A5431B33B</styleUrl>
		<Point>
			<coordinates>104.4709215896254,17.64062368436808,147.845839887215</coordinates>
		</Point>
	</Placemark>
	<Placemark id="0523296D6229FE19E6D8">
		<name>md/rt11-sg-212-0301-275+053</name>
		<LookAt>
			<longitude>104.5049949189084</longitude>
			<latitude>17.62216465406726</latitude>
			<altitude>154.4249028229268</altitude>
			<heading>119.3181186448791</heading>
			<tilt>0</tilt>
			<gx:fovy>35</gx:fovy>
			<range>423.638770441903</range>
			<altitudeMode>absolute</altitudeMode>
		</LookAt>
		<styleUrl>#__managed_style_0BED4BCA582A5431B33B</styleUrl>
		<Point>
			<coordinates>104.5050388614483,17.62165409107716,149.6821971218133</coordinates>
		</Point>
	</Placemark>
	<Placemark id="0440EE921929FE1AE46B">
		<name>md/rt12-sg-212-0301-275+088</name>
		<LookAt>
			<longitude>104.5049949189084</longitude>
			<latitude>17.62216465403556</latitude>
			<altitude>154.4249028229268</altitude>
			<heading>119.3181186448791</heading>
			<tilt>0</tilt>
			<gx:fovy>35</gx:fovy>
			<range>423.638770441903</range>
			<altitudeMode>absolute</altitudeMode>
		</LookAt>
		<styleUrl>#__managed_style_0BED4BCA582A5431B33B</styleUrl>
		<Point>
			<coordinates>104.505309305758,17.62145151242947,150.353706725549</coordinates>
		</Point>
	</Placemark>
	<Placemark id="027486476C2A026D35C9">
		<name>md/rt13-sg-212-0301-287+070</name>
		<LookAt>
			<longitude>104.6090207454448</longitude>
			<latitude>17.5627891494949</latitude>
			<altitude>146.0237210128226</altitude>
			<heading>165.1612350144047</heading>
			<tilt>0</tilt>
			<gx:fovy>35</gx:fovy>
			<range>156.5826463147459</range>
			<altitudeMode>absolute</altitudeMode>
		</LookAt>
		<styleUrl>#__managed_style_0BED4BCA582A5431B33B</styleUrl>
		<Point>
			<coordinates>104.6090065114148,17.56241339392443,139.5926150290648</coordinates>
		</Point>
	</Placemark>
	<Placemark id="0DCE16957C2A026F73AA">
		<name>md/rt14-sg-212-0301-287+105</name>
		<LookAt>
			<longitude>104.6091275777409</longitude>
			<latitude>17.5623547332599</latitude>
			<altitude>138.8555891296502</altitude>
			<heading>177.2165636251144</heading>
			<tilt>0</tilt>
			<gx:fovy>35</gx:fovy>
			<range>207.52082128849</range>
			<altitudeMode>absolute</altitudeMode>
		</LookAt>
		<styleUrl>#__managed_style_0BED4BCA582A5431B33B</styleUrl>
		<Point>
			<coordinates>104.6090717386712,17.56210241134531,139.0697643798485</coordinates>
		</Point>
	</Placemark>
	<Placemark id="0EC9431D382A08288373">
		<name>md/rt15-sg-212-0301-303+158</name>
		<Camera>
			<gx:ViewerOptions>
				<gx:option name="streetview"></gx:option>
				<gx:streetViewPanoId>IWqNS_mC1VSVis_21l3CtA</gx:streetViewPanoId>
			</gx:ViewerOptions>
			<longitude>104.7240636984584</longitude>
			<latitude>17.48093810365502</latitude>
			<altitude>151.5696411138585</altitude>
			<heading>132.6720119437826</heading>
			<tilt>87.82284521030658</tilt>
			<roll>0</roll>
			<gx:fovy>15</gx:fovy>
			<altitudeMode>absolute</altitudeMode>
		</Camera>
		<styleUrl>#__managed_style_01B2C6E4B82A5431B346</styleUrl>
		<Point>
			<altitudeMode>relativeToGround</altitudeMode>
			<coordinates>104.7241671771226,17.48088264247576,0</coordinates>
		</Point>
	</Placemark>
	<Placemark id="011B164FCC2A082B7B8A">
		<name>md/rt16-sg-212-0301-303+191</name>
		<LookAt>
			<longitude>104.7242127687852</longitude>
			<latitude>17.48064911035007</latitude>
			<altitude>150.1481780046817</altitude>
			<heading>169.206540481731</heading>
			<tilt>12.51456558739322</tilt>
			<gx:fovy>35</gx:fovy>
			<range>52.71343422470636</range>
			<altitudeMode>absolute</altitudeMode>
		</LookAt>
		<styleUrl>#__managed_style_01B2C6E4B82A5431B346</styleUrl>
		<Point>
			<coordinates>104.7242801824473,17.48060838472925,150.1504548579953</coordinates>
		</Point>
	</Placemark>
	<Placemark id="04C21478722A0832E003">
		<name>md/rt17-sg-212-0301-303+229</name>
		<LookAt>
			<longitude>104.7243454876497</longitude>
			<latitude>17.48025888131908</latitude>
			<altitude>151.5763876852425</altitude>
			<heading>69.09407978828753</heading>
			<tilt>0</tilt>
			<gx:fovy>35</gx:fovy>
			<range>132.0389360711124</range>
			<altitudeMode>absolute</altitudeMode>
		</LookAt>
		<styleUrl>#__managed_style_01B2C6E4B82A5431B346</styleUrl>
		<Point>
			<coordinates>104.7244073700471,17.48028235899469,151.9625527850424</coordinates>
		</Point>
	</Placemark>
	<Placemark id="0BB573B53D2A0833803D">
		<name>md/rt18-sg-212-0301-303+264</name>
		<LookAt>
			<longitude>104.7245695707758</longitude>
			<latitude>17.48002641651874</latitude>
			<altitude>150.3251299984348</altitude>
			<heading>69.0940797892314</heading>
			<tilt>0</tilt>
			<gx:fovy>35</gx:fovy>
			<range>48.02245325468448</range>
			<altitudeMode>absolute</altitudeMode>
		</LookAt>
		<styleUrl>#__managed_style_01B2C6E4B82A5431B346</styleUrl>
		<Point>
			<coordinates>104.7245186190307,17.48000530601007,150.69255230055</coordinates>
		</Point>
	</Placemark>
	<Placemark id="0690BD75A72A084A75F1">
		<name>md/rt19-sg-212-0301-304+335</name>
		<LookAt>
			<longitude>104.7295686854275</longitude>
			<latitude>17.47243700186964</latitude>
			<altitude>146.8554692397087</altitude>
			<heading>106.2062634050639</heading>
			<tilt>0.4646507389068967</tilt>
			<gx:fovy>35</gx:fovy>
			<range>48.52489145920572</range>
			<altitudeMode>absolute</altitudeMode>
		</LookAt>
		<styleUrl>#__managed_style_01B2C6E4B82A5431B346</styleUrl>
		<Point>
			<coordinates>104.7295683297442,17.47247046983672,146.9207891071435</coordinates>
		</Point>
	</Placemark>
	<Placemark id="0E698BECBF2A084CCB15">
		<name>md/rt20-sg-212-0301-304+410</name>
		<LookAt>
			<longitude>104.7301701775737</longitude>
			<latitude>17.47220215331476</latitude>
			<altitude>147.218780129791</altitude>
			<heading>120.3128488971316</heading>
			<tilt>0.06646306358406301</tilt>
			<gx:fovy>35</gx:fovy>
			<range>46.97058136574014</range>
			<altitudeMode>absolute</altitudeMode>
		</LookAt>
		<styleUrl>#__managed_style_01B2C6E4B82A5431B346</styleUrl>
		<Point>
			<coordinates>104.7302078539215,17.47223087066196,147.7081866188852</coordinates>
		</Point>
	</Placemark>
	<Placemark id="021613EAB62A0C720B0A">
		<name>md/rt21-sg-212-0301-304+706</name>
		<LookAt>
			<longitude>104.7320280569068</longitude>
			<latitude>17.47126799142254</latitude>
			<altitude>150.240857517517</altitude>
			<heading>58.51098355609527</heading>
			<tilt>0</tilt>
			<gx:fovy>35</gx:fovy>
			<range>141.0497493182083</range>
			<altitudeMode>absolute</altitudeMode>
		</LookAt>
		<styleUrl>#__managed_style_01B2C6E4B82A5431B346</styleUrl>
		<Point>
			<coordinates>104.7324909035325,17.47052686506025,150.4102877704435</coordinates>
		</Point>
	</Placemark>
	<Placemark id="07FDCEEA0C2A0C73C627">
		<name>md/rt22-sg-212-0301-304+754</name>
		<LookAt>
			<longitude>104.7328221718113</longitude>
			<latitude>17.47021025454073</latitude>
			<altitude>152.7255110707905</altitude>
			<heading>58.51103137254779</heading>
			<tilt>0.08921442726735004</tilt>
			<gx:fovy>35</gx:fovy>
			<range>120.0996331449096</range>
			<altitudeMode>absolute</altitudeMode>
		</LookAt>
		<styleUrl>#__managed_style_01B2C6E4B82A5431B346</styleUrl>
		<Point>
			<coordinates>104.7327421928009,17.4701628153647,152.4676714698266</coordinates>
		</Point>
	</Placemark>
	<Placemark id="0860F156DF2A0CECB83C">
		<name>md/rt23-sg-212-0301-304+899</name>
		<Camera>
			<gx:ViewerOptions>
				<gx:option name="streetview"></gx:option>
				<gx:streetViewPanoId>n6zX0slCGDNQETDqyIOtjg</gx:streetViewPanoId>
			</gx:ViewerOptions>
			<longitude>104.7333593008035</longitude>
			<latitude>17.46913729268836</latitude>
			<altitude>150.8604125970225</altitude>
			<heading>89.47834951417276</heading>
			<tilt>81.7041004869242</tilt>
			<roll>0</roll>
			<gx:fovy>15</gx:fovy>
			<altitudeMode>absolute</altitudeMode>
		</Camera>
		<styleUrl>#__managed_style_01B2C6E4B82A5431B346</styleUrl>
		<Point>
			<altitudeMode>relativeToGround</altitudeMode>
			<coordinates>104.7334366408369,17.46913275716887,0</coordinates>
		</Point>
	</Placemark>
	<Placemark id="07902774EF2A0CED7446">
		<name>md/rt24-sg-212-0301-304+990</name>
		<Camera>
			<gx:ViewerOptions>
				<gx:option name="streetview"></gx:option>
				<gx:streetViewPanoId>gx2aHdEfwucLeN8zrgyJSg</gx:streetViewPanoId>
			</gx:ViewerOptions>
			<longitude>104.7338630710996</longitude>
			<latitude>17.46840309156958</latitude>
			<altitude>150.8501739505059</altitude>
			<heading>50.61043627967168</heading>
			<tilt>83.74982763570675</tilt>
			<roll>0</roll>
			<gx:fovy>15</gx:fovy>
			<altitudeMode>absolute</altitudeMode>
		</Camera>
		<styleUrl>#__managed_style_01B2C6E4B82A5431B346</styleUrl>
		<Point>
			<altitudeMode>relativeToGround</altitudeMode>
			<coordinates>104.7339469307299,17.46847727908852,0</coordinates>
		</Point>
	</Placemark>
	<Placemark id="0A402549662A0CEE0191">
		<name>md/rt25-sg-212-0301-305+047</name>
		<Camera>
			<gx:ViewerOptions>
				<gx:option name="streetview"></gx:option>
				<gx:streetViewPanoId>TmZYTqRwNDamR2x2OInEdQ</gx:streetViewPanoId>
			</gx:ViewerOptions>
			<longitude>104.734176281763</longitude>
			<latitude>17.46796118479964</latitude>
			<altitude>151.2235107423761</altitude>
			<heading>38.4819418273547</heading>
			<tilt>83.08132108377494</tilt>
			<roll>0</roll>
			<gx:fovy>15</gx:fovy>
			<altitudeMode>absolute</altitudeMode>
		</Camera>
		<styleUrl>#__managed_style_01B2C6E4B82A5431B346</styleUrl>
		<Point>
			<altitudeMode>relativeToGround</altitudeMode>
			<coordinates>104.734240350208,17.46805346425477,0</coordinates>
		</Point>
	</Placemark>
	<Placemark id="0414CD20B52A0CEE93D2">
		<name>md/rt26-sg-212-0301-305+122</name>
		<Camera>
			<gx:ViewerOptions>
				<gx:option name="streetview"></gx:option>
				<gx:streetViewPanoId>mx7Vzl4g0e_cYrKplUJUGA</gx:streetViewPanoId>
			</gx:ViewerOptions>
			<longitude>104.7345088073333</longitude>
			<latitude>17.46748675664764</latitude>
			<altitude>151.4277801512449</altitude>
			<heading>92.43846543943201</heading>
			<tilt>81.82776997342393</tilt>
			<roll>0</roll>
			<gx:fovy>15</gx:fovy>
			<altitudeMode>absolute</altitudeMode>
		</Camera>
		<styleUrl>#__managed_style_01B2C6E4B82A5431B346</styleUrl>
		<Point>
			<altitudeMode>relativeToGround</altitudeMode>
			<coordinates>104.7346140214986,17.46749945222487,0</coordinates>
		</Point>
	</Placemark>
	<Placemark id="02A58E0D572A0D099920">
		<name>md/rt27-sg-212-0301-305+615</name>
		<Camera>
			<gx:ViewerOptions>
				<gx:option name="streetview"></gx:option>
				<gx:streetViewPanoId>BiPJ6UZsj5Vcng9BF18A7A</gx:streetViewPanoId>
			</gx:ViewerOptions>
			<longitude>104.7371716188467</longitude>
			<latitude>17.46374751126186</latitude>
			<altitude>151.1038818366206</altitude>
			<heading>66.79866058472705</heading>
			<tilt>69.48118857028464</tilt>
			<roll>0</roll>
			<gx:fovy>15</gx:fovy>
			<altitudeMode>absolute</altitudeMode>
		</Camera>
		<styleUrl>#__managed_style_01B2C6E4B82A5431B346</styleUrl>
		<Point>
			<altitudeMode>relativeToGround</altitudeMode>
			<coordinates>104.7372280859771,17.46376750871091,0</coordinates>
		</Point>
	</Placemark>
	<Placemark id="01ADFBFF392A0D0A11C2">
		<name>md/rt28-sg-212-0301-305+677</name>
		<Camera>
			<gx:ViewerOptions>
				<gx:option name="streetview"></gx:option>
				<gx:streetViewPanoId>blYfVao9D7e4_pLa72fRXA</gx:streetViewPanoId>
			</gx:ViewerOptions>
			<longitude>104.7375135856613</longitude>
			<latitude>17.46320998584953</latitude>
			<altitude>150.9170227050566</altitude>
			<heading>36.61980897994554</heading>
			<tilt>74.68820479677915</tilt>
			<roll>0</roll>
			<gx:fovy>15</gx:fovy>
			<altitudeMode>absolute</altitudeMode>
		</Camera>
		<styleUrl>#__managed_style_01B2C6E4B82A5431B346</styleUrl>
		<Point>
			<altitudeMode>relativeToGround</altitudeMode>
			<coordinates>104.7375639417935,17.46327110751623,0</coordinates>
		</Point>
	</Placemark>
	<Placemark id="04292C02C32A0D0A876B">
		<name>md/rt29-sg-212-0301-305+737</name>
		<Camera>
			<gx:ViewerOptions>
				<gx:option name="streetview"></gx:option>
				<gx:streetViewPanoId>1kenT8eNwGZHj76wcw8C2g</gx:streetViewPanoId>
			</gx:ViewerOptions>
			<longitude>104.7377787395238</longitude>
			<latitude>17.46279573837435</latitude>
			<altitude>150.982421875052</altitude>
			<heading>79.62207595126002</heading>
			<tilt>79.13057531445483</tilt>
			<roll>0</roll>
			<gx:fovy>15</gx:fovy>
			<altitudeMode>absolute</altitudeMode>
		</Camera>
		<styleUrl>#__managed_style_01B2C6E4B82A5431B346</styleUrl>
		<Point>
			<altitudeMode>relativeToGround</altitudeMode>
			<coordinates>104.7378788224918,17.46281401530232,0</coordinates>
		</Point>
	</Placemark>
	<Placemark id="0BF0F9A2332A0D0AF155">
		<name>md/rt30-sg-212-0301-305+800</name>
		<Camera>
			<gx:ViewerOptions>
				<gx:option name="streetview"></gx:option>
				<gx:streetViewPanoId>8mEfLWxtpY31q-uwqaE8Sw</gx:streetViewPanoId>
			</gx:ViewerOptions>
			<longitude>104.7381180374419</longitude>
			<latitude>17.46229397267963</latitude>
			<altitude>151.0631713863309</altitude>
			<heading>49.97379863789496</heading>
			<tilt>84.32937593432895</tilt>
			<roll>0</roll>
			<gx:fovy>15</gx:fovy>
			<altitudeMode>absolute</altitudeMode>
		</Camera>
		<styleUrl>#__managed_style_01B2C6E4B82A5431B346</styleUrl>
		<Point>
			<altitudeMode>relativeToGround</altitudeMode>
			<coordinates>104.7382180933496,17.46236840096172,0</coordinates>
		</Point>
	</Placemark>
	<Placemark id="0ECBD972162A0D0B6BB1">
		<name>md/rt31-sg-212-0301-305+860</name>
		<Camera>
			<gx:ViewerOptions>
				<gx:option name="streetview"></gx:option>
				<gx:streetViewPanoId>nYoBbiL_kLND8sDWkY4hDA</gx:streetViewPanoId>
			</gx:ViewerOptions>
			<longitude>104.7384367752247</longitude>
			<latitude>17.46181584686496</latitude>
			<altitude>151.1013183593311</altitude>
			<heading>41.77977844275875</heading>
			<tilt>81.2952332742299</tilt>
			<roll>0</roll>
			<gx:fovy>15</gx:fovy>
			<altitudeMode>absolute</altitudeMode>
		</Camera>
		<styleUrl>#__managed_style_01B2C6E4B82A5431B346</styleUrl>
		<Point>
			<altitudeMode>relativeToGround</altitudeMode>
			<coordinates>104.738518305523,17.46189434930448,0</coordinates>
		</Point>
	</Placemark>
	<Placemark id="02CC87ECDE2A0D0BDD9E">
		<name>md/rt32-sg-212-0301-305+924</name>
		<Camera>
			<gx:ViewerOptions>
				<gx:option name="streetview"></gx:option>
				<gx:streetViewPanoId>XimsPbwyqsGLfMb3bUbm0Q</gx:streetViewPanoId>
			</gx:ViewerOptions>
			<longitude>104.738741361343</longitude>
			<latitude>17.46135225335199</latitude>
			<altitude>151.2466125491186</altitude>
			<heading>47.2210257602791</heading>
			<tilt>80.35136285935722</tilt>
			<roll>0</roll>
			<gx:fovy>15</gx:fovy>
			<altitudeMode>absolute</altitudeMode>
		</Camera>
		<styleUrl>#__managed_style_01B2C6E4B82A5431B346</styleUrl>
		<Point>
			<altitudeMode>relativeToGround</altitudeMode>
			<coordinates>104.7388285676214,17.46140318605733,0</coordinates>
		</Point>
	</Placemark>
	<Placemark id="0EEE8A687B2A113B061B">
		<name>md/rt33-sg-212-0301-306+914</name>
		<Camera>
			<gx:ViewerOptions>
				<gx:option name="streetview"></gx:option>
				<gx:streetViewPanoId>aWHy6N41YrClceIRJRTwxA</gx:streetViewPanoId>
			</gx:ViewerOptions>
			<longitude>104.7427390429485</longitude>
			<latitude>17.45428504087941</latitude>
			<altitude>152.5602722167969</altitude>
			<heading>85.34458914783794</heading>
			<tilt>81.01595496327296</tilt>
			<roll>0</roll>
			<gx:fovy>15</gx:fovy>
			<altitudeMode>absolute</altitudeMode>
		</Camera>
		<styleUrl>#__managed_style_01B2C6E4B82A5431B346</styleUrl>
		<Point>
			<altitudeMode>relativeToGround</altitudeMode>
			<coordinates>104.7428476775998,17.45428332811348,0</coordinates>
		</Point>
	</Placemark>
	<Placemark id="05ED92C6F02A113BC363">
		<name>md/rt34-sg-212-0301-306+980</name>
		<Camera>
			<gx:ViewerOptions>
				<gx:option name="streetview"></gx:option>
				<gx:streetViewPanoId>V_rtas_RNqaVvGiL3sHSWQ</gx:streetViewPanoId>
			</gx:ViewerOptions>
			<longitude>104.7430086563003</longitude>
			<latitude>17.4537346019518</latitude>
			<altitude>152.6699981689453</altitude>
			<heading>85.24011001679538</heading>
			<tilt>82.29990303486652</tilt>
			<roll>0</roll>
			<gx:fovy>15.1105399443686</gx:fovy>
			<altitudeMode>absolute</altitudeMode>
		</Camera>
		<styleUrl>#__managed_style_01B2C6E4B82A5431B346</styleUrl>
		<Point>
			<altitudeMode>relativeToGround</altitudeMode>
			<coordinates>104.7431244916541,17.45374453250308,0</coordinates>
		</Point>
	</Placemark>
	<Placemark id="0EC4BD64A92A113C3F48">
		<name>md/rt35-sg-212-0301-307+038</name>
		<Camera>
			<gx:ViewerOptions>
				<gx:option name="streetview"></gx:option>
				<gx:streetViewPanoId>S4kqVgR70KJ5wcUmiqDKUA</gx:streetViewPanoId>
			</gx:ViewerOptions>
			<longitude>104.7432877052785</longitude>
			<latitude>17.45318847067478</latitude>
			<altitude>152.9282073991282</altitude>
			<heading>45.51459121777155</heading>
			<tilt>75.49859990198998</tilt>
			<roll>0</roll>
			<gx:fovy>15</gx:fovy>
			<altitudeMode>absolute</altitudeMode>
		</Camera>
		<styleUrl>#__managed_style_01B2C6E4B82A5431B346</styleUrl>
		<Point>
			<altitudeMode>relativeToGround</altitudeMode>
			<coordinates>104.7433669124898,17.45324277487958,0</coordinates>
		</Point>
	</Placemark>
	<Placemark id="096300D71C2A113CB6EE">
		<name>md/rt36-sg-212-0301-307+098</name>
		<Camera>
			<gx:ViewerOptions>
				<gx:option name="streetview"></gx:option>
				<gx:streetViewPanoId>HyMCgtPJCYyu1mU-nHesbg</gx:streetViewPanoId>
			</gx:ViewerOptions>
			<longitude>104.743572629491</longitude>
			<latitude>17.45270446953505</latitude>
			<altitude>153.0003814697266</altitude>
			<heading>26.15529397374057</heading>
			<tilt>76.29715872814563</tilt>
			<roll>0</roll>
			<gx:fovy>15.05649672741109</gx:fovy>
			<altitudeMode>absolute</altitudeMode>
		</Camera>
		<styleUrl>#__managed_style_01B2C6E4B82A5431B346</styleUrl>
		<Point>
			<altitudeMode>relativeToGround</altitudeMode>
			<coordinates>104.7436162408628,17.45275239990281,0</coordinates>
		</Point>
	</Placemark>
	<Placemark id="014ADA39BA2A113DCAE7">
		<name>md/rt37-sg-212-0301-307+178</name>
		<LookAt>
			<longitude>104.7437979076565</longitude>
			<latitude>17.45249937565624</latitude>
			<altitude>151.2357710516017</altitude>
			<heading>63.65959747961738</heading>
			<tilt>0</tilt>
			<gx:fovy>35</gx:fovy>
			<range>125.0428356483644</range>
			<altitudeMode>absolute</altitudeMode>
		</LookAt>
		<styleUrl>#__managed_style_01B2C6E4B82A5431B346</styleUrl>
		<Point>
			<coordinates>104.7438537081257,17.45225783991296,150.2246047472619</coordinates>
		</Point>
	</Placemark>
	<Placemark id="04775155F82A113E519E">
		<name>md/rt38-sg-212-0301-307+259</name>
		<LookAt>
			<longitude>104.7444306772494</longitude>
			<latitude>17.45164972960759</latitude>
			<altitude>151.1403627286893</altitude>
			<heading>63.65959749705311</heading>
			<tilt>0</tilt>
			<gx:fovy>35</gx:fovy>
			<range>171.8261825720765</range>
			<altitudeMode>absolute</altitudeMode>
		</LookAt>
		<styleUrl>#__managed_style_01B2C6E4B82A5431B346</styleUrl>
		<Point>
			<coordinates>104.7441528201001,17.45159998656263,152.1885483693087</coordinates>
		</Point>
	</Placemark>
	<Placemark id="00487411792A115629CD">
		<name>md/rt39-sg-212-0301-308+032</name>
		<LookAt>
			<longitude>104.7473079883109</longitude>
			<latitude>17.4459486930098</latitude>
			<altitude>152.4039857128534</altitude>
			<heading>55.08082746910976</heading>
			<tilt>0</tilt>
			<gx:fovy>34.66050285194075</gx:fovy>
			<range>76.45242401296855</range>
			<altitudeMode>absolute</altitudeMode>
		</LookAt>
		<styleUrl>#__managed_style_01B2C6E4B82A5431B346</styleUrl>
		<Point>
			<coordinates>104.7472787122637,17.44587091300642,153.0079636952404</coordinates>
		</Point>
	</Placemark>
	<Placemark id="05E6AF590E2A11571253">
		<name>md/rt40-sg-212-0301-308+198</name>
		<LookAt>
			<longitude>104.7477250153959</longitude>
			<latitude>17.44544442827132</latitude>
			<altitude>154.376471622024</altitude>
			<heading>54.42638584005548</heading>
			<tilt>0</tilt>
			<gx:fovy>35</gx:fovy>
			<range>110.4442508596185</range>
			<altitudeMode>absolute</altitudeMode>
		</LookAt>
		<styleUrl>#__managed_style_01B2C6E4B82A5431B346</styleUrl>
		<Point>
			<coordinates>104.7476609874234,17.44539397315948,154.4156283148025</coordinates>
		</Point>
	</Placemark>
	<Placemark id="0EC7EF490A2A1157739E">
		<name>md/rt41-sg-212-0301-308+260</name>
		<LookAt>
			<longitude>104.7480375515313</longitude>
			<latitude>17.44497891496214</latitude>
			<altitude>154.5593853543761</altitude>
			<heading>54.42638584367667</heading>
			<tilt>0</tilt>
			<gx:fovy>35</gx:fovy>
			<range>72.89588512961018</range>
			<altitudeMode>absolute</altitudeMode>
		</LookAt>
		<styleUrl>#__managed_style_01B2C6E4B82A5431B346</styleUrl>
		<Point>
			<coordinates>104.7480188262427,17.44495144946066,154.7199753319069</coordinates>
		</Point>
	</Placemark>
	<Placemark id="001ABB49A72A1157C30D">
		<name>md/rt42-sg-212-0301-308+328</name>
		<LookAt>
			<longitude>104.7484628986617</longitude>
			<latitude>17.44452632451533</latitude>
			<altitude>150.7017288308763</altitude>
			<heading>53.0630342260778</heading>
			<tilt>0</tilt>
			<gx:fovy>35</gx:fovy>
			<range>69.07026590648458</range>
			<altitudeMode>absolute</altitudeMode>
		</LookAt>
		<styleUrl>#__managed_style_01B2C6E4B82A5431B346</styleUrl>
		<Point>
			<coordinates>104.7483829957707,17.44454046354331,151.0191035665211</coordinates>
		</Point>
	</Placemark>
	<Placemark id="098CCE46722A11581213">
		<name>md/rt43-sg-212-0301-308+394</name>
		<LookAt>
			<longitude>104.7488217240416</longitude>
			<latitude>17.44403271659742</latitude>
			<altitude>150.4379587247053</altitude>
			<heading>53.06303422888314</heading>
			<tilt>0</tilt>
			<gx:fovy>35</gx:fovy>
			<range>60.78239674981887</range>
			<altitudeMode>absolute</altitudeMode>
		</LookAt>
		<styleUrl>#__managed_style_01B2C6E4B82A5431B346</styleUrl>
		<Point>
			<coordinates>104.7487223510034,17.44409593559099,150.7657260979811</coordinates>
		</Point>
	</Placemark>
	<Placemark id="0451129DDA2A11585C23">
		<name>md/rt44-sg-212-0301-308+456</name>
		<LookAt>
			<longitude>104.7490776225004</longitude>
			<latitude>17.44369018512434</latitude>
			<altitude>152.3504645447685</altitude>
			<heading>53.06303423024059</heading>
			<tilt>0</tilt>
			<gx:fovy>35</gx:fovy>
			<range>61.44323646276463</range>
			<altitudeMode>absolute</altitudeMode>
		</LookAt>
		<styleUrl>#__managed_style_01B2C6E4B82A5431B346</styleUrl>
		<Point>
			<coordinates>104.7490606656407,17.44364928081023,152.6288051937672</coordinates>
		</Point>
	</Placemark>
	<Placemark id="0496E7B27E2A11513828">
		<name>md/rt45-sg-212-0301-309+180</name>
		<LookAt>
			<longitude>104.7534287912329</longitude>
			<latitude>17.43927571730662</latitude>
			<altitude>148.9382642689364</altitude>
			<heading>218.1394058901718</heading>
			<tilt>0</tilt>
			<gx:fovy>35</gx:fovy>
			<range>107.6571908918049</range>
			<altitudeMode>absolute</altitudeMode>
		</LookAt>
		<styleUrl>#__managed_style_01B2C6E4B82A5431B346</styleUrl>
		<Point>
			<coordinates>104.7536000327682,17.4392692072224,149.4517019665915</coordinates>
		</Point>
	</Placemark>
	<Placemark id="0891C4AF062A1150FAF0">
		<name>md/rt46-sg-212-0301-309+210</name>
		<LookAt>
			<longitude>104.753826317335</longitude>
			<latitude>17.43913097257196</latitude>
			<altitude>149.9445029306299</altitude>
			<heading>213.3050770340489</heading>
			<tilt>0</tilt>
			<gx:fovy>35</gx:fovy>
			<range>86.81182587881268</range>
			<altitudeMode>absolute</altitudeMode>
		</LookAt>
		<styleUrl>#__managed_style_01B2C6E4B82A5431B346</styleUrl>
		<Point>
			<coordinates>104.7538711470269,17.43907764757208,150.1201068536925</coordinates>
		</Point>
	</Placemark>
	<Placemark id="07861398132A1150601E">
		<name>md/rt47-sg-212-0301-309+270</name>
		<LookAt>
			<longitude>104.7539131060497</longitude>
			<latitude>17.43900603974962</latitude>
			<altitude>149.8855803774938</altitude>
			<heading>229.1570253083761</heading>
			<tilt>0</tilt>
			<gx:fovy>35</gx:fovy>
			<range>145.4506771182423</range>
			<altitudeMode>absolute</altitudeMode>
		</LookAt>
		<styleUrl>#__managed_style_01B2C6E4B82A5431B346</styleUrl>
		<Point>
			<coordinates>104.7542598451619,17.43881055708891,148.7215354491798</coordinates>
		</Point>
	</Placemark>
	<Placemark id="0E5BAEFE4029FDD05688">
		<name>md/lt1-sg-212-0301-269+245</name>
		<LookAt>
			<longitude>104.4565353503145</longitude>
			<latitude>17.64413234714213</latitude>
			<altitude>148.9227465591863</altitude>
			<heading>90.62069326065674</heading>
			<tilt>0</tilt>
			<gx:fovy>35</gx:fovy>
			<range>500.0000601341891</range>
			<altitudeMode>absolute</altitudeMode>
		</LookAt>
		<styleUrl>#__managed_style_0BED4BCA582A5431B33B</styleUrl>
		<Point>
			<coordinates>104.4567358868767,17.64413326248837,148.9323636040223</coordinates>
		</Point>
	</Placemark>
	<Placemark id="08FA9CF37429FDD146E0">
		<name>md/lt2-sg-212-0301-269+280</name>
		<LookAt>
			<longitude>104.4565353503145</longitude>
			<latitude>17.64413234703646</latitude>
			<altitude>148.9227465591863</altitude>
			<heading>90.62069326065674</heading>
			<tilt>0</tilt>
			<gx:fovy>35</gx:fovy>
			<range>500.0001064893877</range>
			<altitudeMode>absolute</altitudeMode>
		</LookAt>
		<styleUrl>#__managed_style_0BED4BCA582A5431B33B</styleUrl>
		<Point>
			<coordinates>104.4571294946655,17.64413069174104,149.1797136801981</coordinates>
		</Point>
	</Placemark>
	<Placemark id="0A0A986A6C29FDE9656A">
		<name>md/lt3-sg-212-0301-269+665</name>
		<LookAt>
			<longitude>104.4614810582831</longitude>
			<latitude>17.6442384091469</latitude>
			<altitude>138.813545115779</altitude>
			<heading>89.92188222861611</heading>
			<tilt>0</tilt>
			<gx:fovy>35</gx:fovy>
			<range>416.9118894245186</range>
			<altitudeMode>absolute</altitudeMode>
		</LookAt>
		<styleUrl>#__managed_style_0BED4BCA582A5431B33B</styleUrl>
		<Point>
			<coordinates>104.4608944872882,17.64395553247588,148.4806102334057</coordinates>
		</Point>
	</Placemark>
	<Placemark id="07B58D48C029FDEA5154">
		<name>md/lt4-sg-212-0301-269+700</name>
		<LookAt>
			<longitude>104.4614810582719</longitude>
			<latitude>17.6442384090835</latitude>
			<altitude>138.813545115779</altitude>
			<heading>89.92188222861611</heading>
			<tilt>0</tilt>
			<gx:fovy>35</gx:fovy>
			<range>416.9118894245184</range>
			<altitudeMode>absolute</altitudeMode>
		</LookAt>
		<styleUrl>#__managed_style_0BED4BCA582A5431B33B</styleUrl>
		<Point>
			<coordinates>104.4612326986148,17.64395657664348,142.2138994013409</coordinates>
		</Point>
	</Placemark>
	<Placemark id="0765180F0C29FDEA9CFD">
		<name>md/lt5-sg-212-0301-269+735</name>
		<LookAt>
			<longitude>104.4614810582608</longitude>
			<latitude>17.6442384090201</latitude>
			<altitude>138.813545115779</altitude>
			<heading>89.92188222861611</heading>
			<tilt>0</tilt>
			<gx:fovy>35</gx:fovy>
			<range>416.9118894245184</range>
			<altitudeMode>absolute</altitudeMode>
		</LookAt>
		<styleUrl>#__managed_style_0BED4BCA582A5431B33B</styleUrl>
		<Point>
			<coordinates>104.4615807042426,17.64395482297823,138.9688648004566</coordinates>
		</Point>
	</Placemark>
	<Placemark id="0F2F4EA7AA29FDEAE3C3">
		<name>md/lt6-sg-212-0301-269+770</name>
		<LookAt>
			<longitude>104.4614810582498</longitude>
			<latitude>17.6442384089567</latitude>
			<altitude>138.813545115779</altitude>
			<heading>89.92188222861611</heading>
			<tilt>0</tilt>
			<gx:fovy>35</gx:fovy>
			<range>416.9118894245184</range>
			<altitudeMode>absolute</altitudeMode>
		</LookAt>
		<styleUrl>#__managed_style_0BED4BCA582A5431B33B</styleUrl>
		<Point>
			<coordinates>104.4619277329648,17.64394801697305,139.2698773684455</coordinates>
		</Point>
	</Placemark>
	<Placemark id="0AD8B2CBD729FDEB38DF">
		<name>md/lt7-sg-212-0301-269+805</name>
		<LookAt>
			<longitude>104.4621193987072</longitude>
			<latitude>17.64389752768765</latitude>
			<altitude>139.7611361867164</altitude>
			<heading>89.92207571518904</heading>
			<tilt>0</tilt>
			<gx:fovy>35</gx:fovy>
			<range>415.9642964522936</range>
			<altitudeMode>absolute</altitudeMode>
		</LookAt>
		<styleUrl>#__managed_style_0BED4BCA582A5431B33B</styleUrl>
		<Point>
			<coordinates>104.4622671267196,17.64392983652371,142.0142494961757</coordinates>
		</Point>
	</Placemark>
	<Placemark id="0A3F648A4C29FDEB83F3">
		<name>md/lt8-sg-212-0301-269+840</name>
		<LookAt>
			<longitude>104.4621193987072</longitude>
			<latitude>17.64389752760312</latitude>
			<altitude>139.7611361867164</altitude>
			<heading>89.92207571518904</heading>
			<tilt>0</tilt>
			<gx:fovy>35</gx:fovy>
			<range>415.9642964522936</range>
			<altitudeMode>absolute</altitudeMode>
		</LookAt>
		<styleUrl>#__managed_style_0BED4BCA582A5431B33B</styleUrl>
		<Point>
			<coordinates>104.4626118321459,17.64391761791251,148.5524132949282</coordinates>
		</Point>
	</Placemark>
	<Placemark id="0AD7BEFF0F29FDFC59FD">
		<name>md/lt9-sg-212-0301-270+785</name>
		<LookAt>
			<longitude>104.4704163327593</longitude>
			<latitude>17.64076753720433</latitude>
			<altitude>146.7666211521079</altitude>
			<heading>136.6863802166945</heading>
			<tilt>0</tilt>
			<gx:fovy>35</gx:fovy>
			<range>445.5918972274958</range>
			<altitudeMode>absolute</altitudeMode>
		</LookAt>
		<styleUrl>#__managed_style_0BED4BCA582A5431B33B</styleUrl>
		<Point>
			<coordinates>104.4708144165075,17.64095420444474,146.672692008817</coordinates>
		</Point>
	</Placemark>
	<Placemark id="0670365A1429FDFD04ED">
		<name>md/lt10-sg-212-0301-270+820</name>
		<LookAt>
			<longitude>104.4704163328038</longitude>
			<latitude>17.64076753716206</latitude>
			<altitude>146.7665834234351</altitude>
			<heading>136.6863802166945</heading>
			<tilt>0</tilt>
			<gx:fovy>35</gx:fovy>
			<range>445.5919435826945</range>
			<altitudeMode>absolute</altitudeMode>
		</LookAt>
		<styleUrl>#__managed_style_0BED4BCA582A5431B33B</styleUrl>
		<Point>
			<coordinates>104.4710352752375,17.64075331581602,147.2276485830294</coordinates>
		</Point>
	</Placemark>
	<Placemark id="088AC4206829FE1A6C4F">
		<name>md/lt11-sg-212-0301-275+053</name>
		<LookAt>
			<longitude>104.5049949189084</longitude>
			<latitude>17.62216465405669</latitude>
			<altitude>154.4249028229268</altitude>
			<heading>119.3181186448791</heading>
			<tilt>0</tilt>
			<gx:fovy>35</gx:fovy>
			<range>423.638770441903</range>
			<altitudeMode>absolute</altitudeMode>
		</LookAt>
		<styleUrl>#__managed_style_0BED4BCA582A5431B33B</styleUrl>
		<Point>
			<coordinates>104.5051145102071,17.62175908078849,150.0488036437886</coordinates>
		</Point>
	</Placemark>
	<Placemark id="0A348A400129FE1B2A15">
		<name>md/lt12-sg-212-0301-275+088</name>
		<LookAt>
			<longitude>104.5049949189085</longitude>
			<latitude>17.62216465402499</latitude>
			<altitude>154.4249028229268</altitude>
			<heading>119.3181186448791</heading>
			<tilt>0</tilt>
			<gx:fovy>35</gx:fovy>
			<range>423.638770441903</range>
			<altitudeMode>absolute</altitudeMode>
		</LookAt>
		<styleUrl>#__managed_style_0BED4BCA582A5431B33B</styleUrl>
		<Point>
			<coordinates>104.505383929791,17.62155963327376,150.7427060420445</coordinates>
		</Point>
	</Placemark>
	<Placemark id="0A17900AF02A026FEDEC">
		<name>md/lt13-sg-212-0301-287+070</name>
		<LookAt>
			<longitude>104.6091275777353</longitude>
			<latitude>17.56235473327575</latitude>
			<altitude>138.8555891296502</altitude>
			<heading>177.2165636251144</heading>
			<tilt>0</tilt>
			<gx:fovy>35</gx:fovy>
			<range>207.52082128849</range>
			<altitudeMode>absolute</altitudeMode>
		</LookAt>
		<styleUrl>#__managed_style_0BED4BCA582A5431B33B</styleUrl>
		<Point>
			<coordinates>104.6090419871818,17.56242124056924,139.5554556551176</coordinates>
		</Point>
	</Placemark>
	<Placemark id="0008BD6AFC2A0270345F">
		<name>md/lt14-sg-212-0301-287+105</name>
		<LookAt>
			<longitude>104.6091275777298</longitude>
			<latitude>17.5623547332916</latitude>
			<altitude>138.8555891296502</altitude>
			<heading>177.2165636251144</heading>
			<tilt>0</tilt>
			<gx:fovy>35</gx:fovy>
			<range>207.52082128849</range>
			<altitudeMode>absolute</altitudeMode>
		</LookAt>
		<styleUrl>#__managed_style_0BED4BCA582A5431B33B</styleUrl>
		<Point>
			<coordinates>104.6091057783813,17.56210873143998,139.1234836426939</coordinates>
		</Point>
	</Placemark>
	<Placemark id="08DCAA4B122A0829A076">
		<name>md/lt15-sg-212-0301-303+158</name>
		<LookAt>
			<longitude>104.7241074835054</longitude>
			<latitude>17.48091766287507</latitude>
			<altitude>150.6987841525267</altitude>
			<heading>157.1460283678305</heading>
			<tilt>7.601551891985398</tilt>
			<gx:fovy>35</gx:fovy>
			<range>83.47442540300109</range>
			<altitudeMode>absolute</altitudeMode>
		</LookAt>
		<styleUrl>#__managed_style_01B2C6E4B82A5431B346</styleUrl>
		<Point>
			<coordinates>104.7242318436169,17.48090245985798,150.2304669773612</coordinates>
		</Point>
	</Placemark>
	<Placemark id="09ED8953932A082C1580">
		<name>md/lt16-sg-212-0301-303+191</name>
		<LookAt>
			<longitude>104.7238106448691</longitude>
			<latitude>17.48067609229588</latitude>
			<altitude>152.3183045406215</altitude>
			<heading>162.9567425833361</heading>
			<tilt>6.923857333290995</tilt>
			<gx:fovy>35.00000000000001</gx:fovy>
			<range>178.1157718223403</range>
			<altitudeMode>absolute</altitudeMode>
		</LookAt>
		<styleUrl>#__managed_style_0755BCE9C22A5431B34A</styleUrl>
		<Point>
			<coordinates>104.7243283877349,17.48062452190236,150.1219994607779</coordinates>
		</Point>
	</Placemark>
	<Placemark id="00B759AF152A08331AE8">
		<name>md/lt17-sg-212-0301-303+229</name>
		<LookAt>
			<longitude>104.7244347113638</longitude>
			<latitude>17.48028680884522</latitude>
			<altitude>151.8620499266519</altitude>
			<heading>69.09407978865043</heading>
			<tilt>0</tilt>
			<gx:fovy>35</gx:fovy>
			<range>41.18416620877724</range>
			<altitudeMode>absolute</altitudeMode>
		</LookAt>
		<styleUrl>#__managed_style_01B2C6E4B82A5431B346</styleUrl>
		<Point>
			<coordinates>104.7244597400902,17.48030489484193,151.7612192688196</coordinates>
		</Point>
	</Placemark>
	<Placemark id="0A9F4FE8DD2A08335C3A">
		<name>md/lt18-sg-212-0301-303+264</name>
		<LookAt>
			<longitude>104.7245695707758</longitude>
			<latitude>17.48002641651874</latitude>
			<altitude>150.3251299984348</altitude>
			<heading>69.0940797892314</heading>
			<tilt>0</tilt>
			<gx:fovy>35</gx:fovy>
			<range>48.02245325468448</range>
			<altitudeMode>absolute</altitudeMode>
		</LookAt>
		<styleUrl>#__managed_style_01B2C6E4B82A5431B346</styleUrl>
		<Point>
			<coordinates>104.7245637336765,17.48002186540332,150.4685248778719</coordinates>
		</Point>
	</Placemark>
	<Placemark id="07742A91CC2A084A964B">
		<name>md/lt19-sg-212-0301-304+335</name>
		<LookAt>
			<longitude>104.7295686854275</longitude>
			<latitude>17.47243700186436</latitude>
			<altitude>146.8554692397087</altitude>
			<heading>106.2062634056877</heading>
			<tilt>0.4646507389061123</tilt>
			<gx:fovy>35</gx:fovy>
			<range>48.52489145920572</range>
			<altitudeMode>absolute</altitudeMode>
		</LookAt>
		<styleUrl>#__managed_style_01B2C6E4B82A5431B346</styleUrl>
		<Point>
			<coordinates>104.7295838055927,17.47250941236614,146.8589892385983</coordinates>
		</Point>
	</Placemark>
	<Placemark id="07C30C53822A084CECF4">
		<name>md/lt20-sg-212-0301-304+410</name>
		<LookAt>
			<longitude>104.7301701775737</longitude>
			<latitude>17.47220215331476</latitude>
			<altitude>147.218780129791</altitude>
			<heading>120.3128488971323</heading>
			<tilt>0.06646306357309556</tilt>
			<gx:fovy>35</gx:fovy>
			<range>46.97058136574014</range>
			<altitudeMode>absolute</altitudeMode>
		</LookAt>
		<styleUrl>#__managed_style_01B2C6E4B82A5431B346</styleUrl>
		<Point>
			<coordinates>104.7302267389526,17.47226979726311,147.8345800782159</coordinates>
		</Point>
	</Placemark>
	<Placemark id="0486D309822A0C74B597">
		<name>md/lt21-sg-212-0301-304+759</name>
		<LookAt>
			<longitude>104.7328274039671</longitude>
			<latitude>17.47018369715128</latitude>
			<altitude>152.6792908776262</altitude>
			<heading>58.51103110898226</heading>
			<tilt>0.08921348474604904</tilt>
			<gx:fovy>35</gx:fovy>
			<range>52.84393569790154</range>
			<altitudeMode>absolute</altitudeMode>
		</LookAt>
		<styleUrl>#__managed_style_01B2C6E4B82A5431B346</styleUrl>
		<Point>
			<coordinates>104.7328010231301,17.47015464122424,152.7567263597919</coordinates>
		</Point>
	</Placemark>
	<Placemark id="093795E7142A0CF0BC65">
		<name>md/lt22-sg-212-0301-304+905</name>
		<Camera>
			<gx:ViewerOptions>
				<gx:option name="streetview"></gx:option>
				<gx:streetViewPanoId>f20u72O7VnVeQjQDkZqx5w</gx:streetViewPanoId>
			</gx:ViewerOptions>
			<longitude>104.7335225364405</longitude>
			<latitude>17.46910995082173</latitude>
			<altitude>150.8573455812941</altitude>
			<heading>284.6221334555581</heading>
			<tilt>69.54025310068771</tilt>
			<roll>0</roll>
			<gx:fovy>15</gx:fovy>
			<altitudeMode>absolute</altitudeMode>
		</Camera>
		<styleUrl>#__managed_style_01B2C6E4B82A5431B346</styleUrl>
		<Point>
			<altitudeMode>relativeToGround</altitudeMode>
			<coordinates>104.7334898635528,17.46910687094068,0</coordinates>
		</Point>
	</Placemark>
	<Placemark id="06B1C2686D2A0CF25409">
		<name>md/lt23-sg-212-0301-304+990</name>
		<Camera>
			<gx:ViewerOptions>
				<gx:option name="streetview"></gx:option>
				<gx:streetViewPanoId>Y6gClKQJO2cB1KdYD8161g</gx:streetViewPanoId>
			</gx:ViewerOptions>
			<longitude>104.7340499827576</longitude>
			<latitude>17.46849023120797</latitude>
			<altitude>150.8369120008964</altitude>
			<heading>253.0481933056221</heading>
			<tilt>80.77605353176699</tilt>
			<roll>0</roll>
			<gx:fovy>15</gx:fovy>
			<altitudeMode>absolute</altitudeMode>
		</Camera>
		<styleUrl>#__managed_style_01B2C6E4B82A5431B346</styleUrl>
		<Point>
			<altitudeMode>relativeToGround</altitudeMode>
			<coordinates>104.7339694677231,17.46849529042778,0</coordinates>
		</Point>
	</Placemark>
	<Placemark id="0BCA26B4C92A0CF3512D">
		<name>md/lt24-sg-212-0301-305+062</name>
		<Camera>
			<gx:ViewerOptions>
				<gx:option name="streetview"></gx:option>
				<gx:streetViewPanoId>njEjCEdnZAW0r28tMg9Wpw</gx:streetViewPanoId>
			</gx:ViewerOptions>
			<longitude>104.7343998641876</longitude>
			<latitude>17.46798078592881</latitude>
			<altitude>151.059280395911</altitude>
			<heading>263.3988756243616</heading>
			<tilt>79.96371909940919</tilt>
			<roll>0</roll>
			<gx:fovy>15</gx:fovy>
			<altitudeMode>absolute</altitudeMode>
		</Camera>
		<styleUrl>#__managed_style_01B2C6E4B82A5431B346</styleUrl>
		<Point>
			<altitudeMode>relativeToGround</altitudeMode>
			<coordinates>104.7343436341949,17.46797208252795,0</coordinates>
		</Point>
	</Placemark>
	<Placemark id="0B9F3B55C92A0D194A91">
		<name>md/lt25-sg-212-0301-305+615</name>
		<Camera>
			<gx:ViewerOptions>
				<gx:option name="streetview"></gx:option>
				<gx:streetViewPanoId>GNDU-kEmse5NeDDBpboI9Q</gx:streetViewPanoId>
			</gx:ViewerOptions>
			<longitude>104.7373063761114</longitude>
			<latitude>17.46381164412816</latitude>
			<altitude>150.8297729492188</altitude>
			<heading>222.3916897667003</heading>
			<tilt>84.00985366734773</tilt>
			<roll>0</roll>
			<gx:fovy>15</gx:fovy>
			<altitudeMode>absolute</altitudeMode>
		</Camera>
		<styleUrl>#__managed_style_01B2C6E4B82A5431B346</styleUrl>
		<Point>
			<altitudeMode>relativeToGround</altitudeMode>
			<coordinates>104.73726959779,17.46377910512549,0</coordinates>
		</Point>
	</Placemark>
	<Placemark id="0440A366A92A0D1D3DE4">
		<name>md/lt26-sg-212-0301-305+677</name>
		<Camera>
			<gx:ViewerOptions>
				<gx:option name="streetview"></gx:option>
				<gx:streetViewPanoId>9r80wLE8tOjKXHri3__9FA</gx:streetViewPanoId>
			</gx:ViewerOptions>
			<longitude>104.7376297406207</longitude>
			<latitude>17.46334091022031</latitude>
			<altitude>150.8971557617188</altitude>
			<heading>228.194629909441</heading>
			<tilt>81.26591540920886</tilt>
			<roll>0</roll>
			<gx:fovy>15</gx:fovy>
			<altitudeMode>absolute</altitudeMode>
		</Camera>
		<styleUrl>#__managed_style_01B2C6E4B82A5431B346</styleUrl>
		<Point>
			<altitudeMode>relativeToGround</altitudeMode>
			<coordinates>104.7375780428423,17.46330204260171,0</coordinates>
		</Point>
	</Placemark>
	<Placemark id="01D2E988082A0D1DB4D2">
		<name>md/lt27-sg-212-0301-305+737</name>
		<Camera>
			<gx:ViewerOptions>
				<gx:option name="streetview"></gx:option>
				<gx:streetViewPanoId>PQwmr80oPYEmV6tsK_DdjA</gx:streetViewPanoId>
			</gx:ViewerOptions>
			<longitude>104.7379544409236</longitude>
			<latitude>17.46287166125979</latitude>
			<altitude>150.9338073724977</altitude>
			<heading>247.6699024989477</heading>
			<tilt>82.60233210471037</tilt>
			<roll>0</roll>
			<gx:fovy>15</gx:fovy>
			<altitudeMode>absolute</altitudeMode>
		</Camera>
		<styleUrl>#__managed_style_01B2C6E4B82A5431B346</styleUrl>
		<Point>
			<altitudeMode>relativeToGround</altitudeMode>
			<coordinates>104.7379021415904,17.46284565611965,0</coordinates>
		</Point>
	</Placemark>
	<Placemark id="059121CEB02A0D1E2DCB">
		<name>md/lt28-sg-212-0301-305+795</name>
		<Camera>
			<gx:ViewerOptions>
				<gx:option name="streetview"></gx:option>
				<gx:streetViewPanoId>qmqhumtTPflx7Df8dBKz1w</gx:streetViewPanoId>
			</gx:ViewerOptions>
			<longitude>104.7382463869532</longitude>
			<latitude>17.46244131575114</latitude>
			<altitude>150.9988250726499</altitude>
			<heading>211.9781300875073</heading>
			<tilt>78.08990783809284</tilt>
			<roll>0</roll>
			<gx:fovy>15</gx:fovy>
			<altitudeMode>absolute</altitudeMode>
		</Camera>
		<styleUrl>#__managed_style_01B2C6E4B82A5431B346</styleUrl>
		<Point>
			<altitudeMode>relativeToGround</altitudeMode>
			<coordinates>104.7382256391379,17.46240850425925,0</coordinates>
		</Point>
	</Placemark>
	<Placemark id="0D1BBA5AF42A0D1E9E66">
		<name>md/lt29-sg-212-0301-305+861</name>
		<Camera>
			<gx:ViewerOptions>
				<gx:option name="streetview"></gx:option>
				<gx:streetViewPanoId>d1m7V7-CAc36N-K_htbN6w</gx:streetViewPanoId>
			</gx:ViewerOptions>
			<longitude>104.7385886231678</longitude>
			<latitude>17.46192401636983</latitude>
			<altitude>151.1358032226562</altitude>
			<heading>252.3259331873525</heading>
			<tilt>76.95936611266487</tilt>
			<roll>0</roll>
			<gx:fovy>16.61002562533337</gx:fovy>
			<altitudeMode>absolute</altitudeMode>
		</Camera>
		<styleUrl>#__managed_style_01B2C6E4B82A5431B346</styleUrl>
		<Point>
			<altitudeMode>relativeToGround</altitudeMode>
			<coordinates>104.7385583968715,17.46190343706343,0</coordinates>
		</Point>
	</Placemark>
	<Placemark id="036D6E37E02A1143D682">
		<name>md/lt30-sg-212-0301-306+904</name>
		<Camera>
			<gx:ViewerOptions>
				<gx:option name="streetview"></gx:option>
				<gx:streetViewPanoId>p27TZDQ0be9k0SvTLiN-WQ</gx:streetViewPanoId>
			</gx:ViewerOptions>
			<longitude>104.7429061159409</longitude>
			<latitude>17.45438369893811</latitude>
			<altitude>152.9560394293797</altitude>
			<heading>214.1051832881877</heading>
			<tilt>83.32035285397109</tilt>
			<roll>0</roll>
			<gx:fovy>15</gx:fovy>
			<altitudeMode>absolute</altitudeMode>
		</Camera>
		<styleUrl>#__managed_style_01B2C6E4B82A5431B346</styleUrl>
		<Point>
			<altitudeMode>relativeToGround</altitudeMode>
			<coordinates>104.7428529501841,17.45436139985151,0</coordinates>
		</Point>
	</Placemark>
	<Placemark id="0C4135BF452A11447CDE">
		<name>md/lt31-sg-212-0301-306+979</name>
		<Camera>
			<gx:ViewerOptions>
				<gx:option name="streetview"></gx:option>
				<gx:streetViewPanoId>wIqK8jnDdnL1TGDSwphRHg</gx:streetViewPanoId>
			</gx:ViewerOptions>
			<longitude>104.7431870486206</longitude>
			<latitude>17.45380274696594</latitude>
			<altitude>153.0302443669194</altitude>
			<heading>245.5665916342659</heading>
			<tilt>81.85721281554022</tilt>
			<roll>0</roll>
			<gx:fovy>15</gx:fovy>
			<altitudeMode>absolute</altitudeMode>
		</Camera>
		<styleUrl>#__managed_style_01B2C6E4B82A5431B346</styleUrl>
		<Point>
			<altitudeMode>relativeToGround</altitudeMode>
			<coordinates>104.7431325820522,17.45376218321065,0</coordinates>
		</Point>
	</Placemark>
	<Placemark id="0E2572C1322A11450676">
		<name>md/lt32-sg-212-0301-307+035</name>
		<Camera>
			<gx:ViewerOptions>
				<gx:option name="streetview"></gx:option>
				<gx:streetViewPanoId>Mt77-rpQTA09ryVry0fFvw</gx:streetViewPanoId>
			</gx:ViewerOptions>
			<longitude>104.7434295887477</longitude>
			<latitude>17.45330900175754</latitude>
			<altitude>153.2356109615249</altitude>
			<heading>235.8507704723999</heading>
			<tilt>81.2873889810915</tilt>
			<roll>0</roll>
			<gx:fovy>15</gx:fovy>
			<altitudeMode>absolute</altitudeMode>
		</Camera>
		<styleUrl>#__managed_style_01B2C6E4B82A5431B346</styleUrl>
		<Point>
			<altitudeMode>relativeToGround</altitudeMode>
			<coordinates>104.7433700930415,17.45327472509278,0</coordinates>
		</Point>
	</Placemark>
	<Placemark id="09FEB898902A1145B9B0">
		<name>md/lt33-sg-212-0301-307+113</name>
		<Camera>
			<gx:ViewerOptions>
				<gx:option name="streetview"></gx:option>
				<gx:streetViewPanoId>3LNv_FyAfjGVMkBGHHVDjw</gx:streetViewPanoId>
			</gx:ViewerOptions>
			<longitude>104.7437670298168</longitude>
			<latitude>17.4526553350915</latitude>
			<altitude>152.957687377348</altitude>
			<heading>248.3588993376178</heading>
			<tilt>82.53523003088817</tilt>
			<roll>0</roll>
			<gx:fovy>15</gx:fovy>
			<altitudeMode>absolute</altitudeMode>
		</Camera>
		<styleUrl>#__managed_style_01B2C6E4B82A5431B346</styleUrl>
		<Point>
			<altitudeMode>relativeToGround</altitudeMode>
			<coordinates>104.743708279406,17.45263310631802,0</coordinates>
		</Point>
	</Placemark>
	<Placemark id="0FE2F6E1472A11464C1C">
		<name>md/lt34-sg-212-0301-307+196</name>
		<Camera>
			<gx:ViewerOptions>
				<gx:option name="streetview"></gx:option>
				<gx:streetViewPanoId>kAIvnLId5ctVN_LYnat38A</gx:streetViewPanoId>
			</gx:ViewerOptions>
			<longitude>104.7440119888165</longitude>
			<latitude>17.45214292744925</latitude>
			<altitude>153.3121032714844</altitude>
			<heading>253.6615617899915</heading>
			<tilt>82.77935074948866</tilt>
			<roll>0</roll>
			<gx:fovy>15</gx:fovy>
			<altitudeMode>absolute</altitudeMode>
		</Camera>
		<styleUrl>#__managed_style_01B2C6E4B82A5431B346</styleUrl>
		<Point>
			<altitudeMode>relativeToGround</altitudeMode>
			<coordinates>104.7439573435453,17.45212312625618,0</coordinates>
		</Point>
	</Placemark>
	<Placemark id="0E95C8EC5A2A114A1F0A">
		<name>md/lt35-sg-212-0301-308+032</name>
		<Camera>
			<gx:ViewerOptions>
				<gx:option name="streetview"></gx:option>
				<gx:streetViewPanoId>vEkGs0UUL6Mix9dhgT-ZbA</gx:streetViewPanoId>
			</gx:ViewerOptions>
			<longitude>104.7473575159637</longitude>
			<latitude>17.44594713724511</latitude>
			<altitude>153.1740417483588</altitude>
			<heading>225.9107849040047</heading>
			<tilt>81.31592181243366</tilt>
			<roll>0</roll>
			<gx:fovy>15</gx:fovy>
			<altitudeMode>absolute</altitudeMode>
		</Camera>
		<styleUrl>#__managed_style_01B2C6E4B82A5431B346</styleUrl>
		<Point>
			<altitudeMode>relativeToGround</altitudeMode>
			<coordinates>104.7473226390312,17.44589579235722,0</coordinates>
		</Point>
	</Placemark>
	<Placemark id="05DF1E8C712A114AC245">
		<name>md/lt36-sg-212-0301-308+200</name>
		<Camera>
			<gx:ViewerOptions>
				<gx:option name="streetview"></gx:option>
				<gx:streetViewPanoId>2E0e9H6_LaIVgqr7J1wGNw</gx:streetViewPanoId>
			</gx:ViewerOptions>
			<longitude>104.7477718732295</longitude>
			<latitude>17.44544355723683</latitude>
			<altitude>152.9689178465886</altitude>
			<heading>240.9471058875727</heading>
			<tilt>83.96196443983037</tilt>
			<roll>0</roll>
			<gx:fovy>15</gx:fovy>
			<altitudeMode>absolute</altitudeMode>
		</Camera>
		<styleUrl>#__managed_style_01B2C6E4B82A5431B346</styleUrl>
		<Point>
			<altitudeMode>relativeToGround</altitudeMode>
			<coordinates>104.7476983890259,17.44539411407654,0</coordinates>
		</Point>
	</Placemark>
	<Placemark id="02C1D535942A114B4823">
		<name>md/lt37-sg-212-0301-308+262</name>
		<Camera>
			<gx:ViewerOptions>
				<gx:option name="streetview"></gx:option>
				<gx:streetViewPanoId>CF3sSTGS9vc0lKUpYMDbLg</gx:streetViewPanoId>
			</gx:ViewerOptions>
			<longitude>104.748122052715</longitude>
			<latitude>17.4450074662598</latitude>
			<altitude>152.7527771002178</altitude>
			<heading>240.6972546289683</heading>
			<tilt>82.5665395076396</tilt>
			<roll>0</roll>
			<gx:fovy>15</gx:fovy>
			<altitudeMode>absolute</altitudeMode>
		</Camera>
		<styleUrl>#__managed_style_01B2C6E4B82A5431B346</styleUrl>
		<Point>
			<altitudeMode>relativeToGround</altitudeMode>
			<coordinates>104.7480485527877,17.44495538075024,0</coordinates>
		</Point>
	</Placemark>
	<Placemark id="025BB767E82A114BBBC7">
		<name>md/lt38-sg-212-0301-308+318</name>
		<Camera>
			<gx:ViewerOptions>
				<gx:option name="streetview"></gx:option>
				<gx:streetViewPanoId>7iNM4IDBgfzefHEFX7_Suw</gx:streetViewPanoId>
			</gx:ViewerOptions>
			<longitude>104.7484147300247</longitude>
			<latitude>17.444643905162</latitude>
			<altitude>152.5948791500372</altitude>
			<heading>210.374660584914</heading>
			<tilt>84.01738765052485</tilt>
			<roll>0</roll>
			<gx:fovy>15</gx:fovy>
			<altitudeMode>absolute</altitudeMode>
		</Camera>
		<styleUrl>#__managed_style_01B2C6E4B82A5431B346</styleUrl>
		<Point>
			<altitudeMode>relativeToGround</altitudeMode>
			<coordinates>104.7483568696258,17.44460267416925,0</coordinates>
		</Point>
	</Placemark>
	<Placemark id="0F105460242A114C4B3F">
		<name>md/lt39-sg-212-0301-308+394</name>
		<Camera>
			<gx:ViewerOptions>
				<gx:option name="streetview"></gx:option>
				<gx:streetViewPanoId>2RwpjUCgCwxBTDPZ80iK1w</gx:streetViewPanoId>
			</gx:ViewerOptions>
			<longitude>104.748823571243</longitude>
			<latitude>17.44413484845478</latitude>
			<altitude>152.2389373779297</altitude>
			<heading>261.4419876486194</heading>
			<tilt>83.39807875400483</tilt>
			<roll>0</roll>
			<gx:fovy>18.74114092010435</gx:fovy>
			<altitudeMode>absolute</altitudeMode>
		</Camera>
		<styleUrl>#__managed_style_01B2C6E4B82A5431B346</styleUrl>
		<Point>
			<altitudeMode>relativeToGround</altitudeMode>
			<coordinates>104.7487454576794,17.44410979327322,0</coordinates>
		</Point>
	</Placemark>
	<Placemark id="082E7DE68B29F85F095F">
		<name>lt1-sg-212-0301-243+144</name>
		<LookAt>
			<longitude>104.274254502933</longitude>
			<latitude>17.77710922443725</latitude>
			<altitude>160.4682476499262</altitude>
			<heading>155.2318685567396</heading>
			<tilt>0</tilt>
			<gx:fovy>35</gx:fovy>
			<range>105.8762009794009</range>
			<altitudeMode>absolute</altitudeMode>
		</LookAt>
		<styleUrl>#__managed_style_0BED4BCA582A5431B33B</styleUrl>
		<Point>
			<coordinates>104.2743975231132,17.7771472147174,159.6898729911544</coordinates>
		</Point>
	</Placemark>
	<Placemark id="0088EA4A4B29F8609204">
		<name>lt2-sg-212-0301-243+187</name>
		<LookAt>
			<longitude>104.274424545992</longitude>
			<latitude>17.77688064363456</latitude>
			<altitude>159.7818040232252</altitude>
			<heading>155.2319204732896</heading>
			<tilt>0</tilt>
			<gx:fovy>35</gx:fovy>
			<range>106.5626519396392</range>
			<altitudeMode>absolute</altitudeMode>
		</LookAt>
		<styleUrl>#__managed_style_0BED4BCA582A5431B33B</styleUrl>
		<Point>
			<coordinates>104.2745984063825,17.7767958443482,159.7911631599502</coordinates>
		</Point>
	</Placemark>
	<Placemark id="09000F0C3B29F86233C0">
		<name>lt3-sg-212-0301-243+231</name>
		<LookAt>
			<longitude>104.2748340258561</longitude>
			<latitude>17.77680767316219</latitude>
			<altitude>158.859103232512</altitude>
			<heading>149.3612176419033</heading>
			<tilt>15.24722963162579</tilt>
			<gx:fovy>35</gx:fovy>
			<range>244.704643941368</range>
			<altitudeMode>absolute</altitudeMode>
		</LookAt>
		<styleUrl>#__managed_style_0BED4BCA582A5431B33B</styleUrl>
		<Point>
			<coordinates>104.2747963118406,17.77644434489514,161.6843045142095</coordinates>
		</Point>
	</Placemark>
	<Placemark id="04F344139129F8637316">
		<name>lt4-sg-212-0301-243+276</name>
		<LookAt>
			<longitude>104.2749840158171</longitude>
			<latitude>17.77626928738511</latitude>
			<altitude>161.9462016858388</altitude>
			<heading>149.3612634324578</heading>
			<tilt>15.24705111365257</tilt>
			<gx:fovy>35</gx:fovy>
			<range>241.5049299945531</range>
			<altitudeMode>absolute</altitudeMode>
		</LookAt>
		<styleUrl>#__managed_style_0BED4BCA582A5431B33B</styleUrl>
		<Point>
			<coordinates>104.274990530276,17.7760950785506,162.9921999629839</coordinates>
		</Point>
	</Placemark>
	<Placemark id="092B24552E29F864C178">
		<name>lt5-sg-212-0301-243+317</name>
		<LookAt>
			<longitude>104.2751622871244</longitude>
			<latitude>17.77589599176679</latitude>
			<altitude>163.2933874685027</altitude>
			<heading>149.3613178565843</heading>
			<tilt>14.17677732007932</tilt>
			<gx:fovy>35</gx:fovy>
			<range>240.1154097353356</range>
			<altitudeMode>absolute</altitudeMode>
		</LookAt>
		<styleUrl>#__managed_style_0BED4BCA582A5431B33B</styleUrl>
		<Point>
			<coordinates>104.2751821224905,17.77576819994434,163.4830918279307</coordinates>
		</Point>
	</Placemark>
	<Placemark id="00438FBFB229F8786C03">
		<name>lt6-sg-212-0301-243+367</name>
		<LookAt>
			<longitude>104.2753047621675</longitude>
			<latitude>17.77563492727851</latitude>
			<altitude>163.0828021029785</altitude>
			<heading>149.361361097013</heading>
			<tilt>0</tilt>
			<gx:fovy>35</gx:fovy>
			<range>230.0690561152442</range>
			<altitudeMode>absolute</altitudeMode>
		</LookAt>
		<styleUrl>#__managed_style_0BED4BCA582A5431B33B</styleUrl>
		<Point>
			<coordinates>104.2754101383397,17.77536913901005,163.8267978054473</coordinates>
		</Point>
	</Placemark>
	<Placemark id="0E647BCBC529F8833A12">
		<name>lt7-sg-212-0301-243+414</name>
		<LookAt>
			<longitude>104.2755195878244</longitude>
			<latitude>17.77517340250644</latitude>
			<altitude>164.1576853446321</altitude>
			<heading>149.361022482655</heading>
			<tilt>0</tilt>
			<gx:fovy>35</gx:fovy>
			<range>209.1415612789206</range>
			<altitudeMode>absolute</altitudeMode>
		</LookAt>
		<styleUrl>#__managed_style_0BED4BCA582A5431B33B</styleUrl>
		<Point>
			<coordinates>104.2756523312927,17.77498206402321,164.3412046678767</coordinates>
		</Point>
	</Placemark>
	<Placemark id="06732A2EBC29F884FD6F">
		<name>lt8-sg-212-0301-243+462</name>
		<LookAt>
			<longitude>104.2757119406471</longitude>
			<latitude>17.77463053860316</latitude>
			<altitude>164.1575815476351</altitude>
			<heading>149.3611137324033</heading>
			<tilt>0</tilt>
			<gx:fovy>35</gx:fovy>
			<range>317.34922015552</range>
			<altitudeMode>absolute</altitudeMode>
		</LookAt>
		<styleUrl>#__managed_style_0BED4BCA582A5431B33B</styleUrl>
		<Point>
			<coordinates>104.2758470269866,17.77464130291761,164.3412318793374</coordinates>
		</Point>
	</Placemark>
	<Placemark id="0D7957823529F885C5A3">
		<name>lt9-sg-212-0301-243+505</name>
		<LookAt>
			<longitude>104.2759426217769</longitude>
			<latitude>17.77430872242456</latitude>
			<altitude>164.4003544888037</altitude>
			<heading>149.3611646161708</heading>
			<tilt>0</tilt>
			<gx:fovy>35</gx:fovy>
			<range>234.6714551977129</range>
			<altitudeMode>absolute</altitudeMode>
		</LookAt>
		<styleUrl>#__managed_style_0BED4BCA582A5431B33B</styleUrl>
		<Point>
			<coordinates>104.2760455298907,17.77429085535028,164.9551647272962</coordinates>
		</Point>
	</Placemark>
	<Placemark id="0478430F2929F887C70B">
		<name>lt10-sg-212-0301-243+547</name>
		<LookAt>
			<longitude>104.2759426283947</longitude>
			<latitude>17.77430870458883</latitude>
			<altitude>164.4003922160618</altitude>
			<heading>149.3615643689556</heading>
			<tilt>0</tilt>
			<gx:fovy>35</gx:fovy>
			<range>234.6752099688092</range>
			<altitudeMode>absolute</altitudeMode>
		</LookAt>
		<styleUrl>#__managed_style_0BED4BCA582A5431B33B</styleUrl>
		<Point>
			<coordinates>104.2762801585636,17.77391099862532,163.8699802550869</coordinates>
		</Point>
	</Placemark>
	<Placemark id="0AE854F06329F888A7F1">
		<name>lt11-sg-212-0301-243+596</name>
		<LookAt>
			<longitude>104.2762968826319</longitude>
			<latitude>17.7736887001541</latitude>
			<altitude>161.9724150725636</altitude>
			<heading>149.3616817280631</heading>
			<tilt>0</tilt>
			<gx:fovy>35</gx:fovy>
			<range>252.7510952231023</range>
			<altitudeMode>absolute</altitudeMode>
		</LookAt>
		<styleUrl>#__managed_style_0BED4BCA582A5431B33B</styleUrl>
		<Point>
			<coordinates>104.2764881756181,17.77360727128977,162.2805855946439</coordinates>
		</Point>
	</Placemark>
	<Placemark id="037030558229FC92688C">
		<name>lt12-sg-212-0301-243+637</name>
		<LookAt>
			<longitude>104.2766525862219</longitude>
			<latitude>17.77333092419375</latitude>
			<altitude>161.5392994493697</altitude>
			<heading>150.073718506003</heading>
			<tilt>18.19935222617969</tilt>
			<gx:fovy>35</gx:fovy>
			<range>192.9138925639745</range>
			<altitudeMode>absolute</altitudeMode>
		</LookAt>
		<styleUrl>#__managed_style_0BED4BCA582A5431B33B</styleUrl>
		<Point>
			<coordinates>104.2766393013674,17.77326273347144,161.639365017691</coordinates>
		</Point>
	</Placemark>
	<Placemark id="035A1C60A229FC944ABC">
		<name>lt13-sg-212-0301-243+686</name>
		<LookAt>
			<longitude>104.2768252851448</longitude>
			<latitude>17.77293746858163</latitude>
			<altitude>158.6524249532771</altitude>
			<heading>170.2598654098505</heading>
			<tilt>0</tilt>
			<gx:fovy>35</gx:fovy>
			<range>216.653560297018</range>
			<altitudeMode>absolute</altitudeMode>
		</LookAt>
		<styleUrl>#__managed_style_0BED4BCA582A5431B33B</styleUrl>
		<Point>
			<coordinates>104.2768664086763,17.77288026438903,158.3176065009522</coordinates>
		</Point>
	</Placemark>
	<Placemark id="0BE804034729FC952273">
		<name>lt14-sg-212-0301-243+731</name>
		<LookAt>
			<longitude>104.2770540666218</longitude>
			<latitude>17.77277952761405</latitude>
			<altitude>156.4873413785824</altitude>
			<heading>170.2599381614115</heading>
			<tilt>0</tilt>
			<gx:fovy>35</gx:fovy>
			<range>225.3140788961901</range>
			<altitudeMode>absolute</altitudeMode>
		</LookAt>
		<styleUrl>#__managed_style_0BED4BCA582A5431B33B</styleUrl>
		<Point>
			<coordinates>104.2770713043316,17.77252575774654,155.7493895415041</coordinates>
		</Point>
	</Placemark>
	<Placemark id="0AFA307F6929FC97DBF5">
		<name>lt15-sg-212-0301-243+777</name>
		<LookAt>
			<longitude>104.2771909398168</longitude>
			<latitude>17.77224376671437</latitude>
			<altitude>155.2319838511533</altitude>
			<heading>153.9566536328522</heading>
			<tilt>0</tilt>
			<gx:fovy>35</gx:fovy>
			<range>108.7334658956752</range>
			<altitudeMode>absolute</altitudeMode>
		</LookAt>
		<styleUrl>#__managed_style_0BED4BCA582A5431B33B</styleUrl>
		<Point>
			<coordinates>104.2772710825141,17.77215571472036,155.7497246698894</coordinates>
		</Point>
	</Placemark>
	<Placemark id="03562730BD29FC9822AA">
		<name>lt16-sg-212-0301-243+821</name>
		<LookAt>
			<longitude>104.2773721782655</longitude>
			<latitude>17.77190028072377</latitude>
			<altitude>156.4851347873762</altitude>
			<heading>153.9567089520628</heading>
			<tilt>0</tilt>
			<gx:fovy>35</gx:fovy>
			<range>107.4803110422909</range>
			<altitudeMode>absolute</altitudeMode>
		</LookAt>
		<styleUrl>#__managed_style_0BED4BCA582A5431B33B</styleUrl>
		<Point>
			<coordinates>104.2774846603619,17.77181145754237,157.1485933115293</coordinates>
		</Point>
	</Placemark>
	<Placemark id="0E7A78100029FC998178">
		<name>lt17-sg-212-0301-243+869</name>
		<LookAt>
			<longitude>104.2776804899597</longitude>
			<latitude>17.77163529118581</latitude>
			<altitude>157.6642074932872</altitude>
			<heading>153.9568003845605</heading>
			<tilt>0</tilt>
			<gx:fovy>35</gx:fovy>
			<range>131.5410348816658</range>
			<altitudeMode>absolute</altitudeMode>
		</LookAt>
		<styleUrl>#__managed_style_0BED4BCA582A5431B33B</styleUrl>
		<Point>
			<coordinates>104.2776974542301,17.77143047296466,158.0995837613758</coordinates>
		</Point>
	</Placemark>
	<Placemark id="0437E9D20029FCD23FCE">
		<name>lt18-sg-212-0301-243+910</name>
		<LookAt>
			<longitude>104.2778704516365</longitude>
			<latitude>17.77116612609229</latitude>
			<altitude>157.150832077553</altitude>
			<heading>153.1441621537519</heading>
			<tilt>32.19903226003061</tilt>
			<gx:fovy>30.00012755963595</gx:fovy>
			<range>271.1368418032362</range>
			<altitudeMode>absolute</altitudeMode>
		</LookAt>
		<styleUrl>#__managed_style_0BED4BCA582A5431B33B</styleUrl>
		<Point>
			<coordinates>104.2778909205778,17.77109790660172,157.0620231593205</coordinates>
		</Point>
	</Placemark>
	<Placemark id="0AEACB950E29FCD33C35">
		<name>lt19-sg-212-0301-243+953</name>
		<LookAt>
			<longitude>104.2781000426767</longitude>
			<latitude>17.7708861190035</latitude>
			<altitude>156.2009699682723</altitude>
			<heading>153.9568138232036</heading>
			<tilt>0</tilt>
			<gx:fovy>35</gx:fovy>
			<range>186.8027360623819</range>
			<altitudeMode>absolute</altitudeMode>
		</LookAt>
		<styleUrl>#__managed_style_0BED4BCA582A5431B33B</styleUrl>
		<Point>
			<coordinates>104.2780925973404,17.77076580054939,156.074247924354</coordinates>
		</Point>
	</Placemark>
	<Placemark id="0626C4E23C29FCD6A0C8">
		<name>lt20-sg-212-0301-244+213</name>
		<LookAt>
			<longitude>104.2794546534424</longitude>
			<latitude>17.76878659414093</latitude>
			<altitude>156.93922376704</altitude>
			<heading>153.9570347484803</heading>
			<tilt>0</tilt>
			<gx:fovy>35</gx:fovy>
			<range>108.5132671129577</range>
			<altitudeMode>absolute</altitudeMode>
		</LookAt>
		<styleUrl>#__managed_style_0BED4BCA582A5431B33B</styleUrl>
		<Point>
			<coordinates>104.2792888366911,17.76871160898585,156.3668123832192</coordinates>
		</Point>
	</Placemark>
	<Placemark id="0E9D6906EF29FCD76D28">
		<name>lt21-sg-212-0301-244+263</name>
		<LookAt>
			<longitude>104.2794354764723</longitude>
			<latitude>17.7683194217851</latitude>
			<altitude>157.6249923702087</altitude>
			<heading>153.9569057211788</heading>
			<tilt>0</tilt>
			<gx:fovy>35</gx:fovy>
			<range>195.1612273642968</range>
			<altitudeMode>absolute</altitudeMode>
		</LookAt>
		<styleUrl>#__managed_style_0BED4BCA582A5431B33B</styleUrl>
		<Point>
			<coordinates>104.279532156075,17.76831532031371,158.1529684325874</coordinates>
		</Point>
	</Placemark>
	<Placemark id="0C276589C029FCD851E6">
		<name>lt22-sg-212-0301-244+303</name>
		<LookAt>
			<longitude>104.2793314560454</longitude>
			<latitude>17.76798687009803</latitude>
			<altitude>156.6913340242239</altitude>
			<heading>150.5263117346301</heading>
			<tilt>0</tilt>
			<gx:fovy>35</gx:fovy>
			<range>116.8080431942326</range>
			<altitudeMode>absolute</altitudeMode>
		</LookAt>
		<styleUrl>#__managed_style_0BED4BCA582A5431B33B</styleUrl>
		<Point>
			<coordinates>104.2796924782654,17.76800126177211,158.595254897218</coordinates>
		</Point>
	</Placemark>
	<Placemark id="09AF96B95229FCD8E734">
		<name>lt23-sg-212-0301-244+348</name>
		<LookAt>
			<longitude>104.2796073482115</longitude>
			<latitude>17.76771083096357</latitude>
			<altitude>157.347564163364</altitude>
			<heading>150.5263959277636</heading>
			<tilt>0</tilt>
			<gx:fovy>35</gx:fovy>
			<range>116.1518274123592</range>
			<altitudeMode>absolute</altitudeMode>
		</LookAt>
		<styleUrl>#__managed_style_0BED4BCA582A5431B33B</styleUrl>
		<Point>
			<coordinates>104.2799084975318,17.76765264892282,156.863222781683</coordinates>
		</Point>
	</Placemark>
	<Placemark id="0774F839C129FCD9901F">
		<name>lt24-sg-212-0301-244+392</name>
		<LookAt>
			<longitude>104.2799818431653</longitude>
			<latitude>17.76742827100897</latitude>
			<altitude>156.1069034945371</altitude>
			<heading>150.526503616513</heading>
			<tilt>0</tilt>
			<gx:fovy>35</gx:fovy>
			<range>105.1021734599817</range>
			<altitudeMode>absolute</altitudeMode>
		</LookAt>
		<styleUrl>#__managed_style_0BED4BCA582A5431B33B</styleUrl>
		<Point>
			<coordinates>104.2801046883512,17.76731189329798,156.186155573452</coordinates>
		</Point>
	</Placemark>
	<Placemark id="04527661EC29FCDA24C6">
		<name>lt25-sg-212-0301-244+439</name>
		<LookAt>
			<longitude>104.2801803280309</longitude>
			<latitude>17.76703905411593</latitude>
			<altitude>156.4645985516028</altitude>
			<heading>150.5265641839734</heading>
			<tilt>0</tilt>
			<gx:fovy>35</gx:fovy>
			<range>104.7444851578621</range>
			<altitudeMode>absolute</altitudeMode>
		</LookAt>
		<styleUrl>#__managed_style_0BED4BCA582A5431B33B</styleUrl>
		<Point>
			<coordinates>104.2803252049955,17.76693271510005,157.1977231903035</coordinates>
		</Point>
	</Placemark>
	<Placemark id="076030087029FCDC3F23">
		<name>lt26-sg-212-0301-244+483</name>
		<LookAt>
			<longitude>104.2803388220189</longitude>
			<latitude>17.76665811885887</latitude>
			<altitude>156.8900274634535</altitude>
			<heading>150.5261962028198</heading>
			<tilt>0</tilt>
			<gx:fovy>34.99995852484398</gx:fovy>
			<range>104.3295250077244</range>
			<altitudeMode>absolute</altitudeMode>
		</LookAt>
		<styleUrl>#__managed_style_0BED4BCA582A5431B33B</styleUrl>
		<Point>
			<coordinates>104.2805346641369,17.7665849449337,156.8118087235553</coordinates>
		</Point>
	</Placemark>
	<Placemark id="08B26E437729FCDCCB0F">
		<name>lt27-sg-212-0301-244+528</name>
		<LookAt>
			<longitude>104.2805287431309</longitude>
			<latitude>17.76634957792629</latitude>
			<altitude>156.2355179116477</altitude>
			<heading>150.5262541554042</heading>
			<tilt>0</tilt>
			<gx:fovy>34.99995852484398</gx:fovy>
			<range>104.9840140584456</range>
			<altitudeMode>absolute</altitudeMode>
		</LookAt>
		<styleUrl>#__managed_style_0BED4BCA582A5431B33B</styleUrl>
		<Point>
			<coordinates>104.2807320801463,17.76623133271054,156.3134819862248</coordinates>
		</Point>
	</Placemark>
	<Placemark id="0A4F515B6C29FCDD5A3C">
		<name>lt28-sg-212-0301-244+573</name>
		<LookAt>
			<longitude>104.2807856184964</longitude>
			<latitude>17.76605202399648</latitude>
			<altitude>156.7670125104628</altitude>
			<heading>150.5263325364434</heading>
			<tilt>0</tilt>
			<gx:fovy>34.99995852484398</gx:fovy>
			<range>104.4525401163264</range>
			<altitudeMode>absolute</altitudeMode>
		</LookAt>
		<styleUrl>#__managed_style_0BED4BCA582A5431B33B</styleUrl>
		<Point>
			<coordinates>104.2809222516221,17.76590511044679,157.3477874537604</coordinates>
		</Point>
	</Placemark>
	<Placemark id="00A086293929FCDDF3A4">
		<name>lt29-sg-212-0301-244+619</name>
		<LookAt>
			<longitude>104.281007560402</longitude>
			<latitude>17.7656605382236</latitude>
			<altitude>157.2556888173134</altitude>
			<heading>150.5264002567684</heading>
			<tilt>0</tilt>
			<gx:fovy>34.99995852484398</gx:fovy>
			<range>103.9638867890244</range>
			<altitudeMode>absolute</altitudeMode>
		</LookAt>
		<styleUrl>#__managed_style_0BED4BCA582A5431B33B</styleUrl>
		<Point>
			<coordinates>104.2811685955358,17.76551994510133,157.2931198387943</coordinates>
		</Point>
	</Placemark>
	<Placemark id="01F366F53529FCDE669A">
		<name>lt30-sg-212-0301-244+664</name>
		<LookAt>
			<longitude>104.2812270789729</longitude>
			<latitude>17.7652792840668</latitude>
			<altitude>157.1585283009922</altitude>
			<heading>150.5264672363415</heading>
			<tilt>0</tilt>
			<gx:fovy>34.99995852484398</gx:fovy>
			<range>104.0610472855406</range>
			<altitudeMode>absolute</altitudeMode>
		</LookAt>
		<styleUrl>#__managed_style_0BED4BCA582A5431B33B</styleUrl>
		<Point>
			<coordinates>104.2813627461178,17.76516225280387,157.5900876144813</coordinates>
		</Point>
	</Placemark>
	<Placemark id="09F205043729FCE0105A">
		<name>lt31-sg-212-0301-245+036</name>
		<LookAt>
			<longitude>104.283253471436</longitude>
			<latitude>17.76242189460412</latitude>
			<altitude>159.1349397095157</altitude>
			<heading>138.2662840076137</heading>
			<tilt>0</tilt>
			<gx:fovy>35</gx:fovy>
			<range>292.1290484969722</range>
			<altitudeMode>absolute</altitudeMode>
		</LookAt>
		<styleUrl>#__managed_style_0BED4BCA582A5431B33B</styleUrl>
		<Point>
			<coordinates>104.2833106789166,17.76240273066698,159.3386284929786</coordinates>
		</Point>
	</Placemark>
	<Placemark id="0A1F14755B29FCE1C413">
		<name>lt32-sg-212-0301-245+086</name>
		<LookAt>
			<longitude>104.2833649807714</longitude>
			<latitude>17.76206979915148</latitude>
			<altitude>159.3552183717696</altitude>
			<heading>138.2661792735551</heading>
			<tilt>0</tilt>
			<gx:fovy>35</gx:fovy>
			<range>138.3004572485515</range>
			<altitudeMode>absolute</altitudeMode>
		</LookAt>
		<styleUrl>#__managed_style_0BED4BCA582A5431B33B</styleUrl>
		<Point>
			<coordinates>104.2836671796592,17.76210907845542,159.1475244551081</coordinates>
		</Point>
	</Placemark>
	<Placemark id="0241BB1D8029FCE2A432">
		<name>lt33-sg-212-0301-245+129</name>
		<LookAt>
			<longitude>104.2838257170706</longitude>
			<latitude>17.76196596033177</latitude>
			<altitude>158.9609502328284</altitude>
			<heading>136.4171792244671</heading>
			<tilt>0</tilt>
			<gx:fovy>35</gx:fovy>
			<range>227.4743933997161</range>
			<altitudeMode>absolute</altitudeMode>
		</LookAt>
		<styleUrl>#__managed_style_0BED4BCA582A5431B33B</styleUrl>
		<Point>
			<coordinates>104.2839974781951,17.76187274114566,159.5238556172679</coordinates>
		</Point>
	</Placemark>
	<Placemark id="0E153B20B829FCE3362C">
		<name>lt34-sg-212-0301-245+177</name>
		<LookAt>
			<longitude>104.2840935192984</longitude>
			<latitude>17.76173533533457</latitude>
			<altitude>159.7534477851071</altitude>
			<heading>136.4172609196654</heading>
			<tilt>0</tilt>
			<gx:fovy>35</gx:fovy>
			<range>226.6819049224068</range>
			<altitudeMode>absolute</altitudeMode>
		</LookAt>
		<styleUrl>#__managed_style_0BED4BCA582A5431B33B</styleUrl>
		<Point>
			<coordinates>104.2843589480774,17.7616267040787,160.0093736889129</coordinates>
		</Point>
	</Placemark>
	<Placemark id="0275F457CB29FCE3B06F">
		<name>lt35-sg-212-0301-245+222</name>
		<LookAt>
			<longitude>104.2844436785106</longitude>
			<latitude>17.76138888738744</latitude>
			<altitude>158.6479042745621</altitude>
			<heading>136.4173677366109</heading>
			<tilt>0</tilt>
			<gx:fovy>35</gx:fovy>
			<range>227.7874532342685</range>
			<altitudeMode>absolute</altitudeMode>
		</LookAt>
		<styleUrl>#__managed_style_0BED4BCA582A5431B33B</styleUrl>
		<Point>
			<coordinates>104.2847266783995,17.7614291732727,159.7020382631374</coordinates>
		</Point>
	</Placemark>
	<Placemark id="0F06165B4829FCE475C4">
		<name>lt36-sg-212-0301-245+304</name>
		<LookAt>
			<longitude>104.2848725813171</longitude>
			<latitude>17.76146179900358</latitude>
			<altitude>160.6430416894997</altitude>
			<heading>134.8369331671688</heading>
			<tilt>0</tilt>
			<gx:fovy>35</gx:fovy>
			<range>200.5167361827625</range>
			<altitudeMode>absolute</altitudeMode>
		</LookAt>
		<styleUrl>#__managed_style_0BED4BCA582A5431B33B</styleUrl>
		<Point>
			<coordinates>104.2851251873832,17.7612273500526,161.3314869474637</coordinates>
		</Point>
	</Placemark>
	<Placemark id="0B3B44756729FCE4F679">
		<name>lt37-sg-212-0301-245+348</name>
		<LookAt>
			<longitude>104.2854528376658</longitude>
			<latitude>17.76117603526293</latitude>
			<altitude>160.9122423309667</altitude>
			<heading>134.8371101731515</heading>
			<tilt>0</tilt>
			<gx:fovy>35</gx:fovy>
			<range>200.2475515437982</range>
			<altitudeMode>absolute</altitudeMode>
		</LookAt>
		<styleUrl>#__managed_style_0BED4BCA582A5431B33B</styleUrl>
		<Point>
			<coordinates>104.2854701289719,17.76105307958097,160.3709038331588</coordinates>
		</Point>
	</Placemark>
	<Placemark id="0B8A8A112D29FCE57DD4">
		<name>lt38-sg-212-0301-245+398</name>
		<LookAt>
			<longitude>104.2857369321046</longitude>
			<latitude>17.76106405854907</latitude>
			<altitude>159.3391328660066</altitude>
			<heading>115.3208219385876</heading>
			<tilt>0</tilt>
			<gx:fovy>35</gx:fovy>
			<range>201.8206615675444</range>
			<altitudeMode>absolute</altitudeMode>
		</LookAt>
		<styleUrl>#__managed_style_0BED4BCA582A5431B33B</styleUrl>
		<Point>
			<coordinates>104.2859116970418,17.7609131595858,159.0116649961791</coordinates>
		</Point>
	</Placemark>
	<Placemark id="013F39933829FCE65332">
		<name>lt39-sg-212-0301-245+438</name>
		<LookAt>
			<longitude>104.2859720394762</longitude>
			<latitude>17.76092843741159</latitude>
			<altitude>158.6790005140409</altitude>
			<heading>106.6939440307464</heading>
			<tilt>0</tilt>
			<gx:fovy>35</gx:fovy>
			<range>215.3761500859036</range>
			<altitudeMode>absolute</altitudeMode>
		</LookAt>
		<styleUrl>#__managed_style_0BED4BCA582A5431B33B</styleUrl>
		<Point>
			<coordinates>104.2862465745957,17.76083119235843,158.3437692101007</coordinates>
		</Point>
	</Placemark>
	<Placemark id="04D268B6C329FCE6CF25">
		<name>lt40-sg-212-0301-245+481</name>
		<LookAt>
			<longitude>104.2865638788169</longitude>
			<latitude>17.76081865532337</latitude>
			<altitude>157.5680276678217</altitude>
			<heading>106.6941245668</heading>
			<tilt>0</tilt>
			<gx:fovy>35</gx:fovy>
			<range>216.4871219560155</range>
			<altitudeMode>absolute</altitudeMode>
		</LookAt>
		<styleUrl>#__managed_style_0BED4BCA582A5431B33B</styleUrl>
		<Point>
			<coordinates>104.2866453395328,17.76071705410716,157.5129313516545</coordinates>
		</Point>
	</Placemark>
	<Placemark id="02C2342B9D29FCE7B2A7">
		<name>lt41-sg-212-0301-245+527</name>
		<LookAt>
			<longitude>104.2870775512648</longitude>
			<latitude>17.76065349997</latitude>
			<altitude>157.5568700289246</altitude>
			<heading>106.6942811569493</heading>
			<tilt>0</tilt>
			<gx:fovy>35</gx:fovy>
			<range>216.8681848670894</range>
			<altitudeMode>absolute</altitudeMode>
		</LookAt>
		<styleUrl>#__managed_style_0BED4BCA582A5431B33B</styleUrl>
		<Point>
			<coordinates>104.2870423391578,17.76060015725043,158.1529080997344</coordinates>
		</Point>
	</Placemark>
	<Placemark id="081F41DAD729FCE84C53">
		<name>lt42-sg-212-0301-245+579</name>
		<LookAt>
			<longitude>104.2875664871047</longitude>
			<latitude>17.76049215350013</latitude>
			<altitude>156.1216526399588</altitude>
			<heading>106.694430303015</heading>
			<tilt>0</tilt>
			<gx:fovy>35</gx:fovy>
			<range>218.3033649970458</range>
			<altitudeMode>absolute</altitudeMode>
		</LookAt>
		<styleUrl>#__managed_style_0BED4BCA582A5431B33B</styleUrl>
		<Point>
			<coordinates>104.2875212833606,17.7604846629467,156.3596652266423</coordinates>
		</Point>
	</Placemark>
	<Placemark id="0BC5FF2E5F29FCEA42B7">
		<name>lt43-sg-212-0301-245+622</name>
		<LookAt>
			<longitude>104.28745083728</longitude>
			<latitude>17.76034682068385</latitude>
			<altitude>156.5402285422799</altitude>
			<heading>106.6945853404889</heading>
			<tilt>0</tilt>
			<gx:fovy>35</gx:fovy>
			<range>285.9132103678713</range>
			<altitudeMode>absolute</altitudeMode>
		</LookAt>
		<styleUrl>#__managed_style_0BED4BCA582A5431B33B</styleUrl>
		<Point>
			<coordinates>104.2879136092338,17.76038064085202,156.9549006513951</coordinates>
		</Point>
	</Placemark>
	<Placemark id="0F283E47AC29FCEAC7B9">
		<name>lt44-sg-212-0301-245+670</name>
		<LookAt>
			<longitude>104.2881369964073</longitude>
			<latitude>17.76021670608866</latitude>
			<altitude>156.7810317567261</altitude>
			<heading>106.6947946450845</heading>
			<tilt>0</tilt>
			<gx:fovy>35</gx:fovy>
			<range>285.6723951105233</range>
			<altitudeMode>absolute</altitudeMode>
		</LookAt>
		<styleUrl>#__managed_style_0BED4BCA582A5431B33B</styleUrl>
		<Point>
			<coordinates>104.288337330514,17.76025919112356,156.9401261509887</coordinates>
		</Point>
	</Placemark>
	<Placemark id="0F1B23EC8129FCEB4A53">
		<name>lt45-sg-212-0301-245+714</name>
		<LookAt>
			<longitude>104.2886991001012</longitude>
			<latitude>17.76003016327807</latitude>
			<altitude>155.141261521353</altitude>
			<heading>106.6949661067293</heading>
			<tilt>0</tilt>
			<gx:fovy>35</gx:fovy>
			<range>287.3120943772301</range>
			<altitudeMode>absolute</altitudeMode>
		</LookAt>
		<styleUrl>#__managed_style_0BED4BCA582A5431B33B</styleUrl>
		<Point>
			<coordinates>104.2887518434804,17.7601618406256,155.4796114208207</coordinates>
		</Point>
	</Placemark>
	<Placemark id="07E512D27029FCEBE772">
		<name>lt46-sg-212-0301-245+761</name>
		<LookAt>
			<longitude>104.2891702015048</longitude>
			<latitude>17.75989200075174</latitude>
			<altitude>153.6190198830634</altitude>
			<heading>106.6951098083281</heading>
			<tilt>0</tilt>
			<gx:fovy>35</gx:fovy>
			<range>288.8343295703817</range>
			<altitudeMode>absolute</altitudeMode>
		</LookAt>
		<styleUrl>#__managed_style_0BED4BCA582A5431B33B</styleUrl>
		<Point>
			<coordinates>104.28916324805,17.7600740767885,153.6548480345253</coordinates>
		</Point>
	</Placemark>
	<Placemark id="0B9F2AAB0929FCEE37D6">
		<name>lt47-sg-212-0301-246+421</name>
		<LookAt>
			<longitude>104.2948903767745</longitude>
			<latitude>17.75867646978857</latitude>
			<altitude>150.2929201052974</altitude>
			<heading>107.923120970721</heading>
			<tilt>0</tilt>
			<gx:fovy>35</gx:fovy>
			<range>276.0133855309323</range>
			<altitudeMode>absolute</altitudeMode>
		</LookAt>
		<styleUrl>#__managed_style_0BED4BCA582A5431B33B</styleUrl>
		<Point>
			<coordinates>104.2952210120364,17.75850245473544,152.5882298552858</coordinates>
		</Point>
	</Placemark>
	<Placemark id="014877A07929FCEEC9B0">
		<name>lt48-sg-212-0301-246+469</name>
		<LookAt>
			<longitude>104.2953769547667</longitude>
			<latitude>17.75846720027214</latitude>
			<altitude>152.2796082752093</altitude>
			<heading>107.9232685522401</heading>
			<tilt>0</tilt>
			<gx:fovy>35</gx:fovy>
			<range>268.1619969254098</range>
			<altitudeMode>absolute</altitudeMode>
		</LookAt>
		<styleUrl>#__managed_style_0BED4BCA582A5431B33B</styleUrl>
		<Point>
			<coordinates>104.2956544254175,17.75838846885474,152.1367595920606</coordinates>
		</Point>
	</Placemark>
	<Placemark id="07CD2F104C29FD17D1AD">
		<name>lt49-sg-212-0301-246+515</name>
		<LookAt>
			<longitude>104.2958558843574</longitude>
			<latitude>17.75801995789708</latitude>
			<altitude>153.0616169225966</altitude>
			<heading>107.9141408384525</heading>
			<tilt>0</tilt>
			<gx:fovy>35</gx:fovy>
			<range>244.6909459801464</range>
			<altitudeMode>absolute</altitudeMode>
		</LookAt>
		<styleUrl>#__managed_style_0BED4BCA582A5431B33B</styleUrl>
		<Point>
			<coordinates>104.2960715684144,17.75829202261364,151.5707740006706</coordinates>
		</Point>
	</Placemark>
	<Placemark id="0666BD257B29FD27A976">
		<name>lt50-sg-212-0301-247+395</name>
		<Camera>
			<gx:ViewerOptions>
				<gx:option name="streetview"></gx:option>
				<gx:streetViewPanoId>8Q659X2zYUJ8zmTQcRvUPQ</gx:streetViewPanoId>
			</gx:ViewerOptions>
			<longitude>104.3040730331399</longitude>
			<latitude>17.75604425415252</latitude>
			<altitude>160.9765625</altitude>
			<heading>346.6522581594302</heading>
			<tilt>86.83955322689756</tilt>
			<roll>0</roll>
			<gx:fovy>59.99999999999999</gx:fovy>
			<altitudeMode>absolute</altitudeMode>
		</Camera>
		<styleUrl>#__managed_style_0BED4BCA582A5431B33B</styleUrl>
		<Point>
			<altitudeMode>relativeToGround</altitudeMode>
			<coordinates>104.3040795959789,17.7561832821878,0</coordinates>
		</Point>
	</Placemark>
	<Placemark id="0803B89CF029FD2EC312">
		<name>lt51-sg-212-0301-247+450</name>
		<LookAt>
			<longitude>104.3041845922933</longitude>
			<latitude>17.75601357974942</latitude>
			<altitude>160.1065928151622</altitude>
			<heading>105.7700537362214</heading>
			<tilt>0</tilt>
			<gx:fovy>35</gx:fovy>
			<range>500.0001064893877</range>
			<altitudeMode>absolute</altitudeMode>
		</LookAt>
		<styleUrl>#__managed_style_0BED4BCA582A5431B33B</styleUrl>
		<Point>
			<coordinates>104.3045807524489,17.75606237579731,159.4050236413643</coordinates>
		</Point>
	</Placemark>
	<Placemark id="07361D59B529FD30F59D">
		<name>lt52-sg-212-0301-247+475</name>
		<LookAt>
			<longitude>104.304624488094</longitude>
			<latitude>17.75597806232065</latitude>
			<altitude>159.2124763024743</altitude>
			<heading>59.14916451758095</heading>
			<tilt>0</tilt>
			<gx:fovy>35</gx:fovy>
			<range>157.1360230882602</range>
			<altitudeMode>absolute</altitudeMode>
		</LookAt>
		<styleUrl>#__managed_style_0BED4BCA582A5431B33B</styleUrl>
		<Point>
			<coordinates>104.3047999741155,17.75600238379299,159.1467787939552</coordinates>
		</Point>
	</Placemark>
	<Placemark id="0849BB2C7E29FD32486E">
		<name>lt53-sg-212-0301-247+520</name>
		<LookAt>
			<longitude>104.3051532601408</longitude>
			<latitude>17.75586823990727</latitude>
			<altitude>157.9761041459258</altitude>
			<heading>93.43988027316389</heading>
			<tilt>0</tilt>
			<gx:fovy>35</gx:fovy>
			<range>177.0738807871203</range>
			<altitudeMode>absolute</altitudeMode>
		</LookAt>
		<styleUrl>#__managed_style_0BED4BCA582A5431B33B</styleUrl>
		<Point>
			<coordinates>104.3052134015361,17.75590503662139,158.1528587766605</coordinates>
		</Point>
	</Placemark>
	<Placemark id="085E820AD829FD33626B">
		<name>lt54-sg-212-0301-247+557</name>
		<LookAt>
			<longitude>104.3051735026063</longitude>
			<latitude>17.75576249500979</latitude>
			<altitude>157.9761188412934</altitude>
			<heading>93.43998543438471</heading>
			<tilt>0</tilt>
			<gx:fovy>35</gx:fovy>
			<range>235.4468154290953</range>
			<altitudeMode>absolute</altitudeMode>
		</LookAt>
		<styleUrl>#__managed_style_0BED4BCA582A5431B33B</styleUrl>
		<Point>
			<coordinates>104.3055265502759,17.75581597201576,156.6347488967086</coordinates>
		</Point>
	</Placemark>
	<Placemark id="0617C5A4AD29FD9BA3FB">
		<name>lt55-sg-212-0301-247+617</name>
		<LookAt>
			<longitude>104.305734563391</longitude>
			<latitude>17.75584269063393</latitude>
			<altitude>156.9801919238285</altitude>
			<heading>104.0040353355687</heading>
			<tilt>21.53454673130188</tilt>
			<gx:fovy>35</gx:fovy>
			<range>256.1177342405063</range>
			<altitudeMode>absolute</altitudeMode>
		</LookAt>
		<styleUrl>#__managed_style_0BED4BCA582A5431B33B</styleUrl>
		<Point>
			<coordinates>104.3060684915912,17.75566720158442,158.15276700773</coordinates>
		</Point>
	</Placemark>
	<Placemark id="09D73CEFDD29FD9CD2ED">
		<name>lt56-sg-212-0301-247+677</name>
		<LookAt>
			<longitude>104.3062853277182</longitude>
			<latitude>17.75557889790257</latitude>
			<altitude>158.2080302308893</altitude>
			<heading>111.9940505949679</heading>
			<tilt>0</tilt>
			<gx:fovy>35</gx:fovy>
			<range>499.9999210685928</range>
			<altitudeMode>absolute</altitudeMode>
		</LookAt>
		<styleUrl>#__managed_style_0BED4BCA582A5431B33B</styleUrl>
		<Point>
			<coordinates>104.3066314548942,17.75553941772748,156.7063114043298</coordinates>
		</Point>
	</Placemark>
	<Placemark id="0262E870DB29FD9DE161">
		<name>lt57-sg-212-0301-247+720</name>
		<LookAt>
			<longitude>104.3069946906237</longitude>
			<latitude>17.75552364407923</latitude>
			<altitude>154.5361153685734</altitude>
			<heading>111.9940992589167</heading>
			<tilt>0</tilt>
			<gx:fovy>35</gx:fovy>
			<range>382.5606475445966</range>
			<altitudeMode>absolute</altitudeMode>
		</LookAt>
		<styleUrl>#__managed_style_0BED4BCA582A5431B33B</styleUrl>
		<Point>
			<coordinates>104.3070859417817,17.75540979325361,155.0188183389423</coordinates>
		</Point>
	</Placemark>
	<Placemark id="027F82D90B29FD9E7A87">
		<name>lt58-sg-212-0301-247+767</name>
		<LookAt>
			<longitude>104.3069946906237</longitude>
			<latitude>17.75552364416376</latitude>
			<altitude>154.5361530972462</altitude>
			<heading>111.9940992589167</heading>
			<tilt>0</tilt>
			<gx:fovy>35</gx:fovy>
			<range>382.5606011893979</range>
			<altitudeMode>absolute</altitudeMode>
		</LookAt>
		<styleUrl>#__managed_style_0BED4BCA582A5431B33B</styleUrl>
		<Point>
			<coordinates>104.3074966650005,17.75529347031486,153.2956948823256</coordinates>
		</Point>
	</Placemark>
	<Placemark id="026B009AC729FD9F181C">
		<name>lt59-sg-212-0301-247+813</name>
		<LookAt>
			<longitude>104.307770076981</longitude>
			<latitude>17.75508921489773</latitude>
			<altitude>152.9061297285083</altitude>
			<heading>111.9943357180393</heading>
			<tilt>0</tilt>
			<gx:fovy>35</gx:fovy>
			<range>384.1906122195724</range>
			<altitudeMode>absolute</altitudeMode>
		</LookAt>
		<styleUrl>#__managed_style_0BED4BCA582A5431B33B</styleUrl>
		<Point>
			<coordinates>104.3079117173274,17.75517820607624,153.0275492580937</coordinates>
		</Point>
	</Placemark>
	<Placemark id="0E87EEB45529FD9FD4A5">
		<name>lt60-sg-212-0301-247+860</name>
		<LookAt>
			<longitude>104.3077700770255</longitude>
			<latitude>17.75508921489772</latitude>
			<altitude>152.9061297285083</altitude>
			<heading>111.9943357180393</heading>
			<tilt>0</tilt>
			<gx:fovy>35</gx:fovy>
			<range>384.1906122195724</range>
			<altitudeMode>absolute</altitudeMode>
		</LookAt>
		<styleUrl>#__managed_style_0BED4BCA582A5431B33B</styleUrl>
		<Point>
			<coordinates>104.3083273684204,17.75507213978956,154.1901209251583</coordinates>
		</Point>
	</Placemark>
	<Placemark id="0511E897B329FDA054A3">
		<name>lt61-sg-212-0301-247+860</name>
		<LookAt>
			<longitude>104.3084705338027</longitude>
			<latitude>17.75479271879952</latitude>
			<altitude>154.6653769378136</altitude>
			<heading>111.9945493208719</heading>
			<tilt>0</tilt>
			<gx:fovy>35</gx:fovy>
			<range>382.4313628953678</range>
			<altitudeMode>absolute</altitudeMode>
		</LookAt>
		<styleUrl>#__managed_style_0BED4BCA582A5431B33B</styleUrl>
		<Point>
			<coordinates>104.308810358684,17.75494937661569,155.7466398796237</coordinates>
		</Point>
	</Placemark>
	<Placemark id="058F42299229FDA0F44D">
		<name>lt62-sg-212-0301-247+952</name>
		<LookAt>
			<longitude>104.3090243574679</longitude>
			<latitude>17.75478486839686</latitude>
			<altitude>156.9707775872751</altitude>
			<heading>111.9946169336628</heading>
			<tilt>0</tilt>
			<gx:fovy>35</gx:fovy>
			<range>182.287554286304</range>
			<altitudeMode>absolute</altitudeMode>
		</LookAt>
		<styleUrl>#__managed_style_0BED4BCA582A5431B33B</styleUrl>
		<Point>
			<coordinates>104.3091917083132,17.75484836076653,157.2174869546597</coordinates>
		</Point>
	</Placemark>
	<Placemark id="0911182C7529FDA1AE5C">
		<name>lt63-sg-212-0301-247+994</name>
		<LookAt>
			<longitude>104.3094035841429</longitude>
			<latitude>17.75498517262587</latitude>
			<altitude>156.6039061134675</altitude>
			<heading>111.9944351951597</heading>
			<tilt>0</tilt>
			<gx:fovy>35</gx:fovy>
			<range>199.6143395292893</range>
			<altitudeMode>absolute</altitudeMode>
		</LookAt>
		<styleUrl>#__managed_style_0BED4BCA582A5431B33B</styleUrl>
		<Point>
			<coordinates>104.3095704170861,17.75475356359487,156.3391699039606</coordinates>
		</Point>
	</Placemark>
	<Placemark id="0481199EB429FDA270E4">
		<name>lt64-sg-212-0301-248+044</name>
		<LookAt>
			<longitude>104.3097893547569</longitude>
			<latitude>17.75463012272602</latitude>
			<altitude>155.3184026493531</altitude>
			<heading>111.9945528393702</heading>
			<tilt>0</tilt>
			<gx:fovy>35</gx:fovy>
			<range>200.9241288467092</range>
			<altitudeMode>absolute</altitudeMode>
		</LookAt>
		<styleUrl>#__managed_style_0BED4BCA582A5431B33B</styleUrl>
		<Point>
			<coordinates>104.3100340061841,17.75462821906001,154.6892395975704</coordinates>
		</Point>
	</Placemark>
	<Placemark id="00B577D36A29FDA2E790">
		<name>lt65-sg-212-0301-248+091</name>
		<LookAt>
			<longitude>104.3104260820827</longitude>
			<latitude>17.75446801742062</latitude>
			<altitude>155.194518469898</altitude>
			<heading>111.9947470009726</heading>
			<tilt>0</tilt>
			<gx:fovy>35</gx:fovy>
			<range>201.0480131152872</range>
			<altitudeMode>absolute</altitudeMode>
		</LookAt>
		<styleUrl>#__managed_style_0BED4BCA582A5431B33B</styleUrl>
		<Point>
			<coordinates>104.3104667346583,17.75451580207082,155.3680934873121</coordinates>
		</Point>
	</Placemark>
	<Placemark id="0B0C81ED9229FDA35198">
		<name>lt66-sg-212-0301-248+137</name>
		<LookAt>
			<longitude>104.3104260820605</longitude>
			<latitude>17.75446801742062</latitude>
			<altitude>155.194518469898</altitude>
			<heading>111.9947470009726</heading>
			<tilt>0</tilt>
			<gx:fovy>35</gx:fovy>
			<range>201.0480131152872</range>
			<altitudeMode>absolute</altitudeMode>
		</LookAt>
		<styleUrl>#__managed_style_0BED4BCA582A5431B33B</styleUrl>
		<Point>
			<coordinates>104.3108920033963,17.75440100318829,156.0659092162357</coordinates>
		</Point>
	</Placemark>
	<Placemark id="03F628BCA929FDA42BC8">
		<name>lt67-sg-212-0301-248+179</name>
		<LookAt>
			<longitude>104.3108932265816</longitude>
			<latitude>17.75410722656076</latitude>
			<altitude>155.3360938404636</altitude>
			<heading>111.9949023534683</heading>
			<tilt>0</tilt>
			<gx:fovy>35</gx:fovy>
			<range>217.1446240946535</range>
			<altitudeMode>absolute</altitudeMode>
		</LookAt>
		<styleUrl>#__managed_style_0BED4BCA582A5431B33B</styleUrl>
		<Point>
			<coordinates>104.3112794513655,17.75430201659329,156.7281912244358</coordinates>
		</Point>
	</Placemark>
	<Placemark id="0CFEF3816229FDA49AB3">
		<name>lt68-sg-212-0301-248+232</name>
		<LookAt>
			<longitude>104.3113387379379</longitude>
			<latitude>17.75400923327961</latitude>
			<altitude>157.2502558601392</altitude>
			<heading>111.9950382040198</heading>
			<tilt>0</tilt>
			<gx:fovy>35</gx:fovy>
			<range>215.2304788739275</range>
			<altitudeMode>absolute</altitudeMode>
		</LookAt>
		<styleUrl>#__managed_style_0BED4BCA582A5431B33B</styleUrl>
		<Point>
			<coordinates>104.3117584038632,17.75417695701011,157.8322307633461</coordinates>
		</Point>
	</Placemark>
	<Placemark id="014DD1486629FDA5068E">
		<name>lt69-sg-212-0301-248+277</name>
		<LookAt>
			<longitude>104.3119450786198</longitude>
			<latitude>17.75398146266322</latitude>
			<altitude>156.300201307749</altitude>
			<heading>111.9952230940847</heading>
			<tilt>0</tilt>
			<gx:fovy>35</gx:fovy>
			<range>216.1805750268832</range>
			<altitudeMode>absolute</altitudeMode>
		</LookAt>
		<styleUrl>#__managed_style_0BED4BCA582A5431B33B</styleUrl>
		<Point>
			<coordinates>104.3121720367337,17.75407024726215,155.5740253820886</coordinates>
		</Point>
	</Placemark>
	<Placemark id="0AE139A77929FDA57310">
		<name>lt70-sg-212-0301-248+323</name>
		<LookAt>
			<longitude>104.312344644235</longitude>
			<latitude>17.75388640293881</latitude>
			<altitude>154.7586154220851</altitude>
			<heading>111.9953449322026</heading>
			<tilt>0</tilt>
			<gx:fovy>35</gx:fovy>
			<range>217.7221635155001</range>
			<altitudeMode>absolute</altitudeMode>
		</LookAt>
		<styleUrl>#__managed_style_0BED4BCA582A5431B33B</styleUrl>
		<Point>
			<coordinates>104.3126028455723,17.75395873529125,154.0985578636212</coordinates>
		</Point>
	</Placemark>
	<Placemark id="0F5795787729FDA5EAA5">
		<name>lt71-sg-212-0301-248+370</name>
		<LookAt>
			<longitude>104.3127784472878</longitude>
			<latitude>17.75378782254166</latitude>
			<altitude>154.7050254440875</altitude>
			<heading>111.9954772097968</heading>
			<tilt>0</tilt>
			<gx:fovy>35</gx:fovy>
			<range>217.7757501252199</range>
			<altitudeMode>absolute</altitudeMode>
		</LookAt>
		<styleUrl>#__managed_style_0BED4BCA582A5431B33B</styleUrl>
		<Point>
			<coordinates>104.3130258739655,17.75384799263404,155.2599208130096</coordinates>
		</Point>
	</Placemark>
	<Placemark id="0AF8C8229529FDA656F5">
		<name>lt72-sg-212-0301-248+411</name>
		<LookAt>
			<longitude>104.3133346064359</longitude>
			<latitude>17.7535962486047</latitude>
			<altitude>154.3366113895682</altitude>
			<heading>111.995646797092</heading>
			<tilt>0</tilt>
			<gx:fovy>35</gx:fovy>
			<range>218.1441812446428</range>
			<altitudeMode>absolute</altitudeMode>
		</LookAt>
		<styleUrl>#__managed_style_0BED4BCA582A5431B33B</styleUrl>
		<Point>
			<coordinates>104.3133927497769,17.7537507059919,154.6718503850946</coordinates>
		</Point>
	</Placemark>
	<Placemark id="024204A5D529FDA6E770">
		<name>lt73-sg-212-0301-248+464</name>
		<LookAt>
			<longitude>104.3133346064359</longitude>
			<latitude>17.7535962486047</latitude>
			<altitude>154.3365925252318</altitude>
			<heading>111.995646797092</heading>
			<tilt>0</tilt>
			<gx:fovy>35</gx:fovy>
			<range>218.1442275998415</range>
			<altitudeMode>absolute</altitudeMode>
		</LookAt>
		<styleUrl>#__managed_style_0BED4BCA582A5431B33B</styleUrl>
		<Point>
			<coordinates>104.3138810430171,17.75362206013672,154.4314105598053</coordinates>
		</Point>
	</Placemark>
	<Placemark id="06E2F9AB1A29FDA75A54">
		<name>lt74-sg-212-0301-248+523</name>
		<LookAt>
			<longitude>104.3140835454483</longitude>
			<latitude>17.75336866037292</latitude>
			<altitude>155.0070363809359</altitude>
			<heading>111.995875164368</heading>
			<tilt>0</tilt>
			<gx:fovy>35</gx:fovy>
			<range>217.4737923607609</range>
			<altitudeMode>absolute</altitudeMode>
		</LookAt>
		<styleUrl>#__managed_style_0BED4BCA582A5431B33B</styleUrl>
		<Point>
			<coordinates>104.3144547245733,17.75349653640664,152.534038691555</coordinates>
		</Point>
	</Placemark>
	<Placemark id="0417E999D829FDA8213A">
		<name>lt75-sg-212-0301-248+557</name>
		<LookAt>
			<longitude>104.3146209593274</longitude>
			<latitude>17.7532333085685</latitude>
			<altitude>152.4128219660706</altitude>
			<heading>111.996033024574</heading>
			<tilt>0</tilt>
			<gx:fovy>35</gx:fovy>
			<range>119.0356422687</range>
			<altitudeMode>absolute</altitudeMode>
		</LookAt>
		<styleUrl>#__managed_style_0BED4BCA582A5431B33B</styleUrl>
		<Point>
			<coordinates>104.3147281410243,17.75340173774429,151.4472940483906</coordinates>
		</Point>
	</Placemark>
	<Placemark id="0CA043894E29FDB09927">
		<name>lt76-sg-212-0301-248+604</name>
		<LookAt>
			<longitude>104.3148829498008</longitude>
			<latitude>17.75322772836119</latitude>
			<altitude>151.4659808879575</altitude>
			<heading>111.9960177486592</heading>
			<tilt>0</tilt>
			<gx:fovy>35</gx:fovy>
			<range>254.4101477852746</range>
			<altitudeMode>absolute</altitudeMode>
		</LookAt>
		<styleUrl>#__managed_style_0BED4BCA582A5431B33B</styleUrl>
		<Point>
			<coordinates>104.3151511142371,17.75328488625908,151.9393166136852</coordinates>
		</Point>
	</Placemark>
	<Placemark id="00EF49E3BB29FDB1400C">
		<name>lt77-sg-212-0301-248+651</name>
		<LookAt>
			<longitude>104.3152466695668</longitude>
			<latitude>17.75309433708874</latitude>
			<altitude>152.1037731308057</altitude>
			<heading>111.996128653255</heading>
			<tilt>0</tilt>
			<gx:fovy>35</gx:fovy>
			<range>253.7723697836918</range>
			<altitudeMode>absolute</altitudeMode>
		</LookAt>
		<styleUrl>#__managed_style_0BED4BCA582A5431B33B</styleUrl>
		<Point>
			<coordinates>104.3155700167933,17.75315292737491,152.2738848201118</coordinates>
		</Point>
	</Placemark>
	<Placemark id="0E79AC93FD2A0CBE6C96">
		<name>lt78-sg-212-0301-303+398</name>
		<Camera>
			<gx:ViewerOptions>
				<gx:option name="streetview"></gx:option>
				<gx:streetViewPanoId>voczhVWgAeHOudiGPRyeRA</gx:streetViewPanoId>
			</gx:ViewerOptions>
			<longitude>104.7250913831831</longitude>
			<latitude>17.47893099067653</latitude>
			<altitude>151.5363159175824</altitude>
			<heading>25.45794947714521</heading>
			<tilt>75.77924345812426</tilt>
			<roll>0</roll>
			<gx:fovy>15</gx:fovy>
			<altitudeMode>absolute</altitudeMode>
		</Camera>
		<styleUrl>#__managed_style_01B2C6E4B82A5431B346</styleUrl>
		<Point>
			<altitudeMode>relativeToGround</altitudeMode>
			<coordinates>104.7251729357021,17.47895973626137,0</coordinates>
		</Point>
	</Placemark>
	<Placemark id="0A1FD115B62A0CBF198B">
		<name>lt79-sg-212-0301-303+433</name>
		<Camera>
			<gx:ViewerOptions>
				<gx:option name="streetview"></gx:option>
				<gx:streetViewPanoId>Aw7WVOXfFmfXiYoAkFxrCg</gx:streetViewPanoId>
			</gx:ViewerOptions>
			<longitude>104.7252018327755</longitude>
			<latitude>17.47862578758617</latitude>
			<altitude>151.5475921630859</altitude>
			<heading>30.67653935349868</heading>
			<tilt>77.89769273950566</tilt>
			<roll>0</roll>
			<gx:fovy>15</gx:fovy>
			<altitudeMode>absolute</altitudeMode>
		</Camera>
		<styleUrl>#__managed_style_01B2C6E4B82A5431B346</styleUrl>
		<Point>
			<altitudeMode>relativeToGround</altitudeMode>
			<coordinates>104.7252636665896,17.47864792425641,0</coordinates>
		</Point>
	</Placemark>
	<Placemark id="059F3F587D2A0CBF9362">
		<name>lt80-sg-212-0301-303+466</name>
		<Camera>
			<gx:ViewerOptions>
				<gx:option name="streetview"></gx:option>
				<gx:streetViewPanoId>WxMfpPM-sMHAgwOfrFKjZg</gx:streetViewPanoId>
			</gx:ViewerOptions>
			<longitude>104.7253092564275</longitude>
			<latitude>17.47834589813716</latitude>
			<altitude>151.6235809326172</altitude>
			<heading>40.95483206246696</heading>
			<tilt>73.64704169187378</tilt>
			<roll>0</roll>
			<gx:fovy>15</gx:fovy>
			<altitudeMode>absolute</altitudeMode>
		</Camera>
		<styleUrl>#__managed_style_01B2C6E4B82A5431B346</styleUrl>
		<Point>
			<altitudeMode>relativeToGround</altitudeMode>
			<coordinates>104.7253611856786,17.47836348171501,0</coordinates>
		</Point>
	</Placemark>
	<Placemark id="03CA9C7B0F2A0CC00CED">
		<name>lt81-sg-212-0301-303+501</name>
		<Camera>
			<gx:ViewerOptions>
				<gx:option name="streetview"></gx:option>
				<gx:streetViewPanoId>IT96AU3KqjVDuNB4DaPi2g</gx:streetViewPanoId>
			</gx:ViewerOptions>
			<longitude>104.7254188161694</longitude>
			<latitude>17.47806734463303</latitude>
			<altitude>151.6352386474609</altitude>
			<heading>57.63272139963762</heading>
			<tilt>73.31288084297438</tilt>
			<roll>0</roll>
			<gx:fovy>15</gx:fovy>
			<altitudeMode>absolute</altitudeMode>
		</Camera>
		<styleUrl>#__managed_style_01B2C6E4B82A5431B346</styleUrl>
		<Point>
			<altitudeMode>relativeToGround</altitudeMode>
			<coordinates>104.7254730326029,17.47808867181525,0</coordinates>
		</Point>
	</Placemark>
	<Placemark id="0A35BC04992A0CC13219">
		<name>lt82-sg-212-0301-303+541</name>
		<Camera>
			<gx:ViewerOptions>
				<gx:option name="streetview"></gx:option>
				<gx:streetViewPanoId>pgTHzq_TFYjEwrkzF7kXew</gx:streetViewPanoId>
			</gx:ViewerOptions>
			<longitude>104.7255435951089</longitude>
			<latitude>17.47774680526935</latitude>
			<altitude>151.5894622802327</altitude>
			<heading>85.6524049386488</heading>
			<tilt>83.89183111914278</tilt>
			<roll>0</roll>
			<gx:fovy>15</gx:fovy>
			<altitudeMode>absolute</altitudeMode>
		</Camera>
		<styleUrl>#__managed_style_01B2C6E4B82A5431B346</styleUrl>
		<Point>
			<altitudeMode>relativeToGround</altitudeMode>
			<coordinates>104.7256444901985,17.47777378998496,0</coordinates>
		</Point>
	</Placemark>
	<Placemark id="0FE06761662A0CC1B080">
		<name>lt83-sg-212-0301-303+603</name>
		<Camera>
			<gx:ViewerOptions>
				<gx:option name="streetview"></gx:option>
				<gx:streetViewPanoId>cyWWbB6aiNpFUx8jAy3bYg</gx:streetViewPanoId>
			</gx:ViewerOptions>
			<longitude>104.7257466948539</longitude>
			<latitude>17.4771997966239</latitude>
			<altitude>151.4391937255009</altitude>
			<heading>60.46273960127834</heading>
			<tilt>77.67878470768521</tilt>
			<roll>0</roll>
			<gx:fovy>15</gx:fovy>
			<altitudeMode>absolute</altitudeMode>
		</Camera>
		<styleUrl>#__managed_style_01B2C6E4B82A5431B346</styleUrl>
		<Point>
			<altitudeMode>relativeToGround</altitudeMode>
			<coordinates>104.7258246613359,17.47724279974208,0</coordinates>
		</Point>
	</Placemark>
	<Placemark id="0B110A5CDE2A0CC2A0C9">
		<name>lt84-sg-212-0301-303+676</name>
		<LookAt>
			<longitude>104.7260555343026</longitude>
			<latitude>17.47668540061156</latitude>
			<altitude>149.7005403550372</altitude>
			<heading>73.67096543108653</heading>
			<tilt>0</tilt>
			<gx:fovy>35</gx:fovy>
			<range>168.4280915523414</range>
			<altitudeMode>absolute</altitudeMode>
		</LookAt>
		<styleUrl>#__managed_style_01B2C6E4B82A5431B346</styleUrl>
		<Point>
			<coordinates>104.7260348825607,17.47662833999207,150.0889632632648</coordinates>
		</Point>
	</Placemark>
	<Placemark id="081E32D0262A0CC3C6E0">
		<name>lt85-sg-212-0301-304+142</name>
		<LookAt>
			<longitude>104.7281948739959</longitude>
			<latitude>17.47312778625452</latitude>
			<altitude>147.3177207604365</altitude>
			<heading>33.91412904279158</heading>
			<tilt>0</tilt>
			<gx:fovy>35</gx:fovy>
			<range>133.9828992734147</range>
			<altitudeMode>absolute</altitudeMode>
		</LookAt>
		<styleUrl>#__managed_style_01B2C6E4B82A5431B346</styleUrl>
		<Point>
			<coordinates>104.7281029162051,17.47325026976594,147.1857415413796</coordinates>
		</Point>
	</Placemark>
	<Placemark id="08AC0A01F02A0CC4277C">
		<name>lt86-sg-212-0301-304+215</name>
		<LookAt>
			<longitude>104.7286321070621</longitude>
			<latitude>17.47303286401636</latitude>
			<altitude>147.8142754224636</altitude>
			<heading>28.90074616129114</heading>
			<tilt>0</tilt>
			<gx:fovy>35</gx:fovy>
			<range>117.5255057824143</range>
			<altitudeMode>absolute</altitudeMode>
		</LookAt>
		<styleUrl>#__managed_style_01B2C6E4B82A5431B346</styleUrl>
		<Point>
			<coordinates>104.7287015599541,17.47297873372356,147.8406698810439</coordinates>
		</Point>
	</Placemark>
	<Placemark id="01CFE386A22A0CC568B8">
		<name>lt87-sg-212-0301-304+288</name>
		<LookAt>
			<longitude>104.7292987044592</longitude>
			<latitude>17.47283661299807</latitude>
			<altitude>147.3235739346734</altitude>
			<heading>19.62675878715368</heading>
			<tilt>5.41708919137962</tilt>
			<gx:fovy>35</gx:fovy>
			<range>98.82333861582086</range>
			<altitudeMode>absolute</altitudeMode>
		</LookAt>
		<styleUrl>#__managed_style_01B2C6E4B82A5431B346</styleUrl>
		<Point>
			<coordinates>104.7293401548542,17.47273357070031,147.211940540029</coordinates>
		</Point>
	</Placemark>
	<Placemark id="02A3B305252A0CC5B9ED">
		<name>lt88-sg-212-0301-304+358</name>
		<LookAt>
			<longitude>104.7299281748214</longitude>
			<latitude>17.47258798622343</latitude>
			<altitude>147.202315406305</altitude>
			<heading>19.62676231374626</heading>
			<tilt>5.417122478209213</tilt>
			<gx:fovy>35</gx:fovy>
			<range>138.0317245727747</range>
			<altitudeMode>absolute</altitudeMode>
		</LookAt>
		<styleUrl>#__managed_style_01B2C6E4B82A5431B346</styleUrl>
		<Point>
			<coordinates>104.7299469446751,17.47250160746216,147.0777789904248</coordinates>
		</Point>
	</Placemark>
	<Placemark id="03E0E7FB902A0CC5F92E">
		<name>lt89-sg-212-0301-304+403</name>
		<LookAt>
			<longitude>104.7303599779914</longitude>
			<latitude>17.47241197305857</latitude>
			<altitude>148.3059562656814</altitude>
			<heading>19.62676099384899</heading>
			<tilt>5.417109946520868</tilt>
			<gx:fovy>35</gx:fovy>
			<range>123.2707575229142</range>
			<altitudeMode>absolute</altitudeMode>
		</LookAt>
		<styleUrl>#__managed_style_01B2C6E4B82A5431B346</styleUrl>
		<Point>
			<coordinates>104.7303339388551,17.47235087630753,148.3303256228301</coordinates>
		</Point>
	</Placemark>
	<Placemark id="055DB169FF2A0CC65FBD">
		<name>lt90-sg-212-0301-304+448</name>
		<LookAt>
			<longitude>104.7308349281711</longitude>
			<latitude>17.47222608747283</latitude>
			<altitude>150.0675797122435</altitude>
			<heading>19.62676514489574</heading>
			<tilt>5.417149164732703</tilt>
			<gx:fovy>35</gx:fovy>
			<range>169.4657294980789</range>
			<altitudeMode>absolute</altitudeMode>
		</LookAt>
		<styleUrl>#__managed_style_01B2C6E4B82A5431B346</styleUrl>
		<Point>
			<coordinates>104.7307184015591,17.47220963085438,149.6997499925169</coordinates>
		</Point>
	</Placemark>
	<Placemark id="01CDFDE9DF2A0CC6D2BF">
		<name>lt91-sg-212-0301-304+493</name>
		<LookAt>
			<longitude>104.7308993498117</longitude>
			<latitude>17.47214612473521</latitude>
			<altitude>150.0184142126258</altitude>
			<heading>18.60267282331101</heading>
			<tilt>0</tilt>
			<gx:fovy>35</gx:fovy>
			<range>215.6568771693492</range>
			<altitudeMode>absolute</altitudeMode>
		</LookAt>
		<styleUrl>#__managed_style_01B2C6E4B82A5431B346</styleUrl>
		<Point>
			<coordinates>104.7311084224315,17.47208364791412,150.7756869414055</coordinates>
		</Point>
	</Placemark>
	<Placemark id="0B9E0319162A0CC72013">
		<name>lt92-sg-212-0301-304+543</name>
		<LookAt>
			<longitude>104.7316602345719</longitude>
			<latitude>17.47179107237494</latitude>
			<altitude>153.2286351350508</altitude>
			<heading>23.43700816774917</heading>
			<tilt>0</tilt>
			<gx:fovy>35</gx:fovy>
			<range>130.1940571060732</range>
			<altitudeMode>absolute</altitudeMode>
		</LookAt>
		<styleUrl>#__managed_style_01B2C6E4B82A5431B346</styleUrl>
		<Point>
			<coordinates>104.731531191929,17.47189734669231,152.9544056674517</coordinates>
		</Point>
	</Placemark>
	<Placemark id="0309AF4FB92A0CC76FD2">
		<name>lt93-sg-212-0301-304+583</name>
		<LookAt>
			<longitude>104.7319770122281</longitude>
			<latitude>17.47157896817535</latitude>
			<altitude>152.1972576974101</altitude>
			<heading>46.07485921676216</heading>
			<tilt>0</tilt>
			<gx:fovy>35</gx:fovy>
			<range>201.7506188622792</range>
			<altitudeMode>absolute</altitudeMode>
		</LookAt>
		<styleUrl>#__managed_style_01B2C6E4B82A5431B346</styleUrl>
		<Point>
			<coordinates>104.7318507760888,17.47166072125911,153.0074775952239</coordinates>
		</Point>
	</Placemark>
	<Placemark id="0A30478FED2A0CC7BBD0">
		<name>lt94-sg-212-0301-304+628</name>
		<LookAt>
			<longitude>104.7322308818835</longitude>
			<latitude>17.47129489637927</latitude>
			<altitude>150.565557697293</altitude>
			<heading>54.07322472692905</heading>
			<tilt>0</tilt>
			<gx:fovy>35</gx:fovy>
			<range>169.7918499098705</range>
			<altitudeMode>absolute</altitudeMode>
		</LookAt>
		<styleUrl>#__managed_style_01B2C6E4B82A5431B346</styleUrl>
		<Point>
			<coordinates>104.7321130683719,17.47133239262236,150.8860037638141</coordinates>
		</Point>
	</Placemark>
	<Placemark id="02B2962AA02A0CC8544A">
		<name>lt95-sg-212-0301-304+746</name>
		<LookAt>
			<longitude>104.7327650461062</longitude>
			<latitude>17.47036470778361</latitude>
			<altitude>152.9107090429848</altitude>
			<heading>53.52401678715847</heading>
			<tilt>0.658613335674504</tilt>
			<gx:fovy>35</gx:fovy>
			<range>81.72258132179195</range>
			<altitudeMode>absolute</altitudeMode>
		</LookAt>
		<styleUrl>#__managed_style_01B2C6E4B82A5431B346</styleUrl>
		<Point>
			<coordinates>104.7328123112941,17.47031049566861,153.1120148146933</coordinates>
		</Point>
	</Placemark>
	<Placemark id="0041AB55C72A0CCA2574">
		<name>lt96-sg-212-0301-304+925</name>
		<LookAt>
			<longitude>104.7337930937094</longitude>
			<latitude>17.46895649419423</latitude>
			<altitude>147.3001819594954</altitude>
			<heading>58.6451695843991</heading>
			<tilt>0</tilt>
			<gx:fovy>35</gx:fovy>
			<range>104.9050479774269</range>
			<altitudeMode>absolute</altitudeMode>
		</LookAt>
		<styleUrl>#__managed_style_01B2C6E4B82A5431B346</styleUrl>
		<Point>
			<coordinates>104.7337167363913,17.46902479270811,147.6457870445286</coordinates>
		</Point>
	</Placemark>
	<Placemark id="070EB3B4432A0CCACE49">
		<name>lt97-sg-212-0301-304+965</name>
		<LookAt>
			<longitude>104.7338435782643</longitude>
			<latitude>17.46871531798721</latitude>
			<altitude>148.718478894579</altitude>
			<heading>48.89749974234714</heading>
			<tilt>6.721374740612429</tilt>
			<gx:fovy>35</gx:fovy>
			<range>130.6007544420391</range>
			<altitudeMode>absolute</altitudeMode>
		</LookAt>
		<styleUrl>#__managed_style_01B2C6E4B82A5431B346</styleUrl>
		<Point>
			<coordinates>104.7339737574224,17.46876879031177,149.1567908272701</coordinates>
		</Point>
	</Placemark>
	<Placemark id="0DB21B5A282A0CCB533B">
		<name>lt98-sg-212-0301-305+027</name>
		<LookAt>
			<longitude>104.7342344328255</longitude>
			<latitude>17.46836493564106</latitude>
			<altitude>151.1706747224621</altitude>
			<heading>57.51297895292299</heading>
			<tilt>0</tilt>
			<gx:fovy>35</gx:fovy>
			<range>94.49692100332869</range>
			<altitudeMode>absolute</altitudeMode>
		</LookAt>
		<styleUrl>#__managed_style_01B2C6E4B82A5431B346</styleUrl>
		<Point>
			<coordinates>104.7342308620955,17.46833785951164,151.3648675059955</coordinates>
		</Point>
	</Placemark>
	<Placemark id="05A66EB2F22A0CCC1582">
		<name>lt99-sg-212-0301-305+090</name>
		<LookAt>
			<longitude>104.7345542620615</longitude>
			<latitude>17.46778170756017</latitude>
			<altitude>153.0255741683566</altitude>
			<heading>51.78934588720235</heading>
			<tilt>0</tilt>
			<gx:fovy>35</gx:fovy>
			<range>131.493242671786</range>
			<altitudeMode>absolute</altitudeMode>
		</LookAt>
		<styleUrl>#__managed_style_01B2C6E4B82A5431B346</styleUrl>
		<Point>
			<coordinates>104.7345800905264,17.46782468841565,152.7468080372843</coordinates>
		</Point>
	</Placemark>
	<Placemark id="00B66D05332A0CCCE020">
		<name>lt100-sg-212-0301-305+217</name>
		<LookAt>
			<longitude>104.7350749823877</longitude>
			<latitude>17.46695543324711</latitude>
			<altitude>150.2552567524866</altitude>
			<heading>52.40237646070169</heading>
			<tilt>0.8813238578415962</tilt>
			<gx:fovy>35</gx:fovy>
			<range>154.6306752518649</range>
			<altitudeMode>absolute</altitudeMode>
		</LookAt>
		<styleUrl>#__managed_style_01B2C6E4B82A5431B346</styleUrl>
		<Point>
			<coordinates>104.7352428883161,17.46686928480539,151.0505525402362</coordinates>
		</Point>
	</Placemark>
	<Placemark id="0FC4496E302A0CCD61F9">
		<name>lt101-sg-212-0301-305+262</name>
		<LookAt>
			<longitude>104.7353380652783</longitude>
			<latitude>17.46654754498021</latitude>
			<altitude>150.9656141559153</altitude>
			<heading>61.90649672221979</heading>
			<tilt>0.9540329163199597</tilt>
			<gx:fovy>35</gx:fovy>
			<range>229.2712136124829</range>
			<altitudeMode>absolute</altitudeMode>
		</LookAt>
		<styleUrl>#__managed_style_01B2C6E4B82A5431B346</styleUrl>
		<Point>
			<coordinates>104.7354866872602,17.46653361570241,151.6910430671496</coordinates>
		</Point>
	</Placemark>
	<Placemark id="081F6864F72A0CCDB8FB">
		<name>lt102-sg-212-0301-305+304</name>
		<LookAt>
			<longitude>104.7357001408756</longitude>
			<latitude>17.46612996667347</latitude>
			<altitude>147.9575657797706</altitude>
			<heading>56.10679315041816</heading>
			<tilt>0.2722273806235679</tilt>
			<gx:fovy>35</gx:fovy>
			<range>150.22978221823</range>
			<altitudeMode>absolute</altitudeMode>
		</LookAt>
		<styleUrl>#__managed_style_01B2C6E4B82A5431B346</styleUrl>
		<Point>
			<coordinates>104.7357058666188,17.46619808965955,148.5091269477566</coordinates>
		</Point>
	</Placemark>
	<Placemark id="0F38E7AD652A0CCE04C6">
		<name>lt103-sg-212-0301-305+349</name>
		<LookAt>
			<longitude>104.7360754007349</longitude>
			<latitude>17.46578216350967</latitude>
			<altitude>148.8803974396071</altitude>
			<heading>56.10679283097944</heading>
			<tilt>0.2722261449613194</tilt>
			<gx:fovy>35</gx:fovy>
			<range>121.3130152377926</range>
			<altitudeMode>absolute</altitudeMode>
		</LookAt>
		<styleUrl>#__managed_style_01B2C6E4B82A5431B346</styleUrl>
		<Point>
			<coordinates>104.7359337021177,17.46585514001236,147.410217662832</coordinates>
		</Point>
	</Placemark>
	<Placemark id="0B4F5853D12A0CCE8F9F">
		<name>lt104-sg-212-0301-305+389</name>
		<LookAt>
			<longitude>104.7362354775833</longitude>
			<latitude>17.46553104555766</latitude>
			<altitude>151.4744763240826</altitude>
			<heading>55.00448855872556</heading>
			<tilt>1.276047599343494</tilt>
			<gx:fovy>35</gx:fovy>
			<range>143.1484809402355</range>
			<altitudeMode>absolute</altitudeMode>
		</LookAt>
		<styleUrl>#__managed_style_01B2C6E4B82A5431B346</styleUrl>
		<Point>
			<coordinates>104.7361589792719,17.46556793285229,150.7140334785631</coordinates>
		</Point>
	</Placemark>
	<Placemark id="08D33D23A72A0CCF16D9">
		<name>lt105-sg-212-0301-305+434</name>
		<LookAt>
			<longitude>104.7363435873825</longitude>
			<latitude>17.46523152273165</latitude>
			<altitude>153.615147281658</altitude>
			<heading>55.00448856244495</heading>
			<tilt>0</tilt>
			<gx:fovy>35</gx:fovy>
			<range>167.0392666211046</range>
			<altitudeMode>absolute</altitudeMode>
		</LookAt>
		<styleUrl>#__managed_style_01B2C6E4B82A5431B346</styleUrl>
		<Point>
			<coordinates>104.7363926328346,17.46524044268568,154.0207611372736</coordinates>
		</Point>
	</Placemark>
	<Placemark id="0951BB35EF2A0CCF5E37">
		<name>lt106-sg-212-0301-305+481</name>
		<LookAt>
			<longitude>104.7366415028503</longitude>
			<latitude>17.46488412335783</latitude>
			<altitude>150.7486228988784</altitude>
			<heading>54.46727800602787</heading>
			<tilt>0</tilt>
			<gx:fovy>35</gx:fovy>
			<range>98.43130111145001</range>
			<altitudeMode>absolute</altitudeMode>
		</LookAt>
		<styleUrl>#__managed_style_01B2C6E4B82A5431B346</styleUrl>
		<Point>
			<coordinates>104.7366263831313,17.4648830203233,150.9746331950754</coordinates>
		</Point>
	</Placemark>
	<Placemark id="0DFE4C6AF52A0CD0114A">
		<name>lt108-sg-212-0301-305+564</name>
		<LookAt>
			<longitude>104.7371344863187</longitude>
			<latitude>17.46429988713366</latitude>
			<altitude>151.1490960959432</altitude>
			<heading>56.92083666159206</heading>
			<tilt>0</tilt>
			<gx:fovy>35</gx:fovy>
			<range>176.8730005334692</range>
			<altitudeMode>absolute</altitudeMode>
		</LookAt>
		<styleUrl>#__managed_style_01B2C6E4B82A5431B346</styleUrl>
		<Point>
			<coordinates>104.7370767769735,17.46424909216047,151.3514546379654</coordinates>
		</Point>
	</Placemark>
	<Placemark id="0FE111D07D2A0CD20E9D">
		<name>lt107-sg-212-0301-305+526</name>
		<Camera>
			<gx:ViewerOptions>
				<gx:option name="streetview"></gx:option>
				<gx:streetViewPanoId>VsBrniDAnxtwtaZmRbiqzA</gx:streetViewPanoId>
			</gx:ViewerOptions>
			<longitude>104.7368282286727</longitude>
			<latitude>17.46449056098858</latitude>
			<altitude>150.8349304180059</altitude>
			<heading>19.96517399444994</heading>
			<tilt>72.69209313661359</tilt>
			<roll>0</roll>
			<gx:fovy>15</gx:fovy>
			<altitudeMode>absolute</altitudeMode>
		</Camera>
		<styleUrl>#__managed_style_01B2C6E4B82A5431B346</styleUrl>
		<Point>
			<altitudeMode>relativeToGround</altitudeMode>
			<coordinates>104.7368762330781,17.46452493335015,0</coordinates>
		</Point>
	</Placemark>
	<Placemark id="0FFDC9481F2A0CE0B806">
		<name>lt109-sg-212-0301-305+614</name>
		<LookAt>
			<longitude>104.7374579500309</longitude>
			<latitude>17.46371320321888</latitude>
			<altitude>151.4242928802582</altitude>
			<heading>54.27336058184411</heading>
			<tilt>0</tilt>
			<gx:fovy>35</gx:fovy>
			<range>232.7218250723672</range>
			<altitudeMode>absolute</altitudeMode>
		</LookAt>
		<styleUrl>#__managed_style_01B2C6E4B82A5431B346</styleUrl>
		<Point>
			<coordinates>104.7373705577325,17.46389270104253,152.1251366104717</coordinates>
		</Point>
	</Placemark>
	<Placemark id="0557F534072A0CE1B750">
		<name>lt110-sg-212-0301-305+654</name>
		<LookAt>
			<longitude>104.737517343236</longitude>
			<latitude>17.46354758300559</latitude>
			<altitude>150.8734067211532</altitude>
			<heading>55.60136635383338</heading>
			<tilt>0</tilt>
			<gx:fovy>35</gx:fovy>
			<range>95.10037298025964</range>
			<altitudeMode>absolute</altitudeMode>
		</LookAt>
		<styleUrl>#__managed_style_01B2C6E4B82A5431B346</styleUrl>
		<Point>
			<coordinates>104.7375769383408,17.46357436793211,151.0693926572038</coordinates>
		</Point>
	</Placemark>
	<Placemark id="0071BDD3D62A0CE1FB4D">
		<name>lt111-sg-212-0301-305+707</name>
		<LookAt>
			<longitude>104.7378600815869</longitude>
			<latitude>17.46302247467325</latitude>
			<altitude>152.0009111867519</altitude>
			<heading>55.60136635819352</heading>
			<tilt>0</tilt>
			<gx:fovy>35</gx:fovy>
			<range>221.2540356387399</range>
			<altitudeMode>absolute</altitudeMode>
		</LookAt>
		<styleUrl>#__managed_style_01B2C6E4B82A5431B346</styleUrl>
		<Point>
			<coordinates>104.7378452207049,17.46316386273053,151.5206762031295</coordinates>
		</Point>
	</Placemark>
	<Placemark id="0AE3018FCD2A0CE28DB9">
		<name>lt112-sg-212-0301-305+772</name>
		<LookAt>
			<longitude>104.7382328199037</longitude>
			<latitude>17.46264810953432</latitude>
			<altitude>153.2951745880464</altitude>
			<heading>55.55126442644561</heading>
			<tilt>0</tilt>
			<gx:fovy>35</gx:fovy>
			<range>149.7197475555186</range>
			<altitudeMode>absolute</altitudeMode>
		</LookAt>
		<styleUrl>#__managed_style_01B2C6E4B82A5431B346</styleUrl>
		<Point>
			<coordinates>104.7382236170449,17.46269724684398,153.7206025083718</coordinates>
		</Point>
	</Placemark>
	<Placemark id="019B69D1852A0CE35C78">
		<name>lt113-sg-212-0301-305+832</name>
		<LookAt>
			<longitude>104.7383604863734</longitude>
			<latitude>17.4622845126268</latitude>
			<altitude>152.0981766063251</altitude>
			<heading>59.53640502613951</heading>
			<tilt>0</tilt>
			<gx:fovy>35</gx:fovy>
			<range>215.9103937511463</range>
			<altitudeMode>absolute</altitudeMode>
		</LookAt>
		<styleUrl>#__managed_style_01B2C6E4B82A5431B346</styleUrl>
		<Point>
			<coordinates>104.7385159216239,17.4622152126063,152.7453149871769</coordinates>
		</Point>
	</Placemark>
	<Placemark id="0D366F58482A0CE47284">
		<name>lt114-sg-212-0301-305+869</name>
		<LookAt>
			<longitude>104.7385570467763</longitude>
			<latitude>17.4619977829835</latitude>
			<altitude>151.3651708744298</altitude>
			<heading>60.07936288535976</heading>
			<tilt>0</tilt>
			<gx:fovy>35</gx:fovy>
			<range>144.8691975055044</range>
			<altitudeMode>absolute</altitudeMode>
		</LookAt>
		<styleUrl>#__managed_style_01B2C6E4B82A5431B346</styleUrl>
		<Point>
			<coordinates>104.7386934521172,17.46190428772346,150.5756449612101</coordinates>
		</Point>
	</Placemark>
	<Placemark id="0A3F77D5612A0CE4C7D8">
		<name>lt115-sg-212-0301-305+909</name>
		<LookAt>
			<longitude>104.7388269131953</longitude>
			<latitude>17.46162478456498</latitude>
			<altitude>148.313265166877</altitude>
			<heading>60.07936288780927</heading>
			<tilt>0</tilt>
			<gx:fovy>35</gx:fovy>
			<range>106.1077567858047</range>
			<altitudeMode>absolute</altitudeMode>
		</LookAt>
		<styleUrl>#__managed_style_01B2C6E4B82A5431B346</styleUrl>
		<Point>
			<coordinates>104.7388802027502,17.46159861748187,148.729602037026</coordinates>
		</Point>
	</Placemark>
	<Placemark id="02A81E53142A0CE580AA">
		<name>lt116-sg-212-0301-305+956</name>
		<LookAt>
			<longitude>104.7392238171594</longitude>
			<latitude>17.46119001092935</latitude>
			<altitude>151.4078028359805</altitude>
			<heading>55.65133941721593</heading>
			<tilt>0</tilt>
			<gx:fovy>35</gx:fovy>
			<range>96.51619981475052</range>
			<altitudeMode>absolute</altitudeMode>
		</LookAt>
		<styleUrl>#__managed_style_01B2C6E4B82A5431B346</styleUrl>
		<Point>
			<coordinates>104.7391205616648,17.46124219160767,151.2109238617583</coordinates>
		</Point>
	</Placemark>
	<Placemark id="091A3694052A0CE5E454">
		<name>lt117-sg-212-0301-306+001</name>
		<LookAt>
			<longitude>104.7394355029786</longitude>
			<latitude>17.46078099238541</latitude>
			<altitude>151.0946047832064</altitude>
			<heading>63.35045694479494</heading>
			<tilt>0</tilt>
			<gx:fovy>35</gx:fovy>
			<range>112.4794410930008</range>
			<altitudeMode>absolute</altitudeMode>
		</LookAt>
		<styleUrl>#__managed_style_01B2C6E4B82A5431B346</styleUrl>
		<Point>
			<coordinates>104.7393561807335,17.46090016327046,151.0724085039325</coordinates>
		</Point>
	</Placemark>
	<Placemark id="0E7D7BE5862A0D2CEF2D">
		<name>lt118-sg-212-0301-307+010</name>
		<LookAt>
			<longitude>104.7435614889506</longitude>
			<latitude>17.453484096153</latitude>
			<altitude>151.1690969863231</altitude>
			<heading>63.35045711059991</heading>
			<tilt>0</tilt>
			<gx:fovy>35</gx:fovy>
			<range>194.4552608653976</range>
			<altitudeMode>absolute</altitudeMode>
		</LookAt>
		<styleUrl>#__managed_style_01B2C6E4B82A5431B346</styleUrl>
		<Point>
			<coordinates>104.7433957796073,17.45355795987891,151.3018394012797</coordinates>
		</Point>
	</Placemark>
	<Placemark id="0262A24CB62A0D2D9AC6">
		<name>lt119-sg-212-0301-307+065</name>
		<LookAt>
			<longitude>104.7436157721777</longitude>
			<latitude>17.45288358592439</latitude>
			<altitude>151.5646791978202</altitude>
			<heading>67.44398338569991</heading>
			<tilt>0</tilt>
			<gx:fovy>35</gx:fovy>
			<range>106.9636012309639</range>
			<altitudeMode>absolute</altitudeMode>
		</LookAt>
		<styleUrl>#__managed_style_01B2C6E4B82A5431B346</styleUrl>
		<Point>
			<coordinates>104.7436029384294,17.45309917590841,151.2203840732209</coordinates>
		</Point>
	</Placemark>
	<Placemark id="08D8F899E12A0D2DE4B1">
		<name>lt120-sg-212-0301-307+118</name>
		<LookAt>
			<longitude>104.7439619958413</longitude>
			<latitude>17.45235843510549</latitude>
			<altitude>150.9295097300785</altitude>
			<heading>67.4439833921804</heading>
			<tilt>0</tilt>
			<gx:fovy>35</gx:fovy>
			<range>147.4427338392161</range>
			<altitudeMode>absolute</altitudeMode>
		</LookAt>
		<styleUrl>#__managed_style_01B2C6E4B82A5431B346</styleUrl>
		<Point>
			<coordinates>104.7438760570359,17.45265172639694,152.4656066504787</coordinates>
		</Point>
	</Placemark>
	<Placemark id="0B53AF43922A0D2E28F5">
		<name>lt121-sg-212-0301-307+210</name>
		<LookAt>
			<longitude>104.7442358767215</longitude>
			<latitude>17.45197260811464</latitude>
			<altitude>149.8511327708854</altitude>
			<heading>67.44398339646516</heading>
			<tilt>0</tilt>
			<gx:fovy>35</gx:fovy>
			<range>202.1443367426036</range>
			<altitudeMode>absolute</altitudeMode>
		</LookAt>
		<styleUrl>#__managed_style_01B2C6E4B82A5431B346</styleUrl>
		<Point>
			<coordinates>104.7441131158344,17.45206209962774,150.3341238237936</coordinates>
		</Point>
	</Placemark>
	<Placemark id="002324ABBB2A0D2E71E1">
		<name>lt122-sg-212-0301-307+267</name>
		<LookAt>
			<longitude>104.7443251628063</longitude>
			<latitude>17.45157196721372</latitude>
			<altitude>151.1727692423929</altitude>
			<heading>64.04204020130705</heading>
			<tilt>0</tilt>
			<gx:fovy>35</gx:fovy>
			<range>203.2220255800349</range>
			<altitudeMode>absolute</altitudeMode>
		</LookAt>
		<styleUrl>#__managed_style_01B2C6E4B82A5431B346</styleUrl>
		<Point>
			<coordinates>104.7443234385604,17.45161744379287,151.4297146800067</coordinates>
		</Point>
	</Placemark>
	<Placemark id="08AD4D50022A0D2EB669">
		<name>lt123-sg-212-0301-307+335</name>
		<LookAt>
			<longitude>104.744545305297</longitude>
			<latitude>17.45101616805842</latitude>
			<altitude>150.9469284132241</altitude>
			<heading>64.04204020492317</heading>
			<tilt>0</tilt>
			<gx:fovy>35</gx:fovy>
			<range>256.4155895698787</range>
			<altitudeMode>absolute</altitudeMode>
		</LookAt>
		<styleUrl>#__managed_style_01B2C6E4B82A5431B346</styleUrl>
		<Point>
			<coordinates>104.7445854488847,17.45107991852046,150.8678779314035</coordinates>
		</Point>
	</Placemark>
	<Placemark id="07623030512A0D2F3807">
		<name>lt124-sg-212-0301-307+402</name>
		<LookAt>
			<longitude>104.7447960880367</longitude>
			<latitude>17.45059596748264</latitude>
			<altitude>152.5718313291069</altitude>
			<heading>62.08473994523269</heading>
			<tilt>1.966793969382176</tilt>
			<gx:fovy>35</gx:fovy>
			<range>158.075758854302</range>
			<altitudeMode>absolute</altitudeMode>
		</LookAt>
		<styleUrl>#__managed_style_01B2C6E4B82A5431B346</styleUrl>
		<Point>
			<coordinates>104.7448306379548,17.45056426244403,152.9212747311719</coordinates>
		</Point>
	</Placemark>
	<Placemark id="03A070E2B92A0D2F86A9">
		<name>lt125-sg-212-0301-307+468</name>
		<LookAt>
			<longitude>104.7451118785473</longitude>
			<latitude>17.45003052102965</latitude>
			<altitude>154.365116822165</altitude>
			<heading>64.05428591725467</heading>
			<tilt>0.1935588698235765</tilt>
			<gx:fovy>35</gx:fovy>
			<range>122.4847008294273</range>
			<altitudeMode>absolute</altitudeMode>
		</LookAt>
		<styleUrl>#__managed_style_01B2C6E4B82A5431B346</styleUrl>
		<Point>
			<coordinates>104.7451075124806,17.45004563479208,154.7492224092844</coordinates>
		</Point>
	</Placemark>
	<Placemark id="05D43F24022A0D2FED6A">
		<name>lt126-sg-212-0301-307+528</name>
		<LookAt>
			<longitude>104.7454267145366</longitude>
			<latitude>17.44945709592218</latitude>
			<altitude>150.7713515496664</altitude>
			<heading>64.05428758812832</heading>
			<tilt>0.193564784358259</tilt>
			<gx:fovy>35</gx:fovy>
			<range>317.1850532192548</range>
			<altitudeMode>absolute</altitudeMode>
		</LookAt>
		<styleUrl>#__managed_style_01B2C6E4B82A5431B346</styleUrl>
		<Point>
			<coordinates>104.7453288677187,17.44956208859829,151.5321813953773</coordinates>
		</Point>
	</Placemark>
	<Placemark id="04B282EEF92A0D3101EC">
		<name>lt127-sg-212-0301-307+603</name>
		<LookAt>
			<longitude>104.7454734562914</longitude>
			<latitude>17.44907221758774</latitude>
			<altitude>152.7761408673068</altitude>
			<heading>62.45560825090338</heading>
			<tilt>0.1804915696355358</tilt>
			<gx:fovy>35</gx:fovy>
			<range>249.4343807547193</range>
			<altitudeMode>absolute</altitudeMode>
		</LookAt>
		<styleUrl>#__managed_style_01B2C6E4B82A5431B346</styleUrl>
		<Point>
			<coordinates>104.7456040856277,17.44897200256868,153.5009465585635</coordinates>
		</Point>
	</Placemark>
	<Placemark id="0BABF047582A0D316537">
		<name>lt128-sg-212-0301-307+663</name>
		<LookAt>
			<longitude>104.7459226692646</longitude>
			<latitude>17.44836851292362</latitude>
			<altitude>151.9551487554189</altitude>
			<heading>66.21564248454325</heading>
			<tilt>0.1804914544085954</tilt>
			<gx:fovy>35</gx:fovy>
			<range>245.3747315164583</range>
			<altitudeMode>absolute</altitudeMode>
		</LookAt>
		<styleUrl>#__managed_style_01B2C6E4B82A5431B346</styleUrl>
		<Point>
			<coordinates>104.7458471761569,17.44852657748298,152.2289446112292</coordinates>
		</Point>
	</Placemark>
	<Placemark id="01C92C891B2A0D31F86F">
		<name>lt129-sg-212-0301-307+738</name>
		<LookAt>
			<longitude>104.7459913130944</longitude>
			<latitude>17.44795068752025</latitude>
			<altitude>153.6743495065385</altitude>
			<heading>57.54789405300671</heading>
			<tilt>0</tilt>
			<gx:fovy>35</gx:fovy>
			<range>191.5575394494408</range>
			<altitudeMode>absolute</altitudeMode>
		</LookAt>
		<styleUrl>#__managed_style_01B2C6E4B82A5431B346</styleUrl>
		<Point>
			<coordinates>104.7461425634977,17.44794710218755,153.4490440197351</coordinates>
		</Point>
	</Placemark>
	<Placemark id="068C0407A82A0D338B63">
		<name>lt130-sg-212-0301-307+804</name>
		<LookAt>
			<longitude>104.746349853475</longitude>
			<latitude>17.44750010355454</latitude>
			<altitude>152.2751804837229</altitude>
			<heading>59.01467777267995</heading>
			<tilt>0.2303404399463875</tilt>
			<gx:fovy>35</gx:fovy>
			<range>128.8851369486293</range>
			<altitudeMode>absolute</altitudeMode>
		</LookAt>
		<styleUrl>#__managed_style_01B2C6E4B82A5431B346</styleUrl>
		<Point>
			<altitudeMode>relativeToGround</altitudeMode>
			<coordinates>104.7463955338105,17.44747069012253,0</coordinates>
		</Point>
	</Placemark>
	<Placemark id="05DEF355FE2A0D33FE3B">
		<name>lt131-sg-212-0301-307+875</name>
		<LookAt>
			<longitude>104.7466594714155</longitude>
			<latitude>17.44704507001898</latitude>
			<altitude>152.6938319056341</altitude>
			<heading>61.93261584809241</heading>
			<tilt>0.2303418892638039</tilt>
			<gx:fovy>35</gx:fovy>
			<range>168.9799733706968</range>
			<altitudeMode>absolute</altitudeMode>
		</LookAt>
		<styleUrl>#__managed_style_0755BCE9C22A5431B34A</styleUrl>
		<Point>
			<altitudeMode>relativeToGround</altitudeMode>
			<coordinates>104.7467292463191,17.44697696116674,0</coordinates>
		</Point>
	</Placemark>
	<Placemark id="08BB2F3C912A0D3B0293">
		<name>lt132-sg-212-0301-307+951</name>
		<LookAt>
			<longitude>104.7470091565072</longitude>
			<latitude>17.44649046247478</latitude>
			<altitude>149.091084249568</altitude>
			<heading>56.14627500572715</heading>
			<tilt>0</tilt>
			<gx:fovy>35</gx:fovy>
			<range>110.2468124794723</range>
			<altitudeMode>absolute</altitudeMode>
		</LookAt>
		<styleUrl>#__managed_style_01B2C6E4B82A5431B346</styleUrl>
		<Point>
			<coordinates>104.7470342379185,17.44649453930495,149.1768699706716</coordinates>
		</Point>
	</Placemark>
	<Placemark id="0F736027832A110F8963">
		<name>lt133-sg-212-0301-308+022</name>
		<Camera>
			<gx:ViewerOptions>
				<gx:option name="streetview"></gx:option>
				<gx:streetViewPanoId>-Kwej1LQhC6LN5U9XzNNTQ</gx:streetViewPanoId>
			</gx:ViewerOptions>
			<longitude>104.7473003694632</longitude>
			<latitude>17.44601990380141</latitude>
			<altitude>153.1980895998032</altitude>
			<heading>106.8053948835751</heading>
			<tilt>81.77585709163306</tilt>
			<roll>0</roll>
			<gx:fovy>15</gx:fovy>
			<altitudeMode>absolute</altitudeMode>
		</Camera>
		<styleUrl>#__managed_style_01B2C6E4B82A5431B346</styleUrl>
		<Point>
			<altitudeMode>relativeToGround</altitudeMode>
			<coordinates>104.7474040409374,17.44600419310675,0</coordinates>
		</Point>
	</Placemark>
	<Placemark id="07630B98222A11108ADC">
		<name>lt134-sg-212-0301-308+128</name>
		<LookAt>
			<longitude>104.7478470172988</longitude>
			<latitude>17.44549632858955</latitude>
			<altitude>153.5364971750909</altitude>
			<heading>48.57002556896892</heading>
			<tilt>0.207426051661459</tilt>
			<gx:fovy>35</gx:fovy>
			<range>120.1429868445121</range>
			<altitudeMode>absolute</altitudeMode>
		</LookAt>
		<styleUrl>#__managed_style_01B2C6E4B82A5431B346</styleUrl>
		<Point>
			<coordinates>104.7477312432506,17.44556847819465,154.1827600338448</coordinates>
		</Point>
	</Placemark>
	<Placemark id="0F5C5226762A1110FBFB">
		<name>lt135-sg-212-0301-308+235</name>
		<LookAt>
			<longitude>104.7482610226593</longitude>
			<latitude>17.44514561582859</latitude>
			<altitude>152.7795379502141</altitude>
			<heading>50.53957184463045</heading>
			<tilt>0.2074292720948847</tilt>
			<gx:fovy>35</gx:fovy>
			<range>219.0831985051046</range>
			<altitudeMode>absolute</altitudeMode>
		</LookAt>
		<styleUrl>#__managed_style_01B2C6E4B82A5431B346</styleUrl>
		<Point>
			<coordinates>104.7480079201189,17.44527782284175,154.7663234513433</coordinates>
		</Point>
	</Placemark>
	<Placemark id="052F4B41502A11114455">
		<name>lt136-sg-212-0301-308+290</name>
		<LookAt>
			<longitude>104.7485849596296</longitude>
			<latitude>17.44469521457665</latitude>
			<altitude>150.1471139698156</altitude>
			<heading>52.86721530588984</heading>
			<tilt>0.559698241752948</tilt>
			<gx:fovy>35</gx:fovy>
			<range>244.1012846748345</range>
			<altitudeMode>absolute</altitudeMode>
		</LookAt>
		<styleUrl>#__managed_style_01B2C6E4B82A5431B346</styleUrl>
		<Point>
			<coordinates>104.7483770829508,17.44483568233403,151.4476303310041</coordinates>
		</Point>
	</Placemark>
	<Placemark id="0954DD5E382A11119622">
		<name>lt137-sg-212-0301-308+426</name>
		<LookAt>
			<longitude>104.7491242845637</longitude>
			<latitude>17.44390096440365</latitude>
			<altitude>150.8754596277867</altitude>
			<heading>52.86721316710636</heading>
			<tilt>0.2056170129173757</tilt>
			<gx:fovy>35</gx:fovy>
			<range>146.3556928404433</range>
			<altitudeMode>absolute</altitudeMode>
		</LookAt>
		<styleUrl>#__managed_style_01B2C6E4B82A5431B346</styleUrl>
		<Point>
			<coordinates>104.7490160179471,17.44395479103681,150.6443930781171</coordinates>
		</Point>
	</Placemark>
	<Placemark id="0C70A815CE2A11122463">
		<name>lt138-sg-212-0301-308+534</name>
		<LookAt>
			<longitude>104.7499812984331</longitude>
			<latitude>17.4429853396543</latitude>
			<altitude>148.1580742723105</altitude>
			<heading>52.86721396237762</heading>
			<tilt>0.205620104918875</tilt>
			<gx:fovy>35</gx:fovy>
			<range>242.1738818672748</range>
			<altitudeMode>absolute</altitudeMode>
		</LookAt>
		<styleUrl>#__managed_style_01B2C6E4B82A5431B346</styleUrl>
		<Point>
			<coordinates>104.7495854953619,17.44326894805559,150.8558920916282</coordinates>
		</Point>
	</Placemark>
	<Placemark id="0B1BF689B92A11127760">
		<name>lt139-sg-212-0301-308+598</name>
		<LookAt>
			<longitude>104.7500377093665</longitude>
			<latitude>17.44267877605747</latitude>
			<altitude>148.1478114593553</altitude>
			<heading>50.71861994515024</heading>
			<tilt>0.2056177993322513</tilt>
			<gx:fovy>35</gx:fovy>
			<range>170.7381681141305</range>
			<altitudeMode>absolute</altitudeMode>
		</LookAt>
		<styleUrl>#__managed_style_01B2C6E4B82A5431B346</styleUrl>
		<Point>
			<coordinates>104.7499233689253,17.44281445539244,149.0755116783365</coordinates>
		</Point>
	</Placemark>
	<Placemark id="0A8496C4B22A1112EC95">
		<name>lt140-sg-212-0301-308+666</name>
		<LookAt>
			<longitude>104.7500775691254</longitude>
			<latitude>17.44270011718919</latitude>
			<altitude>147.9212735607734</altitude>
			<heading>51.79291673994639</heading>
			<tilt>0.2056212908847419</tilt>
			<gx:fovy>35</gx:fovy>
			<range>278.9334385638722</range>
			<altitudeMode>absolute</altitudeMode>
		</LookAt>
		<styleUrl>#__managed_style_01B2C6E4B82A5431B346</styleUrl>
		<Point>
			<coordinates>104.750283677292,17.44235392434184,147.8967023871336</coordinates>
		</Point>
	</Placemark>
	<Placemark id="0C9F6A89352A111335D2">
		<name>lt141-sg-212-0301-308+731</name>
		<LookAt>
			<longitude>104.7508895937301</longitude>
			<latitude>17.44177987480868</latitude>
			<altitude>149.31271672751</altitude>
			<heading>51.79291705505936</heading>
			<tilt>0.2056224986685396</tilt>
			<gx:fovy>35</gx:fovy>
			<range>316.3612054500118</range>
			<altitudeMode>absolute</altitudeMode>
		</LookAt>
		<styleUrl>#__managed_style_01B2C6E4B82A5431B346</styleUrl>
		<Point>
			<coordinates>104.750670105795,17.44191101689429,149.3753224625158</coordinates>
		</Point>
	</Placemark>
	<Placemark id="079A04F4B42A11139852">
		<name>lt142-sg-212-0301-308+796</name>
		<LookAt>
			<longitude>104.751204578025</longitude>
			<latitude>17.44133644832452</latitude>
			<altitude>150.0052572483179</altitude>
			<heading>50.71861869125549</heading>
			<tilt>0.2056198336063332</tilt>
			<gx:fovy>35</gx:fovy>
			<range>233.7865808093557</range>
			<altitudeMode>absolute</altitudeMode>
		</LookAt>
		<styleUrl>#__managed_style_01B2C6E4B82A5431B346</styleUrl>
		<Point>
			<coordinates>104.7510212218151,17.4414441192306,149.6974825048609</coordinates>
		</Point>
	</Placemark>
	<Placemark id="0A6085B4B02A1113F112">
		<name>lt143-sg-212-0301-308+861</name>
		<LookAt>
			<longitude>104.7517539353348</longitude>
			<latitude>17.44094417878211</latitude>
			<altitude>150.5162677864219</altitude>
			<heading>41.75650994380284</heading>
			<tilt>0.2056192998569847</tilt>
			<gx:fovy>35</gx:fovy>
			<range>217.2529098388623</range>
			<altitudeMode>absolute</altitudeMode>
		</LookAt>
		<styleUrl>#__managed_style_01B2C6E4B82A5431B346</styleUrl>
		<Point>
			<coordinates>104.7514400197362,17.44106387361224,150.2685904009325</coordinates>
		</Point>
	</Placemark>
	<Placemark id="0E4CD4DB332A111446EA">
		<name>lt144-sg-212-0301-308+926</name>
		<LookAt>
			<longitude>104.7518473985777</longitude>
			<latitude>17.44084832681703</latitude>
			<altitude>150.5564187517579</altitude>
			<heading>35.85172364386629</heading>
			<tilt>0.2056185837252054</tilt>
			<gx:fovy>35</gx:fovy>
			<range>195.0670336004987</range>
			<altitudeMode>absolute</altitudeMode>
		</LookAt>
		<styleUrl>#__managed_style_01B2C6E4B82A5431B346</styleUrl>
		<Point>
			<coordinates>104.7519235790186,17.44069396061029,150.2135496771006</coordinates>
		</Point>
	</Placemark>
	<Placemark id="08F2C7B0F92A1115881E">
		<name>lt145-sg-212-0301-308+911</name>
		<Camera>
			<gx:ViewerOptions>
				<gx:option name="streetview"></gx:option>
				<gx:streetViewPanoId>w0Zovt9brlE-SHzA_ALUEw</gx:streetViewPanoId>
			</gx:ViewerOptions>
			<longitude>104.7523710907283</longitude>
			<latitude>17.44030480907901</latitude>
			<altitude>150.3403930658146</altitude>
			<heading>7.110922831676097</heading>
			<tilt>68.16470322318199</tilt>
			<roll>0</roll>
			<gx:fovy>16.27847589349998</gx:fovy>
			<altitudeMode>absolute</altitudeMode>
		</Camera>
		<styleUrl>#__managed_style_01B2C6E4B82A5431B346</styleUrl>
		<Point>
			<altitudeMode>relativeToGround</altitudeMode>
			<coordinates>104.7523980253544,17.44033720903257,0</coordinates>
		</Point>
	</Placemark>
	<Placemark id="077752FE892A111685FF">
		<name>lt146-sg-212-0301-309+056</name>
		<LookAt>
			<longitude>104.7528921957812</longitude>
			<latitude>17.43994351131312</latitude>
			<altitude>148.4896886409152</altitude>
			<heading>41.80965116174991</heading>
			<tilt>0</tilt>
			<gx:fovy>35</gx:fovy>
			<range>102.6114854551815</range>
			<altitudeMode>absolute</altitudeMode>
		</LookAt>
		<styleUrl>#__managed_style_01B2C6E4B82A5431B346</styleUrl>
		<Point>
			<coordinates>104.7528677783178,17.43999935992223,148.7540856642235</coordinates>
		</Point>
	</Placemark>
	<Placemark id="02ED8A71982A1117A210">
		<name>lt147-sg-212-0301-30-309+124</name>
		<Camera>
			<gx:ViewerOptions>
				<gx:option name="streetview"></gx:option>
				<gx:streetViewPanoId>VZb3_l0FpdfBRsxwM20HBg</gx:streetViewPanoId>
			</gx:ViewerOptions>
			<longitude>104.7533208958083</longitude>
			<latitude>17.43960711245655</latitude>
			<altitude>149.9702606194953</altitude>
			<heading>17.81442258075517</heading>
			<tilt>69.23801767476779</tilt>
			<roll>0</roll>
			<gx:fovy>15</gx:fovy>
			<altitudeMode>absolute</altitudeMode>
		</Camera>
		<styleUrl>#__managed_style_01B2C6E4B82A5431B346</styleUrl>
		<Point>
			<altitudeMode>relativeToGround</altitudeMode>
			<coordinates>104.7533498623142,17.43964679097332,0</coordinates>
		</Point>
	</Placemark>
	<Placemark id="0AC9BCF05A2A1118350E">
		<name>lt148-sg-212-0301-309+190</name>
		<LookAt>
			<longitude>104.7539940559079</longitude>
			<latitude>17.4392357959967</latitude>
			<altitude>149.4856268897138</altitude>
			<heading>35.91204174678506</heading>
			<tilt>0.2750879150510574</tilt>
			<gx:fovy>35</gx:fovy>
			<range>224.9578623716298</range>
			<altitudeMode>absolute</altitudeMode>
		</LookAt>
		<styleUrl>#__managed_style_01B2C6E4B82A5431B346</styleUrl>
		<Point>
			<coordinates>104.7538188525417,17.43931049210743,149.4553175616186</coordinates>
		</Point>
	</Placemark>
	<Placemark id="04C380A7FD2A1118A558">
		<name>lt149-sg-212-0301-309+260</name>
		<LookAt>
			<longitude>104.7544116361656</longitude>
			<latitude>17.4388821424074</latitude>
			<altitude>148.8172046981333</altitude>
			<heading>35.91204112954068</heading>
			<tilt>0.2750843357708465</tilt>
			<gx:fovy>35</gx:fovy>
			<range>142.0639547109932</range>
			<altitudeMode>absolute</altitudeMode>
		</LookAt>
		<styleUrl>#__managed_style_01B2C6E4B82A5431B346</styleUrl>
		<Point>
			<coordinates>104.7543011665924,17.43895385285342,148.7423665630428</coordinates>
		</Point>
	</Placemark>
	<Placemark id="0C180DF5A42A1118ED12">
		<name>lt150-sg-212-0301-309+330</name>
		<LookAt>
			<longitude>104.7550038819429</longitude>
			<latitude>17.43866845250029</latitude>
			<altitude>148.0708173925454</altitude>
			<heading>35.91204129950808</heading>
			<tilt>0.2750852111606651</tilt>
			<gx:fovy>35</gx:fovy>
			<range>162.3412715300765</range>
			<altitudeMode>absolute</altitudeMode>
		</LookAt>
		<styleUrl>#__managed_style_01B2C6E4B82A5431B346</styleUrl>
		<Point>
			<coordinates>104.7548038366434,17.43862736662951,147.7672041814274</coordinates>
		</Point>
	</Placemark>
	<Placemark id="0D3D52832329F85BC198">
		<name>rt1-sg-212-0301-243+145</name>
		<LookAt>
			<longitude>104.2742545622713</longitude>
			<latitude>17.77710916505528</latitude>
			<altitude>160.46799295097</altitude>
			<heading>155.2318685375052</heading>
			<tilt>0</tilt>
			<gx:fovy>35</gx:fovy>
			<range>105.6773951208925</range>
			<altitudeMode>absolute</altitudeMode>
		</LookAt>
		<styleUrl>#__managed_style_0BED4BCA582A5431B33B</styleUrl>
		<Point>
			<coordinates>104.274223248489,17.77705192961259,160.9090047159877</coordinates>
		</Point>
	</Placemark>
	<Placemark id="06B0E6E33829F85FAD67">
		<name>rt2-sg-212-0301-243+188</name>
		<LookAt>
			<longitude>104.274424545992</longitude>
			<latitude>17.77688064363456</latitude>
			<altitude>159.7818134561007</altitude>
			<heading>155.2319204732896</heading>
			<tilt>0</tilt>
			<gx:fovy>35</gx:fovy>
			<range>106.5626403508395</range>
			<altitudeMode>absolute</altitudeMode>
		</LookAt>
		<styleUrl>#__managed_style_0BED4BCA582A5431B33B</styleUrl>
		<Point>
			<coordinates>104.2744221291899,17.77670992576881,161.1108688132074</coordinates>
		</Point>
	</Placemark>
	<Placemark id="020097A49029F8642BF8">
		<name>rt3-sg-212-0301-243+277</name>
		<LookAt>
			<longitude>104.2749840158393</longitude>
			<latitude>17.77626928738511</latitude>
			<altitude>161.946239413097</altitude>
			<heading>149.3612634324578</heading>
			<tilt>0</tilt>
			<gx:fovy>35</gx:fovy>
			<range>241.5048836393544</range>
			<altitudeMode>absolute</altitudeMode>
		</LookAt>
		<styleUrl>#__managed_style_0BED4BCA582A5431B33B</styleUrl>
		<Point>
			<coordinates>104.2748591566022,17.7760068034615,164.0977308157025</coordinates>
		</Point>
	</Placemark>
	<Placemark id="0ED5CAFD6129F8655D8D">
		<name>rt4-sg-212-0301-243+318</name>
		<LookAt>
			<longitude>104.2751622871244</longitude>
			<latitude>17.77589599177206</latitude>
			<altitude>163.2933497384153</altitude>
			<heading>149.3613178565843</heading>
			<tilt>0</tilt>
			<gx:fovy>35</gx:fovy>
			<range>240.1154560905343</range>
			<altitudeMode>absolute</altitudeMode>
		</LookAt>
		<styleUrl>#__managed_style_0BED4BCA582A5431B33B</styleUrl>
		<Point>
			<coordinates>104.2750569814963,17.7756717192803,163.9530210550661</coordinates>
		</Point>
	</Placemark>
	<Placemark id="099EBD9E3129F878ECEB">
		<name>rt5-sg-212-0301-243+368</name>
		<LookAt>
			<longitude>104.2753047621675</longitude>
			<latitude>17.77563492732077</latitude>
			<altitude>163.0828021029785</altitude>
			<heading>149.361361097013</heading>
			<tilt>0</tilt>
			<gx:fovy>35</gx:fovy>
			<range>230.0690561152442</range>
			<altitudeMode>absolute</altitudeMode>
		</LookAt>
		<styleUrl>#__managed_style_0BED4BCA582A5431B33B</styleUrl>
		<Point>
			<coordinates>104.275315789023,17.77523549757816,164.2407886803564</coordinates>
		</Point>
	</Placemark>
	<Placemark id="0E211886C429F8841D83">
		<name>rt6-sg-212-0301-243+415</name>
		<LookAt>
			<longitude>104.2755195878244</longitude>
			<latitude>17.77517340250644</latitude>
			<altitude>164.1576664802957</altitude>
			<heading>149.361022482655</heading>
			<tilt>0</tilt>
			<gx:fovy>35</gx:fovy>
			<range>209.14158445652</range>
			<altitudeMode>absolute</altitudeMode>
		</LookAt>
		<styleUrl>#__managed_style_0BED4BCA582A5431B33B</styleUrl>
		<Point>
			<coordinates>104.2755008152829,17.77492394275324,164.3412130972831</coordinates>
		</Point>
	</Placemark>
	<Placemark id="06CEEC217229F8857343">
		<name>rt7-sg-212-0301-243+463</name>
		<LookAt>
			<longitude>104.2757119406471</longitude>
			<latitude>17.77463053864543</latitude>
			<altitude>164.157543820377</altitude>
			<heading>149.3611137324033</heading>
			<tilt>0</tilt>
			<gx:fovy>35</gx:fovy>
			<range>317.3492665107188</range>
			<altitudeMode>absolute</altitudeMode>
		</LookAt>
		<styleUrl>#__managed_style_0BED4BCA582A5431B33B</styleUrl>
		<Point>
			<coordinates>104.2757054635151,17.77454276127612,164.3412629882656</coordinates>
		</Point>
	</Placemark>
	<Placemark id="0CA320733A29F886235A">
		<name>rt8-sg-212-0301-243+506</name>
		<LookAt>
			<longitude>104.2759426218213</longitude>
			<latitude>17.77430872238229</latitude>
			<altitude>164.4003544888037</altitude>
			<heading>149.3611646161708</heading>
			<tilt>0</tilt>
			<gx:fovy>35</gx:fovy>
			<range>234.6714551977129</range>
			<altitudeMode>absolute</altitudeMode>
		</LookAt>
		<styleUrl>#__managed_style_0BED4BCA582A5431B33B</styleUrl>
		<Point>
			<coordinates>104.2759073830067,17.77420970009127,164.4572633478384</coordinates>
		</Point>
	</Placemark>
	<Placemark id="0651A842D729F8884630">
		<name>rt9-sg-212-0301-243+547</name>
		<LookAt>
			<longitude>104.2759426284391</longitude>
			<latitude>17.77430870454656</latitude>
			<altitude>164.4003922160618</altitude>
			<heading>149.3615643689556</heading>
			<tilt>0</tilt>
			<gx:fovy>35</gx:fovy>
			<range>234.6752099688092</range>
			<altitudeMode>absolute</altitudeMode>
		</LookAt>
		<styleUrl>#__managed_style_0BED4BCA582A5431B33B</styleUrl>
		<Point>
			<coordinates>104.2761189015093,17.77385259650072,163.1007386380893</coordinates>
		</Point>
	</Placemark>
	<Placemark id="04DFF439BA29F8891047">
		<name>rt10-sg-212-0301-243+596</name>
		<LookAt>
			<longitude>104.2762968826097</longitude>
			<latitude>17.7736887001541</latitude>
			<altitude>161.9723773438908</altitude>
			<heading>149.3616817280631</heading>
			<tilt>0</tilt>
			<gx:fovy>35</gx:fovy>
			<range>252.751141578301</range>
			<altitudeMode>absolute</altitudeMode>
		</LookAt>
		<styleUrl>#__managed_style_0BED4BCA582A5431B33B</styleUrl>
		<Point>
			<coordinates>104.2762886764242,17.77349752888666,161.5658680448636</coordinates>
		</Point>
	</Placemark>
	<Placemark id="0077DE088B29FC935B2D">
		<name>rt11-sg-212-0301-243+637</name>
		<LookAt>
			<longitude>104.2766525862219</longitude>
			<latitude>17.77333092419375</latitude>
			<altitude>161.5392994493697</altitude>
			<heading>150.073718506003</heading>
			<tilt>0</tilt>
			<gx:fovy>35</gx:fovy>
			<range>192.9138809751748</range>
			<altitudeMode>absolute</altitudeMode>
		</LookAt>
		<styleUrl>#__managed_style_0BED4BCA582A5431B33B</styleUrl>
		<Point>
			<coordinates>104.2764871604273,17.77317056530363,161.4219554947689</coordinates>
		</Point>
	</Placemark>
	<Placemark id="00F39B892429FC94E7EC">
		<name>rt12-sg-212-0301-243+686</name>
		<LookAt>
			<longitude>104.2768252851559</longitude>
			<latitude>17.77293746862389</latitude>
			<altitude>158.6524060889407</altitude>
			<heading>170.2598654098505</heading>
			<tilt>0</tilt>
			<gx:fovy>35</gx:fovy>
			<range>216.6535834746173</range>
			<altitudeMode>absolute</altitudeMode>
		</LookAt>
		<styleUrl>#__managed_style_0BED4BCA582A5431B33B</styleUrl>
		<Point>
			<coordinates>104.2767184578694,17.77279946324891,158.8790077656315</coordinates>
		</Point>
	</Placemark>
	<Placemark id="062FE782ED29FC958434">
		<name>rt13-sg-212-0301-243+731</name>
		<LookAt>
			<longitude>104.277054066644</longitude>
			<latitude>17.77277952761406</latitude>
			<altitude>156.487322514246</altitude>
			<heading>170.2599381614115</heading>
			<tilt>0</tilt>
			<gx:fovy>35</gx:fovy>
			<range>225.3141020737895</range>
			<altitudeMode>absolute</altitudeMode>
		</LookAt>
		<styleUrl>#__managed_style_0BED4BCA582A5431B33B</styleUrl>
		<Point>
			<coordinates>104.2769207325717,17.77244925681213,155.6149910309765</coordinates>
		</Point>
	</Placemark>
	<Placemark id="0A81B0331429FC967AAC">
		<name>rt14-sg-212-0301-243+777</name>
		<LookAt>
			<longitude>104.2771448650345</longitude>
			<latitude>17.77250080091671</latitude>
			<altitude>155.2622789837319</altitude>
			<heading>140.0877299820493</heading>
			<tilt>0</tilt>
			<gx:fovy>35</gx:fovy>
			<range>180.7244569854811</range>
			<altitudeMode>absolute</altitudeMode>
		</LookAt>
		<styleUrl>#__managed_style_0BED4BCA582A5431B33B</styleUrl>
		<Point>
			<coordinates>104.2771434257969,17.77208451910077,155.8024683861481</coordinates>
		</Point>
	</Placemark>
	<Placemark id="0E1E1E2E0E29FC989F67">
		<name>rt15-sg-212-0301-243+820</name>
		<LookAt>
			<longitude>104.2773721782655</longitude>
			<latitude>17.77190028072377</latitude>
			<altitude>156.4851347873762</altitude>
			<heading>153.9567089520628</heading>
			<tilt>0</tilt>
			<gx:fovy>35</gx:fovy>
			<range>107.4803110422909</range>
			<altitudeMode>absolute</altitudeMode>
		</LookAt>
		<styleUrl>#__managed_style_0BED4BCA582A5431B33B</styleUrl>
		<Point>
			<coordinates>104.2773282549157,17.77173974014906,156.9375363249287</coordinates>
		</Point>
	</Placemark>
	<Placemark id="032C7AEB5F29FC990D24">
		<name>rt16-sg-212-0301-243+869</name>
		<LookAt>
			<longitude>104.2776804899374</longitude>
			<latitude>17.77163529118581</latitude>
			<altitude>157.6642074932872</altitude>
			<heading>153.9568003845605</heading>
			<tilt>0</tilt>
			<gx:fovy>35</gx:fovy>
			<range>131.5410348816659</range>
			<altitudeMode>absolute</altitudeMode>
		</LookAt>
		<styleUrl>#__managed_style_0BED4BCA582A5431B33B</styleUrl>
		<Point>
			<coordinates>104.277546840244,17.77136047107936,158.1528055207134</coordinates>
		</Point>
	</Placemark>
	<Placemark id="04C09B5C5729FC9E99B4">
		<name>rt17-sg-212-0301-243+910</name>
		<LookAt>
			<longitude>104.2779942305078</longitude>
			<latitude>17.77121168746096</latitude>
			<altitude>157.2729012970645</altitude>
			<heading>153.9567815290629</heading>
			<tilt>0</tilt>
			<gx:fovy>35</gx:fovy>
			<range>185.7308068583916</range>
			<altitudeMode>absolute</altitudeMode>
		</LookAt>
		<styleUrl>#__managed_style_0BED4BCA582A5431B33B</styleUrl>
		<Point>
			<coordinates>104.2777433387604,17.77102893998145,156.8261832251196</coordinates>
		</Point>
	</Placemark>
	<Placemark id="0EA79B7A3229FCD39688">
		<name>rt18-sg-212-0301-243+954</name>
		<LookAt>
			<longitude>104.2781000426767</longitude>
			<latitude>17.7708861190035</latitude>
			<altitude>156.2009699682723</altitude>
			<heading>153.9568138232036</heading>
			<tilt>0</tilt>
			<gx:fovy>35</gx:fovy>
			<range>186.8027360623819</range>
			<altitudeMode>absolute</altitudeMode>
		</LookAt>
		<styleUrl>#__managed_style_0BED4BCA582A5431B33B</styleUrl>
		<Point>
			<coordinates>104.2779519651998,17.77068266951553,155.6778920459628</coordinates>
		</Point>
	</Placemark>
	<Placemark id="0219D2925629FCD5808B">
		<name>rt19-sg-212-0301-244+213</name>
		<LookAt>
			<longitude>104.279120314491</longitude>
			<latitude>17.76885600034705</latitude>
			<altitude>155.1083306767084</altitude>
			<heading>153.957146447673</heading>
			<tilt>0</tilt>
			<gx:fovy>35</gx:fovy>
			<range>127.7319818476826</range>
			<altitudeMode>absolute</altitudeMode>
		</LookAt>
		<styleUrl>#__managed_style_0BED4BCA582A5431B33B</styleUrl>
		<Point>
			<coordinates>104.279138826897,17.76862559978941,156.0158516878043</coordinates>
		</Point>
	</Placemark>
	<Placemark id="019E3E60C929FCD6FC16">
		<name>rt20-sg-212-0301-244+263</name>
		<LookAt>
			<longitude>104.2794354764279</longitude>
			<latitude>17.76831942182736</latitude>
			<altitude>157.6249923702087</altitude>
			<heading>153.9569057211788</heading>
			<tilt>0</tilt>
			<gx:fovy>35</gx:fovy>
			<range>195.1612273642968</range>
			<altitudeMode>absolute</altitudeMode>
		</LookAt>
		<styleUrl>#__managed_style_0BED4BCA582A5431B33B</styleUrl>
		<Point>
			<coordinates>104.2793734459255,17.76825159010262,157.470586367504</coordinates>
		</Point>
	</Placemark>
	<Placemark id="08265692DB29FCD7E727">
		<name>rt21-sg-212-0301-244+303</name>
		<LookAt>
			<longitude>104.2793314560454</longitude>
			<latitude>17.76798687009803</latitude>
			<altitude>156.6913340242239</altitude>
			<heading>150.5263117346301</heading>
			<tilt>0</tilt>
			<gx:fovy>35</gx:fovy>
			<range>116.8080431942326</range>
			<altitudeMode>absolute</altitudeMode>
		</LookAt>
		<styleUrl>#__managed_style_0BED4BCA582A5431B33B</styleUrl>
		<Point>
			<coordinates>104.2795540772969,17.76793101881534,157.7506815448428</coordinates>
		</Point>
	</Placemark>
	<Placemark id="010B63C4FB29FCD88D56">
		<name>rt22-sg-212-0301-244+348</name>
		<LookAt>
			<longitude>104.2796073482115</longitude>
			<latitude>17.76771083096357</latitude>
			<altitude>157.3475735948249</altitude>
			<heading>150.5263959277636</heading>
			<tilt>0</tilt>
			<gx:fovy>35</gx:fovy>
			<range>116.1518158235595</range>
			<altitudeMode>absolute</altitudeMode>
		</LookAt>
		<styleUrl>#__managed_style_0BED4BCA582A5431B33B</styleUrl>
		<Point>
			<coordinates>104.2797527014977,17.76755626074888,156.6948358070593</coordinates>
		</Point>
	</Placemark>
	<Placemark id="071C9F157C29FCD925D5">
		<name>rt23-sg-212-0301-244+393</name>
		<LookAt>
			<longitude>104.2799818431653</longitude>
			<latitude>17.76742827100897</latitude>
			<altitude>156.1069034945371</altitude>
			<heading>150.526503616513</heading>
			<tilt>0</tilt>
			<gx:fovy>35</gx:fovy>
			<range>105.1021734599817</range>
			<altitudeMode>absolute</altitudeMode>
		</LookAt>
		<styleUrl>#__managed_style_0BED4BCA582A5431B33B</styleUrl>
		<Point>
			<coordinates>104.2799647912523,17.76722222427064,156.2133222756013</coordinates>
		</Point>
	</Placemark>
	<Placemark id="023F2DC46B29FCD9CF99">
		<name>rt24-sg-212-0301-244+439</name>
		<LookAt>
			<longitude>104.2801803280336</longitude>
			<latitude>17.76703905411593</latitude>
			<altitude>156.4646079844784</altitude>
			<heading>150.5265641839734</heading>
			<tilt>0</tilt>
			<gx:fovy>35</gx:fovy>
			<range>104.7444735690624</range>
			<altitudeMode>absolute</altitudeMode>
		</LookAt>
		<styleUrl>#__managed_style_0BED4BCA582A5431B33B</styleUrl>
		<Point>
			<coordinates>104.2801771953025,17.76684188745056,156.6904353184507</coordinates>
		</Point>
	</Placemark>
	<Placemark id="0BDFA3561829FCDBE75B">
		<name>rt25-sg-212-0301-244+483</name>
		<LookAt>
			<longitude>104.2803388220189</longitude>
			<latitude>17.76665811885887</latitude>
			<altitude>156.890036896329</altitude>
			<heading>150.5261962028198</heading>
			<tilt>0</tilt>
			<gx:fovy>34.99995852484398</gx:fovy>
			<range>104.3295134189248</range>
			<altitudeMode>absolute</altitudeMode>
		</LookAt>
		<styleUrl>#__managed_style_0BED4BCA582A5431B33B</styleUrl>
		<Point>
			<coordinates>104.2803874131978,17.76651392749583,156.5718238298727</coordinates>
		</Point>
	</Placemark>
	<Placemark id="0FB45A83C529FCDC7DC4">
		<name>rt26-sg-212-0301-244+528</name>
		<LookAt>
			<longitude>104.2805287431309</longitude>
			<latitude>17.76634957791572</latitude>
			<altitude>156.2355179116477</altitude>
			<heading>150.5262541554042</heading>
			<tilt>0</tilt>
			<gx:fovy>34.99995852484398</gx:fovy>
			<range>104.9840256472453</range>
			<altitudeMode>absolute</altitudeMode>
		</LookAt>
		<styleUrl>#__managed_style_0BED4BCA582A5431B33B</styleUrl>
		<Point>
			<coordinates>104.2805906851395,17.76616154223942,156.9120672431932</coordinates>
		</Point>
	</Placemark>
	<Placemark id="0C735F05FB29FCDD0594">
		<name>rt27-sg-212-0301-244+575</name>
		<LookAt>
			<longitude>104.2807856184964</longitude>
			<latitude>17.76605202399648</latitude>
			<altitude>156.7670219433383</altitude>
			<heading>150.5263325364434</heading>
			<tilt>0</tilt>
			<gx:fovy>34.99995852484398</gx:fovy>
			<range>104.4525169387271</range>
			<altitudeMode>absolute</altitudeMode>
		</LookAt>
		<styleUrl>#__managed_style_0BED4BCA582A5431B33B</styleUrl>
		<Point>
			<coordinates>104.2807874141075,17.76578561174179,158.5085475646345</coordinates>
		</Point>
	</Placemark>
	<Placemark id="0A295E969829FCDD9D5C">
		<name>rt28-sg-212-0301-244+619</name>
		<LookAt>
			<longitude>104.2810486295602</longitude>
			<latitude>17.76556497501585</latitude>
			<altitude>157.1385028409989</altitude>
			<heading>150.5264127877528</heading>
			<tilt>0</tilt>
			<gx:fovy>34.99995852484398</gx:fovy>
			<range>104.0810611425877</range>
			<altitudeMode>absolute</altitudeMode>
		</LookAt>
		<styleUrl>#__managed_style_0BED4BCA582A5431B33B</styleUrl>
		<Point>
			<coordinates>104.2809897407396,17.7654335557855,157.5108554248076</coordinates>
		</Point>
	</Placemark>
	<Placemark id="0381D8BA1929FCDE1845">
		<name>rt29-sg-212-0301-244+664</name>
		<LookAt>
			<longitude>104.2812270789729</longitude>
			<latitude>17.7652792840668</latitude>
			<altitude>157.1585283009922</altitude>
			<heading>150.5264672363415</heading>
			<tilt>0</tilt>
			<gx:fovy>34.99995852484398</gx:fovy>
			<range>104.0610472855406</range>
			<altitudeMode>absolute</altitudeMode>
		</LookAt>
		<styleUrl>#__managed_style_0BED4BCA582A5431B33B</styleUrl>
		<Point>
			<coordinates>104.2812119281722,17.76509063727729,156.9381268195743</coordinates>
		</Point>
	</Placemark>
	<Placemark id="01F20137DE29FCE111B5">
		<name>rt30-sg-212-0301-245+036</name>
		<LookAt>
			<longitude>104.2825941609958</longitude>
			<latitude>17.76240754512544</latitude>
			<altitude>156.4016832608755</altitude>
			<heading>138.2660393953827</heading>
			<tilt>0</tilt>
			<gx:fovy>35</gx:fovy>
			<range>316.6609381649323</range>
			<altitudeMode>absolute</altitudeMode>
		</LookAt>
		<styleUrl>#__managed_style_0BED4BCA582A5431B33B</styleUrl>
		<Point>
			<coordinates>104.283217651121,17.762284804812,159.5597908465355</coordinates>
		</Point>
	</Placemark>
	<Placemark id="0B2667041629FCE14E72">
		<name>rt31-sg-212-0301-245+086</name>
		<LookAt>
			<longitude>104.2830526506304</longitude>
			<latitude>17.76195180255559</latitude>
			<altitude>158.0278620269291</altitude>
			<heading>138.2661792700803</heading>
			<tilt>0</tilt>
			<gx:fovy>35</gx:fovy>
			<range>315.0347514386522</range>
			<altitudeMode>absolute</altitudeMode>
		</LookAt>
		<styleUrl>#__managed_style_0BED4BCA582A5431B33B</styleUrl>
		<Point>
			<coordinates>104.2835632801823,17.76198114223149,159.2041166655671</coordinates>
		</Point>
	</Placemark>
	<Placemark id="0B40A8B4B229FCE255ED">
		<name>rt32-sg-212-0301-245+131</name>
		<LookAt>
			<longitude>104.2838257170928</longitude>
			<latitude>17.76196596033177</latitude>
			<altitude>158.9609502328284</altitude>
			<heading>136.4171792244671</heading>
			<tilt>0</tilt>
			<gx:fovy>35</gx:fovy>
			<range>227.4743933997161</range>
			<altitudeMode>absolute</altitudeMode>
		</LookAt>
		<styleUrl>#__managed_style_0BED4BCA582A5431B33B</styleUrl>
		<Point>
			<coordinates>104.2838843161737,17.76169949363458,159.2846508019817</coordinates>
		</Point>
	</Placemark>
	<Placemark id="032AB0DC8629FCE2ED82">
		<name>rt33-sg-212-0301-245+177</name>
		<LookAt>
			<longitude>104.284093519254</longitude>
			<latitude>17.76173533533456</latitude>
			<altitude>159.7534477851071</altitude>
			<heading>136.4172609196654</heading>
			<tilt>0</tilt>
			<gx:fovy>35</gx:fovy>
			<range>226.6819049224068</range>
			<altitudeMode>absolute</altitudeMode>
		</LookAt>
		<styleUrl>#__managed_style_0BED4BCA582A5431B33B</styleUrl>
		<Point>
			<coordinates>104.2842677314856,17.76150001826827,159.3950425061834</coordinates>
		</Point>
	</Placemark>
	<Placemark id="01345C045F29FCE35CB0">
		<name>rt34-sg-212-0301-245+222</name>
		<LookAt>
			<longitude>104.2844436784884</longitude>
			<latitude>17.76138888730291</latitude>
			<altitude>158.6479042745621</altitude>
			<heading>136.4173677366109</heading>
			<tilt>0</tilt>
			<gx:fovy>35</gx:fovy>
			<range>227.7874532342685</range>
			<altitudeMode>absolute</altitudeMode>
		</LookAt>
		<styleUrl>#__managed_style_0BED4BCA582A5431B33B</styleUrl>
		<Point>
			<coordinates>104.2846401180613,17.76130261920177,159.1401860422116</coordinates>
		</Point>
	</Placemark>
	<Placemark id="0E160CA62829FCE412C6">
		<name>rt35-sg-212-0301-245+304</name>
		<LookAt>
			<longitude>104.2846166447217</longitude>
			<latitude>17.76133874587378</latitude>
			<altitude>158.9207606645669</altitude>
			<heading>134.8369331629039</heading>
			<tilt>0</tilt>
			<gx:fovy>35</gx:fovy>
			<range>499.9999674237916</range>
			<altitudeMode>absolute</altitudeMode>
		</LookAt>
		<styleUrl>#__managed_style_0BED4BCA582A5431B33B</styleUrl>
		<Point>
			<coordinates>104.2850379336829,17.76108265751878,160.4302155539422</coordinates>
		</Point>
	</Placemark>
	<Placemark id="08692E94DE29FCE4A3E7">
		<name>rt36-sg-212-0301-245+348</name>
		<LookAt>
			<longitude>104.2854528376214</longitude>
			<latitude>17.76117603526293</latitude>
			<altitude>160.9122423309667</altitude>
			<heading>134.8371101731515</heading>
			<tilt>0</tilt>
			<gx:fovy>35</gx:fovy>
			<range>200.2475515437982</range>
			<altitudeMode>absolute</altitudeMode>
		</LookAt>
		<styleUrl>#__managed_style_0BED4BCA582A5431B33B</styleUrl>
		<Point>
			<coordinates>104.2854198618601,17.76093315257702,159.974870664224</coordinates>
		</Point>
	</Placemark>
	<Placemark id="0EAC7734D529FCE52DBD">
		<name>rt37-sg-212-0301-245+398</name>
		<LookAt>
			<longitude>104.2857369321046</longitude>
			<latitude>17.76106405852794</latitude>
			<altitude>159.3391328660066</altitude>
			<heading>115.3208219385876</heading>
			<tilt>0</tilt>
			<gx:fovy>35</gx:fovy>
			<range>201.8206615675445</range>
			<altitudeMode>absolute</altitudeMode>
		</LookAt>
		<styleUrl>#__managed_style_0BED4BCA582A5431B33B</styleUrl>
		<Point>
			<coordinates>104.2858675632286,17.76077956312577,159.1665667701951</coordinates>
		</Point>
	</Placemark>
	<Placemark id="0F7A5CDC1A29FCE600D2">
		<name>rt38-sg-212-0301-245+438</name>
		<LookAt>
			<longitude>104.2859706706356</longitude>
			<latitude>17.760928828403</latitude>
			<altitude>158.6820376127849</altitude>
			<heading>106.6939436131808</heading>
			<tilt>2.078654847140162</tilt>
			<gx:fovy>35</gx:fovy>
			<range>215.3731138203876</range>
			<altitudeMode>absolute</altitudeMode>
		</LookAt>
		<styleUrl>#__managed_style_0BED4BCA582A5431B33B</styleUrl>
		<Point>
			<coordinates>104.286204980981,17.76068485153794,158.5031498611063</coordinates>
		</Point>
	</Placemark>
	<Placemark id="02042ED96029FCE67A19">
		<name>rt39-sg-212-0301-245+481</name>
		<LookAt>
			<longitude>104.2865638788391</longitude>
			<latitude>17.76081865531281</latitude>
			<altitude>157.5680276678217</altitude>
			<heading>106.6941245668</heading>
			<tilt>0</tilt>
			<gx:fovy>35</gx:fovy>
			<range>216.4871219560155</range>
			<altitudeMode>absolute</altitudeMode>
		</LookAt>
		<styleUrl>#__managed_style_0BED4BCA582A5431B33B</styleUrl>
		<Point>
			<coordinates>104.2865863349106,17.76058475515184,158.2412378735299</coordinates>
		</Point>
	</Placemark>
	<Placemark id="09762353DC29FCE6F833">
		<name>rt40-sg-212-0301-245+527</name>
		<LookAt>
			<longitude>104.2870825549922</longitude>
			<latitude>17.76065166323353</latitude>
			<altitude>157.5709017170206</altitude>
			<heading>106.6942827842028</heading>
			<tilt>0</tilt>
			<gx:fovy>35</gx:fovy>
			<range>216.4842711112942</range>
			<altitudeMode>absolute</altitudeMode>
		</LookAt>
		<styleUrl>#__managed_style_0BED4BCA582A5431B33B</styleUrl>
		<Point>
			<coordinates>104.287008274544,17.76046498325767,159.0147315694666</coordinates>
		</Point>
	</Placemark>
	<Placemark id="00FB85F14029FCE7F4CD">
		<name>rt41-sg-212-0301-245+579</name>
		<LookAt>
			<longitude>104.2875664870603</longitude>
			<latitude>17.76049215345786</latitude>
			<altitude>156.1216337756224</altitude>
			<heading>106.694430303015</heading>
			<tilt>0</tilt>
			<gx:fovy>35</gx:fovy>
			<range>218.3034113522444</range>
			<altitudeMode>absolute</altitudeMode>
		</LookAt>
		<styleUrl>#__managed_style_0BED4BCA582A5431B33B</styleUrl>
		<Point>
			<coordinates>104.2874834698525,17.76033681007908,156.5647545688282</coordinates>
		</Point>
	</Placemark>
	<Placemark id="06DD6BC09A29FCE9ED68">
		<name>rt42-sg-212-0301-245+621</name>
		<LookAt>
			<longitude>104.2874508372355</longitude>
			<latitude>17.76034682066273</latitude>
			<altitude>156.5402285422799</altitude>
			<heading>106.6945853404889</heading>
			<tilt>0</tilt>
			<gx:fovy>35</gx:fovy>
			<range>285.9132103678712</range>
			<altitudeMode>absolute</altitudeMode>
		</LookAt>
		<styleUrl>#__managed_style_0BED4BCA582A5431B33B</styleUrl>
		<Point>
			<coordinates>104.2878484636595,17.76024518555112,157.0157369645807</coordinates>
		</Point>
	</Placemark>
	<Placemark id="08213EF62629FCEA7827">
		<name>rt43-sg-212-0301-245+670</name>
		<LookAt>
			<longitude>104.2881369964517</longitude>
			<latitude>17.76021670610979</latitude>
			<altitude>156.7810317553115</altitude>
			<heading>106.6947946450845</heading>
			<tilt>0</tilt>
			<gx:fovy>35</gx:fovy>
			<range>285.6723951105232</range>
			<altitudeMode>absolute</altitudeMode>
		</LookAt>
		<styleUrl>#__managed_style_0BED4BCA582A5431B33B</styleUrl>
		<Point>
			<coordinates>104.2882953394227,17.76012028873253,156.5718606901146</coordinates>
		</Point>
	</Placemark>
	<Placemark id="0F9F769BE629FCEAEEE4">
		<name>rt44-sg-212-0301-245+714</name>
		<LookAt>
			<longitude>104.2886991000569</longitude>
			<latitude>17.76003016332034</latitude>
			<altitude>155.1412803856894</altitude>
			<heading>106.6949661067293</heading>
			<tilt>0</tilt>
			<gx:fovy>35</gx:fovy>
			<range>287.3121175548295</range>
			<altitudeMode>absolute</altitudeMode>
		</LookAt>
		<styleUrl>#__managed_style_0BED4BCA582A5431B33B</styleUrl>
		<Point>
			<coordinates>104.2887042741444,17.76004659271085,155.2886645987435</coordinates>
		</Point>
	</Placemark>
	<Placemark id="07CB278ABF29FCEB902F">
		<name>rt45-sg-212-0301-245+761</name>
		<LookAt>
			<longitude>104.289170201527</longitude>
			<latitude>17.759892000794</latitude>
			<altitude>153.6190198830634</altitude>
			<heading>106.6951098083281</heading>
			<tilt>0</tilt>
			<gx:fovy>35</gx:fovy>
			<range>288.8343295703817</range>
			<altitudeMode>absolute</altitudeMode>
		</LookAt>
		<styleUrl>#__managed_style_0BED4BCA582A5431B33B</styleUrl>
		<Point>
			<coordinates>104.2891273628445,17.75992403907133,153.7646864725434</coordinates>
		</Point>
	</Placemark>
	<Placemark id="0BEA76933029FCED6878">
		<name>rt46-sg-212-0301-246+421</name>
		<LookAt>
			<longitude>104.2950730552221</longitude>
			<latitude>17.75852928335945</latitude>
			<altitude>151.7873054139201</altitude>
			<heading>107.9233838574824</heading>
			<tilt>0</tilt>
			<gx:fovy>35</gx:fovy>
			<range>133.3161840390312</range>
			<altitudeMode>absolute</altitudeMode>
		</LookAt>
		<styleUrl>#__managed_style_0BED4BCA582A5431B33B</styleUrl>
		<Point>
			<coordinates>104.2951718570548,17.75835016080108,152.1302077014112</coordinates>
		</Point>
	</Placemark>
	<Placemark id="0D9485F77A29FCEE7D5F">
		<name>rt47-sg-212-0301-246+469</name>
		<LookAt>
			<longitude>104.2953769547667</longitude>
			<latitude>17.75846720027214</latitude>
			<altitude>152.2796082752093</altitude>
			<heading>107.9232685522401</heading>
			<tilt>0</tilt>
			<gx:fovy>35</gx:fovy>
			<range>268.1619969254098</range>
			<altitudeMode>absolute</altitudeMode>
		</LookAt>
		<styleUrl>#__managed_style_0BED4BCA582A5431B33B</styleUrl>
		<Point>
			<coordinates>104.2956145449191,17.75824594007961,152.409478949596</coordinates>
		</Point>
	</Placemark>
	<Placemark id="07F8819CFF29FD175568">
		<name>rt48-sg-212-0301-246+515</name>
		<LookAt>
			<longitude>104.2958558843129</longitude>
			<latitude>17.75801995789708</latitude>
			<altitude>153.0616169225966</altitude>
			<heading>107.9141408384525</heading>
			<tilt>0</tilt>
			<gx:fovy>35</gx:fovy>
			<range>244.6909459801464</range>
			<altitudeMode>absolute</altitudeMode>
		</LookAt>
		<styleUrl>#__managed_style_0BED4BCA582A5431B33B</styleUrl>
		<Point>
			<coordinates>104.2960357850964,17.75813189625764,152.143202353621</coordinates>
		</Point>
	</Placemark>
	<Placemark id="099F1F73DE29FD2F5319">
		<name>rt49-sg-212-0301-247+454</name>
		<LookAt>
			<longitude>104.3041845923377</longitude>
			<latitude>17.75601357982867</latitude>
			<altitude>160.106630543835</altitude>
			<heading>105.7700537362214</heading>
			<tilt>0</tilt>
			<gx:fovy>35</gx:fovy>
			<range>500.0001064893877</range>
			<altitudeMode>absolute</altitudeMode>
		</LookAt>
		<styleUrl>#__managed_style_0BED4BCA582A5431B33B</styleUrl>
		<Point>
			<coordinates>104.3046373393966,17.75585764494978,159.55225687481</coordinates>
		</Point>
	</Placemark>
	<Placemark id="099723B2C629FD318766">
		<name>rt50-sg-212-0301-247+477</name>
		<LookAt>
			<longitude>104.3046244881384</longitude>
			<latitude>17.75597806232065</latitude>
			<altitude>159.2124763024743</altitude>
			<heading>59.14916451758095</heading>
			<tilt>0</tilt>
			<gx:fovy>35</gx:fovy>
			<range>157.1360230882601</range>
			<altitudeMode>absolute</altitudeMode>
		</LookAt>
		<styleUrl>#__managed_style_0BED4BCA582A5431B33B</styleUrl>
		<Point>
			<coordinates>104.3048726178269,17.75579355275142,158.8294400902285</coordinates>
		</Point>
	</Placemark>
	<Placemark id="0E3EAF9ABB29FD32A4B6">
		<name>rt51-sg-212-0301-247+520</name>
		<LookAt>
			<longitude>104.3051532601408</longitude>
			<latitude>17.75586823994953</latitude>
			<altitude>157.9761230088475</altitude>
			<heading>93.43988027316389</heading>
			<tilt>0</tilt>
			<gx:fovy>35</gx:fovy>
			<range>177.0738807871203</range>
			<altitudeMode>absolute</altitudeMode>
		</LookAt>
		<styleUrl>#__managed_style_0BED4BCA582A5431B33B</styleUrl>
		<Point>
			<coordinates>104.3051707647797,17.75572345243777,158.4359060590073</coordinates>
		</Point>
	</Placemark>
	<Placemark id="05822B4F6D29FD33CC63">
		<name>rt52-sg-212-0301-247+557</name>
		<LookAt>
			<longitude>104.3051735025841</longitude>
			<latitude>17.75576249500979</latitude>
			<altitude>157.976118842708</altitude>
			<heading>93.43998543438471</heading>
			<tilt>0</tilt>
			<gx:fovy>35</gx:fovy>
			<range>235.4468154290953</range>
			<altitudeMode>absolute</altitudeMode>
		</LookAt>
		<styleUrl>#__managed_style_0BED4BCA582A5431B33B</styleUrl>
		<Point>
			<coordinates>104.3055058328477,17.75563494390705,157.9178757287232</coordinates>
		</Point>
	</Placemark>
	<Placemark id="07B3F780E029FD9C3527">
		<name>rt53-sg-212-0301-247+617</name>
		<LookAt>
			<longitude>104.3057345634132</longitude>
			<latitude>17.75584269063393</latitude>
			<altitude>156.9802296525013</altitude>
			<heading>104.0040353355687</heading>
			<tilt>0</tilt>
			<gx:fovy>35</gx:fovy>
			<range>256.1177110629069</range>
			<altitudeMode>absolute</altitudeMode>
		</LookAt>
		<styleUrl>#__managed_style_0BED4BCA582A5431B33B</styleUrl>
		<Point>
			<coordinates>104.3060383559555,17.75549037978257,158.8819618335355</coordinates>
		</Point>
	</Placemark>
	<Placemark id="05C25B619329FD9D2E3B">
		<name>rt54-sg-212-0301-247+677</name>
		<LookAt>
			<longitude>104.306285327746</longitude>
			<latitude>17.75557889794483</latitude>
			<altitude>158.2080302294746</altitude>
			<heading>111.9940505949679</heading>
			<tilt>0</tilt>
			<gx:fovy>35</gx:fovy>
			<range>499.9998747133941</range>
			<altitudeMode>absolute</altitudeMode>
		</LookAt>
		<styleUrl>#__managed_style_0BED4BCA582A5431B33B</styleUrl>
		<Point>
			<coordinates>104.3065933980206,17.75531527809697,157.4820601222581</coordinates>
		</Point>
	</Placemark>
	<Placemark id="0B542FFECE29FD9D7691">
		<name>rt55-sg-212-0301-247+720</name>
		<LookAt>
			<longitude>104.3069946906237</longitude>
			<latitude>17.75552364403696</latitude>
			<altitude>154.5361153685734</altitude>
			<heading>111.9940992589167</heading>
			<tilt>0</tilt>
			<gx:fovy>35</gx:fovy>
			<range>382.5606938997953</range>
			<altitudeMode>absolute</altitudeMode>
		</LookAt>
		<styleUrl>#__managed_style_0BED4BCA582A5431B33B</styleUrl>
		<Point>
			<coordinates>104.3069976534148,17.7552332877151,156.5632001916738</coordinates>
		</Point>
	</Placemark>
	<Placemark id="0C39D559EF29FD9E087B">
		<name>rt56-sg-212-0301-247+767</name>
		<LookAt>
			<longitude>104.3069946906237</longitude>
			<latitude>17.75552364412149</latitude>
			<altitude>154.5361530972462</altitude>
			<heading>111.9940992589167</heading>
			<tilt>0</tilt>
			<gx:fovy>35</gx:fovy>
			<range>382.5606011893979</range>
			<altitudeMode>absolute</altitudeMode>
		</LookAt>
		<styleUrl>#__managed_style_0BED4BCA582A5431B33B</styleUrl>
		<Point>
			<coordinates>104.3074284488358,17.7551224324859,154.2414681286897</coordinates>
		</Point>
	</Placemark>
	<Placemark id="061D34A0C729FD9EA1F4">
		<name>rt57-sg-212-0301-247+813</name>
		<LookAt>
			<longitude>104.3069946906237</longitude>
			<latitude>17.75552364420602</latitude>
			<altitude>154.5361530972462</altitude>
			<heading>111.9940992589167</heading>
			<tilt>0</tilt>
			<gx:fovy>35</gx:fovy>
			<range>382.5606011893979</range>
			<altitudeMode>absolute</altitudeMode>
		</LookAt>
		<styleUrl>#__managed_style_0BED4BCA582A5431B33B</styleUrl>
		<Point>
			<coordinates>104.307852419206,17.75503804383897,153.489979776237</coordinates>
		</Point>
	</Placemark>
	<Placemark id="0FA3D8160729FD9F71E9">
		<name>rt58-sg-212-0301-247+860</name>
		<LookAt>
			<longitude>104.3077700770033</longitude>
			<latitude>17.75508921489773</latitude>
			<altitude>152.9061297285083</altitude>
			<heading>111.9943357180393</heading>
			<tilt>0</tilt>
			<gx:fovy>35</gx:fovy>
			<range>384.1906122195724</range>
			<altitudeMode>absolute</altitudeMode>
		</LookAt>
		<styleUrl>#__managed_style_0BED4BCA582A5431B33B</styleUrl>
		<Point>
			<coordinates>104.3082790635801,17.75491614989659,154.460187432942</coordinates>
		</Point>
	</Placemark>
	<Placemark id="077BC4D34129FDA00CA0">
		<name>rt59-sg-212-0301-247+910</name>
		<LookAt>
			<longitude>104.3084705337916</longitude>
			<latitude>17.75479271886293</latitude>
			<altitude>154.6653769378136</altitude>
			<heading>111.9945493208719</heading>
			<tilt>0</tilt>
			<gx:fovy>35</gx:fovy>
			<range>382.4313628953678</range>
			<altitudeMode>absolute</altitudeMode>
		</LookAt>
		<styleUrl>#__managed_style_0BED4BCA582A5431B33B</styleUrl>
		<Point>
			<coordinates>104.3087533294364,17.75480914215435,155.9297193024835</coordinates>
		</Point>
	</Placemark>
	<Placemark id="01E9546AEA29FDA09F84">
		<name>rt60-sg-212-0301-247+952</name>
		<LookAt>
			<longitude>104.3090243574623</longitude>
			<latitude>17.75478486837573</latitude>
			<altitude>156.9707775872751</altitude>
			<heading>111.9946169336628</heading>
			<tilt>0</tilt>
			<gx:fovy>35</gx:fovy>
			<range>182.2875774639033</range>
			<altitudeMode>absolute</altitudeMode>
		</LookAt>
		<styleUrl>#__managed_style_0BED4BCA582A5431B33B</styleUrl>
		<Point>
			<coordinates>104.309141219457,17.75470488945599,158.0915864498807</coordinates>
		</Point>
	</Placemark>
	<Placemark id="02D6FFBE5F29FDA16C26">
		<name>rt61-sg-212-0301-247+994</name>
		<LookAt>
			<longitude>104.3094035841429</longitude>
			<latitude>17.75498517266813</latitude>
			<altitude>156.6039249778039</altitude>
			<heading>111.9944351951597</heading>
			<tilt>0</tilt>
			<gx:fovy>35</gx:fovy>
			<range>199.6143163516899</range>
			<altitudeMode>absolute</altitudeMode>
		</LookAt>
		<styleUrl>#__managed_style_0BED4BCA582A5431B33B</styleUrl>
		<Point>
			<coordinates>104.3095246271561,17.75460592341662,156.8736676446808</coordinates>
		</Point>
	</Placemark>
	<Placemark id="0805257C6429FDA20325">
		<name>rt62-sg-212-0301-248+044</name>
		<LookAt>
			<longitude>104.3097893547569</longitude>
			<latitude>17.75463012274187</latitude>
			<altitude>155.3184215151041</altitude>
			<heading>111.9945528393702</heading>
			<tilt>0</tilt>
			<gx:fovy>35</gx:fovy>
			<range>200.9241056691098</range>
			<altitudeMode>absolute</altitudeMode>
		</LookAt>
		<styleUrl>#__managed_style_0BED4BCA582A5431B33B</styleUrl>
		<Point>
			<coordinates>104.3099902819929,17.75448805408434,155.1842105006987</coordinates>
		</Point>
	</Placemark>
	<Placemark id="0899F635C829FDA2A2E0">
		<name>rt63-sg-212-0301-248+091</name>
		<LookAt>
			<longitude>104.3104260820938</longitude>
			<latitude>17.75446801742062</latitude>
			<altitude>155.194518469898</altitude>
			<heading>111.9947470009726</heading>
			<tilt>0</tilt>
			<gx:fovy>35</gx:fovy>
			<range>201.0480131152872</range>
			<altitudeMode>absolute</altitudeMode>
		</LookAt>
		<styleUrl>#__managed_style_0BED4BCA582A5431B33B</styleUrl>
		<Point>
			<coordinates>104.3104125696306,17.75435284122971,155.3680809395063</coordinates>
		</Point>
	</Placemark>
	<Placemark id="02813610CB29FDA30C0F">
		<name>rt64-sg-212-0301-248+137</name>
		<LookAt>
			<longitude>104.3104260820716</longitude>
			<latitude>17.75446801742062</latitude>
			<altitude>155.194518469898</altitude>
			<heading>111.9947470009726</heading>
			<tilt>0</tilt>
			<gx:fovy>35</gx:fovy>
			<range>201.0480131152872</range>
			<altitudeMode>absolute</altitudeMode>
		</LookAt>
		<styleUrl>#__managed_style_0BED4BCA582A5431B33B</styleUrl>
		<Point>
			<coordinates>104.3108402447902,17.75424076397417,155.8067262319794</coordinates>
		</Point>
	</Placemark>
	<Placemark id="0C8A33D9A729FDA3D50A">
		<name>rt65-sg-212-0301-248+179</name>
		<LookAt>
			<longitude>104.3108932266259</longitude>
			<latitude>17.75410722658189</latitude>
			<altitude>155.3360938404636</altitude>
			<heading>111.9949023534683</heading>
			<tilt>0</tilt>
			<gx:fovy>35</gx:fovy>
			<range>217.1446240946535</range>
			<altitudeMode>absolute</altitudeMode>
		</LookAt>
		<styleUrl>#__managed_style_0BED4BCA582A5431B33B</styleUrl>
		<Point>
			<coordinates>104.3112333200332,17.75416550924016,156.6681708443645</coordinates>
		</Point>
	</Placemark>
	<Placemark id="096EF2720429FDA452C0">
		<name>rt66-sg-212-0301-248+232</name>
		<LookAt>
			<longitude>104.3113387379601</longitude>
			<latitude>17.75400923332187</latitude>
			<altitude>157.250293588812</altitude>
			<heading>111.9950382040198</heading>
			<tilt>0</tilt>
			<gx:fovy>35</gx:fovy>
			<range>215.2304325187288</range>
			<altitudeMode>absolute</altitudeMode>
		</LookAt>
		<styleUrl>#__managed_style_0BED4BCA582A5431B33B</styleUrl>
		<Point>
			<coordinates>104.3117137912817,17.75404066134972,157.7582547022614</coordinates>
		</Point>
	</Placemark>
	<Placemark id="015366A8C129FDA4C5F8">
		<name>rt67-sg-212-0301-248+277</name>
		<LookAt>
			<longitude>104.3119450786198</longitude>
			<latitude>17.75398146265793</latitude>
			<altitude>156.3001824434126</altitude>
			<heading>111.9952230940847</heading>
			<tilt>0</tilt>
			<gx:fovy>35</gx:fovy>
			<range>216.1805750268832</range>
			<altitudeMode>absolute</altitudeMode>
		</LookAt>
		<styleUrl>#__managed_style_0BED4BCA582A5431B33B</styleUrl>
		<Point>
			<coordinates>104.3121319737273,17.75393775915683,155.8304752205493</coordinates>
		</Point>
	</Placemark>
	<Placemark id="08AC87F31E29FDA52C4A">
		<name>rt68-sg-212-0301-248+323</name>
		<LookAt>
			<longitude>104.312344644235</longitude>
			<latitude>17.75388640293881</latitude>
			<altitude>154.7586154220851</altitude>
			<heading>111.9953449322026</heading>
			<tilt>0</tilt>
			<gx:fovy>35</gx:fovy>
			<range>217.7221635155001</range>
			<altitudeMode>absolute</altitudeMode>
		</LookAt>
		<styleUrl>#__managed_style_0BED4BCA582A5431B33B</styleUrl>
		<Point>
			<coordinates>104.3125479609382,17.75382080687714,154.8691435630617</coordinates>
		</Point>
	</Placemark>
	<Placemark id="01AFCB875D29FDA5AD63">
		<name>rt69-sg-212-0301-248+370</name>
		<LookAt>
			<longitude>104.3127784472878</longitude>
			<latitude>17.75378782254166</latitude>
			<altitude>154.7050254440875</altitude>
			<heading>111.9954772097968</heading>
			<tilt>0</tilt>
			<gx:fovy>35</gx:fovy>
			<range>217.7757501252199</range>
			<altitudeMode>absolute</altitudeMode>
		</LookAt>
		<styleUrl>#__managed_style_0BED4BCA582A5431B33B</styleUrl>
		<Point>
			<coordinates>104.312974307834,17.75370689012931,155.7665205113547</coordinates>
		</Point>
	</Placemark>
	<Placemark id="0AB84BC12029FDA6085D">
		<name>rt70-sg-212-0301-248+411</name>
		<LookAt>
			<longitude>104.3127784472878</longitude>
			<latitude>17.75378782254166</latitude>
			<altitude>154.7050254440875</altitude>
			<heading>111.9954772097968</heading>
			<tilt>0</tilt>
			<gx:fovy>35</gx:fovy>
			<range>217.7757501252199</range>
			<altitudeMode>absolute</altitudeMode>
		</LookAt>
		<styleUrl>#__managed_style_0BED4BCA582A5431B33B</styleUrl>
		<Point>
			<coordinates>104.3133524380155,17.75359976847232,154.4903165658387</coordinates>
		</Point>
	</Placemark>
	<Placemark id="0D29642C1C29FDA6885B">
		<name>rt71-sg-212-0301-248+464</name>
		<LookAt>
			<longitude>104.3133346064359</longitude>
			<latitude>17.7535962486047</latitude>
			<altitude>154.3365925252318</altitude>
			<heading>111.995646797092</heading>
			<tilt>0</tilt>
			<gx:fovy>35</gx:fovy>
			<range>218.1442275998415</range>
			<altitudeMode>absolute</altitudeMode>
		</LookAt>
		<styleUrl>#__managed_style_0BED4BCA582A5431B33B</styleUrl>
		<Point>
			<coordinates>104.3138416057154,17.7534840813234,154.4677315009776</coordinates>
		</Point>
	</Placemark>
	<Placemark id="0C4E0706B329FDA70D8F">
		<name>rt72-sg-212-0301-248+522</name>
		<LookAt>
			<longitude>104.3140835454483</longitude>
			<latitude>17.75336866036236</latitude>
			<altitude>155.0070363809359</altitude>
			<heading>111.995875164368</heading>
			<tilt>0</tilt>
			<gx:fovy>35</gx:fovy>
			<range>217.4737923607609</range>
			<altitudeMode>absolute</altitudeMode>
		</LookAt>
		<styleUrl>#__managed_style_0BED4BCA582A5431B33B</styleUrl>
		<Point>
			<coordinates>104.3143657960394,17.75334738165245,153.930525865859</coordinates>
		</Point>
	</Placemark>
	<Placemark id="00904E974B29FDA7D3AD">
		<name>rt73-sg-212-0301-248+557</name>
		<LookAt>
			<longitude>104.3146209593385</longitude>
			<latitude>17.75323330857642</latitude>
			<altitude>152.4128313975315</altitude>
			<heading>111.996033024574</heading>
			<tilt>0</tilt>
			<gx:fovy>35</gx:fovy>
			<range>119.0356306799004</range>
			<altitudeMode>absolute</altitudeMode>
		</LookAt>
		<styleUrl>#__managed_style_0BED4BCA582A5431B33B</styleUrl>
		<Point>
			<coordinates>104.3146790981576,17.75325846083981,152.1800650172788</coordinates>
		</Point>
	</Placemark>
	<Placemark id="06B09325C829FDB03D12">
		<name>rt74-sg-212-0301-248+604</name>
		<LookAt>
			<longitude>104.3148829498452</longitude>
			<latitude>17.75322772839949</latitude>
			<altitude>151.4659808879575</altitude>
			<heading>111.9960177486592</heading>
			<tilt>0</tilt>
			<gx:fovy>35</gx:fovy>
			<range>254.4101246076753</range>
			<altitudeMode>absolute</altitudeMode>
		</LookAt>
		<styleUrl>#__managed_style_0BED4BCA582A5431B33B</styleUrl>
		<Point>
			<coordinates>104.3151145620556,17.75316643056415,151.9904096349253</coordinates>
		</Point>
	</Placemark>
	<Placemark id="03EB46CA2E29FDB0E255">
		<name>rt75-sg-212-0301-248+651</name>
		<LookAt>
			<longitude>104.3152466695502</longitude>
			<latitude>17.75309433704647</latitude>
			<altitude>152.1037731308057</altitude>
			<heading>111.996128653255</heading>
			<tilt>0</tilt>
			<gx:fovy>35</gx:fovy>
			<range>253.7723697836918</range>
			<altitudeMode>absolute</altitudeMode>
		</LookAt>
		<styleUrl>#__managed_style_0BED4BCA582A5431B33B</styleUrl>
		<Point>
			<coordinates>104.3155481404379,17.75306494903161,152.2738438995359</coordinates>
		</Point>
	</Placemark>
	<Placemark id="069A13943F2A08358D28">
		<name>rt76-sg-212-0301-303+320</name>
		<Camera>
			<gx:ViewerOptions>
				<gx:option name="streetview"></gx:option>
				<gx:streetViewPanoId>R83LhlDo1l2wQp0m2xFOMA</gx:streetViewPanoId>
			</gx:ViewerOptions>
			<longitude>104.7246254665536</longitude>
			<latitude>17.47948828704132</latitude>
			<altitude>151.7449340815317</altitude>
			<heading>276.0843366342799</heading>
			<tilt>77.87940223283609</tilt>
			<roll>0</roll>
			<gx:fovy>15</gx:fovy>
			<altitudeMode>absolute</altitudeMode>
		</Camera>
		<styleUrl>#__managed_style_01B2C6E4B82A5431B346</styleUrl>
		<Point>
			<altitudeMode>relativeToGround</altitudeMode>
			<coordinates>104.7245879938155,17.47947456930159,0</coordinates>
		</Point>
	</Placemark>
	<Placemark id="0CCBA9233D2A08376C3A">
		<name>rt77-sg-212-0301-303+340</name>
		<Camera>
			<gx:ViewerOptions>
				<gx:option name="streetview"></gx:option>
				<gx:streetViewPanoId>_A_NBADJQ7qtAkmiU91VZA</gx:streetViewPanoId>
			</gx:ViewerOptions>
			<longitude>104.7246961327104</longitude>
			<latitude>17.4793146739732</latitude>
			<altitude>151.7309112548828</altitude>
			<heading>220.5034738730147</heading>
			<tilt>74.09841683138097</tilt>
			<roll>0</roll>
			<gx:fovy>15</gx:fovy>
			<altitudeMode>absolute</altitudeMode>
		</Camera>
		<styleUrl>#__managed_style_01B2C6E4B82A5431B346</styleUrl>
		<Point>
			<altitudeMode>relativeToGround</altitudeMode>
			<coordinates>104.724661680514,17.47930101671301,0</coordinates>
		</Point>
	</Placemark>
	<Placemark id="029ADABEDD2A0837C800">
		<name>rt78-sg-212-0301-303+373</name>
		<Camera>
			<gx:ViewerOptions>
				<gx:option name="streetview"></gx:option>
				<gx:streetViewPanoId>t_DGzflK0YkyKzgwY6ooOA</gx:streetViewPanoId>
			</gx:ViewerOptions>
			<longitude>104.7248031110091</longitude>
			<latitude>17.47904696344137</latitude>
			<altitude>151.7227325439453</altitude>
			<heading>237.1482588250793</heading>
			<tilt>67.6769860512634</tilt>
			<roll>0</roll>
			<gx:fovy>24.4936529854742</gx:fovy>
			<altitudeMode>absolute</altitudeMode>
		</Camera>
		<styleUrl>#__managed_style_01B2C6E4B82A5431B346</styleUrl>
		<Point>
			<altitudeMode>relativeToGround</altitudeMode>
			<coordinates>104.7247797306579,17.47903686156279,0</coordinates>
		</Point>
	</Placemark>
	<Placemark id="02A432997E2A083842D6">
		<name>rt79-sg-212-0301-303+406</name>
		<Camera>
			<gx:ViewerOptions>
				<gx:option name="streetview"></gx:option>
				<gx:streetViewPanoId>uYA9YHvmDuUgHL8ITSLwqg</gx:streetViewPanoId>
			</gx:ViewerOptions>
			<longitude>104.7249052833637</longitude>
			<latitude>17.47876544415557</latitude>
			<altitude>151.3729400634766</altitude>
			<heading>292.3532603925611</heading>
			<tilt>80.33107038240405</tilt>
			<roll>0</roll>
			<gx:fovy>15</gx:fovy>
			<altitudeMode>absolute</altitudeMode>
		</Camera>
		<styleUrl>#__managed_style_01B2C6E4B82A5431B346</styleUrl>
		<Point>
			<altitudeMode>relativeToGround</altitudeMode>
			<coordinates>104.7248926515051,17.47876114154283,0</coordinates>
		</Point>
	</Placemark>
	<Placemark id="09FA1C46242A0844BF1B">
		<name>rt80-sg-212-0301-303+441</name>
		<Camera>
			<gx:ViewerOptions>
				<gx:option name="streetview"></gx:option>
				<gx:streetViewPanoId>q4nKS675msbyCeClyFHWSw</gx:streetViewPanoId>
			</gx:ViewerOptions>
			<longitude>104.7250330879023</longitude>
			<latitude>17.47845805440517</latitude>
			<altitude>151.4865264892578</altitude>
			<heading>236.1836666487545</heading>
			<tilt>76.26369755236725</tilt>
			<roll>0</roll>
			<gx:fovy>15.8398288951486</gx:fovy>
			<altitudeMode>absolute</altitudeMode>
		</Camera>
		<styleUrl>#__managed_style_01B2C6E4B82A5431B346</styleUrl>
		<Point>
			<altitudeMode>relativeToGround</altitudeMode>
			<coordinates>104.7250330879023,17.47845805440517,0</coordinates>
		</Point>
	</Placemark>
	<Placemark id="0326FDBF5E2A08453FC0">
		<name>rt81-sg-212-0301-303+469</name>
		<Camera>
			<gx:ViewerOptions>
				<gx:option name="streetview"></gx:option>
				<gx:streetViewPanoId>ou_uZMM85JhV_wVcM154_w</gx:streetViewPanoId>
			</gx:ViewerOptions>
			<longitude>104.7251266273635</longitude>
			<latitude>17.47822172342484</latitude>
			<altitude>151.6069183355597</altitude>
			<heading>224.2891908379455</heading>
			<tilt>87.22604902756993</tilt>
			<roll>0</roll>
			<gx:fovy>15</gx:fovy>
			<altitudeMode>absolute</altitudeMode>
		</Camera>
		<styleUrl>#__managed_style_01B2C6E4B82A5431B346</styleUrl>
		<Point>
			<altitudeMode>relativeToGround</altitudeMode>
			<coordinates>104.7251266273635,17.47822172342484,0</coordinates>
		</Point>
	</Placemark>
	<Placemark id="05A28068362A0845A7EF">
		<name>rt82-sg-212-0301-303+514</name>
		<Camera>
			<gx:ViewerOptions>
				<gx:option name="streetview"></gx:option>
				<gx:streetViewPanoId>IRTkKlhLSeWBNq1MDzx1EA</gx:streetViewPanoId>
			</gx:ViewerOptions>
			<longitude>104.7252716091905</longitude>
			<latitude>17.47785292486696</latitude>
			<altitude>151.5951538082558</altitude>
			<heading>255.9604814262754</heading>
			<tilt>79.17812707031801</tilt>
			<roll>0</roll>
			<gx:fovy>15</gx:fovy>
			<altitudeMode>absolute</altitudeMode>
		</Camera>
		<styleUrl>#__managed_style_01B2C6E4B82A5431B346</styleUrl>
		<Point>
			<altitudeMode>relativeToGround</altitudeMode>
			<coordinates>104.7252716091905,17.47785292486696,0</coordinates>
		</Point>
	</Placemark>
	<Placemark id="0E97709ACC2A0846808F">
		<name>rt83-sg-212-0301-303+599</name>
		<Camera>
			<gx:ViewerOptions>
				<gx:option name="streetview"></gx:option>
				<gx:streetViewPanoId>ecOUtxVlJ9quYcXn3bPhuQ</gx:streetViewPanoId>
			</gx:ViewerOptions>
			<longitude>104.7255406580857</longitude>
			<latitude>17.47718291829878</latitude>
			<altitude>151.4159545903505</altitude>
			<heading>215.5207146102547</heading>
			<tilt>77.74977920353254</tilt>
			<roll>0</roll>
			<gx:fovy>15</gx:fovy>
			<altitudeMode>absolute</altitudeMode>
		</Camera>
		<styleUrl>#__managed_style_01B2C6E4B82A5431B346</styleUrl>
		<Point>
			<altitudeMode>relativeToGround</altitudeMode>
			<coordinates>104.7255406580857,17.47718291829878,0</coordinates>
		</Point>
	</Placemark>
	<Placemark id="0B44BEF26C2A08472173">
		<name>rt84-sg-212-0301-303+672</name>
		<Camera>
			<gx:ViewerOptions>
				<gx:option name="streetview"></gx:option>
				<gx:streetViewPanoId>rgAooxoWkNeGE-ZiDZBkvQ</gx:streetViewPanoId>
			</gx:ViewerOptions>
			<longitude>104.7257834521983</longitude>
			<latitude>17.4765735988571</latitude>
			<altitude>151.3457183837891</altitude>
			<heading>220.8152767782325</heading>
			<tilt>79.15775406859076</tilt>
			<roll>0</roll>
			<gx:fovy>15</gx:fovy>
			<altitudeMode>absolute</altitudeMode>
		</Camera>
		<styleUrl>#__managed_style_01B2C6E4B82A5431B346</styleUrl>
		<Point>
			<altitudeMode>relativeToGround</altitudeMode>
			<coordinates>104.7257834521983,17.4765735988571,0</coordinates>
		</Point>
	</Placemark>
	<Placemark id="0E314EA28C2A0847B484">
		<name>rt85-sg-212-0301-303+749</name>
		<Camera>
			<gx:ViewerOptions>
				<gx:option name="streetview"></gx:option>
				<gx:streetViewPanoId>si8twnEHmdscBnQaIAWc1w</gx:streetViewPanoId>
			</gx:ViewerOptions>
			<longitude>104.7260461829142</longitude>
			<latitude>17.47590486520057</latitude>
			<altitude>151.3967132572326</altitude>
			<heading>283.5811384409232</heading>
			<tilt>75.52905406261659</tilt>
			<roll>0</roll>
			<gx:fovy>15</gx:fovy>
			<altitudeMode>absolute</altitudeMode>
		</Camera>
		<styleUrl>#__managed_style_01B2C6E4B82A5431B346</styleUrl>
		<Point>
			<altitudeMode>relativeToGround</altitudeMode>
			<coordinates>104.7260294265919,17.47589893796819,0</coordinates>
		</Point>
	</Placemark>
	<Placemark id="08F2F8677A2A08482D11">
		<name>rt86-sg-212-0301-303+819</name>
		<Camera>
			<gx:ViewerOptions>
				<gx:option name="streetview"></gx:option>
				<gx:streetViewPanoId>laOpGydG0PxER_-c50UEbw</gx:streetViewPanoId>
			</gx:ViewerOptions>
			<longitude>104.7262813237242</longitude>
			<latitude>17.47532446806344</latitude>
			<altitude>151.4532623274322</altitude>
			<heading>253.7881585918385</heading>
			<tilt>84.24544546943464</tilt>
			<roll>0</roll>
			<gx:fovy>15</gx:fovy>
			<altitudeMode>absolute</altitudeMode>
		</Camera>
		<styleUrl>#__managed_style_01B2C6E4B82A5431B346</styleUrl>
		<Point>
			<altitudeMode>relativeToGround</altitudeMode>
			<coordinates>104.7262238103828,17.47530323762081,0</coordinates>
		</Point>
	</Placemark>
	<Placemark id="0957400EC32A0C68AC16">
		<name>rt87-sg-212-0301-304+403</name>
		<Camera>
			<gx:ViewerOptions>
				<gx:option name="streetview"></gx:option>
				<gx:streetViewPanoId>_ECr9hcjBuop6rC3_QEg9g</gx:streetViewPanoId>
			</gx:ViewerOptions>
			<longitude>104.7302721859983</longitude>
			<latitude>17.47216611774761</latitude>
			<altitude>149.638697741263</altitude>
			<heading>167.5590669706197</heading>
			<tilt>84.779437756584</tilt>
			<roll>0</roll>
			<gx:fovy>15</gx:fovy>
			<altitudeMode>absolute</altitudeMode>
		</Camera>
		<styleUrl>#__managed_style_01B2C6E4B82A5431B346</styleUrl>
		<Point>
			<altitudeMode>relativeToGround</altitudeMode>
			<coordinates>104.7302469212807,17.47210042518002,0</coordinates>
		</Point>
	</Placemark>
	<Placemark id="059595278C2A0C6916CD">
		<name>rt88-sg-212-0301-304+438</name>
		<Camera>
			<gx:ViewerOptions>
				<gx:option name="streetview"></gx:option>
				<gx:streetViewPanoId>DZl5gU6_LblEhI4_6YmD4A</gx:streetViewPanoId>
			</gx:ViewerOptions>
			<longitude>104.7306427967259</longitude>
			<latitude>17.47200715854873</latitude>
			<altitude>149.6128845217894</altitude>
			<heading>214.5640830462002</heading>
			<tilt>78.01739628856387</tilt>
			<roll>0</roll>
			<gx:fovy>15</gx:fovy>
			<altitudeMode>absolute</altitudeMode>
		</Camera>
		<styleUrl>#__managed_style_01B2C6E4B82A5431B346</styleUrl>
		<Point>
			<altitudeMode>relativeToGround</altitudeMode>
			<coordinates>104.7305768518728,17.47199142200285,0</coordinates>
		</Point>
	</Placemark>
	<Placemark id="0738B8CDC72A0C69B753">
		<name>rt89-sg-212-0301-304+508</name>
		<Camera>
			<gx:ViewerOptions>
				<gx:option name="streetview"></gx:option>
				<gx:streetViewPanoId>KRRiJe4QbjHDou3biL2Zlg</gx:streetViewPanoId>
			</gx:ViewerOptions>
			<longitude>104.7311818037319</longitude>
			<latitude>17.4717870232659</latitude>
			<altitude>149.8449554441144</altitude>
			<heading>157.1030127974359</heading>
			<tilt>79.87470949242605</tilt>
			<roll>0</roll>
			<gx:fovy>15</gx:fovy>
			<altitudeMode>absolute</altitudeMode>
		</Camera>
		<styleUrl>#__managed_style_01B2C6E4B82A5431B346</styleUrl>
		<Point>
			<altitudeMode>relativeToGround</altitudeMode>
			<coordinates>104.7311713412018,17.47176112792124,0</coordinates>
		</Point>
	</Placemark>
	<Placemark id="09A59C87542A0C6B0E4D">
		<name>rt90-sg-212-0301-304+548</name>
		<Camera>
			<gx:ViewerOptions>
				<gx:option name="streetview"></gx:option>
				<gx:streetViewPanoId>3UtVvvIehnQOklsd-DNLEg</gx:streetViewPanoId>
			</gx:ViewerOptions>
			<longitude>104.7315244693347</longitude>
			<latitude>17.471614589148</latitude>
			<altitude>149.6990509033203</altitude>
			<heading>213.1751244150522</heading>
			<tilt>76.50438527354098</tilt>
			<roll>0</roll>
			<gx:fovy>26.00827618840109</gx:fovy>
			<altitudeMode>absolute</altitudeMode>
		</Camera>
		<styleUrl>#__managed_style_01B2C6E4B82A5431B346</styleUrl>
		<Point>
			<altitudeMode>relativeToGround</altitudeMode>
			<coordinates>104.7315151793386,17.47160109764907,0</coordinates>
		</Point>
	</Placemark>
	<Placemark id="0A0B4544822A0C6B8296">
		<name>rt91-sg-212-0301-304+588</name>
		<Camera>
			<gx:ViewerOptions>
				<gx:option name="streetview"></gx:option>
				<gx:streetViewPanoId>JTFn8OipbdEm6JMn7ofjQg</gx:streetViewPanoId>
			</gx:ViewerOptions>
			<longitude>104.731788722886</longitude>
			<latitude>17.47134851547491</latitude>
			<altitude>150.3739166259766</altitude>
			<heading>232.2219344409225</heading>
			<tilt>64.01960744485696</tilt>
			<roll>0</roll>
			<gx:fovy>15</gx:fovy>
			<altitudeMode>absolute</altitudeMode>
		</Camera>
		<styleUrl>#__managed_style_01B2C6E4B82A5431B346</styleUrl>
		<Point>
			<altitudeMode>relativeToGround</altitudeMode>
			<coordinates>104.7317708826371,17.47133609967268,0</coordinates>
		</Point>
	</Placemark>
	<Placemark id="0A46EB332E2A0C6BF416">
		<name>rt92-sg-212-0301+304+618</name>
		<Camera>
			<gx:ViewerOptions>
				<gx:option name="streetview"></gx:option>
				<gx:streetViewPanoId>waGeLP6zzgL8R1Dp9KhR6A</gx:streetViewPanoId>
			</gx:ViewerOptions>
			<longitude>104.7319580981683</longitude>
			<latitude>17.47112725646281</latitude>
			<altitude>150.7181854243779</altitude>
			<heading>229.2070693331077</heading>
			<tilt>69.77922826387565</tilt>
			<roll>0</roll>
			<gx:fovy>15</gx:fovy>
			<altitudeMode>absolute</altitudeMode>
		</Camera>
		<styleUrl>#__managed_style_01B2C6E4B82A5431B346</styleUrl>
		<Point>
			<altitudeMode>relativeToGround</altitudeMode>
			<coordinates>104.7319334218143,17.47110638618077,0</coordinates>
		</Point>
	</Placemark>
	<Placemark id="03AE6B088A2A0C6C75A8">
		<name>rt93-sg-212-0301-304+648</name>
		<Camera>
			<gx:ViewerOptions>
				<gx:option name="streetview"></gx:option>
				<gx:streetViewPanoId>zhWfBMtdWb_HDF6ilmlxAA</gx:streetViewPanoId>
			</gx:ViewerOptions>
			<longitude>104.7321178611508</longitude>
			<latitude>17.47090038456243</latitude>
			<altitude>150.7679901116547</altitude>
			<heading>197.2101751413519</heading>
			<tilt>74.83219597421932</tilt>
			<roll>0</roll>
			<gx:fovy>15</gx:fovy>
			<altitudeMode>absolute</altitudeMode>
		</Camera>
		<styleUrl>#__managed_style_01B2C6E4B82A5431B346</styleUrl>
		<Point>
			<altitudeMode>relativeToGround</altitudeMode>
			<coordinates>104.732094663475,17.47088098912751,0</coordinates>
		</Point>
	</Placemark>
	<Placemark id="0D99EF21FF2A0C6CEA3D">
		<name>rt94-sg-212-0301-304+688</name>
		<Camera>
			<gx:ViewerOptions>
				<gx:option name="streetview"></gx:option>
				<gx:streetViewPanoId>z2-4o4OOFjarhDuJbIL9Xg</gx:streetViewPanoId>
			</gx:ViewerOptions>
			<longitude>104.7323285349292</longitude>
			<latitude>17.47059935652184</latitude>
			<altitude>150.7661743170686</altitude>
			<heading>233.9906293979971</heading>
			<tilt>69.88149247508787</tilt>
			<roll>0</roll>
			<gx:fovy>15</gx:fovy>
			<altitudeMode>absolute</altitudeMode>
		</Camera>
		<styleUrl>#__managed_style_01B2C6E4B82A5431B346</styleUrl>
		<Point>
			<altitudeMode>relativeToGround</altitudeMode>
			<coordinates>104.7323070320632,17.47058249881098,0</coordinates>
		</Point>
	</Placemark>
	<Placemark id="031A8E47252A0C6D6D05">
		<name>rt95-sg-212-0301-304+718</name>
		<Camera>
			<gx:ViewerOptions>
				<gx:option name="streetview"></gx:option>
				<gx:streetViewPanoId>1B3KYK3xHFNUbV4-V7_UtQ</gx:streetViewPanoId>
			</gx:ViewerOptions>
			<longitude>104.7324878532709</longitude>
			<latitude>17.47037260685371</latitude>
			<altitude>150.7206573484524</altitude>
			<heading>208.2970592583198</heading>
			<tilt>70.46743477870378</tilt>
			<roll>0</roll>
			<gx:fovy>15</gx:fovy>
			<altitudeMode>absolute</altitudeMode>
		</Camera>
		<styleUrl>#__managed_style_01B2C6E4B82A5431B346</styleUrl>
		<Point>
			<altitudeMode>relativeToGround</altitudeMode>
			<coordinates>104.7324625642044,17.47035316138218,0</coordinates>
		</Point>
	</Placemark>
	<Placemark id="0FE1E2AA922A0C6DE798">
		<name>rt96-sg-212-0301-304+762</name>
		<Camera>
			<gx:ViewerOptions>
				<gx:option name="streetview"></gx:option>
				<gx:streetViewPanoId>BqPKqwOOz4xzpMb250Rd4Q</gx:streetViewPanoId>
			</gx:ViewerOptions>
			<longitude>104.7327010196888</longitude>
			<latitude>17.47006690341837</latitude>
			<altitude>150.7234497073649</altitude>
			<heading>231.3303055329317</heading>
			<tilt>74.98458797971496</tilt>
			<roll>0</roll>
			<gx:fovy>15</gx:fovy>
			<altitudeMode>absolute</altitudeMode>
		</Camera>
		<styleUrl>#__managed_style_01B2C6E4B82A5431B346</styleUrl>
		<Point>
			<altitudeMode>relativeToGround</altitudeMode>
			<coordinates>104.7326771801454,17.47004374635533,0</coordinates>
		</Point>
	</Placemark>
	<Placemark id="094E5925AC2A0C6E618A">
		<name>rt97-sg-212-0301-304+792</name>
		<Camera>
			<gx:ViewerOptions>
				<gx:option name="streetview"></gx:option>
				<gx:streetViewPanoId>pbtZRA05AoG1BwaImqGlPA</gx:streetViewPanoId>
			</gx:ViewerOptions>
			<longitude>104.7328648776653</longitude>
			<latitude>17.46983743630457</latitude>
			<altitude>150.7702484139185</altitude>
			<heading>204.2580138107485</heading>
			<tilt>76.85627479163341</tilt>
			<roll>0</roll>
			<gx:fovy>15</gx:fovy>
			<altitudeMode>absolute</altitudeMode>
		</Camera>
		<styleUrl>#__managed_style_01B2C6E4B82A5431B346</styleUrl>
		<Point>
			<altitudeMode>relativeToGround</altitudeMode>
			<coordinates>104.7328330472972,17.46981812830469,0</coordinates>
		</Point>
	</Placemark>
	<Placemark id="06B4891E062A0C6EF7C4">
		<name>rt98-sg-212-0301-304+855</name>
		<Camera>
			<gx:ViewerOptions>
				<gx:option name="streetview"></gx:option>
				<gx:streetViewPanoId>qvjrTZX220qIDbKX1otqCQ</gx:streetViewPanoId>
			</gx:ViewerOptions>
			<longitude>104.7331936622007</longitude>
			<latitude>17.46937428597777</latitude>
			<altitude>150.8692626968183</altitude>
			<heading>202.0348644690923</heading>
			<tilt>86.27176993530419</tilt>
			<roll>0</roll>
			<gx:fovy>15</gx:fovy>
			<altitudeMode>absolute</altitudeMode>
		</Camera>
		<styleUrl>#__managed_style_01B2C6E4B82A5431B346</styleUrl>
		<Point>
			<altitudeMode>relativeToGround</altitudeMode>
			<coordinates>104.7331468226302,17.46934402042799,0</coordinates>
		</Point>
	</Placemark>
	<Placemark id="09BAAC10822A0CE99B09">
		<name>rt99-sg-212-0301-304+930</name>
		<Camera>
			<gx:ViewerOptions>
				<gx:option name="streetview"></gx:option>
				<gx:streetViewPanoId>qeAARP07FuEwAUvREx_lbg</gx:streetViewPanoId>
			</gx:ViewerOptions>
			<longitude>104.7335657930232</longitude>
			<latitude>17.46881950834609</latitude>
			<altitude>150.7229461675115</altitude>
			<heading>269.1869552306693</heading>
			<tilt>76.92101465550316</tilt>
			<roll>0</roll>
			<gx:fovy>15</gx:fovy>
			<altitudeMode>absolute</altitudeMode>
		</Camera>
		<styleUrl>#__managed_style_01B2C6E4B82A5431B346</styleUrl>
		<Point>
			<altitudeMode>relativeToGround</altitudeMode>
			<coordinates>104.7335061036052,17.46883659899147,0</coordinates>
		</Point>
	</Placemark>
	<Placemark id="09F8A3A05E2A0CF56FE0">
		<name>rt100-sg-212-0301-305+033</name>
		<Camera>
			<gx:ViewerOptions>
				<gx:option name="streetview"></gx:option>
				<gx:streetViewPanoId>sBtqlgnvVfF_jxUarAzLjA</gx:streetViewPanoId>
			</gx:ViewerOptions>
			<longitude>104.7340417942421</longitude>
			<latitude>17.46815182459365</latitude>
			<altitude>151.0381164551796</altitude>
			<heading>262.0593439781955</heading>
			<tilt>71.87560335236448</tilt>
			<roll>0</roll>
			<gx:fovy>15</gx:fovy>
			<altitudeMode>absolute</altitudeMode>
		</Camera>
		<styleUrl>#__managed_style_01B2C6E4B82A5431B346</styleUrl>
		<Point>
			<altitudeMode>relativeToGround</altitudeMode>
			<coordinates>104.7340249082083,17.46813876739517,0</coordinates>
		</Point>
	</Placemark>
	<Placemark id="0F438C76442A0CF5E4E9">
		<name>rt101-sg-212-0301-305+092</name>
		<Camera>
			<gx:ViewerOptions>
				<gx:option name="streetview"></gx:option>
				<gx:streetViewPanoId>jZnzkCctC5UoxXV1zM6yvw</gx:streetViewPanoId>
			</gx:ViewerOptions>
			<longitude>104.7343760996391</longitude>
			<latitude>17.46767620572068</latitude>
			<altitude>151.4107513427734</altitude>
			<heading>240.4856591350432</heading>
			<tilt>75.39441468166493</tilt>
			<roll>0</roll>
			<gx:fovy>16.70917055363286</gx:fovy>
			<altitudeMode>absolute</altitudeMode>
		</Camera>
		<styleUrl>#__managed_style_01B2C6E4B82A5431B346</styleUrl>
		<Point>
			<altitudeMode>relativeToGround</altitudeMode>
			<coordinates>104.7343627399674,17.46766611616945,0</coordinates>
		</Point>
	</Placemark>
	<Placemark id="0C918AE3342A0CF67310">
		<name>rt102-sg-212-0301-305+192</name>
		<Camera>
			<gx:ViewerOptions>
				<gx:option name="streetview"></gx:option>
				<gx:streetViewPanoId>tgYcYN7b1mpVXlhbgljzqg</gx:streetViewPanoId>
			</gx:ViewerOptions>
			<longitude>104.7349100463126</longitude>
			<latitude>17.46692055243967</latitude>
			<altitude>151.2611083989153</altitude>
			<heading>211.4810971075704</heading>
			<tilt>76.38858594118274</tilt>
			<roll>0</roll>
			<gx:fovy>15</gx:fovy>
			<altitudeMode>absolute</altitudeMode>
		</Camera>
		<styleUrl>#__managed_style_01B2C6E4B82A5431B346</styleUrl>
		<Point>
			<altitudeMode>relativeToGround</altitudeMode>
			<coordinates>104.7348901432806,17.4669103784629,0</coordinates>
		</Point>
	</Placemark>
	<Placemark id="0A8106168E2A0CF8D47C">
		<name>rt103-sg-212-0301-305+232</name>
		<Camera>
			<gx:ViewerOptions>
				<gx:option name="streetview"></gx:option>
				<gx:streetViewPanoId>SnKPGucWsDjQddABJiGn_w</gx:streetViewPanoId>
			</gx:ViewerOptions>
			<longitude>104.7351081740187</longitude>
			<latitude>17.4666378147294</latitude>
			<altitude>151.1468963629523</altitude>
			<heading>237.384520071333</heading>
			<tilt>72.59026519487109</tilt>
			<roll>0</roll>
			<gx:fovy>15</gx:fovy>
			<altitudeMode>absolute</altitudeMode>
		</Camera>
		<styleUrl>#__managed_style_01B2C6E4B82A5431B346</styleUrl>
		<Point>
			<altitudeMode>relativeToGround</altitudeMode>
			<coordinates>104.7350874530186,17.46662219337444,0</coordinates>
		</Point>
	</Placemark>
	<Placemark id="0F82F708862A0CF946B8">
		<name>rt104-sg-212-0301-305+257</name>
		<Camera>
			<gx:ViewerOptions>
				<gx:option name="streetview"></gx:option>
				<gx:streetViewPanoId>9TTTpaodeDU8-hIlGNXajw</gx:streetViewPanoId>
			</gx:ViewerOptions>
			<longitude>104.7352403483033</longitude>
			<latitude>17.46644787896691</latitude>
			<altitude>151.1583862306111</altitude>
			<heading>199.2539791793157</heading>
			<tilt>76.72976691368407</tilt>
			<roll>0</roll>
			<gx:fovy>15</gx:fovy>
			<altitudeMode>absolute</altitudeMode>
		</Camera>
		<styleUrl>#__managed_style_01B2C6E4B82A5431B346</styleUrl>
		<Point>
			<altitudeMode>relativeToGround</altitudeMode>
			<coordinates>104.7352237929354,17.46643570600629,0</coordinates>
		</Point>
	</Placemark>
	<Placemark id="018A1314772A0CF9B70E">
		<name>rt105-sg-212-0301-305+289</name>
		<Camera>
			<gx:ViewerOptions>
				<gx:option name="streetview"></gx:option>
				<gx:streetViewPanoId>SP7yTqMru4a76SFFSLZcMg</gx:streetViewPanoId>
			</gx:ViewerOptions>
			<longitude>104.7354426597334</longitude>
			<latitude>17.46615655400743</latitude>
			<altitude>151.1547698970071</altitude>
			<heading>190.4340043696256</heading>
			<tilt>77.79212611842956</tilt>
			<roll>0</roll>
			<gx:fovy>15</gx:fovy>
			<altitudeMode>absolute</altitudeMode>
		</Camera>
		<styleUrl>#__managed_style_01B2C6E4B82A5431B346</styleUrl>
		<Point>
			<altitudeMode>relativeToGround</altitudeMode>
			<coordinates>104.7354184325823,17.46614241645193,0</coordinates>
		</Point>
	</Placemark>
	<Placemark id="005CCAEA712A0CFA0D07">
		<name>rt106-sg-212-0301-305+329</name>
		<Camera>
			<gx:ViewerOptions>
				<gx:option name="streetview"></gx:option>
				<gx:streetViewPanoId>IMaHtotIihiuIShIupTf8w</gx:streetViewPanoId>
			</gx:ViewerOptions>
			<longitude>104.7356468405653</longitude>
			<latitude>17.46586139234877</latitude>
			<altitude>151.1436614990234</altitude>
			<heading>211.1272625976354</heading>
			<tilt>84.38509318954698</tilt>
			<roll>0</roll>
			<gx:fovy>60.00000873221622</gx:fovy>
			<altitudeMode>absolute</altitudeMode>
		</Camera>
		<styleUrl>#__managed_style_01B2C6E4B82A5431B346</styleUrl>
		<Point>
			<altitudeMode>relativeToGround</altitudeMode>
			<coordinates>104.7356215887479,17.46584223916209,0</coordinates>
		</Point>
	</Placemark>
	<Placemark id="02FC8C48302A0CFA74A2">
		<name>rt107-sg-212-0301-305+369</name>
		<Camera>
			<gx:ViewerOptions>
				<gx:option name="streetview"></gx:option>
				<gx:streetViewPanoId>UzKhkSWGSl_ElTMDG1mJqw</gx:streetViewPanoId>
			</gx:ViewerOptions>
			<longitude>104.7358555610054</longitude>
			<latitude>17.46556571337498</latitude>
			<altitude>151.0530548095703</altitude>
			<heading>267.6157158996708</heading>
			<tilt>76.00305072604534</tilt>
			<roll>0</roll>
			<gx:fovy>15</gx:fovy>
			<altitudeMode>absolute</altitudeMode>
		</Camera>
		<styleUrl>#__managed_style_01B2C6E4B82A5431B346</styleUrl>
		<Point>
			<altitudeMode>relativeToGround</altitudeMode>
			<coordinates>104.7358295870238,17.46554484260959,0</coordinates>
		</Point>
	</Placemark>
	<Placemark id="00518B63FB2A0CFC3831">
		<name>rt108-sg-212-0301-305+399</name>
		<Camera>
			<gx:ViewerOptions>
				<gx:option name="streetview"></gx:option>
				<gx:streetViewPanoId>77Vu89M16NuzAQ8d4U5W0w</gx:streetViewPanoId>
			</gx:ViewerOptions>
			<longitude>104.7360258308098</longitude>
			<latitude>17.46532987310174</latitude>
			<altitude>150.9737243652344</altitude>
			<heading>233.3688611921883</heading>
			<tilt>90.08055603616965</tilt>
			<roll>0</roll>
			<gx:fovy>59.99999999997841</gx:fovy>
			<altitudeMode>absolute</altitudeMode>
		</Camera>
		<styleUrl>#__managed_style_01B2C6E4B82A5431B346</styleUrl>
		<Point>
			<altitudeMode>relativeToGround</altitudeMode>
			<coordinates>104.7360025940024,17.46531525882579,0</coordinates>
		</Point>
	</Placemark>
	<Placemark id="01F71D12D22A0CFCA20D">
		<name>rt109-sg-212-0301-305+444</name>
		<Camera>
			<gx:ViewerOptions>
				<gx:option name="streetview"></gx:option>
				<gx:streetViewPanoId>LTuATY2kV_IYzwfKXX91sw</gx:streetViewPanoId>
			</gx:ViewerOptions>
			<longitude>104.7362822594469</longitude>
			<latitude>17.46496565100644</latitude>
			<altitude>150.9175262451172</altitude>
			<heading>256.3162938461741</heading>
			<tilt>74.75626174537966</tilt>
			<roll>0</roll>
			<gx:fovy>15</gx:fovy>
			<altitudeMode>absolute</altitudeMode>
		</Camera>
		<styleUrl>#__managed_style_01B2C6E4B82A5431B346</styleUrl>
		<Point>
			<altitudeMode>relativeToGround</altitudeMode>
			<coordinates>104.7362628276619,17.46495294269404,0</coordinates>
		</Point>
	</Placemark>
	<Placemark id="06FD94B3D62A0CFCFE9A">
		<name>rt110-sg-212-0301-305+471</name>
		<Camera>
			<gx:ViewerOptions>
				<gx:option name="streetview"></gx:option>
				<gx:streetViewPanoId>-Tg5-gG7gmRfKFR2DKZgJA</gx:streetViewPanoId>
			</gx:ViewerOptions>
			<longitude>104.7364237804665</longitude>
			<latitude>17.46476471619467</latitude>
			<altitude>150.8975982666016</altitude>
			<heading>245.3179205797675</heading>
			<tilt>76.91626589926075</tilt>
			<roll>0</roll>
			<gx:fovy>15.38015021478547</gx:fovy>
			<altitudeMode>absolute</altitudeMode>
		</Camera>
		<styleUrl>#__managed_style_01B2C6E4B82A5431B346</styleUrl>
		<Point>
			<altitudeMode>relativeToGround</altitudeMode>
			<coordinates>104.7364074396381,17.46475422440192,0</coordinates>
		</Point>
	</Placemark>
	<Placemark id="00F36D42E92A0CFD7B79">
		<name>rt111-sg-212-0301-305+496</name>
		<Camera>
			<gx:ViewerOptions>
				<gx:option name="streetview"></gx:option>
				<gx:streetViewPanoId>bjT18IATdC7BRq7SGRgLpw</gx:streetViewPanoId>
			</gx:ViewerOptions>
			<longitude>104.7365642335309</longitude>
			<latitude>17.46456430209932</latitude>
			<altitude>150.8804779048319</altitude>
			<heading>202.0263848426117</heading>
			<tilt>75.58883293868064</tilt>
			<roll>0</roll>
			<gx:fovy>15</gx:fovy>
			<altitudeMode>absolute</altitudeMode>
		</Camera>
		<styleUrl>#__managed_style_01B2C6E4B82A5431B346</styleUrl>
		<Point>
			<altitudeMode>relativeToGround</altitudeMode>
			<coordinates>104.736540853338,17.46455243986404,0</coordinates>
		</Point>
	</Placemark>
	<Placemark id="00069DE9FE2A0CFE1116">
		<name>rt112-sg-212-0301-305+536</name>
		<Camera>
			<gx:ViewerOptions>
				<gx:option name="streetview"></gx:option>
				<gx:streetViewPanoId>uhKQmPoyL320fUPG0ftjAg</gx:streetViewPanoId>
			</gx:ViewerOptions>
			<longitude>104.7367857722422</longitude>
			<latitude>17.4642622916664</latitude>
			<altitude>150.9550933832394</altitude>
			<heading>272.7902129704725</heading>
			<tilt>77.78360317831404</tilt>
			<roll>0</roll>
			<gx:fovy>15</gx:fovy>
			<altitudeMode>absolute</altitudeMode>
		</Camera>
		<styleUrl>#__managed_style_01B2C6E4B82A5431B346</styleUrl>
		<Point>
			<altitudeMode>relativeToGround</altitudeMode>
			<coordinates>104.7367538528662,17.4642452372266,0</coordinates>
		</Point>
	</Placemark>
	<Placemark id="0FF1F15F0D2A0CFE7374">
		<name>rt113-sg-212-0301-305+566</name>
		<Camera>
			<gx:ViewerOptions>
				<gx:option name="streetview"></gx:option>
				<gx:streetViewPanoId>3FmMDR5yvxFaP6IgSaedhQ</gx:streetViewPanoId>
			</gx:ViewerOptions>
			<longitude>104.7369400217613</longitude>
			<latitude>17.46405934315216</latitude>
			<altitude>151.0133666992188</altitude>
			<heading>247.5858954409196</heading>
			<tilt>77.27545732109671</tilt>
			<roll>0</roll>
			<gx:fovy>15</gx:fovy>
			<altitudeMode>absolute</altitudeMode>
		</Camera>
		<styleUrl>#__managed_style_01B2C6E4B82A5431B346</styleUrl>
		<Point>
			<altitudeMode>relativeToGround</altitudeMode>
			<coordinates>104.7368923054326,17.46403077954674,0</coordinates>
		</Point>
	</Placemark>
	<Placemark id="0CED8763EF2A0CFEE89B">
		<name>rt114-sg-212-0301-305+622</name>
		<Camera>
			<gx:ViewerOptions>
				<gx:option name="streetview"></gx:option>
				<gx:streetViewPanoId>Ufx1vjwXRHXWq_9ZEdqPWQ</gx:streetViewPanoId>
			</gx:ViewerOptions>
			<longitude>104.7372470081342</longitude>
			<latitude>17.46364167948321</latitude>
			<altitude>151.086181640625</altitude>
			<heading>218.8784884052429</heading>
			<tilt>88.33455520507411</tilt>
			<roll>0</roll>
			<gx:fovy>18.68049195388917</gx:fovy>
			<altitudeMode>absolute</altitudeMode>
		</Camera>
		<styleUrl>#__managed_style_01B2C6E4B82A5431B346</styleUrl>
		<Point>
			<altitudeMode>relativeToGround</altitudeMode>
			<coordinates>104.7372012054541,17.46361898533315,0</coordinates>
		</Point>
	</Placemark>
	<Placemark id="011C61A8412A0CFF7364">
		<name>rt115-sg-212-0301-305+691</name>
		<Camera>
			<gx:ViewerOptions>
				<gx:option name="streetview"></gx:option>
				<gx:streetViewPanoId>cPF3q9UbpLJeyRRwarDG6w</gx:streetViewPanoId>
			</gx:ViewerOptions>
			<longitude>104.7375773151149</longitude>
			<latitude>17.46310371226654</latitude>
			<altitude>150.9303588869261</altitude>
			<heading>243.4510894186384</heading>
			<tilt>81.30424378716368</tilt>
			<roll>0</roll>
			<gx:fovy>15</gx:fovy>
			<altitudeMode>absolute</altitudeMode>
		</Camera>
		<styleUrl>#__managed_style_01B2C6E4B82A5431B346</styleUrl>
		<Point>
			<altitudeMode>relativeToGround</altitudeMode>
			<coordinates>104.7375449363124,17.46309329724977,0</coordinates>
		</Point>
	</Placemark>
	<Placemark id="08F46314A92A0CFFF931">
		<name>rt116-sg-212-0301-305+762</name>
		<Camera>
			<gx:ViewerOptions>
				<gx:option name="streetview"></gx:option>
				<gx:streetViewPanoId>ty4NTRtYjEIm4lnhE1nDhg</gx:streetViewPanoId>
			</gx:ViewerOptions>
			<longitude>104.7379165235834</longitude>
			<latitude>17.46259209533861</latitude>
			<altitude>151.0271148661474</altitude>
			<heading>261.1205571518456</heading>
			<tilt>77.07217603791047</tilt>
			<roll>0</roll>
			<gx:fovy>15</gx:fovy>
			<altitudeMode>absolute</altitudeMode>
		</Camera>
		<styleUrl>#__managed_style_01B2C6E4B82A5431B346</styleUrl>
		<Point>
			<altitudeMode>relativeToGround</altitudeMode>
			<coordinates>104.7379040333537,17.46258229550943,0</coordinates>
		</Point>
	</Placemark>
	<Placemark id="088A9F914D2A0D0068A6">
		<name>rt117-sg-212-0301-305+825</name>
		<Camera>
			<gx:ViewerOptions>
				<gx:option name="streetview"></gx:option>
				<gx:streetViewPanoId>SmyKV2lSTLVEh09w7JFccA</gx:streetViewPanoId>
			</gx:ViewerOptions>
			<longitude>104.7382487901698</longitude>
			<latitude>17.46209913255445</latitude>
			<altitude>151.0666198730469</altitude>
			<heading>217.2486999932853</heading>
			<tilt>77.28979678662431</tilt>
			<roll>0</roll>
			<gx:fovy>22.35642087422075</gx:fovy>
			<altitudeMode>absolute</altitudeMode>
		</Camera>
		<styleUrl>#__managed_style_01B2C6E4B82A5431B346</styleUrl>
		<Point>
			<altitudeMode>relativeToGround</altitudeMode>
			<coordinates>104.7382178110776,17.4621183657084,0</coordinates>
		</Point>
	</Placemark>
	<Placemark id="03196BA2A02A0D00FA01">
		<name>rt118-sg-212-0301-305+885</name>
		<Camera>
			<gx:ViewerOptions>
				<gx:option name="streetview"></gx:option>
				<gx:streetViewPanoId>PxdRfTwf-H_WAtKpAGucJw</gx:streetViewPanoId>
			</gx:ViewerOptions>
			<longitude>104.7385576483115</longitude>
			<latitude>17.46163231226623</latitude>
			<altitude>151.1620025628005</altitude>
			<heading>214.2164050040147</heading>
			<tilt>71.67197358213782</tilt>
			<roll>0</roll>
			<gx:fovy>15</gx:fovy>
			<altitudeMode>absolute</altitudeMode>
		</Camera>
		<styleUrl>#__managed_style_01B2C6E4B82A5431B346</styleUrl>
		<Point>
			<altitudeMode>relativeToGround</altitudeMode>
			<coordinates>104.7385294842733,17.46162098635797,0</coordinates>
		</Point>
	</Placemark>
	<Placemark id="04ACD9CE5E2A0D015F2D">
		<name>rt119-sg-212-0301-305+934</name>
		<Camera>
			<gx:ViewerOptions>
				<gx:option name="streetview"></gx:option>
				<gx:streetViewPanoId>ECUCcnBQAJLiDBtKY7gDIQ</gx:streetViewPanoId>
			</gx:ViewerOptions>
			<longitude>104.7388017089852</longitude>
			<latitude>17.46125934887692</latitude>
			<altitude>151.2547912596138</altitude>
			<heading>256.3242936717317</heading>
			<tilt>72.06482545513857</tilt>
			<roll>0</roll>
			<gx:fovy>15</gx:fovy>
			<altitudeMode>absolute</altitudeMode>
		</Camera>
		<styleUrl>#__managed_style_01B2C6E4B82A5431B346</styleUrl>
		<Point>
			<altitudeMode>relativeToGround</altitudeMode>
			<coordinates>104.7387869362738,17.46124559908656,0</coordinates>
		</Point>
	</Placemark>
	<Placemark id="0835B91F192A0D0357F8">
		<name>rt120-sg-212-0301-305+969</name>
		<Camera>
			<gx:ViewerOptions>
				<gx:option name="streetview"></gx:option>
				<gx:streetViewPanoId>_Coq5UGEil7gGfLAV9GKYw</gx:streetViewPanoId>
			</gx:ViewerOptions>
			<longitude>104.7389740292259</longitude>
			<latitude>17.46099642998272</latitude>
			<altitude>151.4354248050914</altitude>
			<heading>187.9804706069156</heading>
			<tilt>84.93156971307677</tilt>
			<roll>0</roll>
			<gx:fovy>15</gx:fovy>
			<altitudeMode>absolute</altitudeMode>
		</Camera>
		<styleUrl>#__managed_style_01B2C6E4B82A5431B346</styleUrl>
		<Point>
			<altitudeMode>relativeToGround</altitudeMode>
			<coordinates>104.7389740292259,17.46099642998272,0</coordinates>
		</Point>
	</Placemark>
	<Placemark id="0D9A8841AD2A0D055485">
		<name>rt121-sg-212-0301-306+066</name>
		<Camera>
			<gx:ViewerOptions>
				<gx:option name="streetview"></gx:option>
				<gx:streetViewPanoId>xV3CS7uOMTE72Oyf4rwLGg</gx:streetViewPanoId>
			</gx:ViewerOptions>
			<longitude>104.7394661576639</longitude>
			<latitude>17.46026331842909</latitude>
			<altitude>151.5429840085172</altitude>
			<heading>266.7436793951438</heading>
			<tilt>78.07354434468456</tilt>
			<roll>0</roll>
			<gx:fovy>31.37062473368857</gx:fovy>
			<altitudeMode>absolute</altitudeMode>
		</Camera>
		<styleUrl>#__managed_style_01B2C6E4B82A5431B346</styleUrl>
		<Point>
			<altitudeMode>relativeToGround</altitudeMode>
			<coordinates>104.7394585353654,17.46025446814941,0</coordinates>
		</Point>
	</Placemark>
	<Placemark id="0433BD22502A0D070BA1">
		<name>rt122-sg-212-0301-306+099</name>
		<Camera>
			<gx:ViewerOptions>
				<gx:option name="streetview"></gx:option>
				<gx:streetViewPanoId>MQUFTl6xWJHsDf-xYrckNw</gx:streetViewPanoId>
			</gx:ViewerOptions>
			<longitude>104.7396388346797</longitude>
			<latitude>17.46000275049845</latitude>
			<altitude>151.5601959228516</altitude>
			<heading>201.9698795845964</heading>
			<tilt>80.20662202284228</tilt>
			<roll>0</roll>
			<gx:fovy>20.24003483213144</gx:fovy>
			<altitudeMode>absolute</altitudeMode>
		</Camera>
		<styleUrl>#__managed_style_01B2C6E4B82A5431B346</styleUrl>
		<Point>
			<altitudeMode>relativeToGround</altitudeMode>
			<coordinates>104.7396245012548,17.45999659836442,0</coordinates>
		</Point>
	</Placemark>
	<Placemark id="0BC75EE47B2A0D076BED">
		<name>rt123-sg-212-0301-306+144</name>
		<Camera>
			<gx:ViewerOptions>
				<gx:option name="streetview"></gx:option>
				<gx:streetViewPanoId>uAp1Rs31KegqwdJRxQzE9w</gx:streetViewPanoId>
			</gx:ViewerOptions>
			<longitude>104.7398615349093</longitude>
			<latitude>17.4596680983736</latitude>
			<altitude>151.5521850585938</altitude>
			<heading>217.6660957072035</heading>
			<tilt>79.52203334632298</tilt>
			<roll>0</roll>
			<gx:fovy>26.8347706710769</gx:fovy>
			<altitudeMode>absolute</altitudeMode>
		</Camera>
		<styleUrl>#__managed_style_01B2C6E4B82A5431B346</styleUrl>
		<Point>
			<altitudeMode>relativeToGround</altitudeMode>
			<coordinates>104.7398478311853,17.45965628680595,0</coordinates>
		</Point>
	</Placemark>
	<Placemark id="07EB4F59E62A0D07F205">
		<name>rt124-sg-212-0301-306+189</name>
		<Camera>
			<gx:ViewerOptions>
				<gx:option name="streetview"></gx:option>
				<gx:streetViewPanoId>ib6o2qnIf7KLIGtSGiwN2w</gx:streetViewPanoId>
			</gx:ViewerOptions>
			<longitude>104.7400727532888</longitude>
			<latitude>17.45935270501941</latitude>
			<altitude>151.5977478027344</altitude>
			<heading>207.2498224127678</heading>
			<tilt>75.05753665482187</tilt>
			<roll>0</roll>
			<gx:fovy>16.18421553533593</gx:fovy>
			<altitudeMode>absolute</altitudeMode>
		</Camera>
		<styleUrl>#__managed_style_01B2C6E4B82A5431B346</styleUrl>
		<Point>
			<altitudeMode>relativeToGround</altitudeMode>
			<coordinates>104.7400604169209,17.45933519272766,0</coordinates>
		</Point>
	</Placemark>
	<Placemark id="0EEB87DC682A0D21F13A">
		<name>rt125-sg-212-0301-306+399</name>
		<Camera>
			<gx:ViewerOptions>
				<gx:option name="streetview"></gx:option>
				<gx:streetViewPanoId>53qQZD_0IgXeZvWSsC0CLw</gx:streetViewPanoId>
			</gx:ViewerOptions>
			<longitude>104.7410830095325</longitude>
			<latitude>17.45771178601144</latitude>
			<altitude>152.1695404052734</altitude>
			<heading>216.7018817348322</heading>
			<tilt>80.41724757924435</tilt>
			<roll>0</roll>
			<gx:fovy>25.38894543348549</gx:fovy>
			<altitudeMode>absolute</altitudeMode>
		</Camera>
		<styleUrl>#__managed_style_01B2C6E4B82A5431B346</styleUrl>
		<Point>
			<altitudeMode>relativeToGround</altitudeMode>
			<coordinates>104.7410881195777,17.45771176006225,0</coordinates>
		</Point>
	</Placemark>
	<Placemark id="036F733FA92A0D225865">
		<name>rt126-sg-212-0301-306+449</name>
		<Camera>
			<gx:ViewerOptions>
				<gx:option name="streetview"></gx:option>
				<gx:streetViewPanoId>lT87aThm6hOeLGLGit1ZDA</gx:streetViewPanoId>
			</gx:ViewerOptions>
			<longitude>104.7412859516701</longitude>
			<latitude>17.45729581264021</latitude>
			<altitude>152.1393127441406</altitude>
			<heading>246.1939872261152</heading>
			<tilt>71.94545113777569</tilt>
			<roll>0</roll>
			<gx:fovy>17.82280344951299</gx:fovy>
			<altitudeMode>absolute</altitudeMode>
		</Camera>
		<styleUrl>#__managed_style_01B2C6E4B82A5431B346</styleUrl>
		<Point>
			<altitudeMode>relativeToGround</altitudeMode>
			<coordinates>104.7412829915431,17.45729989844726,0</coordinates>
		</Point>
	</Placemark>
	<Placemark id="0C028FBAF62A0D22AD6E">
		<name>rt127-sg-212-0301-306+489</name>
		<Camera>
			<gx:ViewerOptions>
				<gx:option name="streetview"></gx:option>
				<gx:streetViewPanoId>AAsLls4gg-JF43Zr5tEwlw</gx:streetViewPanoId>
			</gx:ViewerOptions>
			<longitude>104.7414404727041</longitude>
			<latitude>17.45697633254212</latitude>
			<altitude>152.1405181886577</altitude>
			<heading>270.7700560208324</heading>
			<tilt>75.29986464616006</tilt>
			<roll>0</roll>
			<gx:fovy>15</gx:fovy>
			<altitudeMode>absolute</altitudeMode>
		</Camera>
		<styleUrl>#__managed_style_01B2C6E4B82A5431B346</styleUrl>
		<Point>
			<altitudeMode>relativeToGround</altitudeMode>
			<coordinates>104.7414419506197,17.45697905852846,0</coordinates>
		</Point>
	</Placemark>
	<Placemark id="080EBB04A92A0D2310D6">
		<name>rt128-sg-212-0301-306+529</name>
		<Camera>
			<gx:ViewerOptions>
				<gx:option name="streetview"></gx:option>
				<gx:streetViewPanoId>dsXDE69jekmG5aOr9YPJbw</gx:streetViewPanoId>
			</gx:ViewerOptions>
			<longitude>104.7415963290416</longitude>
			<latitude>17.45665481639701</latitude>
			<altitude>152.1935272216797</altitude>
			<heading>258.6798577893468</heading>
			<tilt>72.89556662350617</tilt>
			<roll>0</roll>
			<gx:fovy>17.45623808853151</gx:fovy>
			<altitudeMode>absolute</altitudeMode>
		</Camera>
		<styleUrl>#__managed_style_01B2C6E4B82A5431B346</styleUrl>
		<Point>
			<altitudeMode>relativeToGround</altitudeMode>
			<coordinates>104.7415782720427,17.45664699149535,0</coordinates>
		</Point>
	</Placemark>
	<Placemark id="0D26733F272A0D23807D">
		<name>rt129-sg-212-0301-306+569</name>
		<Camera>
			<gx:ViewerOptions>
				<gx:option name="streetview"></gx:option>
				<gx:streetViewPanoId>eqZ7iok0yLr5WdHIGf18qw</gx:streetViewPanoId>
			</gx:ViewerOptions>
			<longitude>104.7417558349474</longitude>
			<latitude>17.4563315299891</latitude>
			<altitude>152.2266387939453</altitude>
			<heading>207.1614698098662</heading>
			<tilt>78.89633534987554</tilt>
			<roll>0</roll>
			<gx:fovy>15</gx:fovy>
			<altitudeMode>absolute</altitudeMode>
		</Camera>
		<styleUrl>#__managed_style_01B2C6E4B82A5431B346</styleUrl>
		<Point>
			<altitudeMode>relativeToGround</altitudeMode>
			<coordinates>104.7417401190045,17.45632465321228,0</coordinates>
		</Point>
	</Placemark>
	<Placemark id="0DCF466FCE2A0D23EF17">
		<name>rt130-sg-212-0301-306+709</name>
		<Camera>
			<gx:ViewerOptions>
				<gx:option name="streetview"></gx:option>
				<gx:streetViewPanoId>Fxfr2hLV3_5dsxVHXagz4g</gx:streetViewPanoId>
			</gx:ViewerOptions>
			<longitude>104.7419185453823</longitude>
			<latitude>17.4560026346011</latitude>
			<altitude>152.1974945067227</altitude>
			<heading>194.2797380743173</heading>
			<tilt>79.45906620836881</tilt>
			<roll>0</roll>
			<gx:fovy>15</gx:fovy>
			<altitudeMode>absolute</altitudeMode>
		</Camera>
		<styleUrl>#__managed_style_01B2C6E4B82A5431B346</styleUrl>
		<Point>
			<altitudeMode>relativeToGround</altitudeMode>
			<coordinates>104.7419020185173,17.4559945549354,0</coordinates>
		</Point>
	</Placemark>
	<Placemark id="05F431A3CF2A0D256975">
		<name>rt131-sg-212-0301-306+749</name>
		<Camera>
			<gx:ViewerOptions>
				<gx:option name="streetview"></gx:option>
				<gx:streetViewPanoId>Y7WtidPMN48KMIawyj8rsw</gx:streetViewPanoId>
			</gx:ViewerOptions>
			<longitude>104.7421041316177</longitude>
			<latitude>17.45561525403251</latitude>
			<altitude>152.2162475585938</altitude>
			<heading>215.6690820974006</heading>
			<tilt>81.81868051323049</tilt>
			<roll>0</roll>
			<gx:fovy>15.74466307106704</gx:fovy>
			<altitudeMode>absolute</altitudeMode>
		</Camera>
		<styleUrl>#__managed_style_01B2C6E4B82A5431B346</styleUrl>
		<Point>
			<altitudeMode>relativeToGround</altitudeMode>
			<coordinates>104.7420972906888,17.45560099408131,0</coordinates>
		</Point>
	</Placemark>
	<Placemark id="07CF1E0B252A0D25E1CE">
		<name>rt132-sg-212-0301-306+789</name>
		<Camera>
			<gx:ViewerOptions>
				<gx:option name="streetview"></gx:option>
				<gx:streetViewPanoId>skU40PFchfsaeh6hcCZ3uA</gx:streetViewPanoId>
			</gx:ViewerOptions>
			<longitude>104.7422615017988</longitude>
			<latitude>17.4552825379404</latitude>
			<altitude>152.2409820556641</altitude>
			<heading>199.0601534829559</heading>
			<tilt>73.18513430284686</tilt>
			<roll>0</roll>
			<gx:fovy>15.26774904656409</gx:fovy>
			<altitudeMode>absolute</altitudeMode>
		</Camera>
		<styleUrl>#__managed_style_01B2C6E4B82A5431B346</styleUrl>
		<Point>
			<altitudeMode>relativeToGround</altitudeMode>
			<coordinates>104.7422529667153,17.45527581041723,0</coordinates>
		</Point>
	</Placemark>
	<Placemark id="0FAD7AA3232A0D26490B">
		<name>rt133-sg-212-0301-306+839</name>
		<Camera>
			<gx:ViewerOptions>
				<gx:option name="streetview"></gx:option>
				<gx:streetViewPanoId>7-sK3QGEqHyABaB5Rpw6Gg</gx:streetViewPanoId>
			</gx:ViewerOptions>
			<longitude>104.7424728124633</longitude>
			<latitude>17.45483980320428</latitude>
			<altitude>152.3368225097656</altitude>
			<heading>263.8342731650393</heading>
			<tilt>67.94686947307825</tilt>
			<roll>0</roll>
			<gx:fovy>18.96268756816768</gx:fovy>
			<altitudeMode>absolute</altitudeMode>
		</Camera>
		<styleUrl>#__managed_style_01B2C6E4B82A5431B346</styleUrl>
		<Point>
			<altitudeMode>relativeToGround</altitudeMode>
			<coordinates>104.7424609555887,17.45483090897508,0</coordinates>
		</Point>
	</Placemark>
	<Placemark id="0BE11512682A0D26A81D">
		<name>rt134-sg-212-0301-306+879</name>
		<Camera>
			<gx:ViewerOptions>
				<gx:option name="streetview"></gx:option>
				<gx:streetViewPanoId>U19Yn-Ts9NoXl0x1THjzyQ</gx:streetViewPanoId>
			</gx:ViewerOptions>
			<longitude>104.7426328533354</longitude>
			<latitude>17.45450644757563</latitude>
			<altitude>152.4640350341797</altitude>
			<heading>266.4605173242383</heading>
			<tilt>74.25850045855857</tilt>
			<roll>0</roll>
			<gx:fovy>25.90276157004873</gx:fovy>
			<altitudeMode>absolute</altitudeMode>
		</Camera>
		<styleUrl>#__managed_style_01B2C6E4B82A5431B346</styleUrl>
		<Point>
			<altitudeMode>relativeToGround</altitudeMode>
			<coordinates>104.7426130598184,17.45451415374576,0</coordinates>
		</Point>
	</Placemark>
	<Placemark id="0AF90AAD872A0D27214C">
		<name>rt135-sg-212-0301-306+934</name>
		<Camera>
			<gx:ViewerOptions>
				<gx:option name="streetview"></gx:option>
				<gx:streetViewPanoId>Qjx7LXSLCMTyJmLfO1FhDw</gx:streetViewPanoId>
			</gx:ViewerOptions>
			<longitude>104.7428467458159</longitude>
			<latitude>17.45406360854863</latitude>
			<altitude>152.5979461669922</altitude>
			<heading>205.0193729743985</heading>
			<tilt>79.65087439925993</tilt>
			<roll>0</roll>
			<gx:fovy>16.43669648154892</gx:fovy>
			<altitudeMode>absolute</altitudeMode>
		</Camera>
		<styleUrl>#__managed_style_01B2C6E4B82A5431B346</styleUrl>
		<Point>
			<altitudeMode>relativeToGround</altitudeMode>
			<coordinates>104.7428292431562,17.45405220540709,0</coordinates>
		</Point>
	</Placemark>
	<Placemark id="08350EC7B02A0D27AC3F">
		<name>rt136-sg-212-0301-307+002</name>
		<Camera>
			<gx:ViewerOptions>
				<gx:option name="streetview"></gx:option>
				<gx:streetViewPanoId>z3LCBWB5rdbp76S4Q8yBNA</gx:streetViewPanoId>
			</gx:ViewerOptions>
			<longitude>104.7431205428637</longitude>
			<latitude>17.45351619952278</latitude>
			<altitude>152.7254638668028</altitude>
			<heading>243.8898275472359</heading>
			<tilt>80.01849196909367</tilt>
			<roll>0</roll>
			<gx:fovy>15</gx:fovy>
			<altitudeMode>absolute</altitudeMode>
		</Camera>
		<styleUrl>#__managed_style_01B2C6E4B82A5431B346</styleUrl>
		<Point>
			<altitudeMode>relativeToGround</altitudeMode>
			<coordinates>104.7430828085497,17.45349928477419,0</coordinates>
		</Point>
	</Placemark>
	<Placemark id="08DAFD2E172A0D2823B8">
		<name>rt137-sg-212-0301-307+068</name>
		<Camera>
			<gx:ViewerOptions>
				<gx:option name="streetview"></gx:option>
				<gx:streetViewPanoId>iya_fk5E8RLEK8zX4ptg3A</gx:streetViewPanoId>
			</gx:ViewerOptions>
			<longitude>104.7433960316043</longitude>
			<latitude>17.45296716889955</latitude>
			<altitude>152.9990692138672</altitude>
			<heading>279.5721807240304</heading>
			<tilt>79.93552880598418</tilt>
			<roll>0</roll>
			<gx:fovy>15</gx:fovy>
			<altitudeMode>absolute</altitudeMode>
		</Camera>
		<styleUrl>#__managed_style_01B2C6E4B82A5431B346</styleUrl>
		<Point>
			<altitudeMode>relativeToGround</altitudeMode>
			<coordinates>104.7433680940181,17.45295052274848,0</coordinates>
		</Point>
	</Placemark>
	<Placemark id="041FD497912A0D28AC3A">
		<name>rt138-sg-212-0301-307+133</name>
		<Camera>
			<gx:ViewerOptions>
				<gx:option name="streetview"></gx:option>
				<gx:streetViewPanoId>45I0co2h4cOlEbJ9zTsjuA</gx:streetViewPanoId>
			</gx:ViewerOptions>
			<longitude>104.7436886109747</longitude>
			<latitude>17.45246129516953</latitude>
			<altitude>153.2341156005859</altitude>
			<heading>259.4857751980035</heading>
			<tilt>81.63683474192504</tilt>
			<roll>0</roll>
			<gx:fovy>15</gx:fovy>
			<altitudeMode>absolute</altitudeMode>
		</Camera>
		<styleUrl>#__managed_style_01B2C6E4B82A5431B346</styleUrl>
		<Point>
			<altitudeMode>relativeToGround</altitudeMode>
			<coordinates>104.7436064909312,17.4524287988352,0</coordinates>
		</Point>
	</Placemark>
	<Placemark id="0E112A1CAA2A0D294BAA">
		<name>rt139-sg-212-0301-307+226</name>
		<Camera>
			<gx:ViewerOptions>
				<gx:option name="streetview"></gx:option>
				<gx:streetViewPanoId>krIRbbCThr1eNfJJzaPTRw</gx:streetViewPanoId>
			</gx:ViewerOptions>
			<longitude>104.7439809238638</longitude>
			<latitude>17.45184517490819</latitude>
			<altitude>153.3953399658203</altitude>
			<heading>258.1345986833485</heading>
			<tilt>81.83663074241484</tilt>
			<roll>0</roll>
			<gx:fovy>15</gx:fovy>
			<altitudeMode>absolute</altitudeMode>
		</Camera>
		<styleUrl>#__managed_style_01B2C6E4B82A5431B346</styleUrl>
		<Point>
			<altitudeMode>relativeToGround</altitudeMode>
			<coordinates>104.7439209758604,17.45181919972429,0</coordinates>
		</Point>
	</Placemark>
	<Placemark id="04B30DFAB62A111BF7C9">
		<name>rt140-sg-212-0301-307+267</name>
		<Camera>
			<gx:ViewerOptions>
				<gx:option name="streetview"></gx:option>
				<gx:streetViewPanoId>qEI6QkYU8-YMxAnwSd2Yzg</gx:streetViewPanoId>
			</gx:ViewerOptions>
			<longitude>104.7441373168267</longitude>
			<latitude>17.45151403612696</latitude>
			<altitude>153.5781860358232</altitude>
			<heading>237.4311563023309</heading>
			<tilt>80.30200744992699</tilt>
			<roll>0</roll>
			<gx:fovy>15</gx:fovy>
			<altitudeMode>absolute</altitudeMode>
		</Camera>
		<styleUrl>#__managed_style_01B2C6E4B82A5431B346</styleUrl>
		<Point>
			<altitudeMode>relativeToGround</altitudeMode>
			<coordinates>104.744082442502,17.45149569111304,0</coordinates>
		</Point>
	</Placemark>
	<Placemark id="0897CA965F2A111C7A88">
		<name>rt141-sg-212-0301-307+299</name>
		<Camera>
			<gx:ViewerOptions>
				<gx:option name="streetview"></gx:option>
				<gx:streetViewPanoId>yN4aRGFHvnzoq_jZBHBHnw</gx:streetViewPanoId>
			</gx:ViewerOptions>
			<longitude>104.7442517855382</longitude>
			<latitude>17.4512646412098</latitude>
			<altitude>153.4108276372099</altitude>
			<heading>228.6003898255747</heading>
			<tilt>80.21125217457549</tilt>
			<roll>0</roll>
			<gx:fovy>15</gx:fovy>
			<altitudeMode>absolute</altitudeMode>
		</Camera>
		<styleUrl>#__managed_style_01B2C6E4B82A5431B346</styleUrl>
		<Point>
			<altitudeMode>relativeToGround</altitudeMode>
			<coordinates>104.7442010105856,17.45124026425211,0</coordinates>
		</Point>
	</Placemark>
	<Placemark id="0FD1D5EFD92A111CECD7">
		<name>rt142-sg-212-0301-307+330</name>
		<Camera>
			<gx:ViewerOptions>
				<gx:option name="streetview"></gx:option>
				<gx:streetViewPanoId>HklkprLAlHKrO9rKPxM5xA</gx:streetViewPanoId>
			</gx:ViewerOptions>
			<longitude>104.7443700818306</longitude>
			<latitude>17.45101284642092</latitude>
			<altitude>153.5034942625983</altitude>
			<heading>213.8686277076272</heading>
			<tilt>80.34117668150272</tilt>
			<roll>0</roll>
			<gx:fovy>15</gx:fovy>
			<altitudeMode>absolute</altitudeMode>
		</Camera>
		<styleUrl>#__managed_style_01B2C6E4B82A5431B346</styleUrl>
		<Point>
			<altitudeMode>relativeToGround</altitudeMode>
			<coordinates>104.7443210719342,17.45099272914115,0</coordinates>
		</Point>
	</Placemark>
	<Placemark id="0B9BC7557F2A111D6022">
		<name>rt143-sg-212-0301-307+372</name>
		<Camera>
			<gx:ViewerOptions>
				<gx:option name="streetview"></gx:option>
				<gx:streetViewPanoId>LIDIrCLZQEWEt8JtoTNVRA</gx:streetViewPanoId>
			</gx:ViewerOptions>
			<longitude>104.7445114322216</longitude>
			<latitude>17.45067272156198</latitude>
			<altitude>153.4716644288996</altitude>
			<heading>255.0935967545421</heading>
			<tilt>74.12984107095814</tilt>
			<roll>0</roll>
			<gx:fovy>15</gx:fovy>
			<altitudeMode>absolute</altitudeMode>
		</Camera>
		<styleUrl>#__managed_style_01B2C6E4B82A5431B346</styleUrl>
		<Point>
			<altitudeMode>relativeToGround</altitudeMode>
			<coordinates>104.7444889354103,17.45066335524216,0</coordinates>
		</Point>
	</Placemark>
	<Placemark id="0F7DD13D012A111DD19A">
		<name>rt144-sg-212-0301-307+414</name>
		<Camera>
			<gx:ViewerOptions>
				<gx:option name="streetview"></gx:option>
				<gx:streetViewPanoId>Uw4hFABNgPepbM9ivuAesg</gx:streetViewPanoId>
			</gx:ViewerOptions>
			<longitude>104.7446489552385</longitude>
			<latitude>17.45032918944934</latitude>
			<altitude>153.3607482910156</altitude>
			<heading>273.189375530433</heading>
			<tilt>66.74101141913303</tilt>
			<roll>0</roll>
			<gx:fovy>15</gx:fovy>
			<altitudeMode>absolute</altitudeMode>
		</Camera>
		<styleUrl>#__managed_style_01B2C6E4B82A5431B346</styleUrl>
		<Point>
			<altitudeMode>relativeToGround</altitudeMode>
			<coordinates>104.7446489552385,17.45032918944934,0</coordinates>
		</Point>
	</Placemark>
	<Placemark id="022246A9272A111FB79D">
		<name>rt145-sg-212-0301-307+446</name>
		<Camera>
			<gx:ViewerOptions>
				<gx:option name="streetview"></gx:option>
				<gx:streetViewPanoId>JlX47drp79vXvPKnN6Q-5A</gx:streetViewPanoId>
			</gx:ViewerOptions>
			<longitude>104.7447593297869</longitude>
			<latitude>17.45007526443359</latitude>
			<altitude>153.2984466556454</altitude>
			<heading>289.8684786071071</heading>
			<tilt>77.12142613247389</tilt>
			<roll>0</roll>
			<gx:fovy>15</gx:fovy>
			<altitudeMode>absolute</altitudeMode>
		</Camera>
		<styleUrl>#__managed_style_01B2C6E4B82A5431B346</styleUrl>
		<Point>
			<altitudeMode>relativeToGround</altitudeMode>
			<coordinates>104.7447622299027,17.45007582893473,0</coordinates>
		</Point>
	</Placemark>
	<Placemark id="03A0E3620E2A1120EE9C">
		<name>rt146-sg-212-0301-307+672</name>
		<Camera>
			<gx:ViewerOptions>
				<gx:option name="streetview"></gx:option>
				<gx:streetViewPanoId>_gOwM1Q75Br8Cc9ITt87Sg</gx:streetViewPanoId>
			</gx:ViewerOptions>
			<longitude>104.745618562731</longitude>
			<latitude>17.44833660036152</latitude>
			<altitude>153.3174438473281</altitude>
			<heading>204.6558037014833</heading>
			<tilt>78.17383993338423</tilt>
			<roll>0</roll>
			<gx:fovy>15</gx:fovy>
			<altitudeMode>absolute</altitudeMode>
		</Camera>
		<styleUrl>#__managed_style_01B2C6E4B82A5431B346</styleUrl>
		<Point>
			<altitudeMode>relativeToGround</altitudeMode>
			<coordinates>104.745618562731,17.44833660036152,0</coordinates>
		</Point>
	</Placemark>
	<Placemark id="012D75EF542A112157AC">
		<name>rt147-sg-212-0301-307+714</name>
		<Camera>
			<gx:ViewerOptions>
				<gx:option name="streetview"></gx:option>
				<gx:streetViewPanoId>ulGaszFhF4XNmgMdYSHomA</gx:streetViewPanoId>
			</gx:ViewerOptions>
			<longitude>104.7457916916697</longitude>
			<latitude>17.4480073767238</latitude>
			<altitude>153.2733001708984</altitude>
			<heading>217.0906807035779</heading>
			<tilt>69.39177263736107</tilt>
			<roll>0</roll>
			<gx:fovy>15</gx:fovy>
			<altitudeMode>absolute</altitudeMode>
		</Camera>
		<styleUrl>#__managed_style_01B2C6E4B82A5431B346</styleUrl>
		<Point>
			<altitudeMode>relativeToGround</altitudeMode>
			<coordinates>104.7457916916697,17.4480073767238,0</coordinates>
		</Point>
	</Placemark>
	<Placemark id="07E1479E792A1121C6FA">
		<name>rt148-sg-212-0301-307+758</name>
		<Camera>
			<gx:ViewerOptions>
				<gx:option name="streetview"></gx:option>
				<gx:streetViewPanoId>_r4W7Hw8D_WNMOXUhXxedw</gx:streetViewPanoId>
			</gx:ViewerOptions>
			<longitude>104.7459770155089</longitude>
			<latitude>17.44768128370093</latitude>
			<altitude>153.3020935060447</altitude>
			<heading>279.3852747530578</heading>
			<tilt>73.32161057927802</tilt>
			<roll>0</roll>
			<gx:fovy>15</gx:fovy>
			<altitudeMode>absolute</altitudeMode>
		</Camera>
		<styleUrl>#__managed_style_01B2C6E4B82A5431B346</styleUrl>
		<Point>
			<altitudeMode>relativeToGround</altitudeMode>
			<coordinates>104.7459770155089,17.44768128370093,0</coordinates>
		</Point>
	</Placemark>
	<Placemark id="0CD198AD052A11222C94">
		<name>rt149-sg-212-0301-307+789</name>
		<Camera>
			<gx:ViewerOptions>
				<gx:option name="streetview"></gx:option>
				<gx:streetViewPanoId>1MO0I45Kw3HRN-QpaSTIqQ</gx:streetViewPanoId>
			</gx:ViewerOptions>
			<longitude>104.7461148068645</longitude>
			<latitude>17.44744237089443</latitude>
			<altitude>153.2647857661337</altitude>
			<heading>233.0166908793439</heading>
			<tilt>71.00324293391498</tilt>
			<roll>0</roll>
			<gx:fovy>15</gx:fovy>
			<altitudeMode>absolute</altitudeMode>
		</Camera>
		<styleUrl>#__managed_style_01B2C6E4B82A5431B346</styleUrl>
		<Point>
			<altitudeMode>relativeToGround</altitudeMode>
			<coordinates>104.7461148068645,17.44744237089443,0</coordinates>
		</Point>
	</Placemark>
	<Placemark id="04A90D466B2A1122ABC4">
		<name>rt150-sg-212-0301-307+865</name>
		<Camera>
			<gx:ViewerOptions>
				<gx:option name="streetview"></gx:option>
				<gx:streetViewPanoId>JfsVuwdi4WP1Mpb9eaGGIg</gx:streetViewPanoId>
			</gx:ViewerOptions>
			<longitude>104.7464486042611</longitude>
			<latitude>17.44688536290807</latitude>
			<altitude>153.2293701170408</altitude>
			<heading>242.1613988146844</heading>
			<tilt>66.54752548865631</tilt>
			<roll>0</roll>
			<gx:fovy>15</gx:fovy>
			<altitudeMode>absolute</altitudeMode>
		</Camera>
		<styleUrl>#__managed_style_01B2C6E4B82A5431B346</styleUrl>
		<Point>
			<altitudeMode>relativeToGround</altitudeMode>
			<coordinates>104.7464304871602,17.44687084253127,0</coordinates>
		</Point>
	</Placemark>
	<Placemark id="0818A587012A11231922">
		<name>rt151-sg-212-0301-307+907</name>
		<Camera>
			<gx:ViewerOptions>
				<gx:option name="streetview"></gx:option>
				<gx:streetViewPanoId>GaSjVv8WZBaoPGlB8uvDdA</gx:streetViewPanoId>
			</gx:ViewerOptions>
			<longitude>104.746603130446</longitude>
			<latitude>17.44664501538691</latitude>
			<altitude>153.2113494873047</altitude>
			<heading>186.0224735497075</heading>
			<tilt>72.24898017812733</tilt>
			<roll>0</roll>
			<gx:fovy>16.1674301382803</gx:fovy>
			<altitudeMode>absolute</altitudeMode>
		</Camera>
		<styleUrl>#__managed_style_01B2C6E4B82A5431B346</styleUrl>
		<Point>
			<altitudeMode>relativeToGround</altitudeMode>
			<coordinates>104.7465868685628,17.44664146484359,0</coordinates>
		</Point>
	</Placemark>
	<Placemark id="0816B801DA2A112389C2">
		<name>rt152-sg-212-0301-307+953</name>
		<Camera>
			<gx:ViewerOptions>
				<gx:option name="streetview"></gx:option>
				<gx:streetViewPanoId>n_G-UlJyiZyTp1I_jDjnuQ</gx:streetViewPanoId>
			</gx:ViewerOptions>
			<longitude>104.746827798976</longitude>
			<latitude>17.44631437902358</latitude>
			<altitude>153.23876953125</altitude>
			<heading>288.4108366557456</heading>
			<tilt>75.92223519610323</tilt>
			<roll>0</roll>
			<gx:fovy>15</gx:fovy>
			<altitudeMode>absolute</altitudeMode>
		</Camera>
		<styleUrl>#__managed_style_01B2C6E4B82A5431B346</styleUrl>
		<Point>
			<altitudeMode>relativeToGround</altitudeMode>
			<coordinates>104.7468055502727,17.44629816676671,0</coordinates>
		</Point>
	</Placemark>
	<Placemark id="0728C5B6602A1123F3DE">
		<name>rt153-sg-212-0301-307+986</name>
		<Camera>
			<gx:ViewerOptions>
				<gx:option name="streetview"></gx:option>
				<gx:streetViewPanoId>dW_d6zGc4m5NZ8FU3UJYEQ</gx:streetViewPanoId>
			</gx:ViewerOptions>
			<longitude>104.7470052909056</longitude>
			<latitude>17.44608277539895</latitude>
			<altitude>153.3712768554688</altitude>
			<heading>254.8817611282034</heading>
			<tilt>75.22273468421298</tilt>
			<roll>0</roll>
			<gx:fovy>18.50061128715613</gx:fovy>
			<altitudeMode>absolute</altitudeMode>
		</Camera>
		<styleUrl>#__managed_style_01B2C6E4B82A5431B346</styleUrl>
		<Point>
			<altitudeMode>relativeToGround</altitudeMode>
			<coordinates>104.7469932649779,17.44607502241461,0</coordinates>
		</Point>
	</Placemark>
	<Placemark id="0C69B614ED2A1124C3C6">
		<name>rt154-sg-212-0301-308+068</name>
		<Camera>
			<gx:ViewerOptions>
				<gx:option name="streetview"></gx:option>
				<gx:streetViewPanoId>rbBnGXbHJTlU6adtQSmr-Q</gx:streetViewPanoId>
			</gx:ViewerOptions>
			<longitude>104.7474005093728</longitude>
			<latitude>17.44559489201255</latitude>
			<altitude>153.4821166986415</altitude>
			<heading>213.0204984086915</heading>
			<tilt>75.05740972732548</tilt>
			<roll>0</roll>
			<gx:fovy>15</gx:fovy>
			<altitudeMode>absolute</altitudeMode>
		</Camera>
		<styleUrl>#__managed_style_01B2C6E4B82A5431B346</styleUrl>
		<Point>
			<altitudeMode>relativeToGround</altitudeMode>
			<coordinates>104.747371820436,17.44558010184091,0</coordinates>
		</Point>
	</Placemark>
	<Placemark id="089AA858AD2A11256C26">
		<name>rt155-sg-212-0301-308+230</name>
		<Camera>
			<gx:ViewerOptions>
				<gx:option name="streetview"></gx:option>
				<gx:streetViewPanoId>GD9hVXFzhpj2ovikuKGirQ</gx:streetViewPanoId>
			</gx:ViewerOptions>
			<longitude>104.7477337754583</longitude>
			<latitude>17.44514493813874</latitude>
			<altitude>153.1300506591154</altitude>
			<heading>210.1067371114964</heading>
			<tilt>79.13618457570762</tilt>
			<roll>0</roll>
			<gx:fovy>15</gx:fovy>
			<altitudeMode>absolute</altitudeMode>
		</Camera>
		<styleUrl>#__managed_style_01B2C6E4B82A5431B346</styleUrl>
		<Point>
			<altitudeMode>relativeToGround</altitudeMode>
			<coordinates>104.7477000864487,17.44511080470683,0</coordinates>
		</Point>
	</Placemark>
	<Placemark id="098053057F2A1125E446">
		<name>rt156-sg-212-0301-308+288</name>
		<Camera>
			<gx:ViewerOptions>
				<gx:option name="streetview"></gx:option>
				<gx:streetViewPanoId>Y6fhMDjngEDcLoWcWdy7Ng</gx:streetViewPanoId>
			</gx:ViewerOptions>
			<longitude>104.7480762996819</longitude>
			<latitude>17.44470836841779</latitude>
			<altitude>152.4464416497039</altitude>
			<heading>222.5648931205515</heading>
			<tilt>74.92485284870074</tilt>
			<roll>0</roll>
			<gx:fovy>15</gx:fovy>
			<altitudeMode>absolute</altitudeMode>
		</Camera>
		<styleUrl>#__managed_style_01B2C6E4B82A5431B346</styleUrl>
		<Point>
			<altitudeMode>relativeToGround</altitudeMode>
			<coordinates>104.7480414324835,17.44468022724453,0</coordinates>
		</Point>
	</Placemark>
	<Placemark id="02646B3C512A1126535C">
		<name>rt157-sg-212-0301-308+358</name>
		<Camera>
			<gx:ViewerOptions>
				<gx:option name="streetview"></gx:option>
				<gx:streetViewPanoId>UlpxgUfmsxtT_Zsw_9DnoQ</gx:streetViewPanoId>
			</gx:ViewerOptions>
			<longitude>104.7484274590079</longitude>
			<latitude>17.44426710178159</latitude>
			<altitude>152.2594909667969</altitude>
			<heading>204.8907657470357</heading>
			<tilt>71.98998829661457</tilt>
			<roll>0</roll>
			<gx:fovy>15</gx:fovy>
			<altitudeMode>absolute</altitudeMode>
		</Camera>
		<styleUrl>#__managed_style_01B2C6E4B82A5431B346</styleUrl>
		<Point>
			<altitudeMode>relativeToGround</altitudeMode>
			<coordinates>104.7484125132917,17.44425610742151,0</coordinates>
		</Point>
	</Placemark>
	<Placemark id="0072C558FB2A1126D187">
		<name>rt158-sg-212-0301-308+424</name>
		<Camera>
			<gx:ViewerOptions>
				<gx:option name="streetview"></gx:option>
				<gx:streetViewPanoId>VM-nWObvPmXR1mwI4jPyqw</gx:streetViewPanoId>
			</gx:ViewerOptions>
			<longitude>104.7487707858912</longitude>
			<latitude>17.44383082595387</latitude>
			<altitude>152.130126953125</altitude>
			<heading>242.0865621850543</heading>
			<tilt>67.2870192618672</tilt>
			<roll>0</roll>
			<gx:fovy>19.7388184406848</gx:fovy>
			<altitudeMode>absolute</altitudeMode>
		</Camera>
		<styleUrl>#__managed_style_01B2C6E4B82A5431B346</styleUrl>
		<Point>
			<altitudeMode>relativeToGround</altitudeMode>
			<coordinates>104.7487707858912,17.44383082595387,0</coordinates>
		</Point>
	</Placemark>
	<Placemark id="0317564A222A11276A6C">
		<name>rt159-sg-212-0301-308+464</name>
		<Camera>
			<gx:ViewerOptions>
				<gx:option name="streetview"></gx:option>
				<gx:streetViewPanoId>paHmhz8-iDNAubWzmHZxsw</gx:streetViewPanoId>
			</gx:ViewerOptions>
			<longitude>104.7490028457424</longitude>
			<latitude>17.44353668636312</latitude>
			<altitude>151.9298706054822</altitude>
			<heading>193.7632750169176</heading>
			<tilt>68.64114446508431</tilt>
			<roll>0</roll>
			<gx:fovy>15</gx:fovy>
			<altitudeMode>absolute</altitudeMode>
		</Camera>
		<styleUrl>#__managed_style_01B2C6E4B82A5431B346</styleUrl>
		<Point>
			<altitudeMode>relativeToGround</altitudeMode>
			<coordinates>104.7489942138068,17.44353014678335,0</coordinates>
		</Point>
	</Placemark>
	<Placemark id="0FE233A9802A1127D59E">
		<name>rt160-sg-212-0301-308+499</name>
		<Camera>
			<gx:ViewerOptions>
				<gx:option name="streetview"></gx:option>
				<gx:streetViewPanoId>eIsz9xXNfnhmQaGJZutVew</gx:streetViewPanoId>
			</gx:ViewerOptions>
			<longitude>104.7491790939629</longitude>
			<latitude>17.44331873208954</latitude>
			<altitude>151.7969207762548</altitude>
			<heading>213.4455612022728</heading>
			<tilt>74.3607433119173</tilt>
			<roll>0</roll>
			<gx:fovy>15</gx:fovy>
			<altitudeMode>absolute</altitudeMode>
		</Camera>
		<styleUrl>#__managed_style_01B2C6E4B82A5431B346</styleUrl>
		<Point>
			<altitudeMode>relativeToGround</altitudeMode>
			<coordinates>104.7491759027906,17.44331880945781,0</coordinates>
		</Point>
	</Placemark>
	<Placemark id="01CF9505472A112842AC">
		<name>rt161-sg-212-0301-308+534</name>
		<Camera>
			<gx:ViewerOptions>
				<gx:option name="streetview"></gx:option>
				<gx:streetViewPanoId>F9TU0XrSXaHvDYDW4XYvkg</gx:streetViewPanoId>
			</gx:ViewerOptions>
			<longitude>104.7493629976227</longitude>
			<latitude>17.44309896976569</latitude>
			<altitude>151.7732238750291</altitude>
			<heading>185.2745264490201</heading>
			<tilt>75.77618701697591</tilt>
			<roll>0</roll>
			<gx:fovy>15</gx:fovy>
			<altitudeMode>absolute</altitudeMode>
		</Camera>
		<styleUrl>#__managed_style_01B2C6E4B82A5431B346</styleUrl>
		<Point>
			<altitudeMode>relativeToGround</altitudeMode>
			<coordinates>104.7493534740499,17.44308929600333,0</coordinates>
		</Point>
	</Placemark>
	<Placemark id="05EB872CAE2A1128A181">
		<name>rt162-sg-212-0301-308+576</name>
		<Camera>
			<gx:ViewerOptions>
				<gx:option name="streetview"></gx:option>
				<gx:streetViewPanoId>7oiHeOrzEyps3eTZHAqmEg</gx:streetViewPanoId>
			</gx:ViewerOptions>
			<longitude>104.7495967496369</longitude>
			<latitude>17.44281860781969</latitude>
			<altitude>151.4713897705078</altitude>
			<heading>231.9646464484062</heading>
			<tilt>74.65538638598734</tilt>
			<roll>0</roll>
			<gx:fovy>22.62496322647536</gx:fovy>
			<altitudeMode>absolute</altitudeMode>
		</Camera>
		<styleUrl>#__managed_style_01B2C6E4B82A5431B346</styleUrl>
		<Point>
			<altitudeMode>relativeToGround</altitudeMode>
			<coordinates>104.7495817449297,17.442806420602,0</coordinates>
		</Point>
	</Placemark>
	<Placemark id="07898864B62A112901B8">
		<name>rt163-sg-212-0301-308+611</name>
		<Camera>
			<gx:ViewerOptions>
				<gx:option name="streetview"></gx:option>
				<gx:streetViewPanoId>EBQTOSJYEvE6cmjMfSHWHA</gx:streetViewPanoId>
			</gx:ViewerOptions>
			<longitude>104.749764453127</longitude>
			<latitude>17.44260112180278</latitude>
			<altitude>151.3411102294922</altitude>
			<heading>202.8860426583248</heading>
			<tilt>70.82207540689103</tilt>
			<roll>0</roll>
			<gx:fovy>15</gx:fovy>
			<altitudeMode>absolute</altitudeMode>
		</Camera>
		<styleUrl>#__managed_style_01B2C6E4B82A5431B346</styleUrl>
		<Point>
			<altitudeMode>relativeToGround</altitudeMode>
			<coordinates>104.7497490544838,17.44258063928894,0</coordinates>
		</Point>
	</Placemark>
	<Placemark id="0DEF3D79812A11297F27">
		<name>rt164-sg-212-0301-308+661</name>
		<Camera>
			<gx:ViewerOptions>
				<gx:option name="streetview"></gx:option>
				<gx:streetViewPanoId>6i-fTQERBzPacxOTT0D6zQ</gx:streetViewPanoId>
			</gx:ViewerOptions>
			<longitude>104.7499287742386</longitude>
			<latitude>17.44237957881889</latitude>
			<altitude>151.1798858645782</altitude>
			<heading>174.7259991997553</heading>
			<tilt>80.70817302218813</tilt>
			<roll>0</roll>
			<gx:fovy>15</gx:fovy>
			<altitudeMode>absolute</altitudeMode>
		</Camera>
		<styleUrl>#__managed_style_01B2C6E4B82A5431B346</styleUrl>
		<Point>
			<altitudeMode>relativeToGround</altitudeMode>
			<coordinates>104.7500239420766,17.44222112467907,0</coordinates>
		</Point>
	</Placemark>
	<Placemark id="0AB6ABBD802A112DD75F">
		<name>rt165-sg-212-0301-309+257</name>
		<Camera>
			<gx:ViewerOptions>
				<gx:option name="streetview"></gx:option>
				<gx:streetViewPanoId>wHzBhRUz09BU8CbRuzn4Lg</gx:streetViewPanoId>
			</gx:ViewerOptions>
			<longitude>104.7541125231742</longitude>
			<latitude>17.43877763098292</latitude>
			<altitude>149.318420410192</altitude>
			<heading>262.8607649839352</heading>
			<tilt>77.2304046867586</tilt>
			<roll>0</roll>
			<gx:fovy>15</gx:fovy>
			<altitudeMode>absolute</altitudeMode>
		</Camera>
		<styleUrl>#__managed_style_01B2C6E4B82A5431B346</styleUrl>
		<Point>
			<altitudeMode>relativeToGround</altitudeMode>
			<coordinates>104.7541125231742,17.43877763098292,0</coordinates>
		</Point>
	</Placemark>
	<Placemark id="010CD2E0522A112E74A0">
		<name>rt166-sg-212-0301-309+330</name>
		<Camera>
			<gx:ViewerOptions>
				<gx:option name="streetview"></gx:option>
				<gx:streetViewPanoId>_IWpBaBb4PbkimYndxJAVg</gx:streetViewPanoId>
			</gx:ViewerOptions>
			<longitude>104.7546533032151</longitude>
			<latitude>17.43840904102176</latitude>
			<altitude>149.5309753417969</altitude>
			<heading>251.3087673558477</heading>
			<tilt>76.05443583084688</tilt>
			<roll>0</roll>
			<gx:fovy>15</gx:fovy>
			<altitudeMode>absolute</altitudeMode>
		</Camera>
		<styleUrl>#__managed_style_01B2C6E4B82A5431B346</styleUrl>
		<Point>
			<altitudeMode>relativeToGround</altitudeMode>
			<coordinates>104.7546475483807,17.43840185682319,0</coordinates>
		</Point>
	</Placemark>
	<Placemark id="0B22B804EE29FDBB3913">
		<name>md1-db-212-0301-267+810</name>
		<LookAt>
			<longitude>104.4457937460812</longitude>
			<latitude>17.65002249057541</latitude>
			<altitude>148.3338172014437</altitude>
			<heading>145.2879825490351</heading>
			<tilt>0</tilt>
			<gx:fovy>35</gx:fovy>
			<range>250.5481571143537</range>
			<altitudeMode>absolute</altitudeMode>
		</LookAt>
		<styleUrl>#__managed_style_0BED4BCA582A5431B33B</styleUrl>
		<Point>
			<coordinates>104.445656795718,17.64978315579256,147.5135683215578</coordinates>
		</Point>
	</Placemark>
	<Placemark id="07B747993029FDBD4C51">
		<name>md2-db-212-0301-267+845</name>
		<LookAt>
			<longitude>104.4458328299949</longitude>
			<latitude>17.64976429449061</latitude>
			<altitude>147.2179515829559</altitude>
			<heading>145.2879825520361</heading>
			<tilt>0</tilt>
			<gx:fovy>35</gx:fovy>
			<range>272.552344151336</range>
			<altitudeMode>absolute</altitudeMode>
		</LookAt>
		<styleUrl>#__managed_style_0BED4BCA582A5431B33B</styleUrl>
		<Point>
			<coordinates>104.4458402646042,17.6495275951755,147.3418043060902</coordinates>
		</Point>
	</Placemark>
	<Placemark id="0E2EF2AAD529FDBDE6B4">
		<name>md3-db-212-0301-267+880</name>
		<LookAt>
			<longitude>104.4458326716996</longitude>
			<latitude>17.64976534025004</latitude>
			<altitude>147.2230070454488</altitude>
			<heading>145.2879825520243</heading>
			<tilt>0</tilt>
			<gx:fovy>35.00000000000001</gx:fovy>
			<range>272.5513475145635</range>
			<altitudeMode>absolute</altitudeMode>
		</LookAt>
		<styleUrl>#__managed_style_0BED4BCA582A5431B33B</styleUrl>
		<Point>
			<coordinates>104.4460283934811,17.64926219960751,147.8232266322777</coordinates>
		</Point>
	</Placemark>
	<Placemark id="06C4BA398D29FDBE42DA">
		<name>md4-db-212-0301-267+915</name>
		<LookAt>
			<longitude>104.4463547705807</longitude>
			<latitude>17.64917822938186</latitude>
			<altitude>147.0337982465542</altitude>
			<heading>145.2881408448816</heading>
			<tilt>0</tilt>
			<gx:fovy>35.00000000000001</gx:fovy>
			<range>272.7405694357367</range>
			<altitudeMode>absolute</altitudeMode>
		</LookAt>
		<styleUrl>#__managed_style_0BED4BCA582A5431B33B</styleUrl>
		<Point>
			<coordinates>104.4462111618605,17.64900423373329,147.2993766197195</coordinates>
		</Point>
	</Placemark>
	<Placemark id="0714F9977929FDBE7D71">
		<name>md5-db-212-0301-267+950</name>
		<LookAt>
			<longitude>104.4463547705529</longitude>
			<latitude>17.64917822933959</latitude>
			<altitude>147.0337982465542</altitude>
			<heading>145.2881408448816</heading>
			<tilt>0</tilt>
			<gx:fovy>35.00000000000001</gx:fovy>
			<range>272.7405694357367</range>
			<altitudeMode>absolute</altitudeMode>
		</LookAt>
		<styleUrl>#__managed_style_0BED4BCA582A5431B33B</styleUrl>
		<Point>
			<coordinates>104.4463953428297,17.64873804018486,146.3004180550554</coordinates>
		</Point>
	</Placemark>
	<Placemark id="0BF565EBED29FDBEE18A">
		<name>md6-db-212-0301-267+985</name>
		<LookAt>
			<longitude>104.446757670574</longitude>
			<latitude>17.64866693240185</latitude>
			<altitude>147.407401279497</altitude>
			<heading>145.2882629946527</heading>
			<tilt>0</tilt>
			<gx:fovy>35.00000000000001</gx:fovy>
			<range>272.3669697116566</range>
			<altitudeMode>absolute</altitudeMode>
		</LookAt>
		<styleUrl>#__managed_style_0BED4BCA582A5431B33B</styleUrl>
		<Point>
			<coordinates>104.446573214467,17.64847190245628,147.2643528695846</coordinates>
		</Point>
	</Placemark>
	<Placemark id="06D507F54429FDBFB49F">
		<name>md7-db-212-0301-268+020</name>
		<LookAt>
			<longitude>104.4466425324262</longitude>
			<latitude>17.64852823173715</latitude>
			<altitude>147.2161064726109</altitude>
			<heading>145.288119210512</heading>
			<tilt>0</tilt>
			<gx:fovy>35</gx:fovy>
			<range>273.7732241976119</range>
			<altitudeMode>absolute</altitudeMode>
		</LookAt>
		<styleUrl>#__managed_style_0BED4BCA582A5431B33B</styleUrl>
		<Point>
			<coordinates>104.4467902598221,17.64819055167403,149.0536656395864</coordinates>
		</Point>
	</Placemark>
	<Placemark id="0311C6C30829FDC090EA">
		<name>md8-db-212-0301-268+055</name>
		<LookAt>
			<longitude>104.4466425324262</longitude>
			<latitude>17.64852823169489</latitude>
			<altitude>147.2161064726109</altitude>
			<heading>145.288119210512</heading>
			<tilt>0</tilt>
			<gx:fovy>35</gx:fovy>
			<range>273.7732241976119</range>
			<altitudeMode>absolute</altitudeMode>
		</LookAt>
		<styleUrl>#__managed_style_0BED4BCA582A5431B33B</styleUrl>
		<Point>
			<coordinates>104.4469605182446,17.64793057665782,149.8830410809999</coordinates>
		</Point>
	</Placemark>
	<Placemark id="087AF46BA629FDC152B5">
		<name>md9-db-212-0301-268+090</name>
		<LookAt>
			<longitude>104.446990927009</longitude>
			<latitude>17.64784352814407</latitude>
			<altitude>149.6857839425667</altitude>
			<heading>145.2882446511479</heading>
			<tilt>0</tilt>
			<gx:fovy>35</gx:fovy>
			<range>243.9509315877876</range>
			<altitudeMode>absolute</altitudeMode>
		</LookAt>
		<styleUrl>#__managed_style_0BED4BCA582A5431B33B</styleUrl>
		<Point>
			<coordinates>104.4471413634516,17.64766737111132,149.0725229226888</coordinates>
		</Point>
	</Placemark>
	<Placemark id="01460B5F6B29FDC1A2CE">
		<name>md10-db-212-0301-268+125</name>
		<LookAt>
			<longitude>104.4473974952106</longitude>
			<latitude>17.64734361492905</latitude>
			<altitude>146.8131113252604</altitude>
			<heading>145.2883679079737</heading>
			<tilt>0</tilt>
			<gx:fovy>35</gx:fovy>
			<range>246.8236327852355</range>
			<altitudeMode>absolute</altitudeMode>
		</LookAt>
		<styleUrl>#__managed_style_0BED4BCA582A5431B33B</styleUrl>
		<Point>
			<coordinates>104.4473408494495,17.6473957036137,147.3553427838884</coordinates>
		</Point>
	</Placemark>
	<Placemark id="0EFC7CF3CA29FDC21A85">
		<name>md11-db-212-0301-268+160</name>
		<LookAt>
			<longitude>104.4473974952106</longitude>
			<latitude>17.64734361488678</latitude>
			<altitude>146.8130735951729</altitude>
			<heading>145.2883679079737</heading>
			<tilt>0</tilt>
			<gx:fovy>35</gx:fovy>
			<range>246.8236791404343</range>
			<altitudeMode>absolute</altitudeMode>
		</LookAt>
		<styleUrl>#__managed_style_0BED4BCA582A5431B33B</styleUrl>
		<Point>
			<coordinates>104.4475272037293,17.64712882989222,146.0854204597637</coordinates>
		</Point>
	</Placemark>
	<Placemark id="0DEA1464C429FDC26072">
		<name>md12-db-212-0301-268+195</name>
		<LookAt>
			<longitude>104.4477080812217</longitude>
			<latitude>17.64695288004223</latitude>
			<altitude>145.9223328607875</altitude>
			<heading>145.2884620639553</heading>
			<tilt>0</tilt>
			<gx:fovy>35</gx:fovy>
			<range>247.7144174614295</range>
			<altitudeMode>absolute</altitudeMode>
		</LookAt>
		<styleUrl>#__managed_style_0BED4BCA582A5431B33B</styleUrl>
		<Point>
			<coordinates>104.447720866603,17.64686776776355,146.0544951062706</coordinates>
		</Point>
	</Placemark>
	<Placemark id="0CE25EF06429FDC2A1AE">
		<name>md13-db-212-0301-268+230</name>
		<LookAt>
			<longitude>104.4477080812217</longitude>
			<latitude>17.64695288001054</latitude>
			<altitude>145.9223328607875</altitude>
			<heading>145.2884620639553</heading>
			<tilt>0</tilt>
			<gx:fovy>35</gx:fovy>
			<range>247.7144174614295</range>
			<altitudeMode>absolute</altitudeMode>
		</LookAt>
		<styleUrl>#__managed_style_0BED4BCA582A5431B33B</styleUrl>
		<Point>
			<coordinates>104.4479147387516,17.64660613350782,145.5333028181309</coordinates>
		</Point>
	</Placemark>
	<Placemark id="0543E0489029FDC31818">
		<name>md14-db-212-0301-268+265</name>
		<LookAt>
			<longitude>104.4480626153889</longitude>
			<latitude>17.64646267489912</latitude>
			<altitude>145.4062572603865</altitude>
			<heading>145.2885695405497</heading>
			<tilt>0</tilt>
			<gx:fovy>35</gx:fovy>
			<range>248.2304898887742</range>
			<altitudeMode>absolute</altitudeMode>
		</LookAt>
		<styleUrl>#__managed_style_0BED4BCA582A5431B33B</styleUrl>
		<Point>
			<coordinates>104.4480959179928,17.64633896793577,146.1133793703271</coordinates>
		</Point>
	</Placemark>
	<Placemark id="0EA062A5A829FDC38851">
		<name>md15-db-212-0301-268+300</name>
		<LookAt>
			<longitude>104.448140009362</longitude>
			<latitude>17.64631530736878</latitude>
			<altitude>145.933275420786</altitude>
			<heading>145.2885695418468</heading>
			<tilt>0</tilt>
			<gx:fovy>35</gx:fovy>
			<range>243.8835079512501</range>
			<altitudeMode>absolute</altitudeMode>
		</LookAt>
		<styleUrl>#__managed_style_0BED4BCA582A5431B33B</styleUrl>
		<Point>
			<coordinates>104.4482796062616,17.64607235020005,147.1032384191305</coordinates>
		</Point>
	</Placemark>
	<Placemark id="060E3AEE0C29FDC3CF8C">
		<name>md16-db-212-0301-268+335</name>
		<LookAt>
			<longitude>104.4483467575923</longitude>
			<latitude>17.64601306004338</latitude>
			<altitude>146.5837215082392</altitude>
			<heading>145.2886322154806</heading>
			<tilt>0</tilt>
			<gx:fovy>35</gx:fovy>
			<range>243.2330749804169</range>
			<altitudeMode>absolute</altitudeMode>
		</LookAt>
		<styleUrl>#__managed_style_0BED4BCA582A5431B33B</styleUrl>
		<Point>
			<coordinates>104.4484662391394,17.64581034721426,146.1036892266951</coordinates>
		</Point>
	</Placemark>
	<Placemark id="048ED93CF829FDC42101">
		<name>md17-db-212-0301-268+370</name>
		<LookAt>
			<longitude>104.4485769568178</longitude>
			<latitude>17.64564549010151</latitude>
			<altitude>146.0862584325723</altitude>
			<heading>145.2887019959073</heading>
			<tilt>0</tilt>
			<gx:fovy>35</gx:fovy>
			<range>243.7305589730749</range>
			<altitudeMode>absolute</altitudeMode>
		</LookAt>
		<styleUrl>#__managed_style_0BED4BCA582A5431B33B</styleUrl>
		<Point>
			<coordinates>104.4486601076177,17.64554643015227,146.3017794240128</coordinates>
		</Point>
	</Placemark>
	<Placemark id="073522749829FDC4A005">
		<name>md18-db-212-0301-268+405</name>
		<LookAt>
			<longitude>104.4485769568178</longitude>
			<latitude>17.64564549010151</latitude>
			<altitude>146.0862584325723</altitude>
			<heading>145.2887019959073</heading>
			<tilt>0</tilt>
			<gx:fovy>35</gx:fovy>
			<range>243.7305589730749</range>
			<altitudeMode>absolute</altitudeMode>
		</LookAt>
		<styleUrl>#__managed_style_0BED4BCA582A5431B33B</styleUrl>
		<Point>
			<coordinates>104.4488623028838,17.64530516339992,147.1835390856307</coordinates>
		</Point>
	</Placemark>
	<Placemark id="0D3556C4B829FDC595A5">
		<name>md19-db-212-0301-268+440</name>
		<LookAt>
			<longitude>104.4490773063063</longitude>
			<latitude>17.64511526221451</latitude>
			<altitude>147.3108125060578</altitude>
			<heading>145.2888536609653</heading>
			<tilt>0</tilt>
			<gx:fovy>35</gx:fovy>
			<range>242.5060168661003</range>
			<altitudeMode>absolute</altitudeMode>
		</LookAt>
		<styleUrl>#__managed_style_0BED4BCA582A5431B33B</styleUrl>
		<Point>
			<coordinates>104.4491016217648,17.64507672851942,147.5057723131244</coordinates>
		</Point>
	</Placemark>
	<Placemark id="0A152AC8C929FDC616E0">
		<name>md20-db-212-0301-268+475</name>
		<LookAt>
			<longitude>104.4494199231007</longitude>
			<latitude>17.64517373884116</latitude>
			<altitude>148.0742554846951</altitude>
			<heading>145.2888536656273</heading>
			<tilt>0</tilt>
			<gx:fovy>35</gx:fovy>
			<range>249.0811541404764</range>
			<altitudeMode>absolute</altitudeMode>
		</LookAt>
		<styleUrl>#__managed_style_0BED4BCA582A5431B33B</styleUrl>
		<Point>
			<coordinates>104.4493573987662,17.64487501453027,147.6535200179404</coordinates>
		</Point>
	</Placemark>
	<Placemark id="0C4D62563C29FDC66063">
		<name>md21-db-212-0301-268+510</name>
		<LookAt>
			<longitude>104.4494199231007</longitude>
			<latitude>17.64517373879889</latitude>
			<altitude>148.0742554846951</altitude>
			<heading>145.2888536656273</heading>
			<tilt>0</tilt>
			<gx:fovy>35</gx:fovy>
			<range>249.0811541404764</range>
			<altitudeMode>absolute</altitudeMode>
		</LookAt>
		<styleUrl>#__managed_style_0BED4BCA582A5431B33B</styleUrl>
		<Point>
			<coordinates>104.4496392615845,17.64469370013656,147.1933154961362</coordinates>
		</Point>
	</Placemark>
	<Placemark id="0D0C90887629FDC6CF1C">
		<name>md22-db-212-0301-268+545</name>
		<LookAt>
			<longitude>104.4498282897717</longitude>
			<latitude>17.64479351076171</latitude>
			<altitude>146.9700154948436</altitude>
			<heading>124.2861379343455</heading>
			<tilt>0</tilt>
			<gx:fovy>35</gx:fovy>
			<range>250.1854045067739</range>
			<altitudeMode>absolute</altitudeMode>
		</LookAt>
		<styleUrl>#__managed_style_0BED4BCA582A5431B33B</styleUrl>
		<Point>
			<coordinates>104.4499374463639,17.64453856144667,147.600534733759</coordinates>
		</Point>
	</Placemark>
	<Placemark id="01BBEF15C429FDC71BBF">
		<name>md23-db-212-0301-268+580</name>
		<LookAt>
			<longitude>104.4502399270176</longitude>
			<latitude>17.64444336353824</latitude>
			<altitude>149.4428366007143</altitude>
			<heading>124.2862627039895</heading>
			<tilt>0</tilt>
			<gx:fovy>35</gx:fovy>
			<range>247.7125864310802</range>
			<altitudeMode>absolute</altitudeMode>
		</LookAt>
		<styleUrl>#__managed_style_0BED4BCA582A5431B33B</styleUrl>
		<Point>
			<coordinates>104.4502516340843,17.64441250444231,149.7512194521817</coordinates>
		</Point>
	</Placemark>
	<Placemark id="041649989529FDC785C7">
		<name>md24-db-212-0301-268+615</name>
		<LookAt>
			<longitude>104.450239927062</longitude>
			<latitude>17.64444336358051</latitude>
			<altitude>149.4428366007143</altitude>
			<heading>124.2862627039895</heading>
			<tilt>0</tilt>
			<gx:fovy>35</gx:fovy>
			<range>247.7125864310801</range>
			<altitudeMode>absolute</altitudeMode>
		</LookAt>
		<styleUrl>#__managed_style_0BED4BCA582A5431B33B</styleUrl>
		<Point>
			<coordinates>104.4505703804179,17.64431646993811,149.2804555962677</coordinates>
		</Point>
	</Placemark>
	<Placemark id="0B5828916E29FDC89AF1">
		<name>md25-db-212-0301-268+650</name>
		<LookAt>
			<longitude>104.4507283458214</longitude>
			<latitude>17.64437020677066</latitude>
			<altitude>149.0129229860721</altitude>
			<heading>124.2864107443639</heading>
			<tilt>0</tilt>
			<gx:fovy>35</gx:fovy>
			<range>248.1425077216045</range>
			<altitudeMode>absolute</altitudeMode>
		</LookAt>
		<styleUrl>#__managed_style_0BED4BCA582A5431B33B</styleUrl>
		<Point>
			<coordinates>104.450918076722,17.64425051744226,149.1673276064864</coordinates>
		</Point>
	</Placemark>
	<Placemark id="0884077A2629FDC90E3A">
		<name>md26-db-212-0301-268+685</name>
		<LookAt>
			<longitude>104.4509403594455</longitude>
			<latitude>17.6441670681766</latitude>
			<altitude>148.7757820671564</altitude>
			<heading>124.2864107456669</heading>
			<tilt>0</tilt>
			<gx:fovy>35</gx:fovy>
			<range>348.8673481777005</range>
			<altitudeMode>absolute</altitudeMode>
		</LookAt>
		<styleUrl>#__managed_style_0BED4BCA582A5431B33B</styleUrl>
		<Point>
			<coordinates>104.4512499409333,17.6442164598814,148.4112033241174</coordinates>
		</Point>
	</Placemark>
	<Placemark id="03F7D6C58529FDC96B5B">
		<name>md27-db-212-0301-268+720</name>
		<LookAt>
			<longitude>104.4510402421165</longitude>
			<latitude>17.644185991084</latitude>
			<altitude>148.5878436126211</altitude>
			<heading>124.2864107470935</heading>
			<tilt>0</tilt>
			<gx:fovy>35</gx:fovy>
			<range>242.6188917749823</range>
			<altitudeMode>absolute</altitudeMode>
		</LookAt>
		<styleUrl>#__managed_style_0BED4BCA582A5431B33B</styleUrl>
		<Point>
			<coordinates>104.4515795490493,17.6442100520871,148.0384767826114</coordinates>
		</Point>
	</Placemark>
	<Placemark id="04237ED0FC29FDC9BED7">
		<name>md28-db-212-0301-268+755</name>
		<LookAt>
			<longitude>104.4516587203923</longitude>
			<latitude>17.64412320718596</latitude>
			<altitude>147.6499848218793</altitude>
			<heading>124.2865982104955</heading>
			<tilt>0</tilt>
			<gx:fovy>35</gx:fovy>
			<range>243.5567733330754</range>
			<altitudeMode>absolute</altitudeMode>
		</LookAt>
		<styleUrl>#__managed_style_0BED4BCA582A5431B33B</styleUrl>
		<Point>
			<coordinates>104.4519189342804,17.64420260337341,147.4685267714399</coordinates>
		</Point>
	</Placemark>
	<Placemark id="0F5B12D4AD29FDCA162A">
		<name>md29-db-212-0301-268+790</name>
		<LookAt>
			<longitude>104.4524197778446</longitude>
			<latitude>17.64418183636866</latitude>
			<altitude>147.006542255472</altitude>
			<heading>91.52080497794857</heading>
			<tilt>0</tilt>
			<gx:fovy>35</gx:fovy>
			<range>244.0509661066245</range>
			<altitudeMode>absolute</altitudeMode>
		</LookAt>
		<styleUrl>#__managed_style_0BED4BCA582A5431B33B</styleUrl>
		<Point>
			<coordinates>104.4522519264557,17.64419482667833,147.185329566889</coordinates>
		</Point>
	</Placemark>
	<Placemark id="05CCF9E6E929FDCA6191">
		<name>md30-db-212-0301-268+825</name>
		<LookAt>
			<longitude>104.452419777889</longitude>
			<latitude>17.64418183640036</latitude>
			<altitude>147.0065611198084</altitude>
			<heading>91.52080497794857</heading>
			<tilt>0</tilt>
			<gx:fovy>35</gx:fovy>
			<range>244.0509429290251</range>
			<altitudeMode>absolute</altitudeMode>
		</LookAt>
		<styleUrl>#__managed_style_0BED4BCA582A5431B33B</styleUrl>
		<Point>
			<coordinates>104.4525834089696,17.64419079228296,147.5498244036031</coordinates>
		</Point>
	</Placemark>
	<Placemark id="05DD20F67F29FDCAA4D2">
		<name>md31-db-212-0301-268+860</name>
		<LookAt>
			<longitude>104.4524197779334</longitude>
			<latitude>17.64418183643206</latitude>
			<altitude>147.0065611198084</altitude>
			<heading>91.52080497794857</heading>
			<tilt>0</tilt>
			<gx:fovy>35</gx:fovy>
			<range>244.050942929025</range>
			<altitudeMode>absolute</altitudeMode>
		</LookAt>
		<styleUrl>#__managed_style_0BED4BCA582A5431B33B</styleUrl>
		<Point>
			<coordinates>104.4529153787393,17.6441852299581,148.6639680631866</coordinates>
		</Point>
	</Placemark>
	<Placemark id="0B5406909129FDCAED7C">
		<name>md32-db-212-0301-268+895</name>
		<LookAt>
			<longitude>104.4532771118011</longitude>
			<latitude>17.64416304345018</latitude>
			<altitude>149.0130101100231</altitude>
			<heading>91.52106483880532</heading>
			<tilt>0</tilt>
			<gx:fovy>35</gx:fovy>
			<range>242.0445045076486</range>
			<altitudeMode>absolute</altitudeMode>
		</LookAt>
		<styleUrl>#__managed_style_0BED4BCA582A5431B33B</styleUrl>
		<Point>
			<coordinates>104.453251748064,17.6441781390245,149.1797302359374</coordinates>
		</Point>
	</Placemark>
	<Placemark id="05320E1F4629FDCB3C03">
		<name>md33-db-212-0301-268+930</name>
		<LookAt>
			<longitude>104.4534941584866</longitude>
			<latitude>17.64414460033713</latitude>
			<altitude>149.449441507793</altitude>
			<heading>91.52113062673048</heading>
			<tilt>0</tilt>
			<gx:fovy>35</gx:fovy>
			<range>241.6080703117041</range>
			<altitudeMode>absolute</altitudeMode>
		</LookAt>
		<styleUrl>#__managed_style_0BED4BCA582A5431B33B</styleUrl>
		<Point>
			<coordinates>104.4535872988983,17.6441725442181,149.5953278729661</coordinates>
		</Point>
	</Placemark>
	<Placemark id="02D04DE7FA29FDCC3611">
		<name>md34-db-212-0301-268+965</name>
		<LookAt>
			<longitude>104.4536669084883</longitude>
			<latitude>17.64383057231456</latitude>
			<altitude>148.4997979942268</altitude>
			<heading>90.62003927083548</heading>
			<tilt>0</tilt>
			<gx:fovy>35</gx:fovy>
			<range>344.5230780193015</range>
			<altitudeMode>absolute</altitudeMode>
		</LookAt>
		<styleUrl>#__managed_style_0BED4BCA582A5431B33B</styleUrl>
		<Point>
			<coordinates>104.4539329784301,17.64416533754104,149.1048828373689</coordinates>
		</Point>
	</Placemark>
	<Placemark id="0D5258D2D529FDCC79A6">
		<name>md35-db-212-0301-269+000</name>
		<LookAt>
			<longitude>104.4536669084883</longitude>
			<latitude>17.64383057231456</latitude>
			<altitude>148.4997979942268</altitude>
			<heading>90.62003927083548</heading>
			<tilt>0</tilt>
			<gx:fovy>35</gx:fovy>
			<range>344.5230780193015</range>
			<altitudeMode>absolute</altitudeMode>
		</LookAt>
		<styleUrl>#__managed_style_0BED4BCA582A5431B33B</styleUrl>
		<Point>
			<coordinates>104.4542590093005,17.64415719527248,149.142081445161</coordinates>
		</Point>
	</Placemark>
	<Placemark id="0572F5486329FDCCFDE1">
		<name>md36-db-212-0301-269+035</name>
		<LookAt>
			<longitude>104.4543884964539</longitude>
			<latitude>17.64381083067596</latitude>
			<altitude>148.3428125431905</altitude>
			<heading>90.62025798484659</heading>
			<tilt>0</tilt>
			<gx:fovy>35</gx:fovy>
			<range>344.6800598997652</range>
			<altitudeMode>absolute</altitudeMode>
		</LookAt>
		<styleUrl>#__managed_style_0BED4BCA582A5431B33B</styleUrl>
		<Point>
			<coordinates>104.4545872204053,17.64414477530367,149.1797574134086</coordinates>
		</Point>
	</Placemark>
	<Placemark id="008B4EF84B29FDCD870F">
		<name>md37-db-212-0301-269+070</name>
		<LookAt>
			<longitude>104.4543884964539</longitude>
			<latitude>17.64381083067596</latitude>
			<altitude>148.3428125431905</altitude>
			<heading>90.6202579848466</heading>
			<tilt>0</tilt>
			<gx:fovy>35</gx:fovy>
			<range>344.6800598997652</range>
			<altitudeMode>absolute</altitudeMode>
		</LookAt>
		<styleUrl>#__managed_style_0BED4BCA582A5431B33B</styleUrl>
		<Point>
			<coordinates>104.4549310435133,17.64414408748613,149.1796692530344</coordinates>
		</Point>
	</Placemark>
	<Placemark id="006687FBF029FDCDCE5A">
		<name>md38-db-212-0301-269+105</name>
		<LookAt>
			<longitude>104.4555621314028</longitude>
			<latitude>17.64390963800196</latitude>
			<altitude>147.5599136434197</altitude>
			<heading>90.62061371795208</heading>
			<tilt>0</tilt>
			<gx:fovy>35</gx:fovy>
			<range>345.4629528509395</range>
			<altitudeMode>absolute</altitudeMode>
		</LookAt>
		<styleUrl>#__managed_style_0BED4BCA582A5431B33B</styleUrl>
		<Point>
			<coordinates>104.4552713839803,17.64413252751819,148.9503139583419</coordinates>
		</Point>
	</Placemark>
	<Placemark id="0F8AB8508029FDCE1D89">
		<name>md39-db-212-0301-269+140</name>
		<LookAt>
			<longitude>104.4558245572658</longitude>
			<latitude>17.64384325903639</latitude>
			<altitude>148.7469912646115</altitude>
			<heading>90.62069326065675</heading>
			<tilt>0</tilt>
			<gx:fovy>35</gx:fovy>
			<range>344.2759120997289</range>
			<altitudeMode>absolute</altitudeMode>
		</LookAt>
		<styleUrl>#__managed_style_0BED4BCA582A5431B33B</styleUrl>
		<Point>
			<coordinates>104.4556164636105,17.64412540225572,148.3367053890234</coordinates>
		</Point>
	</Placemark>
	<Placemark id="0501C6065D29FDCE61E6">
		<name>md40-db-212-0301-269+175</name>
		<LookAt>
			<longitude>104.4558245572214</longitude>
			<latitude>17.64384325899413</latitude>
			<altitude>148.7469912646115</altitude>
			<heading>90.62069326065674</heading>
			<tilt>0</tilt>
			<gx:fovy>35</gx:fovy>
			<range>344.2759120997289</range>
			<altitudeMode>absolute</altitudeMode>
		</LookAt>
		<styleUrl>#__managed_style_0BED4BCA582A5431B33B</styleUrl>
		<Point>
			<coordinates>104.4559804372476,17.64411991222487,149.1797805107185</coordinates>
		</Point>
	</Placemark>
	<Placemark id="049AF490EB29FDCEE216">
		<name>md41-db-212-0301-269+210</name>
		<LookAt>
			<longitude>104.455882713915</longitude>
			<latitude>17.64414665243653</latitude>
			<altitude>148.9180402432353</altitude>
			<heading>90.62069326065674</heading>
			<tilt>0</tilt>
			<gx:fovy>35</gx:fovy>
			<range>499.9999674237915</range>
			<altitudeMode>absolute</altitudeMode>
		</LookAt>
		<styleUrl>#__managed_style_0BED4BCA582A5431B33B</styleUrl>
		<Point>
			<coordinates>104.4563783187208,17.64411141150919,149.1797342608657</coordinates>
		</Point>
	</Placemark>
	<Placemark id="092A9732A529FDD1F9D4">
		<name>md42-db-212-0301-269+315</name>
		<LookAt>
			<longitude>104.4573631021694</longitude>
			<latitude>17.64395912762383</latitude>
			<altitude>149.0130633969989</altitude>
			<heading>90.6209441473124</heading>
			<tilt>0</tilt>
			<gx:fovy>35</gx:fovy>
			<range>499.9098529174809</range>
			<altitudeMode>absolute</altitudeMode>
		</LookAt>
		<styleUrl>#__managed_style_0BED4BCA582A5431B33B</styleUrl>
		<Point>
			<coordinates>104.4574646954398,17.64408043687543,149.1796998988551</coordinates>
		</Point>
	</Placemark>
	<Placemark id="0147F8CCF229FDD28EAD">
		<name>md43-db-212-0301-269+350</name>
		<LookAt>
			<longitude>104.4573631021638</longitude>
			<latitude>17.6439591275393</latitude>
			<altitude>149.0130633969989</altitude>
			<heading>90.6209441473124</heading>
			<tilt>0</tilt>
			<gx:fovy>35</gx:fovy>
			<range>499.9098992726795</range>
			<altitudeMode>absolute</altitudeMode>
		</LookAt>
		<styleUrl>#__managed_style_0BED4BCA582A5431B33B</styleUrl>
		<Point>
			<coordinates>104.4578030989135,17.64407402647611,148.8880183849022</coordinates>
		</Point>
	</Placemark>
	<Placemark id="0FE3AD37D229FDD402AA">
		<name>md44-db-212-0301-269+385</name>
		<LookAt>
			<longitude>104.4573638723601</longitude>
			<latitude>17.64396090646801</latitude>
			<altitude>149.0130261563799</altitude>
			<heading>90.62094393198777</heading>
			<tilt>0</tilt>
			<gx:fovy>35</gx:fovy>
			<range>500.5218342509761</range>
			<altitudeMode>absolute</altitudeMode>
		</LookAt>
		<styleUrl>#__managed_style_0BED4BCA582A5431B33B</styleUrl>
		<Point>
			<coordinates>104.4581496481851,17.64406344892578,148.7117686322225</coordinates>
		</Point>
	</Placemark>
	<Placemark id="0FF6C1917029FDD45F45">
		<name>md45-db-212-0301-269+420</name>
		<LookAt>
			<longitude>104.4583949330948</longitude>
			<latitude>17.64381585478827</latitude>
			<altitude>148.6131219931455</altitude>
			<heading>90.62125644471141</heading>
			<tilt>0</tilt>
			<gx:fovy>35</gx:fovy>
			<range>500.9217869055284</range>
			<altitudeMode>absolute</altitudeMode>
		</LookAt>
		<styleUrl>#__managed_style_0BED4BCA582A5431B33B</styleUrl>
		<Point>
			<coordinates>104.4584914441436,17.64403583531753,149.4847035131828</coordinates>
		</Point>
	</Placemark>
	<Placemark id="06251503A029FDD4AD79">
		<name>md46-db-212-0301-269+455</name>
		<LookAt>
			<longitude>104.4583949330948</longitude>
			<latitude>17.64381585478827</latitude>
			<altitude>148.6131219931455</altitude>
			<heading>90.62125644471141</heading>
			<tilt>0</tilt>
			<gx:fovy>35</gx:fovy>
			<range>500.9217869055284</range>
			<altitudeMode>absolute</altitudeMode>
		</LookAt>
		<styleUrl>#__managed_style_0BED4BCA582A5431B33B</styleUrl>
		<Point>
			<coordinates>104.458851190433,17.64401997169659,149.9664742661638</coordinates>
		</Point>
	</Placemark>
	<Placemark id="0C3534257629FDD50091">
		<name>md47-db-212-0301-269+490</name>
		<LookAt>
			<longitude>104.4589223967718</longitude>
			<latitude>17.64377769128574</latitude>
			<altitude>149.0052388677793</altitude>
			<heading>90.62141631978236</heading>
			<tilt>0</tilt>
			<gx:fovy>35</gx:fovy>
			<range>500.5297146347584</range>
			<altitudeMode>absolute</altitudeMode>
		</LookAt>
		<styleUrl>#__managed_style_0BED4BCA582A5431B33B</styleUrl>
		<Point>
			<coordinates>104.4591908342883,17.64401327373087,150.61204082383</coordinates>
		</Point>
	</Placemark>
	<Placemark id="01CD3EAF9229FDD54241">
		<name>md48-db-212-0301-269+525</name>
		<LookAt>
			<longitude>104.4589223967273</longitude>
			<latitude>17.64377769120121</latitude>
			<altitude>149.0052388677793</altitude>
			<heading>90.62141631978236</heading>
			<tilt>0</tilt>
			<gx:fovy>35</gx:fovy>
			<range>500.5297146347584</range>
			<altitudeMode>absolute</altitudeMode>
		</LookAt>
		<styleUrl>#__managed_style_0BED4BCA582A5431B33B</styleUrl>
		<Point>
			<coordinates>104.4595274923464,17.64400941216799,151.4110588189292</coordinates>
		</Point>
	</Placemark>
	<Placemark id="0A47C0D24B29FDDAFFD3">
		<name>md49-db-212-0301-269+560</name>
		<LookAt>
			<longitude>104.4597438676042</longitude>
			<latitude>17.64373060154172</latitude>
			<altitude>151.5187117598853</altitude>
			<heading>90.6216653195777</heading>
			<tilt>0</tilt>
			<gx:fovy>35</gx:fovy>
			<range>498.0162894049863</range>
			<altitudeMode>absolute</altitudeMode>
		</LookAt>
		<styleUrl>#__managed_style_0BED4BCA582A5431B33B</styleUrl>
		<Point>
			<coordinates>104.4598777729976,17.64399647688512,152.2739155806472</coordinates>
		</Point>
	</Placemark>
	<Placemark id="0AEA0F7A1429FDDB597F">
		<name>md50-db-212-0301-269+595</name>
		<LookAt>
			<longitude>104.4597501647696</longitude>
			<latitude>17.64394266603859</latitude>
			<altitude>152.1037145841671</altitude>
			<heading>90.62166531969537</heading>
			<tilt>0</tilt>
			<gx:fovy>35</gx:fovy>
			<range>290.8389137838094</range>
			<altitudeMode>absolute</altitudeMode>
		</LookAt>
		<styleUrl>#__managed_style_0BED4BCA582A5431B33B</styleUrl>
		<Point>
			<coordinates>104.4602170238797,17.64398124426697,152.2739194568712</coordinates>
		</Point>
	</Placemark>
	<Placemark id="0E709CA75929FDDC0643">
		<name>md51-db-212-0301-269+630</name>
		<LookAt>
			<longitude>104.4603799765205</longitude>
			<latitude>17.64407155391152</latitude>
			<altitude>151.8248625620024</altitude>
			<heading>77.43851416757228</heading>
			<tilt>0</tilt>
			<gx:fovy>35</gx:fovy>
			<range>224.2426016553873</range>
			<altitudeMode>absolute</altitudeMode>
		</LookAt>
		<styleUrl>#__managed_style_0BED4BCA582A5431B33B</styleUrl>
		<Point>
			<coordinates>104.4605491820817,17.64401402816454,151.5193152632901</coordinates>
		</Point>
	</Placemark>
	<Placemark id="0FB1C2D9F629FDEDA26B">
		<name>md52-db-212-0301-269+875</name>
		<LookAt>
			<longitude>104.4628845935516</longitude>
			<latitude>17.64465423381533</latitude>
			<altitude>153.0310131080788</altitude>
			<heading>87.12319548727928</heading>
			<tilt>0</tilt>
			<gx:fovy>35</gx:fovy>
			<range>518.9390328334413</range>
			<altitudeMode>absolute</altitudeMode>
		</LookAt>
		<styleUrl>#__managed_style_0BED4BCA582A5431B33B</styleUrl>
		<Point>
			<coordinates>104.4629738309262,17.64401448357251,151.6034621367778</coordinates>
		</Point>
	</Placemark>
	<Placemark id="0B557F94B829FDEE35B3">
		<name>md53-db-212-0301-269+910</name>
		<LookAt>
			<longitude>104.462884593585</longitude>
			<latitude>17.64465423381533</latitude>
			<altitude>153.0310508367516</altitude>
			<heading>87.12319548727928</heading>
			<tilt>0</tilt>
			<gx:fovy>35</gx:fovy>
			<range>518.9390328334412</range>
			<altitudeMode>absolute</altitudeMode>
		</LookAt>
		<styleUrl>#__managed_style_0BED4BCA582A5431B33B</styleUrl>
		<Point>
			<coordinates>104.4633199377394,17.64399821986334,152.668360299328</coordinates>
		</Point>
	</Placemark>
	<Placemark id="0005ADAC1229FDF13565">
		<name>md54-db-212-0301-269+945</name>
		<LookAt>
			<longitude>104.4633371121932</longitude>
			<latitude>17.6441372788603</latitude>
			<altitude>152.6941239824303</altitude>
			<heading>87.12363765816666</heading>
			<tilt>0</tilt>
			<gx:fovy>35</gx:fovy>
			<range>379.506488921761</range>
			<altitudeMode>absolute</altitudeMode>
		</LookAt>
		<styleUrl>#__managed_style_0BED4BCA582A5431B33B</styleUrl>
		<Point>
			<coordinates>104.4636607413981,17.64398419238218,151.2173125105519</coordinates>
		</Point>
	</Placemark>
	<Placemark id="0F9D8A539A29FDF17D47">
		<name>md55-db-212-0301-269+980</name>
		<LookAt>
			<longitude>104.4633371121932</longitude>
			<latitude>17.64413727890257</latitude>
			<altitude>152.6941239824303</altitude>
			<heading>87.12363765816666</heading>
			<tilt>0</tilt>
			<gx:fovy>35</gx:fovy>
			<range>379.506488921761</range>
			<altitudeMode>absolute</altitudeMode>
		</LookAt>
		<styleUrl>#__managed_style_0BED4BCA582A5431B33B</styleUrl>
		<Point>
			<coordinates>104.4639953655777,17.6439701114967,150.281217841462</coordinates>
		</Point>
	</Placemark>
	<Placemark id="0F6C2209B029FDF1C42F">
		<name>md56-db-212-0301-270+015</name>
		<LookAt>
			<longitude>104.464672323487</longitude>
			<latitude>17.64389872138331</latitude>
			<altitude>150.9509102254858</altitude>
			<heading>87.12404238425574</heading>
			<tilt>0</tilt>
			<gx:fovy>35</gx:fovy>
			<range>381.2497457024074</range>
			<altitudeMode>absolute</altitudeMode>
		</LookAt>
		<styleUrl>#__managed_style_0BED4BCA582A5431B33B</styleUrl>
		<Point>
			<coordinates>104.4643431179079,17.64396512111922,150.5305141163171</coordinates>
		</Point>
	</Placemark>
	<Placemark id="0D2B025E3429FDF2A558">
		<name>md57-db-212-0301-270+050</name>
		<LookAt>
			<longitude>104.4642925782591</longitude>
			<latitude>17.64381671149455</latitude>
			<altitude>150.6250920193729</altitude>
			<heading>87.12404238425574</heading>
			<tilt>0</tilt>
			<gx:fovy>35</gx:fovy>
			<range>500.0000137789903</range>
			<altitudeMode>absolute</altitudeMode>
		</LookAt>
		<styleUrl>#__managed_style_0BED4BCA582A5431B33B</styleUrl>
		<Point>
			<coordinates>104.4646635251963,17.64398401604761,150.3840329538853</coordinates>
		</Point>
	</Placemark>
	<Placemark id="005E201C9A29FDF30225">
		<name>md58-db-212-0301-270+085</name>
		<LookAt>
			<longitude>104.4647630034193</longitude>
			<latitude>17.64371669201282</latitude>
			<altitude>150.7610886914424</altitude>
			<heading>87.12409953700977</heading>
			<tilt>0</tilt>
			<gx:fovy>35</gx:fovy>
			<range>293.547957952178</range>
			<altitudeMode>absolute</altitudeMode>
		</LookAt>
		<styleUrl>#__managed_style_0BED4BCA582A5431B33B</styleUrl>
		<Point>
			<coordinates>104.4650037150709,17.64395550520125,149.6882822595767</coordinates>
		</Point>
	</Placemark>
	<Placemark id="005FBC880229FDF34D38">
		<name>md59-db-212-0301-270+120</name>
		<LookAt>
			<longitude>104.4654013869755</longitude>
			<latitude>17.643900807285</latitude>
			<altitude>148.4540150420041</altitude>
			<heading>87.12429303488112</heading>
			<tilt>0</tilt>
			<gx:fovy>35</gx:fovy>
			<range>295.8550561924494</range>
			<altitudeMode>absolute</altitudeMode>
		</LookAt>
		<styleUrl>#__managed_style_0BED4BCA582A5431B33B</styleUrl>
		<Point>
			<coordinates>104.4653446917206,17.64393679703669,148.608374299768</coordinates>
		</Point>
	</Placemark>
	<Placemark id="0890A13DA529FDF3A875">
		<name>md60-db-212-0301-270+155</name>
		<LookAt>
			<longitude>104.4659160244465</longitude>
			<latitude>17.64393787513884</latitude>
			<altitude>148.0319872716871</altitude>
			<heading>87.12444902458273</heading>
			<tilt>0</tilt>
			<gx:fovy>35</gx:fovy>
			<range>296.2770970991915</range>
			<altitudeMode>absolute</altitudeMode>
		</LookAt>
		<styleUrl>#__managed_style_0BED4BCA582A5431B33B</styleUrl>
		<Point>
			<coordinates>104.4656926376478,17.64390311277556,148.1472083582804</coordinates>
		</Point>
	</Placemark>
	<Placemark id="0F79CBE7E529FDF3F8F1">
		<name>md61-db-212-0301-270+190</name>
		<LookAt>
			<longitude>104.4659160244465</longitude>
			<latitude>17.64393787513884</latitude>
			<altitude>148.0319872716871</altitude>
			<heading>87.12444902458273</heading>
			<tilt>0</tilt>
			<gx:fovy>35</gx:fovy>
			<range>296.2770970991915</range>
			<altitudeMode>absolute</altitudeMode>
		</LookAt>
		<styleUrl>#__managed_style_0BED4BCA582A5431B33B</styleUrl>
		<Point>
			<coordinates>104.4660488729265,17.64385566034548,148.2514062389101</coordinates>
		</Point>
	</Placemark>
	<Placemark id="090BE2CC5F29FDF440F4">
		<name>md62-db-212-0301-270+225</name>
		<LookAt>
			<longitude>104.4662502807063</longitude>
			<latitude>17.64373924629427</latitude>
			<altitude>148.05278642128</altitude>
			<heading>87.12455034079343</heading>
			<tilt>0</tilt>
			<gx:fovy>35</gx:fovy>
			<range>296.2563067925657</range>
			<altitudeMode>absolute</altitudeMode>
		</LookAt>
		<styleUrl>#__managed_style_0BED4BCA582A5431B33B</styleUrl>
		<Point>
			<coordinates>104.4663414480566,17.64380735087771,148.24050334276</coordinates>
		</Point>
	</Placemark>
	<Placemark id="032BC49DCD29FDF4F6B6">
		<name>md63-db-212-0301-270+260</name>
		<LookAt>
			<longitude>104.4667991578821</longitude>
			<latitude>17.64352961748966</latitude>
			<altitude>149.9663133147521</altitude>
			<heading>99.68303987992753</heading>
			<tilt>0</tilt>
			<gx:fovy>35</gx:fovy>
			<range>500.0000137789903</range>
			<altitudeMode>absolute</altitudeMode>
		</LookAt>
		<styleUrl>#__managed_style_0BED4BCA582A5431B33B</styleUrl>
		<Point>
			<coordinates>104.4666755778175,17.64372877544664,148.9563550385779</coordinates>
		</Point>
	</Placemark>
	<Placemark id="0A815986AC29FDF54338">
		<name>md64-db-212-0301-270+295</name>
		<LookAt>
			<longitude>104.4667991578821</longitude>
			<latitude>17.64352961753193</latitude>
			<altitude>149.9663133147521</altitude>
			<heading>99.68303987992753</heading>
			<tilt>0</tilt>
			<gx:fovy>35</gx:fovy>
			<range>500.0000137789903</range>
			<altitudeMode>absolute</altitudeMode>
		</LookAt>
		<styleUrl>#__managed_style_0BED4BCA582A5431B33B</styleUrl>
		<Point>
			<coordinates>104.4670371499869,17.64362521374102,149.6172887623781</coordinates>
		</Point>
	</Placemark>
	<Placemark id="053299F7A929FDF58164">
		<name>md65-db-212-0301-270+330</name>
		<LookAt>
			<longitude>104.4667991578821</longitude>
			<latitude>17.64352961757419</latitude>
			<altitude>149.9663133147521</altitude>
			<heading>99.68303987992753</heading>
			<tilt>0</tilt>
			<gx:fovy>35</gx:fovy>
			<range>500.0000137789903</range>
			<altitudeMode>absolute</altitudeMode>
		</LookAt>
		<styleUrl>#__managed_style_0BED4BCA582A5431B33B</styleUrl>
		<Point>
			<coordinates>104.4673265826775,17.64350233360167,148.8949710065851</coordinates>
		</Point>
	</Placemark>
	<Placemark id="067825FC8129FDF5D391">
		<name>md66-db-212-0301-270+365</name>
		<LookAt>
			<longitude>104.4674754730326</longitude>
			<latitude>17.64273773098024</latitude>
			<altitude>145.2876514538164</altitude>
			<heading>99.68324487576284</heading>
			<tilt>0</tilt>
			<gx:fovy>35</gx:fovy>
			<range>504.6785976305546</range>
			<altitudeMode>absolute</altitudeMode>
		</LookAt>
		<styleUrl>#__managed_style_0BED4BCA582A5431B33B</styleUrl>
		<Point>
			<coordinates>104.4676546915128,17.64332655976367,148.1533703676414</coordinates>
		</Point>
	</Placemark>
	<Placemark id="0AE842306129FDF616A1">
		<name>md67-db-212-0301-270+400</name>
		<LookAt>
			<longitude>104.467475473077</longitude>
			<latitude>17.64273773104892</latitude>
			<altitude>145.2876514538164</altitude>
			<heading>99.68324487576284</heading>
			<tilt>0</tilt>
			<gx:fovy>35</gx:fovy>
			<range>504.6785512753559</range>
			<altitudeMode>absolute</altitudeMode>
		</LookAt>
		<styleUrl>#__managed_style_0BED4BCA582A5431B33B</styleUrl>
		<Point>
			<coordinates>104.4679505004234,17.64316360636598,148.0189328045464</coordinates>
		</Point>
	</Placemark>
	<Placemark id="0FFB8C8CD029FDF66492">
		<name>md68-db-212-0301-270+435</name>
		<LookAt>
			<longitude>104.4674754731214</longitude>
			<latitude>17.64273773111761</latitude>
			<altitude>145.2876514538164</altitude>
			<heading>99.68324487576284</heading>
			<tilt>0</tilt>
			<gx:fovy>35</gx:fovy>
			<range>504.6785049201571</range>
			<altitudeMode>absolute</altitudeMode>
		</LookAt>
		<styleUrl>#__managed_style_0BED4BCA582A5431B33B</styleUrl>
		<Point>
			<coordinates>104.4682419798605,17.64298660060376,147.6776307345444</coordinates>
		</Point>
	</Placemark>
	<Placemark id="026A466D3729FDF6AAF4">
		<name>md69-db-212-0301-270+470</name>
		<LookAt>
			<longitude>104.4683763568995</longitude>
			<latitude>17.64236137312128</latitude>
			<altitude>147.3592581802284</altitude>
			<heading>121.7065831935526</heading>
			<tilt>0</tilt>
			<gx:fovy>35</gx:fovy>
			<range>502.0715812545678</range>
			<altitudeMode>absolute</altitudeMode>
		</LookAt>
		<styleUrl>#__managed_style_0BED4BCA582A5431B33B</styleUrl>
		<Point>
			<coordinates>104.468524231947,17.6428047367194,148.0585124618862</coordinates>
		</Point>
	</Placemark>
	<Placemark id="044F70D4A129FDF725AA">
		<name>md70-db-212-0301-270+505</name>
		<LookAt>
			<longitude>104.4683763568884</longitude>
			<latitude>17.64236137312128</latitude>
			<altitude>147.3592581788137</altitude>
			<heading>121.7065831935526</heading>
			<tilt>0</tilt>
			<gx:fovy>35</gx:fovy>
			<range>502.0715812545677</range>
			<altitudeMode>absolute</altitudeMode>
		</LookAt>
		<styleUrl>#__managed_style_0BED4BCA582A5431B33B</styleUrl>
		<Point>
			<coordinates>104.4687810233742,17.6425935274831,149.3089106550059</coordinates>
		</Point>
	</Placemark>
	<Placemark id="00C6EEB0A829FDF762ED">
		<name>md71-db-212-0301-270+540</name>
		<LookAt>
			<longitude>104.4683763568772</longitude>
			<latitude>17.64236137312128</latitude>
			<altitude>147.3592581802284</altitude>
			<heading>121.7065831935526</heading>
			<tilt>0</tilt>
			<gx:fovy>35</gx:fovy>
			<range>502.0715812545677</range>
			<altitudeMode>absolute</altitudeMode>
		</LookAt>
		<styleUrl>#__managed_style_0BED4BCA582A5431B33B</styleUrl>
		<Point>
			<coordinates>104.4690461966851,17.64237700431316,150.3253198370856</coordinates>
		</Point>
	</Placemark>
	<Placemark id="097A28324729FDF7AB43">
		<name>md72-db-212-0301-270+575</name>
		<LookAt>
			<longitude>104.4683763568661</longitude>
			<latitude>17.64236137312128</latitude>
			<altitude>147.3592581802284</altitude>
			<heading>121.7065831935526</heading>
			<tilt>0</tilt>
			<gx:fovy>35</gx:fovy>
			<range>502.0715812545677</range>
			<altitudeMode>absolute</altitudeMode>
		</LookAt>
		<styleUrl>#__managed_style_0BED4BCA582A5431B33B</styleUrl>
		<Point>
			<coordinates>104.4692822750441,17.64214969413134,150.8931577437916</coordinates>
		</Point>
	</Placemark>
	<Placemark id="0F48A8F5DA29FDF7E381">
		<name>md73-db-212-0301-270+610</name>
		<LookAt>
			<longitude>104.4695405170713</longitude>
			<latitude>17.64138009150531</latitude>
			<altitude>149.6854195050902</altitude>
			<heading>121.7069360375709</heading>
			<tilt>0</tilt>
			<gx:fovy>35</gx:fovy>
			<range>499.7454773828213</range>
			<altitudeMode>absolute</altitudeMode>
		</LookAt>
		<styleUrl>#__managed_style_0BED4BCA582A5431B33B</styleUrl>
		<Point>
			<coordinates>104.4695582143315,17.64194673918923,150.4454107162239</coordinates>
		</Point>
	</Placemark>
	<Placemark id="06D983A77C29FDF825B7">
		<name>md74-db-212-0301-270+645</name>
		<LookAt>
			<longitude>104.4695405170713</longitude>
			<latitude>17.64138009144191</latitude>
			<altitude>149.685457233763</altitude>
			<heading>121.7069360375709</heading>
			<tilt>0</tilt>
			<gx:fovy>35</gx:fovy>
			<range>499.7454773828213</range>
			<altitudeMode>absolute</altitudeMode>
		</LookAt>
		<styleUrl>#__managed_style_0BED4BCA582A5431B33B</styleUrl>
		<Point>
			<coordinates>104.4698056202463,17.64174631293665,149.146538196375</coordinates>
		</Point>
	</Placemark>
	<Placemark id="002588AAEC29FDF86447">
		<name>md75-db-212-0301-270+680</name>
		<LookAt>
			<longitude>104.4695405170713</longitude>
			<latitude>17.64138009137851</latitude>
			<altitude>149.6854195050902</altitude>
			<heading>121.7069360375709</heading>
			<tilt>0</tilt>
			<gx:fovy>35</gx:fovy>
			<range>499.7455237380201</range>
			<altitudeMode>absolute</altitudeMode>
		</LookAt>
		<styleUrl>#__managed_style_0BED4BCA582A5431B33B</styleUrl>
		<Point>
			<coordinates>104.4700423973754,17.64153305681503,148.4203167671929</coordinates>
		</Point>
	</Placemark>
	<Placemark id="0F5F9C5F2229FDF8B517">
		<name>md76-db-212-0301-270+715</name>
		<LookAt>
			<longitude>104.4698942292874</longitude>
			<latitude>17.64042455075139</latitude>
			<altitude>146.0232942303766</altitude>
			<heading>121.7070432487718</heading>
			<tilt>0</tilt>
			<gx:fovy>35</gx:fovy>
			<range>503.4077235024598</range>
			<altitudeMode>absolute</altitudeMode>
		</LookAt>
		<styleUrl>#__managed_style_0BED4BCA582A5431B33B</styleUrl>
		<Point>
			<coordinates>104.4703228929085,17.64129806985757,147.2302038473902</coordinates>
		</Point>
	</Placemark>
	<Placemark id="008E546A2129FDF91BFE">
		<name>md77-db-212-0301-270+750</name>
		<LookAt>
			<longitude>104.4701924191065</longitude>
			<latitude>17.64119367317571</latitude>
			<altitude>147.2994741557304</altitude>
			<heading>121.7070432487718</heading>
			<tilt>0</tilt>
			<gx:fovy>35</gx:fovy>
			<range>499.9999674237915</range>
			<altitudeMode>absolute</altitudeMode>
		</LookAt>
		<styleUrl>#__managed_style_0BED4BCA582A5431B33B</styleUrl>
		<Point>
			<coordinates>104.4705093211574,17.64112141543321,146.4855920041227</coordinates>
		</Point>
	</Placemark>
	<Placemark id="03A28F944D29FDFD83F1">
		<name>md78-db-212-0301-270+855</name>
		<LookAt>
			<longitude>104.470416332826</longitude>
			<latitude>17.64076753714092</latitude>
			<altitude>146.7665834220204</altitude>
			<heading>136.6863802166945</heading>
			<tilt>0</tilt>
			<gx:fovy>35</gx:fovy>
			<range>445.5919435826946</range>
			<altitudeMode>absolute</altitudeMode>
		</LookAt>
		<styleUrl>#__managed_style_0BED4BCA582A5431B33B</styleUrl>
		<Point>
			<coordinates>104.47124408469,17.64048295713961,147.7924566492291</coordinates>
		</Point>
	</Placemark>
	<Placemark id="0B0BF8E84E29FDFE8452">
		<name>md79-db-212-0301-270+890</name>
		<LookAt>
			<longitude>104.4711341847546</longitude>
			<latitude>17.64026583048336</latitude>
			<altitude>148.0857572354005</altitude>
			<heading>136.6865977526547</heading>
			<tilt>0</tilt>
			<gx:fovy>35</gx:fovy>
			<range>444.2727673375339</range>
			<altitudeMode>absolute</altitudeMode>
		</LookAt>
		<styleUrl>#__managed_style_0BED4BCA582A5431B33B</styleUrl>
		<Point>
			<coordinates>104.4714886756827,17.64026714236967,148.1388791120008</coordinates>
		</Point>
	</Placemark>
	<Placemark id="0FAA2754CE29FDFECF11">
		<name>md80-db-212-0301-270+925</name>
		<LookAt>
			<longitude>104.4711341847324</longitude>
			<latitude>17.64026583046222</latitude>
			<altitude>148.0857572354005</altitude>
			<heading>136.6865977526547</heading>
			<tilt>0</tilt>
			<gx:fovy>35</gx:fovy>
			<range>444.2727673375339</range>
			<altitudeMode>absolute</altitudeMode>
		</LookAt>
		<styleUrl>#__managed_style_0BED4BCA582A5431B33B</styleUrl>
		<Point>
			<coordinates>104.4717403109601,17.64005446254881,149.5601911430103</coordinates>
		</Point>
	</Placemark>
	<Placemark id="09B1F66EEB29FE03C491">
		<name>md81-db-212-0301-270+960</name>
		<LookAt>
			<longitude>104.4717702169935</longitude>
			<latitude>17.63977899483345</latitude>
			<altitude>151.59716122687</altitude>
			<heading>136.6867904878274</heading>
			<tilt>0</tilt>
			<gx:fovy>35</gx:fovy>
			<range>440.7613610345288</range>
			<altitudeMode>absolute</altitudeMode>
		</LookAt>
		<styleUrl>#__managed_style_0BED4BCA582A5431B33B</styleUrl>
		<Point>
			<coordinates>104.4719935663013,17.6398291263943,149.6433235858754</coordinates>
		</Point>
	</Placemark>
	<Placemark id="098F6B24ED29FE041113">
		<name>md82-db-212-0301-270+995</name>
		<LookAt>
			<longitude>104.4717702169768</longitude>
			<latitude>17.63977899479118</latitude>
			<altitude>151.5971612254554</altitude>
			<heading>136.6867904878274</heading>
			<tilt>0</tilt>
			<gx:fovy>35</gx:fovy>
			<range>440.7613610345289</range>
			<altitudeMode>absolute</altitudeMode>
		</LookAt>
		<styleUrl>#__managed_style_0BED4BCA582A5431B33B</styleUrl>
		<Point>
			<coordinates>104.4722240492847,17.63961309892567,150.8940194820623</coordinates>
		</Point>
	</Placemark>
	<Placemark id="0B9739FB2229FE04A393">
		<name>md83-db-212-0301-271+030</name>
		<LookAt>
			<longitude>104.4721023676243</longitude>
			<latitude>17.63954850934768</latitude>
			<altitude>152.4534043086307</altitude>
			<heading>136.6867904878274</heading>
			<tilt>0</tilt>
			<gx:fovy>37.07387169602832</gx:fovy>
			<range>458.6821417939065</range>
			<altitudeMode>absolute</altitudeMode>
		</LookAt>
		<styleUrl>#__managed_style_0BED4BCA582A5431B33B</styleUrl>
		<Point>
			<coordinates>104.4724743032242,17.63939781684608,152.02938977198</coordinates>
		</Point>
	</Placemark>
	<Placemark id="0E1F75785629FE0BB93D">
		<name>md84-db-212-0301-271+065</name>
		<LookAt>
			<longitude>104.4722763725724</longitude>
			<latitude>17.6388616793462</latitude>
			<altitude>157.7432324519722</altitude>
			<heading>132.3561279072343</heading>
			<tilt>0</tilt>
			<gx:fovy>35</gx:fovy>
			<range>482.3509208393079</range>
			<altitudeMode>absolute</altitudeMode>
		</LookAt>
		<styleUrl>#__managed_style_0BED4BCA582A5431B33B</styleUrl>
		<Point>
			<coordinates>104.472701562727,17.6392108387285,151.4942053773679</coordinates>
		</Point>
	</Placemark>
	<Placemark id="07FC2C48AF29FE0C5B61">
		<name>md85-db-212-0301-271+100</name>
		<LookAt>
			<longitude>104.4726513844684</longitude>
			<latitude>17.63908190719233</latitude>
			<altitude>153.2044019434466</altitude>
			<heading>132.3561279072343</heading>
			<tilt>0</tilt>
			<gx:fovy>37.99785619250621</gx:fovy>
			<range>440.2292033532285</range>
			<altitudeMode>absolute</altitudeMode>
		</LookAt>
		<styleUrl>#__managed_style_0BED4BCA582A5431B33B</styleUrl>
		<Point>
			<coordinates>104.4729569112836,17.63900358204506,151.6420187528112</coordinates>
		</Point>
	</Placemark>
	<Placemark id="09B56EA5D429FE0CD06C">
		<name>md86-db-212-0301-271+135</name>
		<LookAt>
			<longitude>104.4730273791844</longitude>
			<latitude>17.63884562949467</latitude>
			<altitude>151.8743258521812</altitude>
			<heading>132.3562418435014</heading>
			<tilt>0</tilt>
			<gx:fovy>37.99785619250621</gx:fovy>
			<range>441.5592730700882</range>
			<altitudeMode>absolute</altitudeMode>
		</LookAt>
		<styleUrl>#__managed_style_0BED4BCA582A5431B33B</styleUrl>
		<Point>
			<coordinates>104.473232430553,17.63878254553477,151.1795355480456</coordinates>
		</Point>
	</Placemark>
	<Placemark id="0C4D8A957E29FE0F7084">
		<name>md91-db-212-0301-273+647</name>
		<LookAt>
			<longitude>104.4942651633211</longitude>
			<latitude>17.62925231419177</latitude>
			<altitude>162.4640087592936</altitude>
			<heading>298.8877243487857</heading>
			<tilt>0</tilt>
			<gx:fovy>35</gx:fovy>
			<range>496.7615932412446</range>
			<altitudeMode>absolute</altitudeMode>
		</LookAt>
		<styleUrl>#__managed_style_0BED4BCA582A5431B33B</styleUrl>
		<Point>
			<coordinates>104.4943627302749,17.62923323422685,162.072892092725</coordinates>
		</Point>
	</Placemark>
	<Placemark id="0389ED3FE229FE0F9F1C">
		<name>md90-db-212-0301-273+612</name>
		<LookAt>
			<longitude>104.4942651633211</longitude>
			<latitude>17.62925231423403</latitude>
			<altitude>162.4639710292061</altitude>
			<heading>298.8877243487857</heading>
			<tilt>0</tilt>
			<gx:fovy>35</gx:fovy>
			<range>496.7615932412446</range>
			<altitudeMode>absolute</altitudeMode>
		</LookAt>
		<styleUrl>#__managed_style_0BED4BCA582A5431B33B</styleUrl>
		<Point>
			<coordinates>104.4940968374223,17.62940687589287,162.868086366335</coordinates>
		</Point>
	</Placemark>
	<Placemark id="0AE553FD2B29FE0FD040">
		<name>md89-db-212-0301-273+577</name>
		<LookAt>
			<longitude>104.4942651633211</longitude>
			<latitude>17.6292523142763</latitude>
			<altitude>162.4640464865517</altitude>
			<heading>298.8877243487857</heading>
			<tilt>0</tilt>
			<gx:fovy>35</gx:fovy>
			<range>496.7615005308471</range>
			<altitudeMode>absolute</altitudeMode>
		</LookAt>
		<styleUrl>#__managed_style_0BED4BCA582A5431B33B</styleUrl>
		<Point>
			<coordinates>104.4938272019672,17.62960119964421,162.429658173563</coordinates>
		</Point>
	</Placemark>
	<Placemark id="031BCC4CAC29FE100079">
		<name>md88-db-212-0301-273+542</name>
		<LookAt>
			<longitude>104.4942651633211</longitude>
			<latitude>17.62925231431856</latitude>
			<altitude>162.4640464879664</altitude>
			<heading>298.8877243487857</heading>
			<tilt>0</tilt>
			<gx:fovy>35</gx:fovy>
			<range>496.7615005308471</range>
			<altitudeMode>absolute</altitudeMode>
		</LookAt>
		<styleUrl>#__managed_style_0BED4BCA582A5431B33B</styleUrl>
		<Point>
			<coordinates>104.4935540009349,17.62978689210333,163.585672319044</coordinates>
		</Point>
	</Placemark>
	<Placemark id="0E262396B929FE10378B">
		<name>md87-db-212-0301-273+507</name>
		<LookAt>
			<longitude>104.4942651633211</longitude>
			<latitude>17.62925231436083</latitude>
			<altitude>162.4640464865517</altitude>
			<heading>298.8877243487857</heading>
			<tilt>0</tilt>
			<gx:fovy>35</gx:fovy>
			<range>496.7615005308472</range>
			<altitudeMode>absolute</altitudeMode>
		</LookAt>
		<styleUrl>#__managed_style_0BED4BCA582A5431B33B</styleUrl>
		<Point>
			<coordinates>104.4932990009842,17.62996654104665,163.6309712719623</coordinates>
		</Point>
	</Placemark>
	<Placemark id="0D0ECECBA029FE140B5D">
		<name>md92-db-212-0301-273+682</name>
		<LookAt>
			<longitude>104.494689375549</longitude>
			<latitude>17.62902990006268</latitude>
			<altitude>160.9757453331272</altitude>
			<heading>125.8637363958028</heading>
			<tilt>0</tilt>
			<gx:fovy>35</gx:fovy>
			<range>498.2366156645003</range>
			<altitudeMode>absolute</altitudeMode>
		</LookAt>
		<styleUrl>#__managed_style_0BED4BCA582A5431B33B</styleUrl>
		<Point>
			<coordinates>104.4946431842759,17.62906539167727,161.512181661235</coordinates>
		</Point>
	</Placemark>
	<Placemark id="0A9344DB9C29FE14885C">
		<name>md93-db-212-0301-273+717</name>
		<LookAt>
			<longitude>104.4946893755712</longitude>
			<latitude>17.62902990004156</latitude>
			<altitude>160.9757453331272</altitude>
			<heading>125.8637363958028</heading>
			<tilt>0</tilt>
			<gx:fovy>35</gx:fovy>
			<range>498.2366156645004</range>
			<altitudeMode>absolute</altitudeMode>
		</LookAt>
		<styleUrl>#__managed_style_0BED4BCA582A5431B33B</styleUrl>
		<Point>
			<coordinates>104.4948966431838,17.62889078001301,159.748331166563</coordinates>
		</Point>
	</Placemark>
	<Placemark id="021FA247BC29FE14CA0C">
		<name>md94-db-212-0301-273+752</name>
		<LookAt>
			<longitude>104.4946893755934</longitude>
			<latitude>17.62902990002042</latitude>
			<altitude>160.9757453345419</altitude>
			<heading>125.8637363958028</heading>
			<tilt>0</tilt>
			<gx:fovy>35</gx:fovy>
			<range>498.2366156645003</range>
			<altitudeMode>absolute</altitudeMode>
		</LookAt>
		<styleUrl>#__managed_style_0BED4BCA582A5431B33B</styleUrl>
		<Point>
			<coordinates>104.4951618797904,17.62870067916698,159.6803871402475</coordinates>
		</Point>
	</Placemark>
	<Placemark id="09638EADC329FE15100B">
		<name>md95-db-212-0301-273+787</name>
		<LookAt>
			<longitude>104.4946893756156</longitude>
			<latitude>17.62902989999929</latitude>
			<altitude>160.9757453345419</altitude>
			<heading>125.8637363958028</heading>
			<tilt>0</tilt>
			<gx:fovy>35</gx:fovy>
			<range>498.2366156645004</range>
			<altitudeMode>absolute</altitudeMode>
		</LookAt>
		<styleUrl>#__managed_style_0BED4BCA582A5431B33B</styleUrl>
		<Point>
			<coordinates>104.4954355582386,17.62851580326302,159.3904641418049</coordinates>
		</Point>
	</Placemark>
	<Placemark id="0528D0896829FE15582F">
		<name>md96-db-212-0301-273+822</name>
		<LookAt>
			<longitude>104.4953105719545</longitude>
			<latitude>17.62841880457054</latitude>
			<altitude>159.6438239108317</altitude>
			<heading>125.8639245355864</heading>
			<tilt>0</tilt>
			<gx:fovy>35</gx:fovy>
			<range>499.5685395893088</range>
			<altitudeMode>absolute</altitudeMode>
		</LookAt>
		<styleUrl>#__managed_style_0BED4BCA582A5431B33B</styleUrl>
		<Point>
			<coordinates>104.4956952324981,17.6283105211001,158.882275429546</coordinates>
		</Point>
	</Placemark>
	<Placemark id="091AF67EB129FE16CA76">
		<name>md97-db-212-0301-274+878</name>
		<Camera>
			<gx:ViewerOptions>
				<gx:option name="streetview"></gx:option>
				<gx:streetViewPanoId>eRernvgG0pCRWTKJRVlYCA</gx:streetViewPanoId>
			</gx:ViewerOptions>
			<longitude>104.5037861571142</longitude>
			<latitude>17.62268521818467</latitude>
			<altitude>155.5934295654297</altitude>
			<heading>205.54996630959</heading>
			<tilt>70.41785832639907</tilt>
			<roll>0</roll>
			<gx:fovy>59.99999999999999</gx:fovy>
			<altitudeMode>absolute</altitudeMode>
		</Camera>
		<styleUrl>#__managed_style_0BED4BCA582A5431B33B</styleUrl>
		<Point>
			<altitudeMode>relativeToGround</altitudeMode>
			<coordinates>104.5037621437683,17.62266906734959,0</coordinates>
		</Point>
	</Placemark>
	<Placemark id="080D4FF1BD29FE18439C">
		<name>md98-db-212-0301-274+913</name>
		<LookAt>
			<longitude>104.503878582421</longitude>
			<latitude>17.62237578789293</latitude>
			<altitude>155.5267886553537</altitude>
			<heading>129.6746786445393</heading>
			<tilt>0</tilt>
			<gx:fovy>35</gx:fovy>
			<range>339.173062291884</range>
			<altitudeMode>absolute</altitudeMode>
		</LookAt>
		<styleUrl>#__managed_style_0BED4BCA582A5431B33B</styleUrl>
		<Point>
			<coordinates>104.5040003133205,17.62246553304345,154.3373751797194</coordinates>
		</Point>
	</Placemark>
	<Placemark id="04490AFBAC29FE1882B2">
		<name>md99-db-212-0301-274+948</name>
		<LookAt>
			<longitude>104.503878582421</longitude>
			<latitude>17.6223757878718</latitude>
			<altitude>155.5267886553537</altitude>
			<heading>129.6746786445393</heading>
			<tilt>0</tilt>
			<gx:fovy>35</gx:fovy>
			<range>339.173062291884</range>
			<altitudeMode>absolute</altitudeMode>
		</LookAt>
		<styleUrl>#__managed_style_0BED4BCA582A5431B33B</styleUrl>
		<Point>
			<coordinates>104.5042826873175,17.6222665871423,155.9900060345183</coordinates>
		</Point>
	</Placemark>
	<Placemark id="00698B6BB929FE1918B7">
		<name>md100-db-212-0301-274+983</name>
		<LookAt>
			<longitude>104.5046228456751</longitude>
			<latitude>17.62238668438847</latitude>
			<altitude>155.3225108562052</altitude>
			<heading>157.9467578882006</heading>
			<tilt>0</tilt>
			<gx:fovy>35</gx:fovy>
			<range>422.7411483738979</range>
			<altitudeMode>absolute</altitudeMode>
		</LookAt>
		<styleUrl>#__managed_style_0BED4BCA582A5431B33B</styleUrl>
		<Point>
			<coordinates>104.5045367652111,17.62209231086582,155.8912244865183</coordinates>
		</Point>
	</Placemark>
	<Placemark id="01FF4CB6DF29FE195A35">
		<name>md101-db-212-0301-275+018</name>
		<LookAt>
			<longitude>104.5046228456751</longitude>
			<latitude>17.62238668436734</latitude>
			<altitude>155.3224731275324</altitude>
			<heading>157.9467578882006</heading>
			<tilt>0</tilt>
			<gx:fovy>35</gx:fovy>
			<range>422.7411947290966</range>
			<altitudeMode>absolute</altitudeMode>
		</LookAt>
		<styleUrl>#__managed_style_0BED4BCA582A5431B33B</styleUrl>
		<Point>
			<coordinates>104.5048024305564,17.62191689655993,153.3288364219263</coordinates>
		</Point>
	</Placemark>
	<Placemark id="0C6E6BF84E29FE1BB88A">
		<name>md102-db-212-0301-275+123</name>
		<LookAt>
			<longitude>104.5052511108498</longitude>
			<latitude>17.62164418707602</latitude>
			<altitude>150.1483703233022</altitude>
			<heading>119.3183210707974</heading>
			<tilt>0</tilt>
			<gx:fovy>37.19554100227452</gx:fovy>
			<range>456.5732583833596</range>
			<altitudeMode>absolute</altitudeMode>
		</LookAt>
		<styleUrl>#__managed_style_0BED4BCA582A5431B33B</styleUrl>
		<Point>
			<coordinates>104.5056664488738,17.62129261549918,153.2654730472022</coordinates>
		</Point>
	</Placemark>
	<Placemark id="0FA456B23229FE2000D2">
		<name>md103-db-212-0301-275+158</name>
		<LookAt>
			<longitude>104.5052511108498</longitude>
			<latitude>17.62164418711828</latitude>
			<altitude>150.148408051975</altitude>
			<heading>119.3183210707974</heading>
			<tilt>0</tilt>
			<gx:fovy>37.19554100227452</gx:fovy>
			<range>456.5732583833596</range>
			<altitudeMode>absolute</altitudeMode>
		</LookAt>
		<styleUrl>#__managed_style_0BED4BCA582A5431B33B</styleUrl>
		<Point>
			<coordinates>104.5059365343575,17.62109562171334,154.7617825703483</coordinates>
		</Point>
	</Placemark>
	<Placemark id="042343213729FE207952">
		<name>md104-db-212-0301-275+193</name>
		<LookAt>
			<longitude>104.5052511108498</longitude>
			<latitude>17.62164418716055</latitude>
			<altitude>150.148408051975</altitude>
			<heading>119.3183210707974</heading>
			<tilt>0</tilt>
			<gx:fovy>37.19554100227452</gx:fovy>
			<range>456.5733047385585</range>
			<altitudeMode>absolute</altitudeMode>
		</LookAt>
		<styleUrl>#__managed_style_0BED4BCA582A5431B33B</styleUrl>
		<Point>
			<coordinates>104.5062096635747,17.62090954934334,154.276968919212</coordinates>
		</Point>
	</Placemark>
	<Placemark id="0775A3577929FE20C9DE">
		<name>md105-db-212-0301-275+228</name>
		<LookAt>
			<longitude>104.5067601244032</longitude>
			<latitude>17.62054940601108</latitude>
			<altitude>152.6312824245922</altitude>
			<heading>119.3187778656059</heading>
			<tilt>0</tilt>
			<gx:fovy>37.19554100227452</gx:fovy>
			<range>454.0904275847424</range>
			<altitudeMode>absolute</altitudeMode>
		</LookAt>
		<styleUrl>#__managed_style_0BED4BCA582A5431B33B</styleUrl>
		<Point>
			<coordinates>104.5064829718814,17.62071102084737,152.9287147402252</coordinates>
		</Point>
	</Placemark>
	<Placemark id="02DAC0BA6C29FE210359">
		<name>md106-db-212-0301-275+263</name>
		<LookAt>
			<longitude>104.5067601243977</longitude>
			<latitude>17.62054940601108</latitude>
			<altitude>152.6312824245922</altitude>
			<heading>119.3187778656059</heading>
			<tilt>0</tilt>
			<gx:fovy>37.19554100227452</gx:fovy>
			<range>454.0904275847424</range>
			<altitudeMode>absolute</altitudeMode>
		</LookAt>
		<styleUrl>#__managed_style_0BED4BCA582A5431B33B</styleUrl>
		<Point>
			<coordinates>104.5067543594913,17.62051598392533,152.6619942875693</coordinates>
		</Point>
	</Placemark>
	<Placemark id="004DBD8ED429FE21469A">
		<name>md107-db-212-0301-275+298</name>
		<LookAt>
			<longitude>104.5067601243921</longitude>
			<latitude>17.62054940601108</latitude>
			<altitude>152.6312824245922</altitude>
			<heading>119.318777865606</heading>
			<tilt>0</tilt>
			<gx:fovy>37.19554100227452</gx:fovy>
			<range>454.0904275847425</range>
			<altitudeMode>absolute</altitudeMode>
		</LookAt>
		<styleUrl>#__managed_style_0BED4BCA582A5431B33B</styleUrl>
		<Point>
			<coordinates>104.5070184392101,17.62033734951709,154.6428080847932</coordinates>
		</Point>
	</Placemark>
	<Placemark id="09FCA22C5A29FE21B2D9">
		<name>md108-db-212-0301-275+333</name>
		<LookAt>
			<longitude>104.5068778189114</longitude>
			<latitude>17.61963852876743</latitude>
			<altitude>158.4855933216294</altitude>
			<heading>119.3188135031527</heading>
			<tilt>0</tilt>
			<gx:fovy>37.19554100227452</gx:fovy>
			<range>448.2361368280544</range>
			<altitudeMode>absolute</altitudeMode>
		</LookAt>
		<styleUrl>#__managed_style_0BED4BCA582A5431B33B</styleUrl>
		<Point>
			<coordinates>104.507300067445,17.6201318470035,155.2939794697582</coordinates>
		</Point>
	</Placemark>
	<Placemark id="0BF88272DD29FE3D46B5">
		<name>md109-db-212-0301-275+368</name>
		<LookAt>
			<longitude>104.5077186957566</longitude>
			<latitude>17.61996478070896</latitude>
			<altitude>153.5393244602577</altitude>
			<heading>115.675534114943</heading>
			<tilt>0</tilt>
			<gx:fovy>35</gx:fovy>
			<range>407.5778066103521</range>
			<altitudeMode>absolute</altitudeMode>
		</LookAt>
		<styleUrl>#__managed_style_0BED4BCA582A5431B33B</styleUrl>
		<Point>
			<coordinates>104.5075844680268,17.61995084844549,154.5414642833328</coordinates>
		</Point>
	</Placemark>
	<Placemark id="06C8DE406F29FE3DDA93">
		<name>md110-db-212-0301-275+403</name>
		<LookAt>
			<longitude>104.5083878120112</longitude>
			<latitude>17.62069729077282</latitude>
			<altitude>154.5763677726875</altitude>
			<heading>115.6755341248207</heading>
			<tilt>0</tilt>
			<gx:fovy>35</gx:fovy>
			<range>434.2535546862929</range>
			<altitudeMode>absolute</altitudeMode>
		</LookAt>
		<styleUrl>#__managed_style_0BED4BCA582A5431B33B</styleUrl>
		<Point>
			<coordinates>104.5078209001401,17.61981097587518,153.4081250356557</coordinates>
		</Point>
	</Placemark>
	<Placemark id="0D1B70B96229FE3E216A">
		<name>md111-db-212-0301-275+438</name>
		<LookAt>
			<longitude>104.5083878120112</longitude>
			<latitude>17.62069729076886</latitude>
			<altitude>154.5763677726875</altitude>
			<heading>115.6755341248207</heading>
			<tilt>0</tilt>
			<gx:fovy>35</gx:fovy>
			<range>434.2535546862928</range>
			<altitudeMode>absolute</altitudeMode>
		</LookAt>
		<styleUrl>#__managed_style_0BED4BCA582A5431B33B</styleUrl>
		<Point>
			<coordinates>104.5080678650265,17.61966431776333,154.4559644419695</coordinates>
		</Point>
	</Placemark>
	<Placemark id="0012BDC7B129FE3E4C4C">
		<name>md112-db-212-0301-275+473</name>
		<LookAt>
			<longitude>104.5083878120112</longitude>
			<latitude>17.6206972907649</latitude>
			<altitude>154.5763677726875</altitude>
			<heading>115.6755341248207</heading>
			<tilt>0</tilt>
			<gx:fovy>35</gx:fovy>
			<range>434.2535546862928</range>
			<altitudeMode>absolute</altitudeMode>
		</LookAt>
		<styleUrl>#__managed_style_0BED4BCA582A5431B33B</styleUrl>
		<Point>
			<coordinates>104.5083198673829,17.61956649017413,154.4559384753758</coordinates>
		</Point>
	</Placemark>
	<Placemark id="07350182B729FE888A58">
		<name>md113-db-212-0301-275+508</name>
		<LookAt>
			<longitude>104.5083476992204</longitude>
			<latitude>17.61957004770735</latitude>
			<altitude>154.5575192761126</altitude>
			<heading>115.6755341248207</heading>
			<tilt>0</tilt>
			<gx:fovy>35</gx:fovy>
			<range>499.9999210685928</range>
			<altitudeMode>absolute</altitudeMode>
		</LookAt>
		<styleUrl>#__managed_style_0BED4BCA582A5431B33B</styleUrl>
		<Point>
			<coordinates>104.5086235016968,17.6194072464639,154.6953503861081</coordinates>
		</Point>
	</Placemark>
	<Placemark id="0D07B5747329FE88E561">
		<name>md114-db-212-0301-275+543</name>
		<LookAt>
			<longitude>104.5083476992426</longitude>
			<latitude>17.61957004772848</latitude>
			<altitude>154.5575192761126</altitude>
			<heading>115.6755341248207</heading>
			<tilt>0</tilt>
			<gx:fovy>35</gx:fovy>
			<range>499.9998747133941</range>
			<altitudeMode>absolute</altitudeMode>
		</LookAt>
		<styleUrl>#__managed_style_0BED4BCA582A5431B33B</styleUrl>
		<Point>
			<coordinates>104.5089318812267,17.61928252347907,155.0587201803169</coordinates>
		</Point>
	</Placemark>
	<Placemark id="0E6A55E5DE29FE893204">
		<name>md115-db-212-0301-275+578</name>
		<LookAt>
			<longitude>104.5083476992648</longitude>
			<latitude>17.61957004774962</latitude>
			<altitude>154.5574815474398</altitude>
			<heading>115.6755341248207</heading>
			<tilt>0</tilt>
			<gx:fovy>35</gx:fovy>
			<range>499.9998747133941</range>
			<altitudeMode>absolute</altitudeMode>
		</LookAt>
		<styleUrl>#__managed_style_0BED4BCA582A5431B33B</styleUrl>
		<Point>
			<coordinates>104.5092497164623,17.61918658063847,154.3165092095813</coordinates>
		</Point>
	</Placemark>
	<Placemark id="04C85D3ED929FE8991E2">
		<name>md116-db-212-0301-275+613</name>
		<LookAt>
			<longitude>104.5093515501301</longitude>
			<latitude>17.61924239436754</latitude>
			<altitude>154.5379746904761</altitude>
			<heading>115.6758379738624</heading>
			<tilt>0</tilt>
			<gx:fovy>35</gx:fovy>
			<range>500.019390252055</range>
			<altitudeMode>absolute</altitudeMode>
		</LookAt>
		<styleUrl>#__managed_style_0BED4BCA582A5431B33B</styleUrl>
		<Point>
			<coordinates>104.5095833985291,17.61911628457619,154.5457739136473</coordinates>
		</Point>
	</Placemark>
	<Placemark id="07D360890E29FE8A560B">
		<name>md117-db-212-0301-275+648</name>
		<LookAt>
			<longitude>104.5098180619393</longitude>
			<latitude>17.61898602379453</latitude>
			<altitude>153.2031482509136</altitude>
			<heading>96.40573197639522</heading>
			<tilt>0</tilt>
			<gx:fovy>35</gx:fovy>
			<range>496.2314288334892</range>
			<altitudeMode>absolute</altitudeMode>
		</LookAt>
		<styleUrl>#__managed_style_0BED4BCA582A5431B33B</styleUrl>
		<Point>
			<coordinates>104.5099160487432,17.61904714819008,152.8926939267074</coordinates>
		</Point>
	</Placemark>
	<Placemark id="059B045C6D29FE8A8DF5">
		<name>md118-db-212-0301-275+683</name>
		<LookAt>
			<longitude>104.5098180619615</longitude>
			<latitude>17.61898602375226</latitude>
			<altitude>153.2031482523282</altitude>
			<heading>96.40573197639523</heading>
			<tilt>0</tilt>
			<gx:fovy>35</gx:fovy>
			<range>496.2314288334892</range>
			<altitudeMode>absolute</altitudeMode>
		</LookAt>
		<styleUrl>#__managed_style_0BED4BCA582A5431B33B</styleUrl>
		<Point>
			<coordinates>104.5102444417169,17.61900036518739,150.4656000197305</coordinates>
		</Point>
	</Placemark>
	<Placemark id="0EFF4B81E729FE8AD230">
		<name>md119-db-212-0301-275+718</name>
		<LookAt>
			<longitude>104.5098180619838</longitude>
			<latitude>17.61898602371</latitude>
			<altitude>153.2031482509136</altitude>
			<heading>96.40573197639523</heading>
			<tilt>0</tilt>
			<gx:fovy>35</gx:fovy>
			<range>496.2314288334893</range>
			<altitudeMode>absolute</altitudeMode>
		</LookAt>
		<styleUrl>#__managed_style_0BED4BCA582A5431B33B</styleUrl>
		<Point>
			<coordinates>104.5105836203879,17.61898518754228,149.6723368548594</coordinates>
		</Point>
	</Placemark>
	<Placemark id="0EC4BDF30629FE8B16C0">
		<name>md120-db-212-0301-275+753</name>
		<LookAt>
			<longitude>104.509818062006</longitude>
			<latitude>17.61898602366774</latitude>
			<altitude>153.2031482509136</altitude>
			<heading>96.40573197639523</heading>
			<tilt>0</tilt>
			<gx:fovy>35</gx:fovy>
			<range>496.2314288334893</range>
			<altitudeMode>absolute</altitudeMode>
		</LookAt>
		<styleUrl>#__managed_style_0BED4BCA582A5431B33B</styleUrl>
		<Point>
			<coordinates>104.5109128176415,17.61895908778869,149.0191340466876</coordinates>
		</Point>
	</Placemark>
	<Placemark id="07860E91DE29FE8B7E0B">
		<name>md121-db-212-0301-275+788</name>
		<LookAt>
			<longitude>104.511886278431</longitude>
			<latitude>17.61873768955606</latitude>
			<altitude>152.3827565172207</altitude>
			<heading>96.40635798486703</heading>
			<tilt>0</tilt>
			<gx:fovy>35</gx:fovy>
			<range>497.0518231404276</range>
			<altitudeMode>absolute</altitudeMode>
		</LookAt>
		<styleUrl>#__managed_style_0BED4BCA582A5431B33B</styleUrl>
		<Point>
			<coordinates>104.5112607945932,17.6189367285743,149.7831580749879</coordinates>
		</Point>
	</Placemark>
	<Placemark id="018D3E695A29FE8BBD84">
		<name>md122-db-212-0301-275+823</name>
		<LookAt>
			<longitude>104.5118862784754</longitude>
			<latitude>17.61873768960888</latitude>
			<altitude>152.3827565172207</altitude>
			<heading>96.40635798486703</heading>
			<tilt>0</tilt>
			<gx:fovy>35</gx:fovy>
			<range>497.0518231404277</range>
			<altitudeMode>absolute</altitudeMode>
		</LookAt>
		<styleUrl>#__managed_style_0BED4BCA582A5431B33B</styleUrl>
		<Point>
			<coordinates>104.5115871982851,17.61891626287253,151.6492488707787</coordinates>
		</Point>
	</Placemark>
	<Placemark id="09C760A14829FE8C0299">
		<name>md123-db-212-0301-275+858</name>
		<LookAt>
			<longitude>104.5118862785198</longitude>
			<latitude>17.61873768966171</latitude>
			<altitude>152.3827565186353</altitude>
			<heading>96.40635798486703</heading>
			<tilt>0</tilt>
			<gx:fovy>35</gx:fovy>
			<range>497.0518231404277</range>
			<altitudeMode>absolute</altitudeMode>
		</LookAt>
		<styleUrl>#__managed_style_0BED4BCA582A5431B33B</styleUrl>
		<Point>
			<coordinates>104.5119108443986,17.6188931013711,153.1968631657619</coordinates>
		</Point>
	</Placemark>
	<Placemark id="05631F68DB29FE8C3FEC">
		<name>md124-db-212-0301-275+893</name>
		<LookAt>
			<longitude>104.5118862785642</longitude>
			<latitude>17.61873768971455</latitude>
			<altitude>152.3827565172207</altitude>
			<heading>96.40635798486703</heading>
			<tilt>0</tilt>
			<gx:fovy>35</gx:fovy>
			<range>497.0518231404277</range>
			<altitudeMode>absolute</altitudeMode>
		</LookAt>
		<styleUrl>#__managed_style_0BED4BCA582A5431B33B</styleUrl>
		<Point>
			<coordinates>104.5122557820855,17.61887863151158,153.183934948944</coordinates>
		</Point>
	</Placemark>
	<Placemark id="0D6F9C562229FE8C7613">
		<name>md125-db-212-0301-275+928</name>
		<LookAt>
			<longitude>104.5118862786087</longitude>
			<latitude>17.61873768976738</latitude>
			<altitude>152.3827565186353</altitude>
			<heading>96.40635798486703</heading>
			<tilt>0</tilt>
			<gx:fovy>35</gx:fovy>
			<range>497.0518231404277</range>
			<altitudeMode>absolute</altitudeMode>
		</LookAt>
		<styleUrl>#__managed_style_0BED4BCA582A5431B33B</styleUrl>
		<Point>
			<coordinates>104.5126062987885,17.618864930208,152.2992828254667</coordinates>
		</Point>
	</Placemark>
	<Placemark id="0498ADE97029FE8D6272">
		<name>md126-db-212-0301-275+963</name>
		<LookAt>
			<longitude>104.5125685405091</longitude>
			<latitude>17.61891743831655</latitude>
			<altitude>151.9997920357695</altitude>
			<heading>121.2336784854702</heading>
			<tilt>0</tilt>
			<gx:fovy>35</gx:fovy>
			<range>305.5555768524937</range>
			<altitudeMode>absolute</altitudeMode>
		</LookAt>
		<styleUrl>#__managed_style_0BED4BCA582A5431B33B</styleUrl>
		<Point>
			<coordinates>104.5129273807045,17.6188379701077,152.3049145413256</coordinates>
		</Point>
	</Placemark>
	<Placemark id="08DD0D047C29FE8F238F">
		<name>md127-db-212-0301-276+124</name>
		<Camera>
			<gx:ViewerOptions>
				<gx:option name="streetview"></gx:option>
				<gx:streetViewPanoId>g9IA-xLG8SM2FLXw90F6DA</gx:streetViewPanoId>
			</gx:ViewerOptions>
			<longitude>104.5144465030699</longitude>
			<latitude>17.61878917833504</latitude>
			<altitude>155.923291852036</altitude>
			<heading>153.8525351536695</heading>
			<tilt>76.92473046852541</tilt>
			<roll>0</roll>
			<gx:fovy>59.99999998710731</gx:fovy>
			<altitudeMode>absolute</altitudeMode>
		</Camera>
		<styleUrl>#__managed_style_0BED4BCA582A5431B33B</styleUrl>
		<Point>
			<altitudeMode>relativeToGround</altitudeMode>
			<coordinates>104.5144370759978,17.61874452413163,0</coordinates>
		</Point>
	</Placemark>
	<Placemark id="0FBC0CBFC529FE908F0C">
		<name>md128-db-212-0301-276+159</name>
		<LookAt>
			<longitude>104.5148021031829</longitude>
			<latitude>17.61915516593004</latitude>
			<altitude>154.1619948728076</altitude>
			<heading>97.65240772940972</heading>
			<tilt>0</tilt>
			<gx:fovy>35</gx:fovy>
			<range>521.5892522546346</range>
			<altitudeMode>absolute</altitudeMode>
		</LookAt>
		<styleUrl>#__managed_style_0BED4BCA582A5431B33B</styleUrl>
		<Point>
			<coordinates>104.5147704134581,17.61872042313798,155.5437159601645</coordinates>
		</Point>
	</Placemark>
	<Placemark id="0BBAAA12A729FE90F40D">
		<name>md129-db-212-0301-276+194</name>
		<LookAt>
			<longitude>104.5148021032273</longitude>
			<latitude>17.61915516597231</latitude>
			<altitude>154.1619948728076</altitude>
			<heading>97.65240772940972</heading>
			<tilt>0</tilt>
			<gx:fovy>35</gx:fovy>
			<range>521.5892522546347</range>
			<altitudeMode>absolute</altitudeMode>
		</LookAt>
		<styleUrl>#__managed_style_0BED4BCA582A5431B33B</styleUrl>
		<Point>
			<coordinates>104.5151083864067,17.61869301055429,155.7849728487204</coordinates>
		</Point>
	</Placemark>
	<Placemark id="0AC0EF822029FE914ADC">
		<name>md130-db-212-0301-276+229</name>
		<LookAt>
			<longitude>104.5148021032718</longitude>
			<latitude>17.61915516601456</latitude>
			<altitude>154.1619948728076</altitude>
			<heading>97.65240772940972</heading>
			<tilt>0</tilt>
			<gx:fovy>35</gx:fovy>
			<range>521.5892522546346</range>
			<altitudeMode>absolute</altitudeMode>
		</LookAt>
		<styleUrl>#__managed_style_0BED4BCA582A5431B33B</styleUrl>
		<Point>
			<coordinates>104.5154583243685,17.61866925423381,154.6513679557791</coordinates>
		</Point>
	</Placemark>
	<Placemark id="0E768F404929FE918F28">
		<name>md131-db-212-0301-276+264</name>
		<LookAt>
			<longitude>104.5148021033161</longitude>
			<latitude>17.61915516605683</latitude>
			<altitude>154.1619948728076</altitude>
			<heading>97.65240772940972</heading>
			<tilt>0</tilt>
			<gx:fovy>35</gx:fovy>
			<range>521.5892522546347</range>
			<altitudeMode>absolute</altitudeMode>
		</LookAt>
		<styleUrl>#__managed_style_0BED4BCA582A5431B33B</styleUrl>
		<Point>
			<coordinates>104.5158071873511,17.61864548441739,153.1796327198522</coordinates>
		</Point>
	</Placemark>
	<Placemark id="0E9E5FC6DF29FE923D18">
		<name>md132-db-212-0301-276+299</name>
		<LookAt>
			<longitude>104.5156188862502</longitude>
			<latitude>17.61871333721226</latitude>
			<altitude>153.6206376678986</altitude>
			<heading>97.65240772940972</heading>
			<tilt>0</tilt>
			<gx:fovy>36.95157753484376</gx:fovy>
			<range>461.1837464480051</range>
			<altitudeMode>absolute</altitudeMode>
		</LookAt>
		<styleUrl>#__managed_style_0BED4BCA582A5431B33B</styleUrl>
		<Point>
			<coordinates>104.5161508089321,17.61862754395093,153.4143490830117</coordinates>
		</Point>
	</Placemark>
	<Placemark id="051CBAF69329FE927D8C">
		<name>md133-db-212-0301-276+334</name>
		<LookAt>
			<longitude>104.5156188862946</longitude>
			<latitude>17.61871333719641</latitude>
			<altitude>153.6206376678986</altitude>
			<heading>97.65240772940972</heading>
			<tilt>0</tilt>
			<gx:fovy>36.95157753484376</gx:fovy>
			<range>461.1837000928064</range>
			<altitudeMode>absolute</altitudeMode>
		</LookAt>
		<styleUrl>#__managed_style_0BED4BCA582A5431B33B</styleUrl>
		<Point>
			<coordinates>104.5165013460977,17.61860479388113,154.7553042415648</coordinates>
		</Point>
	</Placemark>
	<Placemark id="0B0C3F1B3629FE92BEA7">
		<name>md134-db-212-0301-276+369</name>
		<LookAt>
			<longitude>104.5168233278984</longitude>
			<latitude>17.61849192702801</latitude>
			<altitude>155.2462824551091</altitude>
			<heading>97.65277228006184</heading>
			<tilt>0</tilt>
			<gx:fovy>36.95157753484376</gx:fovy>
			<range>459.5580696289107</range>
			<altitudeMode>absolute</altitudeMode>
		</LookAt>
		<styleUrl>#__managed_style_0BED4BCA582A5431B33B</styleUrl>
		<Point>
			<coordinates>104.5168367337015,17.61858701760413,155.3681389752327</coordinates>
		</Point>
	</Placemark>
	<Placemark id="01399D148829FE931C6E">
		<name>md135-db-212-0301-276+404</name>
		<LookAt>
			<longitude>104.5168233278984</longitude>
			<latitude>17.61849192698574</latitude>
			<altitude>155.2462824565237</altitude>
			<heading>97.65277228006184</heading>
			<tilt>0</tilt>
			<gx:fovy>36.95157753484376</gx:fovy>
			<range>459.5580696289109</range>
			<altitudeMode>absolute</altitudeMode>
		</LookAt>
		<styleUrl>#__managed_style_0BED4BCA582A5431B33B</styleUrl>
		<Point>
			<coordinates>104.5172027857574,17.61856360794675,155.3681495049096</coordinates>
		</Point>
	</Placemark>
	<Placemark id="0AE2E395E929FE940D94">
		<name>md136-db-212-0301-276+439</name>
		<LookAt>
			<longitude>104.5168233278984</longitude>
			<latitude>17.61849192694348</latitude>
			<altitude>155.2462824565237</altitude>
			<heading>97.65277228006184</heading>
			<tilt>0</tilt>
			<gx:fovy>36.95157753484376</gx:fovy>
			<range>459.5580696289107</range>
			<altitudeMode>absolute</altitudeMode>
		</LookAt>
		<styleUrl>#__managed_style_0BED4BCA582A5431B33B</styleUrl>
		<Point>
			<coordinates>104.5175274672779,17.61853938330816,156.1866125387662</coordinates>
		</Point>
	</Placemark>
	<Placemark id="03373A76F629FE944B99">
		<name>md137-db-212-0301-276+474</name>
		<LookAt>
			<longitude>104.5168233278984</longitude>
			<latitude>17.61849192690121</latitude>
			<altitude>155.2462824551091</altitude>
			<heading>97.65277228006184</heading>
			<tilt>0</tilt>
			<gx:fovy>36.95157753484376</gx:fovy>
			<range>459.5580696289107</range>
			<altitudeMode>absolute</altitudeMode>
		</LookAt>
		<styleUrl>#__managed_style_0BED4BCA582A5431B33B</styleUrl>
		<Point>
			<coordinates>104.517865185336,17.61851947860531,156.4167337849518</coordinates>
		</Point>
	</Placemark>
	<Placemark id="099DC86DE229FE949338">
		<name>md138-db-212-0301-276+509</name>
		<LookAt>
			<longitude>104.5183229779393</longitude>
			<latitude>17.61835529543767</latitude>
			<altitude>155.4173105987913</altitude>
			<heading>97.6532261714861</heading>
			<tilt>0</tilt>
			<gx:fovy>36.95157753484376</gx:fovy>
			<range>459.3870653008344</range>
			<altitudeMode>absolute</altitudeMode>
		</LookAt>
		<styleUrl>#__managed_style_0BED4BCA582A5431B33B</styleUrl>
		<Point>
			<coordinates>104.5181236021574,17.61850160733587,155.3516609940492</coordinates>
		</Point>
	</Placemark>
	<Placemark id="0A94AC1A4E29FE94DAD7">
		<name>md139-db-212-0301-276+544</name>
		<LookAt>
			<longitude>104.5183229779393</longitude>
			<latitude>17.6183552953954</latitude>
			<altitude>155.4173105987913</altitude>
			<heading>97.6532261714861</heading>
			<tilt>0</tilt>
			<gx:fovy>36.95157753484376</gx:fovy>
			<range>459.3870653008344</range>
			<altitudeMode>absolute</altitudeMode>
		</LookAt>
		<styleUrl>#__managed_style_0BED4BCA582A5431B33B</styleUrl>
		<Point>
			<coordinates>104.5184867323373,17.6184899209255,155.0157142043786</coordinates>
		</Point>
	</Placemark>
	<Placemark id="0D479D16ED29FE9519CA">
		<name>md140-db-212-0301-276+579</name>
		<LookAt>
			<longitude>104.5183229779393</longitude>
			<latitude>17.61835529535314</latitude>
			<altitude>155.4173106002059</altitude>
			<heading>97.6532261714861</heading>
			<tilt>0</tilt>
			<gx:fovy>36.95157753484376</gx:fovy>
			<range>459.3870653008344</range>
			<altitudeMode>absolute</altitudeMode>
		</LookAt>
		<styleUrl>#__managed_style_0BED4BCA582A5431B33B</styleUrl>
		<Point>
			<coordinates>104.5188255093046,17.61844930987418,155.4768876348952</coordinates>
		</Point>
	</Placemark>
	<Placemark id="0C62547A7229FE9D1E4D">
		<name>md141-db-212-0301-276+614</name>
		<LookAt>
			<longitude>104.5192599788103</longitude>
			<latitude>17.61863862280524</latitude>
			<altitude>153.6431394260592</altitude>
			<heading>97.65846746825275</heading>
			<tilt>0</tilt>
			<gx:fovy>36.95157753484376</gx:fovy>
			<range>331.1709497577249</range>
			<altitudeMode>absolute</altitudeMode>
		</LookAt>
		<styleUrl>#__managed_style_0BED4BCA582A5431B33B</styleUrl>
		<Point>
			<coordinates>104.5191367905082,17.61837493230188,155.7688907493957</coordinates>
		</Point>
	</Placemark>
	<Placemark id="082BC59FFC29FE9D63B5">
		<name>md142-db-212-0301-276+649</name>
		<LookAt>
			<longitude>104.5192599787991</longitude>
			<latitude>17.61863862278015</latitude>
			<altitude>153.6431394260592</altitude>
			<heading>97.65846746825277</heading>
			<tilt>0</tilt>
			<gx:fovy>36.95157753484376</gx:fovy>
			<range>331.1709497577249</range>
			<altitudeMode>absolute</altitudeMode>
		</LookAt>
		<styleUrl>#__managed_style_0BED4BCA582A5431B33B</styleUrl>
		<Point>
			<coordinates>104.519437831697,17.61825597264296,155.285362122457</coordinates>
		</Point>
	</Placemark>
	<Placemark id="0F00A2921929FE9DA071">
		<name>md143-db-212-0301-276+684</name>
		<LookAt>
			<longitude>104.5192599787881</longitude>
			<latitude>17.61863862275506</latitude>
			<altitude>153.6431394260592</altitude>
			<heading>97.65846746825277</heading>
			<tilt>0</tilt>
			<gx:fovy>36.95157753484376</gx:fovy>
			<range>331.1709497577249</range>
			<altitudeMode>absolute</altitudeMode>
		</LookAt>
		<styleUrl>#__managed_style_0BED4BCA582A5431B33B</styleUrl>
		<Point>
			<coordinates>104.5197222155669,17.61809778552099,154.055823707714</coordinates>
		</Point>
	</Placemark>
	<Placemark id="03FD03FFB429FEA0BBD5">
		<name>md146-db-212-0301-278+982</name>
		<Camera>
			<gx:ViewerOptions>
				<gx:option name="streetview"></gx:option>
				<gx:streetViewPanoId>b662obOssSakh6yXPSApig</gx:streetViewPanoId>
			</gx:ViewerOptions>
			<longitude>104.5463852476531</longitude>
			<latitude>17.60336574022777</latitude>
			<altitude>151.8070526123047</altitude>
			<heading>222.0366522022413</heading>
			<tilt>57.35805694480903</tilt>
			<roll>0</roll>
			<gx:fovy>60.00005367327601</gx:fovy>
			<altitudeMode>absolute</altitudeMode>
		</Camera>
		<styleUrl>#__managed_style_0BED4BCA582A5431B33B</styleUrl>
		<Point>
			<altitudeMode>relativeToGround</altitudeMode>
			<coordinates>104.5463206429808,17.60355764677176,0</coordinates>
		</Point>
	</Placemark>
	<Placemark id="05756EF40929FEA1C5E7">
		<name>md144-db-212-0301-278+912</name>
		<Camera>
			<gx:ViewerOptions>
				<gx:option name="streetview"></gx:option>
				<gx:streetViewPanoId>KRGOigTKZQTtdhKe0mMnUA</gx:streetViewPanoId>
			</gx:ViewerOptions>
			<longitude>104.5458234253944</longitude>
			<latitude>17.60397735053224</latitude>
			<altitude>151.7790985107422</altitude>
			<heading>128.5931032433977</heading>
			<tilt>54.84232753181624</tilt>
			<roll>0</roll>
			<gx:fovy>59.99999999999999</gx:fovy>
			<altitudeMode>absolute</altitudeMode>
		</Camera>
		<styleUrl>#__managed_style_0BED4BCA582A5431B33B</styleUrl>
		<Point>
			<altitudeMode>relativeToGround</altitudeMode>
			<coordinates>104.5457862464128,17.60393569652723,0</coordinates>
		</Point>
	</Placemark>
	<Placemark id="07633158F429FEA474AD">
		<name>md145-db-212-0301-278+947</name>
		<LookAt>
			<longitude>104.545538095402</longitude>
			<latitude>17.60384960181698</latitude>
			<altitude>149.8321985635934</altitude>
			<heading>139.821667707792</heading>
			<tilt>0</tilt>
			<gx:fovy>35</gx:fovy>
			<range>256.3721547486785</range>
			<altitudeMode>absolute</altitudeMode>
		</LookAt>
		<styleUrl>#__managed_style_0BED4BCA582A5431B33B</styleUrl>
		<Point>
			<coordinates>104.5460512654377,17.60373741894879,152.6997630486824</coordinates>
		</Point>
	</Placemark>
	<Placemark id="0ED8829A7629FEA5FA53">
		<name>md147-db-212-0301-279+017</name>
		<LookAt>
			<longitude>104.5460757782122</longitude>
			<latitude>17.6033775916501</latitude>
			<altitude>149.5196157272612</altitude>
			<heading>143.199622146626</heading>
			<tilt>0</tilt>
			<gx:fovy>35</gx:fovy>
			<range>256.3297397418501</range>
			<altitudeMode>absolute</altitudeMode>
		</LookAt>
		<styleUrl>#__managed_style_0BED4BCA582A5431B33B</styleUrl>
		<Point>
			<coordinates>104.5465761111687,17.60335568000311,150.7610745172969</coordinates>
		</Point>
	</Placemark>
	<Placemark id="07EC3231C429FEA7AC8D">
		<name>md148-db-212-0301-279+052</name>
		<LookAt>
			<longitude>104.5472150949743</longitude>
			<latitude>17.60293331410589</latitude>
			<altitude>150.5440464122817</altitude>
			<heading>129.4647361308407</heading>
			<tilt>0</tilt>
			<gx:fovy>35.03312792060205</gx:fovy>
			<range>499.3393131316407</range>
			<altitudeMode>absolute</altitudeMode>
		</LookAt>
		<styleUrl>#__managed_style_0BED4BCA582A5431B33B</styleUrl>
		<Point>
			<coordinates>104.5468524357896,17.60317930512163,151.272920494345</coordinates>
		</Point>
	</Placemark>
	<Placemark id="047972251729FEA7EF15">
		<name>md149-db-212-0301-279+087</name>
		<LookAt>
			<longitude>104.5472150949743</longitude>
			<latitude>17.60293331413759</latitude>
			<altitude>150.5440464122817</altitude>
			<heading>129.4647361308407</heading>
			<tilt>0</tilt>
			<gx:fovy>35.03312792060205</gx:fovy>
			<range>499.3393131316408</range>
			<altitudeMode>absolute</altitudeMode>
		</LookAt>
		<styleUrl>#__managed_style_0BED4BCA582A5431B33B</styleUrl>
		<Point>
			<coordinates>104.5471161861048,17.60298775047549,150.862566048636</coordinates>
		</Point>
	</Placemark>
	<Placemark id="03E3AF39CD29FEA8284C">
		<name>md150-db-212-0301-279+122</name>
		<LookAt>
			<longitude>104.5472150949743</longitude>
			<latitude>17.60293331416929</latitude>
			<altitude>150.5440464122817</altitude>
			<heading>129.4647361308407</heading>
			<tilt>0</tilt>
			<gx:fovy>35.03312792060205</gx:fovy>
			<range>499.3393131316407</range>
			<altitudeMode>absolute</altitudeMode>
		</LookAt>
		<styleUrl>#__managed_style_0BED4BCA582A5431B33B</styleUrl>
		<Point>
			<coordinates>104.5473706317807,17.60279133865891,150.7757634192909</coordinates>
		</Point>
	</Placemark>
	<Placemark id="00AA21979329FEA8AF86">
		<name>md151-db-212-0301-279+157</name>
		<LookAt>
			<longitude>104.5473703974011</longitude>
			<latitude>17.60281754383239</latitude>
			<altitude>150.6049568845185</altitude>
			<heading>146.079706091608</heading>
			<tilt>0</tilt>
			<gx:fovy>35.8399714948541</gx:fovy>
			<range>483.2476158033388</range>
			<altitudeMode>absolute</altitudeMode>
		</LookAt>
		<styleUrl>#__managed_style_0BED4BCA582A5431B33B</styleUrl>
		<Point>
			<coordinates>104.5476196640608,17.60259653435176,151.671522257206</coordinates>
		</Point>
	</Placemark>
	<Placemark id="0DDEB009962A01E54EB5">
		<name>md152-db-212-0301-281+057</name>
		<Camera>
			<gx:ViewerOptions>
				<gx:option name="streetview"></gx:option>
				<gx:streetViewPanoId>DwlY8tRW3IxeGrrX4TR0Ow</gx:streetViewPanoId>
			</gx:ViewerOptions>
			<longitude>104.5627859597825</longitude>
			<latitude>17.59361834856643</latitude>
			<altitude>153.6494750976562</altitude>
			<heading>183.3289366383449</heading>
			<tilt>79.25746731088813</tilt>
			<roll>0</roll>
			<gx:fovy>60.00000000005333</gx:fovy>
			<altitudeMode>absolute</altitudeMode>
		</Camera>
		<styleUrl>#__managed_style_0BED4BCA582A5431B33B</styleUrl>
		<Point>
			<altitudeMode>relativeToGround</altitudeMode>
			<coordinates>104.5627578707881,17.59357822357357,0</coordinates>
		</Point>
	</Placemark>
	<Placemark id="06C8C3A4352A01E7B5D9">
		<name>md153-db-212-0301-281+092</name>
		<LookAt>
			<longitude>104.5625237981043</longitude>
			<latitude>17.59328052994193</latitude>
			<altitude>151.5837968241796</altitude>
			<heading>119.4749660490147</heading>
			<tilt>0</tilt>
			<gx:fovy>35</gx:fovy>
			<range>298.5548293210741</range>
			<altitudeMode>absolute</altitudeMode>
		</LookAt>
		<styleUrl>#__managed_style_0BED4BCA582A5431B33B</styleUrl>
		<Point>
			<coordinates>104.5630914243489,17.59342476376069,150.659972981961</coordinates>
		</Point>
	</Placemark>
	<Placemark id="01CBA80A9B2A01E8D3BE">
		<name>md154-db-212-0301-281+127</name>
		<LookAt>
			<longitude>104.563090462342</longitude>
			<latitude>17.59347379049089</latitude>
			<altitude>150.4798349145931</altitude>
			<heading>143.066924291374</heading>
			<tilt>0</tilt>
			<gx:fovy>36.01535352777788</gx:fovy>
			<range>479.824098957106</range>
			<altitudeMode>absolute</altitudeMode>
		</LookAt>
		<styleUrl>#__managed_style_0BED4BCA582A5431B33B</styleUrl>
		<Point>
			<coordinates>104.5633584771909,17.59329573544168,152.0349857166786</coordinates>
		</Point>
	</Placemark>
	<Placemark id="0E4ECB69282A01E916FF">
		<name>md155-db-212-0301-281+162</name>
		<LookAt>
			<longitude>104.5630904623531</longitude>
			<latitude>17.59347379044862</latitude>
			<altitude>150.4798349145931</altitude>
			<heading>143.066924291374</heading>
			<tilt>0</tilt>
			<gx:fovy>36.01535352777788</gx:fovy>
			<range>479.824098957106</range>
			<altitudeMode>absolute</altitudeMode>
		</LookAt>
		<styleUrl>#__managed_style_0BED4BCA582A5431B33B</styleUrl>
		<Point>
			<coordinates>104.5636573045967,17.59314691339481,153.3001291027221</coordinates>
		</Point>
	</Placemark>
	<Placemark id="04BE0D101C2A01E9722B">
		<name>md156-db-212-0301-281+197</name>
		<LookAt>
			<longitude>104.5630904623642</longitude>
			<latitude>17.59347379040636</latitude>
			<altitude>150.4798349145931</altitude>
			<heading>143.066924291374</heading>
			<tilt>0</tilt>
			<gx:fovy>36.01535352777788</gx:fovy>
			<range>479.824098957106</range>
			<altitudeMode>absolute</altitudeMode>
		</LookAt>
		<styleUrl>#__managed_style_0BED4BCA582A5431B33B</styleUrl>
		<Point>
			<coordinates>104.563960275666,17.59300579078246,154.2799656454072</coordinates>
		</Point>
	</Placemark>
	<Placemark id="05794A84592A01E9F356">
		<name>md157-db-212-0301-281+232</name>
		<LookAt>
			<longitude>104.5630904623753</longitude>
			<latitude>17.59347379036409</latitude>
			<altitude>150.4798349145931</altitude>
			<heading>143.066924291374</heading>
			<tilt>0</tilt>
			<gx:fovy>36.01535352777788</gx:fovy>
			<range>479.824098957106</range>
			<altitudeMode>absolute</altitudeMode>
		</LookAt>
		<styleUrl>#__managed_style_0BED4BCA582A5431B33B</styleUrl>
		<Point>
			<coordinates>104.5642699207075,17.59285721909759,154.1659336612736</coordinates>
		</Point>
	</Placemark>
	<Placemark id="07DC6813392A01EA403C">
		<name>md158-db-212-0301-281+267</name>
		<LookAt>
			<longitude>104.5646423818111</longitude>
			<latitude>17.59276187037788</latitude>
			<altitude>153.2143845074808</altitude>
			<heading>143.0673399760577</heading>
			<tilt>0</tilt>
			<gx:fovy>36.01535352777788</gx:fovy>
			<range>323.8802272807152</range>
			<altitudeMode>absolute</altitudeMode>
		</LookAt>
		<styleUrl>#__managed_style_0BED4BCA582A5431B33B</styleUrl>
		<Point>
			<coordinates>104.564568474672,17.59271479180278,153.4549368135136</coordinates>
		</Point>
	</Placemark>
	<Placemark id="0E0B97C3A52A01EA8BE6">
		<name>md159-db-212-0301-281+302</name>
		<LookAt>
			<longitude>104.5646423818111</longitude>
			<latitude>17.59276187039902</latitude>
			<altitude>153.2143845074808</altitude>
			<heading>143.0673399760577</heading>
			<tilt>0</tilt>
			<gx:fovy>36.01535352777788</gx:fovy>
			<range>323.8802272807152</range>
			<altitudeMode>absolute</altitudeMode>
		</LookAt>
		<styleUrl>#__managed_style_0BED4BCA582A5431B33B</styleUrl>
		<Point>
			<coordinates>104.5648748629982,17.59257368597092,152.7280698634501</coordinates>
		</Point>
	</Placemark>
	<Placemark id="0519F323982A01EAD2AD">
		<name>md160-db-212-0301-281+337</name>
		<LookAt>
			<longitude>104.5646423818111</longitude>
			<latitude>17.59276187042015</latitude>
			<altitude>153.2143845074808</altitude>
			<heading>143.0673399760577</heading>
			<tilt>0</tilt>
			<gx:fovy>36.01535352777788</gx:fovy>
			<range>323.8802272807152</range>
			<altitudeMode>absolute</altitudeMode>
		</LookAt>
		<styleUrl>#__managed_style_0BED4BCA582A5431B33B</styleUrl>
		<Point>
			<coordinates>104.5651754083444,17.59242872512631,151.8115806524254</coordinates>
		</Point>
	</Placemark>
	<Placemark id="0F0C9939A12A01EB4733">
		<name>md161-db-212-0301-281+372</name>
		<LookAt>
			<longitude>104.565146071131</longitude>
			<latitude>17.59248677016157</latitude>
			<altitude>151.7227667844479</altitude>
			<heading>143.0675649640853</heading>
			<tilt>0</tilt>
			<gx:fovy>35</gx:fovy>
			<range>500.0000137789903</range>
			<altitudeMode>absolute</altitudeMode>
		</LookAt>
		<styleUrl>#__managed_style_0BED4BCA582A5431B33B</styleUrl>
		<Point>
			<coordinates>104.5654781272336,17.59227625088971,152.647142630903</coordinates>
		</Point>
	</Placemark>
	<Placemark id="01D8C9DF972A01EB8E09">
		<name>md162-db-212-0301-281+407</name>
		<LookAt>
			<longitude>104.5651460710699</longitude>
			<latitude>17.59248677007704</latitude>
			<altitude>151.7227667830333</altitude>
			<heading>143.0675649640853</heading>
			<tilt>0</tilt>
			<gx:fovy>35</gx:fovy>
			<range>500.0000137789903</range>
			<altitudeMode>absolute</altitudeMode>
		</LookAt>
		<styleUrl>#__managed_style_0BED4BCA582A5431B33B</styleUrl>
		<Point>
			<coordinates>104.5657746782907,17.59211987684007,152.9208770832731</coordinates>
		</Point>
	</Placemark>
	<Placemark id="0E9F30157F2A01EDAF3E">
		<name>md163-db-212-0301-281+442</name>
		<LookAt>
			<longitude>104.5659259907553</longitude>
			<latitude>17.59193561109389</latitude>
			<altitude>152.1521959895269</altitude>
			<heading>143.0678584357248</heading>
			<tilt>0</tilt>
			<gx:fovy>35</gx:fovy>
			<range>249.6214239815527</range>
			<altitudeMode>absolute</altitudeMode>
		</LookAt>
		<styleUrl>#__managed_style_0BED4BCA582A5431B33B</styleUrl>
		<Point>
			<coordinates>104.5660526876345,17.59194108519019,152.2738838613235</coordinates>
		</Point>
	</Placemark>
	<Placemark id="01A3A8D3512A01EDE340">
		<name>md164-db-212-0301-281+477</name>
		<LookAt>
			<longitude>104.5659259907664</longitude>
			<latitude>17.59193561109918</latitude>
			<altitude>152.1521771237758</altitude>
			<heading>143.0678584357248</heading>
			<tilt>0</tilt>
			<gx:fovy>35</gx:fovy>
			<range>249.6214471591521</range>
			<altitudeMode>absolute</altitudeMode>
		</LookAt>
		<styleUrl>#__managed_style_0BED4BCA582A5431B33B</styleUrl>
		<Point>
			<coordinates>104.5663250367467,17.59175397569829,151.5880452722687</coordinates>
		</Point>
	</Placemark>
	<Placemark id="0183CFF3E92A01EE3809">
		<name>md165-db-212-0301-281+512</name>
		<LookAt>
			<longitude>104.5664028266577</longitude>
			<latitude>17.5914972889619</latitude>
			<altitude>151.0697559550096</altitude>
			<heading>143.0680025537266</heading>
			<tilt>0</tilt>
			<gx:fovy>35</gx:fovy>
			<range>250.703887404452</range>
			<altitudeMode>absolute</altitudeMode>
		</LookAt>
		<styleUrl>#__managed_style_0BED4BCA582A5431B33B</styleUrl>
		<Point>
			<coordinates>104.5665759756416,17.59156216058792,151.1219148579534</coordinates>
		</Point>
	</Placemark>
	<Placemark id="0EA3E399072A01EE7483">
		<name>md166-db-212-0301-281+547</name>
		<LookAt>
			<longitude>104.5664028266577</longitude>
			<latitude>17.59149728898303</latitude>
			<altitude>151.0697559550096</altitude>
			<heading>143.0680025537266</heading>
			<tilt>0</tilt>
			<gx:fovy>35</gx:fovy>
			<range>250.703887404452</range>
			<altitudeMode>absolute</altitudeMode>
		</LookAt>
		<styleUrl>#__managed_style_0BED4BCA582A5431B33B</styleUrl>
		<Point>
			<coordinates>104.5668370365871,17.59137074898151,151.9495833091695</coordinates>
		</Point>
	</Placemark>
	<Placemark id="074A5EB3E42A01EF609F">
		<name>md167-db-212-0301-281+582</name>
		<LookAt>
			<longitude>104.5663098573014</longitude>
			<latitude>17.59050536115884</latitude>
			<altitude>152.3376960697892</altitude>
			<heading>148.8093180648675</heading>
			<tilt>0</tilt>
			<gx:fovy>35</gx:fovy>
			<range>432.4550193311735</range>
			<altitudeMode>absolute</altitudeMode>
		</LookAt>
		<styleUrl>#__managed_style_0BED4BCA582A5431B33B</styleUrl>
		<Point>
			<coordinates>104.5671107814557,17.59118260635185,152.3068399355728</coordinates>
		</Point>
	</Placemark>
	<Placemark id="01C4B0BDE52A01EF9D9E">
		<name>md168-db-212-0301-281+617</name>
		<LookAt>
			<longitude>104.566309857257</longitude>
			<latitude>17.5905053610928</latitude>
			<altitude>152.3376583397017</altitude>
			<heading>148.8093180648675</heading>
			<tilt>0</tilt>
			<gx:fovy>35</gx:fovy>
			<range>432.4550656863721</range>
			<altitudeMode>absolute</altitudeMode>
		</LookAt>
		<styleUrl>#__managed_style_0BED4BCA582A5431B33B</styleUrl>
		<Point>
			<coordinates>104.5673571505816,17.59097337573178,152.3027875253648</coordinates>
		</Point>
	</Placemark>
	<Placemark id="0142ED1F032A01EFF094">
		<name>md169-db-212-0301-281+652</name>
		<LookAt>
			<longitude>104.5670102701264</longitude>
			<latitude>17.59030234828162</latitude>
			<altitude>151.0704669360749</altitude>
			<heading>148.8095297485181</heading>
			<tilt>0</tilt>
			<gx:fovy>35</gx:fovy>
			<range>433.7222777537683</range>
			<altitudeMode>absolute</altitudeMode>
		</LookAt>
		<styleUrl>#__managed_style_0BED4BCA582A5431B33B</styleUrl>
		<Point>
			<coordinates>104.5676188543685,17.59077730078431,152.8304495967507</coordinates>
		</Point>
	</Placemark>
	<Placemark id="0B9390A3522A01F08DA3">
		<name>md170-db-212-0301-281+687</name>
		<LookAt>
			<longitude>104.5677136434363</longitude>
			<latitude>17.59081180921032</latitude>
			<altitude>152.8561497889293</altitude>
			<heading>148.8095297485181</heading>
			<tilt>0</tilt>
			<gx:fovy>35</gx:fovy>
			<range>500.0000137789903</range>
			<altitudeMode>absolute</altitudeMode>
		</LookAt>
		<styleUrl>#__managed_style_0BED4BCA582A5431B33B</styleUrl>
		<Point>
			<coordinates>104.5678775412757,17.59057549376929,152.8809504380304</coordinates>
		</Point>
	</Placemark>
	<Placemark id="097D664DE12A01F27BE2">
		<name>md171-db-212-0301-281+722</name>
		<LookAt>
			<longitude>104.5677136434807</longitude>
			<latitude>17.59081180921032</latitude>
			<altitude>152.8561497889293</altitude>
			<heading>148.8095297485181</heading>
			<tilt>0</tilt>
			<gx:fovy>35</gx:fovy>
			<range>500.0000137789904</range>
			<altitudeMode>absolute</altitudeMode>
		</LookAt>
		<styleUrl>#__managed_style_0BED4BCA582A5431B33B</styleUrl>
		<Point>
			<coordinates>104.5681384591228,17.59037683950759,152.7201696416651</coordinates>
		</Point>
	</Placemark>
	<Placemark id="070426F9152A01F2C3B3">
		<name>md172-db-212-0301-281+757</name>
		<LookAt>
			<longitude>104.5677136435251</longitude>
			<latitude>17.59081180921033</latitude>
			<altitude>152.8561497875147</altitude>
			<heading>148.8095297485181</heading>
			<tilt>0</tilt>
			<gx:fovy>35</gx:fovy>
			<range>500.0000137789903</range>
			<altitudeMode>absolute</altitudeMode>
		</LookAt>
		<styleUrl>#__managed_style_0BED4BCA582A5431B33B</styleUrl>
		<Point>
			<coordinates>104.5683533922939,17.59022110123826,152.4704339995811</coordinates>
		</Point>
	</Placemark>
	<Placemark id="0E4564498C2A01F3065F">
		<name>md173-db-212-0301-281+792</name>
		<LookAt>
			<longitude>104.5677136435695</longitude>
			<latitude>17.59081180921032</latitude>
			<altitude>152.8561497875147</altitude>
			<heading>148.8095297485181</heading>
			<tilt>0</tilt>
			<gx:fovy>35</gx:fovy>
			<range>500.0000137789903</range>
			<altitudeMode>absolute</altitudeMode>
		</LookAt>
		<styleUrl>#__managed_style_0BED4BCA582A5431B33B</styleUrl>
		<Point>
			<coordinates>104.5685827217724,17.59005297323802,152.4931651132549</coordinates>
		</Point>
	</Placemark>
	<Placemark id="02378A28942A01F3B0FB">
		<name>md174-db-212-0301-281+827</name>
		<LookAt>
			<longitude>104.5686583011255</longitude>
			<latitude>17.59010989608025</latitude>
			<altitude>152.1816180435534</altitude>
			<heading>128.4422501143765</heading>
			<tilt>0</tilt>
			<gx:fovy>35</gx:fovy>
			<range>499.9999674237916</range>
			<altitudeMode>absolute</altitudeMode>
		</LookAt>
		<styleUrl>#__managed_style_0BED4BCA582A5431B33B</styleUrl>
		<Point>
			<coordinates>104.5688263493306,17.58991082563119,152.273864066664</coordinates>
		</Point>
	</Placemark>
	<Placemark id="08342CE9132A01F406CF">
		<name>md175-db-212-0301-281+862</name>
		<LookAt>
			<longitude>104.5686583010589</longitude>
			<latitude>17.59010989601685</latitude>
			<altitude>152.1816180435534</altitude>
			<heading>128.4422501143765</heading>
			<tilt>0</tilt>
			<gx:fovy>35</gx:fovy>
			<range>499.9999674237916</range>
			<altitudeMode>absolute</altitudeMode>
		</LookAt>
		<styleUrl>#__managed_style_0BED4BCA582A5431B33B</styleUrl>
		<Point>
			<coordinates>104.5690574285094,17.58973602921808,152.6684246032925</coordinates>
		</Point>
	</Placemark>
	<Placemark id="0B62AC54752A01F44C16">
		<name>md176-db-212-0301-281+897</name>
		<LookAt>
			<longitude>104.5686583009922</longitude>
			<latitude>17.59010989595345</latitude>
			<altitude>152.1816180435534</altitude>
			<heading>128.4422501143765</heading>
			<tilt>0</tilt>
			<gx:fovy>35</gx:fovy>
			<range>499.9999674237915</range>
			<altitudeMode>absolute</altitudeMode>
		</LookAt>
		<styleUrl>#__managed_style_0BED4BCA582A5431B33B</styleUrl>
		<Point>
			<coordinates>104.5693235611045,17.58952200683024,152.6399671737837</coordinates>
		</Point>
	</Placemark>
	<Placemark id="069491BAD22A01F491E2">
		<name>md177-db-212-0301-281+932</name>
		<LookAt>
			<longitude>104.5695573173296</longitude>
			<latitude>17.5893511450657</latitude>
			<altitude>151.6300954030117</altitude>
			<heading>128.4425218138692</heading>
			<tilt>0</tilt>
			<gx:fovy>35</gx:fovy>
			<range>500.5515015781567</range>
			<altitudeMode>absolute</altitudeMode>
		</LookAt>
		<styleUrl>#__managed_style_0BED4BCA582A5431B33B</styleUrl>
		<Point>
			<coordinates>104.5695766961105,17.58934732755959,151.8607152755731</coordinates>
		</Point>
	</Placemark>
	<Placemark id="04971E18412A01F4CAF8">
		<name>md178-db-212-0301-281+967</name>
		<LookAt>
			<longitude>104.5695573172629</longitude>
			<latitude>17.58935114508683</latitude>
			<altitude>151.6300954030117</altitude>
			<heading>128.4425218138692</heading>
			<tilt>0</tilt>
			<gx:fovy>35</gx:fovy>
			<range>500.5515015781566</range>
			<altitudeMode>absolute</altitudeMode>
		</LookAt>
		<styleUrl>#__managed_style_0BED4BCA582A5431B33B</styleUrl>
		<Point>
			<coordinates>104.5698144656964,17.58916737507313,151.1475279632914</coordinates>
		</Point>
	</Placemark>
	<Placemark id="0E75BFC8632A01F50120">
		<name>md179-db-212-0301-282+002</name>
		<LookAt>
			<longitude>104.5695573171963</longitude>
			<latitude>17.58935114510796</latitude>
			<altitude>151.630095401597</altitude>
			<heading>128.4425218138692</heading>
			<tilt>0</tilt>
			<gx:fovy>35</gx:fovy>
			<range>500.5515015781567</range>
			<altitudeMode>absolute</altitudeMode>
		</LookAt>
		<styleUrl>#__managed_style_0BED4BCA582A5431B33B</styleUrl>
		<Point>
			<coordinates>104.5700552435812,17.58897015605645,151.4620458735239</coordinates>
		</Point>
	</Placemark>
	<Placemark id="0A4800FAED2A01F56F86">
		<name>md180-db-212-0301-282+037</name>
		<LookAt>
			<longitude>104.5702035744426</longitude>
			<latitude>17.58875852097741</latitude>
			<altitude>151.7744785281083</altitude>
			<heading>128.4427171184344</heading>
			<tilt>0</tilt>
			<gx:fovy>35</gx:fovy>
			<range>500.4070587789465</range>
			<altitudeMode>absolute</altitudeMode>
		</LookAt>
		<styleUrl>#__managed_style_0BED4BCA582A5431B33B</styleUrl>
		<Point>
			<coordinates>104.5703308642284,17.58877748979984,151.2812675936315</coordinates>
		</Point>
	</Placemark>
	<Placemark id="085DB6647E2A01F5A42E">
		<name>md181-db-212-0301-282+072</name>
		<LookAt>
			<longitude>104.5702035744204</longitude>
			<latitude>17.58875852093514</latitude>
			<altitude>151.7744785281083</altitude>
			<heading>128.4427171184344</heading>
			<tilt>0</tilt>
			<gx:fovy>35</gx:fovy>
			<range>500.4070124237478</range>
			<altitudeMode>absolute</altitudeMode>
		</LookAt>
		<styleUrl>#__managed_style_0BED4BCA582A5431B33B</styleUrl>
		<Point>
			<coordinates>104.5705927099172,17.58857930909993,151.4675990395516</coordinates>
		</Point>
	</Placemark>
	<Placemark id="0B9FA1DBE32A01F61FAD">
		<name>md182-db-212-0301-282+107</name>
		<LookAt>
			<longitude>104.5702035743982</longitude>
			<latitude>17.58875852089288</latitude>
			<altitude>151.7744785281083</altitude>
			<heading>128.4427171184344</heading>
			<tilt>0</tilt>
			<gx:fovy>35</gx:fovy>
			<range>500.4069660685492</range>
			<altitudeMode>absolute</altitudeMode>
		</LookAt>
		<styleUrl>#__managed_style_0BED4BCA582A5431B33B</styleUrl>
		<Point>
			<coordinates>104.5708427332844,17.58839006580779,151.6880475320045</coordinates>
		</Point>
	</Placemark>
	<Placemark id="0A35D39E522A01F6610A">
		<name>md183-db-212-0301-282+142</name>
		<LookAt>
			<longitude>104.571125007996</longitude>
			<latitude>17.58806126974572</latitude>
			<altitude>149.8920956184984</altitude>
			<heading>128.4429955635455</heading>
			<tilt>0</tilt>
			<gx:fovy>35</gx:fovy>
			<range>502.2893579781522</range>
			<altitudeMode>absolute</altitudeMode>
		</LookAt>
		<styleUrl>#__managed_style_0BED4BCA582A5431B33B</styleUrl>
		<Point>
			<coordinates>104.5711140475916,17.5881959504866,150.1281110282425</coordinates>
		</Point>
	</Placemark>
	<Placemark id="07D2D340682A01F69786">
		<name>md184-db-212-0301-282+177</name>
		<LookAt>
			<longitude>104.5711250080404</longitude>
			<latitude>17.58806126978799</latitude>
			<altitude>149.8920956170838</altitude>
			<heading>128.4429955635455</heading>
			<tilt>0</tilt>
			<gx:fovy>35</gx:fovy>
			<range>502.2893579781522</range>
			<altitudeMode>absolute</altitudeMode>
		</LookAt>
		<styleUrl>#__managed_style_0BED4BCA582A5431B33B</styleUrl>
		<Point>
			<coordinates>104.5713759106986,17.58800514228462,149.6659090104592</coordinates>
		</Point>
	</Placemark>
	<Placemark id="0A9969A2D92A01F6D36A">
		<name>md185-db-212-0301-282+212</name>
		<LookAt>
			<longitude>104.5711250080848</longitude>
			<latitude>17.58806126983026</latitude>
			<altitude>149.8920956184984</altitude>
			<heading>128.4429955635455</heading>
			<tilt>0</tilt>
			<gx:fovy>35</gx:fovy>
			<range>502.2893579781521</range>
			<altitudeMode>absolute</altitudeMode>
		</LookAt>
		<styleUrl>#__managed_style_0BED4BCA582A5431B33B</styleUrl>
		<Point>
			<coordinates>104.5716305748864,17.5878015190894,149.9669108703262</coordinates>
		</Point>
	</Placemark>
	<Placemark id="0A9C22B1952A01F74107">
		<name>md186-db-212-0301-282+247</name>
		<LookAt>
			<longitude>104.5716698652262</longitude>
			<latitude>17.58784399936868</latitude>
			<altitude>149.7835444678596</altitude>
			<heading>143.645205186934</heading>
			<tilt>0</tilt>
			<gx:fovy>35</gx:fovy>
			<range>500.000060134189</range>
			<altitudeMode>absolute</altitudeMode>
		</LookAt>
		<styleUrl>#__managed_style_0BED4BCA582A5431B33B</styleUrl>
		<Point>
			<coordinates>104.5719138233135,17.58759621003166,150.1740400183897</coordinates>
		</Point>
	</Placemark>
	<Placemark id="0EF377D9592A01F771C6">
		<name>md187-db-212-0301-282+282</name>
		<LookAt>
			<longitude>104.5716698651818</longitude>
			<latitude>17.58784399935812</latitude>
			<altitude>149.7835821965324</altitude>
			<heading>143.645205186934</heading>
			<tilt>0</tilt>
			<gx:fovy>35</gx:fovy>
			<range>500.0000601341891</range>
			<altitudeMode>absolute</altitudeMode>
		</LookAt>
		<styleUrl>#__managed_style_0BED4BCA582A5431B33B</styleUrl>
		<Point>
			<coordinates>104.5722053772832,17.58738601917419,148.5384645973494</coordinates>
		</Point>
	</Placemark>
	<Placemark id="0A996AC3482A01F7A542">
		<name>md188-db-212-0301-282+317</name>
		<LookAt>
			<longitude>104.5716698651374</longitude>
			<latitude>17.58784399934755</latitude>
			<altitude>149.7835821979471</altitude>
			<heading>143.645205186934</heading>
			<tilt>0</tilt>
			<gx:fovy>35</gx:fovy>
			<range>500.0001064893877</range>
			<altitudeMode>absolute</altitudeMode>
		</LookAt>
		<styleUrl>#__managed_style_0BED4BCA582A5431B33B</styleUrl>
		<Point>
			<coordinates>104.5725201659375,17.58714341543737,147.8933392763369</coordinates>
		</Point>
	</Placemark>
	<Placemark id="09B5E7B0842A01F82A76">
		<name>md189-db-212-0301-282+352</name>
		<LookAt>
			<longitude>104.5729863890585</longitude>
			<latitude>17.58699976171618</latitude>
			<altitude>148.97032949447</altitude>
			<heading>143.645602972465</heading>
			<tilt>0</tilt>
			<gx:fovy>35</gx:fovy>
			<range>500.8133620957234</range>
			<altitudeMode>absolute</altitudeMode>
		</LookAt>
		<styleUrl>#__managed_style_0BED4BCA582A5431B33B</styleUrl>
		<Point>
			<coordinates>104.5727919956173,17.5869421834266,149.0041144831007</coordinates>
		</Point>
	</Placemark>
	<Placemark id="08520FC9E12A01F86CEF">
		<name>md190-db-212-0301-282+387</name>
		<LookAt>
			<longitude>104.5729863890807</longitude>
			<latitude>17.58699976167392</latitude>
			<altitude>148.97032949447</altitude>
			<heading>143.645602972465</heading>
			<tilt>0</tilt>
			<gx:fovy>35</gx:fovy>
			<range>500.8133620957233</range>
			<altitudeMode>absolute</altitudeMode>
		</LookAt>
		<styleUrl>#__managed_style_0BED4BCA582A5431B33B</styleUrl>
		<Point>
			<coordinates>104.5730669756674,17.58672515650201,149.9105580099721</coordinates>
		</Point>
	</Placemark>
	<Placemark id="0D794696802A01F8A84E">
		<name>md191-db-212-0301-282+422</name>
		<LookAt>
			<longitude>104.5737698381355</longitude>
			<latitude>17.58641723932189</latitude>
			<altitude>149.743167069657</altitude>
			<heading>143.6458396987192</heading>
			<tilt>0</tilt>
			<gx:fovy>35</gx:fovy>
			<range>500.04057457787</range>
			<altitudeMode>absolute</altitudeMode>
		</LookAt>
		<styleUrl>#__managed_style_0BED4BCA582A5431B33B</styleUrl>
		<Point>
			<coordinates>104.5733545086107,17.58652276590303,149.8130867545616</coordinates>
		</Point>
	</Placemark>
	<Placemark id="0EFF76608E2A01F93213">
		<name>md192-db-212-0301-282+457</name>
		<LookAt>
			<longitude>104.5734050627806</longitude>
			<latitude>17.58652652701885</latitude>
			<altitude>149.4054468677821</altitude>
			<heading>167.408935299444</heading>
			<tilt>0</tilt>
			<gx:fovy>35</gx:fovy>
			<range>500.000060134189</range>
			<altitudeMode>absolute</altitudeMode>
		</LookAt>
		<styleUrl>#__managed_style_0BED4BCA582A5431B33B</styleUrl>
		<Point>
			<coordinates>104.5736001180625,17.58632710823047,149.4891339451616</coordinates>
		</Point>
	</Placemark>
	<Placemark id="0B4DB256CC2A01F96B3A">
		<name>md193-db-212-0301-282+492</name>
		<LookAt>
			<longitude>104.573405062775</longitude>
			<latitude>17.58652652707168</latitude>
			<altitude>149.4054845964548</altitude>
			<heading>167.408935299444</heading>
			<tilt>0</tilt>
			<gx:fovy>35</gx:fovy>
			<range>500.000060134189</range>
			<altitudeMode>absolute</altitudeMode>
		</LookAt>
		<styleUrl>#__managed_style_0BED4BCA582A5431B33B</styleUrl>
		<Point>
			<coordinates>104.573859662963,17.58613699313399,149.3878019621482</coordinates>
		</Point>
	</Placemark>
	<Placemark id="00724140FC2A01F9CDB3">
		<name>md194-db-212-0301-282+527</name>
		<LookAt>
			<longitude>104.5734050627694</longitude>
			<latitude>17.58652652712452</latitude>
			<altitude>149.4054845964548</altitude>
			<heading>167.408935299444</heading>
			<tilt>0</tilt>
			<gx:fovy>35</gx:fovy>
			<range>500.0001064893877</range>
			<altitudeMode>absolute</altitudeMode>
		</LookAt>
		<styleUrl>#__managed_style_0BED4BCA582A5431B33B</styleUrl>
		<Point>
			<coordinates>104.5741618352957,17.58590916622959,148.9651349167871</coordinates>
		</Point>
	</Placemark>
	<Placemark id="0059AF92152A01FA1284">
		<name>md195-db-212-0301-282+562</name>
		<LookAt>
			<longitude>104.5734050627639</longitude>
			<latitude>17.58652652717735</latitude>
			<altitude>149.4054468677821</altitude>
			<heading>167.408935299444</heading>
			<tilt>0</tilt>
			<gx:fovy>35</gx:fovy>
			<range>500.0001528445865</range>
			<altitudeMode>absolute</altitudeMode>
		</LookAt>
		<styleUrl>#__managed_style_0BED4BCA582A5431B33B</styleUrl>
		<Point>
			<coordinates>104.5744386170683,17.58569239694291,149.7299676511754</coordinates>
		</Point>
	</Placemark>
	<Placemark id="08B56BD2212A01FA8000">
		<name>md196-db-212-0301-282+597</name>
		<LookAt>
			<longitude>104.5746683438923</longitude>
			<latitude>17.58585928742306</latitude>
			<altitude>149.0653026531446</altitude>
			<heading>167.4096737236276</heading>
			<tilt>0</tilt>
			<gx:fovy>35</gx:fovy>
			<range>582.8417602522677</range>
			<altitudeMode>absolute</altitudeMode>
		</LookAt>
		<styleUrl>#__managed_style_0BED4BCA582A5431B33B</styleUrl>
		<Point>
			<coordinates>104.5747144675352,17.58549093812067,149.2409584726165</coordinates>
		</Point>
	</Placemark>
	<Placemark id="067C5E890C2A01FACC61">
		<name>md197-db-212-0301-282+632</name>
		<LookAt>
			<longitude>104.5748594196485</longitude>
			<latitude>17.58509768371685</latitude>
			<altitude>149.6600063722326</altitude>
			<heading>167.4096416377252</heading>
			<tilt>0</tilt>
			<gx:fovy>35</gx:fovy>
			<range>304.1420214227401</range>
			<altitudeMode>absolute</altitudeMode>
		</LookAt>
		<styleUrl>#__managed_style_0BED4BCA582A5431B33B</styleUrl>
		<Point>
			<coordinates>104.5749800531111,17.58529127182282,149.2781861938674</coordinates>
		</Point>
	</Placemark>
	<Placemark id="09E55D57EF2A01FB06D7">
		<name>md198-db-212-0301-282+667</name>
		<LookAt>
			<longitude>104.5748594196264</longitude>
			<latitude>17.58509768369572</latitude>
			<altitude>149.6600063722326</altitude>
			<heading>167.4096416377252</heading>
			<tilt>0</tilt>
			<gx:fovy>35</gx:fovy>
			<range>304.1420214227401</range>
			<altitudeMode>absolute</altitudeMode>
		</LookAt>
		<styleUrl>#__managed_style_0BED4BCA582A5431B33B</styleUrl>
		<Point>
			<coordinates>104.5752520977012,17.58509240260367,148.9347690042444</coordinates>
		</Point>
	</Placemark>
	<Placemark id="00C629D1A72A01FB411A">
		<name>md199-db-212-0301-282+702</name>
		<LookAt>
			<longitude>104.5748594196042</longitude>
			<latitude>17.58509768367458</latitude>
			<altitude>149.6600063722326</altitude>
			<heading>167.4096416377252</heading>
			<tilt>0</tilt>
			<gx:fovy>35</gx:fovy>
			<range>304.1420214227401</range>
			<altitudeMode>absolute</altitudeMode>
		</LookAt>
		<styleUrl>#__managed_style_0BED4BCA582A5431B33B</styleUrl>
		<Point>
			<coordinates>104.5755133306939,17.58489513540227,149.4460894845645</coordinates>
		</Point>
	</Placemark>
	<Placemark id="0BDE48C7E22A01FB7904">
		<name>md200-db-212-0301-282+737</name>
		<LookAt>
			<longitude>104.5758135477657</longitude>
			<latitude>17.58447997437503</latitude>
			<altitude>149.1563542621647</altitude>
			<heading>167.4099299077539</heading>
			<tilt>0</tilt>
			<gx:fovy>35</gx:fovy>
			<range>304.6456706568279</range>
			<altitudeMode>absolute</altitudeMode>
		</LookAt>
		<styleUrl>#__managed_style_0BED4BCA582A5431B33B</styleUrl>
		<Point>
			<coordinates>104.575774087524,17.5846955995806,149.4658242629228</coordinates>
		</Point>
	</Placemark>
	<Placemark id="01E110C3D72A01FBB7D7">
		<name>md201-db-212-0301-282+772</name>
		<LookAt>
			<longitude>104.5758135477213</longitude>
			<latitude>17.58447997435389</latitude>
			<altitude>149.1563542621647</altitude>
			<heading>167.4099299077539</heading>
			<tilt>0</tilt>
			<gx:fovy>35</gx:fovy>
			<range>304.6456706568279</range>
			<altitudeMode>absolute</altitudeMode>
		</LookAt>
		<styleUrl>#__managed_style_0BED4BCA582A5431B33B</styleUrl>
		<Point>
			<coordinates>104.576045721714,17.58449150166931,148.438997876835</coordinates>
		</Point>
	</Placemark>
	<Placemark id="05FD40B36B2A01FBEBE9">
		<name>md202-db-212-0301-282+807</name>
		<LookAt>
			<longitude>104.5758135476769</longitude>
			<latitude>17.58447997433276</latitude>
			<altitude>149.1563542621647</altitude>
			<heading>167.4099299077539</heading>
			<tilt>0</tilt>
			<gx:fovy>35</gx:fovy>
			<range>304.6456706568279</range>
			<altitudeMode>absolute</altitudeMode>
		</LookAt>
		<styleUrl>#__managed_style_0BED4BCA582A5431B33B</styleUrl>
		<Point>
			<coordinates>104.5763183791766,17.58429197450596,148.2514748737086</coordinates>
		</Point>
	</Placemark>
	<Placemark id="0D5D9430B92A01FC328D">
		<name>md203-db-212-0301-282+842</name>
		<LookAt>
			<longitude>104.5758135476324</longitude>
			<latitude>17.58447997431163</latitude>
			<altitude>149.1563542621647</altitude>
			<heading>167.409929907754</heading>
			<tilt>0</tilt>
			<gx:fovy>35</gx:fovy>
			<range>304.6456706568279</range>
			<altitudeMode>absolute</altitudeMode>
		</LookAt>
		<styleUrl>#__managed_style_0BED4BCA582A5431B33B</styleUrl>
		<Point>
			<coordinates>104.5765615022669,17.58407225571613,149.0287814328922</coordinates>
		</Point>
	</Placemark>
	<Placemark id="027C65B29A2A01FCE293">
		<name>md204-db-212-0301-282+877</name>
		<LookAt>
			<longitude>104.5767813502029</longitude>
			<latitude>17.58395614148515</latitude>
			<altitude>149.0130295147551</altitude>
			<heading>148.2971479117171</heading>
			<tilt>0</tilt>
			<gx:fovy>35</gx:fovy>
			<range>275.7360191993939</range>
			<altitudeMode>absolute</altitudeMode>
		</LookAt>
		<styleUrl>#__managed_style_0BED4BCA582A5431B33B</styleUrl>
		<Point>
			<coordinates>104.5768382637337,17.58386830603671,149.2384351470952</coordinates>
		</Point>
	</Placemark>
	<Placemark id="022EB5CA4F2A01FD16F9">
		<name>md205-db-212-0301-282+912</name>
		<LookAt>
			<longitude>104.5767813502029</longitude>
			<latitude>17.58395614144288</latitude>
			<altitude>149.0130295147551</altitude>
			<heading>148.2971479117171</heading>
			<tilt>0</tilt>
			<gx:fovy>35</gx:fovy>
			<range>275.7360191993939</range>
			<altitudeMode>absolute</altitudeMode>
		</LookAt>
		<styleUrl>#__managed_style_0BED4BCA582A5431B33B</styleUrl>
		<Point>
			<coordinates>104.5770897696413,17.58368091808602,149.4065057895503</coordinates>
		</Point>
	</Placemark>
	<Placemark id="0D79366B7F2A01FD5A6C">
		<name>md206-db-212-0301-282+947</name>
		<LookAt>
			<longitude>104.5775545651134</longitude>
			<latitude>17.58332425908196</latitude>
			<altitude>149.2153448825231</altitude>
			<heading>148.297381505181</heading>
			<tilt>0</tilt>
			<gx:fovy>35</gx:fovy>
			<range>275.5337019345825</range>
			<altitudeMode>absolute</altitudeMode>
		</LookAt>
		<styleUrl>#__managed_style_0BED4BCA582A5431B33B</styleUrl>
		<Point>
			<coordinates>104.5773459845135,17.58348677486507,149.4746282439658</coordinates>
		</Point>
	</Placemark>
	<Placemark id="03DE4AE3A22A01FD96D5">
		<name>md207-db-212-0301-282+982</name>
		<LookAt>
			<longitude>104.5775545651245</longitude>
			<latitude>17.58332425908196</latitude>
			<altitude>149.2153448825231</altitude>
			<heading>148.297381505181</heading>
			<tilt>0</tilt>
			<gx:fovy>35</gx:fovy>
			<range>275.5337019345826</range>
			<altitudeMode>absolute</altitudeMode>
		</LookAt>
		<styleUrl>#__managed_style_0BED4BCA582A5431B33B</styleUrl>
		<Point>
			<coordinates>104.5776000596578,17.58329539951657,149.277335337915</coordinates>
		</Point>
	</Placemark>
	<Placemark id="0C04CB025D2A01FDCB4C">
		<name>md208-db-212-0301-283+017</name>
		<LookAt>
			<longitude>104.5775545651356</longitude>
			<latitude>17.58332425908196</latitude>
			<altitude>149.2153448825231</altitude>
			<heading>148.297381505181</heading>
			<tilt>0</tilt>
			<gx:fovy>35</gx:fovy>
			<range>275.5337019345825</range>
			<altitudeMode>absolute</altitudeMode>
		</LookAt>
		<styleUrl>#__managed_style_0BED4BCA582A5431B33B</styleUrl>
		<Point>
			<coordinates>104.5778629683996,17.58310279471109,148.7608199526681</coordinates>
		</Point>
	</Placemark>
	<Placemark id="03912DAEF62A020A3518">
		<name>md209-db-212-0301-283+052</name>
		<LookAt>
			<longitude>104.5771117185473</longitude>
			<latitude>17.58321906479772</latitude>
			<altitude>148.4637798944791</altitude>
			<heading>139.2997606408266</heading>
			<tilt>0</tilt>
			<gx:fovy>35</gx:fovy>
			<range>559.1146663668769</range>
			<altitudeMode>absolute</altitudeMode>
		</LookAt>
		<styleUrl>#__managed_style_0BED4BCA582A5431B33B</styleUrl>
		<Point>
			<coordinates>104.5781165564851,17.58290074975625,149.5947698185057</coordinates>
		</Point>
	</Placemark>
	<Placemark id="0CC575FCD42A020A91A0">
		<name>md210-db-212-0301-283+087</name>
		<LookAt>
			<longitude>104.578349989342</longitude>
			<latitude>17.58271178098227</latitude>
			<altitude>151.1484779624961</altitude>
			<heading>139.3000380592487</heading>
			<tilt>0</tilt>
			<gx:fovy>35</gx:fovy>
			<range>308.3188334257648</range>
			<altitudeMode>absolute</altitudeMode>
		</LookAt>
		<styleUrl>#__managed_style_0BED4BCA582A5431B33B</styleUrl>
		<Point>
			<coordinates>104.5783758805519,17.58270438511993,151.3455603967989</coordinates>
		</Point>
	</Placemark>
	<Placemark id="0B45776DB42A020AE86F">
		<name>md211-db-212-0301-283+122</name>
		<LookAt>
			<longitude>104.5787826132874</longitude>
			<latitude>17.58233818624927</latitude>
			<altitude>152.5928012904206</altitude>
			<heading>139.3001687493241</heading>
			<tilt>0</tilt>
			<gx:fovy>35</gx:fovy>
			<range>306.8745213216608</range>
			<altitudeMode>absolute</altitudeMode>
		</LookAt>
		<styleUrl>#__managed_style_0BED4BCA582A5431B33B</styleUrl>
		<Point>
			<coordinates>104.5786278247004,17.58250708272442,152.1189840813605</coordinates>
		</Point>
	</Placemark>
	<Placemark id="05F3FF490D2A020B6689">
		<name>md212-db-212-0301-283+157</name>
		<LookAt>
			<longitude>104.5787826132874</longitude>
			<latitude>17.58233818628097</latitude>
			<altitude>152.5928012904206</altitude>
			<heading>139.3001687493241</heading>
			<tilt>0</tilt>
			<gx:fovy>35</gx:fovy>
			<range>306.8745213216608</range>
			<altitudeMode>absolute</altitudeMode>
		</LookAt>
		<styleUrl>#__managed_style_0BED4BCA582A5431B33B</styleUrl>
		<Point>
			<coordinates>104.5788786051852,17.58230863897847,152.8222216577168</coordinates>
		</Point>
	</Placemark>
	<Placemark id="0E76892F482A020BDF6D">
		<name>md213-db-212-0301-283+192</name>
		<LookAt>
			<longitude>104.5787826132874</longitude>
			<latitude>17.58233818634437</latitude>
			<altitude>152.5928012918352</altitude>
			<heading>139.3001687493241</heading>
			<tilt>0</tilt>
			<gx:fovy>35</gx:fovy>
			<range>306.8745213216608</range>
			<altitudeMode>absolute</altitudeMode>
		</LookAt>
		<styleUrl>#__managed_style_0BED4BCA582A5431B33B</styleUrl>
		<Point>
			<coordinates>104.5792063351056,17.58215072468726,151.4942313652051</coordinates>
		</Point>
	</Placemark>
	<Placemark id="0F342B1E982A020CE15D">
		<name>md214-db-212-0301-283+227</name>
		<LookAt>
			<longitude>104.5791787969286</longitude>
			<latitude>17.58220463009776</latitude>
			<altitude>151.220969114331</altitude>
			<heading>139.3002897847876</heading>
			<tilt>0</tilt>
			<gx:fovy>35</gx:fovy>
			<range>333.5448226617518</range>
			<altitudeMode>absolute</altitudeMode>
		</LookAt>
		<styleUrl>#__managed_style_0BED4BCA582A5431B33B</styleUrl>
		<Point>
			<coordinates>104.5794394215912,17.58197476201034,150.1877872953597</coordinates>
		</Point>
	</Placemark>
	<Placemark id="05741384FE2A020D200E">
		<name>md215-db-212-0301-283+262</name>
		<LookAt>
			<longitude>104.5791787969064</longitude>
			<latitude>17.58220463001324</latitude>
			<altitude>151.220969114331</altitude>
			<heading>139.3002897847876</heading>
			<tilt>0</tilt>
			<gx:fovy>35</gx:fovy>
			<range>333.5448226617518</range>
			<altitudeMode>absolute</altitudeMode>
		</LookAt>
		<styleUrl>#__managed_style_0BED4BCA582A5431B33B</styleUrl>
		<Point>
			<coordinates>104.5797061413394,17.5816706976376,149.483852912152</coordinates>
		</Point>
	</Placemark>
	<Placemark id="01CA404D762A020E606E">
		<name>md216-db-212-0301-283+297</name>
		<LookAt>
			<longitude>104.5797085038063</longitude>
			<latitude>17.58162023727558</latitude>
			<altitude>149.1663640935467</altitude>
			<heading>139.300449831372</heading>
			<tilt>0</tilt>
			<gx:fovy>35</gx:fovy>
			<range>335.691230605662</range>
			<altitudeMode>absolute</altitudeMode>
		</LookAt>
		<styleUrl>#__managed_style_0BED4BCA582A5431B33B</styleUrl>
		<Point>
			<coordinates>104.5799298296926,17.58149235427743,149.5058088235124</coordinates>
		</Point>
	</Placemark>
	<Placemark id="0EB7B9FB7E2A020EF41A">
		<name>md216-db-212-0301-283+332</name>
		<LookAt>
			<longitude>104.5803485146158</longitude>
			<latitude>17.58109375606571</latitude>
			<altitude>149.2417399596148</altitude>
			<heading>139.300643157528</heading>
			<tilt>0</tilt>
			<gx:fovy>35</gx:fovy>
			<range>335.6199826652301</range>
			<altitudeMode>absolute</altitudeMode>
		</LookAt>
		<styleUrl>#__managed_style_0BED4BCA582A5431B33B</styleUrl>
		<Point>
			<coordinates>104.5802216218385,17.58127494186146,149.6672631297305</coordinates>
		</Point>
	</Placemark>
	<Placemark id="0FC22252862A020F179E">
		<name>md217-db-212-0301-283+367</name>
		<LookAt>
			<longitude>104.5803485146047</longitude>
			<latitude>17.58109375600231</latitude>
			<altitude>149.2417399610295</altitude>
			<heading>139.300643157528</heading>
			<tilt>0</tilt>
			<gx:fovy>35</gx:fovy>
			<range>335.6199826652301</range>
			<altitudeMode>absolute</altitudeMode>
		</LookAt>
		<styleUrl>#__managed_style_0BED4BCA582A5431B33B</styleUrl>
		<Point>
			<coordinates>104.5804603023258,17.58107703576528,149.6149190596723</coordinates>
		</Point>
	</Placemark>
	<Placemark id="0EE76F11982A020F3C81">
		<name>md218-db-212-0301-283+402</name>
		<LookAt>
			<longitude>104.5803485145936</longitude>
			<latitude>17.58109375593892</latitude>
			<altitude>149.2417399596148</altitude>
			<heading>139.300643157528</heading>
			<tilt>0</tilt>
			<gx:fovy>35</gx:fovy>
			<range>335.6199826652301</range>
			<altitudeMode>absolute</altitudeMode>
		</LookAt>
		<styleUrl>#__managed_style_0BED4BCA582A5431B33B</styleUrl>
		<Point>
			<coordinates>104.5807192625056,17.58086890030269,148.4055184316203</coordinates>
		</Point>
	</Placemark>
	<Placemark id="028F1C58A82A020F5BC9">
		<name>md219-db-212-0301-283+437</name>
		<LookAt>
			<longitude>104.5803485145825</longitude>
			<latitude>17.58109375587552</latitude>
			<altitude>149.2417399596148</altitude>
			<heading>139.300643157528</heading>
			<tilt>0</tilt>
			<gx:fovy>35</gx:fovy>
			<range>335.6199826652301</range>
			<altitudeMode>absolute</altitudeMode>
		</LookAt>
		<styleUrl>#__managed_style_0BED4BCA582A5431B33B</styleUrl>
		<Point>
			<coordinates>104.5810116270305,17.58069603636719,148.4023239698491</coordinates>
		</Point>
	</Placemark>
	<Placemark id="0A9539A5BD2A02104472">
		<name>md220-db-212-0301-283+472</name>
		<LookAt>
			<longitude>104.5810590062839</longitude>
			<latitude>17.58049334361727</latitude>
			<altitude>148.7819739181225</altitude>
			<heading>139.3009717775277</heading>
			<tilt>0</tilt>
			<gx:fovy>35</gx:fovy>
			<range>223.4178036045705</range>
			<altitudeMode>absolute</altitudeMode>
		</LookAt>
		<styleUrl>#__managed_style_0BED4BCA582A5431B33B</styleUrl>
		<Point>
			<coordinates>104.5813869344128,17.58060104031418,149.1856787824782</coordinates>
		</Point>
	</Placemark>
	<Placemark id="011D3B95332A021080CA">
		<name>md221-db-212-0301-283+507</name>
		<LookAt>
			<longitude>104.581059006295</longitude>
			<latitude>17.5804933436384</latitude>
			<altitude>148.7819739181225</altitude>
			<heading>139.3009717775277</heading>
			<tilt>0</tilt>
			<gx:fovy>35</gx:fovy>
			<range>223.4178036045706</range>
			<altitudeMode>absolute</altitudeMode>
		</LookAt>
		<styleUrl>#__managed_style_0BED4BCA582A5431B33B</styleUrl>
		<Point>
			<coordinates>104.5816123075014,17.58045234212307,150.0135049692445</coordinates>
		</Point>
	</Placemark>
	<Placemark id="0F42216E312A0210AE05">
		<name>md222-db-212-0301-283+542</name>
		<LookAt>
			<longitude>104.581541455284</longitude>
			<latitude>17.5803375275669</latitude>
			<altitude>149.5477629666396</altitude>
			<heading>139.3011175006796</heading>
			<tilt>0</tilt>
			<gx:fovy>35</gx:fovy>
			<range>222.6519925441244</range>
			<altitudeMode>absolute</altitudeMode>
		</LookAt>
		<styleUrl>#__managed_style_0BED4BCA582A5431B33B</styleUrl>
		<Point>
			<coordinates>104.5819084004289,17.58033021617645,151.0946803282571</coordinates>
		</Point>
	</Placemark>
	<Placemark id="0D57B623952A0210E12D">
		<name>md223-db-212-0301-283+577</name>
		<LookAt>
			<longitude>104.5821332366604</longitude>
			<latitude>17.58007458499516</latitude>
			<altitude>149.6111980769942</altitude>
			<heading>139.3012962462049</heading>
			<tilt>0</tilt>
			<gx:fovy>35</gx:fovy>
			<range>222.5885554546767</range>
			<altitudeMode>absolute</altitudeMode>
		</LookAt>
		<styleUrl>#__managed_style_0BED4BCA582A5431B33B</styleUrl>
		<Point>
			<coordinates>104.5822199513878,17.58020250221324,150.6547993162492</coordinates>
		</Point>
	</Placemark>
	<Placemark id="071EDF5F582A02110804">
		<name>md224-db-212-0301-283+612</name>
		<LookAt>
			<longitude>104.5821332366826</longitude>
			<latitude>17.5800745849529</latitude>
			<altitude>149.6112169413305</altitude>
			<heading>139.3012962462049</heading>
			<tilt>0</tilt>
			<gx:fovy>35</gx:fovy>
			<range>222.5885322770773</range>
			<altitudeMode>absolute</altitudeMode>
		</LookAt>
		<styleUrl>#__managed_style_0BED4BCA582A5431B33B</styleUrl>
		<Point>
			<coordinates>104.5825281045338,17.58008221570806,150.1255295919345</coordinates>
		</Point>
	</Placemark>
	<Placemark id="046EB5E2032A02113A43">
		<name>md225-db-212-0301-283+647</name>
		<LookAt>
			<longitude>104.5821332367048</longitude>
			<latitude>17.58007458491063</latitude>
			<altitude>149.6112169413305</altitude>
			<heading>139.3012962462049</heading>
			<tilt>0</tilt>
			<gx:fovy>35</gx:fovy>
			<range>222.5885322770773</range>
			<altitudeMode>absolute</altitudeMode>
		</LookAt>
		<styleUrl>#__managed_style_0BED4BCA582A5431B33B</styleUrl>
		<Point>
			<coordinates>104.5828426916168,17.57996234731511,151.2526449806143</coordinates>
		</Point>
	</Placemark>
	<Placemark id="066814A92B2A02116672">
		<name>md226-db-212-0301-283+682</name>
		<LookAt>
			<longitude>104.5828156652368</longitude>
			<latitude>17.57984267649137</latitude>
			<altitude>150.1085978980725</altitude>
			<heading>139.3015023680128</heading>
			<tilt>0</tilt>
			<gx:fovy>35</gx:fovy>
			<range>222.0911409948167</range>
			<altitudeMode>absolute</altitudeMode>
		</LookAt>
		<styleUrl>#__managed_style_0BED4BCA582A5431B33B</styleUrl>
		<Point>
			<coordinates>104.583132005592,17.57987997648089,151.9506843635556</coordinates>
		</Point>
	</Placemark>
	<Placemark id="0864F0183F2A02118C0D">
		<name>md227-db-212-0301-283+717</name>
		<LookAt>
			<longitude>104.582815665259</longitude>
			<latitude>17.57984267649434</latitude>
			<altitude>150.1085978980725</altitude>
			<heading>139.3015023680128</heading>
			<tilt>0</tilt>
			<gx:fovy>35</gx:fovy>
			<range>222.0911178172173</range>
			<altitudeMode>absolute</altitudeMode>
		</LookAt>
		<styleUrl>#__managed_style_0BED4BCA582A5431B33B</styleUrl>
		<Point>
			<coordinates>104.5834245640039,17.57977305257288,151.9813132234427</coordinates>
		</Point>
	</Placemark>
	<Placemark id="0D20ECA2C02A0211B5B1">
		<name>md228-db-212-0301-283+752</name>
		<LookAt>
			<longitude>104.5834258866096</longitude>
			<latitude>17.57959051898536</latitude>
			<altitude>150.2480633191373</altitude>
			<heading>139.3016866796562</heading>
			<tilt>0</tilt>
			<gx:fovy>35</gx:fovy>
			<range>221.9516350242703</range>
			<altitudeMode>absolute</altitudeMode>
		</LookAt>
		<styleUrl>#__managed_style_0BED4BCA582A5431B33B</styleUrl>
		<Point>
			<coordinates>104.5837351620022,17.57964530718137,152.101362463976</coordinates>
		</Point>
	</Placemark>
	<Placemark id="0F414ADA9F2A0211D9FE">
		<name>md229-db-212-0301-283+787</name>
		<LookAt>
			<longitude>104.5834258866318</longitude>
			<latitude>17.57959051900649</latitude>
			<altitude>150.2480821834737</altitude>
			<heading>139.3016866796562</heading>
			<tilt>0</tilt>
			<gx:fovy>35</gx:fovy>
			<range>221.9516118466709</range>
			<altitudeMode>absolute</altitudeMode>
		</LookAt>
		<styleUrl>#__managed_style_0BED4BCA582A5431B33B</styleUrl>
		<Point>
			<coordinates>104.5840371667444,17.57952770621264,151.3187977056739</coordinates>
		</Point>
	</Placemark>
	<Placemark id="0FD56360372A021208EA">
		<name>md230-db-212-0301-283+822</name>
		<LookAt>
			<longitude>104.5838217631829</longitude>
			<latitude>17.57938517983486</latitude>
			<altitude>150.31877889484</altitude>
			<heading>139.3018062491859</heading>
			<tilt>0</tilt>
			<gx:fovy>35</gx:fovy>
			<range>221.8809201686236</range>
			<altitudeMode>absolute</altitudeMode>
		</LookAt>
		<styleUrl>#__managed_style_0BED4BCA582A5431B33B</styleUrl>
		<Point>
			<coordinates>104.5843417030125,17.57939604151212,150.601120306935</coordinates>
		</Point>
	</Placemark>
	<Placemark id="039EA9B8F02A02123761">
		<name>md231-db-212-0301-283+857</name>
		<LookAt>
			<longitude>104.5841922024724</longitude>
			<latitude>17.57922203023087</latitude>
			<altitude>150.2475741011842</altitude>
			<heading>139.3019181342583</heading>
			<tilt>0</tilt>
			<gx:fovy>35</gx:fovy>
			<range>221.9521217538568</range>
			<altitudeMode>absolute</altitudeMode>
		</LookAt>
		<styleUrl>#__managed_style_0BED4BCA582A5431B33B</styleUrl>
		<Point>
			<coordinates>104.5846347482,17.57926832393311,150.268649228332</coordinates>
		</Point>
	</Placemark>
	<Placemark id="04119F3FA82A02125B9D">
		<name>md232-db-212-0301-283+892</name>
		<LookAt>
			<longitude>104.5841922024502</longitude>
			<latitude>17.57922203018861</latitude>
			<altitude>150.2475740997695</altitude>
			<heading>139.3019181342583</heading>
			<tilt>0</tilt>
			<gx:fovy>35</gx:fovy>
			<range>221.9521217538568</range>
			<altitudeMode>absolute</altitudeMode>
		</LookAt>
		<styleUrl>#__managed_style_0BED4BCA582A5431B33B</styleUrl>
		<Point>
			<coordinates>104.5849273658878,17.57914757987007,150.2686638353376</coordinates>
		</Point>
	</Placemark>
	<Placemark id="076E780B742A021287FF">
		<name>md233-db-212-0301-283+927</name>
		<LookAt>
			<longitude>104.5849428090201</longitude>
			<latitude>17.5789446145821</latitude>
			<altitude>150.100691230123</altitude>
			<heading>139.3021448403714</heading>
			<tilt>0</tilt>
			<gx:fovy>35</gx:fovy>
			<range>222.0989982009996</range>
			<altitudeMode>absolute</altitudeMode>
		</LookAt>
		<styleUrl>#__managed_style_0BED4BCA582A5431B33B</styleUrl>
		<Point>
			<coordinates>104.5852319553749,17.579006544105,150.9687392017493</coordinates>
		</Point>
	</Placemark>
	<Placemark id="04183DA9DF2A0212AC5C">
		<name>md234-db-212-0301-283+962</name>
		<LookAt>
			<longitude>104.5849428089979</longitude>
			<latitude>17.57894461456097</latitude>
			<altitude>150.100691230123</altitude>
			<heading>139.3021448403714</heading>
			<tilt>0</tilt>
			<gx:fovy>35</gx:fovy>
			<range>222.0989982009997</range>
			<altitudeMode>absolute</altitudeMode>
		</LookAt>
		<styleUrl>#__managed_style_0BED4BCA582A5431B33B</styleUrl>
		<Point>
			<coordinates>104.5854952066542,17.57885438428486,151.7985628731648</coordinates>
		</Point>
	</Placemark>
	<Placemark id="00CA9D70A02A0212D481">
		<name>md235-db-212-0301-283+997</name>
		<LookAt>
			<longitude>104.5854541093601</longitude>
			<latitude>17.57866150757697</latitude>
			<altitude>150.8510611769566</altitude>
			<heading>139.302299267315</heading>
			<tilt>0</tilt>
			<gx:fovy>35</gx:fovy>
			<range>221.3486234217272</range>
			<altitudeMode>absolute</altitudeMode>
		</LookAt>
		<styleUrl>#__managed_style_0BED4BCA582A5431B33B</styleUrl>
		<Point>
			<coordinates>104.5857898007761,17.5787013647667,151.5450391193015</coordinates>
		</Point>
	</Placemark>
	<Placemark id="094704585E2A02130B0D">
		<name>md236-db-212-0301-284+032</name>
		<LookAt>
			<longitude>104.5854541093601</longitude>
			<latitude>17.57866150755584</latitude>
			<altitude>150.8510611769566</altitude>
			<heading>139.302299267315</heading>
			<tilt>0</tilt>
			<gx:fovy>35</gx:fovy>
			<range>221.3486234217271</range>
			<altitudeMode>absolute</altitudeMode>
		</LookAt>
		<styleUrl>#__managed_style_0BED4BCA582A5431B33B</styleUrl>
		<Point>
			<coordinates>104.5860704552717,17.57855168788743,151.8157616039994</coordinates>
		</Point>
	</Placemark>
	<Placemark id="03D522C25C2A021361FC">
		<name>md237-db-212-0301-284+064</name>
		<LookAt>
			<longitude>104.5861826742409</longitude>
			<latitude>17.57816333135446</latitude>
			<altitude>150.8048343887014</altitude>
			<heading>139.3025193098763</heading>
			<tilt>0</tilt>
			<gx:fovy>35</gx:fovy>
			<range>221.3948395548505</range>
			<altitudeMode>absolute</altitudeMode>
		</LookAt>
		<styleUrl>#__managed_style_0BED4BCA582A5431B33B</styleUrl>
		<Point>
			<coordinates>104.586365884275,17.57838832860489,151.0941009000398</coordinates>
		</Point>
	</Placemark>
	<Placemark id="0FD493BE532A02149EC6">
		<name>md238-db-212-0301-284+550</name>
		<LookAt>
			<longitude>104.5905566712373</longitude>
			<latitude>17.57664793013555</latitude>
			<altitude>149.7664514778001</altitude>
			<heading>127.5673717415985</heading>
			<tilt>0</tilt>
			<gx:fovy>35</gx:fovy>
			<range>129.5055549282916</range>
			<altitudeMode>absolute</altitudeMode>
		</LookAt>
		<styleUrl>#__managed_style_0BED4BCA582A5431B33B</styleUrl>
		<Point>
			<coordinates>104.5905211544232,17.57656973185644,149.5978930339485</coordinates>
		</Point>
	</Placemark>
	<Placemark id="0740D16F1F2A0217449A">
		<name>md239-db-212-0301-284+585</name>
		<LookAt>
			<longitude>104.5906903411146</longitude>
			<latitude>17.57651651081896</latitude>
			<altitude>148.7569260036273</altitude>
			<heading>127.5667658033716</heading>
			<tilt>0</tilt>
			<gx:fovy>35</gx:fovy>
			<range>130.6764293039487</range>
			<altitudeMode>absolute</altitudeMode>
		</LookAt>
		<styleUrl>#__managed_style_0BED4BCA582A5431B33B</styleUrl>
		<Point>
			<coordinates>104.5908094648635,17.57640022662879,148.2277860692876</coordinates>
		</Point>
	</Placemark>
	<Placemark id="0F554157DF2A02177DD2">
		<name>md240-db-212-0301-284+620</name>
		<LookAt>
			<longitude>104.5909779468349</longitude>
			<latitude>17.57634665984662</latitude>
			<altitude>148.0067309356287</altitude>
			<heading>127.5668526546513</heading>
			<tilt>0</tilt>
			<gx:fovy>35</gx:fovy>
			<range>131.426630251226</range>
			<altitudeMode>absolute</altitudeMode>
		</LookAt>
		<styleUrl>#__managed_style_0BED4BCA582A5431B33B</styleUrl>
		<Point>
			<coordinates>104.5910979230851,17.57622414970494,148.2267903513241</coordinates>
		</Point>
	</Placemark>
	<Placemark id="0C73F058412A0217A83F">
		<name>md241-db-212-0301-284+655</name>
		<LookAt>
			<longitude>104.5911918165077</longitude>
			<latitude>17.57617213665604</latitude>
			<altitude>148.0917406520715</altitude>
			<heading>127.5669172384286</heading>
			<tilt>0</tilt>
			<gx:fovy>35</gx:fovy>
			<range>131.3416148167744</range>
			<altitudeMode>absolute</altitudeMode>
		</LookAt>
		<styleUrl>#__managed_style_0BED4BCA582A5431B33B</styleUrl>
		<Point>
			<coordinates>104.5913820957507,17.57604662302421,148.1027042720417</coordinates>
		</Point>
	</Placemark>
	<Placemark id="03D234FD892A0217D14E">
		<name>md242-db-212-0301-284+690</name>
		<LookAt>
			<longitude>104.5914962989833</longitude>
			<latitude>17.57593863168442</latitude>
			<altitude>148.139408884995</altitude>
			<heading>127.5670091843267</heading>
			<tilt>0</tilt>
			<gx:fovy>35</gx:fovy>
			<range>131.2939384948914</range>
			<altitudeMode>absolute</altitudeMode>
		</LookAt>
		<styleUrl>#__managed_style_0BED4BCA582A5431B33B</styleUrl>
		<Point>
			<coordinates>104.5916663691238,17.5758729537143,148.4216318480591</coordinates>
		</Point>
	</Placemark>
	<Placemark id="0BEA952F322A0217F75D">
		<name>md243-db-212-0301-284+725</name>
		<LookAt>
			<longitude>104.5918014467023</longitude>
			<latitude>17.57573157994902</latitude>
			<altitude>148.3138640780815</altitude>
			<heading>127.5671013299573</heading>
			<tilt>0</tilt>
			<gx:fovy>35</gx:fovy>
			<range>131.1194807045104</range>
			<altitudeMode>absolute</altitudeMode>
		</LookAt>
		<styleUrl>#__managed_style_0BED4BCA582A5431B33B</styleUrl>
		<Point>
			<coordinates>104.5919508800571,17.57569263990614,148.7817607890209</coordinates>
		</Point>
	</Placemark>
	<Placemark id="0BC48B13FE2A0218281C">
		<name>md244-db-212-0301-284+760</name>
		<LookAt>
			<longitude>104.5921456301494</longitude>
			<latitude>17.57551243109841</latitude>
			<altitude>149.437157067495</altitude>
			<heading>127.5672052618395</heading>
			<tilt>0</tilt>
			<gx:fovy>35</gx:fovy>
			<range>129.9961783515391</range>
			<altitudeMode>absolute</altitudeMode>
		</LookAt>
		<styleUrl>#__managed_style_0BED4BCA582A5431B33B</styleUrl>
		<Point>
			<coordinates>104.5922378410379,17.57551376614403,150.2012766837621</coordinates>
		</Point>
	</Placemark>
	<Placemark id="003D10FFAD2A02184F04">
		<name>md245-db-212-0301-284+795</name>
		<LookAt>
			<longitude>104.5923802618749</longitude>
			<latitude>17.5754125390863</latitude>
			<altitude>150.36193795014</altitude>
			<heading>127.5672761123923</heading>
			<tilt>0</tilt>
			<gx:fovy>35</gx:fovy>
			<range>129.0713921370843</range>
			<altitudeMode>absolute</altitudeMode>
		</LookAt>
		<styleUrl>#__managed_style_0BED4BCA582A5431B33B</styleUrl>
		<Point>
			<coordinates>104.5925206971478,17.57533799054129,150.5152665239751</coordinates>
		</Point>
	</Placemark>
	<Placemark id="057900A0CB2A02187844">
		<name>md246-db-212-0301-284+830</name>
		<LookAt>
			<longitude>104.5926845060293</longitude>
			<latitude>17.57520411566041</latitude>
			<altitude>150.1006989838108</altitude>
			<heading>127.5673679823033</heading>
			<tilt>0</tilt>
			<gx:fovy>35</gx:fovy>
			<range>129.3326152706686</range>
			<altitudeMode>absolute</altitudeMode>
		</LookAt>
		<styleUrl>#__managed_style_0BED4BCA582A5431B33B</styleUrl>
		<Point>
			<coordinates>104.5928111470651,17.57515991832977,150.3571730555031</coordinates>
		</Point>
	</Placemark>
	<Placemark id="02BEC0A4B52A02398EBC">
		<name>md247-db-212-0301-284+865</name>
		<LookAt>
			<longitude>104.5932470849714</longitude>
			<latitude>17.57548056962971</latitude>
			<altitude>152.2998375237923</altitude>
			<heading>127.5673680006666</heading>
			<tilt>0</tilt>
			<gx:fovy>35</gx:fovy>
			<range>156.0279715956676</range>
			<altitudeMode>absolute</altitudeMode>
		</LookAt>
		<styleUrl>#__managed_style_0BED4BCA582A5431B33B</styleUrl>
		<Point>
			<coordinates>104.5930934490802,17.57497995095603,150.3044067503613</coordinates>
		</Point>
	</Placemark>
	<Placemark id="060EDC33612A023A15F5">
		<name>md248-db-212-0301-284+900</name>
		<LookAt>
			<longitude>104.5935502855662</longitude>
			<latitude>17.57498852717329</latitude>
			<altitude>149.3470785045707</altitude>
			<heading>127.5674595517782</heading>
			<tilt>0</tilt>
			<gx:fovy>35</gx:fovy>
			<range>158.9807282213042</range>
			<altitudeMode>absolute</altitudeMode>
		</LookAt>
		<styleUrl>#__managed_style_0BED4BCA582A5431B33B</styleUrl>
		<Point>
			<coordinates>104.5933854278062,17.57479081665668,149.4779472306722</coordinates>
		</Point>
	</Placemark>
	<Placemark id="08CE33A7FD2A023A36BB">
		<name>md249-db-212-0301-284+935</name>
		<LookAt>
			<longitude>104.5935502855884</longitude>
			<latitude>17.57498852719442</latitude>
			<altitude>149.3470596402343</altitude>
			<heading>127.5674595517782</heading>
			<tilt>0</tilt>
			<gx:fovy>35</gx:fovy>
			<range>158.9807282213042</range>
			<altitudeMode>absolute</altitudeMode>
		</LookAt>
		<styleUrl>#__managed_style_0BED4BCA582A5431B33B</styleUrl>
		<Point>
			<coordinates>104.5936733694226,17.57461637339557,149.1499009233731</coordinates>
		</Point>
	</Placemark>
	<Placemark id="0FC2A9F3342A023A663E">
		<name>md250-db-212-0301-284+970</name>
		<LookAt>
			<longitude>104.5939728887113</longitude>
			<latitude>17.57451904066912</latitude>
			<altitude>147.916576778138</altitude>
			<heading>127.567587156065</heading>
			<tilt>0</tilt>
			<gx:fovy>35</gx:fovy>
			<range>160.4112148873901</range>
			<altitudeMode>absolute</altitudeMode>
		</LookAt>
		<styleUrl>#__managed_style_0BED4BCA582A5431B33B</styleUrl>
		<Point>
			<coordinates>104.5939647631741,17.57443257414539,147.8912553251257</coordinates>
		</Point>
	</Placemark>
	<Placemark id="00DAEDB0C32A0215FA93">
		<name>md251-db-212-0301-285+005</name>
		<Camera>
			<gx:ViewerOptions>
				<gx:option name="streetview"></gx:option>
				<gx:streetViewPanoId>3hdxBkueArJQyQHKfABkYg</gx:streetViewPanoId>
			</gx:ViewerOptions>
			<longitude>104.5941191663474</longitude>
			<latitude>17.57443898902624</latitude>
			<altitude>151.2256622314453</altitude>
			<heading>47.04380056973805</heading>
			<tilt>74.75142252787032</tilt>
			<roll>0</roll>
			<gx:fovy>59.99999999999999</gx:fovy>
			<altitudeMode>absolute</altitudeMode>
		</Camera>
		<styleUrl>#__managed_style_0BED4BCA582A5431B33B</styleUrl>
		<Point>
			<altitudeMode>relativeToGround</altitudeMode>
			<coordinates>104.594249062292,17.57425694315955,0</coordinates>
		</Point>
	</Placemark>
	<Placemark id="081A84F4312A023BA870">
		<name>md252-db-212-0301-285+040</name>
		<LookAt>
			<longitude>104.594308354877</longitude>
			<latitude>17.57419363989589</latitude>
			<altitude>146.5437447030968</altitude>
			<heading>127.4806919064375</heading>
			<tilt>0</tilt>
			<gx:fovy>35.00000003152662</gx:fovy>
			<range>161.7873732605767</range>
			<altitudeMode>absolute</altitudeMode>
		</LookAt>
		<styleUrl>#__managed_style_0BED4BCA582A5431B33B</styleUrl>
		<Point>
			<coordinates>104.5945396252049,17.57406693163386,147.2020311553547</coordinates>
		</Point>
	</Placemark>
	<Placemark id="069823AFD82A023BDA29">
		<name>md253-db-212-0301-285+075</name>
		<LookAt>
			<longitude>104.5946860780661</longitude>
			<latitude>17.57387983479365</latitude>
			<altitude>147.945848204647</altitude>
			<heading>127.4808059563596</heading>
			<tilt>0</tilt>
			<gx:fovy>35.00000003152662</gx:fovy>
			<range>160.3852559761071</range>
			<altitudeMode>absolute</altitudeMode>
		</LookAt>
		<styleUrl>#__managed_style_0BED4BCA582A5431B33B</styleUrl>
		<Point>
			<coordinates>104.5948084664059,17.57388717730159,148.0058965675483</coordinates>
		</Point>
	</Placemark>
	<Placemark id="051D8A5B822A023BF76C">
		<name>md254-db-212-0301-285+110</name>
		<LookAt>
			<longitude>104.5946860780661</longitude>
			<latitude>17.57387983479365</latitude>
			<altitude>147.945848204647</altitude>
			<heading>127.4808059563596</heading>
			<tilt>0</tilt>
			<gx:fovy>35.00000003152662</gx:fovy>
			<range>160.3852559761071</range>
			<altitudeMode>absolute</altitudeMode>
		</LookAt>
		<styleUrl>#__managed_style_0BED4BCA582A5431B33B</styleUrl>
		<Point>
			<coordinates>104.5950959737435,17.57370690180523,147.6466362463232</coordinates>
		</Point>
	</Placemark>
	<Placemark id="06BCAED5DC2A023C1D6A">
		<name>md255-db-212-0301-285+145</name>
		<LookAt>
			<longitude>104.5951395925377</longitude>
			<latitude>17.57356995984612</latitude>
			<altitude>147.1858678566505</altitude>
			<heading>127.4809428890238</heading>
			<tilt>0</tilt>
			<gx:fovy>35.00000003152662</gx:fovy>
			<range>161.1452378703143</range>
			<altitudeMode>absolute</altitudeMode>
		</LookAt>
		<styleUrl>#__managed_style_0BED4BCA582A5431B33B</styleUrl>
		<Point>
			<coordinates>104.5953824359889,17.57352922518873,147.8710115491296</coordinates>
		</Point>
	</Placemark>
	<Placemark id="01F846473B2A023CAFDA">
		<name>md256-db-212-0301-285+180</name>
		<LookAt>
			<longitude>104.5953425209737</longitude>
			<latitude>17.57344888318849</latitude>
			<altitude>147.4615525489543</altitude>
			<heading>127.4810041594483</heading>
			<tilt>0</tilt>
			<gx:fovy>35.00000003152662</gx:fovy>
			<range>160.8695519147295</range>
			<altitudeMode>absolute</altitudeMode>
		</LookAt>
		<styleUrl>#__managed_style_0BED4BCA582A5431B33B</styleUrl>
		<Point>
			<coordinates>104.5956519962458,17.57336554569805,148.6914880597149</coordinates>
		</Point>
	</Placemark>
	<Placemark id="00EE35EACF2A023D60EB">
		<name>md257-db-212-0301-285+215</name>
		<LookAt>
			<longitude>104.5956891193921</longitude>
			<latitude>17.57329722152895</latitude>
			<altitude>148.4393473548665</altitude>
			<heading>127.4811088076074</heading>
			<tilt>0</tilt>
			<gx:fovy>35.00000003152662</gx:fovy>
			<range>159.8917469417393</range>
			<altitudeMode>absolute</altitudeMode>
		</LookAt>
		<styleUrl>#__managed_style_0BED4BCA582A5431B33B</styleUrl>
		<Point>
			<coordinates>104.5959024823621,17.57323805694854,149.1856604507853</coordinates>
		</Point>
	</Placemark>
	<Placemark id="0D983D076B2A023D90B0">
		<name>md259-db-212-0301-285+250</name>
		<LookAt>
			<longitude>104.5960284977461</longitude>
			<latitude>17.57309548321005</latitude>
			<altitude>149.109107223826</altitude>
			<heading>127.4812112751296</heading>
			<tilt>0</tilt>
			<gx:fovy>35.00000003152662</gx:fovy>
			<range>159.22198385304</range>
			<altitudeMode>absolute</altitudeMode>
		</LookAt>
		<styleUrl>#__managed_style_0BED4BCA582A5431B33B</styleUrl>
		<Point>
			<coordinates>104.5961803496223,17.57307049486326,149.258929685185</coordinates>
		</Point>
	</Placemark>
	<Placemark id="0FCD5AA9E42A023DB787">
		<name>md260-db-212-0301-285+285</name>
		<LookAt>
			<longitude>104.5962476953952</longitude>
			<latitude>17.57290138319572</latitude>
			<altitude>149.6065828403509</altitude>
			<heading>127.4812774561812</heading>
			<tilt>0</tilt>
			<gx:fovy>35.00000003152662</gx:fovy>
			<range>158.7244998603819</range>
			<altitudeMode>absolute</altitudeMode>
		</LookAt>
		<styleUrl>#__managed_style_0BED4BCA582A5431B33B</styleUrl>
		<Point>
			<coordinates>104.5964709100101,17.57288703313895,149.6248774232764</coordinates>
		</Point>
	</Placemark>
	<Placemark id="0FD1B501DF2A023DE89A">
		<name>md261-db-212-0301-285+320</name>
		<LookAt>
			<longitude>104.5965465821065</longitude>
			<latitude>17.57268628069107</latitude>
			<altitude>149.6663647287299</altitude>
			<heading>127.4813676966403</heading>
			<tilt>0</tilt>
			<gx:fovy>35.00000003152662</gx:fovy>
			<range>158.6647248316331</range>
			<altitudeMode>absolute</altitudeMode>
		</LookAt>
		<styleUrl>#__managed_style_0BED4BCA582A5431B33B</styleUrl>
		<Point>
			<coordinates>104.5967855483695,17.57269110677638,149.403116590364</coordinates>
		</Point>
	</Placemark>
	<Placemark id="0902129FF32A023E0C82">
		<name>md262-db-212-0301-285+355</name>
		<LookAt>
			<longitude>104.5968896884469</longitude>
			<latitude>17.57244843613455</latitude>
			<altitude>149.328247316219</altitude>
			<heading>127.4814712864735</heading>
			<tilt>0</tilt>
			<gx:fovy>35.00000003152662</gx:fovy>
			<range>159.0028396510934</range>
			<altitudeMode>absolute</altitudeMode>
		</LookAt>
		<styleUrl>#__managed_style_0BED4BCA582A5431B33B</styleUrl>
		<Point>
			<coordinates>104.5970454262751,17.57252146505137,148.5668376081661</coordinates>
		</Point>
	</Placemark>
	<Placemark id="037C88F4B12A025CFDEC">
		<name>md263-db-212-0301-285+390</name>
		<LookAt>
			<longitude>104.5971999012015</longitude>
			<latitude>17.57234794236696</latitude>
			<altitude>147.745663378002</altitude>
			<heading>127.4778523973955</heading>
			<tilt>0</tilt>
			<gx:fovy>35.00000003152662</gx:fovy>
			<range>157.0153836835925</range>
			<altitudeMode>absolute</altitudeMode>
		</LookAt>
		<styleUrl>#__managed_style_0BED4BCA582A5431B33B</styleUrl>
		<Point>
			<coordinates>104.5973333566856,17.57233602591124,147.8448352654078</coordinates>
		</Point>
	</Placemark>
	<Placemark id="076042F12B2A025D28FC">
		<name>md264-db-212-0301-285+425</name>
		<LookAt>
			<longitude>104.5976933072213</longitude>
			<latitude>17.5720351592302</latitude>
			<altitude>147.9372099272291</altitude>
			<heading>127.4780013612779</heading>
			<tilt>0</tilt>
			<gx:fovy>35.00000003152662</gx:fovy>
			<range>156.8238440024834</range>
			<altitudeMode>absolute</altitudeMode>
		</LookAt>
		<styleUrl>#__managed_style_0BED4BCA582A5431B33B</styleUrl>
		<Point>
			<coordinates>104.5976228810655,17.57214616209555,148.1026854234245</coordinates>
		</Point>
	</Placemark>
	<Placemark id="0D1D2520CA2A025D907A">
		<name>md265-db-212-0301-285+460</name>
		<LookAt>
			<longitude>104.5976933072213</longitude>
			<latitude>17.57203515924077</latitude>
			<altitude>147.9372099272291</altitude>
			<heading>127.4780013612779</heading>
			<tilt>0</tilt>
			<gx:fovy>35.00000003152662</gx:fovy>
			<range>156.8238440024834</range>
			<altitudeMode>absolute</altitudeMode>
		</LookAt>
		<styleUrl>#__managed_style_0BED4BCA582A5431B33B</styleUrl>
		<Point>
			<coordinates>104.5978994272685,17.57197369709588,147.8031508920791</coordinates>
		</Point>
	</Placemark>
	<Placemark id="0E77283E932A025DBAB4">
		<name>md266-db-212-0301-285+495</name>
		<LookAt>
			<longitude>104.5981510872834</longitude>
			<latitude>17.5717576332995</latitude>
			<altitude>147.0099800081061</altitude>
			<heading>127.4781395665803</heading>
			<tilt>0</tilt>
			<gx:fovy>35.00000003152662</gx:fovy>
			<range>157.7510754536706</range>
			<altitudeMode>absolute</altitudeMode>
		</LookAt>
		<styleUrl>#__managed_style_0BED4BCA582A5431B33B</styleUrl>
		<Point>
			<coordinates>104.5981997497684,17.5717925892086,147.1744275615482</coordinates>
		</Point>
	</Placemark>
	<Placemark id="066F3631A72A025DD9BA">
		<name>md267-db-212-0301-285+530</name>
		<LookAt>
			<longitude>104.5981510872722</longitude>
			<latitude>17.5717576332995</latitude>
			<altitude>147.0099800081061</altitude>
			<heading>127.4781395665803</heading>
			<tilt>0</tilt>
			<gx:fovy>35.00000003152662</gx:fovy>
			<range>157.75109863127</range>
			<altitudeMode>absolute</altitudeMode>
		</LookAt>
		<styleUrl>#__managed_style_0BED4BCA582A5431B33B</styleUrl>
		<Point>
			<coordinates>104.5984783114629,17.57161122784027,147.4066586632246</coordinates>
		</Point>
	</Placemark>
	<Placemark id="06679B87DD2A025DFF65">
		<name>md268-db-212-0301-285+565</name>
		<LookAt>
			<longitude>104.5986346436316</longitude>
			<latitude>17.5714656281149</latitude>
			<altitude>147.7826457841477</altitude>
			<heading>127.4782855520529</heading>
			<tilt>0</tilt>
			<gx:fovy>35.00000003152662</gx:fovy>
			<range>156.978438590213</range>
			<altitudeMode>absolute</altitudeMode>
		</LookAt>
		<styleUrl>#__managed_style_0BED4BCA582A5431B33B</styleUrl>
		<Point>
			<coordinates>104.5987618263775,17.571437221438,148.0761140197761</coordinates>
		</Point>
	</Placemark>
	<Placemark id="0B9581FDA42A025E2757">
		<name>md268-db-212-0301-285+600</name>
		<LookAt>
			<longitude>104.598908391184</longitude>
			<latitude>17.57131545859197</latitude>
			<altitude>148.3622447562315</altitude>
			<heading>127.478368195563</heading>
			<tilt>0</tilt>
			<gx:fovy>35.00000003152662</gx:fovy>
			<range>156.3988363630233</range>
			<altitudeMode>absolute</altitudeMode>
		</LookAt>
		<styleUrl>#__managed_style_0BED4BCA582A5431B33B</styleUrl>
		<Point>
			<coordinates>104.5990473050534,17.57125931170546,148.9118751429794</coordinates>
		</Point>
	</Placemark>
	<Placemark id="0B17B619F42A025E541D">
		<name>md269-db-212-0301-285+635</name>
		<LookAt>
			<longitude>104.5994509957746</longitude>
			<latitude>17.57096525684582</latitude>
			<altitude>150.0492718079929</altitude>
			<heading>127.4785320040354</heading>
			<tilt>0</tilt>
			<gx:fovy>35.00000003152662</gx:fovy>
			<range>154.7117968496241</range>
			<altitudeMode>absolute</altitudeMode>
		</LookAt>
		<styleUrl>#__managed_style_0BED4BCA582A5431B33B</styleUrl>
		<Point>
			<coordinates>104.5993335719728,17.57108199669188,149.3758183770125</coordinates>
		</Point>
	</Placemark>
	<Placemark id="0C3E0B97BE2A025E7EFF">
		<name>md270-db-212-0301-285+670</name>
		<LookAt>
			<longitude>104.5995999589156</longitude>
			<latitude>17.57087515911796</latitude>
			<altitude>150.6282150891294</altitude>
			<heading>127.4785769743516</heading>
			<tilt>0</tilt>
			<gx:fovy>35.00000003152662</gx:fovy>
			<range>154.1328551840161</range>
			<altitudeMode>absolute</altitudeMode>
		</LookAt>
		<styleUrl>#__managed_style_0BED4BCA582A5431B33B</styleUrl>
		<Point>
			<coordinates>104.5996198134066,17.57090769448514,150.7455366514351</coordinates>
		</Point>
	</Placemark>
	<Placemark id="06E14575D72A025E9EDD">
		<name>md271-db-212-0301-285+705</name>
		<LookAt>
			<longitude>104.5995999589156</longitude>
			<latitude>17.57087515911796</latitude>
			<altitude>150.6282150891294</altitude>
			<heading>127.4785769743516</heading>
			<tilt>0</tilt>
			<gx:fovy>35.00000003152662</gx:fovy>
			<range>154.1328551840161</range>
			<altitudeMode>absolute</altitudeMode>
		</LookAt>
		<styleUrl>#__managed_style_0BED4BCA582A5431B33B</styleUrl>
		<Point>
			<coordinates>104.5998972079889,17.57073107975321,150.9757850680753</coordinates>
		</Point>
	</Placemark>
	<Placemark id="0265F525062A025EDA3B">
		<name>md272-db-212-0301-285+740</name>
		<LookAt>
			<longitude>104.6000726973361</longitude>
			<latitude>17.57065863730586</latitude>
			<altitude>150.4686867849626</altitude>
			<heading>127.4787196871712</heading>
			<tilt>0</tilt>
			<gx:fovy>35.00000003152662</gx:fovy>
			<range>154.2923750116097</range>
			<altitudeMode>absolute</altitudeMode>
		</LookAt>
		<styleUrl>#__managed_style_0BED4BCA582A5431B33B</styleUrl>
		<Point>
			<coordinates>104.6001819073217,17.57055466291675,150.2686550221327</coordinates>
		</Point>
	</Placemark>
	<Placemark id="0857BE9E5A2A025F0CBD">
		<name>md273-db-212-0301-285+775</name>
		<LookAt>
			<longitude>104.6002999411759</longitude>
			<latitude>17.57050460249537</latitude>
			<altitude>150.1006963469062</altitude>
			<heading>127.4787882880021</heading>
			<tilt>0</tilt>
			<gx:fovy>35.00000003152662</gx:fovy>
			<range>154.6603657566448</range>
			<altitudeMode>absolute</altitudeMode>
		</LookAt>
		<styleUrl>#__managed_style_0BED4BCA582A5431B33B</styleUrl>
		<Point>
			<coordinates>104.6004656389419,17.57037644268124,150.268627160622</coordinates>
		</Point>
	</Placemark>
	<Placemark id="05F077E8F62A025F3204">
		<name>md274-db-212-0301-285+810</name>
		<LookAt>
			<longitude>104.600620013811</longitude>
			<latitude>17.57029797251662</latitude>
			<altitude>150.5829256129515</altitude>
			<heading>127.4788849110601</heading>
			<tilt>0</tilt>
			<gx:fovy>35.00000003152662</gx:fovy>
			<range>154.1781326243654</range>
			<altitudeMode>absolute</altitudeMode>
		</LookAt>
		<styleUrl>#__managed_style_0BED4BCA582A5431B33B</styleUrl>
		<Point>
			<coordinates>104.6007486773977,17.57020283334445,151.3676448056222</coordinates>
		</Point>
	</Placemark>
	<Placemark id="0C6D75C74A2A025F5856">
		<name>md275-db-212-0301-285+845</name>
		<LookAt>
			<longitude>104.601136301849</longitude>
			<latitude>17.5699901417637</latitude>
			<altitude>150.66880451059</altitude>
			<heading>127.4790407650029</heading>
			<tilt>0</tilt>
			<gx:fovy>35.00000003152662</gx:fovy>
			<range>154.0922480299378</range>
			<altitudeMode>absolute</altitudeMode>
		</LookAt>
		<styleUrl>#__managed_style_0BED4BCA582A5431B33B</styleUrl>
		<Point>
			<coordinates>104.6010352641081,17.57002034999018,151.1621446530874</coordinates>
		</Point>
	</Placemark>
	<Placemark id="0877DA0C3D2A025F79A3">
		<name>md276-db-212-0301-285+880</name>
		<LookAt>
			<longitude>104.6011363018712</longitude>
			<latitude>17.56999014178483</latitude>
			<altitude>150.66880451059</altitude>
			<heading>127.4790407650029</heading>
			<tilt>0</tilt>
			<gx:fovy>35.00000003152662</gx:fovy>
			<range>154.0922480299378</range>
			<altitudeMode>absolute</altitudeMode>
		</LookAt>
		<styleUrl>#__managed_style_0BED4BCA582A5431B33B</styleUrl>
		<Point>
			<coordinates>104.6013196523487,17.56983952934425,149.099130081919</coordinates>
		</Point>
	</Placemark>
	<Placemark id="04A323FC6B2A025FAA51">
		<name>md277-db-212-0301-285+915</name>
		<LookAt>
			<longitude>104.601548157063</longitude>
			<latitude>17.56972355100753</latitude>
			<altitude>147.4854256361501</altitude>
			<heading>127.479165091277</heading>
			<tilt>0</tilt>
			<gx:fovy>35.00000003152662</gx:fovy>
			<range>157.275621769204</range>
			<altitudeMode>absolute</altitudeMode>
		</LookAt>
		<styleUrl>#__managed_style_0BED4BCA582A5431B33B</styleUrl>
		<Point>
			<coordinates>104.6015913731079,17.56965840983555,147.3296647627742</coordinates>
		</Point>
	</Placemark>
	<Placemark id="071D364D272A025FDB10">
		<name>md278-db-212-0301-285+950</name>
		<LookAt>
			<longitude>104.6018163467793</longitude>
			<latitude>17.56951522550121</latitude>
			<altitude>146.8938766848452</altitude>
			<heading>127.4792460488649</heading>
			<tilt>0</tilt>
			<gx:fovy>35.00000003152662</gx:fovy>
			<range>157.8671836376634</range>
			<altitudeMode>absolute</altitudeMode>
		</LookAt>
		<styleUrl>#__managed_style_0BED4BCA582A5431B33B</styleUrl>
		<Point>
			<coordinates>104.6018767186876,17.56948451812491,147.2930775914342</coordinates>
		</Point>
	</Placemark>
	<Placemark id="025726A30A2A0262BE7A">
		<name>md279-db-212-0301-285+985</name>
		<LookAt>
			<longitude>104.6020573392434</longitude>
			<latitude>17.5695744870693</latitude>
			<altitude>148.0612046204318</altitude>
			<heading>127.4860189202049</heading>
			<tilt>0</tilt>
			<gx:fovy>35.00000003150274</gx:fovy>
			<range>185.5182798610622</range>
			<altitudeMode>absolute</altitudeMode>
		</LookAt>
		<styleUrl>#__managed_style_0BED4BCA582A5431B33B</styleUrl>
		<Point>
			<coordinates>104.6021661346796,17.56930430300705,148.4949148085688</coordinates>
		</Point>
	</Placemark>
	<Placemark id="0FE3630A142A0262EA34">
		<name>md280-db-212-0301-286+020</name>
		<LookAt>
			<longitude>104.6023506664014</longitude>
			<latitude>17.56915877208775</latitude>
			<altitude>148.135622396067</altitude>
			<heading>127.486107465365</heading>
			<tilt>0</tilt>
			<gx:fovy>35.00000003150274</gx:fovy>
			<range>185.443856589518</range>
			<altitudeMode>absolute</altitudeMode>
		</LookAt>
		<styleUrl>#__managed_style_0BED4BCA582A5431B33B</styleUrl>
		<Point>
			<coordinates>104.6024481976779,17.5691177484867,148.1937028635923</coordinates>
		</Point>
	</Placemark>
	<Placemark id="00EDC9D9E02A026332EF">
		<name>md281-db-212-0301-286+055</name>
		<LookAt>
			<longitude>104.6027517095638</longitude>
			<latitude>17.5686838949687</latitude>
			<altitude>146.4503590487083</altitude>
			<heading>127.4862285231759</heading>
			<tilt>0</tilt>
			<gx:fovy>35.00000003150274</gx:fovy>
			<range>187.1290998389668</range>
			<altitudeMode>absolute</altitudeMode>
		</LookAt>
		<styleUrl>#__managed_style_0BED4BCA582A5431B33B</styleUrl>
		<Point>
			<coordinates>104.6027275487774,17.56894074841576,147.5442451704293</coordinates>
		</Point>
	</Placemark>
	<Placemark id="0D6FE03F922A02635941">
		<name>md282-db-212-0301-286+090</name>
		<LookAt>
			<longitude>104.6027517095638</longitude>
			<latitude>17.56868389497927</latitude>
			<altitude>146.4503779130447</altitude>
			<heading>127.4862285231759</heading>
			<tilt>0</tilt>
			<gx:fovy>35.00000003150274</gx:fovy>
			<range>187.1290766613675</range>
			<altitudeMode>absolute</altitudeMode>
		</LookAt>
		<styleUrl>#__managed_style_0BED4BCA582A5431B33B</styleUrl>
		<Point>
			<coordinates>104.6030186386144,17.56875471814312,146.3464551007886</coordinates>
		</Point>
	</Placemark>
	<Placemark id="0FA01474F32A02638927">
		<name>md283-db-212-0301-286+125</name>
		<LookAt>
			<longitude>104.6029007849073</longitude>
			<latitude>17.56853506064784</latitude>
			<altitude>146.0828319759056</altitude>
			<heading>127.4862735218284</heading>
			<tilt>0</tilt>
			<gx:fovy>35.00000003150274</gx:fovy>
			<range>187.4966270320147</range>
			<altitudeMode>absolute</altitudeMode>
		</LookAt>
		<styleUrl>#__managed_style_0BED4BCA582A5431B33B</styleUrl>
		<Point>
			<coordinates>104.6032968404478,17.56858448713903,147.1513469532428</coordinates>
		</Point>
	</Placemark>
	<Placemark id="0C89102C7E2A0263AD10">
		<name>md284-db-212-0301-286+160</name>
		<LookAt>
			<longitude>104.6033292688739</longitude>
			<latitude>17.56828656510775</latitude>
			<altitude>146.9809645325172</altitude>
			<heading>127.4864028583875</heading>
			<tilt>0</tilt>
			<gx:fovy>35.00000003150274</gx:fovy>
			<range>186.5984950568236</range>
			<altitudeMode>absolute</altitudeMode>
		</LookAt>
		<styleUrl>#__managed_style_0BED4BCA582A5431B33B</styleUrl>
		<Point>
			<coordinates>104.6035743095122,17.56844760082213,147.9480090694662</coordinates>
		</Point>
	</Placemark>
	<Placemark id="0323B034572A0263CCEE">
		<name>md285-db-212-0301-286+195</name>
		<LookAt>
			<longitude>104.6033292688629</longitude>
			<latitude>17.56828656511831</latitude>
			<altitude>146.9809645325172</altitude>
			<heading>127.4864028583875</heading>
			<tilt>0</tilt>
			<gx:fovy>35.00000003150274</gx:fovy>
			<range>186.5984950568236</range>
			<altitudeMode>absolute</altitudeMode>
		</LookAt>
		<styleUrl>#__managed_style_0BED4BCA582A5431B33B</styleUrl>
		<Point>
			<coordinates>104.6038583271226,17.56826763816284,147.9408676741166</coordinates>
		</Point>
	</Placemark>
	<Placemark id="033DD4B0BA2A0263F13A">
		<name>md286-db-212-0301-286+230</name>
		<LookAt>
			<longitude>104.6039792377053</longitude>
			<latitude>17.56788634370693</latitude>
			<altitude>147.0099917595903</altitude>
			<heading>127.4865990501107</heading>
			<tilt>0</tilt>
			<gx:fovy>35.00000003150274</gx:fovy>
			<range>186.5694767024252</range>
			<altitudeMode>absolute</altitudeMode>
		</LookAt>
		<styleUrl>#__managed_style_0BED4BCA582A5431B33B</styleUrl>
		<Point>
			<coordinates>104.604145606723,17.56808883498509,147.3291619767251</coordinates>
		</Point>
	</Placemark>
	<Placemark id="07EB41A0C52A02641082">
		<name>md287-db-212-0301-286+265</name>
		<LookAt>
			<longitude>104.6039792376887</longitude>
			<latitude>17.5678863436858</latitude>
			<altitude>147.0099917595903</altitude>
			<heading>127.4865990501107</heading>
			<tilt>0</tilt>
			<gx:fovy>35.00000003150274</gx:fovy>
			<range>186.5694998800246</range>
			<altitudeMode>absolute</altitudeMode>
		</LookAt>
		<styleUrl>#__managed_style_0BED4BCA582A5431B33B</styleUrl>
		<Point>
			<coordinates>104.6044308625006,17.56790303858966,147.1744328341758</coordinates>
		</Point>
	</Placemark>
	<Placemark id="0AA43698562A02643F5E">
		<name>md288-db-212-0301-286+300</name>
		<LookAt>
			<longitude>104.6044723857989</longitude>
			<latitude>17.56754822574457</latitude>
			<altitude>147.0099822786168</altitude>
			<heading>127.4867479024699</heading>
			<tilt>0</tilt>
			<gx:fovy>35.00000003150274</gx:fovy>
			<range>186.5695114688242</range>
			<altitudeMode>absolute</altitudeMode>
		</LookAt>
		<styleUrl>#__managed_style_0BED4BCA582A5431B33B</styleUrl>
		<Point>
			<coordinates>104.6047185260267,17.56771916263112,147.8644865654512</coordinates>
		</Point>
	</Placemark>
	<Placemark id="0ED107A0D32A02645F1A">
		<name>md289-db-212-0301-286+335</name>
		<LookAt>
			<longitude>104.6048219488003</longitude>
			<latitude>17.56730448112292</latitude>
			<altitude>146.383467929682</altitude>
			<heading>127.4868534134662</heading>
			<tilt>0</tilt>
			<gx:fovy>35.00000003150274</gx:fovy>
			<range>187.1960135683184</range>
			<altitudeMode>absolute</altitudeMode>
		</LookAt>
		<styleUrl>#__managed_style_0BED4BCA582A5431B33B</styleUrl>
		<Point>
			<coordinates>104.604994464831,17.56754046461877,147.5248883826848</coordinates>
		</Point>
	</Placemark>
	<Placemark id="0CE09407DC2A02650CE9">
		<name>md290-db-212-0301-286+370</name>
		<LookAt>
			<longitude>104.6048219487782</longitude>
			<latitude>17.56730448112292</latitude>
			<altitude>146.383467929682</altitude>
			<heading>127.4868534134662</heading>
			<tilt>0</tilt>
			<gx:fovy>35.00000003150274</gx:fovy>
			<range>187.1960135683184</range>
			<altitudeMode>absolute</altitudeMode>
		</LookAt>
		<styleUrl>#__managed_style_0BED4BCA582A5431B33B</styleUrl>
		<Point>
			<coordinates>104.6052876555639,17.56736116920916,147.8060175402977</coordinates>
		</Point>
	</Placemark>
	<Placemark id="00D7FF962B2A02652ECC">
		<name>md291-db-212-0301-286+405</name>
		<LookAt>
			<longitude>104.6053968242034</longitude>
			<latitude>17.56700093761406</latitude>
			<altitude>147.5191051721424</altitude>
			<heading>127.4870269291085</heading>
			<tilt>0</tilt>
			<gx:fovy>35.00000003150274</gx:fovy>
			<range>186.0603807324878</range>
			<altitudeMode>absolute</altitudeMode>
		</LookAt>
		<styleUrl>#__managed_style_0BED4BCA582A5431B33B</styleUrl>
		<Point>
			<coordinates>104.6055693528892,17.56718313184956,148.356546010815</coordinates>
		</Point>
	</Placemark>
	<Placemark id="0AF098D1A42A026549E9">
		<name>md292-db-212-0301-286+440</name>
		<LookAt>
			<longitude>104.6053968241923</longitude>
			<latitude>17.56700093761406</latitude>
			<altitude>147.5191240364788</altitude>
			<heading>127.4870269291085</heading>
			<tilt>0</tilt>
			<gx:fovy>35.00000003150274</gx:fovy>
			<range>186.0603923212875</range>
			<altitudeMode>absolute</altitudeMode>
		</LookAt>
		<styleUrl>#__managed_style_0BED4BCA582A5431B33B</styleUrl>
		<Point>
			<coordinates>104.605848179638,17.56700307409237,148.7542322186306</coordinates>
		</Point>
	</Placemark>
	<Placemark id="0DC41C58F12A0265688A">
		<name>md293-db-212-0301-286+475</name>
		<LookAt>
			<longitude>104.6059632428796</longitude>
			<latitude>17.56670004473196</latitude>
			<altitude>148.6259924119323</altitude>
			<heading>127.4871978891203</heading>
			<tilt>0</tilt>
			<gx:fovy>35.00000003150274</gx:fovy>
			<range>184.9535228862624</range>
			<altitudeMode>absolute</altitudeMode>
		</LookAt>
		<styleUrl>#__managed_style_0BED4BCA582A5431B33B</styleUrl>
		<Point>
			<coordinates>104.6061323852434,17.56682435436435,149.8434293686896</coordinates>
		</Point>
	</Placemark>
	<Placemark id="0B835089882A026585AB">
		<name>md294-db-212-0301-286+510</name>
		<LookAt>
			<longitude>104.6059632428796</longitude>
			<latitude>17.5667000447531</latitude>
			<altitude>148.6259924119323</altitude>
			<heading>127.4871978891203</heading>
			<tilt>0</tilt>
			<gx:fovy>35.00000003150274</gx:fovy>
			<range>184.9535228862624</range>
			<altitudeMode>absolute</altitudeMode>
		</LookAt>
		<styleUrl>#__managed_style_0BED4BCA582A5431B33B</styleUrl>
		<Point>
			<coordinates>104.6064144300221,17.56664933796625,149.9146890040008</coordinates>
		</Point>
	</Placemark>
	<Placemark id="01B8632F112A0265BA00">
		<name>md295-db-212-0301-286+545</name>
		<LookAt>
			<longitude>104.6063264623358</longitude>
			<latitude>17.56649422559572</latitude>
			<altitude>149.2876155302828</altitude>
			<heading>127.4873075168372</heading>
			<tilt>0</tilt>
			<gx:fovy>35.00000003150274</gx:fovy>
			<range>184.2918835461387</range>
			<altitudeMode>absolute</altitudeMode>
		</LookAt>
		<styleUrl>#__managed_style_0BED4BCA582A5431B33B</styleUrl>
		<Point>
			<coordinates>104.6067379059779,17.56646095787279,148.9283693754126</coordinates>
		</Point>
	</Placemark>
	<Placemark id="0FECB0CE9F2A0265E5DC">
		<name>md296-db-212-0301-286+580</name>
		<LookAt>
			<longitude>104.6066064630481</longitude>
			<latitude>17.56625525888614</latitude>
			<altitude>149.0189572310601</altitude>
			<heading>127.4873920269606</heading>
			<tilt>0</tilt>
			<gx:fovy>35.00000003150274</gx:fovy>
			<range>184.5605351003178</range>
			<altitudeMode>absolute</altitudeMode>
		</LookAt>
		<styleUrl>#__managed_style_0BED4BCA582A5431B33B</styleUrl>
		<Point>
			<coordinates>104.6069733875019,17.56630324762463,148.8278054427465</coordinates>
		</Point>
	</Placemark>
	<Placemark id="0C57A6CFC62A026612E4">
		<name>md297-db-212-0301-286+615</name>
		<LookAt>
			<longitude>104.606959387417</longitude>
			<latitude>17.5660156354948</latitude>
			<altitude>149.5368115466981</altitude>
			<heading>127.4874985453165</heading>
			<tilt>0</tilt>
			<gx:fovy>35.00000003150274</gx:fovy>
			<range>184.0426664090228</range>
			<altitudeMode>absolute</altitudeMode>
		</LookAt>
		<styleUrl>#__managed_style_0BED4BCA582A5431B33B</styleUrl>
		<Point>
			<coordinates>104.6072470286597,17.56611961512478,149.2210119578236</coordinates>
		</Point>
	</Placemark>
	<Placemark id="0FFB7A34022A0266B035">
		<name>md298-db-212-0301-286+650</name>
		<LookAt>
			<longitude>104.607335010828</longitude>
			<latitude>17.56606811408171</latitude>
			<altitude>149.0189936893787</altitude>
			<heading>127.4875992445282</heading>
			<tilt>0</tilt>
			<gx:fovy>35</gx:fovy>
			<range>114.9113854722236</range>
			<altitudeMode>absolute</altitudeMode>
		</LookAt>
		<styleUrl>#__managed_style_0BED4BCA582A5431B33B</styleUrl>
		<Point>
			<coordinates>104.6075305995686,17.56593733369213,149.142230710234</coordinates>
		</Point>
	</Placemark>
	<Placemark id="09A4327AE22A0266DEFF">
		<name>md299-db-212-0301-286+685</name>
		<LookAt>
			<longitude>104.6076136429767</longitude>
			<latitude>17.56566127571567</latitude>
			<altitude>148.5466332057823</altitude>
			<heading>127.4876866650639</heading>
			<tilt>0</tilt>
			<gx:fovy>35</gx:fovy>
			<range>196.020073308573</range>
			<altitudeMode>absolute</altitudeMode>
		</LookAt>
		<styleUrl>#__managed_style_0BED4BCA582A5431B33B</styleUrl>
		<Point>
			<coordinates>104.6077942026655,17.56571200456531,148.1625850797243</coordinates>
		</Point>
	</Placemark>
	<Placemark id="01A54E367F2A0267094B">
		<name>md300-db-212-0301-286+720</name>
		<LookAt>
			<longitude>104.6078635049474</longitude>
			<latitude>17.56542805123257</latitude>
			<altitude>147.7826883212103</altitude>
			<heading>127.4877358745327</heading>
			<tilt>0</tilt>
			<gx:fovy>35</gx:fovy>
			<range>145.169289473215</range>
			<altitudeMode>absolute</altitudeMode>
		</LookAt>
		<styleUrl>#__managed_style_0BED4BCA582A5431B33B</styleUrl>
		<Point>
			<coordinates>104.60801748299,17.56547580394271,147.3576922203299</coordinates>
		</Point>
	</Placemark>
	<Placemark id="0A48DB34832A0267CD11">
		<name>md301-db-212-0301-286+755</name>
		<LookAt>
			<longitude>104.6082889177224</longitude>
			<latitude>17.56530589964699</latitude>
			<altitude>147.9283696507518</altitude>
			<heading>148.6156890639385</heading>
			<tilt>0</tilt>
			<gx:fovy>35</gx:fovy>
			<range>255.4808601652985</range>
			<altitudeMode>absolute</altitudeMode>
		</LookAt>
		<styleUrl>#__managed_style_0BED4BCA582A5431B33B</styleUrl>
		<Point>
			<coordinates>104.6082246277756,17.56522811306838,147.7289204405171</coordinates>
		</Point>
	</Placemark>
	<Placemark id="083267438F2A02680292">
		<name>md302-db-212-0301-286+790</name>
		<LookAt>
			<longitude>104.6082889177003</longitude>
			<latitude>17.56530589964699</latitude>
			<altitude>147.9283696507518</altitude>
			<heading>148.6156890639385</heading>
			<tilt>0</tilt>
			<gx:fovy>35</gx:fovy>
			<range>255.4808601652986</range>
			<altitudeMode>absolute</altitudeMode>
		</LookAt>
		<styleUrl>#__managed_style_0BED4BCA582A5431B33B</styleUrl>
		<Point>
			<coordinates>104.6083828247283,17.56494603056645,147.6385805308817</coordinates>
		</Point>
	</Placemark>
	<Placemark id="05C1AF50A42A026854F1">
		<name>md303-db-212-0301-286+825</name>
		<LookAt>
			<longitude>104.6085055889565</longitude>
			<latitude>17.56495825186612</latitude>
			<altitude>147.8270460109277</altitude>
			<heading>148.6157239515128</heading>
			<tilt>0</tilt>
			<gx:fovy>35</gx:fovy>
			<range>115.3875344846711</range>
			<altitudeMode>absolute</altitudeMode>
		</LookAt>
		<styleUrl>#__managed_style_0BED4BCA582A5431B33B</styleUrl>
		<Point>
			<coordinates>104.6085216539202,17.56465391025716,148.1026905190233</coordinates>
		</Point>
	</Placemark>
	<Placemark id="00BAD5B6BB2A02688AD7">
		<name>md304-db-212-0301-286+860</name>
		<LookAt>
			<longitude>104.6086721519081</longitude>
			<latitude>17.56468715249963</latitude>
			<altitude>147.9372170344227</altitude>
			<heading>148.6157640541685</heading>
			<tilt>0</tilt>
			<gx:fovy>35</gx:fovy>
			<range>231.5437772297082</range>
			<altitudeMode>absolute</altitudeMode>
		</LookAt>
		<styleUrl>#__managed_style_0BED4BCA582A5431B33B</styleUrl>
		<Point>
			<coordinates>104.6086214765286,17.56433286932038,147.9351467824459</coordinates>
		</Point>
	</Placemark>
	<Placemark id="0AB096A8D52A02690CA8">
		<name>md305-db-212-0301-286+895</name>
		<LookAt>
			<longitude>104.6086682370591</longitude>
			<latitude>17.56434288960184</latitude>
			<altitude>147.8652302882061</altitude>
			<heading>148.6157628736737</heading>
			<tilt>0</tilt>
			<gx:fovy>35</gx:fovy>
			<range>231.6157668533197</range>
			<altitudeMode>absolute</altitudeMode>
		</LookAt>
		<styleUrl>#__managed_style_0BED4BCA582A5431B33B</styleUrl>
		<Point>
			<coordinates>104.6087004821136,17.5640095013202,148.05567503476</coordinates>
		</Point>
	</Placemark>
	<Placemark id="01183A21062A02695253">
		<name>md306-db-212-0301-286+930</name>
		<LookAt>
			<longitude>104.6086798486373</longitude>
			<latitude>17.56396227469269</latitude>
			<altitude>147.8531337499963</altitude>
			<heading>148.6157663807103</heading>
			<tilt>0</tilt>
			<gx:fovy>35</gx:fovy>
			<range>231.6278655601855</range>
			<altitudeMode>absolute</altitudeMode>
		</LookAt>
		<styleUrl>#__managed_style_0BED4BCA582A5431B33B</styleUrl>
		<Point>
			<coordinates>104.6087645350234,17.56370222494575,148.1027252733299</coordinates>
		</Point>
	</Placemark>
	<Placemark id="0F838F24192A026AD710">
		<name>md307-db-212-0301-286+965</name>
		<LookAt>
			<longitude>104.6087700777768</longitude>
			<latitude>17.56362416211673</latitude>
			<altitude>147.9372127720871</altitude>
			<heading>173.5220352063209</heading>
			<tilt>0</tilt>
			<gx:fovy>35</gx:fovy>
			<range>164.416095458364</range>
			<altitudeMode>absolute</altitudeMode>
		</LookAt>
		<styleUrl>#__managed_style_0BED4BCA582A5431B33B</styleUrl>
		<Point>
			<coordinates>104.6088295289656,17.5633805888401,148.1027091750331</coordinates>
		</Point>
	</Placemark>
	<Placemark id="03BC330ED72A026B1483">
		<name>md308-db-212-0301-287+000</name>
		<LookAt>
			<longitude>104.6087986578076</longitude>
			<latitude>17.56326127448664</latitude>
			<altitude>147.9372044327348</altitude>
			<heading>173.5220438314202</heading>
			<tilt>0</tilt>
			<gx:fovy>35</gx:fovy>
			<range>164.416095458364</range>
			<altitudeMode>absolute</altitudeMode>
		</LookAt>
		<styleUrl>#__managed_style_0BED4BCA582A5431B33B</styleUrl>
		<Point>
			<coordinates>104.6088985780131,17.56304931881446,147.9479728748528</coordinates>
		</Point>
	</Placemark>
	<Placemark id="0514E771182A026CB672">
		<name>md309-db-212-0301-287+035</name>
		<LookAt>
			<longitude>104.6090860126829</longitude>
			<latitude>17.56296377033062</latitude>
			<altitude>147.5956099262178</altitude>
			<heading>165.161254708371</heading>
			<tilt>0</tilt>
			<gx:fovy>35</gx:fovy>
			<range>155.0107531149661</range>
			<altitudeMode>absolute</altitudeMode>
		</LookAt>
		<styleUrl>#__managed_style_0BED4BCA582A5431B33B</styleUrl>
		<Point>
			<coordinates>104.6089639717457,17.56273419726948,145.1943961936641</coordinates>
		</Point>
	</Placemark>
	<Placemark id="041A1E4C3A2A02709F50">
		<name>md310-db-212-0302-287+140</name>
		<LookAt>
			<longitude>104.6092275981747</longitude>
			<latitude>17.56199052524649</latitude>
			<altitude>141.6763131939835</altitude>
			<heading>177.2165938053669</heading>
			<tilt>0</tilt>
			<gx:fovy>35</gx:fovy>
			<range>204.7000842688067</range>
			<altitudeMode>absolute</altitudeMode>
		</LookAt>
		<styleUrl>#__managed_style_0BED4BCA582A5431B33B</styleUrl>
		<Point>
			<coordinates>104.6091418026068,17.56182194102621,144.4959297264644</coordinates>
		</Point>
	</Placemark>
	<Placemark id="04B125DAAB2A0271CB18">
		<name>md311-db-212-0302-287+175</name>
		<LookAt>
			<longitude>104.6093100321297</longitude>
			<latitude>17.56157137600566</latitude>
			<altitude>147.7181501529136</altitude>
			<heading>177.2166186778405</heading>
			<tilt>0</tilt>
			<gx:fovy>35</gx:fovy>
			<range>198.6582403780995</range>
			<altitudeMode>absolute</altitudeMode>
		</LookAt>
		<styleUrl>#__managed_style_0BED4BCA582A5431B33B</styleUrl>
		<Point>
			<coordinates>104.6092186615614,17.561484179818,147.9479736438662</coordinates>
		</Point>
	</Placemark>
	<Placemark id="005950DCA52A027209DA">
		<name>md312-db-212-0302-287+210</name>
		<LookAt>
			<longitude>104.6093100321075</longitude>
			<latitude>17.56157137600566</latitude>
			<altitude>147.7181501543282</altitude>
			<heading>177.2166186778405</heading>
			<tilt>0</tilt>
			<gx:fovy>35</gx:fovy>
			<range>198.6582403780995</range>
			<altitudeMode>absolute</altitudeMode>
		</LookAt>
		<styleUrl>#__managed_style_0BED4BCA582A5431B33B</styleUrl>
		<Point>
			<coordinates>104.6092790895051,17.56117398102505,147.8043158014845</coordinates>
		</Point>
	</Placemark>
	<Placemark id="0EA8D708942A0275FA48">
		<name>md313-db-212-0302-287+245</name>
		<LookAt>
			<longitude>104.609447798316</longitude>
			<latitude>17.560871929461</latitude>
			<altitude>147.4187086985372</altitude>
			<heading>177.2166602474481</heading>
			<tilt>0</tilt>
			<gx:fovy>35</gx:fovy>
			<range>198.9576717842283</range>
			<altitudeMode>absolute</altitudeMode>
		</LookAt>
		<styleUrl>#__managed_style_0BED4BCA582A5431B33B</styleUrl>
		<Point>
			<coordinates>104.6093421082905,17.56086646927861,147.4426691793274</coordinates>
		</Point>
	</Placemark>
	<Placemark id="0F7B6178812A0276379B">
		<name>md314-db-212-0302-287+280</name>
		<LookAt>
			<longitude>104.6094477983105</longitude>
			<latitude>17.560871929461</latitude>
			<altitude>147.4186898342008</altitude>
			<heading>177.2166602474481</heading>
			<tilt>0</tilt>
			<gx:fovy>35</gx:fovy>
			<range>198.9576949618277</range>
			<altitudeMode>absolute</altitudeMode>
		</LookAt>
		<styleUrl>#__managed_style_0BED4BCA582A5431B33B</styleUrl>
		<Point>
			<coordinates>104.6094092803424,17.56054649084495,148.2563126660978</coordinates>
		</Point>
	</Placemark>
	<Placemark id="0C098EB5B12A02765CB0">
		<name>md315-db-212-0302-287+315</name>
		<LookAt>
			<longitude>104.6095512124434</longitude>
			<latitude>17.56042024188243</latitude>
			<altitude>149.3772190486163</altitude>
			<heading>177.2166914485015</heading>
			<tilt>0</tilt>
			<gx:fovy>35</gx:fovy>
			<range>196.9991646383278</range>
			<altitudeMode>absolute</altitudeMode>
		</LookAt>
		<styleUrl>#__managed_style_0BED4BCA582A5431B33B</styleUrl>
		<Point>
			<coordinates>104.6094759365948,17.56023594457553,150.4068842220057</coordinates>
		</Point>
	</Placemark>
	<Placemark id="0153827EF02A0276D3F3">
		<name>md316--db-212-0302-287+350</name>
		<LookAt>
			<longitude>104.6096379282395</longitude>
			<latitude>17.55998751812925</latitude>
			<altitude>150.6882665741269</altitude>
			<heading>177.2167176122691</heading>
			<tilt>0</tilt>
			<gx:fovy>35</gx:fovy>
			<range>195.6881005529431</range>
			<altitudeMode>absolute</altitudeMode>
		</LookAt>
		<styleUrl>#__managed_style_0BED4BCA582A5431B33B</styleUrl>
		<Point>
			<coordinates>104.6095606600633,17.5598749735134,150.5759641952358</coordinates>
		</Point>
	</Placemark>
	<Placemark id="0FE28A150D2A0276FD44">
		<name>md317-db-212-0302-287+385</name>
		<LookAt>
			<longitude>104.6095481120293</longitude>
			<latitude>17.55968317819343</latitude>
			<altitude>150.344305052446</altitude>
			<heading>177.2166905151701</heading>
			<tilt>0</tilt>
			<gx:fovy>35</gx:fovy>
			<range>196.0320561274421</range>
			<altitudeMode>absolute</altitudeMode>
		</LookAt>
		<styleUrl>#__managed_style_0BED4BCA582A5431B33B</styleUrl>
		<Point>
			<coordinates>104.6096371649269,17.55959508892269,150.6671825376719</coordinates>
		</Point>
	</Placemark>
	<Placemark id="0F3F36B4712A02771EF6">
		<name>md318-db-212-0302-287+420</name>
		<LookAt>
			<longitude>104.6095481120404</longitude>
			<latitude>17.55968317818286</latitude>
			<altitude>150.344305052446</altitude>
			<heading>177.2166905151701</heading>
			<tilt>0</tilt>
			<gx:fovy>35</gx:fovy>
			<range>196.032056127442</range>
			<altitudeMode>absolute</altitudeMode>
		</LookAt>
		<styleUrl>#__managed_style_0BED4BCA582A5431B33B</styleUrl>
		<Point>
			<coordinates>104.6097357917913,17.55928960128867,149.7205568732528</coordinates>
		</Point>
	</Placemark>
	<Placemark id="0BEBF95CE52A02774526">
		<name>md319-db-212-0302-287+455</name>
		<LookAt>
			<longitude>104.609715599762</longitude>
			<latitude>17.55927091115628</latitude>
			<altitude>149.4645005758005</altitude>
			<heading>177.2167410467391</heading>
			<tilt>0</tilt>
			<gx:fovy>35</gx:fovy>
			<range>196.9118546215395</range>
			<altitudeMode>absolute</altitudeMode>
		</LookAt>
		<styleUrl>#__managed_style_0BED4BCA582A5431B33B</styleUrl>
		<Point>
			<coordinates>104.6098591989067,17.55897514184178,148.9786764748875</coordinates>
		</Point>
	</Placemark>
	<Placemark id="0964A3A5262A02777AE9">
		<name>md320-db-212-0302-287+490</name>
		<LookAt>
			<longitude>104.6098774467873</longitude>
			<latitude>17.55900969421663</latitude>
			<altitude>149.0020873961269</altitude>
			<heading>177.216789874847</heading>
			<tilt>0</tilt>
			<gx:fovy>35</gx:fovy>
			<range>197.3742477287669</range>
			<altitudeMode>absolute</altitudeMode>
		</LookAt>
		<styleUrl>#__managed_style_0BED4BCA582A5431B33B</styleUrl>
		<Point>
			<coordinates>104.6099999029702,17.55868305482919,147.7555734785476</coordinates>
		</Point>
	</Placemark>
	<Placemark id="0E1C93AF5D2A0277A6F7">
		<name>md321-db-212-0302-287+525</name>
		<LookAt>
			<longitude>104.6100596895938</longitude>
			<latitude>17.55870476242018</latitude>
			<altitude>147.6848386391167</altitude>
			<heading>177.2168448552167</heading>
			<tilt>0</tilt>
			<gx:fovy>35</gx:fovy>
			<range>198.6915234107801</range>
			<altitudeMode>absolute</altitudeMode>
		</LookAt>
		<styleUrl>#__managed_style_0BED4BCA582A5431B33B</styleUrl>
		<Point>
			<coordinates>104.6101508358178,17.5583735399731,147.2260876204012</coordinates>
		</Point>
	</Placemark>
	<Placemark id="0735DE2B712A0278B601">
		<name>md322-db-212-0302-287+560</name>
		<LookAt>
			<longitude>104.6102740795973</longitude>
			<latitude>17.55837393164441</latitude>
			<altitude>147.0892177638619</altitude>
			<heading>177.2169095324085</heading>
			<tilt>0</tilt>
			<gx:fovy>35</gx:fovy>
			<range>199.2871413591275</range>
			<altitudeMode>absolute</altitudeMode>
		</LookAt>
		<styleUrl>#__managed_style_0BED4BCA582A5431B33B</styleUrl>
		<Point>
			<coordinates>104.6103019913758,17.55814803309873,148.5313167454031</coordinates>
		</Point>
	</Placemark>
	<Placemark id="08D1AF6D6D2A0278DB48">
		<name>md323-db-212-0302-287+595</name>
		<LookAt>
			<longitude>104.6103782691095</longitude>
			<latitude>17.55808141025175</latitude>
			<altitude>149.1625152327708</altitude>
			<heading>177.2169409648136</heading>
			<tilt>0</tilt>
			<gx:fovy>35</gx:fovy>
			<range>197.213835563598</range>
			<altitudeMode>absolute</altitudeMode>
		</LookAt>
		<styleUrl>#__managed_style_0BED4BCA582A5431B33B</styleUrl>
		<Point>
			<coordinates>104.6104479074178,17.55785205711807,150.5780629191517</coordinates>
		</Point>
	</Placemark>
	<Placemark id="01E8BE05C82A0278FD4D">
		<name>md324-db-212-0302-287+630</name>
		<LookAt>
			<longitude>104.6103782691095</longitude>
			<latitude>17.55808141027289</latitude>
			<altitude>149.1625152327708</altitude>
			<heading>177.2169409648136</heading>
			<tilt>0</tilt>
			<gx:fovy>35</gx:fovy>
			<range>197.213835563598</range>
			<altitudeMode>absolute</altitudeMode>
		</LookAt>
		<styleUrl>#__managed_style_0BED4BCA582A5431B33B</styleUrl>
		<Point>
			<coordinates>104.6105929808875,17.55755268313547,150.5632480009313</coordinates>
		</Point>
	</Placemark>
	<Placemark id="00013255CB2A027923F3">
		<name>md325-db-212-0302-287+665</name>
		<LookAt>
			<longitude>104.6106189740343</longitude>
			<latitude>17.55755767233417</latitude>
			<altitude>150.5045504164223</altitude>
			<heading>177.2170135784183</heading>
			<tilt>0</tilt>
			<gx:fovy>35</gx:fovy>
			<range>195.8717830278692</range>
			<altitudeMode>absolute</altitudeMode>
		</LookAt>
		<styleUrl>#__managed_style_0BED4BCA582A5431B33B</styleUrl>
		<Point>
			<coordinates>104.6107443666276,17.55721490447008,150.0474828243547</coordinates>
		</Point>
	</Placemark>
	<Placemark id="0E5543C8462A027966AE">
		<name>md326-db-212-0302-287+700</name>
		<LookAt>
			<longitude>104.6107651981058</longitude>
			<latitude>17.55725447799167</latitude>
			<altitude>150.0925827738965</altitude>
			<heading>177.2170576888483</heading>
			<tilt>0</tilt>
			<gx:fovy>35</gx:fovy>
			<range>196.2837416788898</range>
			<altitudeMode>absolute</altitudeMode>
		</LookAt>
		<styleUrl>#__managed_style_0BED4BCA582A5431B33B</styleUrl>
		<Point>
			<coordinates>104.6108682121149,17.55697985555747,151.0645517816799</coordinates>
		</Point>
	</Placemark>
	<Placemark id="0363CA03872A02798D74">
		<name>md327-db-212-0302-287+735</name>
		<LookAt>
			<longitude>104.6108817531305</longitude>
			<latitude>17.55695483754867</latitude>
			<altitude>151.0405533949992</altitude>
			<heading>177.2170928486651</heading>
			<tilt>0</tilt>
			<gx:fovy>35</gx:fovy>
			<range>195.3357778650752</range>
			<altitudeMode>absolute</altitudeMode>
		</LookAt>
		<styleUrl>#__managed_style_0BED4BCA582A5431B33B</styleUrl>
		<Point>
			<coordinates>104.6110025668171,17.55668808690103,152.7357170685018</coordinates>
		</Point>
	</Placemark>
	<Placemark id="0D5721A32C2A0279C24F">
		<name>md328-db-212-0302-287+770</name>
		<LookAt>
			<longitude>104.6110775683792</longitude>
			<latitude>17.55659791091135</latitude>
			<altitude>152.8340314443388</altitude>
			<heading>177.2171519175807</heading>
			<tilt>0</tilt>
			<gx:fovy>35</gx:fovy>
			<range>193.5423068154159</range>
			<altitudeMode>absolute</altitudeMode>
		</LookAt>
		<styleUrl>#__managed_style_0BED4BCA582A5431B33B</styleUrl>
		<Point>
			<coordinates>104.6111462641598,17.55639171113254,153.6302510422921</coordinates>
		</Point>
	</Placemark>
	<Placemark id="0EA15386412A0279E465">
		<name>md329-db-212-0302-287+805</name>
		<LookAt>
			<longitude>104.6112859097826</longitude>
			<latitude>17.55633985302966</latitude>
			<altitude>153.4555581207318</altitude>
			<heading>177.2172147632501</heading>
			<tilt>0</tilt>
			<gx:fovy>35</gx:fovy>
			<range>192.9207763109844</range>
			<altitudeMode>absolute</altitudeMode>
		</LookAt>
		<styleUrl>#__managed_style_0BED4BCA582A5431B33B</styleUrl>
		<Point>
			<coordinates>104.6112961597512,17.55609430412889,154.7456498705094</coordinates>
		</Point>
	</Placemark>
	<Placemark id="0BBEF1DF802A027A2FCB">
		<name>md330-db-212-0302-287+840</name>
		<LookAt>
			<longitude>104.6114250413275</longitude>
			<latitude>17.55597545971563</latitude>
			<altitude>154.3785091259658</altitude>
			<heading>177.2172567314276</heading>
			<tilt>0</tilt>
			<gx:fovy>35</gx:fovy>
			<range>191.9977979492796</range>
			<altitudeMode>absolute</altitudeMode>
		</LookAt>
		<styleUrl>#__managed_style_0BED4BCA582A5431B33B</styleUrl>
		<Point>
			<coordinates>104.6114434164354,17.55579301321389,154.7490384054833</coordinates>
		</Point>
	</Placemark>
	<Placemark id="032E6EB4D22A027A5501">
		<name>md331-db-212-0302-287+875</name>
		<LookAt>
			<longitude>104.6116798458805</longitude>
			<latitude>17.55557603120231</latitude>
			<altitude>152.9468667770172</altitude>
			<heading>177.2173335944081</heading>
			<tilt>0</tilt>
			<gx:fovy>35</gx:fovy>
			<range>193.4294434953335</range>
			<altitudeMode>absolute</altitudeMode>
		</LookAt>
		<styleUrl>#__managed_style_0BED4BCA582A5431B33B</styleUrl>
		<Point>
			<coordinates>104.6115884389231,17.55550464974704,152.9036466501096</coordinates>
		</Point>
	</Placemark>
	<Placemark id="05D39CD0292A027A7B52">
		<name>md332-db-212-0302-287+910</name>
		<LookAt>
			<longitude>104.6116798458805</longitude>
			<latitude>17.55557603123401</latitude>
			<altitude>152.9468667770172</altitude>
			<heading>177.2173335944081</heading>
			<tilt>0</tilt>
			<gx:fovy>35</gx:fovy>
			<range>193.4294434953335</range>
			<altitudeMode>absolute</altitudeMode>
		</LookAt>
		<styleUrl>#__managed_style_0BED4BCA582A5431B33B</styleUrl>
		<Point>
			<coordinates>104.6117283801522,17.55521316277936,151.19694313895</coordinates>
		</Point>
	</Placemark>
	<Placemark id="04C5114A642A027ACAE5">
		<name>md333-db-212-0302-287+945</name>
		<LookAt>
			<longitude>104.6119560553562</longitude>
			<latitude>17.55500728584335</latitude>
			<altitude>151.0279471900937</altitude>
			<heading>177.2174169062638</heading>
			<tilt>0</tilt>
			<gx:fovy>35</gx:fovy>
			<range>195.3483633015276</range>
			<altitudeMode>absolute</altitudeMode>
		</LookAt>
		<styleUrl>#__managed_style_0BED4BCA582A5431B33B</styleUrl>
		<Point>
			<coordinates>104.6118723579226,17.55492570455372,151.0625724446136</coordinates>
		</Point>
	</Placemark>
	<Placemark id="07CCB5EAB42A027B7478">
		<name>md334-db-212-0302-287+980</name>
		<LookAt>
			<longitude>104.6120259919045</longitude>
			<latitude>17.55469944036527</latitude>
			<altitude>151.3525515755387</altitude>
			<heading>177.2174380001499</heading>
			<tilt>0</tilt>
			<gx:fovy>35</gx:fovy>
			<range>195.023761022494</range>
			<altitudeMode>absolute</altitudeMode>
		</LookAt>
		<styleUrl>#__managed_style_0BED4BCA582A5431B33B</styleUrl>
		<Point>
			<coordinates>104.6120267141283,17.55460315487928,151.8649099617545</coordinates>
		</Point>
	</Placemark>
	<Placemark id="04F801314F2A027BBDC8">
		<name>md335-db-212-0302-288+015</name>
		<LookAt>
			<longitude>104.6121390059635</longitude>
			<latitude>17.55455066631848</latitude>
			<altitude>152.2089877850988</altitude>
			<heading>177.2174720870499</heading>
			<tilt>0</tilt>
			<gx:fovy>35</gx:fovy>
			<range>194.1673139597515</range>
			<altitudeMode>absolute</altitudeMode>
		</LookAt>
		<styleUrl>#__managed_style_0BED4BCA582A5431B33B</styleUrl>
		<Point>
			<coordinates>104.6121880626675,17.55434818828533,153.895136849945</coordinates>
		</Point>
	</Placemark>
	<Placemark id="0A245CCB932A0280137D">
		<name>md336-db-212-0302-288+050</name>
		<LookAt>
			<longitude>104.6122792731249</longitude>
			<latitude>17.55434647076464</latitude>
			<altitude>153.5041415986321</altitude>
			<heading>177.2175143934004</heading>
			<tilt>0</tilt>
			<gx:fovy>35</gx:fovy>
			<range>192.8721497075276</range>
			<altitudeMode>absolute</altitudeMode>
		</LookAt>
		<styleUrl>#__managed_style_0BED4BCA582A5431B33B</styleUrl>
		<Point>
			<coordinates>104.6123468739013,17.55408582394916,155.2022195025566</coordinates>
		</Point>
	</Placemark>
	<Placemark id="0D16AFB9EB2A02805FFF">
		<name>md337-db-212-0302-288+085</name>
		<LookAt>
			<longitude>104.6124321045845</longitude>
			<latitude>17.55401071601959</latitude>
			<altitude>155.0211825876491</altitude>
			<heading>177.2175604885073</heading>
			<tilt>0</tilt>
			<gx:fovy>35</gx:fovy>
			<range>191.3550947078329</range>
			<altitudeMode>absolute</altitudeMode>
		</LookAt>
		<styleUrl>#__managed_style_0BED4BCA582A5431B33B</styleUrl>
		<Point>
			<coordinates>104.6125483769361,17.55375424091596,155.0479307058518</coordinates>
		</Point>
	</Placemark>
	<Placemark id="0AE849EF902A02808224">
		<name>md338-db-212-0302-288+120</name>
		<LookAt>
			<longitude>104.6126335583663</longitude>
			<latitude>17.55373160826964</latitude>
			<altitude>154.2416595609621</altitude>
			<heading>177.2176212486427</heading>
			<tilt>0</tilt>
			<gx:fovy>35</gx:fovy>
			<range>192.1346153183004</range>
			<altitudeMode>absolute</altitudeMode>
		</LookAt>
		<styleUrl>#__managed_style_0BED4BCA582A5431B33B</styleUrl>
		<Point>
			<coordinates>104.6127284064195,17.55352763464624,153.5625257981601</coordinates>
		</Point>
	</Placemark>
	<Placemark id="034097A7642A0280B164">
		<name>md339-db-212-0302-288+155</name>
		<LookAt>
			<longitude>104.6127957974068</longitude>
			<latitude>17.5534266213913</latitude>
			<altitude>153.1269191127857</altitude>
			<heading>177.2176701802801</heading>
			<tilt>0</tilt>
			<gx:fovy>35</gx:fovy>
			<range>193.2493535483082</range>
			<altitudeMode>absolute</altitudeMode>
		</LookAt>
		<styleUrl>#__managed_style_0BED4BCA582A5431B33B</styleUrl>
		<Point>
			<coordinates>104.6129385817686,17.553261852135,152.3148217067661</coordinates>
		</Point>
	</Placemark>
	<Placemark id="094A3076842A028B0C8C">
		<name>md340-db-212-0302-288+190</name>
		<LookAt>
			<longitude>104.6131434207708</longitude>
			<latitude>17.5530734908963</latitude>
			<altitude>151.4594088148681</altitude>
			<heading>177.2177750207642</heading>
			<tilt>0</tilt>
			<gx:fovy>35</gx:fovy>
			<range>194.9168427566474</range>
			<altitudeMode>absolute</altitudeMode>
		</LookAt>
		<styleUrl>#__managed_style_0BED4BCA582A5431B33B</styleUrl>
		<Point>
			<coordinates>104.613154629746,17.55301190647059,151.5924213620513</coordinates>
		</Point>
	</Placemark>
	<Placemark id="0DFDC5F3C92A0332F444">
		<name>md341-db-212-0302-288+225</name>
		<LookAt>
			<longitude>104.6133102020084</longitude>
			<latitude>17.55299077398352</latitude>
			<altitude>151.7684356962046</altitude>
			<heading>160.7514663095638</heading>
			<tilt>0</tilt>
			<gx:fovy>35</gx:fovy>
			<range>149.8661256842752</range>
			<altitudeMode>absolute</altitudeMode>
		</LookAt>
		<styleUrl>#__managed_style_0BED4BCA582A5431B33B</styleUrl>
		<Point>
			<coordinates>104.6133778526433,17.55277012281898,152.0950174110186</coordinates>
		</Point>
	</Placemark>
	<Placemark id="0166CB7C632A033397F3">
		<name>md342-db-212-0302-288+260</name>
		<LookAt>
			<longitude>104.6135496514699</longitude>
			<latitude>17.55268865894021</latitude>
			<altitude>151.4953951034172</altitude>
			<heading>160.7515385240891</heading>
			<tilt>0</tilt>
			<gx:fovy>35</gx:fovy>
			<range>150.1391578047333</range>
			<altitudeMode>absolute</altitudeMode>
		</LookAt>
		<styleUrl>#__managed_style_0BED4BCA582A5431B33B</styleUrl>
		<Point>
			<coordinates>104.6136040306295,17.55252917915475,151.910714332079</coordinates>
		</Point>
	</Placemark>
	<Placemark id="04A7C4E06E2A033432BA">
		<name>md343-db-212-0302-288+295</name>
		<LookAt>
			<longitude>104.6137636353231</longitude>
			<latitude>17.55241890855048</latitude>
			<altitude>151.4256701875975</altitude>
			<heading>160.7516030585697</heading>
			<tilt>0</tilt>
			<gx:fovy>35</gx:fovy>
			<range>150.2123874299105</range>
			<altitudeMode>absolute</altitudeMode>
		</LookAt>
		<styleUrl>#__managed_style_0BED4BCA582A5431B33B</styleUrl>
		<Point>
			<coordinates>104.6138570964288,17.55225515947678,151.3770983862916</coordinates>
		</Point>
	</Placemark>
	<Placemark id="033AB5EAF32A03345BC9">
		<name>md344-db-212-0302-288+330</name>
		<LookAt>
			<longitude>104.613882732282</longitude>
			<latitude>17.5522688269425</latitude>
			<altitude>151.027962111805</altitude>
			<heading>160.7516389756967</heading>
			<tilt>0</tilt>
			<gx:fovy>35</gx:fovy>
			<range>150.6100918573247</range>
			<altitudeMode>absolute</altitudeMode>
		</LookAt>
		<styleUrl>#__managed_style_0BED4BCA582A5431B33B</styleUrl>
		<Point>
			<coordinates>104.6140607941091,17.55203948439495,151.0543095671632</coordinates>
		</Point>
	</Placemark>
	<Placemark id="0AD6BBAF892A03348131">
		<name>md345-db-212-0302-288+365</name>
		<LookAt>
			<longitude>104.6142031408893</longitude>
			<latitude>17.55186672018112</latitude>
			<altitude>150.008139621308</altitude>
			<heading>160.751735602972</heading>
			<tilt>0</tilt>
			<gx:fovy>35</gx:fovy>
			<range>151.6299062291546</range>
			<altitudeMode>absolute</altitudeMode>
		</LookAt>
		<styleUrl>#__managed_style_0BED4BCA582A5431B33B</styleUrl>
		<Point>
			<coordinates>104.6142833408083,17.55182144659131,150.030727447439</coordinates>
		</Point>
	</Placemark>
	<Placemark id="0010793FD42A0334B232">
		<name>md346-db-212-0302-288+400</name>
		<LookAt>
			<longitude>104.6145096919663</longitude>
			<latitude>17.55162730286494</latitude>
			<altitude>149.3879861158224</altitude>
			<heading>160.7518280495197</heading>
			<tilt>0</tilt>
			<gx:fovy>35</gx:fovy>
			<range>152.2500576664243</range>
			<altitudeMode>absolute</altitudeMode>
		</LookAt>
		<styleUrl>#__managed_style_0BED4BCA582A5431B33B</styleUrl>
		<Point>
			<coordinates>104.6145103649125,17.55159165259278,149.5481823574618</coordinates>
		</Point>
	</Placemark>
	<Placemark id="0A2CB7F3542A0334D521">
		<name>md347-db-212-0302-288+435</name>
		<LookAt>
			<longitude>104.6145096919885</longitude>
			<latitude>17.55162730284381</latitude>
			<altitude>149.3879861158224</altitude>
			<heading>160.7518280495197</heading>
			<tilt>0</tilt>
			<gx:fovy>35</gx:fovy>
			<range>152.2500576664243</range>
			<altitudeMode>absolute</altitudeMode>
		</LookAt>
		<styleUrl>#__managed_style_0BED4BCA582A5431B33B</styleUrl>
		<Point>
			<coordinates>104.6147360731596,17.55135603187653,150.2747403100165</coordinates>
		</Point>
	</Placemark>
	<Placemark id="0FB6F2504A2A0335198E">
		<name>md348-db-212-0302-288+470</name>
		<LookAt>
			<longitude>104.614934439785</longitude>
			<latitude>17.55127083822087</latitude>
			<altitude>151.0968430865857</altitude>
			<heading>160.7519561383952</heading>
			<tilt>0</tilt>
			<gx:fovy>35</gx:fovy>
			<range>150.5412080320275</range>
			<altitudeMode>absolute</altitudeMode>
		</LookAt>
		<styleUrl>#__managed_style_0BED4BCA582A5431B33B</styleUrl>
		<Point>
			<coordinates>104.6149526616571,17.55113121757493,151.5073740121288</coordinates>
		</Point>
	</Placemark>
	<Placemark id="01A86BAFA72A0347C585">
		<name>md349-db-212-0302-288+505</name>
		<LookAt>
			<longitude>104.6151330740076</longitude>
			<latitude>17.55105669864608</latitude>
			<altitude>152.2114595592205</altitude>
			<heading>160.7520160373305</heading>
			<tilt>0</tilt>
			<gx:fovy>35</gx:fovy>
			<range>149.4265972788162</range>
			<altitudeMode>absolute</altitudeMode>
		</LookAt>
		<styleUrl>#__managed_style_0BED4BCA582A5431B33B</styleUrl>
		<Point>
			<coordinates>104.615216923678,17.55084356241804,151.9990722421339</coordinates>
		</Point>
	</Placemark>
	<Placemark id="096A6C7F0A2A034811C6">
		<name>md350-db-212-0302-288+540</name>
		<LookAt>
			<longitude>104.61530748851</longitude>
			<latitude>17.55080375982363</latitude>
			<altitude>151.6914523962836</altitude>
			<heading>160.7520686326204</heading>
			<tilt>0</tilt>
			<gx:fovy>35</gx:fovy>
			<range>149.9465983092523</range>
			<altitudeMode>absolute</altitudeMode>
		</LookAt>
		<styleUrl>#__managed_style_0BED4BCA582A5431B33B</styleUrl>
		<Point>
			<coordinates>104.6154122139247,17.55064659399825,151.0193927707866</coordinates>
		</Point>
	</Placemark>
	<Placemark id="0EA4F57D512A034836D9">
		<name>md351-db-212-0302-288+575</name>
		<LookAt>
			<longitude>104.6155022911213</longitude>
			<latitude>17.55054873504749</latitude>
			<altitude>150.2637571611008</altitude>
			<heading>160.7521273753522</heading>
			<tilt>0</tilt>
			<gx:fovy>35</gx:fovy>
			<range>151.3742920746154</range>
			<altitudeMode>absolute</altitudeMode>
		</LookAt>
		<styleUrl>#__managed_style_0BED4BCA582A5431B33B</styleUrl>
		<Point>
			<coordinates>104.615639028173,17.5503982942669,150.0628238865205</coordinates>
		</Point>
	</Placemark>
	<Placemark id="032D02AF422A034860D1">
		<name>md352-db-212-0302-288+610</name>
		<LookAt>
			<longitude>104.6156890704936</longitude>
			<latitude>17.55030802027909</latitude>
			<altitude>149.9462083076646</altitude>
			<heading>160.7521836983266</heading>
			<tilt>0</tilt>
			<gx:fovy>35</gx:fovy>
			<range>151.6918483634436</range>
			<altitudeMode>absolute</altitudeMode>
		</LookAt>
		<styleUrl>#__managed_style_0BED4BCA582A5431B33B</styleUrl>
		<Point>
			<coordinates>104.615871066541,17.55015503659009,150.4122310743468</coordinates>
		</Point>
	</Placemark>
	<Placemark id="068B04E3D12A03488B1D">
		<name>md353-db-212-0302-288+645</name>
		<LookAt>
			<longitude>104.6158609416338</longitude>
			<latitude>17.55004558943414</latitude>
			<altitude>150.1007217978456</altitude>
			<heading>160.7522355253849</heading>
			<tilt>0</tilt>
			<gx:fovy>35</gx:fovy>
			<range>151.5373348973117</range>
			<altitudeMode>absolute</altitudeMode>
		</LookAt>
		<styleUrl>#__managed_style_0BED4BCA582A5431B33B</styleUrl>
		<Point>
			<coordinates>104.6161489665666,17.54984521499318,149.9433446406904</coordinates>
		</Point>
	</Placemark>
	<Placemark id="0D245435742A0348FD4A">
		<name>md354-db-212-0302-288+680</name>
		<LookAt>
			<longitude>104.6163963420923</longitude>
			<latitude>17.54967847662697</latitude>
			<altitude>148.7332256237812</altitude>
			<heading>133.491637918434</heading>
			<tilt>0</tilt>
			<gx:fovy>35</gx:fovy>
			<range>122.525041441113</range>
			<altitudeMode>absolute</altitudeMode>
		</LookAt>
		<styleUrl>#__managed_style_0BED4BCA582A5431B33B</styleUrl>
		<Point>
			<coordinates>104.6163240883691,17.54967349194541,148.9719706172785</coordinates>
		</Point>
	</Placemark>
	<Placemark id="04E0C67B932A034927A6">
		<name>md355-db-212-0302-288+715</name>
		<LookAt>
			<longitude>104.6163963421034</longitude>
			<latitude>17.5496784766481</latitude>
			<altitude>148.7332256237812</altitude>
			<heading>133.491637918434</heading>
			<tilt>0</tilt>
			<gx:fovy>35</gx:fovy>
			<range>122.5250298523133</range>
			<altitudeMode>absolute</altitudeMode>
		</LookAt>
		<styleUrl>#__managed_style_0BED4BCA582A5431B33B</styleUrl>
		<Point>
			<coordinates>104.6165543228267,17.54943299368265,150.1851710126901</coordinates>
		</Point>
	</Placemark>
	<Placemark id="001F1511B02A03494E9F">
		<name>md356-db-212-0302-288+750</name>
		<LookAt>
			<longitude>104.6167053102014</longitude>
			<latitude>17.5493518556861</latitude>
			<altitude>150.5356950807304</altitude>
			<heading>133.4917310816529</heading>
			<tilt>0</tilt>
			<gx:fovy>35</gx:fovy>
			<range>120.7225543053028</range>
			<altitudeMode>absolute</altitudeMode>
		</LookAt>
		<styleUrl>#__managed_style_0BED4BCA582A5431B33B</styleUrl>
		<Point>
			<coordinates>104.616788359464,17.54919814580717,150.9022472384024</coordinates>
		</Point>
	</Placemark>
	<Placemark id="07DEF7013E2A0363D7E0">
		<name>md357-db-212-0302-288+785</name>
		<LookAt>
			<longitude>104.6172910898613</longitude>
			<latitude>17.54910416687967</latitude>
			<altitude>151.0279623381488</altitude>
			<heading>133.4918297590848</heading>
			<tilt>0</tilt>
			<gx:fovy>35</gx:fovy>
			<range>180.8142354166012</range>
			<altitudeMode>absolute</altitudeMode>
		</LookAt>
		<styleUrl>#__managed_style_0BED4BCA582A5431B33B</styleUrl>
		<Point>
			<coordinates>104.6170360232842,17.54897135636973,151.1968819875155</coordinates>
		</Point>
	</Placemark>
	<Placemark id="056609E0B92A0363FE85">
		<name>md358-db-212-0302-288+820</name>
		<LookAt>
			<longitude>104.6172910898835</longitude>
			<latitude>17.54910416687967</latitude>
			<altitude>151.0279623395634</altitude>
			<heading>133.4918297590848</heading>
			<tilt>0</tilt>
			<gx:fovy>35</gx:fovy>
			<range>180.8142354166012</range>
			<altitudeMode>absolute</altitudeMode>
		</LookAt>
		<styleUrl>#__managed_style_0BED4BCA582A5431B33B</styleUrl>
		<Point>
			<coordinates>104.6172869285321,17.54874824515414,151.0115128350932</coordinates>
		</Point>
	</Placemark>
	<Placemark id="0111D18F4A2A03643297">
		<name>md359-db-212-0302-288+855</name>
		<LookAt>
			<longitude>104.6175266852495</longitude>
			<latitude>17.54887699847868</latitude>
			<altitude>150.7615162915552</altitude>
			<heading>133.4919007938787</heading>
			<tilt>0</tilt>
			<gx:fovy>35</gx:fovy>
			<range>181.0806619212417</range>
			<altitudeMode>absolute</altitudeMode>
		</LookAt>
		<styleUrl>#__managed_style_0BED4BCA582A5431B33B</styleUrl>
		<Point>
			<coordinates>104.6175359098559,17.54852913720986,149.7695052988578</coordinates>
		</Point>
	</Placemark>
	<Placemark id="0F2F75C6582A0364718B">
		<name>md360-db-212-0302-288+890</name>
		<LookAt>
			<longitude>104.6178163266643</longitude>
			<latitude>17.54858909319966</latitude>
			<altitude>148.8516265652141</altitude>
			<heading>133.491988124567</heading>
			<tilt>0</tilt>
			<gx:fovy>35</gx:fovy>
			<range>182.9905540524851</range>
			<altitudeMode>absolute</altitudeMode>
		</LookAt>
		<styleUrl>#__managed_style_0BED4BCA582A5431B33B</styleUrl>
		<Point>
			<coordinates>104.6177812545663,17.54832073608364,148.7983397842904</coordinates>
		</Point>
	</Placemark>
	<Placemark id="0B0343F8192A03649841">
		<name>md361-db-212-0302-288+925</name>
		<LookAt>
			<longitude>104.6179842908713</longitude>
			<latitude>17.54837216703701</latitude>
			<altitude>148.8353845767038</altitude>
			<heading>133.4920387674917</heading>
			<tilt>0</tilt>
			<gx:fovy>35</gx:fovy>
			<range>183.0068015496363</range>
			<altitudeMode>absolute</altitudeMode>
		</LookAt>
		<styleUrl>#__managed_style_0BED4BCA582A5431B33B</styleUrl>
		<Point>
			<coordinates>104.6180328470516,17.5481099225125,150.5591467038486</coordinates>
		</Point>
	</Placemark>
	<Placemark id="0CC15C81202A0364BE93">
		<name>md362-db-212-0302-288+960</name>
		<LookAt>
			<longitude>104.6182263568963</longitude>
			<latitude>17.54808680684087</latitude>
			<altitude>150.2696742477378</altitude>
			<heading>133.4921117528147</heading>
			<tilt>0</tilt>
			<gx:fovy>35</gx:fovy>
			<range>181.5725021684557</range>
			<altitudeMode>absolute</altitudeMode>
		</LookAt>
		<styleUrl>#__managed_style_0BED4BCA582A5431B33B</styleUrl>
		<Point>
			<coordinates>104.6183069663438,17.54787417923123,150.9029560095724</coordinates>
		</Point>
	</Placemark>
	<Placemark id="0D332AEC092A0364E71C">
		<name>md363-db-212-0302-288+995</name>
		<LookAt>
			<longitude>104.6186639700775</longitude>
			<latitude>17.54760244043053</latitude>
			<altitude>151.3246042259791</altitude>
			<heading>133.4922436939214</heading>
			<tilt>0</tilt>
			<gx:fovy>35</gx:fovy>
			<range>180.5175737335958</range>
			<altitudeMode>absolute</altitudeMode>
		</LookAt>
		<styleUrl>#__managed_style_0BED4BCA582A5431B33B</styleUrl>
		<Point>
			<coordinates>104.618575198008,17.54765048940575,151.2415414342851</coordinates>
		</Point>
	</Placemark>
	<Placemark id="06ACDB34332A03650816">
		<name>md364-db-212-0302-289+030</name>
		<LookAt>
			<longitude>104.6186639700775</longitude>
			<latitude>17.5476024404411</latitude>
			<altitude>151.3246042259791</altitude>
			<heading>133.4922436939214</heading>
			<tilt>0</tilt>
			<gx:fovy>35</gx:fovy>
			<range>180.5175737335958</range>
			<altitudeMode>absolute</altitudeMode>
		</LookAt>
		<styleUrl>#__managed_style_0BED4BCA582A5431B33B</styleUrl>
		<Point>
			<coordinates>104.6187935435109,17.5474587601108,152.5215983691182</coordinates>
		</Point>
	</Placemark>
	<Placemark id="0E201B6B132A03664ADF">
		<name>md365-db-212-0302-289+065</name>
		<LookAt>
			<longitude>104.618855732221</longitude>
			<latitude>17.54738462585588</latitude>
			<altitude>152.8844949913753</altitude>
			<heading>133.4923015096515</heading>
			<tilt>0</tilt>
			<gx:fovy>35</gx:fovy>
			<range>178.9576749414846</range>
			<altitudeMode>absolute</altitudeMode>
		</LookAt>
		<styleUrl>#__managed_style_0BED4BCA582A5431B33B</styleUrl>
		<Point>
			<coordinates>104.6190422687104,17.54725187658456,153.7186514024524</coordinates>
		</Point>
	</Placemark>
	<Placemark id="0CCCCBFEF22A03669025">
		<name>md366-db-212-0302-289+100</name>
		<LookAt>
			<longitude>104.6192476588107</longitude>
			<latitude>17.54699000207855</latitude>
			<altitude>153.8755039699766</altitude>
			<heading>133.4924196721916</heading>
			<tilt>0</tilt>
			<gx:fovy>35</gx:fovy>
			<range>177.9666587368592</range>
			<altitudeMode>absolute</altitudeMode>
		</LookAt>
		<styleUrl>#__managed_style_0BED4BCA582A5431B33B</styleUrl>
		<Point>
			<coordinates>104.6192906218671,17.54703390758534,154.3076551945164</coordinates>
		</Point>
	</Placemark>
	<Placemark id="05D4AAC4D32A0366B0ED">
		<name>md367-db-212-0302-289+135</name>
		<LookAt>
			<longitude>104.6192476588107</longitude>
			<latitude>17.54699000207855</latitude>
			<altitude>153.8755039699766</altitude>
			<heading>133.4924196721916</heading>
			<tilt>0</tilt>
			<gx:fovy>35</gx:fovy>
			<range>177.9666587368592</range>
			<altitudeMode>absolute</altitudeMode>
		</LookAt>
		<styleUrl>#__managed_style_0BED4BCA582A5431B33B</styleUrl>
		<Point>
			<coordinates>104.6195401762089,17.54681001036359,156.2139710594787</coordinates>
		</Point>
	</Placemark>
	<Placemark id="0538501A782A03745E15">
		<name>md368-db-212-0302-289+170</name>
		<LookAt>
			<longitude>104.6195703237792</longitude>
			<latitude>17.54668328000933</latitude>
			<altitude>156.4893603237519</altitude>
			<heading>133.4872419315842</heading>
			<tilt>0</tilt>
			<gx:fovy>35</gx:fovy>
			<range>108.5604103500555</range>
			<altitudeMode>absolute</altitudeMode>
		</LookAt>
		<styleUrl>#__managed_style_0BED4BCA582A5431B33B</styleUrl>
		<Point>
			<coordinates>104.6197740526631,17.546614397994,157.5175490645926</coordinates>
		</Point>
	</Placemark>
	<Placemark id="06FEA846952A0374D983">
		<name>md369-db-212-0302-289+205</name>
		<LookAt>
			<longitude>104.6198525308129</longitude>
			<latitude>17.54646706011068</latitude>
			<altitude>157.6209281858</altitude>
			<heading>133.4873270125355</heading>
			<tilt>0</tilt>
			<gx:fovy>35</gx:fovy>
			<range>107.4288451829125</range>
			<altitudeMode>absolute</altitudeMode>
		</LookAt>
		<styleUrl>#__managed_style_0BED4BCA582A5431B33B</styleUrl>
		<Point>
			<coordinates>104.6200222581002,17.54639740953105,158.2662115378658</coordinates>
		</Point>
	</Placemark>
	<Placemark id="0AECB79AA52A037507FB">
		<name>md370-db-212-0302-289+240</name>
		<LookAt>
			<longitude>104.6201602147918</longitude>
			<latitude>17.5462285051395</latitude>
			<altitude>158.3759462711693</altitude>
			<heading>133.4874197740051</heading>
			<tilt>0</tilt>
			<gx:fovy>35</gx:fovy>
			<range>106.6738232949683</range>
			<altitudeMode>absolute</altitudeMode>
		</LookAt>
		<styleUrl>#__managed_style_0BED4BCA582A5431B33B</styleUrl>
		<Point>
			<coordinates>104.6202658162009,17.54618989969759,158.9831137527023</coordinates>
		</Point>
	</Placemark>
	<Placemark id="075F36E31F2A03753524">
		<name>md371-db-212-0302-289+275</name>
		<LookAt>
			<longitude>104.6204285571197</longitude>
			<latitude>17.54598651335343</latitude>
			<altitude>158.825801001638</altitude>
			<heading>133.4875247560403</heading>
			<tilt>0</tilt>
			<gx:fovy>35</gx:fovy>
			<range>121.1173035887987</range>
			<altitudeMode>absolute</altitudeMode>
		</LookAt>
		<styleUrl>#__managed_style_0BED4BCA582A5431B33B</styleUrl>
		<Point>
			<coordinates>104.6205277387189,17.54600949071981,159.148099471766</coordinates>
		</Point>
	</Placemark>
	<Placemark id="064B785C842A03756658">
		<name>md372-db-212-0302-289+310</name>
		<LookAt>
			<longitude>104.6206117771105</longitude>
			<latitude>17.54580860639637</latitude>
			<altitude>159.048398115591</altitude>
			<heading>133.487579991946</heading>
			<tilt>0</tilt>
			<gx:fovy>35</gx:fovy>
			<range>120.8947059245475</range>
			<altitudeMode>absolute</altitudeMode>
		</LookAt>
		<styleUrl>#__managed_style_0BED4BCA582A5431B33B</styleUrl>
		<Point>
			<coordinates>104.6207655554651,17.54580549943876,159.3085827831636</coordinates>
		</Point>
	</Placemark>
	<Placemark id="00982B24522A0375A174">
		<name>md373-db-212-0302-289+345</name>
		<LookAt>
			<longitude>104.6208435986973</longitude>
			<latitude>17.54558407145096</latitude>
			<altitude>159.4873864266819</altitude>
			<heading>133.4876498799716</heading>
			<tilt>0</tilt>
			<gx:fovy>35</gx:fovy>
			<range>120.4557106038737</range>
			<altitudeMode>absolute</altitudeMode>
		</LookAt>
		<styleUrl>#__managed_style_0BED4BCA582A5431B33B</styleUrl>
		<Point>
			<coordinates>104.621015400784,17.54559578035002,160.5294702363648</coordinates>
		</Point>
	</Placemark>
	<Placemark id="010375C7512A0375CCCA">
		<name>md374-db-212-0302-289+380</name>
		<LookAt>
			<longitude>104.6209567598586</longitude>
			<latitude>17.54535468423586</latitude>
			<altitude>160.252719542508</altitude>
			<heading>133.4877421490248</heading>
			<tilt>0</tilt>
			<gx:fovy>35</gx:fovy>
			<range>167.8258795769761</range>
			<altitudeMode>absolute</altitudeMode>
		</LookAt>
		<styleUrl>#__managed_style_0BED4BCA582A5431B33B</styleUrl>
		<Point>
			<coordinates>104.6212653409945,17.54538069698945,161.7040555353201</coordinates>
		</Point>
	</Placemark>
	<Placemark id="0FB77B1E0E2A0375FF1A">
		<name>md375-db-212-0302-289+415</name>
		<LookAt>
			<longitude>104.621237494332</longitude>
			<latitude>17.5451240067147</latitude>
			<altitude>161.1581860537383</altitude>
			<heading>133.4878267801316</heading>
			<tilt>0</tilt>
			<gx:fovy>35</gx:fovy>
			<range>166.9204234803874</range>
			<altitudeMode>absolute</altitudeMode>
		</LookAt>
		<styleUrl>#__managed_style_0BED4BCA582A5431B33B</styleUrl>
		<Point>
			<coordinates>104.6215144852484,17.54515976663851,162.1246472174942</coordinates>
		</Point>
	</Placemark>
	<Placemark id="083D5A1D992A0376256B">
		<name>md376-db-212-0302-289+450</name>
		<LookAt>
			<longitude>104.6215442049038</longitude>
			<latitude>17.54487633649492</latitude>
			<altitude>162.8656536686019</altitude>
			<heading>133.4879192425692</heading>
			<tilt>0</tilt>
			<gx:fovy>35</gx:fovy>
			<range>165.2129529131525</range>
			<altitudeMode>absolute</altitudeMode>
		</LookAt>
		<styleUrl>#__managed_style_0BED4BCA582A5431B33B</styleUrl>
		<Point>
			<coordinates>104.6217646703926,17.54493853174466,163.8644244208802</coordinates>
		</Point>
	</Placemark>
	<Placemark id="0983B1337D2A037649D9">
		<name>md377-db-212-0302-289+485</name>
		<LookAt>
			<longitude>104.6217682329036</longitude>
			<latitude>17.5446648221733</latitude>
			<altitude>164.4169148750584</altitude>
			<heading>133.4879867777756</heading>
			<tilt>0</tilt>
			<gx:fovy>35</gx:fovy>
			<range>163.6616877768029</range>
			<altitudeMode>absolute</altitudeMode>
		</LookAt>
		<styleUrl>#__managed_style_0BED4BCA582A5431B33B</styleUrl>
		<Point>
			<coordinates>104.6220379352501,17.5447294579869,166.0067950537751</coordinates>
		</Point>
	</Placemark>
	<Placemark id="0156C306232A03766B37">
		<name>md378-db-212-0302-289+520</name>
		<LookAt>
			<longitude>104.6220504525492</longitude>
			<latitude>17.54445982022935</latitude>
			<altitude>165.4553293665705</altitude>
			<heading>133.4880718540851</heading>
			<tilt>0</tilt>
			<gx:fovy>35</gx:fovy>
			<range>162.6232733814868</range>
			<altitudeMode>absolute</altitudeMode>
		</LookAt>
		<styleUrl>#__managed_style_0BED4BCA582A5431B33B</styleUrl>
		<Point>
			<coordinates>104.6223201762722,17.54453583087637,166.6136597878364</coordinates>
		</Point>
	</Placemark>
	<Placemark id="09EFF7AE1F2A03768C96">
		<name>md379-db-212-0302-289+555</name>
		<LookAt>
			<longitude>104.6223210393421</longitude>
			<latitude>17.54425653088156</latitude>
			<altitude>165.2478863269968</altitude>
			<heading>133.4881534232863</heading>
			<tilt>0</tilt>
			<gx:fovy>35</gx:fovy>
			<range>162.8307128957567</range>
			<altitudeMode>absolute</altitudeMode>
		</LookAt>
		<styleUrl>#__managed_style_0BED4BCA582A5431B33B</styleUrl>
		<Point>
			<coordinates>104.6226040115553,17.54436481808354,167.0175911462649</coordinates>
		</Point>
	</Placemark>
	<Placemark id="07DFD777612A0376AE25">
		<name>md380-db-212-0302-289+590</name>
		<LookAt>
			<longitude>104.6227436010426</longitude>
			<latitude>17.54399672309174</latitude>
			<altitude>167.0259721077037</altitude>
			<heading>133.4882808035314</heading>
			<tilt>0</tilt>
			<gx:fovy>35</gx:fovy>
			<range>161.0526317720724</range>
			<altitudeMode>absolute</altitudeMode>
		</LookAt>
		<styleUrl>#__managed_style_0BED4BCA582A5431B33B</styleUrl>
		<Point>
			<coordinates>104.622899921869,17.54420313372498,167.667904036128</coordinates>
		</Point>
	</Placemark>
	<Placemark id="0C108DF5732A0376D8D5">
		<name>md381-db-212-0302-289+625</name>
		<LookAt>
			<longitude>104.622872154928</longitude>
			<latitude>17.54397091329808</latitude>
			<altitude>167.4090479446182</altitude>
			<heading>133.4883195536801</heading>
			<tilt>0</tilt>
			<gx:fovy>35</gx:fovy>
			<range>160.6695524098541</range>
			<altitudeMode>absolute</altitudeMode>
		</LookAt>
		<styleUrl>#__managed_style_0BED4BCA582A5431B33B</styleUrl>
		<Point>
			<coordinates>104.623207869649,17.54405601757902,167.2295949228834</coordinates>
		</Point>
	</Placemark>
	<Placemark id="057E8E7F3D2A0376FEE4">
		<name>md382-db-212-0302-289+660</name>
		<LookAt>
			<longitude>104.6231513567828</longitude>
			<latitude>17.54382084249639</latitude>
			<altitude>168.2906137801795</altitude>
			<heading>133.4884037171799</heading>
			<tilt>0</tilt>
			<gx:fovy>35</gx:fovy>
			<range>159.7879808294056</range>
			<altitudeMode>absolute</altitudeMode>
		</LookAt>
		<styleUrl>#__managed_style_0BED4BCA582A5431B33B</styleUrl>
		<Point>
			<coordinates>104.6235085193005,17.54390796635536,168.14052006007</coordinates>
		</Point>
	</Placemark>
	<Placemark id="0D44D479112A03773029">
		<name>md383-db-212-0302-289+695</name>
		<LookAt>
			<longitude>104.6236092915757</longitude>
			<latitude>17.54370602869269</latitude>
			<altitude>168.9020286813829</altitude>
			<heading>133.4885417569716</heading>
			<tilt>0</tilt>
			<gx:fovy>35</gx:fovy>
			<range>159.1765557582949</range>
			<altitudeMode>absolute</altitudeMode>
		</LookAt>
		<styleUrl>#__managed_style_0BED4BCA582A5431B33B</styleUrl>
		<Point>
			<coordinates>104.6238017571367,17.54376414668454,169.9936872262149</coordinates>
		</Point>
	</Placemark>
	<Placemark id="00CC83FF542A03774EB9">
		<name>md384-db-212-0302-289+730</name>
		<LookAt>
			<longitude>104.6236092915646</longitude>
			<latitude>17.54370602867155</latitude>
			<altitude>168.9020098170465</altitude>
			<heading>133.4885417569716</heading>
			<tilt>0</tilt>
			<gx:fovy>35</gx:fovy>
			<range>159.1765557582949</range>
			<altitudeMode>absolute</altitudeMode>
		</LookAt>
		<styleUrl>#__managed_style_0BED4BCA582A5431B33B</styleUrl>
		<Point>
			<coordinates>104.6241122413769,17.54361627136095,171.9864620055291</coordinates>
		</Point>
	</Placemark>
	<Placemark id="09A348A0072A0377768B">
		<name>md385-db-212-0302-289+765</name>
		<LookAt>
			<longitude>104.6243829934461</longitude>
			<latitude>17.5434638598283</latitude>
			<altitude>171.6037769831262</altitude>
			<heading>133.4887749770363</heading>
			<tilt>0</tilt>
			<gx:fovy>35</gx:fovy>
			<range>156.4747777673256</range>
			<altitudeMode>absolute</altitudeMode>
		</LookAt>
		<styleUrl>#__managed_style_0BED4BCA582A5431B33B</styleUrl>
		<Point>
			<coordinates>104.624411430256,17.5434636403758,171.8288238552947</coordinates>
		</Point>
	</Placemark>
	<Placemark id="06006234DC2A0378F322">
		<name>md386-db-212-0302-289+800</name>
		<LookAt>
			<longitude>104.6245452587246</longitude>
			<latitude>17.54336079463911</latitude>
			<altitude>171.3714435770347</altitude>
			<heading>133.4888238886155</heading>
			<tilt>0</tilt>
			<gx:fovy>35</gx:fovy>
			<range>156.7071100233079</range>
			<altitudeMode>absolute</altitudeMode>
		</LookAt>
		<styleUrl>#__managed_style_0BED4BCA582A5431B33B</styleUrl>
		<Point>
			<coordinates>104.6247018736116,17.54332465265033,171.9764160267997</coordinates>
		</Point>
	</Placemark>
	<Placemark id="013599C8E12A03791D1A">
		<name>md387-db-212-0302-289+835</name>
		<LookAt>
			<longitude>104.6250545908556</longitude>
			<latitude>17.54313040225345</latitude>
			<altitude>171.3338428959773</altitude>
			<heading>133.4889774153424</heading>
			<tilt>0</tilt>
			<gx:fovy>35</gx:fovy>
			<range>156.7447040894695</range>
			<altitudeMode>absolute</altitudeMode>
		</LookAt>
		<styleUrl>#__managed_style_0BED4BCA582A5431B33B</styleUrl>
		<Point>
			<coordinates>104.625019893999,17.54316664716732,171.6668745041456</coordinates>
		</Point>
	</Placemark>
	<Placemark id="0811741D902A037941DB">
		<name>md388-db-212-0302-289+870</name>
		<LookAt>
			<longitude>104.6250545908779</longitude>
			<latitude>17.54313040226402</latitude>
			<altitude>171.3338428959773</altitude>
			<heading>133.4889774153424</heading>
			<tilt>0</tilt>
			<gx:fovy>35</gx:fovy>
			<range>156.7447040894695</range>
			<altitudeMode>absolute</altitudeMode>
		</LookAt>
		<styleUrl>#__managed_style_0BED4BCA582A5431B33B</styleUrl>
		<Point>
			<coordinates>104.6253194631187,17.54302394239696,170.9412944151313</coordinates>
		</Point>
	</Placemark>
	<Placemark id="075AB1EA122A037964B9">
		<name>md389-db-212-0302-289+905</name>
		<LookAt>
			<longitude>104.625549663413</longitude>
			<latitude>17.5428440707638</latitude>
			<altitude>170.0219821640788</altitude>
			<heading>133.4891266428779</heading>
			<tilt>0</tilt>
			<gx:fovy>35</gx:fovy>
			<range>158.0565562132324</range>
			<altitudeMode>absolute</altitudeMode>
		</LookAt>
		<styleUrl>#__managed_style_0BED4BCA582A5431B33B</styleUrl>
		<Point>
			<coordinates>104.6256189749396,17.54287693370093,170.4460255426844</coordinates>
		</Point>
	</Placemark>
	<Placemark id="00A199A3FE2A037987FA">
		<name>md390-db-212-0302-289+940</name>
		<LookAt>
			<longitude>104.6259795034198</longitude>
			<latitude>17.54260794443541</latitude>
			<altitude>170.480292726176</altitude>
			<heading>133.4892562051168</heading>
			<tilt>0</tilt>
			<gx:fovy>35</gx:fovy>
			<range>157.5982423634923</range>
			<altitudeMode>absolute</altitudeMode>
		</LookAt>
		<styleUrl>#__managed_style_0BED4BCA582A5431B33B</styleUrl>
		<Point>
			<coordinates>104.6259258166698,17.54273099946944,170.9379208383882</coordinates>
		</Point>
	</Placemark>
	<Placemark id="0A760566FC2A0379A6DE">
		<name>md391-db-212-0302-289+975</name>
		<LookAt>
			<longitude>104.6259795034198</longitude>
			<latitude>17.54260794445654</latitude>
			<altitude>170.480292726176</altitude>
			<heading>133.4892562051168</heading>
			<tilt>0</tilt>
			<gx:fovy>35</gx:fovy>
			<range>157.5982423634923</range>
			<altitudeMode>absolute</altitudeMode>
		</LookAt>
		<styleUrl>#__managed_style_0BED4BCA582A5431B33B</styleUrl>
		<Point>
			<coordinates>104.6262254085682,17.54257974746995,169.9046855358263</coordinates>
		</Point>
	</Placemark>
	<Placemark id="0383AE04AE2A0379CBC1">
		<name>md392-db-212-0302-290+010</name>
		<LookAt>
			<longitude>104.6263916090538</longitude>
			<latitude>17.54238605469067</latitude>
			<altitude>168.9964351715193</altitude>
			<heading>133.489380421265</heading>
			<tilt>0</tilt>
			<gx:fovy>35</gx:fovy>
			<range>159.0820954521041</range>
			<altitudeMode>absolute</altitudeMode>
		</LookAt>
		<styleUrl>#__managed_style_0BED4BCA582A5431B33B</styleUrl>
		<Point>
			<coordinates>104.6265284710539,17.54243042390929,168.9739679740185</coordinates>
		</Point>
	</Placemark>
	<Placemark id="087BD546612A037A13E6">
		<name>md393-db-212-0302-290+045</name>
		<LookAt>
			<longitude>104.6267412819737</longitude>
			<latitude>17.54218853017293</latitude>
			<altitude>169.8270354593281</altitude>
			<heading>133.4894858172168</heading>
			<tilt>0</tilt>
			<gx:fovy>35</gx:fovy>
			<range>158.2515030014474</range>
			<altitudeMode>absolute</altitudeMode>
		</LookAt>
		<styleUrl>#__managed_style_0BED4BCA582A5431B33B</styleUrl>
		<Point>
			<coordinates>104.6268675708879,17.54226928580604,169.2834370068935</coordinates>
		</Point>
	</Placemark>
	<Placemark id="085711FE612A037ACD3D">
		<name>md394-db-212-0302-290+437</name>
		<LookAt>
			<longitude>104.6300460860263</longitude>
			<latitude>17.54077390029421</latitude>
			<altitude>176.201962041628</altitude>
			<heading>121.1178701125109</heading>
			<tilt>0</tilt>
			<gx:fovy>35</gx:fovy>
			<range>167.5646332657925</range>
			<altitudeMode>absolute</altitudeMode>
		</LookAt>
		<styleUrl>#__managed_style_0BED4BCA582A5431B33B</styleUrl>
		<Point>
			<coordinates>104.6301564392697,17.54066859611739,176.8004745733148</coordinates>
		</Point>
	</Placemark>
	<Placemark id="094011033E2A037BEF3E">
		<name>md395-db-212-0302-290+472</name>
		<LookAt>
			<longitude>104.6303903297879</longitude>
			<latitude>17.54058678477291</latitude>
			<altitude>176.8408333103714</altitude>
			<heading>121.1179738633502</heading>
			<tilt>0</tilt>
			<gx:fovy>35</gx:fovy>
			<range>166.9257543282402</range>
			<altitudeMode>absolute</altitudeMode>
		</LookAt>
		<styleUrl>#__managed_style_0BED4BCA582A5431B33B</styleUrl>
		<Point>
			<coordinates>104.6305286310071,17.54047312391519,176.9634777574628</coordinates>
		</Point>
	</Placemark>
	<Placemark id="07AB21675C2A037C19EE">
		<name>md-396db-212-0302-290+507</name>
		<LookAt>
			<longitude>104.6308446425879</longitude>
			<latitude>17.5403351618107</latitude>
			<altitude>176.2894876720519</altitude>
			<heading>121.118110785023</heading>
			<tilt>0</tilt>
			<gx:fovy>35</gx:fovy>
			<range>167.4771030618104</range>
			<altitudeMode>absolute</altitudeMode>
		</LookAt>
		<styleUrl>#__managed_style_0BED4BCA582A5431B33B</styleUrl>
		<Point>
			<coordinates>104.6308733145893,17.54030102211077,176.3990392326433</coordinates>
		</Point>
	</Placemark>
	<Placemark id="03F86BC70F2A037C3C24">
		<name>md397-db-212-0302-290+542</name>
		<LookAt>
			<longitude>104.6311863041223</longitude>
			<latitude>17.54017690121588</latitude>
			<altitude>176.5888999620369</altitude>
			<heading>121.1182137544131</heading>
			<tilt>0</tilt>
			<gx:fovy>35</gx:fovy>
			<range>167.1776832444812</range>
			<altitudeMode>absolute</altitudeMode>
		</LookAt>
		<styleUrl>#__managed_style_0BED4BCA582A5431B33B</styleUrl>
		<Point>
			<coordinates>104.6311661771788,17.54015877984793,176.705237671422</coordinates>
		</Point>
	</Placemark>
	<Placemark id="0216364BC52A037C5FFC">
		<name>md398-db-212-0302-290+577</name>
		<LookAt>
			<longitude>104.6313109272972</longitude>
			<latitude>17.54009635415901</latitude>
			<altitude>176.381256837423</altitude>
			<heading>121.1182513130495</heading>
			<tilt>0</tilt>
			<gx:fovy>35</gx:fovy>
			<range>167.3853313571454</range>
			<altitudeMode>absolute</altitudeMode>
		</LookAt>
		<styleUrl>#__managed_style_0BED4BCA582A5431B33B</styleUrl>
		<Point>
			<coordinates>104.6314674142228,17.54001179591656,176.2333415601387</coordinates>
		</Point>
	</Placemark>
	<Placemark id="0B02F3565A2A037C845A">
		<name>md399-db-212-0302-290+612</name>
		<LookAt>
			<longitude>104.6316097401517</longitude>
			<latitude>17.53991661959666</latitude>
			<altitude>175.434673464394</altitude>
			<heading>121.1183413675773</heading>
			<tilt>0</tilt>
			<gx:fovy>35</gx:fovy>
			<range>168.3319045149983</range>
			<altitudeMode>absolute</altitudeMode>
		</LookAt>
		<styleUrl>#__managed_style_0BED4BCA582A5431B33B</styleUrl>
		<Point>
			<coordinates>104.6317402347631,17.53991245871268,175.4273218837016</coordinates>
		</Point>
	</Placemark>
	<Placemark id="0A1EE7B5DC2A037CA4CE">
		<name>md400-db-212-0302-290+647</name>
		<LookAt>
			<longitude>104.6316097401517</longitude>
			<latitude>17.53991661961779</latitude>
			<altitude>175.434673464394</altitude>
			<heading>121.1183413675773</heading>
			<tilt>0</tilt>
			<gx:fovy>35</gx:fovy>
			<range>168.3319045149983</range>
			<altitudeMode>absolute</altitudeMode>
		</LookAt>
		<styleUrl>#__managed_style_0BED4BCA582A5431B33B</styleUrl>
		<Point>
			<coordinates>104.6320412254187,17.53976675020313,175.7199859163459</coordinates>
		</Point>
	</Placemark>
	<Placemark id="049F0041682A037CC63C">
		<name>md401-db-212-0302-290+682</name>
		<LookAt>
			<longitude>104.6322968046872</longitude>
			<latitude>17.53952777795123</latitude>
			<altitude>175.9141816528302</altitude>
			<heading>121.11854842998</heading>
			<tilt>0</tilt>
			<gx:fovy>35</gx:fovy>
			<range>167.852383161844</range>
			<altitudeMode>absolute</altitudeMode>
		</LookAt>
		<styleUrl>#__managed_style_0BED4BCA582A5431B33B</styleUrl>
		<Point>
			<coordinates>104.6323454152907,17.53961640269464,176.7343784946592</coordinates>
		</Point>
	</Placemark>
	<Placemark id="0415656C062A037CE7DD">
		<name>md402-db-212-0302-290+717</name>
		<LookAt>
			<longitude>104.6325454910192</longitude>
			<latitude>17.53940986536109</latitude>
			<altitude>176.7487085094661</altitude>
			<heading>121.1186233758503</heading>
			<tilt>0</tilt>
			<gx:fovy>35</gx:fovy>
			<range>167.0178505192962</range>
			<altitudeMode>absolute</altitudeMode>
		</LookAt>
		<styleUrl>#__managed_style_0BED4BCA582A5431B33B</styleUrl>
		<Point>
			<coordinates>104.6326639711186,17.53945796680744,177.1726187040213</coordinates>
		</Point>
	</Placemark>
	<Placemark id="0E3460D9752A037D0862">
		<name>md403-db-212-0302-290+752</name>
		<LookAt>
			<longitude>104.6325454910081</longitude>
			<latitude>17.53940986533996</latitude>
			<altitude>176.7487085094661</altitude>
			<heading>121.1186233758503</heading>
			<tilt>0</tilt>
			<gx:fovy>35</gx:fovy>
			<range>167.0178505192962</range>
			<altitudeMode>absolute</altitudeMode>
		</LookAt>
		<styleUrl>#__managed_style_0BED4BCA582A5431B33B</styleUrl>
		<Point>
			<coordinates>104.6329415560098,17.53931587944531,176.997057742326</coordinates>
		</Point>
	</Placemark>
	<Placemark id="05DA114A812A037D2C29">
		<name>md404-db-212-0302-290+787</name>
		<LookAt>
			<longitude>104.6331914218552</longitude>
			<latitude>17.53912269729732</latitude>
			<altitude>176.7094501023906</altitude>
			<heading>121.1188180368645</heading>
			<tilt>0</tilt>
			<gx:fovy>35</gx:fovy>
			<range>167.057101783812</range>
			<altitudeMode>absolute</altitudeMode>
		</LookAt>
		<styleUrl>#__managed_style_0BED4BCA582A5431B33B</styleUrl>
		<Point>
			<coordinates>104.6332460187138,17.53916258667417,177.1726131113254</coordinates>
		</Point>
	</Placemark>
	<Placemark id="0728B694702A037D4D23">
		<name>md405-db-212-0302-290+822</name>
		<LookAt>
			<longitude>104.6331914218552</longitude>
			<latitude>17.53912269729732</latitude>
			<altitude>176.7094501023906</altitude>
			<heading>121.1188180368645</heading>
			<tilt>0</tilt>
			<gx:fovy>35</gx:fovy>
			<range>167.057101783812</range>
			<altitudeMode>absolute</altitudeMode>
		</LookAt>
		<styleUrl>#__managed_style_0BED4BCA582A5431B33B</styleUrl>
		<Point>
			<coordinates>104.6335460664084,17.53901212467805,174.6252171028673</coordinates>
		</Point>
	</Placemark>
	<Placemark id="08B7DA4B572A037D7558">
		<name>md406-db-212-0302-290+857</name>
		<LookAt>
			<longitude>104.6337493234116</longitude>
			<latitude>17.53884828645579</latitude>
			<altitude>172.8078412354523</altitude>
			<heading>121.1189861659851</heading>
			<tilt>0</tilt>
			<gx:fovy>35</gx:fovy>
			<range>170.9587029720387</range>
			<altitudeMode>absolute</altitudeMode>
		</LookAt>
		<styleUrl>#__managed_style_0BED4BCA582A5431B33B</styleUrl>
		<Point>
			<coordinates>104.6338452068368,17.53886842605245,173.0349010539239</coordinates>
		</Point>
	</Placemark>
	<Placemark id="0D86C9A8A72A037D9216">
		<name>md407-db-212-0302-290+892</name>
		<LookAt>
			<longitude>104.6337493233894</longitude>
			<latitude>17.53884828645579</latitude>
			<altitude>172.8078412354523</altitude>
			<heading>121.1189861659851</heading>
			<tilt>0</tilt>
			<gx:fovy>35</gx:fovy>
			<range>170.9587029720387</range>
			<altitudeMode>absolute</altitudeMode>
		</LookAt>
		<styleUrl>#__managed_style_0BED4BCA582A5431B33B</styleUrl>
		<Point>
			<coordinates>104.6341532907981,17.53871607880749,172.592807336904</coordinates>
		</Point>
	</Placemark>
	<Placemark id="02F671101E2A037DB9C6">
		<name>md408-db-212-0302-290+927</name>
		<LookAt>
			<longitude>104.6343469880179</longitude>
			<latitude>17.53853795755517</latitude>
			<altitude>172.5055101622567</altitude>
			<heading>121.119166274204</heading>
			<tilt>0</tilt>
			<gx:fovy>35</gx:fovy>
			<range>171.2610199892879</range>
			<altitudeMode>absolute</altitudeMode>
		</LookAt>
		<styleUrl>#__managed_style_0BED4BCA582A5431B33B</styleUrl>
		<Point>
			<coordinates>104.6344518091843,17.53857421296726,173.2154412526542</coordinates>
		</Point>
	</Placemark>
	<Placemark id="09FB8B92652A037DDC40">
		<name>md409-db-212-0302-290+962</name>
		<LookAt>
			<longitude>104.6346700176745</longitude>
			<latitude>17.53835312713878</latitude>
			<altitude>175.019758768324</altitude>
			<heading>121.1192636194109</heading>
			<tilt>0</tilt>
			<gx:fovy>35</gx:fovy>
			<range>168.7467603659389</range>
			<altitudeMode>absolute</altitudeMode>
		</LookAt>
		<styleUrl>#__managed_style_0BED4BCA582A5431B33B</styleUrl>
		<Point>
			<coordinates>104.6347522021735,17.53842679995909,175.1442703413322</coordinates>
		</Point>
	</Placemark>
	<Placemark id="02D40FD0F62A037DFE23">
		<name>md410-db-212-0302-290+997</name>
		<LookAt>
			<longitude>104.6348591833197</longitude>
			<latitude>17.53826755122045</latitude>
			<altitude>175.3642605838384</altitude>
			<heading>121.1193206235997</heading>
			<tilt>0</tilt>
			<gx:fovy>35</gx:fovy>
			<range>168.4022485290552</range>
			<altitudeMode>absolute</altitudeMode>
		</LookAt>
		<styleUrl>#__managed_style_0BED4BCA582A5431B33B</styleUrl>
		<Point>
			<coordinates>104.635046597358,17.53827187777379,175.073026934611</coordinates>
		</Point>
	</Placemark>
	<Placemark id="0D322D79142A037ECC34">
		<name>md411-db-212-0302-291+032</name>
		<LookAt>
			<longitude>104.6350288741382</longitude>
			<latitude>17.53820228711738</latitude>
			<altitude>174.9569709218563</altitude>
			<heading>121.1193717592429</heading>
			<tilt>0</tilt>
			<gx:fovy>35</gx:fovy>
			<range>168.8095368938048</range>
			<altitudeMode>absolute</altitudeMode>
		</LookAt>
		<styleUrl>#__managed_style_0BED4BCA582A5431B33B</styleUrl>
		<Point>
			<coordinates>104.6353421919288,17.53812466441084,174.2047266259703</coordinates>
		</Point>
	</Placemark>
	<Placemark id="0C0EB4FF972A037F34DD">
		<name>md412-db-212-0302-291+067</name>
		<LookAt>
			<longitude>104.635464885996</longitude>
			<latitude>17.53792892119907</latitude>
			<altitude>173.8545676223624</altitude>
			<heading>121.1195031488163</heading>
			<tilt>0</tilt>
			<gx:fovy>35</gx:fovy>
			<range>169.9119446409532</range>
			<altitudeMode>absolute</altitudeMode>
		</LookAt>
		<styleUrl>#__managed_style_0BED4BCA582A5431B33B</styleUrl>
		<Point>
			<coordinates>104.6356459360384,17.53797957105098,174.5876316657644</coordinates>
		</Point>
	</Placemark>
	<Placemark id="013B3647942A037F569F">
		<name>md413-db-212-0302-291+102</name>
		<LookAt>
			<longitude>104.6360397726227</longitude>
			<latitude>17.53763240706281</latitude>
			<altitude>175.1202005403857</altitude>
			<heading>121.1196763833493</heading>
			<tilt>0</tilt>
			<gx:fovy>35</gx:fovy>
			<range>168.6463318279129</range>
			<altitudeMode>absolute</altitudeMode>
		</LookAt>
		<styleUrl>#__managed_style_0BED4BCA582A5431B33B</styleUrl>
		<Point>
			<coordinates>104.6359508178752,17.53783132502454,175.1294396902027</coordinates>
		</Point>
	</Placemark>
	<Placemark id="0DC0B9BA7D2A037F826A">
		<name>md414-db-212-0302-291+137</name>
		<LookAt>
			<longitude>104.6360397726227</longitude>
			<latitude>17.53763240705224</latitude>
			<altitude>175.1202194047221</altitude>
			<heading>121.1196763833493</heading>
			<tilt>0</tilt>
			<gx:fovy>35</gx:fovy>
			<range>168.646331827913</range>
			<altitudeMode>absolute</altitudeMode>
		</LookAt>
		<styleUrl>#__managed_style_0BED4BCA582A5431B33B</styleUrl>
		<Point>
			<coordinates>104.6363022739902,17.53768817992972,175.0290173608004</coordinates>
		</Point>
	</Placemark>
	<Placemark id="003A4B2A192A03801DC7">
		<name>md415-db-212-0302-291+172</name>
		<LookAt>
			<longitude>104.6364608332369</longitude>
			<latitude>17.53753291178329</latitude>
			<altitude>174.4129333769681</altitude>
			<heading>150.4089685180381</heading>
			<tilt>0</tilt>
			<gx:fovy>35</gx:fovy>
			<range>175.079958269398</range>
			<altitudeMode>absolute</altitudeMode>
		</LookAt>
		<styleUrl>#__managed_style_0BED4BCA582A5431B33B</styleUrl>
		<Point>
			<coordinates>104.6366313742324,17.53752196416247,174.923895072266</coordinates>
		</Point>
	</Placemark>
	<Placemark id="0D68F942CC2A038043B5">
		<name>md416-db-212-0302-291+207</name>
		<LookAt>
			<longitude>104.6367852498721</longitude>
			<latitude>17.53727837893562</latitude>
			<altitude>174.1358303114967</altitude>
			<heading>150.4090662756915</heading>
			<tilt>0</tilt>
			<gx:fovy>35</gx:fovy>
			<range>175.3570580585438</range>
			<altitudeMode>absolute</altitudeMode>
		</LookAt>
		<styleUrl>#__managed_style_0BED4BCA582A5431B33B</styleUrl>
		<Point>
			<coordinates>104.6368733239686,17.53740914375978,175.1613940374208</coordinates>
		</Point>
	</Placemark>
	<Placemark id="015205C7772A0380692E">
		<name>md417-db-212-0302-291+242</name>
		<LookAt>
			<longitude>104.63678524985</longitude>
			<latitude>17.53727837894619</latitude>
			<altitude>174.1358303114967</altitude>
			<heading>150.4090662756915</heading>
			<tilt>0</tilt>
			<gx:fovy>35</gx:fovy>
			<range>175.3570580585438</range>
			<altitudeMode>absolute</altitudeMode>
		</LookAt>
		<styleUrl>#__managed_style_0BED4BCA582A5431B33B</styleUrl>
		<Point>
			<coordinates>104.6371808714292,17.53726153890614,176.072745880732</coordinates>
		</Point>
	</Placemark>
	<Placemark id="08BBD115622A03808EFA">
		<name>md418-db-212-0302-291+277</name>
		<LookAt>
			<longitude>104.6372467312372</longitude>
			<latitude>17.53715566734637</latitude>
			<altitude>176.1205576400928</altitude>
			<heading>150.4092053339942</heading>
			<tilt>0</tilt>
			<gx:fovy>35</gx:fovy>
			<range>173.372313870168</range>
			<altitudeMode>absolute</altitudeMode>
		</LookAt>
		<styleUrl>#__managed_style_0BED4BCA582A5431B33B</styleUrl>
		<Point>
			<coordinates>104.6374848231948,17.53714547558904,177.1560020115175</coordinates>
		</Point>
	</Placemark>
	<Placemark id="0F1C9D397A2A0380BD0D">
		<name>md419-db-212-0302-291+312</name>
		<LookAt>
			<longitude>104.6375757029714</longitude>
			<latitude>17.53695370018183</latitude>
			<altitude>177.6876025880039</altitude>
			<heading>150.4093044616489</heading>
			<tilt>0</tilt>
			<gx:fovy>35</gx:fovy>
			<range>171.8052647886543</range>
			<altitudeMode>absolute</altitudeMode>
		</LookAt>
		<styleUrl>#__managed_style_0BED4BCA582A5431B33B</styleUrl>
		<Point>
			<coordinates>104.6378156946267,17.53706402914352,176.5765944839709</coordinates>
		</Point>
	</Placemark>
	<Placemark id="04C7590F0E2A0380DCCA">
		<name>md420-db-212-0302-291+347</name>
		<LookAt>
			<longitude>104.6375757029728</longitude>
			<latitude>17.53695370017919</latitude>
			<altitude>177.6876025865892</altitude>
			<heading>150.4093044616489</heading>
			<tilt>0</tilt>
			<gx:fovy>35</gx:fovy>
			<range>171.8052647886543</range>
			<altitudeMode>absolute</altitudeMode>
		</LookAt>
		<styleUrl>#__managed_style_0BED4BCA582A5431B33B</styleUrl>
		<Point>
			<coordinates>104.6381533434641,17.53700963153073,175.3603019593849</coordinates>
		</Point>
	</Placemark>
	<Placemark id="0394EE752C2A0380FFA8">
		<name>md421-db-212-0302-291+382</name>
		<LookAt>
			<longitude>104.6381417471868</longitude>
			<latitude>17.5368453150419</latitude>
			<altitude>175.5000992014863</altitude>
			<heading>150.409475025049</heading>
			<tilt>0</tilt>
			<gx:fovy>35</gx:fovy>
			<range>173.9927782050291</range>
			<altitudeMode>absolute</altitudeMode>
		</LookAt>
		<styleUrl>#__managed_style_0BED4BCA582A5431B33B</styleUrl>
		<Point>
			<coordinates>104.638492821254,17.5370044804101,176.020140407021</coordinates>
		</Point>
	</Placemark>
	<Placemark id="017C5FB4772A03811C97">
		<name>md422-db-212-0302-291+417</name>
		<LookAt>
			<longitude>104.6381417471646</longitude>
			<latitude>17.5368453150419</latitude>
			<altitude>175.5000992014863</altitude>
			<heading>150.409475025049</heading>
			<tilt>0</tilt>
			<gx:fovy>35</gx:fovy>
			<range>173.992778205029</range>
			<altitudeMode>absolute</altitudeMode>
		</LookAt>
		<styleUrl>#__managed_style_0BED4BCA582A5431B33B</styleUrl>
		<Point>
			<coordinates>104.6388299370302,17.53700688449142,176.7963684157276</coordinates>
		</Point>
	</Placemark>
	<Placemark id="03C0217EF22A03814242">
		<name>md423-db-212-0302-291+452</name>
		<LookAt>
			<longitude>104.638874333114</longitude>
			<latitude>17.53695326880841</latitude>
			<altitude>176.6655940554833</altitude>
			<heading>150.4096957703742</heading>
			<tilt>0</tilt>
			<gx:fovy>35</gx:fovy>
			<range>172.8272694436237</range>
			<altitudeMode>absolute</altitudeMode>
		</LookAt>
		<styleUrl>#__managed_style_0BED4BCA582A5431B33B</styleUrl>
		<Point>
			<coordinates>104.6391714661537,17.53701878671796,175.4155766969637</coordinates>
		</Point>
	</Placemark>
	<Placemark id="00AFFC4D8F2A03815C21">
		<name>md424-db-212-0302-291+487</name>
		<LookAt>
			<longitude>104.6388743330919</longitude>
			<latitude>17.53695326878992</latitude>
			<altitude>176.6656129198197</altitude>
			<heading>150.4096957703742</heading>
			<tilt>0</tilt>
			<gx:fovy>35</gx:fovy>
			<range>172.8272462660243</range>
			<altitudeMode>absolute</altitudeMode>
		</LookAt>
		<styleUrl>#__managed_style_0BED4BCA582A5431B33B</styleUrl>
		<Point>
			<coordinates>104.6395478424123,17.53703768403023,174.1246069863537</coordinates>
		</Point>
	</Placemark>
	<Placemark id="0A8A13EAA42A0381862A">
		<name>md425-db-212-0302-291+522</name>
		<LookAt>
			<longitude>104.6397104035944</longitude>
			<latitude>17.53699893211323</latitude>
			<altitude>174.7158937550891</altitude>
			<heading>150.4099476974222</heading>
			<tilt>0</tilt>
			<gx:fovy>35</gx:fovy>
			<range>174.7769691017675</range>
			<altitudeMode>absolute</altitudeMode>
		</LookAt>
		<styleUrl>#__managed_style_0BED4BCA582A5431B33B</styleUrl>
		<Point>
			<coordinates>104.6399693585578,17.53704841203163,175.6473392698005</coordinates>
		</Point>
	</Placemark>
	<Placemark id="095C044B812A03821A2A">
		<name>md426-db-212-0302-291+767</name>
		<LookAt>
			<longitude>104.6420777140492</longitude>
			<latitude>17.53719785252264</latitude>
			<altitude>166.7715412909886</altitude>
			<heading>91.79999798945131</heading>
			<tilt>0</tilt>
			<gx:fovy>35</gx:fovy>
			<range>240.08592782895</range>
			<altitudeMode>absolute</altitudeMode>
		</LookAt>
		<styleUrl>#__managed_style_0BED4BCA582A5431B33B</styleUrl>
		<Point>
			<coordinates>104.6422600420263,17.53712237153489,167.549480948748</coordinates>
		</Point>
	</Placemark>
	<Placemark id="05834643AD2A0382B4BF">
		<name>md427-db-212-0302-291+802</name>
		<LookAt>
			<longitude>104.6426342988311</longitude>
			<latitude>17.53715680678184</latitude>
			<altitude>167.9236312720338</altitude>
			<heading>91.80016570315402</heading>
			<tilt>0</tilt>
			<gx:fovy>35</gx:fovy>
			<range>238.9338388975739</range>
			<altitudeMode>absolute</altitudeMode>
		</LookAt>
		<styleUrl>#__managed_style_0BED4BCA582A5431B33B</styleUrl>
		<Point>
			<coordinates>104.6426907037958,17.53713494213141,168.3375682654954</coordinates>
		</Point>
	</Placemark>
	<Placemark id="070D0781EA2A0382D555">
		<name>md428-db-212-0302-291+837</name>
		<LookAt>
			<longitude>104.6426342988311</longitude>
			<latitude>17.5371568068241</latitude>
			<altitude>167.9236312720338</altitude>
			<heading>91.80016570315402</heading>
			<tilt>0</tilt>
			<gx:fovy>35</gx:fovy>
			<range>238.9338388975739</range>
			<altitudeMode>absolute</altitudeMode>
		</LookAt>
		<styleUrl>#__managed_style_0BED4BCA582A5431B33B</styleUrl>
		<Point>
			<coordinates>104.6430648117154,17.53715472685629,166.9470583532301</coordinates>
		</Point>
	</Placemark>
	<Placemark id="0BA03804DA2A0382FBA6">
		<name>md429-db-212-0302-291+872</name>
		<LookAt>
			<longitude>104.6435349094437</longitude>
			<latitude>17.5371753452514</latitude>
			<altitude>165.8050103867025</altitude>
			<heading>91.80043708959624</heading>
			<tilt>0</tilt>
			<gx:fovy>35</gx:fovy>
			<range>241.0524568998517</range>
			<altitudeMode>absolute</altitudeMode>
		</LookAt>
		<styleUrl>#__managed_style_0BED4BCA582A5431B33B</styleUrl>
		<Point>
			<coordinates>104.6434043877445,17.53716298623172,166.3888253996182</coordinates>
		</Point>
	</Placemark>
	<Placemark id="0B5B9D4D4E2A03831BE9">
		<name>md430-db-212-0302-291+907</name>
		<LookAt>
			<longitude>104.6435349094437</longitude>
			<latitude>17.5371753452514</latitude>
			<altitude>165.8050103867025</altitude>
			<heading>91.80043708959624</heading>
			<tilt>0</tilt>
			<gx:fovy>35</gx:fovy>
			<range>241.0524568998517</range>
			<altitudeMode>absolute</altitudeMode>
		</LookAt>
		<styleUrl>#__managed_style_0BED4BCA582A5431B33B</styleUrl>
		<Point>
			<coordinates>104.643739950747,17.53716919950456,164.989960933027</coordinates>
		</Point>
	</Placemark>
	<Placemark id="0C29ADB84F2A03833C3C">
		<name>md431-db-212-0302-291+942</name>
		<LookAt>
			<longitude>104.6435349094437</longitude>
			<latitude>17.5371753452514</latitude>
			<altitude>165.8050103867025</altitude>
			<heading>91.80043708959624</heading>
			<tilt>0</tilt>
			<gx:fovy>35</gx:fovy>
			<range>241.0524568998517</range>
			<altitudeMode>absolute</altitudeMode>
		</LookAt>
		<styleUrl>#__managed_style_0BED4BCA582A5431B33B</styleUrl>
		<Point>
			<coordinates>104.6440787000105,17.53718649799813,163.421451519041</coordinates>
		</Point>
	</Placemark>
	<Placemark id="02A482BE2A2A03835FF3">
		<name>md432-db-212-0302-291+977</name>
		<LookAt>
			<longitude>104.6444604490754</longitude>
			<latitude>17.53716835624134</latitude>
			<altitude>164.0182905032052</altitude>
			<heading>91.8007159826776</heading>
			<tilt>0</tilt>
			<gx:fovy>35</gx:fovy>
			<range>242.8391716792976</range>
			<altitudeMode>absolute</altitudeMode>
		</LookAt>
		<styleUrl>#__managed_style_0BED4BCA582A5431B33B</styleUrl>
		<Point>
			<coordinates>104.6444221107667,17.53720375016429,163.9252428357396</coordinates>
		</Point>
	</Placemark>
	<Placemark id="038BB5CA572A03838E27">
		<name>md433-db-212-0302-292+012</name>
		<LookAt>
			<longitude>104.6444604490976</longitude>
			<latitude>17.53716835624134</latitude>
			<altitude>164.0182905032052</altitude>
			<heading>91.80071598267762</heading>
			<tilt>0</tilt>
			<gx:fovy>35</gx:fovy>
			<range>242.8391716792976</range>
			<altitudeMode>absolute</altitudeMode>
		</LookAt>
		<styleUrl>#__managed_style_0BED4BCA582A5431B33B</styleUrl>
		<Point>
			<coordinates>104.6447601865444,17.53721282559571,163.7735363675683</coordinates>
		</Point>
	</Placemark>
	<Placemark id="0F84D6E9702A0383D009">
		<name>md434-db-212-0302-292+047</name>
		<LookAt>
			<longitude>104.6450742358297</longitude>
			<latitude>17.53708355464468</latitude>
			<altitude>163.5830815186775</altitude>
			<heading>91.80090093468216</heading>
			<tilt>0</tilt>
			<gx:fovy>35</gx:fovy>
			<range>243.274377462476</range>
			<altitudeMode>absolute</altitudeMode>
		</LookAt>
		<styleUrl>#__managed_style_0BED4BCA582A5431B33B</styleUrl>
		<Point>
			<coordinates>104.6450997997964,17.53722559017338,163.3373789651029</coordinates>
		</Point>
	</Placemark>
	<Placemark id="0A30E6F4E12A0383EBEE">
		<name>md435-db-212-0302-292+082</name>
		<LookAt>
			<longitude>104.6450742358519</longitude>
			<latitude>17.53708355468694</latitude>
			<altitude>163.5830815186775</altitude>
			<heading>91.80090093468216</heading>
			<tilt>0</tilt>
			<gx:fovy>35</gx:fovy>
			<range>243.274377462476</range>
			<altitudeMode>absolute</altitudeMode>
		</LookAt>
		<styleUrl>#__managed_style_0BED4BCA582A5431B33B</styleUrl>
		<Point>
			<coordinates>104.6454376560592,17.53723295648987,163.8758409599055</coordinates>
		</Point>
	</Placemark>
	<Placemark id="07F57614BF2A03840F1F">
		<name>md436-db-212-0302-292+117</name>
		<LookAt>
			<longitude>104.6462312270628</longitude>
			<latitude>17.53707234425179</latitude>
			<altitude>162.1087699661445</altitude>
			<heading>91.80124956955628</heading>
			<tilt>0</tilt>
			<gx:fovy>35</gx:fovy>
			<range>244.7486813801515</range>
			<altitudeMode>absolute</altitudeMode>
		</LookAt>
		<styleUrl>#__managed_style_0BED4BCA582A5431B33B</styleUrl>
		<Point>
			<coordinates>104.6458163974109,17.53724712740653,162.8571867530082</coordinates>
		</Point>
	</Placemark>
	<Placemark id="0ABCBBA52C2A03842AC1">
		<name>md437-db-212-0302-292+152</name>
		<LookAt>
			<longitude>104.6462312270849</longitude>
			<latitude>17.53707234426236</latitude>
			<altitude>162.1087699661445</altitude>
			<heading>91.80124956955628</heading>
			<tilt>0</tilt>
			<gx:fovy>35</gx:fovy>
			<range>244.7486813801516</range>
			<altitudeMode>absolute</altitudeMode>
		</LookAt>
		<styleUrl>#__managed_style_0BED4BCA582A5431B33B</styleUrl>
		<Point>
			<coordinates>104.6462470918445,17.53726498621033,160.7083306988454</coordinates>
		</Point>
	</Placemark>
	<Placemark id="029F9B99632A03844BFD">
		<name>md438-db-212-0302-292+187</name>
		<LookAt>
			<longitude>104.6462312271072</longitude>
			<latitude>17.53707234427293</latitude>
			<altitude>162.1087699661445</altitude>
			<heading>91.80124956955628</heading>
			<tilt>0</tilt>
			<gx:fovy>35</gx:fovy>
			<range>244.7486813801516</range>
			<altitudeMode>absolute</altitudeMode>
		</LookAt>
		<styleUrl>#__managed_style_0BED4BCA582A5431B33B</styleUrl>
		<Point>
			<coordinates>104.6466001922739,17.53727858199775,161.3842769192402</coordinates>
		</Point>
	</Placemark>
	<Placemark id="0AFFFE299F2A03846B24">
		<name>md439-db-212-0302-292+222</name>
		<LookAt>
			<longitude>104.6462312271294</longitude>
			<latitude>17.5370723442835</latitude>
			<altitude>162.1087699661445</altitude>
			<heading>91.80124956955628</heading>
			<tilt>0</tilt>
			<gx:fovy>35</gx:fovy>
			<range>244.7486813801515</range>
			<altitudeMode>absolute</altitudeMode>
		</LookAt>
		<styleUrl>#__managed_style_0BED4BCA582A5431B33B</styleUrl>
		<Point>
			<coordinates>104.6469654905172,17.5373104902838,162.1965765926516</coordinates>
		</Point>
	</Placemark>
	<Placemark id="056DE383B72A03848E87">
		<name>md440-db-212-0302-292+257</name>
		<LookAt>
			<longitude>104.647342133554</longitude>
			<latitude>17.53710928895574</latitude>
			<altitude>160.2303072721757</altitude>
			<heading>91.80158432235342</heading>
			<tilt>0</tilt>
			<gx:fovy>35</gx:fovy>
			<range>246.6271330978634</range>
			<altitudeMode>absolute</altitudeMode>
		</LookAt>
		<styleUrl>#__managed_style_0BED4BCA582A5431B33B</styleUrl>
		<Point>
			<coordinates>104.6472576153042,17.53730025805479,161.1253549732491</coordinates>
		</Point>
	</Placemark>
	<Placemark id="0C4032A8102A0384ABCA">
		<name>md441-db-212-0302-292+292</name>
		<LookAt>
			<longitude>104.6473421335206</longitude>
			<latitude>17.5371092889346</latitude>
			<altitude>160.2303072721757</altitude>
			<heading>91.80158432235342</heading>
			<tilt>0</tilt>
			<gx:fovy>35</gx:fovy>
			<range>246.6271330978634</range>
			<altitudeMode>absolute</altitudeMode>
		</LookAt>
		<styleUrl>#__managed_style_0BED4BCA582A5431B33B</styleUrl>
		<Point>
			<coordinates>104.6476012892348,17.53731088100152,159.3096298168379</coordinates>
		</Point>
	</Placemark>
	<Placemark id="0CF5E3EB362A0384C8EB">
		<name>md442-db-212-0302-292+327</name>
		<LookAt>
			<longitude>104.6473421334873</longitude>
			<latitude>17.53710928891347</latitude>
			<altitude>160.2303072721757</altitude>
			<heading>91.80158432235342</heading>
			<tilt>0</tilt>
			<gx:fovy>35</gx:fovy>
			<range>246.6271330978634</range>
			<altitudeMode>absolute</altitudeMode>
		</LookAt>
		<styleUrl>#__managed_style_0BED4BCA582A5431B33B</styleUrl>
		<Point>
			<coordinates>104.6479381036604,17.53732138174684,158.1588259126482</coordinates>
		</Point>
	</Placemark>
	<Placemark id="0DCB5C65DF2A0384EA28">
		<name>md443-db-212-0302-292+362</name>
		<LookAt>
			<longitude>104.6481409727163</longitude>
			<latitude>17.53709941435316</latitude>
			<altitude>157.5227194673576</altitude>
			<heading>91.80182503888493</heading>
			<tilt>0</tilt>
			<gx:fovy>35</gx:fovy>
			<range>249.3347170774723</range>
			<altitudeMode>absolute</altitudeMode>
		</LookAt>
		<styleUrl>#__managed_style_0BED4BCA582A5431B33B</styleUrl>
		<Point>
			<coordinates>104.6482731105468,17.53733803865373,158.1588421723953</coordinates>
		</Point>
	</Placemark>
	<Placemark id="0C89C356932A0385095F">
		<name>md444-db-212-0302-292+397</name>
		<LookAt>
			<longitude>104.6481409726941</longitude>
			<latitude>17.53709941439543</latitude>
			<altitude>157.5227194673576</altitude>
			<heading>91.80182503888493</heading>
			<tilt>0</tilt>
			<gx:fovy>35</gx:fovy>
			<range>249.3347170774723</range>
			<altitudeMode>absolute</altitudeMode>
		</LookAt>
		<styleUrl>#__managed_style_0BED4BCA582A5431B33B</styleUrl>
		<Point>
			<coordinates>104.6486119497806,17.53733327497868,156.9537844659979</coordinates>
		</Point>
	</Placemark>
	<Placemark id="0A878343C82A03C0C09B">
		<name>md445-db-212-0302-293+038</name>
		<LookAt>
			<longitude>104.6540858607021</longitude>
			<latitude>17.53520570635434</latitude>
			<altitude>152.3757487904251</altitude>
			<heading>142.5997027829764</heading>
			<tilt>0</tilt>
			<gx:fovy>35</gx:fovy>
			<range>183.6861485756708</range>
			<altitudeMode>absolute</altitudeMode>
		</LookAt>
		<styleUrl>#__managed_style_0BED4BCA582A5431B33B</styleUrl>
		<Point>
			<coordinates>104.6541925393943,17.53512137389936,152.434539982633</coordinates>
		</Point>
	</Placemark>
	<Placemark id="05DDD04D332A03C468D4">
		<name>md446-db-212-0302-293+073</name>
		<LookAt>
			<longitude>104.6545179685106</longitude>
			<latitude>17.53516183358593</latitude>
			<altitude>153.4374266217219</altitude>
			<heading>142.6002812872055</heading>
			<tilt>0</tilt>
			<gx:fovy>35</gx:fovy>
			<range>205.462557754945</range>
			<altitudeMode>absolute</altitudeMode>
		</LookAt>
		<styleUrl>#__managed_style_0BED4BCA582A5431B33B</styleUrl>
		<Point>
			<coordinates>104.6544457225866,17.53501612658776,153.3037454979197</coordinates>
		</Point>
	</Placemark>
	<Placemark id="0017671A702A03C491E2">
		<name>md447-db-212-0302-293+108</name>
		<LookAt>
			<longitude>104.6545179685218</longitude>
			<latitude>17.53516183360707</latitude>
			<altitude>153.4374266217219</altitude>
			<heading>142.6002812872055</heading>
			<tilt>0</tilt>
			<gx:fovy>35</gx:fovy>
			<range>205.462557754945</range>
			<altitudeMode>absolute</altitudeMode>
		</LookAt>
		<styleUrl>#__managed_style_0BED4BCA582A5431B33B</styleUrl>
		<Point>
			<coordinates>104.6546759946427,17.53490979618762,154.7125023600792</coordinates>
		</Point>
	</Placemark>
	<Placemark id="06E6467E082A03C4BD07">
		<name>md448-db-212-0302-293+143</name>
		<LookAt>
			<longitude>104.6549567843231</longitude>
			<latitude>17.534893711146</latitude>
			<altitude>154.4980791314205</altitude>
			<heading>142.6004134988967</heading>
			<tilt>0</tilt>
			<gx:fovy>35</gx:fovy>
			<range>204.4019044530432</range>
			<altitudeMode>absolute</altitudeMode>
		</LookAt>
		<styleUrl>#__managed_style_0BED4BCA582A5431B33B</styleUrl>
		<Point>
			<coordinates>104.6549813901851,17.53478343912997,154.7098043892107</coordinates>
		</Point>
	</Placemark>
	<Placemark id="0BFE38D41A2A03C4E4E9">
		<name>md449-db-212-0302-293+178</name>
		<LookAt>
			<longitude>104.6549567843231</longitude>
			<latitude>17.53489371113279</latitude>
			<altitude>154.4980791314205</altitude>
			<heading>142.6004134988967</heading>
			<tilt>0</tilt>
			<gx:fovy>35</gx:fovy>
			<range>204.4019044530432</range>
			<altitudeMode>absolute</altitudeMode>
		</LookAt>
		<styleUrl>#__managed_style_0BED4BCA582A5431B33B</styleUrl>
		<Point>
			<coordinates>104.655289534822,17.53464451695593,153.5221083042785</coordinates>
		</Point>
	</Placemark>
	<Placemark id="0B3ACE7C102A03C51811">
		<name>md450-db-212-0302-293+213</name>
		<LookAt>
			<longitude>104.6555744548847</longitude>
			<latitude>17.53462856142929</latitude>
			<altitude>151.7098557482762</altitude>
			<heading>142.6005995943214</heading>
			<tilt>0</tilt>
			<gx:fovy>35</gx:fovy>
			<range>207.1901233008248</range>
			<altitudeMode>absolute</altitudeMode>
		</LookAt>
		<styleUrl>#__managed_style_0BED4BCA582A5431B33B</styleUrl>
		<Point>
			<coordinates>104.6556729952458,17.53446716844057,151.4918834922825</coordinates>
		</Point>
	</Placemark>
	<Placemark id="064DC28E1F2A03C53FE3">
		<name>md451-db-212-0302-293+248</name>
		<LookAt>
			<longitude>104.6555744548847</longitude>
			<latitude>17.53462856140816</latitude>
			<altitude>151.7098557496909</altitude>
			<heading>142.6005995943214</heading>
			<tilt>0</tilt>
			<gx:fovy>35</gx:fovy>
			<range>207.1901233008248</range>
			<altitudeMode>absolute</altitudeMode>
		</LookAt>
		<styleUrl>#__managed_style_0BED4BCA582A5431B33B</styleUrl>
		<Point>
			<coordinates>104.656015755155,17.53431203183128,152.3311220911772</coordinates>
		</Point>
	</Placemark>
	<Placemark id="0304B5A27C2A03C5719C">
		<name>md452-db-212-0302-293+283</name>
		<LookAt>
			<longitude>104.6563699497879</longitude>
			<latitude>17.53428363713424</latitude>
			<altitude>155.2316657221922</altitude>
			<heading>142.6008392643268</heading>
			<tilt>0</tilt>
			<gx:fovy>35</gx:fovy>
			<range>203.6683102557072</range>
			<altitudeMode>absolute</altitudeMode>
		</LookAt>
		<styleUrl>#__managed_style_0BED4BCA582A5431B33B</styleUrl>
		<Point>
			<coordinates>104.6563197186417,17.53419143174511,155.4012146218578</coordinates>
		</Point>
	</Placemark>
	<Placemark id="0BF508E87F2A03C595A6">
		<name>md453-db-212-0302-293+318</name>
		<LookAt>
			<longitude>104.6563699497656</longitude>
			<latitude>17.53428363713424</latitude>
			<altitude>155.2316657207775</altitude>
			<heading>142.6008392643268</heading>
			<tilt>0</tilt>
			<gx:fovy>35</gx:fovy>
			<range>203.6683102557072</range>
			<altitudeMode>absolute</altitudeMode>
		</LookAt>
		<styleUrl>#__managed_style_0BED4BCA582A5431B33B</styleUrl>
		<Point>
			<coordinates>104.6566352100636,17.53405365258644,157.6512588450338</coordinates>
		</Point>
	</Placemark>
	<Placemark id="04273BC5F22A03C5BFF2">
		<name>md454-db-212-0302-293+353</name>
		<LookAt>
			<longitude>104.6567974336346</longitude>
			<latitude>17.53404917746287</latitude>
			<altitude>157.7633680380994</altitude>
			<heading>142.6009680570382</heading>
			<tilt>0</tilt>
			<gx:fovy>35</gx:fovy>
			<range>201.1365979000402</range>
			<altitudeMode>absolute</altitudeMode>
		</LookAt>
		<styleUrl>#__managed_style_0BED4BCA582A5431B33B</styleUrl>
		<Point>
			<coordinates>104.6569207949096,17.5339591044548,156.742473670991</coordinates>
		</Point>
	</Placemark>
	<Placemark id="0E22A27BCD2A03C5E665">
		<name>md455-db-212-0302-293+388</name>
		<LookAt>
			<longitude>104.656797433654</longitude>
			<latitude>17.53404917748399</latitude>
			<altitude>157.7633680380994</altitude>
			<heading>142.6009680570382</heading>
			<tilt>0</tilt>
			<gx:fovy>35</gx:fovy>
			<range>201.1365979000403</range>
			<altitudeMode>absolute</altitudeMode>
		</LookAt>
		<styleUrl>#__managed_style_0BED4BCA582A5431B33B</styleUrl>
		<Point>
			<coordinates>104.6572750170015,17.53380990292642,154.2486414727924</coordinates>
		</Point>
	</Placemark>
	<Placemark id="0C318C96C52A03C60CF9">
		<name>md456-db-212-0302-293+423</name>
		<LookAt>
			<longitude>104.6573106905123</longitude>
			<latitude>17.53381066311745</latitude>
			<altitude>153.8060973967299</altitude>
			<heading>142.6011226882172</heading>
			<tilt>0</tilt>
			<gx:fovy>35</gx:fovy>
			<range>205.0938716819292</range>
			<altitudeMode>absolute</altitudeMode>
		</LookAt>
		<styleUrl>#__managed_style_0BED4BCA582A5431B33B</styleUrl>
		<Point>
			<coordinates>104.6575302238199,17.53369138746923,153.3140206256428</coordinates>
		</Point>
	</Placemark>
	<Placemark id="076FCA5D852A03C638D5">
		<name>md457-db-212-0302-293+458</name>
		<LookAt>
			<longitude>104.6577303491149</longitude>
			<latitude>17.53360661031973</latitude>
			<altitude>153.4633196033162</altitude>
			<heading>142.6012491183784</heading>
			<tilt>0</tilt>
			<gx:fovy>35</gx:fovy>
			<range>205.4366451988608</range>
			<altitudeMode>absolute</altitudeMode>
		</LookAt>
		<styleUrl>#__managed_style_0BED4BCA582A5431B33B</styleUrl>
		<Point>
			<coordinates>104.6578210879524,17.53356578117954,153.7498994554882</coordinates>
		</Point>
	</Placemark>
	<Placemark id="08AF94D9602A03C65D86">
		<name>md458-db-212-0302-293+493</name>
		<LookAt>
			<longitude>104.6577303491149</longitude>
			<latitude>17.5336066103303</latitude>
			<altitude>153.4633196033162</altitude>
			<heading>142.6012491183784</heading>
			<tilt>0</tilt>
			<gx:fovy>35</gx:fovy>
			<range>205.4366451988608</range>
			<altitudeMode>absolute</altitudeMode>
		</LookAt>
		<styleUrl>#__managed_style_0BED4BCA582A5431B33B</styleUrl>
		<Point>
			<coordinates>104.6580939206173,17.53343094671498,153.528212952039</coordinates>
		</Point>
	</Placemark>
	<Placemark id="0160E0888B2A03C68352">
		<name>md459-db-212-0302-293+528</name>
		<LookAt>
			<longitude>104.6581040337651</longitude>
			<latitude>17.53337669542371</latitude>
			<altitude>153.2602881461876</altitude>
			<heading>142.6013616974257</heading>
			<tilt>0</tilt>
			<gx:fovy>35</gx:fovy>
			<range>205.639657791653</range>
			<altitudeMode>absolute</altitudeMode>
		</LookAt>
		<styleUrl>#__managed_style_0BED4BCA582A5431B33B</styleUrl>
		<Point>
			<coordinates>104.6584199962843,17.53328498978505,153.9708686054081</coordinates>
		</Point>
	</Placemark>
	<Placemark id="03AD31FA3C2A03C6AA3A">
		<name>md460-db-212-0302-293+563</name>
		<LookAt>
			<longitude>104.6584925348113</longitude>
			<latitude>17.53321525870092</latitude>
			<altitude>153.3727559588708</altitude>
			<heading>142.6014787391707</heading>
			<tilt>0</tilt>
			<gx:fovy>35</gx:fovy>
			<range>205.5271769019601</range>
			<altitudeMode>absolute</altitudeMode>
		</LookAt>
		<styleUrl>#__managed_style_0BED4BCA582A5431B33B</styleUrl>
		<Point>
			<coordinates>104.6587239012849,17.53315732398878,153.5014717876238</coordinates>
		</Point>
	</Placemark>
	<Placemark id="02614F3D752A03C6D36B">
		<name>md461-db-212-0302-293+598</name>
		<LookAt>
			<longitude>104.6584925348113</longitude>
			<latitude>17.53321525871677</latitude>
			<altitude>153.3727559588708</altitude>
			<heading>142.6014787391707</heading>
			<tilt>0</tilt>
			<gx:fovy>35</gx:fovy>
			<range>205.5271769019601</range>
			<altitudeMode>absolute</altitudeMode>
		</LookAt>
		<styleUrl>#__managed_style_0BED4BCA582A5431B33B</styleUrl>
		<Point>
			<coordinates>104.6590182067828,17.53302838406245,155.2170777574428</coordinates>
		</Point>
	</Placemark>
	<Placemark id="05C81A03CA2A03C6FE3B">
		<name>md462-db-212-0302-293+633</name>
		<LookAt>
			<longitude>104.6590201526277</longitude>
			<latitude>17.53302203347422</latitude>
			<altitude>155.0726304031871</altitude>
			<heading>142.6016376897287</heading>
			<tilt>0</tilt>
			<gx:fovy>35</gx:fovy>
			<range>203.8273085873152</range>
			<altitudeMode>absolute</altitudeMode>
		</LookAt>
		<styleUrl>#__managed_style_0BED4BCA582A5431B33B</styleUrl>
		<Point>
			<coordinates>104.6593294065683,17.53289864932172,156.985968515956</coordinates>
		</Point>
	</Placemark>
	<Placemark id="07DF22D3402A03C71E3B">
		<name>md463-db-212-0302-293+668</name>
		<LookAt>
			<longitude>104.6590201526054</longitude>
			<latitude>17.53302203347423</latitude>
			<altitude>155.0726492675235</altitude>
			<heading>142.6016376897287</heading>
			<tilt>0</tilt>
			<gx:fovy>35</gx:fovy>
			<range>203.8273085873153</range>
			<altitudeMode>absolute</altitudeMode>
		</LookAt>
		<styleUrl>#__managed_style_0BED4BCA582A5431B33B</styleUrl>
		<Point>
			<coordinates>104.659619444814,17.53276472197801,156.5338674139153</coordinates>
		</Point>
	</Placemark>
	<Placemark id="079D1C21322A03C74F6F">
		<name>md464-db-212-0302-293+703</name>
		<LookAt>
			<longitude>104.659679203547</longitude>
			<latitude>17.53268266837217</latitude>
			<altitude>156.1829486533969</altitude>
			<heading>142.6018362337759</heading>
			<tilt>0</tilt>
			<gx:fovy>35</gx:fovy>
			<range>202.7170088675848</range>
			<altitudeMode>absolute</altitudeMode>
		</LookAt>
		<styleUrl>#__managed_style_0BED4BCA582A5431B33B</styleUrl>
		<Point>
			<coordinates>104.6599245559051,17.53263230426783,156.3388651197388</coordinates>
		</Point>
	</Placemark>
	<Placemark id="089CA08A862A03C770DD">
		<name>md-465db-212-0302-293+738</name>
		<LookAt>
			<longitude>104.6596792035581</longitude>
			<latitude>17.53268266837217</latitude>
			<altitude>156.1829486519822</altitude>
			<heading>142.6018362337759</heading>
			<tilt>0</tilt>
			<gx:fovy>35</gx:fovy>
			<range>202.7170088675849</range>
			<altitudeMode>absolute</altitudeMode>
		</LookAt>
		<styleUrl>#__managed_style_0BED4BCA582A5431B33B</styleUrl>
		<Point>
			<coordinates>104.6603060029908,17.5324798454634,157.5986043569873</coordinates>
		</Point>
	</Placemark>
	<Placemark id="0F38C2C1912A03C79AC5">
		<name>md466-db-212-0302-293+773</name>
		<LookAt>
			<longitude>104.6602722459943</longitude>
			<latitude>17.53247130886013</latitude>
			<altitude>158.0356504048089</altitude>
			<heading>142.6020148905548</heading>
			<tilt>0</tilt>
			<gx:fovy>35</gx:fovy>
			<range>200.8643074627616</range>
			<altitudeMode>absolute</altitudeMode>
		</LookAt>
		<styleUrl>#__managed_style_0BED4BCA582A5431B33B</styleUrl>
		<Point>
			<coordinates>104.6605202985518,17.53237841027949,159.5210109475368</coordinates>
		</Point>
	</Placemark>
	<Placemark id="0A18B1D6BC2A03C7BD5F">
		<name>md467-db-212-0302-293+808</name>
		<LookAt>
			<longitude>104.660940918491</longitude>
			<latitude>17.5321135029585</latitude>
			<altitude>158.5691198499589</altitude>
			<heading>142.6022163280401</heading>
			<tilt>0</tilt>
			<gx:fovy>35</gx:fovy>
			<range>200.3308286582978</range>
			<altitudeMode>absolute</altitudeMode>
		</LookAt>
		<styleUrl>#__managed_style_0BED4BCA582A5431B33B</styleUrl>
		<Point>
			<coordinates>104.6608176370956,17.5322524445462,159.2115972977878</coordinates>
		</Point>
	</Placemark>
	<Placemark id="09529126612A03C7E137">
		<name>md468-db-212-0302-293+843</name>
		<LookAt>
			<longitude>104.6609409184938</longitude>
			<latitude>17.53211350295851</latitude>
			<altitude>158.5691198485443</altitude>
			<heading>142.6022163280401</heading>
			<tilt>0</tilt>
			<gx:fovy>35</gx:fovy>
			<range>200.3308286582978</range>
			<altitudeMode>absolute</altitudeMode>
		</LookAt>
		<styleUrl>#__managed_style_0BED4BCA582A5431B33B</styleUrl>
		<Point>
			<coordinates>104.6611288806619,17.53211334726343,158.5432059640166</coordinates>
		</Point>
	</Placemark>
	<Placemark id="06823EC5BF2A03C7FF42">
		<name>md469-db-212-0302-293+878</name>
		<LookAt>
			<longitude>104.6609409184966</longitude>
			<latitude>17.5321135029585</latitude>
			<altitude>158.5691198499589</altitude>
			<heading>142.6022163280401</heading>
			<tilt>0</tilt>
			<gx:fovy>35</gx:fovy>
			<range>200.3308286582978</range>
			<altitudeMode>absolute</altitudeMode>
		</LookAt>
		<styleUrl>#__managed_style_0BED4BCA582A5431B33B</styleUrl>
		<Point>
			<coordinates>104.6614431287927,17.53197754814536,158.7235158354491</coordinates>
		</Point>
	</Placemark>
	<Placemark id="0A8F10A0202A03C82468">
		<name>md470-db-212-0302-293+913</name>
		<LookAt>
			<longitude>104.6616837420445</longitude>
			<latitude>17.5319198854868</latitude>
			<altitude>158.1387494708126</altitude>
			<heading>142.6024400993623</heading>
			<tilt>0</tilt>
			<gx:fovy>35</gx:fovy>
			<range>200.76119032321</range>
			<altitudeMode>absolute</altitudeMode>
		</LookAt>
		<styleUrl>#__managed_style_0BED4BCA582A5431B33B</styleUrl>
		<Point>
			<coordinates>104.6617465194704,17.5318453088481,158.1726559527364</coordinates>
		</Point>
	</Placemark>
	<Placemark id="07C42227AD2A03C84435">
		<name>md471-db-212-0302-293+948</name>
		<LookAt>
			<longitude>104.6616837420334</longitude>
			<latitude>17.53191988547624</latitude>
			<altitude>158.1387306064762</altitude>
			<heading>142.6024400993623</heading>
			<tilt>0</tilt>
			<gx:fovy>35</gx:fovy>
			<range>200.76119032321</range>
			<altitudeMode>absolute</altitudeMode>
		</LookAt>
		<styleUrl>#__managed_style_0BED4BCA582A5431B33B</styleUrl>
		<Point>
			<coordinates>104.6620525920108,17.5316994780021,158.7163695087834</coordinates>
		</Point>
	</Placemark>
	<Placemark id="05BCD1EACC2A03C86AB9">
		<name>md472-db-212-0302-293+983</name>
		<LookAt>
			<longitude>104.6625088032809</longitude>
			<latitude>17.53154947422767</latitude>
			<altitude>160.6961296979035</altitude>
			<heading>142.6026886387198</heading>
			<tilt>0</tilt>
			<gx:fovy>35</gx:fovy>
			<range>198.2037740098531</range>
			<altitudeMode>absolute</altitudeMode>
		</LookAt>
		<styleUrl>#__managed_style_0BED4BCA582A5431B33B</styleUrl>
		<Point>
			<coordinates>104.662367436754,17.53157266284763,160.0964756471583</coordinates>
		</Point>
	</Placemark>
	<Placemark id="074FC3C15F2A03C88E4F">
		<name>md473-db-212-0302-294+018</name>
		<LookAt>
			<longitude>104.6625088032809</longitude>
			<latitude>17.5315494742488</latitude>
			<altitude>160.6961296979035</altitude>
			<heading>142.6026886387198</heading>
			<tilt>0</tilt>
			<gx:fovy>35</gx:fovy>
			<range>198.2037740098531</range>
			<altitudeMode>absolute</altitudeMode>
		</LookAt>
		<styleUrl>#__managed_style_0BED4BCA582A5431B33B</styleUrl>
		<Point>
			<coordinates>104.6626701866678,17.53144523153821,161.5931790042934</coordinates>
		</Point>
	</Placemark>
	<Placemark id="032803E78C2A03C8E711">
		<name>md474-db-212-0302-294+053</name>
		<LookAt>
			<longitude>104.6627588925922</longitude>
			<latitude>17.53142368190596</latitude>
			<altitude>162.015919542563</altitude>
			<heading>142.6027639745753</heading>
			<tilt>0</tilt>
			<gx:fovy>35</gx:fovy>
			<range>196.8839719695097</range>
			<altitudeMode>absolute</altitudeMode>
		</LookAt>
		<styleUrl>#__managed_style_0BED4BCA582A5431B33B</styleUrl>
		<Point>
			<coordinates>104.6630166909779,17.53131525139978,163.3587460416402</coordinates>
		</Point>
	</Placemark>
	<Placemark id="0C28BAC5702A03C9082C">
		<name>md475-db-212-0302-294+088</name>
		<LookAt>
			<longitude>104.6627588926033</longitude>
			<latitude>17.53142368190596</latitude>
			<altitude>162.015919542563</altitude>
			<heading>142.6027639745753</heading>
			<tilt>0</tilt>
			<gx:fovy>35</gx:fovy>
			<range>196.8839719695098</range>
			<altitudeMode>absolute</altitudeMode>
		</LookAt>
		<styleUrl>#__managed_style_0BED4BCA582A5431B33B</styleUrl>
		<Point>
			<coordinates>104.6632971064081,17.53120984803226,164.0690263317926</coordinates>
		</Point>
	</Placemark>
	<Placemark id="00DBE918CC2A03C947D8">
		<name>md476-db-212-0302-294+123</name>
		<LookAt>
			<longitude>104.6635778737925</longitude>
			<latitude>17.53105751925813</latitude>
			<altitude>160.7115064506725</altitude>
			<heading>142.6030106788736</heading>
			<tilt>0</tilt>
			<gx:fovy>35</gx:fovy>
			<range>198.1883840838782</range>
			<altitudeMode>absolute</altitudeMode>
		</LookAt>
		<styleUrl>#__managed_style_0BED4BCA582A5431B33B</styleUrl>
		<Point>
			<coordinates>104.6636233948327,17.53109845456817,160.246347055371</coordinates>
		</Point>
	</Placemark>
	<Placemark id="020A1CA5BA2A03C9651B">
		<name>md477-db-212-0302-294+158</name>
		<LookAt>
			<longitude>104.6635778737925</longitude>
			<latitude>17.53105751927927</latitude>
			<altitude>160.7115064506725</altitude>
			<heading>142.6030106788736</heading>
			<tilt>0</tilt>
			<gx:fovy>35</gx:fovy>
			<range>198.1883840838782</range>
			<altitudeMode>absolute</altitudeMode>
		</LookAt>
		<styleUrl>#__managed_style_0BED4BCA582A5431B33B</styleUrl>
		<Point>
			<coordinates>104.6639437138431,17.53100010184976,158.9833398667132</coordinates>
		</Point>
	</Placemark>
	<Placemark id="0445D3EFA22A03C98410">
		<name>md478-db-212-0302-294+193</name>
		<LookAt>
			<longitude>104.6635778737925</longitude>
			<latitude>17.5310575193004</latitude>
			<altitude>160.7115064492579</altitude>
			<heading>142.6030106788736</heading>
			<tilt>0</tilt>
			<gx:fovy>35</gx:fovy>
			<range>198.1883840838782</range>
			<altitudeMode>absolute</altitudeMode>
		</LookAt>
		<styleUrl>#__managed_style_0BED4BCA582A5431B33B</styleUrl>
		<Point>
			<coordinates>104.6642667548047,17.53091292301387,160.9471330482153</coordinates>
		</Point>
	</Placemark>
	<Placemark id="0A26D2C0F42A03C9A7E8">
		<name>md479-db-212-0302-294+228</name>
		<LookAt>
			<longitude>104.6645872636093</longitude>
			<latitude>17.53078683314615</latitude>
			<altitude>161.1607935973254</altitude>
			<heading>142.6033147315426</heading>
			<tilt>0</tilt>
			<gx:fovy>35</gx:fovy>
			<range>197.7390863202891</range>
			<altitudeMode>absolute</altitudeMode>
		</LookAt>
		<styleUrl>#__managed_style_0BED4BCA582A5431B33B</styleUrl>
		<Point>
			<coordinates>104.6645984394541,17.53082794953524,161.1612810791572</coordinates>
		</Point>
	</Placemark>
	<Placemark id="052D8ED9A62A03C9C9AA">
		<name>md480-db-212-0302-294+263</name>
		<LookAt>
			<longitude>104.6645872636093</longitude>
			<latitude>17.53078683316728</latitude>
			<altitude>161.1607935987401</altitude>
			<heading>142.6033147315426</heading>
			<tilt>0</tilt>
			<gx:fovy>35</gx:fovy>
			<range>197.7390631426897</range>
			<altitudeMode>absolute</altitudeMode>
		</LookAt>
		<styleUrl>#__managed_style_0BED4BCA582A5431B33B</styleUrl>
		<Point>
			<coordinates>104.6649249519044,17.53073465579598,160.0851644063175</coordinates>
		</Point>
	</Placemark>
	<Placemark id="07EE33D8EC2A03C9EE6B">
		<name>md481-db-212-0302-294+298</name>
		<LookAt>
			<longitude>104.6653122177555</longitude>
			<latitude>17.53050126626903</latitude>
			<altitude>162.1910257837208</altitude>
			<heading>142.6035331020215</heading>
			<tilt>0</tilt>
			<gx:fovy>35</gx:fovy>
			<range>196.7088420287473</range>
			<altitudeMode>absolute</altitudeMode>
		</LookAt>
		<styleUrl>#__managed_style_0BED4BCA582A5431B33B</styleUrl>
		<Point>
			<coordinates>104.6652524055373,17.53064935287284,160.9719095717923</coordinates>
		</Point>
	</Placemark>
	<Placemark id="0ED51577E82A03CA29B9">
		<name>md482-db-212-0302-294+333</name>
		<LookAt>
			<longitude>104.6653122177555</longitude>
			<latitude>17.53050126625847</latitude>
			<altitude>162.1910257837208</altitude>
			<heading>142.6035331020215</heading>
			<tilt>0</tilt>
			<gx:fovy>35</gx:fovy>
			<range>196.7088420287473</range>
			<altitudeMode>absolute</altitudeMode>
		</LookAt>
		<styleUrl>#__managed_style_0BED4BCA582A5431B33B</styleUrl>
		<Point>
			<coordinates>104.6655820674794,17.53056209319837,162.4754118343234</coordinates>
		</Point>
	</Placemark>
	<Placemark id="08D59794C82A03CCFB69">
		<name>md483-db-212-0302-294+368</name>
		<LookAt>
			<longitude>104.6655237876848</longitude>
			<latitude>17.53042513753329</latitude>
			<altitude>163.8293819507013</altitude>
			<heading>142.5964161546831</heading>
			<tilt>0</tilt>
			<gx:fovy>35</gx:fovy>
			<range>216.1282631851282</range>
			<altitudeMode>absolute</altitudeMode>
		</LookAt>
		<styleUrl>#__managed_style_0BED4BCA582A5431B33B</styleUrl>
		<Point>
			<coordinates>104.665924129052,17.53048350654263,163.6709813827738</coordinates>
		</Point>
	</Placemark>
	<Placemark id="03E8B388192A03CE62B0">
		<name>md484-db-212-0302-294+403</name>
		<LookAt>
			<longitude>104.6662768117435</longitude>
			<latitude>17.53020776288542</latitude>
			<altitude>164.4746927173448</altitude>
			<heading>142.5966429797921</heading>
			<tilt>0</tilt>
			<gx:fovy>35</gx:fovy>
			<range>215.4829524637535</range>
			<altitudeMode>absolute</altitudeMode>
		</LookAt>
		<styleUrl>#__managed_style_0BED4BCA582A5431B33B</styleUrl>
		<Point>
			<coordinates>104.6662635155487,17.53039001843291,164.2434352222156</coordinates>
		</Point>
	</Placemark>
	<Placemark id="02803CCF302A03CE903E">
		<name>md485-db-212-0302-294+438</name>
		<LookAt>
			<longitude>104.6662768117435</longitude>
			<latitude>17.53020776288542</latitude>
			<altitude>164.4746927173448</altitude>
			<heading>142.5966429797921</heading>
			<tilt>0</tilt>
			<gx:fovy>35</gx:fovy>
			<range>215.4829524637535</range>
			<altitudeMode>absolute</altitudeMode>
		</LookAt>
		<styleUrl>#__managed_style_0BED4BCA582A5431B33B</styleUrl>
		<Point>
			<coordinates>104.66656318341,17.53030626788095,165.5391075771315</coordinates>
		</Point>
	</Placemark>
	<Placemark id="05CD102D052A03CEBE0E">
		<name>md486-db-212-0302-294+473</name>
		<LookAt>
			<longitude>104.6662768117435</longitude>
			<latitude>17.53020776288542</latitude>
			<altitude>164.4746927173448</altitude>
			<heading>142.5966429797921</heading>
			<tilt>0</tilt>
			<gx:fovy>35</gx:fovy>
			<range>215.4829524637535</range>
			<altitudeMode>absolute</altitudeMode>
		</LookAt>
		<styleUrl>#__managed_style_0BED4BCA582A5431B33B</styleUrl>
		<Point>
			<coordinates>104.6668937945023,17.53021712130724,164.7605313499421</coordinates>
		</Point>
	</Placemark>
	<Placemark id="005CAAFABD2A03CEE470">
		<name>md487-db-212-0302-294+508</name>
		<LookAt>
			<longitude>104.6673354966955</longitude>
			<latitude>17.53003159461836</latitude>
			<altitude>162.1653231911666</altitude>
			<heading>142.5969618700264</heading>
			<tilt>0</tilt>
			<gx:fovy>35</gx:fovy>
			<range>217.7923221087622</range>
			<altitudeMode>absolute</altitudeMode>
		</LookAt>
		<styleUrl>#__managed_style_0BED4BCA582A5431B33B</styleUrl>
		<Point>
			<coordinates>104.6672137209899,17.53013122423224,162.8751146940574</coordinates>
		</Point>
	</Placemark>
	<Placemark id="0B6F23CC162A03CF074E">
		<name>md488-db-212-0302-294+543</name>
		<LookAt>
			<longitude>104.6673354966955</longitude>
			<latitude>17.5300315946395</latitude>
			<altitude>162.1653231911666</altitude>
			<heading>142.5969618700264</heading>
			<tilt>0</tilt>
			<gx:fovy>35</gx:fovy>
			<range>217.7923221087622</range>
			<altitudeMode>absolute</altitudeMode>
		</LookAt>
		<styleUrl>#__managed_style_0BED4BCA582A5431B33B</styleUrl>
		<Point>
			<coordinates>104.6675433447874,17.53003783630134,163.2410712311915</coordinates>
		</Point>
	</Placemark>
	<Placemark id="0859D90D1B2A03CF244E">
		<name>md489-db-212-0302-294+578</name>
		<LookAt>
			<longitude>104.6673354966955</longitude>
			<latitude>17.53003159466064</latitude>
			<altitude>162.1653231911666</altitude>
			<heading>142.5969618700264</heading>
			<tilt>0</tilt>
			<gx:fovy>35</gx:fovy>
			<range>217.7923221087622</range>
			<altitudeMode>absolute</altitudeMode>
		</LookAt>
		<styleUrl>#__managed_style_0BED4BCA582A5431B33B</styleUrl>
		<Point>
			<coordinates>104.6678900697931,17.5299454631726,164.3353737152371</coordinates>
		</Point>
	</Placemark>
	<Placemark id="005EF92AB12A03CF47A0">
		<name>md490-db-212-0302-294+613</name>
		<LookAt>
			<longitude>104.6681259294442</longitude>
			<latitude>17.52967074655694</latitude>
			<altitude>164.7453394406977</altitude>
			<heading>142.597199957396</heading>
			<tilt>0</tilt>
			<gx:fovy>35</gx:fovy>
			<range>215.2123076360294</range>
			<altitudeMode>absolute</altitudeMode>
		</LookAt>
		<styleUrl>#__managed_style_0BED4BCA582A5431B33B</styleUrl>
		<Point>
			<coordinates>104.668212008983,17.5298640284163,165.2445172622631</coordinates>
		</Point>
	</Placemark>
	<Placemark id="0EA97F9CAB2A03CF6B89">
		<name>md491-db-212-0302-294+648</name>
		<LookAt>
			<longitude>104.6681259294414</longitude>
			<latitude>17.52967074655694</latitude>
			<altitude>164.7453394406977</altitude>
			<heading>142.597199957396</heading>
			<tilt>0</tilt>
			<gx:fovy>35</gx:fovy>
			<range>215.2123076360294</range>
			<altitudeMode>absolute</altitudeMode>
		</LookAt>
		<styleUrl>#__managed_style_0BED4BCA582A5431B33B</styleUrl>
		<Point>
			<coordinates>104.668524322276,17.5297820777725,165.0738435505728</coordinates>
		</Point>
	</Placemark>
	<Placemark id="0DD12D09042A03CF92F6">
		<name>md492-db-212-0302-294+683</name>
		<LookAt>
			<longitude>104.6686494918308</longitude>
			<latitude>17.5294961668998</latitude>
			<altitude>165.623757134689</altitude>
			<heading>142.5973576580191</heading>
			<tilt>0</tilt>
			<gx:fovy>35</gx:fovy>
			<range>214.3338766202942</range>
			<altitudeMode>absolute</altitudeMode>
		</LookAt>
		<styleUrl>#__managed_style_0BED4BCA582A5431B33B</styleUrl>
		<Point>
			<coordinates>104.6688509250096,17.52968828436549,163.7767466401414</coordinates>
		</Point>
	</Placemark>
	<Placemark id="09C9F94E942A03CFB8A1">
		<name>md493-db-212-0302-294+718</name>
		<LookAt>
			<longitude>104.668649491853</longitude>
			<latitude>17.5294961669315</latitude>
			<altitude>165.6237382717672</altitude>
			<heading>142.5973576580191</heading>
			<tilt>0</tilt>
			<gx:fovy>35</gx:fovy>
			<range>214.3338766202942</range>
			<altitudeMode>absolute</altitudeMode>
		</LookAt>
		<styleUrl>#__managed_style_0BED4BCA582A5431B33B</styleUrl>
		<Point>
			<coordinates>104.6691719965706,17.52960046971657,162.720491110279</coordinates>
		</Point>
	</Placemark>
	<Placemark id="0CCE66CFA02A03CFE46C">
		<name>md494-db-212-0302-294+753</name>
		<LookAt>
			<longitude>104.6686494918753</longitude>
			<latitude>17.5294961669632</latitude>
			<altitude>165.62377600044</altitude>
			<heading>142.5973576580191</heading>
			<tilt>0</tilt>
			<gx:fovy>35</gx:fovy>
			<range>214.3338302650955</range>
			<altitudeMode>absolute</altitudeMode>
		</LookAt>
		<styleUrl>#__managed_style_0BED4BCA582A5431B33B</styleUrl>
		<Point>
			<coordinates>104.6695039352754,17.5295113490452,162.2536634019289</coordinates>
		</Point>
	</Placemark>
	<Placemark id="08C866BE072A03D0184D">
		<name>md495-db-212-0302-294+788</name>
		<LookAt>
			<longitude>104.6694716553546</longitude>
			<latitude>17.52926516438342</latitude>
			<altitude>164.6237609980818</altitude>
			<heading>142.5976052984007</heading>
			<tilt>0</tilt>
			<gx:fovy>35</gx:fovy>
			<range>215.3338509670721</range>
			<altitudeMode>absolute</altitudeMode>
		</LookAt>
		<styleUrl>#__managed_style_0BED4BCA582A5431B33B</styleUrl>
		<Point>
			<coordinates>104.6698634125011,17.52941609842337,163.0023321321103</coordinates>
		</Point>
	</Placemark>
	<Placemark id="0000344C7E2A03D03BD1">
		<name>md496-db-212-0302-294+823</name>
		<LookAt>
			<longitude>104.6694716553323</longitude>
			<latitude>17.52926516440455</latitude>
			<altitude>164.6237609980818</altitude>
			<heading>142.5976052984007</heading>
			<tilt>0</tilt>
			<gx:fovy>35</gx:fovy>
			<range>215.3338509670721</range>
			<altitudeMode>absolute</altitudeMode>
		</LookAt>
		<styleUrl>#__managed_style_0BED4BCA582A5431B33B</styleUrl>
		<Point>
			<coordinates>104.6701766404098,17.52933710906128,162.4627967376625</coordinates>
		</Point>
	</Placemark>
	<Placemark id="00669CEF732A03D05FDB">
		<name>md497-db-212-0302-294+858</name>
		<LookAt>
			<longitude>104.6702027069082</longitude>
			<latitude>17.5290256597087</latitude>
			<altitude>165.2452138001208</altitude>
			<heading>142.5978254909046</heading>
			<tilt>0</tilt>
			<gx:fovy>35</gx:fovy>
			<range>214.7123899954386</range>
			<altitudeMode>absolute</altitudeMode>
		</LookAt>
		<styleUrl>#__managed_style_0BED4BCA582A5431B33B</styleUrl>
		<Point>
			<coordinates>104.6704744686255,17.52924923990916,162.6845448315778</coordinates>
		</Point>
	</Placemark>
	<Placemark id="09A30DF1B62A03D0865F">
		<name>md498-db-212-0302-294+893</name>
		<LookAt>
			<longitude>104.6702027069166</longitude>
			<latitude>17.52902565968757</latitude>
			<altitude>165.2452326644572</altitude>
			<heading>142.5978254909046</heading>
			<tilt>0</tilt>
			<gx:fovy>35</gx:fovy>
			<range>214.7123668178392</range>
			<altitudeMode>absolute</altitudeMode>
		</LookAt>
		<styleUrl>#__managed_style_0BED4BCA582A5431B33B</styleUrl>
		<Point>
			<coordinates>104.6708060374537,17.52916718800656,161.4995360844524</coordinates>
		</Point>
	</Placemark>
	<Placemark id="0E96EC47FC2A03D0A9D2">
		<name>md499-db-212-0302-294+928</name>
		<LookAt>
			<longitude>104.6709139227322</longitude>
			<latitude>17.5288812791739</latitude>
			<altitude>165.0819851789185</altitude>
			<heading>142.5980397069656</heading>
			<tilt>0</tilt>
			<gx:fovy>35</gx:fovy>
			<range>214.8756066501301</range>
			<altitudeMode>absolute</altitudeMode>
		</LookAt>
		<styleUrl>#__managed_style_0BED4BCA582A5431B33B</styleUrl>
		<Point>
			<coordinates>104.6711299511082,17.52907682178747,161.1461245419654</coordinates>
		</Point>
	</Placemark>
	<Placemark id="0C0E7795B72A03D0CC3B">
		<name>md500-db-212-0302-294+963</name>
		<LookAt>
			<longitude>104.670913922721</longitude>
			<latitude>17.5288812791739</latitude>
			<altitude>165.0819851803331</altitude>
			<heading>142.5980397069656</heading>
			<tilt>0</tilt>
			<gx:fovy>35</gx:fovy>
			<range>214.8755834725308</range>
			<altitudeMode>absolute</altitudeMode>
		</LookAt>
		<styleUrl>#__managed_style_0BED4BCA582A5431B33B</styleUrl>
		<Point>
			<coordinates>104.671454603581,17.52898782677136,161.3851367810049</coordinates>
		</Point>
	</Placemark>
	<Placemark id="0DF9DCA45C2A03D0EF09">
		<name>md501-db-212-0302-294+998</name>
		<LookAt>
			<longitude>104.6709139227099</longitude>
			<latitude>17.5288812791739</latitude>
			<altitude>165.0820040432549</altitude>
			<heading>142.5980397069656</heading>
			<tilt>0</tilt>
			<gx:fovy>35</gx:fovy>
			<range>214.8755602949313</range>
			<altitudeMode>absolute</altitudeMode>
		</LookAt>
		<styleUrl>#__managed_style_0BED4BCA582A5431B33B</styleUrl>
		<Point>
			<coordinates>104.6717796341326,17.52889732448705,161.2882187223828</coordinates>
		</Point>
	</Placemark>
	<Placemark id="04EBA514222A03D12B1F">
		<name>md502-db-212-0302-295+033</name>
		<LookAt>
			<longitude>104.6717945789569</longitude>
			<latitude>17.5287047545867</latitude>
			<altitude>160.5219769439128</altitude>
			<heading>142.5983049544529</heading>
			<tilt>0</tilt>
			<gx:fovy>35</gx:fovy>
			<range>219.4355675481711</range>
			<altitudeMode>absolute</altitudeMode>
		</LookAt>
		<styleUrl>#__managed_style_0BED4BCA582A5431B33B</styleUrl>
		<Point>
			<coordinates>104.6721102109404,17.52880338249474,157.9832488625698</coordinates>
		</Point>
	</Placemark>
	<Placemark id="03FD0015A92A03D16E4F">
		<name>md503-db-212-0302-295+068</name>
		<LookAt>
			<longitude>104.6720990580519</longitude>
			<latitude>17.52859238537777</latitude>
			<altitude>157.4022303280575</altitude>
			<heading>142.5983966613808</heading>
			<tilt>0</tilt>
			<gx:fovy>35</gx:fovy>
			<range>222.5552955995955</range>
			<altitudeMode>absolute</altitudeMode>
		</LookAt>
		<styleUrl>#__managed_style_0BED4BCA582A5431B33B</styleUrl>
		<Point>
			<coordinates>104.6724568561925,17.5287081679401,156.4563413519543</coordinates>
		</Point>
	</Placemark>
	<Placemark id="02C7CBA4AD2A03D1A019">
		<name>md504-db-212-0302-295+103</name>
		<LookAt>
			<longitude>104.6725167010255</longitude>
			<latitude>17.52844746267542</latitude>
			<altitude>157.8186103424022</altitude>
			<heading>142.5985224515477</heading>
			<tilt>0</tilt>
			<gx:fovy>35</gx:fovy>
			<range>222.1389100270972</range>
			<altitudeMode>absolute</altitudeMode>
		</LookAt>
		<styleUrl>#__managed_style_0BED4BCA582A5431B33B</styleUrl>
		<Point>
			<coordinates>104.6727774094094,17.528622529984,157.1963746297385</coordinates>
		</Point>
	</Placemark>
	<Placemark id="0D3B219B092A03D2349F">
		<name>md505-db-212-0302-295+138</name>
		<LookAt>
			<longitude>104.6725167010477</longitude>
			<latitude>17.52844746267542</latitude>
			<altitude>157.8186103424022</altitude>
			<heading>142.5985224515477</heading>
			<tilt>0</tilt>
			<gx:fovy>35</gx:fovy>
			<range>222.1389100270972</range>
			<altitudeMode>absolute</altitudeMode>
		</LookAt>
		<styleUrl>#__managed_style_0BED4BCA582A5431B33B</styleUrl>
		<Point>
			<coordinates>104.6731049492293,17.52853547158158,158.0308939011272</coordinates>
		</Point>
	</Placemark>
	<Placemark id="02AF8E0B2E2A03D25D9D">
		<name>md506-db-212-0302-295+173</name>
		<LookAt>
			<longitude>104.6731857038331</longitude>
			<latitude>17.52827640757264</latitude>
			<altitude>160.1956699739489</altitude>
			<heading>142.5987239457389</heading>
			<tilt>0</tilt>
			<gx:fovy>35</gx:fovy>
			<range>219.761861791958</range>
			<altitudeMode>absolute</altitudeMode>
		</LookAt>
		<styleUrl>#__managed_style_0BED4BCA582A5431B33B</styleUrl>
		<Point>
			<coordinates>104.6734185104211,17.52845005173748,159.6773289198899</coordinates>
		</Point>
	</Placemark>
	<Placemark id="07E74FA1702A03D27D9C">
		<name>md507-db-212-0302-295+208</name>
		<LookAt>
			<longitude>104.6731857038553</longitude>
			<latitude>17.52827640759378</latitude>
			<altitude>160.1956699739489</altitude>
			<heading>142.5987239457389</heading>
			<tilt>0</tilt>
			<gx:fovy>35</gx:fovy>
			<range>219.7618617919579</range>
			<altitudeMode>absolute</altitudeMode>
		</LookAt>
		<styleUrl>#__managed_style_0BED4BCA582A5431B33B</styleUrl>
		<Point>
			<coordinates>104.673748004221,17.5283580689576,159.076357893076</coordinates>
		</Point>
	</Placemark>
	<Placemark id="027C3C721B2A03D2A4F9">
		<name>md508-db-212-0302-295+243</name>
		<LookAt>
			<longitude>104.6731857038775</longitude>
			<latitude>17.52827640761491</latitude>
			<altitude>160.1956699739489</altitude>
			<heading>142.5987239457389</heading>
			<tilt>0</tilt>
			<gx:fovy>35</gx:fovy>
			<range>219.761861791958</range>
			<altitudeMode>absolute</altitudeMode>
		</LookAt>
		<styleUrl>#__managed_style_0BED4BCA582A5431B33B</styleUrl>
		<Point>
			<coordinates>104.6740725988719,17.52826242932351,157.465453873041</coordinates>
		</Point>
	</Placemark>
	<Placemark id="0A14F3BE982A03D2CEF1">
		<name>md509-db-212-0302-295+278</name>
		<LookAt>
			<longitude>104.6742265309959</longitude>
			<latitude>17.52810700717453</latitude>
			<altitude>157.4199865137741</altitude>
			<heading>142.5990374269541</heading>
			<tilt>0</tilt>
			<gx:fovy>35</gx:fovy>
			<range>222.5375415584858</range>
			<altitudeMode>absolute</altitudeMode>
		</LookAt>
		<styleUrl>#__managed_style_0BED4BCA582A5431B33B</styleUrl>
		<Point>
			<coordinates>104.6744132739577,17.52816841316694,158.1588057738447</coordinates>
		</Point>
	</Placemark>
	<Placemark id="087BBAE3662A03D2F3E5">
		<name>md510-db-212-0302-295+313</name>
		<LookAt>
			<longitude>104.6742265310181</longitude>
			<latitude>17.52810700715339</latitude>
			<altitude>157.4199865137741</altitude>
			<heading>142.5990374269541</heading>
			<tilt>0</tilt>
			<gx:fovy>35</gx:fovy>
			<range>222.5375415584858</range>
			<altitudeMode>absolute</altitudeMode>
		</LookAt>
		<styleUrl>#__managed_style_0BED4BCA582A5431B33B</styleUrl>
		<Point>
			<coordinates>104.6746997088832,17.52812711020971,159.2721697586575</coordinates>
		</Point>
	</Placemark>
	<Placemark id="0C37399EE32A03D313D4">
		<name>md511-db-212-0302-295+348</name>
		<LookAt>
			<longitude>104.6742265310403</longitude>
			<latitude>17.52810700713226</latitude>
			<altitude>157.4199865151887</altitude>
			<heading>142.5990374269541</heading>
			<tilt>0</tilt>
			<gx:fovy>35</gx:fovy>
			<range>222.5375415584858</range>
			<altitudeMode>absolute</altitudeMode>
		</LookAt>
		<styleUrl>#__managed_style_0BED4BCA582A5431B33B</styleUrl>
		<Point>
			<coordinates>104.6750277680033,17.52803216300581,159.059313331722</coordinates>
		</Point>
	</Placemark>
	<Placemark id="0AC02D616A2A03D3380F">
		<name>md512-db-212-0302-295+383</name>
		<LookAt>
			<longitude>104.67517121372</longitude>
			<latitude>17.52784097869799</latitude>
			<altitude>158.3916569531074</altitude>
			<heading>142.5993219481842</heading>
			<tilt>0</tilt>
			<gx:fovy>35</gx:fovy>
			<range>221.5658670605262</range>
			<altitudeMode>absolute</altitudeMode>
		</LookAt>
		<styleUrl>#__managed_style_0BED4BCA582A5431B33B</styleUrl>
		<Point>
			<coordinates>104.6753537070385,17.52794490388929,158.0421058018671</coordinates>
		</Point>
	</Placemark>
	<Placemark id="0B7E478CAA2A03D35B73">
		<name>md513-db-212-0302-295+418</name>
		<LookAt>
			<longitude>104.6751712137422</longitude>
			<latitude>17.52784097871913</latitude>
			<altitude>158.3916569531074</altitude>
			<heading>142.5993219481842</heading>
			<tilt>0</tilt>
			<gx:fovy>35</gx:fovy>
			<range>221.5658670605262</range>
			<altitudeMode>absolute</altitudeMode>
		</LookAt>
		<styleUrl>#__managed_style_0BED4BCA582A5431B33B</styleUrl>
		<Point>
			<coordinates>104.6757060168813,17.52784992530852,157.7086744011598</coordinates>
		</Point>
	</Placemark>
	<Placemark id="09E2F3962F2A03D37CD0">
		<name>md514-db-212-0302-295+453</name>
		<LookAt>
			<longitude>104.6751712137644</longitude>
			<latitude>17.52784097874026</latitude>
			<altitude>158.3916569545221</altitude>
			<heading>142.5993219481842</heading>
			<tilt>0</tilt>
			<gx:fovy>35</gx:fovy>
			<range>221.5658670605262</range>
			<altitudeMode>absolute</altitudeMode>
		</LookAt>
		<styleUrl>#__managed_style_0BED4BCA582A5431B33B</styleUrl>
		<Point>
			<coordinates>104.6760238556081,17.52776242447588,157.7358520380279</coordinates>
		</Point>
	</Placemark>
	<Placemark id="0C2DF1AD612A03D3A4C3">
		<name>md515-db-212-0302-295+488</name>
		<LookAt>
			<longitude>104.6764653741083</longitude>
			<latitude>17.52755030401345</latitude>
			<altitude>157.9820821812743</altitude>
			<heading>142.5997117163662</heading>
			<tilt>0</tilt>
			<gx:fovy>35</gx:fovy>
			<range>221.9754384188127</range>
			<altitudeMode>absolute</altitudeMode>
		</LookAt>
		<styleUrl>#__managed_style_0BED4BCA582A5431B33B</styleUrl>
		<Point>
			<coordinates>104.6763306203242,17.52766070230497,158.0041378181357</coordinates>
		</Point>
	</Placemark>
	<Placemark id="09491B72292A03D3C43D">
		<name>md516-db-212-0302-295+523</name>
		<LookAt>
			<longitude>104.6764653741083</longitude>
			<latitude>17.52755030401345</latitude>
			<altitude>157.9820821812743</altitude>
			<heading>142.5997117163662</heading>
			<tilt>0</tilt>
			<gx:fovy>35</gx:fovy>
			<range>221.9754384188127</range>
			<altitudeMode>absolute</altitudeMode>
		</LookAt>
		<styleUrl>#__managed_style_0BED4BCA582A5431B33B</styleUrl>
		<Point>
			<coordinates>104.6766497558459,17.5275748015057,157.0081321855584</coordinates>
		</Point>
	</Placemark>
	<Placemark id="093F115FF62A03D3E41C">
		<name>md517-db-212-0302-295+558</name>
		<LookAt>
			<longitude>104.6764653741083</longitude>
			<latitude>17.52755030401345</latitude>
			<altitude>157.9820821812743</altitude>
			<heading>142.5997117163662</heading>
			<tilt>0</tilt>
			<gx:fovy>35</gx:fovy>
			<range>221.9754384188127</range>
			<altitudeMode>absolute</altitudeMode>
		</LookAt>
		<styleUrl>#__managed_style_0BED4BCA582A5431B33B</styleUrl>
		<Point>
			<coordinates>104.6769794345918,17.52747993579446,155.4607066529121</coordinates>
		</Point>
	</Placemark>
	<Placemark id="0D686512E02A03D4077F">
		<name>md5018-db-212-0302-295+593</name>
		<LookAt>
			<longitude>104.6770476213917</longitude>
			<latitude>17.52733101454756</latitude>
			<altitude>155.6005202671004</altitude>
			<heading>142.5998870724063</heading>
			<tilt>0</tilt>
			<gx:fovy>35</gx:fovy>
			<range>224.3570294634264</range>
			<altitudeMode>absolute</altitudeMode>
		</LookAt>
		<styleUrl>#__managed_style_0BED4BCA582A5431B33B</styleUrl>
		<Point>
			<coordinates>104.6773056063704,17.52739421231871,155.7034833923291</coordinates>
		</Point>
	</Placemark>
	<Placemark id="0A65E7FE7D2A03D42AE2">
		<name>md519-db-212-0302-295+628</name>
		<LookAt>
			<longitude>104.6770476213917</longitude>
			<latitude>17.52733101454888</latitude>
			<altitude>155.6005391314368</altitude>
			<heading>142.5998870724063</heading>
			<tilt>0</tilt>
			<gx:fovy>35</gx:fovy>
			<range>224.3570294634264</range>
			<altitudeMode>absolute</altitudeMode>
		</LookAt>
		<styleUrl>#__managed_style_0BED4BCA582A5431B33B</styleUrl>
		<Point>
			<coordinates>104.6776319178864,17.52730470516174,156.6526063930161</coordinates>
		</Point>
	</Placemark>
	<Placemark id="03B6C44AFA2A03D45DF9">
		<name>md520-db-212-0302-295+663</name>
		<LookAt>
			<longitude>104.6777248680875</longitude>
			<latitude>17.52694963810658</latitude>
			<altitude>157.106852927942</altitude>
			<heading>142.6000910404308</heading>
			<tilt>0</tilt>
			<gx:fovy>35</gx:fovy>
			<range>222.8507172810351</range>
			<altitudeMode>absolute</altitudeMode>
		</LookAt>
		<styleUrl>#__managed_style_0BED4BCA582A5431B33B</styleUrl>
		<Point>
			<coordinates>104.6779567027029,17.52721807834222,155.7379233720828</coordinates>
		</Point>
	</Placemark>
	<Placemark id="077DF91EF02A03D47BF4">
		<name>md521-db-212-0302-295+698</name>
		<LookAt>
			<longitude>104.6777248681097</longitude>
			<latitude>17.52694963810658</latitude>
			<altitude>157.1068529265274</altitude>
			<heading>142.6000910404308</heading>
			<tilt>0</tilt>
			<gx:fovy>35</gx:fovy>
			<range>222.850717281035</range>
			<altitudeMode>absolute</altitudeMode>
		</LookAt>
		<styleUrl>#__managed_style_0BED4BCA582A5431B33B</styleUrl>
		<Point>
			<coordinates>104.6782809924696,17.52711971026793,153.4853547484663</coordinates>
		</Point>
	</Placemark>
	<Placemark id="04DA7C50D12A03D49D52">
		<name>md522-db-212-0302-295+733</name>
		<LookAt>
			<longitude>104.6777248681319</longitude>
			<latitude>17.52694963810658</latitude>
			<altitude>157.106852927942</altitude>
			<heading>142.6000910404308</heading>
			<tilt>0</tilt>
			<gx:fovy>35</gx:fovy>
			<range>222.8507172810351</range>
			<altitudeMode>absolute</altitudeMode>
		</LookAt>
		<styleUrl>#__managed_style_0BED4BCA582A5431B33B</styleUrl>
		<Point>
			<coordinates>104.6786061212486,17.52703171883591,152.6360129182915</coordinates>
		</Point>
	</Placemark>
	<Placemark id="0EABC20D252A03D4C2CB">
		<name>md523-db-212-0302-295+768</name>
		<LookAt>
			<longitude>104.6787980383715</longitude>
			<latitude>17.52675469073523</latitude>
			<altitude>154.1503880024091</altitude>
			<heading>142.6004142372793</heading>
			<tilt>0</tilt>
			<gx:fovy>35</gx:fovy>
			<range>225.8071823225691</range>
			<altitudeMode>absolute</altitudeMode>
		</LookAt>
		<styleUrl>#__managed_style_0BED4BCA582A5431B33B</styleUrl>
		<Point>
			<coordinates>104.6789324708374,17.52694965722414,154.0549247820521</coordinates>
		</Point>
	</Placemark>
	<Placemark id="036987AE782A03D4E95F">
		<name>md524-db-212-0302-295+803</name>
		<LookAt>
			<longitude>104.6787980383826</longitude>
			<latitude>17.52675469070354</latitude>
			<altitude>154.1503880024091</altitude>
			<heading>142.6004142372793</heading>
			<tilt>0</tilt>
			<gx:fovy>35</gx:fovy>
			<range>225.8071823225691</range>
			<altitudeMode>absolute</altitudeMode>
		</LookAt>
		<styleUrl>#__managed_style_0BED4BCA582A5431B33B</styleUrl>
		<Point>
			<coordinates>104.6792595860411,17.52685458845384,153.8553236093924</coordinates>
		</Point>
	</Placemark>
	<Placemark id="0C583481842A03D505FB">
		<name>md525-db-212-0302-295+838</name>
		<LookAt>
			<longitude>104.6788007755643</longitude>
			<latitude>17.52675604775719</latitude>
			<altitude>154.1533489336541</altitude>
			<heading>142.6004150615741</heading>
			<tilt>0</tilt>
			<gx:fovy>35</gx:fovy>
			<range>225.8042387674505</range>
			<altitudeMode>absolute</altitudeMode>
		</LookAt>
		<styleUrl>#__managed_style_0BED4BCA582A5431B33B</styleUrl>
		<Point>
			<coordinates>104.6795853938702,17.52677241823877,153.2572004883973</coordinates>
		</Point>
	</Placemark>
	<Placemark id="0249D5167D2A03D5323B">
		<name>md526-db-212-0302-295+873</name>
		<LookAt>
			<longitude>104.6799427499957</longitude>
			<latitude>17.52644701252232</latitude>
			<altitude>153.602944469402</altitude>
			<heading>142.6007589753296</heading>
			<tilt>0</tilt>
			<gx:fovy>35</gx:fovy>
			<range>226.3546372194469</range>
			<altitudeMode>absolute</altitudeMode>
		</LookAt>
		<styleUrl>#__managed_style_0BED4BCA582A5431B33B</styleUrl>
		<Point>
			<coordinates>104.6799135830604,17.52668481708182,153.838639637423</coordinates>
		</Point>
	</Placemark>
	<Placemark id="08240837742A03D557F7">
		<name>md527-db-212-0302-295+908</name>
		<LookAt>
			<longitude>104.6799427500069</longitude>
			<latitude>17.52644701251175</latitude>
			<altitude>153.602944469402</altitude>
			<heading>142.6007589753296</heading>
			<tilt>0</tilt>
			<gx:fovy>35</gx:fovy>
			<range>226.3546372194469</range>
			<altitudeMode>absolute</altitudeMode>
		</LookAt>
		<styleUrl>#__managed_style_0BED4BCA582A5431B33B</styleUrl>
		<Point>
			<coordinates>104.6802406805159,17.52659719230764,152.297596238908</coordinates>
		</Point>
	</Placemark>
	<Placemark id="0C9B68A2442A03D57A81">
		<name>md528-db-212-0302-295+943</name>
		<LookAt>
			<longitude>104.679942750018</longitude>
			<latitude>17.52644701250119</latitude>
			<altitude>153.602944469402</altitude>
			<heading>142.6007589753296</heading>
			<tilt>0</tilt>
			<gx:fovy>35</gx:fovy>
			<range>226.3546372194469</range>
			<altitudeMode>absolute</altitudeMode>
		</LookAt>
		<styleUrl>#__managed_style_0BED4BCA582A5431B33B</styleUrl>
		<Point>
			<coordinates>104.6805637226092,17.52650415335719,151.8964375532799</coordinates>
		</Point>
	</Placemark>
	<Placemark id="008860D4C62A03D5A1EE">
		<name>md529-db-212-0302-295+978</name>
		<LookAt>
			<longitude>104.6799427500291</longitude>
			<latitude>17.52644701249062</latitude>
			<altitude>153.602944469402</altitude>
			<heading>142.6007589753296</heading>
			<tilt>0</tilt>
			<gx:fovy>35</gx:fovy>
			<range>226.3546372194469</range>
			<altitudeMode>absolute</altitudeMode>
		</LookAt>
		<styleUrl>#__managed_style_0BED4BCA582A5431B33B</styleUrl>
		<Point>
			<coordinates>104.6808897602785,17.52641527651288,153.4980005475971</coordinates>
		</Point>
	</Placemark>
	<Placemark id="0984DDAFAE2A03D5CC7C">
		<name>md530-db-212-0302-296+013</name>
		<LookAt>
			<longitude>104.6814728580543</longitude>
			<latitude>17.52608522692626</latitude>
			<altitude>155.9476664848659</altitude>
			<heading>142.6012197740194</heading>
			<tilt>0</tilt>
			<gx:fovy>35</gx:fovy>
			<range>224.0099217354145</range>
			<altitudeMode>absolute</altitudeMode>
		</LookAt>
		<styleUrl>#__managed_style_0BED4BCA582A5431B33B</styleUrl>
		<Point>
			<coordinates>104.6812132005245,17.5263339538014,155.0258305357947</coordinates>
		</Point>
	</Placemark>
	<Placemark id="020BC5DFFA2A03D635DD">
		<name>md531-db-212-0302-296+048</name>
		<LookAt>
			<longitude>104.6814728580765</longitude>
			<latitude>17.52608522691569</latitude>
			<altitude>155.9476664848659</altitude>
			<heading>142.6012197740194</heading>
			<tilt>0</tilt>
			<gx:fovy>35</gx:fovy>
			<range>224.0099217354145</range>
			<altitudeMode>absolute</altitudeMode>
		</LookAt>
		<styleUrl>#__managed_style_0BED4BCA582A5431B33B</styleUrl>
		<Point>
			<coordinates>104.6815410052788,17.52624285551171,154.9263469564675</coordinates>
		</Point>
	</Placemark>
	<Placemark id="0056C111E92A03D6527A">
		<name>md532-db-212-0302-296+083</name>
		<LookAt>
			<longitude>104.6814728580987</longitude>
			<latitude>17.52608522690512</latitude>
			<altitude>155.9476664848659</altitude>
			<heading>142.6012197740194</heading>
			<tilt>0</tilt>
			<gx:fovy>35</gx:fovy>
			<range>224.0099217354146</range>
			<altitudeMode>absolute</altitudeMode>
		</LookAt>
		<styleUrl>#__managed_style_0BED4BCA582A5431B33B</styleUrl>
		<Point>
			<coordinates>104.681869407448,17.52615526958375,153.7442205267395</coordinates>
		</Point>
	</Placemark>
	<Placemark id="0451666E382A03D67053">
		<name>md533-db-212-0302-296+118</name>
		<LookAt>
			<longitude>104.681472858121</longitude>
			<latitude>17.52608522689456</latitude>
			<altitude>155.9476664848659</altitude>
			<heading>142.6012197740194</heading>
			<tilt>0</tilt>
			<gx:fovy>35</gx:fovy>
			<range>224.0099217354146</range>
			<altitudeMode>absolute</altitudeMode>
		</LookAt>
		<styleUrl>#__managed_style_0BED4BCA582A5431B33B</styleUrl>
		<Point>
			<coordinates>104.6822330317286,17.52605181155887,153.3377475011832</coordinates>
		</Point>
	</Placemark>
	<Placemark id="088FB39F632A03D69589">
		<name>md534-db-212-0302-296+153</name>
		<LookAt>
			<longitude>104.6825961145237</longitude>
			<latitude>17.52583760347878</latitude>
			<altitude>153.8114693443626</altitude>
			<heading>142.6015580392411</heading>
			<tilt>0</tilt>
			<gx:fovy>35</gx:fovy>
			<range>226.146108358007</range>
			<altitudeMode>absolute</altitudeMode>
		</LookAt>
		<styleUrl>#__managed_style_0BED4BCA582A5431B33B</styleUrl>
		<Point>
			<coordinates>104.6826870494946,17.52593123654924,153.7051737305283</coordinates>
		</Point>
	</Placemark>
	<Placemark id="0EAB55C0EE2A03D75F9F">
		<name>md535-db-212-0302-296+188</name>
		<LookAt>
			<longitude>104.6828342922362</longitude>
			<latitude>17.52571300205133</latitude>
			<altitude>153.2549803655916</altitude>
			<heading>111.4245783043957</heading>
			<tilt>29.09578057519406</tilt>
			<gx:fovy>35</gx:fovy>
			<range>168.5340363590149</range>
			<altitudeMode>absolute</altitudeMode>
		</LookAt>
		<styleUrl>#__managed_style_0BED4BCA582A5431B33B</styleUrl>
		<Point>
			<coordinates>104.6830152103252,17.52584222706633,151.9524203567458</coordinates>
		</Point>
	</Placemark>
	<Placemark id="04AA5E45D92A03D78357">
		<name>md536-db-212-0302-296+223</name>
		<LookAt>
			<longitude>104.6828342922362</longitude>
			<latitude>17.52571300207246</latitude>
			<altitude>153.2549897970525</altitude>
			<heading>111.4245783043604</heading>
			<tilt>29.09578057518638</tilt>
			<gx:fovy>35</gx:fovy>
			<range>168.5340247702152</range>
			<altitudeMode>absolute</altitudeMode>
		</LookAt>
		<styleUrl>#__managed_style_0BED4BCA582A5431B33B</styleUrl>
		<Point>
			<coordinates>104.6834891746367,17.52571656152324,155.0018177883801</coordinates>
		</Point>
	</Placemark>
	<Placemark id="09AE1A6BDE2A03D7CDA1">
		<name>md537-db-212-0302-296+258</name>
		<LookAt>
			<longitude>104.6837674166919</longitude>
			<latitude>17.52559072984593</latitude>
			<altitude>157.044167660459</altitude>
			<heading>111.4249527832919</heading>
			<tilt>29.09602185738967</tilt>
			<gx:fovy>35</gx:fovy>
			<range>223.7105135068851</range>
			<altitudeMode>absolute</altitudeMode>
		</LookAt>
		<styleUrl>#__managed_style_0BED4BCA582A5431B33B</styleUrl>
		<Point>
			<coordinates>104.6839007408303,17.52560194644178,157.5970476203921</coordinates>
		</Point>
	</Placemark>
	<Placemark id="03299D19C22A03D7ED2C">
		<name>md538-db-212-0302-296+293</name>
		<LookAt>
			<longitude>104.6837674166919</longitude>
			<latitude>17.52559072984593</latitude>
			<altitude>157.044167660459</altitude>
			<heading>111.4249527832919</heading>
			<tilt>29.09602185738961</tilt>
			<gx:fovy>35</gx:fovy>
			<range>223.7105135068851</range>
			<altitudeMode>absolute</altitudeMode>
		</LookAt>
		<styleUrl>#__managed_style_0BED4BCA582A5431B33B</styleUrl>
		<Point>
			<coordinates>104.6842566354316,17.52551237300927,156.3806158973025</coordinates>
		</Point>
	</Placemark>
	<Placemark id="060D9551BD2A03D8165C">
		<name>md539-db-212-0302-296+328</name>
		<LookAt>
			<longitude>104.684580547683</longitude>
			<latitude>17.52537531647168</latitude>
			<altitude>156.5052093865963</altitude>
			<heading>111.4251976453645</heading>
			<tilt>29.09602455470096</tilt>
			<gx:fovy>35</gx:fovy>
			<range>224.3273157810472</range>
			<altitudeMode>absolute</altitudeMode>
		</LookAt>
		<styleUrl>#__managed_style_0BED4BCA582A5431B33B</styleUrl>
		<Point>
			<coordinates>104.6846133229054,17.5254053056602,156.6825513606615</coordinates>
		</Point>
	</Placemark>
	<Placemark id="000B6832B32A03D846E9">
		<name>md540-db-212-0302-296+363</name>
		<LookAt>
			<longitude>104.684580547683</longitude>
			<latitude>17.52537531647168</latitude>
			<altitude>156.5052093865963</altitude>
			<heading>111.4251976453645</heading>
			<tilt>29.09602455470094</tilt>
			<gx:fovy>35</gx:fovy>
			<range>224.3273157810472</range>
			<altitudeMode>absolute</altitudeMode>
		</LookAt>
		<styleUrl>#__managed_style_0BED4BCA582A5431B33B</styleUrl>
		<Point>
			<coordinates>104.6849312700815,17.52532251151803,159.103805564108</coordinates>
		</Point>
	</Placemark>
	<Placemark id="0694C2BB332A03D8705C">
		<name>md541-db-212-0302-296+398</name>
		<LookAt>
			<longitude>104.684580547683</longitude>
			<latitude>17.52537531647168</latitude>
			<altitude>156.5052093865963</altitude>
			<heading>111.4251976453645</heading>
			<tilt>29.09602455470096</tilt>
			<gx:fovy>35</gx:fovy>
			<range>224.3273157810472</range>
			<altitudeMode>absolute</altitudeMode>
		</LookAt>
		<styleUrl>#__managed_style_0BED4BCA582A5431B33B</styleUrl>
		<Point>
			<coordinates>104.6852651930209,17.52523594485468,159.5197108135716</coordinates>
		</Point>
	</Placemark>
	<Placemark id="0D6BDF11DF2A03D8A4E3">
		<name>md542-db-212-0302-296+433</name>
		<LookAt>
			<longitude>104.6855871262916</longitude>
			<latitude>17.52517716636958</latitude>
			<altitude>158.9674944260271</altitude>
			<heading>111.4255007615383</heading>
			<tilt>29.09601223197422</tilt>
			<gx:fovy>35</gx:fovy>
			<range>221.5094527836845</range>
			<altitudeMode>absolute</altitudeMode>
		</LookAt>
		<styleUrl>#__managed_style_0BED4BCA582A5431B33B</styleUrl>
		<Point>
			<coordinates>104.6855810657316,17.52513785869328,159.4927724970676</coordinates>
		</Point>
	</Placemark>
	<Placemark id="0ED7F9F4592A03D8C352">
		<name>md543-db-212-0302-296+468</name>
		<LookAt>
			<longitude>104.685587126336</longitude>
			<latitude>17.52517716628505</latitude>
			<altitude>158.9674944260271</altitude>
			<heading>111.4255007616653</heading>
			<tilt>29.09601223204458</tilt>
			<gx:fovy>35</gx:fovy>
			<range>221.509475961284</range>
			<altitudeMode>absolute</altitudeMode>
		</LookAt>
		<styleUrl>#__managed_style_0BED4BCA582A5431B33B</styleUrl>
		<Point>
			<coordinates>104.6858999736605,17.52505992379478,158.7915313955879</coordinates>
		</Point>
	</Placemark>
	<Placemark id="0978A3E1EB2A03D8DE4D">
		<name>md544-db-212-0302-296+503</name>
		<LookAt>
			<longitude>104.6855871264692</longitude>
			<latitude>17.52517716620052</latitude>
			<altitude>158.9674944260271</altitude>
			<heading>111.4255007617634</heading>
			<tilt>29.09601223219373</tilt>
			<gx:fovy>35</gx:fovy>
			<range>221.5094991388833</range>
			<altitudeMode>absolute</altitudeMode>
		</LookAt>
		<styleUrl>#__managed_style_0BED4BCA582A5431B33B</styleUrl>
		<Point>
			<coordinates>104.6862305786091,17.52496912783102,157.7647411304695</coordinates>
		</Point>
	</Placemark>
	<Placemark id="0400C8D03D2A03D9182B">
		<name>md545-db-212-0302-296+538</name>
		<LookAt>
			<longitude>104.6866357123945</longitude>
			<latitude>17.52489930952875</latitude>
			<altitude>156.8716327096938</altitude>
			<heading>111.4258165178506</heading>
			<tilt>0</tilt>
			<gx:fovy>35</gx:fovy>
			<range>223.6053567385898</range>
			<altitudeMode>absolute</altitudeMode>
		</LookAt>
		<styleUrl>#__managed_style_0BED4BCA582A5431B33B</styleUrl>
		<Point>
			<coordinates>104.6865685914258,17.52487575024863,157.1483435308836</coordinates>
		</Point>
	</Placemark>
	<Placemark id="07950165492A03D93C35">
		<name>md546-db-212-0302-296+573</name>
		<LookAt>
			<longitude>104.6866357123945</longitude>
			<latitude>17.52489930954988</latitude>
			<altitude>156.8716327096938</altitude>
			<heading>111.4258165178506</heading>
			<tilt>0</tilt>
			<gx:fovy>35</gx:fovy>
			<range>223.6053567385898</range>
			<altitudeMode>absolute</altitudeMode>
		</LookAt>
		<styleUrl>#__managed_style_0BED4BCA582A5431B33B</styleUrl>
		<Point>
			<coordinates>104.6868768676593,17.52479488012373,155.8215461325001</coordinates>
		</Point>
	</Placemark>
	<Placemark id="0515A681F32A03D96212">
		<name>md547-db-212-0302-296+608</name>
		<LookAt>
			<longitude>104.6870129288445</longitude>
			<latitude>17.52456477708829</latitude>
			<altitude>154.1564188550703</altitude>
			<heading>111.4259301080623</heading>
			<tilt>0</tilt>
			<gx:fovy>35</gx:fovy>
			<range>226.320566148388</range>
			<altitudeMode>absolute</altitudeMode>
		</LookAt>
		<styleUrl>#__managed_style_0BED4BCA582A5431B33B</styleUrl>
		<Point>
			<coordinates>104.6871999269258,17.52465498292381,152.3891368857585</coordinates>
		</Point>
	</Placemark>
	<Placemark id="08722067562A03D98810">
		<name>md548-db-212-0302-296+642</name>
		<LookAt>
			<longitude>104.6870129288265</longitude>
			<latitude>17.52456477704602</latitude>
			<altitude>154.1564188550703</altitude>
			<heading>111.4259301080623</heading>
			<tilt>0</tilt>
			<gx:fovy>35</gx:fovy>
			<range>226.320566148388</range>
			<altitudeMode>absolute</altitudeMode>
		</LookAt>
		<styleUrl>#__managed_style_0BED4BCA582A5431B33B</styleUrl>
		<Point>
			<coordinates>104.6874950643938,17.52447416516528,152.2634913195605</coordinates>
		</Point>
	</Placemark>
	<Placemark id="0C14336A342A03DA1014">
		<name>md549-db-212-0302-296+677</name>
		<LookAt>
			<longitude>104.6876281399199</longitude>
			<latitude>17.5243173278276</latitude>
			<altitude>153.9299079536385</altitude>
			<heading>144.5660238340386</heading>
			<tilt>0</tilt>
			<gx:fovy>35</gx:fovy>
			<range>133.7611939467388</range>
			<altitudeMode>absolute</altitudeMode>
		</LookAt>
		<styleUrl>#__managed_style_0BED4BCA582A5431B33B</styleUrl>
		<Point>
			<coordinates>104.6877392666389,17.52425597192248,154.830066288145</coordinates>
		</Point>
	</Placemark>
	<Placemark id="0D42C049872A03DA58BD">
		<name>md550-db-212-0302-296+712</name>
		<LookAt>
			<longitude>104.6878670996219</longitude>
			<latitude>17.52399453568693</latitude>
			<altitude>155.6356554296113</altitude>
			<heading>144.5660957887604</heading>
			<tilt>0</tilt>
			<gx:fovy>35</gx:fovy>
			<range>132.0554501106562</range>
			<altitudeMode>absolute</altitudeMode>
		</LookAt>
		<styleUrl>#__managed_style_0BED4BCA582A5431B33B</styleUrl>
		<Point>
			<coordinates>104.6879610673137,17.52402761565503,155.8210394249076</coordinates>
		</Point>
	</Placemark>
	<Placemark id="083B3316642A03DA89F1">
		<name>md551-db-212-0302-296+747</name>
		<LookAt>
			<longitude>104.6879708270448</longitude>
			<latitude>17.52380154671565</latitude>
			<altitude>156.2415563694586</altitude>
			<heading>144.5661270223992</heading>
			<tilt>0</tilt>
			<gx:fovy>35</gx:fovy>
			<range>131.4495644857925</range>
			<altitudeMode>absolute</altitudeMode>
		</LookAt>
		<styleUrl>#__managed_style_0BED4BCA582A5431B33B</styleUrl>
		<Point>
			<coordinates>104.6880879332505,17.52373558235994,155.9505403441122</coordinates>
		</Point>
	</Placemark>
	<Placemark id="05F41C6BAE2A03DAB0B8">
		<name>md552-db-212-0302-296+782</name>
		<LookAt>
			<longitude>104.6881057142359</longitude>
			<latitude>17.52355375780139</latitude>
			<altitude>155.6158859474164</altitude>
			<heading>144.5661676389866</heading>
			<tilt>0</tilt>
			<gx:fovy>35</gx:fovy>
			<range>132.0752321917098</range>
			<altitudeMode>absolute</altitudeMode>
		</LookAt>
		<styleUrl>#__managed_style_0BED4BCA582A5431B33B</styleUrl>
		<Point>
			<coordinates>104.6881920580943,17.52347055151857,154.8192098500338</coordinates>
		</Point>
	</Placemark>
	<Placemark id="03A4246F552A03DAD2CD">
		<name>md553-db-212-0302-296+817</name>
		<LookAt>
			<longitude>104.6882668240812</longitude>
			<latitude>17.52330536955583</latitude>
			<altitude>153.637227422254</altitude>
			<heading>144.5662161505215</heading>
			<tilt>0</tilt>
			<gx:fovy>35</gx:fovy>
			<range>134.053880671454</range>
			<altitudeMode>absolute</altitudeMode>
		</LookAt>
		<styleUrl>#__managed_style_0BED4BCA582A5431B33B</styleUrl>
		<Point>
			<coordinates>104.6883121278497,17.52309870260367,152.7363997456173</coordinates>
		</Point>
	</Placemark>
	<Placemark id="0B6429DED02A03DAF835">
		<name>md554-db-212-0302-296+852</name>
		<LookAt>
			<longitude>104.6884190732848</longitude>
			<latitude>17.52289983288562</latitude>
			<altitude>152.1097191668075</altitude>
			<heading>144.56626199288</heading>
			<tilt>0</tilt>
			<gx:fovy>35</gx:fovy>
			<range>135.5813771796602</range>
			<altitudeMode>absolute</altitudeMode>
		</LookAt>
		<styleUrl>#__managed_style_0BED4BCA582A5431B33B</styleUrl>
		<Point>
			<coordinates>104.6883948065759,17.52276414611446,152.5734329543551</coordinates>
		</Point>
	</Placemark>
	<Placemark id="09B67A50532A03DB1C81">
		<name>md555-db-212-0302-296+887</name>
		<LookAt>
			<longitude>104.688497423677</longitude>
			<latitude>17.52242540702679</latitude>
			<altitude>153.0369025680472</altitude>
			<heading>144.5662855844381</heading>
			<tilt>0</tilt>
			<gx:fovy>35</gx:fovy>
			<range>134.6542036724713</range>
			<altitudeMode>absolute</altitudeMode>
		</LookAt>
		<styleUrl>#__managed_style_0BED4BCA582A5431B33B</styleUrl>
		<Point>
			<coordinates>104.6884893928734,17.52245578925179,153.2081249277434</coordinates>
		</Point>
	</Placemark>
	<Placemark id="0F315EEE6C2A03DB3A7C">
		<name>md556-db-212-0302-296+922</name>
		<LookAt>
			<longitude>104.6884974236659</longitude>
			<latitude>17.52242540702679</latitude>
			<altitude>153.0369025680472</altitude>
			<heading>144.5662855844381</heading>
			<tilt>0</tilt>
			<gx:fovy>35</gx:fovy>
			<range>134.6542036724714</range>
			<altitudeMode>absolute</altitudeMode>
		</LookAt>
		<styleUrl>#__managed_style_0BED4BCA582A5431B33B</styleUrl>
		<Point>
			<coordinates>104.6885687038058,17.5221642014076,153.5607554443755</coordinates>
		</Point>
	</Placemark>
	<Placemark id="03B19CDB0E2A03DB59E5">
		<name>md557-db-212-0302-296+957</name>
		<LookAt>
			<longitude>104.6885923375537</longitude>
			<latitude>17.52200708620068</latitude>
			<altitude>153.8145862575693</altitude>
			<heading>144.5663141629932</heading>
			<tilt>0</tilt>
			<gx:fovy>35</gx:fovy>
			<range>133.8765372699527</range>
			<altitudeMode>absolute</altitudeMode>
		</LookAt>
		<styleUrl>#__managed_style_0BED4BCA582A5431B33B</styleUrl>
		<Point>
			<coordinates>104.6886660234963,17.52185035590121,155.2254635665686</coordinates>
		</Point>
	</Placemark>
	<Placemark id="0413BDF2A72A03DB7FE3">
		<name>md558-db-212-0302-296+992</name>
		<LookAt>
			<longitude>104.6887059034688</longitude>
			<latitude>17.52168109166488</latitude>
			<altitude>156.5671393605676</altitude>
			<heading>144.566348355596</heading>
			<tilt>0</tilt>
			<gx:fovy>35</gx:fovy>
			<range>131.1239887475858</range>
			<altitudeMode>absolute</altitudeMode>
		</LookAt>
		<styleUrl>#__managed_style_0BED4BCA582A5431B33B</styleUrl>
		<Point>
			<coordinates>104.688762180112,17.52154095601556,157.2335192012402</coordinates>
		</Point>
	</Placemark>
	<Placemark id="0162EFECCE2A03DB9F7F">
		<name>md559-db-212-0302-297+027</name>
		<LookAt>
			<longitude>104.6887721301635</longitude>
			<latitude>17.52132092832337</latitude>
			<altitude>157.1433308520784</altitude>
			<heading>144.5663682962243</heading>
			<tilt>0</tilt>
			<gx:fovy>35</gx:fovy>
			<range>130.5477820387023</range>
			<altitudeMode>absolute</altitudeMode>
		</LookAt>
		<styleUrl>#__managed_style_0BED4BCA582A5431B33B</styleUrl>
		<Point>
			<coordinates>104.6888497632894,17.52123634458837,157.6226038442319</coordinates>
		</Point>
	</Placemark>
	<Placemark id="06120A2FC22A03DBFD03">
		<name>md560-db-212-0302-297+062</name>
		<LookAt>
			<longitude>104.6888403560574</longitude>
			<latitude>17.52105900529124</latitude>
			<altitude>157.9159193798295</altitude>
			<heading>144.5663888373005</heading>
			<tilt>0</tilt>
			<gx:fovy>35</gx:fovy>
			<range>129.7751915304434</range>
			<altitudeMode>absolute</altitudeMode>
		</LookAt>
		<styleUrl>#__managed_style_0BED4BCA582A5431B33B</styleUrl>
		<Point>
			<coordinates>104.6889393981973,17.52092376885932,159.1231245951364</coordinates>
		</Point>
	</Placemark>
	<Placemark id="0A876B2BD72A03DC2E59">
		<name>md561-db-212-0302-297+097</name>
		<LookAt>
			<longitude>104.6889815730847</longitude>
			<latitude>17.52061533676827</latitude>
			<altitude>161.215089834292</altitude>
			<heading>144.5664313525486</heading>
			<tilt>0</tilt>
			<gx:fovy>35</gx:fovy>
			<range>126.4760225047758</range>
			<altitudeMode>absolute</altitudeMode>
		</LookAt>
		<styleUrl>#__managed_style_0BED4BCA582A5431B33B</styleUrl>
		<Point>
			<coordinates>104.6890380315654,17.52060856448285,161.2203219429467</coordinates>
		</Point>
	</Placemark>
	<Placemark id="0C8DF8A8B72A03DC4F85">
		<name>md562-db-212-0302-297+132</name>
		<LookAt>
			<longitude>104.6890223737197</longitude>
			<latitude>17.52026352920889</latitude>
			<altitude>162.0708127371047</altitude>
			<heading>144.566443637144</heading>
			<tilt>0</tilt>
			<gx:fovy>35</gx:fovy>
			<range>125.6202939476134</range>
			<altitudeMode>absolute</altitudeMode>
		</LookAt>
		<styleUrl>#__managed_style_0BED4BCA582A5431B33B</styleUrl>
		<Point>
			<coordinates>104.6891431323795,17.52024459836178,162.4284419739389</coordinates>
		</Point>
	</Placemark>
	<Placemark id="0BC4583F862A03DC73C0">
		<name>md563-db-212-0302-297+167</name>
		<LookAt>
			<longitude>104.6891370939031</longitude>
			<latitude>17.51996280285534</latitude>
			<altitude>164.0196165507598</altitude>
			<heading>144.5664781741064</heading>
			<tilt>0</tilt>
			<gx:fovy>35</gx:fovy>
			<range>123.671486627045</range>
			<altitudeMode>absolute</altitudeMode>
		</LookAt>
		<styleUrl>#__managed_style_0BED4BCA582A5431B33B</styleUrl>
		<Point>
			<coordinates>104.689250502737,17.51986691405397,164.9898518818306</coordinates>
		</Point>
	</Placemark>
	<Placemark id="0A92BCFE142A03E068D0">
		<name>md564-db-212-0302-297+971</name>
		<LookAt>
			<longitude>104.6914633213096</longitude>
			<latitude>17.51330565875697</latitude>
			<altitude>172.4597186853628</altitude>
			<heading>-178.0876978102344</heading>
			<tilt>1.943851857944356</tilt>
			<gx:fovy>35</gx:fovy>
			<range>159.4840066138022</range>
			<altitudeMode>absolute</altitudeMode>
		</LookAt>
		<styleUrl>#__managed_style_0BED4BCA582A5431B33B</styleUrl>
		<Point>
			<coordinates>104.6917973999815,17.51304263354909,174.780169725238</coordinates>
		</Point>
	</Placemark>
	<Placemark id="0CB14F3E802A03E1842B">
		<name>md565-db-212-0302-298+006</name>
		<LookAt>
			<longitude>104.691714011215</longitude>
			<latitude>17.51286880490303</latitude>
			<altitude>174.6812307074321</altitude>
			<heading>-178.0875288659043</heading>
			<tilt>1.943578264503681</tilt>
			<gx:fovy>35</gx:fovy>
			<range>157.2613907231971</range>
			<altitudeMode>absolute</altitudeMode>
		</LookAt>
		<styleUrl>#__managed_style_0BED4BCA582A5431B33B</styleUrl>
		<Point>
			<coordinates>104.6919931384619,17.51268857098968,175.2796593056931</coordinates>
		</Point>
	</Placemark>
	<Placemark id="068F4923012A042143A1">
		<name>md566-db-212-0302-298+007</name>
		<LookAt>
			<longitude>104.6923511716362</longitude>
			<latitude>17.51250737638193</latitude>
			<altitude>173.7553601861997</altitude>
			<heading>-178.0847143902075</heading>
			<tilt>1.943590381788689</tilt>
			<gx:fovy>35</gx:fovy>
			<range>196.9922577137186</range>
			<altitudeMode>absolute</altitudeMode>
		</LookAt>
		<styleUrl>#__managed_style_0BED4BCA582A5431B33B</styleUrl>
		<Point>
			<coordinates>104.692173683114,17.51233641203358,175.3971984058149</coordinates>
		</Point>
	</Placemark>
	<Placemark id="0BDF4F70DD2A0424D22D">
		<name>md567-db-212-0302-298+042</name>
		<LookAt>
			<longitude>104.6921152800982</longitude>
			<latitude>17.512234008826</latitude>
			<altitude>175.7955770854922</altitude>
			<heading>161.4702762458114</heading>
			<tilt>1.866011742081259</tilt>
			<gx:fovy>35</gx:fovy>
			<range>145.6011576820856</range>
			<altitudeMode>absolute</altitudeMode>
		</LookAt>
		<styleUrl>#__managed_style_0BED4BCA582A5431B33B</styleUrl>
		<Point>
			<coordinates>104.692307724944,17.51206819787345,174.9929598045879</coordinates>
		</Point>
	</Placemark>
	<Placemark id="0123006EA32A0425048E">
		<name>md568-db-212-0302-298+077</name>
		<LookAt>
			<longitude>104.692409154714</longitude>
			<latitude>17.51183050845382</latitude>
			<altitude>173.5941072686092</altitude>
			<heading>161.4703646762985</heading>
			<tilt>1.866012387075684</tilt>
			<gx:fovy>35</gx:fovy>
			<range>147.8037944820426</range>
			<altitudeMode>absolute</altitudeMode>
		</LookAt>
		<styleUrl>#__managed_style_0BED4BCA582A5431B33B</styleUrl>
		<Point>
			<coordinates>104.6924628614942,17.51177754803661,173.550267007753</coordinates>
		</Point>
	</Placemark>
	<Placemark id="084E0A43302A0425C04E">
		<name>md569-db-212-0302-298+112</name>
		<LookAt>
			<longitude>104.6924847930277</longitude>
			<latitude>17.51166466953749</latitude>
			<altitude>173.0157624360873</altitude>
			<heading>161.4703874365349</heading>
			<tilt>1.866012556509696</tilt>
			<gx:fovy>35</gx:fovy>
			<range>148.3824464276586</range>
			<altitudeMode>absolute</altitudeMode>
		</LookAt>
		<styleUrl>#__managed_style_0BED4BCA582A5431B33B</styleUrl>
		<Point>
			<coordinates>104.6926138245163,17.51149257675362,173.5902363566064</coordinates>
		</Point>
	</Placemark>
	<Placemark id="04FFA921372A042C192D">
		<name>md570-db-212-0302-298+147</name>
		<LookAt>
			<longitude>104.6926512586549</longitude>
			<latitude>17.51137894244249</latitude>
			<altitude>173.6754636385873</altitude>
			<heading>161.4704375273283</heading>
			<tilt>1.866012363180819</tilt>
			<gx:fovy>35</gx:fovy>
			<range>147.7223947530911</range>
			<altitudeMode>absolute</altitudeMode>
		</LookAt>
		<styleUrl>#__managed_style_0BED4BCA582A5431B33B</styleUrl>
		<Point>
			<coordinates>104.692778130221,17.51126248476713,175.333829966649</coordinates>
		</Point>
	</Placemark>
	<Placemark id="00D90FD7732A042C7CB1">
		<name>md571-db-212-0302-298+182</name>
		<LookAt>
			<longitude>104.6928112493041</longitude>
			<latitude>17.51111982475966</latitude>
			<altitude>175.6226789138482</altitude>
			<heading>161.4704856683284</heading>
			<tilt>1.866011792633477</tilt>
			<gx:fovy>35</gx:fovy>
			<range>145.7741552837069</range>
			<altitudeMode>absolute</altitudeMode>
		</LookAt>
		<styleUrl>#__managed_style_0BED4BCA582A5431B33B</styleUrl>
		<Point>
			<coordinates>104.6929403234696,17.51095615642651,176.8714627412365</coordinates>
		</Point>
	</Placemark>
	<Placemark id="0A85C7F4502A042D30C0">
		<name>md572-db-212-0302-298+217</name>
		<LookAt>
			<longitude>104.692945726929</longitude>
			<latitude>17.51075506882906</latitude>
			<altitude>176.4766491620767</altitude>
			<heading>161.4705261315126</heading>
			<tilt>1.866011542417031</tilt>
			<gx:fovy>35</gx:fovy>
			<range>144.9197246721087</range>
			<altitudeMode>absolute</altitudeMode>
		</LookAt>
		<styleUrl>#__managed_style_0BED4BCA582A5431B33B</styleUrl>
		<Point>
			<coordinates>104.6930985368968,17.51067394018066,177.4198946560875</coordinates>
		</Point>
	</Placemark>
	<Placemark id="0A9C3DFE9A2A042D5B81">
		<name>md573-db-212-0302-298+252</name>
		<LookAt>
			<longitude>104.6931115953129</longitude>
			<latitude>17.51050148382095</latitude>
			<altitude>176.2220022677213</altitude>
			<heading>161.4705760406486</heading>
			<tilt>1.866011617019824</tilt>
			<gx:fovy>35</gx:fovy>
			<range>145.1745160218707</range>
			<altitudeMode>absolute</altitudeMode>
		</LookAt>
		<styleUrl>#__managed_style_0BED4BCA582A5431B33B</styleUrl>
		<Point>
			<coordinates>104.6932499921377,17.51038252261637,175.845244364322</coordinates>
		</Point>
	</Placemark>
	<Placemark id="09C1E9BEF52A042D8E13">
		<name>md574-db-212-0302-298+287</name>
		<LookAt>
			<longitude>104.6932407040898</longitude>
			<latitude>17.51019866871442</latitude>
			<altitude>173.2449002745211</altitude>
			<heading>161.4706148876355</heading>
			<tilt>1.866012489253346</tilt>
			<gx:fovy>35</gx:fovy>
			<range>148.1531967923911</range>
			<altitudeMode>absolute</altitudeMode>
		</LookAt>
		<styleUrl>#__managed_style_0BED4BCA582A5431B33B</styleUrl>
		<Point>
			<coordinates>104.6934125720628,17.51005399980937,173.3719908410753</coordinates>
		</Point>
	</Placemark>
	<Placemark id="079BFCAAC52A042DB53E">
		<name>md575-db-212-0302-298+322</name>
		<LookAt>
			<longitude>104.6934015873264</longitude>
			<latitude>17.50987946656951</latitude>
			<altitude>172.2174944212342</altitude>
			<heading>161.4706632944181</heading>
			<tilt>1.866012790224044</tilt>
			<gx:fovy>35</gx:fovy>
			<range>149.1811465015963</range>
			<altitudeMode>absolute</altitudeMode>
		</LookAt>
		<styleUrl>#__managed_style_0BED4BCA582A5431B33B</styleUrl>
		<Point>
			<coordinates>104.6936064823853,17.50969049787294,174.2311485351163</coordinates>
		</Point>
	</Placemark>
	<Placemark id="0113624A242A042E9015">
		<name>md576-db-212-0302-298+467</name>
		<LookAt>
			<longitude>104.6940061775091</longitude>
			<latitude>17.5086343399127</latitude>
			<altitude>170.0505293924626</altitude>
			<heading>161.4708260640495</heading>
			<tilt>1.86564220500619</tilt>
			<gx:fovy>35</gx:fovy>
			<range>151.3501062496835</range>
			<altitudeMode>absolute</altitudeMode>
		</LookAt>
		<styleUrl>#__managed_style_0BED4BCA582A5431B33B</styleUrl>
		<Point>
			<coordinates>104.6943141870731,17.50848356829645,170.2229466590695</coordinates>
		</Point>
	</Placemark>
	<Placemark id="08A5EA23C82A042F31E6">
		<name>md577-db-212-0302-298+511</name>
		<LookAt>
			<longitude>104.6944053360072</longitude>
			<latitude>17.50836830685777</latitude>
			<altitude>170.1750257313045</altitude>
			<heading>161.4708294301916</heading>
			<tilt>0</tilt>
			<gx:fovy>35</gx:fovy>
			<range>142.2662951534039</range>
			<altitudeMode>absolute</altitudeMode>
		</LookAt>
		<styleUrl>#__managed_style_0BED4BCA582A5431B33B</styleUrl>
		<Point>
			<coordinates>104.6945193973086,17.5082319434036,171.0391839189354</coordinates>
		</Point>
	</Placemark>
	<Placemark id="090CE4DFB32A042F68D6">
		<name>md578-db-212-0302-298+546</name>
		<LookAt>
			<longitude>104.6945526196907</longitude>
			<latitude>17.50810598316894</latitude>
			<altitude>171.3161839857285</altitude>
			<heading>161.4708737415568</heading>
			<tilt>0</tilt>
			<gx:fovy>35</gx:fovy>
			<range>141.125134460126</range>
			<altitudeMode>absolute</altitudeMode>
		</LookAt>
		<styleUrl>#__managed_style_0BED4BCA582A5431B33B</styleUrl>
		<Point>
			<coordinates>104.6947456540166,17.50799713801462,172.2219127084915</coordinates>
		</Point>
	</Placemark>
	<Placemark id="083317C59C2A042F912D">
		<name>md579-db-212-0302-298+581</name>
		<LookAt>
			<longitude>104.6948513295153</longitude>
			<latitude>17.50776362988793</latitude>
			<altitude>171.8749718770749</altitude>
			<heading>161.4709636078522</heading>
			<tilt>0</tilt>
			<gx:fovy>35</gx:fovy>
			<range>140.5663457171613</range>
			<altitudeMode>absolute</altitudeMode>
		</LookAt>
		<styleUrl>#__managed_style_0BED4BCA582A5431B33B</styleUrl>
		<Point>
			<coordinates>104.694994048844,17.50778126182892,171.9800438028289</coordinates>
		</Point>
	</Placemark>
	<Placemark id="00EBB1B8582A042FBB25">
		<name>md580-db-212-0302-298+616</name>
		<LookAt>
			<longitude>104.6950233851804</longitude>
			<latitude>17.50754685104247</latitude>
			<altitude>169.6413531949864</altitude>
			<heading>161.4710153694616</heading>
			<tilt>0</tilt>
			<gx:fovy>35</gx:fovy>
			<range>142.7999593786626</range>
			<altitudeMode>absolute</altitudeMode>
		</LookAt>
		<styleUrl>#__managed_style_0BED4BCA582A5431B33B</styleUrl>
		<Point>
			<coordinates>104.6952580929551,17.50757655307825,170.0131424759972</coordinates>
		</Point>
	</Placemark>
	<Placemark id="0D2443FC262A042FF568">
		<name>md581-db-212-0302-298+651</name>
		<LookAt>
			<longitude>104.695269992544</longitude>
			<latitude>17.5074464176652</latitude>
			<altitude>168.6658244238062</altitude>
			<heading>161.4710895572708</heading>
			<tilt>0</tilt>
			<gx:fovy>35</gx:fovy>
			<range>143.7754813581159</range>
			<altitudeMode>absolute</altitudeMode>
		</LookAt>
		<styleUrl>#__managed_style_0BED4BCA582A5431B33B</styleUrl>
		<Point>
			<coordinates>104.6955405340726,17.50739469466335,169.4445963292077</coordinates>
		</Point>
	</Placemark>
	<Placemark id="0C3745A2BA2A0430283D">
		<name>md582-db-212-0302-298+686</name>
		<LookAt>
			<longitude>104.69545998322</longitude>
			<latitude>17.50729592901809</latitude>
			<altitude>168.00258314008</altitude>
			<heading>161.4711467127979</heading>
			<tilt>0</tilt>
			<gx:fovy>35</gx:fovy>
			<range>144.4387199525954</range>
			<altitudeMode>absolute</altitudeMode>
		</LookAt>
		<styleUrl>#__managed_style_0BED4BCA582A5431B33B</styleUrl>
		<Point>
			<coordinates>104.6958225926101,17.50721904649778,171.2017364683213</coordinates>
		</Point>
	</Placemark>
	<Placemark id="034CB658762A043066AB">
		<name>md583-db-212-0302-298+721</name>
		<LookAt>
			<longitude>104.695726219238</longitude>
			<latitude>17.50710048426508</latitude>
			<altitude>169.6001581540585</altitude>
			<heading>161.4712268051067</heading>
			<tilt>0</tilt>
			<gx:fovy>35</gx:fovy>
			<range>142.8411343839252</range>
			<altitudeMode>absolute</altitudeMode>
		</LookAt>
		<styleUrl>#__managed_style_0BED4BCA582A5431B33B</styleUrl>
		<Point>
			<coordinates>104.6961075833208,17.5070456219875,174.5382684502017</coordinates>
		</Point>
	</Placemark>
	<Placemark id="0F805331EA2A0430A184">
		<name>md584-db-212-0302-298+756</name>
		<LookAt>
			<longitude>104.6961915599193</longitude>
			<latitude>17.50683606820039</latitude>
			<altitude>174.1015509900471</altitude>
			<heading>161.4713667920408</heading>
			<tilt>0</tilt>
			<gx:fovy>35</gx:fovy>
			<range>138.3397548682661</range>
			<altitudeMode>absolute</altitudeMode>
		</LookAt>
		<styleUrl>#__managed_style_0BED4BCA582A5431B33B</styleUrl>
		<Point>
			<coordinates>104.6964657178666,17.50682546574719,176.5162987857781</coordinates>
		</Point>
	</Placemark>
	<Placemark id="06F7CADC0A2A0430D45A">
		<name>md585-db-212-0302-298+791</name>
		<LookAt>
			<longitude>104.6964693873729</longitude>
			<latitude>17.50666094594167</latitude>
			<altitude>174.4676844347119</altitude>
			<heading>161.4714503689011</heading>
			<tilt>0</tilt>
			<gx:fovy>35</gx:fovy>
			<range>137.9736183311798</range>
			<altitudeMode>absolute</altitudeMode>
		</LookAt>
		<styleUrl>#__managed_style_0BED4BCA582A5431B33B</styleUrl>
		<Point>
			<coordinates>104.6967858775777,17.5066197356082,174.4791184289986</coordinates>
		</Point>
	</Placemark>
	<Placemark id="0C82F163922A0430FF4C">
		<name>md586-db-212-0302-298+826</name>
		<LookAt>
			<longitude>104.6967866715574</longitude>
			<latitude>17.50647536243622</latitude>
			<altitude>173.2401050252838</altitude>
			<heading>161.4715458148198</heading>
			<tilt>0</tilt>
			<gx:fovy>35</gx:fovy>
			<range>139.2011851148709</range>
			<altitudeMode>absolute</altitudeMode>
		</LookAt>
		<styleUrl>#__managed_style_0BED4BCA582A5431B33B</styleUrl>
		<Point>
			<coordinates>104.6970648658164,17.50644354921132,173.8836405596763</coordinates>
		</Point>
	</Placemark>
	<Placemark id="0258AAA1CB2A043134DE">
		<name>md587-db-212-0302-298+861</name>
		<LookAt>
			<longitude>104.6971759382924</longitude>
			<latitude>17.50613525472211</latitude>
			<altitude>173.8346725887075</altitude>
			<heading>161.4716629129259</heading>
			<tilt>0</tilt>
			<gx:fovy>35</gx:fovy>
			<range>138.6066101584948</range>
			<altitudeMode>absolute</altitudeMode>
		</LookAt>
		<styleUrl>#__managed_style_0BED4BCA582A5431B33B</styleUrl>
		<Point>
			<coordinates>104.6973504899204,17.50626130030967,174.2888602831911</coordinates>
		</Point>
	</Placemark>
	<Placemark id="0906F3121E2A04315A89">
		<name>md588-db-212-0302-298+896</name>
		<LookAt>
			<longitude>104.6971759382924</longitude>
			<latitude>17.50613525471155</latitude>
			<altitude>173.8346631572466</altitude>
			<heading>161.4716629129259</heading>
			<tilt>0</tilt>
			<gx:fovy>35</gx:fovy>
			<range>138.6066101584948</range>
			<altitudeMode>absolute</altitudeMode>
		</LookAt>
		<styleUrl>#__managed_style_0BED4BCA582A5431B33B</styleUrl>
		<Point>
			<coordinates>104.6976351934411,17.50608441368655,173.1196522288923</coordinates>
		</Point>
	</Placemark>
	<Placemark id="0910DFE4632A043187C3">
		<name>md589-db-212-0302-298+931</name>
		<LookAt>
			<longitude>104.6976405635244</longitude>
			<latitude>17.50589975923591</latitude>
			<altitude>171.912483271184</altitude>
			<heading>161.4718026777159</heading>
			<tilt>0</tilt>
			<gx:fovy>35</gx:fovy>
			<range>140.5287864173988</range>
			<altitudeMode>absolute</altitudeMode>
		</LookAt>
		<styleUrl>#__managed_style_0BED4BCA582A5431B33B</styleUrl>
		<Point>
			<coordinates>104.6979524037015,17.50588766018442,172.7206217601888</coordinates>
		</Point>
	</Placemark>
	<Placemark id="0E74CD9BF22A0431ACD8">
		<name>md590-db-212-0302-298+966</name>
		<LookAt>
			<longitude>104.6979637250468</longitude>
			<latitude>17.50564654515467</latitude>
			<altitude>171.3331510720806</altitude>
			<heading>161.4718998878834</heading>
			<tilt>0</tilt>
			<gx:fovy>35</gx:fovy>
			<range>141.1081221021959</range>
			<altitudeMode>absolute</altitudeMode>
		</LookAt>
		<styleUrl>#__managed_style_0BED4BCA582A5431B33B</styleUrl>
		<Point>
			<coordinates>104.698291885583,17.5056494256117,172.4338814673846</coordinates>
		</Point>
	</Placemark>
	<Placemark id="002BFF20682A0432B82B">
		<name>md590-db-212-0302-299+654</name>
		<LookAt>
			<longitude>104.7024330584465</longitude>
			<latitude>17.50157629741288</latitude>
			<altitude>171.9195636203697</altitude>
			<heading>94.87897291757366</heading>
			<tilt>0</tilt>
			<gx:fovy>35</gx:fovy>
			<range>396.9910672611877</range>
			<altitudeMode>absolute</altitudeMode>
		</LookAt>
		<styleUrl>#__managed_style_0BED4BCA582A5431B33B</styleUrl>
		<Point>
			<coordinates>104.7027194848212,17.50111877813065,173.1113481631984</coordinates>
		</Point>
	</Placemark>
	<Placemark id="0651BBDD492A0433AE4F">
		<name>md591-db-212-0302-299+689</name>
		<LookAt>
			<longitude>104.7029585238915</longitude>
			<latitude>17.50105792028894</latitude>
			<altitude>173.3137005789769</altitude>
			<heading>149.7021101719745</heading>
			<tilt>15.78531652321602</tilt>
			<gx:fovy>35</gx:fovy>
			<range>161.8771980468955</range>
			<altitudeMode>absolute</altitudeMode>
		</LookAt>
		<styleUrl>#__managed_style_0BED4BCA582A5431B33B</styleUrl>
		<Point>
			<coordinates>104.703027437819,17.50087198136648,172.4728007235049</coordinates>
		</Point>
	</Placemark>
	<Placemark id="011F6073B22A0433E9F1">
		<name>md592-db-212-0302-299+724</name>
		<LookAt>
			<longitude>104.7032036908695</longitude>
			<latitude>17.50075236257539</latitude>
			<altitude>172.4582153017289</altitude>
			<heading>149.7021839007049</heading>
			<tilt>15.78531869808542</tilt>
			<gx:fovy>35</gx:fovy>
			<range>162.7662096367385</range>
			<altitudeMode>absolute</altitudeMode>
		</LookAt>
		<styleUrl>#__managed_style_0BED4BCA582A5431B33B</styleUrl>
		<Point>
			<coordinates>104.7033232001979,17.50067227907556,173.1272755775343</coordinates>
		</Point>
	</Placemark>
	<Placemark id="0C1559BA892A043414D2">
		<name>md593-db-212-0302-299+759</name>
		<LookAt>
			<longitude>104.7034330597225</longitude>
			<latitude>17.50052000454017</latitude>
			<altitude>173.8811585886472</altitude>
			<heading>149.7022528770114</heading>
			<tilt>15.78531508059403</tilt>
			<gx:fovy>35</gx:fovy>
			<range>161.2874903863849</range>
			<altitudeMode>absolute</altitudeMode>
		</LookAt>
		<styleUrl>#__managed_style_0BED4BCA582A5431B33B</styleUrl>
		<Point>
			<coordinates>104.7036268820727,17.50051664344594,175.3221395172358</coordinates>
		</Point>
	</Placemark>
	<Placemark id="07E6BC5D452A0434405B">
		<name>md594-db-212-0302-299+794</name>
		<LookAt>
			<longitude>104.7034330597225</longitude>
			<latitude>17.50052000449791</latitude>
			<altitude>173.8811585886472</altitude>
			<heading>149.7022528770869</heading>
			<tilt>15.78531508063049</tilt>
			<gx:fovy>35</gx:fovy>
			<range>161.2874903863849</range>
			<altitudeMode>absolute</altitudeMode>
		</LookAt>
		<styleUrl>#__managed_style_0BED4BCA582A5431B33B</styleUrl>
		<Point>
			<coordinates>104.7039110882388,17.50040031835439,176.9821096006802</coordinates>
		</Point>
	</Placemark>
	<Placemark id="0844BB04DB2A0434FF2C">
		<name>md595-db-212-0302-299+829</name>
		<LookAt>
			<longitude>104.7039956834183</longitude>
			<latitude>17.50017002796133</latitude>
			<altitude>177.7721307284243</altitude>
			<heading>111.9184952535527</heading>
			<tilt>0</tilt>
			<gx:fovy>35</gx:fovy>
			<range>424.7688638314867</range>
			<altitudeMode>absolute</altitudeMode>
		</LookAt>
		<styleUrl>#__managed_style_0BED4BCA582A5431B33B</styleUrl>
		<Point>
			<coordinates>104.7042250926686,17.50026049948021,176.5548690259529</coordinates>
		</Point>
	</Placemark>
	<Placemark id="056EFE68542A043536D4">
		<name>md596-db-212-0302-299+864</name>
		<LookAt>
			<longitude>104.7044770090517</longitude>
			<latitude>17.5000758479549</latitude>
			<altitude>175.5424758020253</altitude>
			<heading>111.9185909040114</heading>
			<tilt>0</tilt>
			<gx:fovy>35</gx:fovy>
			<range>249.0905874234159</range>
			<altitudeMode>absolute</altitudeMode>
		</LookAt>
		<styleUrl>#__managed_style_0BED4BCA582A5431B33B</styleUrl>
		<Point>
			<coordinates>104.704526001168,17.50013185096991,175.9956459598194</coordinates>
		</Point>
	</Placemark>
	<Placemark id="0045ADB0DF2A04355F7E">
		<name>md597-db-212-0302-299+899</name>
		<LookAt>
			<longitude>104.7044770090517</longitude>
			<latitude>17.50007584793376</latitude>
			<altitude>175.5424758020253</altitude>
			<heading>111.9185909040114</heading>
			<tilt>0</tilt>
			<gx:fovy>35</gx:fovy>
			<range>249.0905874234159</range>
			<altitudeMode>absolute</altitudeMode>
		</LookAt>
		<styleUrl>#__managed_style_0BED4BCA582A5431B33B</styleUrl>
		<Point>
			<coordinates>104.704823376982,17.49999344498995,176.7456660065511</coordinates>
		</Point>
	</Placemark>
	<Placemark id="0C75701CB52A04367BB3">
		<name>md598-db-212-0302-299+934</name>
		<LookAt>
			<longitude>104.7049696864416</longitude>
			<latitude>17.49974132855665</latitude>
			<altitude>175.9807715366266</altitude>
			<heading>111.9187390581528</heading>
			<tilt>0</tilt>
			<gx:fovy>34.99999999999999</gx:fovy>
			<range>248.6522990195227</range>
			<altitudeMode>absolute</altitudeMode>
		</LookAt>
		<styleUrl>#__managed_style_0BED4BCA582A5431B33B</styleUrl>
		<Point>
			<coordinates>104.7051240311269,17.4998657952878,176.7848621740527</coordinates>
		</Point>
	</Placemark>
	<Placemark id="0A6E69C8412A0436B81C">
		<name>md599-db-212-0302-299+969</name>
		<LookAt>
			<longitude>104.7049696864416</longitude>
			<latitude>17.49974132855665</latitude>
			<altitude>175.9807715366266</altitude>
			<heading>111.9187390581528</heading>
			<tilt>0</tilt>
			<gx:fovy>34.99999999999999</gx:fovy>
			<range>248.6522990195227</range>
			<altitudeMode>absolute</altitudeMode>
		</LookAt>
		<styleUrl>#__managed_style_0BED4BCA582A5431B33B</styleUrl>
		<Point>
			<coordinates>104.7054211964182,17.49973314077852,175.3342433177161</coordinates>
		</Point>
	</Placemark>
	<Placemark id="031CD821E12A043737D7">
		<name>md600-db-212-0302-300+004</name>
		<LookAt>
			<longitude>104.7054108129854</longitude>
			<latitude>17.49967214181847</latitude>
			<altitude>174.8981205865209</altitude>
			<heading>96.72591089555495</heading>
			<tilt>0</tilt>
			<gx:fovy>37.44903618836062</gx:fovy>
			<range>451.2788457168062</range>
			<altitudeMode>absolute</altitudeMode>
		</LookAt>
		<styleUrl>#__managed_style_0BED4BCA582A5431B33B</styleUrl>
		<Point>
			<coordinates>104.7057231040309,17.49959293765827,174.4458042961694</coordinates>
		</Point>
	</Placemark>
	<Placemark id="025B90CCF02A0437BFFB">
		<name>md601-db-212-0302-300+039</name>
		<LookAt>
			<longitude>104.7058458630355</longitude>
			<latitude>17.4994935319073</latitude>
			<altitude>174.4436772162136</altitude>
			<heading>96.72597180672069</heading>
			<tilt>0</tilt>
			<gx:fovy>37.44903618836062</gx:fovy>
			<range>167.6813904225673</range>
			<altitudeMode>absolute</altitudeMode>
		</LookAt>
		<styleUrl>#__managed_style_0BED4BCA582A5431B33B</styleUrl>
		<Point>
			<coordinates>104.7060053635806,17.4994573726955,176.2819585126504</coordinates>
		</Point>
	</Placemark>
	<Placemark id="03F112A8732A0438019B">
		<name>md602-db-212-0302-300+074</name>
		<LookAt>
			<longitude>104.7062813470344</longitude>
			<latitude>17.49895919241903</latitude>
			<altitude>176.7877627205332</altitude>
			<heading>96.72610275741866</heading>
			<tilt>0</tilt>
			<gx:fovy>37.44903618836062</gx:fovy>
			<range>165.3373123225174</range>
			<altitudeMode>absolute</altitudeMode>
		</LookAt>
		<styleUrl>#__managed_style_0BED4BCA582A5431B33B</styleUrl>
		<Point>
			<coordinates>104.7062944853423,17.49931526126146,178.4917392315642</coordinates>
		</Point>
	</Placemark>
	<Placemark id="04A88329992A04385C63">
		<name>md603-db-212-0302-300+109</name>
		<LookAt>
			<longitude>104.7062813470344</longitude>
			<latitude>17.49895919241903</latitude>
			<altitude>176.7877627205332</altitude>
			<heading>96.72610275741866</heading>
			<tilt>0</tilt>
			<gx:fovy>37.44903618836062</gx:fovy>
			<range>165.3373123225174</range>
			<altitudeMode>absolute</altitudeMode>
		</LookAt>
		<styleUrl>#__managed_style_0BED4BCA582A5431B33B</styleUrl>
		<Point>
			<coordinates>104.706580465526,17.49917848836447,178.9689871845702</coordinates>
		</Point>
	</Placemark>
	<Placemark id="012A7E439B2A04389995">
		<name>md604-db-212-0302-300+144</name>
		<LookAt>
			<longitude>104.706828213407</longitude>
			<latitude>17.49866352040717</latitude>
			<altitude>176.211466392259</altitude>
			<heading>96.72626719794191</heading>
			<tilt>0</tilt>
			<gx:fovy>37.44903618836062</gx:fovy>
			<range>165.9136580969971</range>
			<altitudeMode>absolute</altitudeMode>
		</LookAt>
		<styleUrl>#__managed_style_0BED4BCA582A5431B33B</styleUrl>
		<Point>
			<coordinates>104.7068833081874,17.49905386387652,178.0597127140777</coordinates>
		</Point>
	</Placemark>
	<Placemark id="0E8AF20E802A0438CD43">
		<name>md605-db-212-0302-300+179</name>
		<LookAt>
			<longitude>104.706828213407</longitude>
			<latitude>17.49866352040717</latitude>
			<altitude>176.211466392259</altitude>
			<heading>96.72626719794192</heading>
			<tilt>0</tilt>
			<gx:fovy>37.44903618836062</gx:fovy>
			<range>165.9136580969971</range>
			<altitudeMode>absolute</altitudeMode>
		</LookAt>
		<styleUrl>#__managed_style_0BED4BCA582A5431B33B</styleUrl>
		<Point>
			<coordinates>104.7071831474882,17.49891754924588,177.1860307860432</coordinates>
		</Point>
	</Placemark>
	<Placemark id="0C98831F382A0439097A">
		<name>md606-db-212-0302-300+214</name>
		<LookAt>
			<longitude>104.7074284675694</longitude>
			<latitude>17.49842974513956</latitude>
			<altitude>175.9825753901656</altitude>
			<heading>96.72644768954487</heading>
			<tilt>0</tilt>
			<gx:fovy>37.44903618836062</gx:fovy>
			<range>166.1425484794745</range>
			<altitudeMode>absolute</altitudeMode>
		</LookAt>
		<styleUrl>#__managed_style_0BED4BCA582A5431B33B</styleUrl>
		<Point>
			<coordinates>104.7074841407923,17.49878092872653,175.7432347799646</coordinates>
		</Point>
	</Placemark>
	<Placemark id="06947BE0862A04396915">
		<name>md607-db-212-0302-300+249</name>
		<LookAt>
			<longitude>104.7077702028178</longitude>
			<latitude>17.49836227086002</latitude>
			<altitude>174.9932154191043</altitude>
			<heading>96.72655044492224</heading>
			<tilt>0</tilt>
			<gx:fovy>37.44903618836062</gx:fovy>
			<range>167.1318843081463</range>
			<altitudeMode>absolute</altitudeMode>
		</LookAt>
		<styleUrl>#__managed_style_0BED4BCA582A5431B33B</styleUrl>
		<Point>
			<coordinates>104.7077904687754,17.49865128079236,174.9112066629958</coordinates>
		</Point>
	</Placemark>
	<Placemark id="0887B9BE622A0439D9E4">
		<name>md608-db-212-0302-300+284</name>
		<LookAt>
			<longitude>104.7077747620342</longitude>
			<latitude>17.49882422690446</latitude>
			<altitude>174.04952892487</altitude>
			<heading>96.72680465540186</heading>
			<tilt>0</tilt>
			<gx:fovy>35</gx:fovy>
			<range>148.8726758317171</range>
			<altitudeMode>absolute</altitudeMode>
		</LookAt>
		<styleUrl>#__managed_style_0BED4BCA582A5431B33B</styleUrl>
		<Point>
			<coordinates>104.7080874064211,17.49853761847844,172.8363559547405</coordinates>
		</Point>
	</Placemark>
	<Placemark id="023EFD41D12A043A179B">
		<name>md609-db-212-0302-300+319</name>
		<LookAt>
			<longitude>104.7082823613882</longitude>
			<latitude>17.49814809519741</latitude>
			<altitude>172.749313660637</altitude>
			<heading>96.72692946993315</heading>
			<tilt>0</tilt>
			<gx:fovy>35</gx:fovy>
			<range>344.3620400589498</range>
			<altitudeMode>absolute</altitudeMode>
		</LookAt>
		<styleUrl>#__managed_style_0BED4BCA582A5431B33B</styleUrl>
		<Point>
			<coordinates>104.7083770223781,17.49839021536548,171.7556808580534</coordinates>
		</Point>
	</Placemark>
	<Placemark id="017D76F5D82A043A594C">
		<name>md610-db-212-0302-300+354</name>
		<LookAt>
			<longitude>104.7087461203241</longitude>
			<latitude>17.49757293952352</latitude>
			<altitude>169.2562613129318</altitude>
			<heading>96.72706891927953</heading>
			<tilt>0</tilt>
			<gx:fovy>35</gx:fovy>
			<range>347.8550201704638</range>
			<altitudeMode>absolute</altitudeMode>
		</LookAt>
		<styleUrl>#__managed_style_0BED4BCA582A5431B33B</styleUrl>
		<Point>
			<coordinates>104.7086715481229,17.49825724791087,171.8020133777063</coordinates>
		</Point>
	</Placemark>
	<Placemark id="01B49F96472A043A8900">
		<name>md611-db-212-0302-300+389</name>
		<LookAt>
			<longitude>104.7087461203685</longitude>
			<latitude>17.49757293948126</latitude>
			<altitude>169.2562235828443</altitude>
			<heading>96.72706891927955</heading>
			<tilt>0</tilt>
			<gx:fovy>35</gx:fovy>
			<range>347.8549969928645</range>
			<altitudeMode>absolute</altitudeMode>
		</LookAt>
		<styleUrl>#__managed_style_0BED4BCA582A5431B33B</styleUrl>
		<Point>
			<coordinates>104.708953959876,17.49812654417536,170.0281926131769</coordinates>
		</Point>
	</Placemark>
	<Placemark id="08FAE992662A043ACD4C">
		<name>md612-db-212-0302-300+424</name>
		<LookAt>
			<longitude>104.7096835200038</longitude>
			<latitude>17.49720422338441</latitude>
			<altitude>167.9739665345096</altitude>
			<heading>96.72735077861257</heading>
			<tilt>0</tilt>
			<gx:fovy>35</gx:fovy>
			<range>349.1371817894469</range>
			<altitudeMode>absolute</altitudeMode>
		</LookAt>
		<styleUrl>#__managed_style_0BED4BCA582A5431B33B</styleUrl>
		<Point>
			<coordinates>104.709254836198,17.49799892634101,169.0449488058641</coordinates>
		</Point>
	</Placemark>
	<Placemark id="0621A633E62A043B3029">
		<name>md613-db-212-0302-300+459</name>
		<LookAt>
			<longitude>104.7093878159245</longitude>
			<latitude>17.49799118464087</latitude>
			<altitude>168.5684903966149</altitude>
			<heading>96.72798118465124</heading>
			<tilt>0</tilt>
			<gx:fovy>35</gx:fovy>
			<range>364.7286601683663</range>
			<altitudeMode>absolute</altitudeMode>
		</LookAt>
		<styleUrl>#__managed_style_0BED4BCA582A5431B33B</styleUrl>
		<Point>
			<coordinates>104.7095615345513,17.49785759154128,167.8070800005269</coordinates>
		</Point>
	</Placemark>
	<Placemark id="01C2AD69B42A044BE4E7">
		<name>md614-db-212-0302-300+494</name>
		<LookAt>
			<longitude>104.7093878159689</longitude>
			<latitude>17.49799118470427</latitude>
			<altitude>168.5684903966149</altitude>
			<heading>96.72798118465124</heading>
			<tilt>0</tilt>
			<gx:fovy>35</gx:fovy>
			<range>364.7286138131677</range>
			<altitudeMode>absolute</altitudeMode>
		</LookAt>
		<styleUrl>#__managed_style_0BED4BCA582A5431B33B</styleUrl>
		<Point>
			<coordinates>104.7098778702175,17.49773824694556,165.9607498717954</coordinates>
		</Point>
	</Placemark>
	<Placemark id="03085898082A044C2183">
		<name>md615-db-212-0302-300+529</name>
		<LookAt>
			<longitude>104.7102573009777</longitude>
			<latitude>17.497506534707</latitude>
			<altitude>164.8592653102654</altitude>
			<heading>96.72824261692426</heading>
			<tilt>0</tilt>
			<gx:fovy>35</gx:fovy>
			<range>368.4378409267083</range>
			<altitudeMode>absolute</altitudeMode>
		</LookAt>
		<styleUrl>#__managed_style_0BED4BCA582A5431B33B</styleUrl>
		<Point>
			<coordinates>104.7101556635115,17.49757851195271,165.3283306884317</coordinates>
		</Point>
	</Placemark>
	<Placemark id="0CFD636ACB2A044C6BCE">
		<name>md616-db-212-0302-300+564</name>
		<LookAt>
			<longitude>104.7102573009777</longitude>
			<latitude>17.49750653466474</latitude>
			<altitude>164.8592653102654</altitude>
			<heading>96.72824261692426</heading>
			<tilt>0</tilt>
			<gx:fovy>35</gx:fovy>
			<range>368.4378409267083</range>
			<altitudeMode>absolute</altitudeMode>
		</LookAt>
		<styleUrl>#__managed_style_0BED4BCA582A5431B33B</styleUrl>
		<Point>
			<coordinates>104.7104921162309,17.49743215493885,164.1306480469866</coordinates>
		</Point>
	</Placemark>
	<Placemark id="052E382C952A044CB65B">
		<name>md617-db-212-0302-300+599</name>
		<LookAt>
			<longitude>104.7111205455087</longitude>
			<latitude>17.49720735967008</latitude>
			<altitude>161.6995693532517</altitude>
			<heading>96.72850216823826</heading>
			<tilt>0</tilt>
			<gx:fovy>35</gx:fovy>
			<range>371.5975503370283</range>
			<altitudeMode>absolute</altitudeMode>
		</LookAt>
		<styleUrl>#__managed_style_0BED4BCA582A5431B33B</styleUrl>
		<Point>
			<coordinates>104.7107530389592,17.49732214914166,163.4576067725267</coordinates>
		</Point>
	</Placemark>
	<Placemark id="0FC32C81192A044CF53F">
		<name>md618-db-212-0302-300+634</name>
		<LookAt>
			<longitude>104.7111205454643</longitude>
			<latitude>17.49720735960668</latitude>
			<altitude>161.6995693532517</altitude>
			<heading>96.72850216823826</heading>
			<tilt>0</tilt>
			<gx:fovy>35</gx:fovy>
			<range>371.5975503370282</range>
			<altitudeMode>absolute</altitudeMode>
		</LookAt>
		<styleUrl>#__managed_style_0BED4BCA582A5431B33B</styleUrl>
		<Point>
			<coordinates>104.7110592737854,17.49718478837535,162.3221171382464</coordinates>
		</Point>
	</Placemark>
	<Placemark id="0785428D8A2A044D8F1C">
		<name>md619-db-212-0302-300+669</name>
		<LookAt>
			<longitude>104.7119269987889</longitude>
			<latitude>17.49674625439758</latitude>
			<altitude>159.921615689388</altitude>
			<heading>113.8183707835274</heading>
			<tilt>0</tilt>
			<gx:fovy>35</gx:fovy>
			<range>499.9999674237915</range>
			<altitudeMode>absolute</altitudeMode>
		</LookAt>
		<styleUrl>#__managed_style_0BED4BCA582A5431B33B</styleUrl>
		<Point>
			<coordinates>104.7113684374301,17.49704913378406,160.0610738710039</coordinates>
		</Point>
	</Placemark>
	<Placemark id="02000D57112A044DD09B">
		<name>md620-db-212-0302-300+704</name>
		<LookAt>
			<longitude>104.7119269987889</longitude>
			<latitude>17.49674625435532</latitude>
			<altitude>159.921615689388</altitude>
			<heading>113.8183707835274</heading>
			<tilt>0</tilt>
			<gx:fovy>35</gx:fovy>
			<range>499.9999674237915</range>
			<altitudeMode>absolute</altitudeMode>
		</LookAt>
		<styleUrl>#__managed_style_0BED4BCA582A5431B33B</styleUrl>
		<Point>
			<coordinates>104.7116830167801,17.49690424069272,161.3212564338467</coordinates>
		</Point>
	</Placemark>
	<Placemark id="03DFDEC6242A044E0843">
		<name>md621-db-212-0302-300+739</name>
		<LookAt>
			<longitude>104.7119269987889</longitude>
			<latitude>17.49674625431305</latitude>
			<altitude>159.921615689388</altitude>
			<heading>113.8183707835274</heading>
			<tilt>0</tilt>
			<gx:fovy>35</gx:fovy>
			<range>499.9999674237915</range>
			<altitudeMode>absolute</altitudeMode>
		</LookAt>
		<styleUrl>#__managed_style_0BED4BCA582A5431B33B</styleUrl>
		<Point>
			<coordinates>104.7120293063057,17.49676800391426,158.6588426779785</coordinates>
		</Point>
	</Placemark>
	<Placemark id="0864084E5D2A044E492B">
		<name>md622-db-212-0302-300+774</name>
		<LookAt>
			<longitude>104.7119269987889</longitude>
			<latitude>17.49674625427079</latitude>
			<altitude>159.921615689388</altitude>
			<heading>113.8183707835274</heading>
			<tilt>0</tilt>
			<gx:fovy>35</gx:fovy>
			<range>499.9999674237915</range>
			<altitudeMode>absolute</altitudeMode>
		</LookAt>
		<styleUrl>#__managed_style_0BED4BCA582A5431B33B</styleUrl>
		<Point>
			<coordinates>104.7123348693295,17.49663970759105,155.9485994463853</coordinates>
		</Point>
	</Placemark>
	<Placemark id="0C0E989C182A044E800B">
		<name>md623-db-212-0302-300+809</name>
		<LookAt>
			<longitude>104.7119269987889</longitude>
			<latitude>17.49674625422853</latitude>
			<altitude>159.921615689388</altitude>
			<heading>113.8183707835274</heading>
			<tilt>0</tilt>
			<gx:fovy>35</gx:fovy>
			<range>499.9999674237915</range>
			<altitudeMode>absolute</altitudeMode>
		</LookAt>
		<styleUrl>#__managed_style_0BED4BCA582A5431B33B</styleUrl>
		<Point>
			<coordinates>104.712643700291,17.49650654462517,156.2470812295647</coordinates>
		</Point>
	</Placemark>
	<Placemark id="0CBF8E80212A044EBC53">
		<name>md624-db-212-0302-300+844</name>
		<LookAt>
			<longitude>104.7119269987889</longitude>
			<latitude>17.49674625418626</latitude>
			<altitude>159.921615689388</altitude>
			<heading>113.8183707835274</heading>
			<tilt>0</tilt>
			<gx:fovy>35</gx:fovy>
			<range>499.9999674237915</range>
			<altitudeMode>absolute</altitudeMode>
		</LookAt>
		<styleUrl>#__managed_style_0BED4BCA582A5431B33B</styleUrl>
		<Point>
			<coordinates>104.7129645821769,17.49635912770409,155.3680612652265</coordinates>
		</Point>
	</Placemark>
	<Placemark id="06D7399A082A044EF848">
		<name>md625-db-212-0302-300+879</name>
		<LookAt>
			<longitude>104.7133199127147</longitude>
			<latitude>17.49598158477027</latitude>
			<altitude>156.5587918612988</altitude>
			<heading>113.8187895803338</heading>
			<tilt>0</tilt>
			<gx:fovy>35</gx:fovy>
			<range>503.3628053149005</range>
			<altitudeMode>absolute</altitudeMode>
		</LookAt>
		<styleUrl>#__managed_style_0BED4BCA582A5431B33B</styleUrl>
		<Point>
			<coordinates>104.7132801415514,17.49621564767353,155.7702004145949</coordinates>
		</Point>
	</Placemark>
	<Placemark id="0726CE941E2A044F3A6D">
		<name>md626-db-212-0302-300+914</name>
		<LookAt>
			<longitude>104.7133199127147</longitude>
			<latitude>17.49598158477027</latitude>
			<altitude>156.5587918612988</altitude>
			<heading>113.8187895803338</heading>
			<tilt>0</tilt>
			<gx:fovy>35</gx:fovy>
			<range>503.3628053149005</range>
			<altitudeMode>absolute</altitudeMode>
		</LookAt>
		<styleUrl>#__managed_style_0BED4BCA582A5431B33B</styleUrl>
		<Point>
			<coordinates>104.7135940714153,17.49606461955571,156.3526122919078</coordinates>
		</Point>
	</Placemark>
	<Placemark id="05C88C99442A044F70E8">
		<name>md627-db-212-0302-300+949</name>
		<LookAt>
			<longitude>104.7141444169135</longitude>
			<latitude>17.4958936755788</latitude>
			<altitude>149.4340563803055</altitude>
			<heading>113.8189915227629</heading>
			<tilt>0</tilt>
			<gx:fovy>35</gx:fovy>
			<range>359.2207122789115</range>
			<altitudeMode>absolute</altitudeMode>
		</LookAt>
		<styleUrl>#__managed_style_0BED4BCA582A5431B33B</styleUrl>
		<Point>
			<coordinates>104.713879591987,17.49594830463302,153.5109443627822</coordinates>
		</Point>
	</Placemark>
	<Placemark id="08BC9AC62E2A044FA890">
		<name>md628-db-212-0302-300+984</name>
		<LookAt>
			<longitude>104.714144416944</longitude>
			<latitude>17.49589367556824</latitude>
			<altitude>149.4340563803055</altitude>
			<heading>113.8189915227629</heading>
			<tilt>0</tilt>
			<gx:fovy>35</gx:fovy>
			<range>359.2207122789114</range>
			<altitudeMode>absolute</altitudeMode>
		</LookAt>
		<styleUrl>#__managed_style_0BED4BCA582A5431B33B</styleUrl>
		<Point>
			<coordinates>104.714178886559,17.49583058025689,150.0904007744608</coordinates>
		</Point>
	</Placemark>
	<Placemark id="0EB9CA259F2A044FDB97">
		<name>md629-db-212-0302-301+019</name>
		<LookAt>
			<longitude>104.7141444169745</longitude>
			<latitude>17.49589367555767</latitude>
			<altitude>149.4340563788908</altitude>
			<heading>113.8189915227629</heading>
			<tilt>0</tilt>
			<gx:fovy>35</gx:fovy>
			<range>359.2207122789114</range>
			<altitudeMode>absolute</altitudeMode>
		</LookAt>
		<styleUrl>#__managed_style_0BED4BCA582A5431B33B</styleUrl>
		<Point>
			<coordinates>104.7144629674549,17.49569588228653,150.3180290732781</coordinates>
		</Point>
	</Placemark>
	<Placemark id="06466B27882A04504EE0">
		<name>md630-db-212-0302-301+054</name>
		<LookAt>
			<longitude>104.7149090408673</longitude>
			<latitude>17.49545364422767</latitude>
			<altitude>152.5310297217036</altitude>
			<heading>113.8192214001376</heading>
			<tilt>0</tilt>
			<gx:fovy>35</gx:fovy>
			<range>356.1237446300584</range>
			<altitudeMode>absolute</altitudeMode>
		</LookAt>
		<styleUrl>#__managed_style_0BED4BCA582A5431B33B</styleUrl>
		<Point>
			<coordinates>104.7147716946492,17.49554652795928,152.8986931304116</coordinates>
		</Point>
	</Placemark>
	<Placemark id="02E2C700DA2A0450885B">
		<name>md631-db-212-0302-301+092</name>
		<LookAt>
			<longitude>104.7149090408562</longitude>
			<latitude>17.49545364422767</latitude>
			<altitude>152.5310297217036</altitude>
			<heading>113.8192214001376</heading>
			<tilt>0</tilt>
			<gx:fovy>35</gx:fovy>
			<range>356.1237446300584</range>
			<altitudeMode>absolute</altitudeMode>
		</LookAt>
		<styleUrl>#__managed_style_0BED4BCA582A5431B33B</styleUrl>
		<Point>
			<coordinates>104.7150735620474,17.49541297001049,151.5101238142161</coordinates>
		</Point>
	</Placemark>
	<Placemark id="0A25B9A5FC2A0450C965">
		<name>md632-db-212-0302-301+127</name>
		<LookAt>
			<longitude>104.7157212592667</longitude>
			<latitude>17.49510050479019</latitude>
			<altitude>146.143435183681</altitude>
			<heading>113.8194655834729</heading>
			<tilt>0</tilt>
			<gx:fovy>35</gx:fovy>
			<range>362.5113519480146</range>
			<altitudeMode>absolute</altitudeMode>
		</LookAt>
		<styleUrl>#__managed_style_0BED4BCA582A5431B33B</styleUrl>
		<Point>
			<coordinates>104.7153778185474,17.49530055485328,148.5214653879579</coordinates>
		</Point>
	</Placemark>
	<Placemark id="0EE7E593332A04510228">
		<name>md633-db-212-0302-301+162</name>
		<LookAt>
			<longitude>104.7157212592446</longitude>
			<latitude>17.49510050473736</latitude>
			<altitude>146.143435183681</altitude>
			<heading>113.8194655834729</heading>
			<tilt>0</tilt>
			<gx:fovy>35</gx:fovy>
			<range>362.5113519480147</range>
			<altitudeMode>absolute</altitudeMode>
		</LookAt>
		<styleUrl>#__managed_style_0BED4BCA582A5431B33B</styleUrl>
		<Point>
			<coordinates>104.7156866305666,17.49517975053209,146.5871136487796</coordinates>
		</Point>
	</Placemark>
	<Placemark id="0D651A97832A04513918">
		<name>md634-db-212-0302-301+197</name>
		<LookAt>
			<longitude>104.7157212592223</longitude>
			<latitude>17.49510050468453</latitude>
			<altitude>146.143435183681</altitude>
			<heading>113.8194655834729</heading>
			<tilt>0</tilt>
			<gx:fovy>35</gx:fovy>
			<range>362.5113519480147</range>
			<altitudeMode>absolute</altitudeMode>
		</LookAt>
		<styleUrl>#__managed_style_0BED4BCA582A5431B33B</styleUrl>
		<Point>
			<coordinates>104.7159904240441,17.4950429327323,146.5190449686518</coordinates>
		</Point>
	</Placemark>
	<Placemark id="0CE83C5CA22A04517C38">
		<name>md635-db-212-0302-301+232</name>
		<LookAt>
			<longitude>104.7162565270088</longitude>
			<latitude>17.49492964768666</latitude>
			<altitude>146.9960032522221</altitude>
			<heading>113.8195772910655</heading>
			<tilt>0</tilt>
			<gx:fovy>35</gx:fovy>
			<range>223.5578658375016</range>
			<altitudeMode>absolute</altitudeMode>
		</LookAt>
		<styleUrl>#__managed_style_0BED4BCA582A5431B33B</styleUrl>
		<Point>
			<coordinates>104.7162223922953,17.49492611170507,146.9412453545982</coordinates>
		</Point>
	</Placemark>
	<Placemark id="0EADD28BF72A04519ED3">
		<name>md636-db-212-0302-301+267</name>
		<LookAt>
			<longitude>104.7161166614296</longitude>
			<latitude>17.49482079933439</latitude>
			<altitude>146.4535580497177</altitude>
			<heading>113.8195772902213</heading>
			<tilt>0</tilt>
			<gx:fovy>35</gx:fovy>
			<range>181.6446076800639</range>
			<altitudeMode>absolute</altitudeMode>
		</LookAt>
		<styleUrl>#__managed_style_0BED4BCA582A5431B33B</styleUrl>
		<Point>
			<coordinates>104.7164679947042,17.49482081441626,148.9181104210465</coordinates>
		</Point>
	</Placemark>
	<Placemark id="0AE10969362A0451C268">
		<name>md637-db-212-0302-301+302</name>
		<LookAt>
			<longitude>104.7165431497632</longitude>
			<latitude>17.4946511274502</latitude>
			<altitude>149.5279438543349</altitude>
			<heading>113.8197055038612</heading>
			<tilt>0</tilt>
			<gx:fovy>35</gx:fovy>
			<range>178.570226601787</range>
			<altitudeMode>absolute</altitudeMode>
		</LookAt>
		<styleUrl>#__managed_style_0BED4BCA582A5431B33B</styleUrl>
		<Point>
			<coordinates>104.716773443239,17.49468708059531,149.8209277594836</coordinates>
		</Point>
	</Placemark>
	<Placemark id="0A510EEF522A0451F443">
		<name>md638-db-212-0302-301+337</name>
		<LookAt>
			<longitude>104.7168523544778</longitude>
			<latitude>17.49451096679646</latitude>
			<altitude>148.8360578588039</altitude>
			<heading>113.8197984586911</heading>
			<tilt>0</tilt>
			<gx:fovy>35</gx:fovy>
			<range>179.2621358866745</range>
			<altitudeMode>absolute</altitudeMode>
		</LookAt>
		<styleUrl>#__managed_style_0BED4BCA582A5431B33B</styleUrl>
		<Point>
			<coordinates>104.7170691588957,17.49454751690991,147.6872981972384</coordinates>
		</Point>
	</Placemark>
	<Placemark id="0E7C39EE412A045216CD">
		<name>md639-db-212-0302-301+372</name>
		<LookAt>
			<longitude>104.7171423458135</longitude>
			<latitude>17.49440672727879</latitude>
			<altitude>146.7358183446585</altitude>
			<heading>113.8198856362445</heading>
			<tilt>0</tilt>
			<gx:fovy>35</gx:fovy>
			<range>181.36237405266</range>
			<altitudeMode>absolute</altitudeMode>
		</LookAt>
		<styleUrl>#__managed_style_0BED4BCA582A5431B33B</styleUrl>
		<Point>
			<coordinates>104.7173965325217,17.49441011745068,145.9525705283411</coordinates>
		</Point>
	</Placemark>
	<Placemark id="0AB31F824B2A04523989">
		<name>md640-db-212-0302-301+407</name>
		<LookAt>
			<longitude>104.7174359010735</longitude>
			<latitude>17.49425746514993</latitude>
			<altitude>146.3164114792828</altitude>
			<heading>113.8199738851367</heading>
			<tilt>0</tilt>
			<gx:fovy>35</gx:fovy>
			<range>181.781772713075</range>
			<altitudeMode>absolute</altitudeMode>
		</LookAt>
		<styleUrl>#__managed_style_0BED4BCA582A5431B33B</styleUrl>
		<Point>
			<coordinates>104.7176896574303,17.49429410858178,147.392071004746</coordinates>
		</Point>
	</Placemark>
	<Placemark id="038B1FE6442A04525D0E">
		<name>md641-db-212-0302-301+442</name>
		<LookAt>
			<longitude>104.7178714399691</longitude>
			<latitude>17.49407630756688</latitude>
			<altitude>148.511071877612</altitude>
			<heading>113.8201048147547</heading>
			<tilt>0</tilt>
			<gx:fovy>35</gx:fovy>
			<range>179.5871090072978</range>
			<altitudeMode>absolute</altitudeMode>
		</LookAt>
		<styleUrl>#__managed_style_0BED4BCA582A5431B33B</styleUrl>
		<Point>
			<coordinates>104.7180058792046,17.49413713352418,148.2988697676491</coordinates>
		</Point>
	</Placemark>
	<Placemark id="090996F4A92A0452801D">
		<name>md642-db-212-0302-301+477</name>
		<LookAt>
			<longitude>104.7181262878418</longitude>
			<latitude>17.49397566337334</latitude>
			<altitude>148.3877295268839</altitude>
			<heading>113.8201814261254</heading>
			<tilt>0</tilt>
			<gx:fovy>35</gx:fovy>
			<range>179.7104486022909</range>
			<altitudeMode>absolute</altitudeMode>
		</LookAt>
		<styleUrl>#__managed_style_0BED4BCA582A5431B33B</styleUrl>
		<Point>
			<coordinates>104.7182886930469,17.49401375203622,148.1012884872441</coordinates>
		</Point>
	</Placemark>
	<Placemark id="04E7A73C9F2A0452A17B">
		<name>md643-db-212-0302-301+512</name>
		<LookAt>
			<longitude>104.7184468931392</longitude>
			<latitude>17.49383955541693</latitude>
			<altitude>147.1154415143008</altitude>
			<heading>113.8202778033829</heading>
			<tilt>0</tilt>
			<gx:fovy>35</gx:fovy>
			<range>180.9827365639467</range>
			<altitudeMode>absolute</altitudeMode>
		</LookAt>
		<styleUrl>#__managed_style_0BED4BCA582A5431B33B</styleUrl>
		<Point>
			<coordinates>104.7186276553821,17.49386955349285,146.1201441289797</coordinates>
		</Point>
	</Placemark>
	<Placemark id="092D49B9762A0452BD92">
		<name>md644-db-212-0302-301+547</name>
		<LookAt>
			<longitude>104.718446893117</longitude>
			<latitude>17.4938395554275</latitude>
			<altitude>147.1154415143008</altitude>
			<heading>113.8202778033829</heading>
			<tilt>0</tilt>
			<gx:fovy>35</gx:fovy>
			<range>180.9827365639467</range>
			<altitudeMode>absolute</altitudeMode>
		</LookAt>
		<styleUrl>#__managed_style_0BED4BCA582A5431B33B</styleUrl>
		<Point>
			<coordinates>104.7189315147452,17.49371237824086,144.6090096847744</coordinates>
		</Point>
	</Placemark>
	<Placemark id="00C3F273C82A0452DC97">
		<name>md645-db-212-0302-301+585</name>
		<LookAt>
			<longitude>104.7190172554305</longitude>
			<latitude>17.49358587418937</latitude>
			<altitude>144.2908027797481</altitude>
			<heading>113.8204492576995</heading>
			<tilt>0</tilt>
			<gx:fovy>35</gx:fovy>
			<range>183.8073790091221</range>
			<altitudeMode>absolute</altitudeMode>
		</LookAt>
		<styleUrl>#__managed_style_0BED4BCA582A5431B33B</styleUrl>
		<Point>
			<coordinates>104.7192181906416,17.49355778922173,144.6286436119133</coordinates>
		</Point>
	</Placemark>
	<Placemark id="0295DD90552A045319FB">
		<name>md646-db-212-0302-301+620</name>
		<LookAt>
			<longitude>104.7194196780363</longitude>
			<latitude>17.49343638846264</latitude>
			<altitude>144.8975633434265</altitude>
			<heading>113.8205702289028</heading>
			<tilt>0</tilt>
			<gx:fovy>35</gx:fovy>
			<range>183.2006126354827</range>
			<altitudeMode>absolute</altitudeMode>
		</LookAt>
		<styleUrl>#__managed_style_0BED4BCA582A5431B33B</styleUrl>
		<Point>
			<coordinates>104.7194956859573,17.49337281508931,145.2568707716097</coordinates>
		</Point>
	</Placemark>
	<Placemark id="0F043A1BB32A04535B05">
		<name>md647-db-212-0302-301+655</name>
		<LookAt>
			<longitude>104.7197121586965</longitude>
			<latitude>17.49321260906578</latitude>
			<altitude>144.885891583106</altitude>
			<heading>113.8206581490846</heading>
			<tilt>0</tilt>
			<gx:fovy>35</gx:fovy>
			<range>183.2122825567603</range>
			<altitudeMode>absolute</altitudeMode>
		</LookAt>
		<styleUrl>#__managed_style_0BED4BCA582A5431B33B</styleUrl>
		<Point>
			<coordinates>104.7196935697407,17.49315927608401,144.9391705466185</coordinates>
		</Point>
	</Placemark>
	<Placemark id="048BF903362A0453A7A8">
		<name>md648-db-212-0302-301+690</name>
		<LookAt>
			<longitude>104.7199460829569</longitude>
			<latitude>17.4930139158669</latitude>
			<altitude>145.0317437158805</altitude>
			<heading>113.8207284655204</heading>
			<tilt>0</tilt>
			<gx:fovy>35</gx:fovy>
			<range>183.0664143351896</range>
			<altitudeMode>absolute</altitudeMode>
		</LookAt>
		<styleUrl>#__managed_style_0BED4BCA582A5431B33B</styleUrl>
		<Point>
			<coordinates>104.7198599062413,17.49293870975403,145.31785447053</coordinates>
		</Point>
	</Placemark>
	<Placemark id="09895724A62A0453EB1C">
		<name>md649-db-212-0302-301+725</name>
		<LookAt>
			<longitude>104.7201462199021</longitude>
			<latitude>17.4927333940436</latitude>
			<altitude>145.338669913663</altitude>
			<heading>113.820788626295</heading>
			<tilt>0</tilt>
			<gx:fovy>35</gx:fovy>
			<range>182.7594849756679</range>
			<altitudeMode>absolute</altitudeMode>
		</LookAt>
		<styleUrl>#__managed_style_0BED4BCA582A5431B33B</styleUrl>
		<Point>
			<coordinates>104.7200161710638,17.49266541628146,145.3430215254454</coordinates>
		</Point>
	</Placemark>
	<Placemark id="0E4B647C942A04541F81">
		<name>md650-db-212-0302-301+760</name>
		<LookAt>
			<longitude>104.7201462199021</longitude>
			<latitude>17.49273339402247</latitude>
			<altitude>145.338669913663</altitude>
			<heading>113.820788626295</heading>
			<tilt>0</tilt>
			<gx:fovy>35</gx:fovy>
			<range>182.7594849756679</range>
			<altitudeMode>absolute</altitudeMode>
		</LookAt>
		<styleUrl>#__managed_style_0BED4BCA582A5431B33B</styleUrl>
		<Point>
			<coordinates>104.7201306966357,17.49234881381284,145.1632132065249</coordinates>
		</Point>
	</Placemark>
	<Placemark id="0FA48709E82A04546006">
		<name>md651-db-212-0302-301+795</name>
		<LookAt>
			<longitude>104.7201310649644</longitude>
			<latitude>17.49196969828968</latitude>
			<altitude>146.3847155986421</altitude>
			<heading>113.8207840732246</heading>
			<tilt>0</tilt>
			<gx:fovy>35</gx:fovy>
			<range>181.7134335613628</range>
			<altitudeMode>absolute</altitudeMode>
		</LookAt>
		<styleUrl>#__managed_style_0BED4BCA582A5431B33B</styleUrl>
		<Point>
			<coordinates>104.720203468035,17.49206137723076,146.1957887508361</coordinates>
		</Point>
	</Placemark>
	<Placemark id="04B246B7D92A0454854C">
		<name>md652-db-212-0302-301+833</name>
		<LookAt>
			<longitude>104.7201310649533</longitude>
			<latitude>17.49196969828703</latitude>
			<altitude>146.3847155986421</altitude>
			<heading>113.8207840732246</heading>
			<tilt>0</tilt>
			<gx:fovy>35</gx:fovy>
			<range>181.7134335613628</range>
			<altitudeMode>absolute</altitudeMode>
		</LookAt>
		<styleUrl>#__managed_style_0BED4BCA582A5431B33B</styleUrl>
		<Point>
			<coordinates>104.720258783936,17.49179754046911,147.6403041688734</coordinates>
		</Point>
	</Placemark>
	<Placemark id="033FA3BE172A0454A58F">
		<name>md653-db-212-0302-301+868</name>
		<LookAt>
			<longitude>104.7201673678474</longitude>
			<latitude>17.49157007193032</latitude>
			<altitude>147.3795023519373</altitude>
			<heading>113.8207949867431</heading>
			<tilt>0</tilt>
			<gx:fovy>35</gx:fovy>
			<range>180.7186509968415</range>
			<altitudeMode>absolute</altitudeMode>
		</LookAt>
		<styleUrl>#__managed_style_0BED4BCA582A5431B33B</styleUrl>
		<Point>
			<coordinates>104.720314634582,17.49153024314877,148.1027127580973</coordinates>
		</Point>
	</Placemark>
	<Placemark id="03547E6E1F2A0454C40F">
		<name>md654-db-212-0302-301+903</name>
		<LookAt>
			<longitude>104.7201673678474</longitude>
			<latitude>17.49157007193032</latitude>
			<altitude>147.3795023519373</altitude>
			<heading>113.8207949867431</heading>
			<tilt>0</tilt>
			<gx:fovy>35</gx:fovy>
			<range>180.7186509968415</range>
			<altitudeMode>absolute</altitudeMode>
		</LookAt>
		<styleUrl>#__managed_style_0BED4BCA582A5431B33B</styleUrl>
		<Point>
			<coordinates>104.7203786564727,17.49124365954262,148.0228078757359</coordinates>
		</Point>
	</Placemark>
	<Placemark id="09BB85E55F2A04552AA2">
		<name>md655-db-212-0302-301+938</name>
		<LookAt>
			<longitude>104.7203294874151</longitude>
			<latitude>17.49125524573051</latitude>
			<altitude>147.8274568700913</altitude>
			<heading>135.9630783173584</heading>
			<tilt>0</tilt>
			<gx:fovy>38.27982084720284</gx:fovy>
			<range>434.2322312948818</range>
			<altitudeMode>absolute</altitudeMode>
		</LookAt>
		<styleUrl>#__managed_style_0BED4BCA582A5431B33B</styleUrl>
		<Point>
			<coordinates>104.7204505018405,17.49092267192193,147.5243732003665</coordinates>
		</Point>
	</Placemark>
	<Placemark id="01DB46F2B02A045552A6">
		<name>md656-db-212-0302-301+973</name>
		<LookAt>
			<longitude>104.7203262887372</longitude>
			<latitude>17.49044855084113</latitude>
			<altitude>144.3715217317923</altitude>
			<heading>135.96304902387</heading>
			<tilt>0</tilt>
			<gx:fovy>38.27982084720285</gx:fovy>
			<range>149.9699497406073</range>
			<altitudeMode>absolute</altitudeMode>
		</LookAt>
		<styleUrl>#__managed_style_0BED4BCA582A5431B33B</styleUrl>
		<Point>
			<coordinates>104.7204971743651,17.49059910489646,146.021773320517</coordinates>
		</Point>
	</Placemark>
	<Placemark id="015AEBC87E2A045571EE">
		<name>md657-db-212-0302-302+008</name>
		<LookAt>
			<longitude>104.7203945093798</longitude>
			<latitude>17.49010695672031</latitude>
			<altitude>144.4776104492327</altitude>
			<heading>135.9630695290369</heading>
			<tilt>0</tilt>
			<gx:fovy>38.27982084720285</gx:fovy>
			<range>149.8638658683376</range>
			<altitudeMode>absolute</altitudeMode>
		</LookAt>
		<styleUrl>#__managed_style_0BED4BCA582A5431B33B</styleUrl>
		<Point>
			<coordinates>104.7205571113425,17.49028586098564,145.2989306359046</coordinates>
		</Point>
	</Placemark>
	<Placemark id="0C44F285AE2A0455C47F">
		<name>md658-db-212-0302-302+043</name>
		<LookAt>
			<longitude>104.7203945093798</longitude>
			<latitude>17.49010695669919</latitude>
			<altitude>144.4776104492327</altitude>
			<heading>135.9630695290369</heading>
			<tilt>0</tilt>
			<gx:fovy>38.27982084720285</gx:fovy>
			<range>149.8638658683376</range>
			<altitudeMode>absolute</altitudeMode>
		</LookAt>
		<styleUrl>#__managed_style_0BED4BCA582A5431B33B</styleUrl>
		<Point>
			<coordinates>104.7206220778977,17.48999230365986,145.4885626660267</coordinates>
		</Point>
	</Placemark>
	<Placemark id="0BD2E3038A2A0455FA43">
		<name>md659-db-212-0302-302+078</name>
		<LookAt>
			<longitude>104.7205411485193</longitude>
			<latitude>17.48981710506722</latitude>
			<altitude>145.5495897883622</altitude>
			<heading>135.9631135999955</heading>
			<tilt>0</tilt>
			<gx:fovy>38.27982084720285</gx:fovy>
			<range>148.7918903091486</range>
			<altitudeMode>absolute</altitudeMode>
		</LookAt>
		<styleUrl>#__managed_style_0BED4BCA582A5431B33B</styleUrl>
		<Point>
			<coordinates>104.7207086112719,17.48973927281713,146.0914777388489</coordinates>
		</Point>
	</Placemark>
	<Placemark id="0D5336211B2A04561DC8">
		<name>md670-db-212-0302-302+113</name>
		<LookAt>
			<longitude>104.7206083398913</longitude>
			<latitude>17.48939522415087</latitude>
			<altitude>145.5392360460519</altitude>
			<heading>135.963133795067</heading>
			<tilt>0</tilt>
			<gx:fovy>38.27982084720285</gx:fovy>
			<range>148.8022391072627</range>
			<altitudeMode>absolute</altitudeMode>
		</LookAt>
		<styleUrl>#__managed_style_0BED4BCA582A5431B33B</styleUrl>
		<Point>
			<coordinates>104.7207719399014,17.48941654236167,145.2499906921065</coordinates>
		</Point>
	</Placemark>
	<Placemark id="00A04B37C02A04563E3C">
		<name>md671-db-212-0302-302+148</name>
		<LookAt>
			<longitude>104.7206825680643</longitude>
			<latitude>17.48879671134878</latitude>
			<altitude>143.936279773225</altitude>
			<heading>135.963156107806</heading>
			<tilt>0</tilt>
			<gx:fovy>38.27982084720285</gx:fovy>
			<range>150.4051902901847</range>
			<altitudeMode>absolute</altitudeMode>
		</LookAt>
		<styleUrl>#__managed_style_0BED4BCA582A5431B33B</styleUrl>
		<Point>
			<coordinates>104.7208297871535,17.48908749398093,144.0669778377868</coordinates>
		</Point>
	</Placemark>
	<Placemark id="06D28AFD532A04565B1B">
		<name>md672-db-212-0302-302+183</name>
		<LookAt>
			<longitude>104.7206825680699</longitude>
			<latitude>17.48879671134878</latitude>
			<altitude>143.936279773225</altitude>
			<heading>135.963156107806</heading>
			<tilt>0</tilt>
			<gx:fovy>38.27982084720285</gx:fovy>
			<range>150.4051902901847</range>
			<altitudeMode>absolute</altitudeMode>
		</LookAt>
		<styleUrl>#__managed_style_0BED4BCA582A5431B33B</styleUrl>
		<Point>
			<coordinates>104.7208815731897,17.48876812669778,144.0479477589348</coordinates>
		</Point>
	</Placemark>
	<Placemark id="0EDD2385F72A04567C25">
		<name>md673-db-212-0302-302+218</name>
		<LookAt>
			<longitude>104.7206825680754</longitude>
			<latitude>17.48879671134878</latitude>
			<altitude>143.9362797746397</altitude>
			<heading>135.963156107806</heading>
			<tilt>0</tilt>
			<gx:fovy>38.27982084720285</gx:fovy>
			<range>150.4051902901847</range>
			<altitudeMode>absolute</altitudeMode>
		</LookAt>
		<styleUrl>#__managed_style_0BED4BCA582A5431B33B</styleUrl>
		<Point>
			<coordinates>104.7209387869775,17.48853464354798,144.9665433287762</coordinates>
		</Point>
	</Placemark>
	<Placemark id="03880DFC7B2A0456C7F0">
		<name>md674-db-212-0302-302+253</name>
		<LookAt>
			<longitude>104.7208043600258</longitude>
			<latitude>17.48816197969089</latitude>
			<altitude>142.8182237909628</altitude>
			<heading>135.963192712851</heading>
			<tilt>0</tilt>
			<gx:fovy>38.27982084720285</gx:fovy>
			<range>151.5232429169009</range>
			<altitudeMode>absolute</altitudeMode>
		</LookAt>
		<styleUrl>#__managed_style_0BED4BCA582A5431B33B</styleUrl>
		<Point>
			<coordinates>104.7210142983643,17.48824578222395,144.9765215295267</coordinates>
		</Point>
	</Placemark>
	<Placemark id="0C9EE924282A045702A8">
		<name>md675-db-212-0302-302+288</name>
		<LookAt>
			<longitude>104.7208471497673</longitude>
			<latitude>17.48779990459877</latitude>
			<altitude>141.4744653222425</altitude>
			<heading>135.9632055735839</heading>
			<tilt>0</tilt>
			<gx:fovy>38.27982084720285</gx:fovy>
			<range>152.8669990061826</range>
			<altitudeMode>absolute</altitudeMode>
		</LookAt>
		<styleUrl>#__managed_style_0BED4BCA582A5431B33B</styleUrl>
		<Point>
			<coordinates>104.7210635003823,17.48794678536564,143.7495328841685</coordinates>
		</Point>
	</Placemark>
	<Placemark id="04829FD14F2A04573D70">
		<name>md676-db-212-0302-302+323</name>
		<LookAt>
			<longitude>104.7209215630849</longitude>
			<latitude>17.48746292108167</latitude>
			<altitude>142.5495445266509</altitude>
			<heading>135.9632279370805</heading>
			<tilt>0</tilt>
			<gx:fovy>38.27982084720285</gx:fovy>
			<range>151.7919060598797</range>
			<altitudeMode>absolute</altitudeMode>
		</LookAt>
		<styleUrl>#__managed_style_0BED4BCA582A5431B33B</styleUrl>
		<Point>
			<coordinates>104.721127466371,17.48763257187973,143.0538855959598</coordinates>
		</Point>
	</Placemark>
	<Placemark id="01FC734E452A045773B9">
		<name>md677-db-212-0302-302+358</name>
		<LookAt>
			<longitude>104.7209472427973</longitude>
			<latitude>17.48706216229304</latitude>
			<altitude>144.581293136921</altitude>
			<heading>135.9632356573254</heading>
			<tilt>0</tilt>
			<gx:fovy>38.27982084720285</gx:fovy>
			<range>149.7601577000023</range>
			<altitudeMode>absolute</altitudeMode>
		</LookAt>
		<styleUrl>#__managed_style_0BED4BCA582A5431B33B</styleUrl>
		<Point>
			<coordinates>104.7211980682742,17.48730667912319,144.205226794081</coordinates>
		</Point>
	</Placemark>
	<Placemark id="08D924D26F2A0457AEF7">
		<name>md678-db-212-0302-302+393</name>
		<LookAt>
			<longitude>104.7210039431117</longitude>
			<latitude>17.48677594485405</latitude>
			<altitude>145.4109021254258</altitude>
			<heading>135.9632526973362</heading>
			<tilt>0</tilt>
			<gx:fovy>38.27982084720285</gx:fovy>
			<range>148.9305502973184</range>
			<altitudeMode>absolute</altitudeMode>
		</LookAt>
		<styleUrl>#__managed_style_0BED4BCA582A5431B33B</styleUrl>
		<Point>
			<coordinates>104.7212749937752,17.48697797483746,146.2327593567814</coordinates>
		</Point>
	</Placemark>
	<Placemark id="09CA40D51A2A04582E80">
		<name>md679-db-212-0302-302+428</name>
		<LookAt>
			<longitude>104.7212114575616</longitude>
			<latitude>17.48701042776523</latitude>
			<altitude>145.4776147978738</altitude>
			<heading>135.9632752547684</heading>
			<tilt>0</tilt>
			<gx:fovy>35.17442584864309</gx:fovy>
			<range>496.4505962130353</range>
			<altitudeMode>absolute</altitudeMode>
		</LookAt>
		<styleUrl>#__managed_style_0BED4BCA582A5431B33B</styleUrl>
		<Point>
			<coordinates>104.7213430008016,17.4866555282981,148.4611334342539</coordinates>
		</Point>
	</Placemark>
	<Placemark id="00B4EE9CB12A04588A52">
		<name>md680-db-212-0302-302+463</name>
		<LookAt>
			<longitude>104.7215384375505</longitude>
			<latitude>17.48654532931126</latitude>
			<altitude>148.5634374321521</altitude>
			<heading>135.9632412247755</heading>
			<tilt>0</tilt>
			<gx:fovy>35.17442584864309</gx:fovy>
			<range>177.0477364550425</range>
			<altitudeMode>absolute</altitudeMode>
		</LookAt>
		<styleUrl>#__managed_style_0BED4BCA582A5431B33B</styleUrl>
		<Point>
			<coordinates>104.7213947607111,17.48639808081775,147.482262377251</coordinates>
		</Point>
	</Placemark>
	<Placemark id="0D9CA69F1B2A0458AAE8">
		<name>md681-db-212-0302-302+498</name>
		<LookAt>
			<longitude>104.7215384375505</longitude>
			<latitude>17.48654532932183</latitude>
			<altitude>148.5634374321521</altitude>
			<heading>135.9632412247755</heading>
			<tilt>0</tilt>
			<gx:fovy>35.17442584864309</gx:fovy>
			<range>177.0477364550425</range>
			<altitudeMode>absolute</altitudeMode>
		</LookAt>
		<styleUrl>#__managed_style_0BED4BCA582A5431B33B</styleUrl>
		<Point>
			<coordinates>104.7214340500132,17.48618078303151,146.9526309390644</coordinates>
		</Point>
	</Placemark>
	<Placemark id="06C4E75E9F2A0458D576">
		<name>md682-db-212-0302-302+533</name>
		<LookAt>
			<longitude>104.7214632373485</longitude>
			<latitude>17.48607351279927</latitude>
			<altitude>146.9141278887714</altitude>
			<heading>135.9632171695879</heading>
			<tilt>0</tilt>
			<gx:fovy>35.17442584864309</gx:fovy>
			<range>98.88966131638884</range>
			<altitudeMode>absolute</altitudeMode>
		</LookAt>
		<styleUrl>#__managed_style_0BED4BCA582A5431B33B</styleUrl>
		<Point>
			<coordinates>104.7215035882452,17.48588322560874,148.2090467454739</coordinates>
		</Point>
	</Placemark>
	<Placemark id="0FA0A647292A0458FB75">
		<name>md683-db-212-0302-302+568</name>
		<LookAt>
			<longitude>104.7215206646706</longitude>
			<latitude>17.48563790872443</latitude>
			<altitude>149.5094964784841</altitude>
			<heading>135.9632344257723</heading>
			<tilt>0</tilt>
			<gx:fovy>35.17442584864309</gx:fovy>
			<range>96.29429747848008</range>
			<altitudeMode>absolute</altitudeMode>
		</LookAt>
		<styleUrl>#__managed_style_0BED4BCA582A5431B33B</styleUrl>
		<Point>
			<coordinates>104.7215874340091,17.48552773799468,150.5287537639553</coordinates>
		</Point>
	</Placemark>
	<Placemark id="07281BFB6B2A04593A9B">
		<name>md684-db-212-0302-302+603</name>
		<LookAt>
			<longitude>104.7216711259464</longitude>
			<latitude>17.48528440648209</latitude>
			<altitude>151.0946431201779</altitude>
			<heading>135.9632796353962</heading>
			<tilt>0</tilt>
			<gx:fovy>35.17442584864309</gx:fovy>
			<range>94.70914669186642</range>
			<altitudeMode>absolute</altitudeMode>
		</LookAt>
		<styleUrl>#__managed_style_0BED4BCA582A5431B33B</styleUrl>
		<Point>
			<coordinates>104.7216944914659,17.48524827256103,151.4619799635536</coordinates>
		</Point>
	</Placemark>
	<Placemark id="0615BDEF2C2A04595B42">
		<name>md685-db-212-0302-302+638</name>
		<LookAt>
			<longitude>104.7217288121351</longitude>
			<latitude>17.48507137718931</latitude>
			<altitude>152.5022854738228</altitude>
			<heading>135.9632969686429</heading>
			<tilt>0</tilt>
			<gx:fovy>35.17442584864309</gx:fovy>
			<range>93.30150154994953</range>
			<altitudeMode>absolute</altitudeMode>
		</LookAt>
		<styleUrl>#__managed_style_0BED4BCA582A5431B33B</styleUrl>
		<Point>
			<coordinates>104.7218014460823,17.48505585711427,152.8475964043115</coordinates>
		</Point>
	</Placemark>
	<Placemark id="00752C69752A045981F8">
		<name>md686-db-212-0302-302+673</name>
		<LookAt>
			<longitude>104.7218670881113</longitude>
			<latitude>17.48483496610392</latitude>
			<altitude>153.1646754914605</altitude>
			<heading>135.9633385154011</heading>
			<tilt>0</tilt>
			<gx:fovy>35.17442584864309</gx:fovy>
			<range>92.63910893784669</range>
			<altitudeMode>absolute</altitudeMode>
		</LookAt>
		<styleUrl>#__managed_style_0BED4BCA582A5431B33B</styleUrl>
		<Point>
			<coordinates>104.7219893214187,17.48480900588843,153.0408188219667</coordinates>
		</Point>
	</Placemark>
	<Placemark id="034E80A3312A0459A633">
		<name>md687-db-212-0302-302+708</name>
		<LookAt>
			<longitude>104.7220758643056</longitude>
			<latitude>17.48457844308779</latitude>
			<altitude>153.5936851896302</altitude>
			<heading>135.9634012438385</heading>
			<tilt>0</tilt>
			<gx:fovy>35.17442584864309</gx:fovy>
			<range>92.21009736809719</range>
			<altitudeMode>absolute</altitudeMode>
		</LookAt>
		<styleUrl>#__managed_style_0BED4BCA582A5431B33B</styleUrl>
		<Point>
			<coordinates>104.7222552786567,17.48451605989473,152.7945026609183</coordinates>
		</Point>
	</Placemark>
	<Placemark id="0E3EB9CEB52A0459C781">
		<name>md688-db-212-0302-302+743</name>
		<LookAt>
			<longitude>104.7223376117561</longitude>
			<latitude>17.48422332541233</latitude>
			<altitude>152.1810351504127</altitude>
			<heading>135.9634798871461</heading>
			<tilt>0</tilt>
			<gx:fovy>35.17442584864309</gx:fovy>
			<range>93.62274887147578</range>
			<altitudeMode>absolute</altitudeMode>
		</LookAt>
		<styleUrl>#__managed_style_0BED4BCA582A5431B33B</styleUrl>
		<Point>
			<coordinates>104.7224939613082,17.48422291790109,150.5872246599499</coordinates>
		</Point>
	</Placemark>
	<Placemark id="01850834842A0459E622">
		<name>md689-db-212-0302-302+778</name>
		<LookAt>
			<longitude>104.7225743041947</longitude>
			<latitude>17.48392705194816</latitude>
			<altitude>149.5866918723955</altitude>
			<heading>135.9635510008917</heading>
			<tilt>0</tilt>
			<gx:fovy>35.17442584864309</gx:fovy>
			<range>96.21708710061284</range>
			<altitudeMode>absolute</altitudeMode>
		</LookAt>
		<styleUrl>#__managed_style_0BED4BCA582A5431B33B</styleUrl>
		<Point>
			<coordinates>104.7227073474147,17.48397909330203,148.9737038714781</coordinates>
		</Point>
	</Placemark>
	<Placemark id="0672E6740C2A045A1136">
		<name>md690-db-212-0302-302+813</name>
		<LookAt>
			<longitude>104.722807829181</longitude>
			<latitude>17.4836532150871</latitude>
			<altitude>148.5385924829212</altitude>
			<heading>135.9636211618256</heading>
			<tilt>0</tilt>
			<gx:fovy>35.17442584864309</gx:fovy>
			<range>97.26517814366164</range>
			<altitudeMode>absolute</altitudeMode>
		</LookAt>
		<styleUrl>#__managed_style_0BED4BCA582A5431B33B</styleUrl>
		<Point>
			<coordinates>104.7229023617581,17.48374996598174,148.7680715194527</coordinates>
		</Point>
	</Placemark>
	<Placemark id="09C64C65902A045A599D">
		<name>md691-db-212-0302-302+848</name>
		<LookAt>
			<longitude>104.7230509546802</longitude>
			<latitude>17.48353878651994</latitude>
			<altitude>150.2429561399282</altitude>
			<heading>135.9636492477862</heading>
			<tilt>0.07624289125959922</tilt>
			<gx:fovy>35</gx:fovy>
			<range>93.71140898342674</range>
			<altitudeMode>absolute</altitudeMode>
		</LookAt>
		<styleUrl>#__managed_style_0BED4BCA582A5431B33B</styleUrl>
		<Point>
			<coordinates>104.7230972342917,17.48347953022972,150.8446023774972</coordinates>
		</Point>
	</Placemark>
	<Placemark id="02EDAB65C72A045A9C6A">
		<name>md692-db-212-0302-302+883</name>
		<LookAt>
			<longitude>104.7232154550074</longitude>
			<latitude>17.48329378074846</latitude>
			<altitude>151.7586702792849</altitude>
			<heading>135.9636986789712</heading>
			<tilt>0</tilt>
			<gx:fovy>35</gx:fovy>
			<range>92.1956924900951</range>
			<altitudeMode>absolute</altitudeMode>
		</LookAt>
		<styleUrl>#__managed_style_0BED4BCA582A5431B33B</styleUrl>
		<Point>
			<coordinates>104.723275907764,17.48321846358946,151.9378069356107</coordinates>
		</Point>
	</Placemark>
	<Placemark id="0DE841BD092A0824648D">
		<name>md693-db-212-0302-303+133</name>
		<Camera>
			<gx:ViewerOptions>
				<gx:option name="streetview"></gx:option>
				<gx:streetViewPanoId>CErj8Mag_nsfbupjbIpQoA</gx:streetViewPanoId>
			</gx:ViewerOptions>
			<longitude>104.7240742894412</longitude>
			<latitude>17.48107611347718</latitude>
			<altitude>151.6054077145846</altitude>
			<heading>80.99075613454933</heading>
			<tilt>69.58596683141268</tilt>
			<roll>0</roll>
			<gx:fovy>15</gx:fovy>
			<altitudeMode>absolute</altitudeMode>
		</Camera>
		<styleUrl>#__managed_style_01B2C6E4B82A5431B346</styleUrl>
		<Point>
			<altitudeMode>relativeToGround</altitudeMode>
			<coordinates>104.7241351410156,17.48111698878598,0</coordinates>
		</Point>
	</Placemark>
	<Placemark id="012E91A9492A08310196">
		<name>md694-db-212-0302-303+290</name>
		<Camera>
			<gx:ViewerOptions>
				<gx:option name="streetview"></gx:option>
				<gx:streetViewPanoId>4qOIq5ooHOZbkQYuQf6dUw</gx:streetViewPanoId>
			</gx:ViewerOptions>
			<longitude>104.7245192003789</longitude>
			<latitude>17.47974441413508</latitude>
			<altitude>151.7220306396169</altitude>
			<heading>67.88752377829414</heading>
			<tilt>85.00965854069928</tilt>
			<roll>0</roll>
			<gx:fovy>15</gx:fovy>
			<altitudeMode>absolute</altitudeMode>
		</Camera>
		<styleUrl>#__managed_style_01B2C6E4B82A5431B346</styleUrl>
		<Point>
			<altitudeMode>relativeToGround</altitudeMode>
			<coordinates>104.7246402487925,17.47979265936688,0</coordinates>
		</Point>
	</Placemark>
	<Placemark id="0DD1386ABD2A083AE11D">
		<name>md695-db-212-0302-303+548</name>
		<LookAt>
			<longitude>104.7254883050314</longitude>
			<latitude>17.47759245698485</latitude>
			<altitude>153.0358642896845</altitude>
			<heading>71.4685104207274</heading>
			<tilt>0</tilt>
			<gx:fovy>35</gx:fovy>
			<range>55.16275021464935</range>
			<altitudeMode>absolute</altitudeMode>
		</LookAt>
		<styleUrl>#__managed_style_01B2C6E4B82A5431B346</styleUrl>
		<Point>
			<coordinates>104.7254932935816,17.47765902737339,153.328269296507</coordinates>
		</Point>
	</Placemark>
	<Placemark id="00123492702A083B2D83">
		<name>md696-db-212-0302-303+596</name>
		<LookAt>
			<longitude>104.7256677817621</longitude>
			<latitude>17.4772574272568</latitude>
			<altitude>150.6413774092961</altitude>
			<heading>71.46854163208718</heading>
			<tilt>0</tilt>
			<gx:fovy>35</gx:fovy>
			<range>115.351551261665</range>
			<altitudeMode>absolute</altitudeMode>
		</LookAt>
		<styleUrl>#__managed_style_01B2C6E4B82A5431B346</styleUrl>
		<Point>
			<coordinates>104.7256528192896,17.47724810503287,150.8287711039965</coordinates>
		</Point>
	</Placemark>
	<Placemark id="03BFE5DFFB2A083B7017">
		<name>md697-db-212-0302-303+646</name>
		<LookAt>
			<longitude>104.7258899775277</longitude>
			<latitude>17.47670562669791</latitude>
			<altitude>149.1333276369113</altitude>
			<heading>71.46854163525239</heading>
			<tilt>0</tilt>
			<gx:fovy>35</gx:fovy>
			<range>138.4040727064894</range>
			<altitudeMode>absolute</altitudeMode>
		</LookAt>
		<styleUrl>#__managed_style_01B2C6E4B82A5431B346</styleUrl>
		<Point>
			<coordinates>104.7257971602882,17.47682825906479,148.6364517729345</coordinates>
		</Point>
	</Placemark>
	<Placemark id="0813C29AC22A083BBF8F">
		<name>md698-db-212-0302-303+691</name>
		<LookAt>
			<longitude>104.7259851188926</longitude>
			<latitude>17.4763859415903</latitude>
			<altitude>151.0837133740646</altitude>
			<heading>71.46854163595114</heading>
			<tilt>0</tilt>
			<gx:fovy>35</gx:fovy>
			<range>76.99652395233898</range>
			<altitudeMode>absolute</altitudeMode>
		</LookAt>
		<styleUrl>#__managed_style_01B2C6E4B82A5431B346</styleUrl>
		<Point>
			<coordinates>104.7259473996111,17.47642857770455,151.086643223506</coordinates>
		</Point>
	</Placemark>
	<Placemark id="0E305B8E852A083C389B">
		<name>md699-db-212-0302-303+739</name>
		<LookAt>
			<longitude>104.7259757560782</longitude>
			<latitude>17.4762005572371</latitude>
			<altitude>152.7335027973043</altitude>
			<heading>71.46854163865731</heading>
			<tilt>0</tilt>
			<gx:fovy>35</gx:fovy>
			<range>149.4909151170395</range>
			<altitudeMode>absolute</altitudeMode>
		</LookAt>
		<styleUrl>#__managed_style_01B2C6E4B82A5431B346</styleUrl>
		<Point>
			<coordinates>104.7261004483158,17.47602892297245,153.7783412837973</coordinates>
		</Point>
	</Placemark>
	<Placemark id="02A36CCBB12A083C8FBF">
		<name>md700-db-212-0302-303+784</name>
		<LookAt>
			<longitude>104.7262894024034</longitude>
			<latitude>17.47553884438375</latitude>
			<altitude>155.3809013374443</altitude>
			<heading>71.46854164362762</heading>
			<tilt>0</tilt>
			<gx:fovy>35</gx:fovy>
			<range>105.2220248262711</range>
			<altitudeMode>absolute</altitudeMode>
		</LookAt>
		<styleUrl>#__managed_style_01B2C6E4B82A5431B346</styleUrl>
		<Point>
			<coordinates>104.7262586548516,17.47564279578401,155.627411057408</coordinates>
		</Point>
	</Placemark>
	<Placemark id="0A42C978932A083D1117">
		<name>md701-db-212-0302-303+829</name>
		<LookAt>
			<longitude>104.7263587651505</longitude>
			<latitude>17.47524321218061</latitude>
			<altitude>153.892456136032</altitude>
			<heading>74.81050075393256</heading>
			<tilt>0</tilt>
			<gx:fovy>35</gx:fovy>
			<range>63.74043786810944</range>
			<altitudeMode>absolute</altitudeMode>
		</LookAt>
		<styleUrl>#__managed_style_01B2C6E4B82A5431B346</styleUrl>
		<Point>
			<coordinates>104.7264051904574,17.47526058773992,153.8984262657501</coordinates>
		</Point>
	</Placemark>
	<Placemark id="04F506E5D92A083D75B5">
		<name>md702-db-212-0302-303+877</name>
		<LookAt>
			<longitude>104.7265826630678</longitude>
			<latitude>17.47481503977156</latitude>
			<altitude>151.7945397900234</altitude>
			<heading>72.303810195417</heading>
			<tilt>0</tilt>
			<gx:fovy>35</gx:fovy>
			<range>99.9394675017902</range>
			<altitudeMode>absolute</altitudeMode>
		</LookAt>
		<styleUrl>#__managed_style_01B2C6E4B82A5431B346</styleUrl>
		<Point>
			<coordinates>104.7265844873874,17.47485861303248,152.0435322000337</coordinates>
		</Point>
	</Placemark>
	<Placemark id="08DB9CB9D22A083DD75D">
		<name>md703-db-212-0302-303+912</name>
		<LookAt>
			<longitude>104.7266826605805</longitude>
			<latitude>17.47465053309321</latitude>
			<altitude>151.6170487826935</altitude>
			<heading>-104.412110263892</heading>
			<tilt>0.1870235594460877</tilt>
			<gx:fovy>35</gx:fovy>
			<range>59.60092441685447</range>
			<altitudeMode>absolute</altitudeMode>
		</LookAt>
		<styleUrl>#__managed_style_01B2C6E4B82A5431B346</styleUrl>
		<Point>
			<coordinates>104.7267052400694,17.47457716663472,151.4373059255264</coordinates>
		</Point>
	</Placemark>
	<Placemark id="03C7BDC2CB2A083E2A4A">
		<name>md704-db-212-0302-303+947</name>
		<LookAt>
			<longitude>104.7267795462549</longitude>
			<latitude>17.47437482735805</latitude>
			<altitude>150.6391716682935</altitude>
			<heading>-114.0807546052942</heading>
			<tilt>0.1870234133469583</tilt>
			<gx:fovy>35</gx:fovy>
			<range>54.63169926371849</range>
			<altitudeMode>absolute</altitudeMode>
		</LookAt>
		<styleUrl>#__managed_style_01B2C6E4B82A5431B346</styleUrl>
		<Point>
			<coordinates>104.7268427846733,17.47431333366615,150.6316502700014</coordinates>
		</Point>
	</Placemark>
	<Placemark id="0A9F37DA642A083E6A83">
		<name>md705-db-212-0302-303+982</name>
		<LookAt>
			<longitude>104.7269084294521</longitude>
			<latitude>17.47411279395199</latitude>
			<altitude>149.9261641474341</altitude>
			<heading>-120.8846303267804</heading>
			<tilt>0.1870237452122229</tilt>
			<gx:fovy>35</gx:fovy>
			<range>65.94518962400798</range>
			<altitudeMode>absolute</altitudeMode>
		</LookAt>
		<styleUrl>#__managed_style_01B2C6E4B82A5431B346</styleUrl>
		<Point>
			<coordinates>104.7269983450266,17.47406374015737,149.4331600483719</coordinates>
		</Point>
	</Placemark>
	<Placemark id="0B419BB2582A083F132D">
		<name>md706-db-212-0302-304+017</name>
		<LookAt>
			<longitude>104.7270837610813</longitude>
			<latitude>17.47383586124194</latitude>
			<altitude>149.2152345484359</altitude>
			<heading>-120.8846307008214</heading>
			<tilt>0.1870251375510583</tilt>
			<gx:fovy>35</gx:fovy>
			<range>113.3819536344709</range>
			<altitudeMode>absolute</altitudeMode>
		</LookAt>
		<styleUrl>#__managed_style_01B2C6E4B82A5431B346</styleUrl>
		<Point>
			<coordinates>104.7271901316858,17.47382631629558,149.4372153717669</coordinates>
		</Point>
	</Placemark>
	<Placemark id="03292B9F1A2A083F70C2">
		<name>md707-db-212-0302-304+052</name>
		<LookAt>
			<longitude>104.7273062686376</longitude>
			<latitude>17.47362893249112</latitude>
			<altitude>149.9921856976511</altitude>
			<heading>-140.2485242817593</heading>
			<tilt>0.1870239639941179</tilt>
			<gx:fovy>35</gx:fovy>
			<range>73.41289045532903</range>
			<altitudeMode>absolute</altitudeMode>
		</LookAt>
		<styleUrl>#__managed_style_01B2C6E4B82A5431B346</styleUrl>
		<Point>
			<coordinates>104.7273930000021,17.47360996933746,150.192000650297</coordinates>
		</Point>
	</Placemark>
	<Placemark id="0C42A5BB072A083FBB72">
		<name>md708-db-212-0302-304+087</name>
		<LookAt>
			<longitude>104.7275976274341</longitude>
			<latitude>17.47338490220759</latitude>
			<altitude>149.4206247846454</altitude>
			<heading>-140.2485243850073</heading>
			<tilt>0.1870244817738635</tilt>
			<gx:fovy>35</gx:fovy>
			<range>91.06398825735596</range>
			<altitudeMode>absolute</altitudeMode>
		</LookAt>
		<styleUrl>#__managed_style_01B2C6E4B82A5431B346</styleUrl>
		<Point>
			<coordinates>104.7276137960836,17.47342104719799,149.5880997051486</coordinates>
		</Point>
	</Placemark>
	<Placemark id="07F69C530E2A083FF886">
		<name>md709-db-212-0302-304+122</name>
		<LookAt>
			<longitude>104.7277968579878</longitude>
			<latitude>17.47324183745093</latitude>
			<altitude>147.7797683157436</altitude>
			<heading>-140.2485243491778</heading>
			<tilt>0.1870243241680321</tilt>
			<gx:fovy>35</gx:fovy>
			<range>85.7030095254413</range>
			<altitudeMode>absolute</altitudeMode>
		</LookAt>
		<styleUrl>#__managed_style_01B2C6E4B82A5431B346</styleUrl>
		<Point>
			<coordinates>104.7278669987215,17.47323204542289,147.7169040413112</coordinates>
		</Point>
	</Placemark>
	<Placemark id="07427E4C652A08409AE5">
		<name>md710-db-212-0302-304+157</name>
		<LookAt>
			<longitude>104.7281436594509</longitude>
			<latitude>17.47306660399707</latitude>
			<altitude>147.4006616724271</altitude>
			<heading>201.6688703802791</heading>
			<tilt>0</tilt>
			<gx:fovy>35</gx:fovy>
			<range>97.45219819289559</range>
			<altitudeMode>absolute</altitudeMode>
		</LookAt>
		<styleUrl>#__managed_style_01B2C6E4B82A5431B346</styleUrl>
		<Point>
			<coordinates>104.7281047095065,17.47308338013,147.450522209466</coordinates>
		</Point>
	</Placemark>
	<Placemark id="018BB6F7982A0840E176">
		<name>md711-db-212-0302-304+192</name>
		<LookAt>
			<longitude>104.7283702054883</longitude>
			<latitude>17.47292359463544</latitude>
			<altitude>148.3673639019514</altitude>
			<heading>205.7870023241892</heading>
			<tilt>0</tilt>
			<gx:fovy>35</gx:fovy>
			<range>95.567836187347</range>
			<altitudeMode>absolute</altitudeMode>
		</LookAt>
		<styleUrl>#__managed_style_01B2C6E4B82A5431B346</styleUrl>
		<Point>
			<coordinates>104.7283999220627,17.47295353021075,148.3756556478546</coordinates>
		</Point>
	</Placemark>
	<Placemark id="06C90E3AB82A08411CD7">
		<name>md712-db-212-0302-304+227</name>
		<LookAt>
			<longitude>104.7283702054883</longitude>
			<latitude>17.47292359463544</latitude>
			<altitude>148.3673639019514</altitude>
			<heading>205.7870023241892</heading>
			<tilt>0</tilt>
			<gx:fovy>35</gx:fovy>
			<range>95.567836187347</range>
			<altitudeMode>absolute</altitudeMode>
		</LookAt>
		<styleUrl>#__managed_style_01B2C6E4B82A5431B346</styleUrl>
		<Point>
			<coordinates>104.7286866455981,17.47283754573208,147.9153987127606</coordinates>
		</Point>
	</Placemark>
	<Placemark id="068B66B88D2A08415B2D">
		<name>md713-db-212-0302-304+262</name>
		<LookAt>
			<longitude>104.7288134495798</longitude>
			<latitude>17.47275027663788</latitude>
			<altitude>147.2630071654115</altitude>
			<heading>205.7870015719406</heading>
			<tilt>0</tilt>
			<gx:fovy>35</gx:fovy>
			<range>84.58215820360239</range>
			<altitudeMode>absolute</altitudeMode>
		</LookAt>
		<styleUrl>#__managed_style_01B2C6E4B82A5431B346</styleUrl>
		<Point>
			<coordinates>104.7289432441913,17.4727373299587,147.1744605214901</coordinates>
		</Point>
	</Placemark>
</Document>
</kml>
