<?xml version="1.0" encoding="UTF-8"?>
<kml xmlns="http://www.opengis.net/kml/2.2" xmlns:gx="http://www.google.com/kml/ext/2.2" xmlns:kml="http://www.opengis.net/kml/2.2" xmlns:atom="http://www.w3.org/2005/Atom">
<Document>
	<name>2031</name>
	<gx:CascadingStyle kml:id="__managed_style_27D834693A2A0BEC6F86">
		<Style>
			<IconStyle>
				<scale>1.2</scale>
				<Icon>
					<href>https://earth.google.com/earth/rpc/cc/icon?color=1976d2&amp;id=2000&amp;scale=4</href>
				</Icon>
				<hotSpot x="64" y="128" xunits="pixels" yunits="insetPixels"/>
			</IconStyle>
			<LabelStyle>
			</LabelStyle>
			<LineStyle>
				<color>ff2dc0fb</color>
				<width>4.8</width>
			</LineStyle>
			<PolyStyle>
				<color>40ffffff</color>
			</PolyStyle>
			<BalloonStyle>
				<displayMode>hide</displayMode>
			</BalloonStyle>
		</Style>
	</gx:CascadingStyle>
	<gx:CascadingStyle kml:id="__managed_style_17FAF08D8B2A0BEC6F86">
		<Style>
			<IconStyle>
				<Icon>
					<href>https://earth.google.com/earth/rpc/cc/icon?color=1976d2&amp;id=2000&amp;scale=4</href>
				</Icon>
				<hotSpot x="64" y="128" xunits="pixels" yunits="insetPixels"/>
			</IconStyle>
			<LabelStyle>
			</LabelStyle>
			<LineStyle>
				<color>ff2dc0fb</color>
				<width>3.2</width>
			</LineStyle>
			<PolyStyle>
				<color>40ffffff</color>
			</PolyStyle>
			<BalloonStyle>
				<displayMode>hide</displayMode>
			</BalloonStyle>
		</Style>
	</gx:CascadingStyle>
	<StyleMap id="__managed_style_04F74C3DA72A0BEC6F86">
		<Pair>
			<key>normal</key>
			<styleUrl>#__managed_style_17FAF08D8B2A0BEC6F86</styleUrl>
		</Pair>
		<Pair>
			<key>highlight</key>
			<styleUrl>#__managed_style_27D834693A2A0BEC6F86</styleUrl>
		</Pair>
	</StyleMap>
	<gx:CascadingStyle kml:id="__managed_style_190115F8952A0BEC6F7B">
		<Style>
			<IconStyle>
				<Icon>
					<href>https://earth.google.com/earth/rpc/cc/icon?color=1976d2&amp;id=2000&amp;scale=4</href>
				</Icon>
				<hotSpot x="64" y="128" xunits="pixels" yunits="insetPixels"/>
			</IconStyle>
			<LabelStyle>
			</LabelStyle>
			<LineStyle>
				<color>ff2dc0fb</color>
				<width>4</width>
			</LineStyle>
			<PolyStyle>
				<color>40ffffff</color>
			</PolyStyle>
			<BalloonStyle>
				<displayMode>hide</displayMode>
			</BalloonStyle>
		</Style>
	</gx:CascadingStyle>
	<gx:CascadingStyle kml:id="__managed_style_23B717D9CA2A0BEC6F7B">
		<Style>
			<IconStyle>
				<scale>1.2</scale>
				<Icon>
					<href>https://earth.google.com/earth/rpc/cc/icon?color=1976d2&amp;id=2000&amp;scale=4</href>
				</Icon>
				<hotSpot x="64" y="128" xunits="pixels" yunits="insetPixels"/>
			</IconStyle>
			<LabelStyle>
			</LabelStyle>
			<LineStyle>
				<color>ff2dc0fb</color>
				<width>6</width>
			</LineStyle>
			<PolyStyle>
				<color>40ffffff</color>
			</PolyStyle>
			<BalloonStyle>
				<displayMode>hide</displayMode>
			</BalloonStyle>
		</Style>
	</gx:CascadingStyle>
	<StyleMap id="__managed_style_008AF269E12A0BEC6F7B">
		<Pair>
			<key>normal</key>
			<styleUrl>#__managed_style_190115F8952A0BEC6F7B</styleUrl>
		</Pair>
		<Pair>
			<key>highlight</key>
			<styleUrl>#__managed_style_23B717D9CA2A0BEC6F7B</styleUrl>
		</Pair>
	</StyleMap>
	<Placemark id="0AD7A17D7B2A02CE2E22">
		<name>RT1-SG-2031-0100-0+025</name>
		<LookAt>
			<longitude>104.7274425456872</longitude>
			<latitude>17.01814854862535</latitude>
			<altitude>147.2270794093545</altitude>
			<heading>107.844964370089</heading>
			<tilt>0.431660642629101</tilt>
			<gx:fovy>35</gx:fovy>
			<range>117.9301171344378</range>
			<altitudeMode>absolute</altitudeMode>
		</LookAt>
		<styleUrl>#__managed_style_008AF269E12A0BEC6F7B</styleUrl>
		<Point>
			<coordinates>104.727529583647,17.01810488559043,147.4145322825281</coordinates>
		</Point>
	</Placemark>
	<Placemark id="07271F1BDB2A02CEA406">
		<name>RT2-SG-2031-0100-0+060</name>
		<LookAt>
			<longitude>104.7272960824406</longitude>
			<latitude>17.01820138414246</latitude>
			<altitude>147.2229399854562</altitude>
			<heading>107.844921502213</heading>
			<tilt>0.4316606428790254</tilt>
			<gx:fovy>35</gx:fovy>
			<range>117.9342659247231</range>
			<altitudeMode>absolute</altitudeMode>
		</LookAt>
		<styleUrl>#__managed_style_008AF269E12A0BEC6F7B</styleUrl>
		<Point>
			<coordinates>104.7272967491263,17.01835155753537,147.5529503353768</coordinates>
		</Point>
	</Placemark>
	<Placemark id="029EC182182A02CF166A">
		<name>RT3-SG-2031-0100-0+100</name>
		<Camera>
			<gx:ViewerOptions>
				<gx:option name="streetview"></gx:option>
				<gx:streetViewPanoId>EOaIukhueLBoypx5Qu34yg</gx:streetViewPanoId>
			</gx:ViewerOptions>
			<longitude>104.7268745174031</longitude>
			<latitude>17.01850276818099</latitude>
			<altitude>147.2215881347656</altitude>
			<heading>358.8115884913129</heading>
			<tilt>79.27452173900598</tilt>
			<roll>0</roll>
			<gx:fovy>20.36719316512272</gx:fovy>
			<altitudeMode>absolute</altitudeMode>
		</Camera>
		<styleUrl>#__managed_style_008AF269E12A0BEC6F7B</styleUrl>
		<Point>
			<altitudeMode>relativeToGround</altitudeMode>
			<coordinates>104.7269567029999,17.0185641797473,0</coordinates>
		</Point>
	</Placemark>
	<Placemark id="0B96445E462A02CF6C5C">
		<name>RT4-SG-2031-0100-0+150</name>
		<Camera>
			<gx:ViewerOptions>
				<gx:option name="streetview"></gx:option>
				<gx:streetViewPanoId>00uix16r9Jz58fsd29f8Ww</gx:streetViewPanoId>
			</gx:ViewerOptions>
			<longitude>104.7264546090239</longitude>
			<latitude>17.01872261157652</latitude>
			<altitude>146.6844635009766</altitude>
			<heading>46.67887961949022</heading>
			<tilt>89.59462560012645</tilt>
			<roll>0</roll>
			<gx:fovy>59.99999999999999</gx:fovy>
			<altitudeMode>absolute</altitudeMode>
		</Camera>
		<styleUrl>#__managed_style_008AF269E12A0BEC6F7B</styleUrl>
		<Point>
			<altitudeMode>relativeToGround</altitudeMode>
			<coordinates>104.7265215276028,17.01877795750194,0</coordinates>
		</Point>
	</Placemark>
	<Placemark id="05791219062A02CFE0F5">
		<name>RT5-SG-2031-0100-0+200</name>
		<Camera>
			<gx:ViewerOptions>
				<gx:option name="streetview"></gx:option>
				<gx:streetViewPanoId>IZy2jeNOVoI4xZc2p3UtWQ</gx:streetViewPanoId>
			</gx:ViewerOptions>
			<longitude>104.726023665664</longitude>
			<latitude>17.0189510848193</latitude>
			<altitude>146.4293823242188</altitude>
			<heading>24.81466671661578</heading>
			<tilt>86.05734206760663</tilt>
			<roll>0</roll>
			<gx:fovy>59.99999999999999</gx:fovy>
			<altitudeMode>absolute</altitudeMode>
		</Camera>
		<styleUrl>#__managed_style_008AF269E12A0BEC6F7B</styleUrl>
		<Point>
			<altitudeMode>relativeToGround</altitudeMode>
			<coordinates>104.7260662984243,17.01902316283898,0</coordinates>
		</Point>
	</Placemark>
	<Placemark id="096FFF4EB62A02D08F00">
		<name>RT6-SG-2031-0100-0+250</name>
		<LookAt>
			<longitude>104.7257277265483</longitude>
			<latitude>17.01919621476979</latitude>
			<altitude>144.8316210375689</altitude>
			<heading>-47.66971582701088</heading>
			<tilt>1.887035569469594</tilt>
			<gx:fovy>35</gx:fovy>
			<range>171.9344103722869</range>
			<altitudeMode>absolute</altitudeMode>
		</LookAt>
		<styleUrl>#__managed_style_008AF269E12A0BEC6F7B</styleUrl>
		<Point>
			<coordinates>104.7256388784357,17.01926511640709,144.4855231017013</coordinates>
		</Point>
	</Placemark>
	<Placemark id="024A2225DF2A02D0BAB4">
		<name>RT7-SG-2031-0100-0+300</name>
		<LookAt>
			<longitude>104.7253123437352</longitude>
			<latitude>17.01955169965388</latitude>
			<altitude>143.4713948166004</altitude>
			<heading>-47.66983741287614</heading>
			<tilt>1.887035972419741</tilt>
			<gx:fovy>35</gx:fovy>
			<range>173.2953642402936</range>
			<altitudeMode>absolute</altitudeMode>
		</LookAt>
		<styleUrl>#__managed_style_008AF269E12A0BEC6F7B</styleUrl>
		<Point>
			<coordinates>104.7251633282305,17.01952783304219,143.3711587508551</coordinates>
		</Point>
	</Placemark>
	<Placemark id="06777D5FDB2A02D0E464">
		<name>RT8-SG-2031-0100-0+350</name>
		<LookAt>
			<longitude>104.7249327179458</longitude>
			<latitude>17.01981517231403</latitude>
			<altitude>142.213390517384</altitude>
			<heading>-47.66994852999667</heading>
			<tilt>1.88703634510681</tilt>
			<gx:fovy>35</gx:fovy>
			<range>174.5540585399249</range>
			<altitudeMode>absolute</altitudeMode>
		</LookAt>
		<styleUrl>#__managed_style_008AF269E12A0BEC6F7B</styleUrl>
		<Point>
			<coordinates>104.7247573552879,17.01976189752053,142.402174418832</coordinates>
		</Point>
	</Placemark>
	<Placemark id="0C781C00612A02D10963">
		<name>RT9-SG-2031-0100-0+400</name>
		<LookAt>
			<longitude>104.7244582683657</longitude>
			<latitude>17.0201071724397</latitude>
			<altitude>142.8342179924889</altitude>
			<heading>-47.67008740496818</heading>
			<tilt>1.88703616113578</tilt>
			<gx:fovy>35</gx:fovy>
			<range>173.9328756994837</range>
			<altitudeMode>absolute</altitudeMode>
		</LookAt>
		<styleUrl>#__managed_style_008AF269E12A0BEC6F7B</styleUrl>
		<Point>
			<coordinates>104.7243643310567,17.01997209785215,143.5863011175192</coordinates>
		</Point>
	</Placemark>
	<Placemark id="0EEAFE37992A02D12D5B">
		<name>RT10-SG-2031-0100-0+450</name>
		<LookAt>
			<longitude>104.7240740438112</longitude>
			<latitude>17.02039218471646</latitude>
			<altitude>142.5540856258155</altitude>
			<heading>-47.67019986899351</heading>
			<tilt>1.887036244133578</tilt>
			<gx:fovy>35</gx:fovy>
			<range>174.2131508197417</range>
			<altitudeMode>absolute</altitudeMode>
		</LookAt>
		<styleUrl>#__managed_style_008AF269E12A0BEC6F7B</styleUrl>
		<Point>
			<coordinates>104.7239317408411,17.02019749945974,143.6407928281088</coordinates>
		</Point>
	</Placemark>
	<Placemark id="044579CEC22A02D156C6">
		<name>RT11-SG-2031-0100-0+500</name>
		<LookAt>
			<longitude>104.7236822670789</longitude>
			<latitude>17.02061009136894</latitude>
			<altitude>141.1836292391475</altitude>
			<heading>-47.67031454875512</heading>
			<tilt>1.887036650242979</tilt>
			<gx:fovy>35</gx:fovy>
			<range>175.5843723642647</range>
			<altitudeMode>absolute</altitudeMode>
		</LookAt>
		<styleUrl>#__managed_style_008AF269E12A0BEC6F7B</styleUrl>
		<Point>
			<coordinates>104.7235079876576,17.02041956627926,141.6754290960953</coordinates>
		</Point>
	</Placemark>
	<Placemark id="080546D39D2A02D17AE1">
		<name>RT12-SG-2031-0100-0+550</name>
		<LookAt>
			<longitude>104.7233123874957</longitude>
			<latitude>17.0207926944721</latitude>
			<altitude>142.2068616335103</altitude>
			<heading>-47.67042281809471</heading>
			<tilt>1.887036347050164</tilt>
			<gx:fovy>35</gx:fovy>
			<range>174.560571445345</range>
			<altitudeMode>absolute</altitudeMode>
		</LookAt>
		<styleUrl>#__managed_style_008AF269E12A0BEC6F7B</styleUrl>
		<Point>
			<coordinates>104.7230439384913,17.02066834454748,143.1725776383358</coordinates>
		</Point>
	</Placemark>
	<Placemark id="09C57916F92A02D19E80">
		<name>RT13-SG-2031-0100-0+600</name>
		<LookAt>
			<longitude>104.7227706825298</longitude>
			<latitude>17.02112728034675</latitude>
			<altitude>142.8615007939877</altitude>
			<heading>-47.6705813856104</heading>
			<tilt>1.887036153066227</tilt>
			<gx:fovy>35</gx:fovy>
			<range>173.9055840762376</range>
			<altitudeMode>absolute</altitudeMode>
		</LookAt>
		<styleUrl>#__managed_style_008AF269E12A0BEC6F7B</styleUrl>
		<Point>
			<coordinates>104.7226496258352,17.02086690791225,144.0136479548841</coordinates>
		</Point>
	</Placemark>
	<Placemark id="0F83A871922A02D1D31B">
		<name>RT14-SG-2031-0100-0+650</name>
		<LookAt>
			<longitude>104.7226042548199</longitude>
			<latitude>17.02131386760198</latitude>
			<altitude>142.2715401292696</altitude>
			<heading>-47.67063010219182</heading>
			<tilt>1.887036327831637</tilt>
			<gx:fovy>35</gx:fovy>
			<range>174.4958711767322</range>
			<altitudeMode>absolute</altitudeMode>
		</LookAt>
		<styleUrl>#__managed_style_008AF269E12A0BEC6F7B</styleUrl>
		<Point>
			<coordinates>104.7222384627164,17.02108783391557,145.895778796439</coordinates>
		</Point>
	</Placemark>
	<Placemark id="077ED86BF82A02D1FC47">
		<name>RT15-SG-2031-0100-0+700</name>
		<LookAt>
			<longitude>104.7221648295945</longitude>
			<latitude>17.02152690027778</latitude>
			<altitude>142.7115235493127</altitude>
			<heading>-47.67075873670343</heading>
			<tilt>1.887036197434761</tilt>
			<gx:fovy>35</gx:fovy>
			<range>174.0556474432924</range>
			<altitudeMode>absolute</altitudeMode>
		</LookAt>
		<styleUrl>#__managed_style_008AF269E12A0BEC6F7B</styleUrl>
		<Point>
			<coordinates>104.7217844287725,17.02133386586382,144.228360324103</coordinates>
		</Point>
	</Placemark>
	<Placemark id="09A9A6D6842A02D2E343">
		<name>RT16-SG-2031-0100-0+750</name>
		<LookAt>
			<longitude>104.7215384515439</longitude>
			<latitude>17.02146244732713</latitude>
			<altitude>143.6622424092736</altitude>
			<heading>64.29817520288383</heading>
			<tilt>0.6258078278315744</tilt>
			<gx:fovy>34.99999999999999</gx:fovy>
			<range>111.5349770966895</range>
			<altitudeMode>absolute</altitudeMode>
		</LookAt>
		<styleUrl>#__managed_style_008AF269E12A0BEC6F7B</styleUrl>
		<Point>
			<coordinates>104.7214115061795,17.02155467456889,143.6272413762192</coordinates>
		</Point>
	</Placemark>
	<Placemark id="072F45F1632A02D3155D">
		<name>RT17-SG-2031-0100-0+800</name>
		<LookAt>
			<longitude>104.7207674315722</longitude>
			<latitude>17.0217702401641</latitude>
			<altitude>140.7791691172818</altitude>
			<heading>64.29794949776758</heading>
			<tilt>0.6258081109483714</tilt>
			<gx:fovy>34.99999999999999</gx:fovy>
			<range>114.4182241018461</range>
			<altitudeMode>absolute</altitudeMode>
		</LookAt>
		<styleUrl>#__managed_style_008AF269E12A0BEC6F7B</styleUrl>
		<Point>
			<coordinates>104.7209454403589,17.0218026809503,141.2786613905015</coordinates>
		</Point>
	</Placemark>
	<Placemark id="07B18805022A02D33B3E">
		<name>RT18-SG-2031-0100-0+850</name>
		<LookAt>
			<longitude>104.7205561980465</longitude>
			<latitude>17.02186829587878</latitude>
			<altitude>140.1794705675311</altitude>
			<heading>64.29788766476456</heading>
			<tilt>0.6258081698397054</tilt>
			<gx:fovy>34.99999999999999</gx:fovy>
			<range>115.0179560740798</range>
			<altitudeMode>absolute</altitudeMode>
		</LookAt>
		<styleUrl>#__managed_style_008AF269E12A0BEC6F7B</styleUrl>
		<Point>
			<coordinates>104.720536517339,17.02204298999667,140.660556357438</coordinates>
		</Point>
	</Placemark>
	<Placemark id="0D58B7DF932A02D36583">
		<name>RT19-SG-2031-0100-0+900</name>
		<LookAt>
			<longitude>104.7201439868386</longitude>
			<latitude>17.02213076350848</latitude>
			<altitude>142.4893595780649</altitude>
			<heading>64.29776699431108</heading>
			<tilt>0.6258079429072847</tilt>
			<gx:fovy>34.99999999999999</gx:fovy>
			<range>112.7079258674894</range>
			<altitudeMode>absolute</altitudeMode>
		</LookAt>
		<styleUrl>#__managed_style_008AF269E12A0BEC6F7B</styleUrl>
		<Point>
			<coordinates>104.7201047204964,17.02227823832271,142.7921102576715</coordinates>
		</Point>
	</Placemark>
	<Placemark id="036D4B38FF2A02D39721">
		<name>RT20-SG-2031-0100-0+995</name>
		<LookAt>
			<longitude>104.7197605007728</longitude>
			<latitude>17.02240507179185</latitude>
			<altitude>142.4222848065542</altitude>
			<heading>64.29765473338961</heading>
			<tilt>0.6258079493911691</tilt>
			<gx:fovy>34.99999999999999</gx:fovy>
			<range>112.7750134288363</range>
			<altitudeMode>absolute</altitudeMode>
		</LookAt>
		<styleUrl>#__managed_style_008AF269E12A0BEC6F7B</styleUrl>
		<Point>
			<coordinates>104.7196749226843,17.0225596169468,142.5419079618376</coordinates>
		</Point>
	</Placemark>
	<Placemark id="0D9E954A6A2A02D3C2E5">
		<name>RT21-SG-2031-0100-1+035</name>
		<LookAt>
			<longitude>104.7194868767693</longitude>
			<latitude>17.02258981280168</latitude>
			<altitude>142.8034027134993</altitude>
			<heading>64.29757463183354</heading>
			<tilt>0.6258079119514385</tilt>
			<gx:fovy>34.99999999999999</gx:fovy>
			<range>112.3938693961645</range>
			<altitudeMode>absolute</altitudeMode>
		</LookAt>
		<styleUrl>#__managed_style_008AF269E12A0BEC6F7B</styleUrl>
		<Point>
			<coordinates>104.7192959940834,17.02282904723316,142.6056278217091</coordinates>
		</Point>
	</Placemark>
	<Placemark id="094FA0A7D92A02D50969">
		<name>RT22-SG-2031-0100-1+070</name>
		<LookAt>
			<longitude>104.7188684464333</longitude>
			<latitude>17.02314876288978</latitude>
			<altitude>140.6075304424731</altitude>
			<heading>-21.9211376731435</heading>
			<tilt>2.11482727586272</tilt>
			<gx:fovy>35</gx:fovy>
			<range>75.7756265228636</range>
			<altitudeMode>absolute</altitudeMode>
		</LookAt>
		<styleUrl>#__managed_style_008AF269E12A0BEC6F7B</styleUrl>
		<Point>
			<coordinates>104.71886009172,17.0231704594235,140.7133918709519</coordinates>
		</Point>
	</Placemark>
	<Placemark id="0428817D372A02D57BDD">
		<name>RT23-SG-2031-0100-1+120</name>
		<Camera>
			<gx:ViewerOptions>
				<gx:option name="streetview"></gx:option>
				<gx:streetViewPanoId>u_Fvb7LxqrU5-vrAnb03Qw</gx:streetViewPanoId>
			</gx:ViewerOptions>
			<longitude>104.7184075054215</longitude>
			<latitude>17.02342544899556</latitude>
			<altitude>144.8143920898438</altitude>
			<heading>33.45110610229355</heading>
			<tilt>80.5810072819144</tilt>
			<roll>0</roll>
			<gx:fovy>59.99999999999999</gx:fovy>
			<altitudeMode>absolute</altitudeMode>
		</Camera>
		<styleUrl>#__managed_style_008AF269E12A0BEC6F7B</styleUrl>
		<Point>
			<altitudeMode>relativeToGround</altitudeMode>
			<coordinates>104.7184673315458,17.02345127580148,0</coordinates>
		</Point>
	</Placemark>
	<Placemark id="06E473558B2A02D5E9EF">
		<name>RT24-SG-2031-0100-1+170</name>
		<Camera>
			<gx:ViewerOptions>
				<gx:option name="streetview"></gx:option>
				<gx:streetViewPanoId>GOR7Lu-LuKOaRz3pWsfU4Q</gx:streetViewPanoId>
			</gx:ViewerOptions>
			<longitude>104.7181938247533</longitude>
			<latitude>17.02358505963097</latitude>
			<altitude>144.7835998535156</altitude>
			<heading>338.1710503742129</heading>
			<tilt>79.7103515617611</tilt>
			<roll>0</roll>
			<gx:fovy>18.16699464651158</gx:fovy>
			<altitudeMode>absolute</altitudeMode>
		</Camera>
		<styleUrl>#__managed_style_008AF269E12A0BEC6F7B</styleUrl>
		<Point>
			<altitudeMode>relativeToGround</altitudeMode>
			<coordinates>104.7181682031022,17.02365408336351,0</coordinates>
		</Point>
	</Placemark>
	<Placemark id="02E3415E272A02D63740">
		<name>RT25-SG-2031-0100-1+220</name>
		<Camera>
			<gx:ViewerOptions>
				<gx:option name="streetview"></gx:option>
				<gx:streetViewPanoId>Mo5Mgkm-LgSsqSlNr7Wblg</gx:streetViewPanoId>
			</gx:ViewerOptions>
			<longitude>104.7178747727447</longitude>
			<latitude>17.02382278645575</latitude>
			<altitude>144.8578338623047</altitude>
			<heading>29.07649414121915</heading>
			<tilt>79.64337013465835</tilt>
			<roll>0</roll>
			<gx:fovy>59.99999999992536</gx:fovy>
			<altitudeMode>absolute</altitudeMode>
		</Camera>
		<styleUrl>#__managed_style_008AF269E12A0BEC6F7B</styleUrl>
		<Point>
			<altitudeMode>relativeToGround</altitudeMode>
			<coordinates>104.7179057123196,17.02385290410203,0</coordinates>
		</Point>
	</Placemark>
	<Placemark id="02E09DDF352A02D6890C">
		<name>RT26-SG-2031-0100-1+270</name>
		<Camera>
			<gx:ViewerOptions>
				<gx:option name="streetview"></gx:option>
				<gx:streetViewPanoId>n-Z-xNP340-xp60-2Uiyjg</gx:streetViewPanoId>
			</gx:ViewerOptions>
			<longitude>104.7176638516955</longitude>
			<latitude>17.0239800860186</latitude>
			<altitude>144.8680877690071</altitude>
			<heading>334.6374185199044</heading>
			<tilt>83.67003788566987</tilt>
			<roll>0</roll>
			<gx:fovy>42.12655202478503</gx:fovy>
			<altitudeMode>absolute</altitudeMode>
		</Camera>
		<styleUrl>#__managed_style_008AF269E12A0BEC6F7B</styleUrl>
		<Point>
			<altitudeMode>relativeToGround</altitudeMode>
			<coordinates>104.7176470548403,17.02403957230165,0</coordinates>
		</Point>
	</Placemark>
	<Placemark id="0D74C4C6672A02D6BAB0">
		<name>RT27-SG-2031-0100-1+320</name>
		<Camera>
			<gx:ViewerOptions>
				<gx:option name="streetview"></gx:option>
				<gx:streetViewPanoId>mmqTXu4XbOS-Qf0k68Z2Sw</gx:streetViewPanoId>
			</gx:ViewerOptions>
			<longitude>104.7173478266463</longitude>
			<latitude>17.02421477942831</latitude>
			<altitude>144.8571472167969</altitude>
			<heading>15.71822031105991</heading>
			<tilt>82.20825030894309</tilt>
			<roll>0</roll>
			<gx:fovy>59.99999999999999</gx:fovy>
			<altitudeMode>absolute</altitudeMode>
		</Camera>
		<styleUrl>#__managed_style_008AF269E12A0BEC6F7B</styleUrl>
		<Point>
			<altitudeMode>relativeToGround</altitudeMode>
			<coordinates>104.7173604459012,17.0242642519803,0</coordinates>
		</Point>
	</Placemark>
	<Placemark id="0A3DA261542A02D6F221">
		<name>RT28-SG-2031-0100-1+370</name>
		<Camera>
			<gx:ViewerOptions>
				<gx:option name="streetview"></gx:option>
				<gx:streetViewPanoId>arCcCkyAyXI8_llw6fqHXg</gx:streetViewPanoId>
			</gx:ViewerOptions>
			<longitude>104.7170853777242</longitude>
			<latitude>17.02441171111159</latitude>
			<altitude>144.9037780761719</altitude>
			<heading>19.97631168461746</heading>
			<tilt>78.96933566750926</tilt>
			<roll>0</roll>
			<gx:fovy>59.99999999999999</gx:fovy>
			<altitudeMode>absolute</altitudeMode>
		</Camera>
		<styleUrl>#__managed_style_008AF269E12A0BEC6F7B</styleUrl>
		<Point>
			<altitudeMode>relativeToGround</altitudeMode>
			<coordinates>104.7170985785797,17.02445138350214,0</coordinates>
		</Point>
	</Placemark>
	<Placemark id="0ED769AF922A02D88388">
		<name>RT29-SG-2031-0100-1+420</name>
		<LookAt>
			<longitude>104.7169141657625</longitude>
			<latitude>17.02459921935342</latitude>
			<altitude>142.4890449461146</altitude>
			<heading>19.97631168222157</heading>
			<tilt>0</tilt>
			<gx:fovy>35.00004406264044</gx:fovy>
			<range>141.2629021107205</range>
			<altitudeMode>absolute</altitudeMode>
		</LookAt>
		<styleUrl>#__managed_style_008AF269E12A0BEC6F7B</styleUrl>
		<Point>
			<coordinates>104.7168289509477,17.02465944102483,143.0282685563324</coordinates>
		</Point>
	</Placemark>
	<Placemark id="01D95C9AAE2A02D8C3FA">
		<name>RT30-SG-2031-0100-1+470</name>
		<LookAt>
			<longitude>104.716556099621</longitude>
			<latitude>17.02481196104683</latitude>
			<altitude>142.6474750983399</altitude>
			<heading>19.97620684454278</heading>
			<tilt>0</tilt>
			<gx:fovy>35.00004406264044</gx:fovy>
			<range>141.1044716302968</range>
			<altitudeMode>absolute</altitudeMode>
		</LookAt>
		<styleUrl>#__managed_style_008AF269E12A0BEC6F7B</styleUrl>
		<Point>
			<coordinates>104.716544418925,17.02487121503995,142.7513807822827</coordinates>
		</Point>
	</Placemark>
	<Placemark id="007098C8702A02D96241">
		<name>RT31-SG-2031-0100-1+520</name>
		<LookAt>
			<longitude>104.7163956662246</longitude>
			<latitude>17.02507224195329</latitude>
			<altitude>142.3850978394209</altitude>
			<heading>19.97615987282332</heading>
			<tilt>0</tilt>
			<gx:fovy>35.00004406264044</gx:fovy>
			<range>141.3676648598266</range>
			<altitudeMode>absolute</altitudeMode>
		</LookAt>
		<styleUrl>#__managed_style_008AF269E12A0BEC6F7B</styleUrl>
		<Point>
			<coordinates>104.7162599359868,17.02507777158942,142.4992743781523</coordinates>
		</Point>
	</Placemark>
	<Placemark id="04CFAC67AA2A02DB976C">
		<name>RT32-SG-2031-0100-1+580</name>
		<LookAt>
			<longitude>104.7158558768504</longitude>
			<latitude>17.02540541137285</latitude>
			<altitude>142.5194817147055</altitude>
			<heading>-51.93306506726599</heading>
			<tilt>0.07733613225413355</tilt>
			<gx:fovy>35</gx:fovy>
			<range>142.2440910132173</range>
			<altitudeMode>absolute</altitudeMode>
		</LookAt>
		<styleUrl>#__managed_style_008AF269E12A0BEC6F7B</styleUrl>
		<Point>
			<coordinates>104.715731710581,17.02548588903209,142.8262169416427</coordinates>
		</Point>
	</Placemark>
	<Placemark id="0DF4A1E7AF2A02DC0F69">
		<name>RT31-SG-2031-0100-1+570</name>
		<LookAt>
			<longitude>104.7160933036014</longitude>
			<latitude>17.02532118984001</latitude>
			<altitude>142.3291623856959</altitude>
			<heading>-5.819931970556278</heading>
			<tilt>0.6093797896362273</tilt>
			<gx:fovy>35</gx:fovy>
			<range>95.45423118408507</range>
			<altitudeMode>absolute</altitudeMode>
		</LookAt>
		<styleUrl>#__managed_style_008AF269E12A0BEC6F7B</styleUrl>
		<Point>
			<coordinates>104.7159358004909,17.02533317281769,142.7524432061383</coordinates>
		</Point>
	</Placemark>
	<Placemark id="0108C457522A02DD8AD8">
		<name>RT32-SG-2031-0100-1+920</name>
		<Camera>
			<gx:ViewerOptions>
				<gx:option name="streetview"></gx:option>
				<gx:streetViewPanoId>V_Q6zL_-KfLR2jjoif4vIQ</gx:streetViewPanoId>
			</gx:ViewerOptions>
			<longitude>104.7127027514256</longitude>
			<latitude>17.02772468554494</latitude>
			<altitude>147.3059997558594</altitude>
			<heading>30.5905600067109</heading>
			<tilt>73.33345181951579</tilt>
			<roll>0</roll>
			<gx:fovy>59.99999999999999</gx:fovy>
			<altitudeMode>absolute</altitudeMode>
		</Camera>
		<styleUrl>#__managed_style_008AF269E12A0BEC6F7B</styleUrl>
		<Point>
			<altitudeMode>relativeToGround</altitudeMode>
			<coordinates>104.7127027514256,17.02772468554494,0</coordinates>
		</Point>
	</Placemark>
	<Placemark id="0326B754412A02DDD93E">
		<name>RT33-SG-2031-0100-1+960</name>
		<Camera>
			<gx:ViewerOptions>
				<gx:option name="streetview"></gx:option>
				<gx:streetViewPanoId>lc3ORFGywQT1sr5NwxM8hw</gx:streetViewPanoId>
			</gx:ViewerOptions>
			<longitude>104.7124122775713</longitude>
			<latitude>17.02796005162942</latitude>
			<altitude>148.1189727783203</altitude>
			<heading>44.01271246124099</heading>
			<tilt>70.23903625588397</tilt>
			<roll>0</roll>
			<gx:fovy>59.99999999999999</gx:fovy>
			<altitudeMode>absolute</altitudeMode>
		</Camera>
		<styleUrl>#__managed_style_008AF269E12A0BEC6F7B</styleUrl>
		<Point>
			<altitudeMode>relativeToGround</altitudeMode>
			<coordinates>104.7124122775713,17.02796005162942,0</coordinates>
		</Point>
	</Placemark>
	<Placemark id="07883DE28E2A02DE84FC">
		<name>RT34-SG-2031-0100-2+000</name>
		<Camera>
			<gx:ViewerOptions>
				<gx:option name="streetview"></gx:option>
				<gx:streetViewPanoId>2ZZ9H4BgI6z5yhSZYhuLrA</gx:streetViewPanoId>
			</gx:ViewerOptions>
			<longitude>104.7121189564896</longitude>
			<latitude>17.02819536374592</latitude>
			<altitude>149.0436706542969</altitude>
			<heading>55.41655133416764</heading>
			<tilt>71.27857098367328</tilt>
			<roll>0</roll>
			<gx:fovy>59.99999999999999</gx:fovy>
			<altitudeMode>absolute</altitudeMode>
		</Camera>
		<styleUrl>#__managed_style_008AF269E12A0BEC6F7B</styleUrl>
		<Point>
			<altitudeMode>relativeToGround</altitudeMode>
			<coordinates>104.7121189564896,17.02819536374592,0</coordinates>
		</Point>
	</Placemark>
	<Placemark id="0B73A5B07D2A02DED083">
		<name>RT35-SG-2031-0100-2+040</name>
		<Camera>
			<gx:ViewerOptions>
				<gx:option name="streetview"></gx:option>
				<gx:streetViewPanoId>qWKnmyDTlIzZrc6VIU8HSw</gx:streetViewPanoId>
			</gx:ViewerOptions>
			<longitude>104.7118199404275</longitude>
			<latitude>17.02843127052244</latitude>
			<altitude>149.9011077880859</altitude>
			<heading>18.54815517095421</heading>
			<tilt>78.39454465866824</tilt>
			<roll>0</roll>
			<gx:fovy>59.99999999999999</gx:fovy>
			<altitudeMode>absolute</altitudeMode>
		</Camera>
		<styleUrl>#__managed_style_008AF269E12A0BEC6F7B</styleUrl>
		<Point>
			<altitudeMode>relativeToGround</altitudeMode>
			<coordinates>104.7118199404275,17.02843127052244,0</coordinates>
		</Point>
	</Placemark>
	<Placemark id="0DC8832F882A02E094AD">
		<name>RT36-SG-2031-0100-2+080</name>
		<Camera>
			<gx:ViewerOptions>
				<gx:option name="streetview"></gx:option>
				<gx:streetViewPanoId>fJlSuGbVjGUYVK7kEegrVg</gx:streetViewPanoId>
			</gx:ViewerOptions>
			<longitude>104.7115211919234</longitude>
			<latitude>17.02867726104421</latitude>
			<altitude>150.7474822998047</altitude>
			<heading>89.24223186634271</heading>
			<tilt>70.24173754171343</tilt>
			<roll>0</roll>
			<gx:fovy>15</gx:fovy>
			<altitudeMode>absolute</altitudeMode>
		</Camera>
		<styleUrl>#__managed_style_008AF269E12A0BEC6F7B</styleUrl>
		<Point>
			<altitudeMode>relativeToGround</altitudeMode>
			<coordinates>104.7115211919234,17.02867726104421,0</coordinates>
		</Point>
	</Placemark>
	<Placemark id="087DB05A8F2A02E13569">
		<name>RT37-SG-2031-0100-2+120</name>
		<Camera>
			<gx:ViewerOptions>
				<gx:option name="streetview"></gx:option>
				<gx:streetViewPanoId>IFKfp7AgVgbvj8ZBGPd_cA</gx:streetViewPanoId>
			</gx:ViewerOptions>
			<longitude>104.7110117100346</longitude>
			<latitude>17.02893610906802</latitude>
			<altitude>151.6238098144531</altitude>
			<heading>40.17539109462943</heading>
			<tilt>86.14609519658285</tilt>
			<roll>0</roll>
			<gx:fovy>15</gx:fovy>
			<altitudeMode>absolute</altitudeMode>
		</Camera>
		<styleUrl>#__managed_style_008AF269E12A0BEC6F7B</styleUrl>
		<Point>
			<altitudeMode>relativeToGround</altitudeMode>
			<coordinates>104.7110710963802,17.02902056362649,0</coordinates>
		</Point>
	</Placemark>
	<Placemark id="0D641D0E712A02E296B5">
		<name>RT38-SG-2031-0100-2+250</name>
		<Camera>
			<gx:ViewerOptions>
				<gx:option name="streetview"></gx:option>
				<gx:streetViewPanoId>i2Y0TEITJuJToWaN0faQhg</gx:streetViewPanoId>
			</gx:ViewerOptions>
			<longitude>104.7100544225948</longitude>
			<latitude>17.02970984660497</latitude>
			<altitude>152.7445831298828</altitude>
			<heading>40.29863901646156</heading>
			<tilt>84.10608365548921</tilt>
			<roll>0</roll>
			<gx:fovy>15</gx:fovy>
			<altitudeMode>absolute</altitudeMode>
		</Camera>
		<styleUrl>#__managed_style_008AF269E12A0BEC6F7B</styleUrl>
		<Point>
			<altitudeMode>relativeToGround</altitudeMode>
			<coordinates>104.7101615252726,17.0297713414043,0</coordinates>
		</Point>
	</Placemark>
	<Placemark id="02A6BFD2542A02E314FB">
		<name>RT39-SG-2031-0100-2+290</name>
		<Camera>
			<gx:ViewerOptions>
				<gx:option name="streetview"></gx:option>
				<gx:streetViewPanoId>L5mS_SvT3lJVnra8A4ChlQ</gx:streetViewPanoId>
			</gx:ViewerOptions>
			<longitude>104.7096937393746</longitude>
			<latitude>17.0301601732786</latitude>
			<altitude>152.627197265625</altitude>
			<heading>341.2266051698071</heading>
			<tilt>72.22846053929263</tilt>
			<roll>0</roll>
			<gx:fovy>29.3231475054737</gx:fovy>
			<altitudeMode>absolute</altitudeMode>
		</Camera>
		<styleUrl>#__managed_style_008AF269E12A0BEC6F7B</styleUrl>
		<Point>
			<altitudeMode>relativeToGround</altitudeMode>
			<coordinates>104.7096835424165,17.03018260355376,0</coordinates>
		</Point>
	</Placemark>
	<Placemark id="0B04B80FD32A02E37DE1">
		<name>RT40-SG-2031-0100-2+330</name>
		<Camera>
			<gx:ViewerOptions>
				<gx:option name="streetview"></gx:option>
				<gx:streetViewPanoId>p3dGWHKzCmrlQ7CBgyfa2Q</gx:streetViewPanoId>
			</gx:ViewerOptions>
			<longitude>104.7090841483858</longitude>
			<latitude>17.03050026771236</latitude>
			<altitude>152.7594909667969</altitude>
			<heading>54.46850486636734</heading>
			<tilt>82.46770601211266</tilt>
			<roll>0</roll>
			<gx:fovy>15</gx:fovy>
			<altitudeMode>absolute</altitudeMode>
		</Camera>
		<styleUrl>#__managed_style_008AF269E12A0BEC6F7B</styleUrl>
		<Point>
			<altitudeMode>relativeToGround</altitudeMode>
			<coordinates>104.7091777261478,17.03059223478075,0</coordinates>
		</Point>
	</Placemark>
	<Placemark id="093A03794C2A02EC749B">
		<name>RT41-SG-2031-0100-2+370</name>
		<LookAt>
			<longitude>104.7088069486328</longitude>
			<latitude>17.03075940778323</latitude>
			<altitude>151.2319912879121</altitude>
			<heading>20.98579436138828</heading>
			<tilt>0</tilt>
			<gx:fovy>35</gx:fovy>
			<range>182.776497333598</range>
			<altitudeMode>absolute</altitudeMode>
		</LookAt>
		<styleUrl>#__managed_style_008AF269E12A0BEC6F7B</styleUrl>
		<Point>
			<coordinates>104.7088585661359,17.03086951426068,151.0322336628065</coordinates>
		</Point>
	</Placemark>
	<Placemark id="0EA72BE4612A02ECD6B9">
		<name>RT42-SG-2031-0100-2+410</name>
		<Camera>
			<gx:ViewerOptions>
				<gx:option name="streetview"></gx:option>
				<gx:streetViewPanoId>eg7FQjY3Pmv7ashZCt_v8A</gx:streetViewPanoId>
			</gx:ViewerOptions>
			<longitude>104.7085324038771</longitude>
			<latitude>17.03111294214689</latitude>
			<altitude>152.4772033691406</altitude>
			<heading>67.66635682215114</heading>
			<tilt>71.17570434071597</tilt>
			<roll>0</roll>
			<gx:fovy>59.99999999999999</gx:fovy>
			<altitudeMode>absolute</altitudeMode>
		</Camera>
		<styleUrl>#__managed_style_008AF269E12A0BEC6F7B</styleUrl>
		<Point>
			<altitudeMode>relativeToGround</altitudeMode>
			<coordinates>104.7085324038771,17.03111294214689,0</coordinates>
		</Point>
	</Placemark>
	<Placemark id="027F62B5DA2A02ED3A3A">
		<name>RT43-SG-2031-0100-2+450</name>
		<Camera>
			<gx:ViewerOptions>
				<gx:option name="streetview"></gx:option>
				<gx:streetViewPanoId>NKf6dPfvtFu88kP5pNA_Yw</gx:streetViewPanoId>
			</gx:ViewerOptions>
			<longitude>104.7080051337539</longitude>
			<latitude>17.03153967386918</latitude>
			<altitude>152.2688598632812</altitude>
			<heading>81.37605907333901</heading>
			<tilt>67.61215287865772</tilt>
			<roll>0</roll>
			<gx:fovy>16.83480039789153</gx:fovy>
			<altitudeMode>absolute</altitudeMode>
		</Camera>
		<styleUrl>#__managed_style_008AF269E12A0BEC6F7B</styleUrl>
		<Point>
			<altitudeMode>relativeToGround</altitudeMode>
			<coordinates>104.7080051337539,17.03153967386918,0</coordinates>
		</Point>
	</Placemark>
	<Placemark id="04F71318842A02ED85F9">
		<name>RT44-SG-2031-0100-2+490</name>
		<Camera>
			<gx:ViewerOptions>
				<gx:option name="streetview"></gx:option>
				<gx:streetViewPanoId>KgwXH-IwEe-EGwI9qd_TwA</gx:streetViewPanoId>
			</gx:ViewerOptions>
			<longitude>104.7077831913929</longitude>
			<latitude>17.03171746843593</latitude>
			<altitude>152.2807769770812</altitude>
			<heading>20.02180700001689</heading>
			<tilt>68.13368427374391</tilt>
			<roll>0</roll>
			<gx:fovy>60.00000000000041</gx:fovy>
			<altitudeMode>absolute</altitudeMode>
		</Camera>
		<styleUrl>#__managed_style_008AF269E12A0BEC6F7B</styleUrl>
		<Point>
			<altitudeMode>relativeToGround</altitudeMode>
			<coordinates>104.7077831913929,17.03171746843593,0</coordinates>
		</Point>
	</Placemark>
	<Placemark id="0A116DD4A52A02EDC305">
		<name>RT45-SG-2031-0100-2+530</name>
		<Camera>
			<gx:ViewerOptions>
				<gx:option name="streetview"></gx:option>
				<gx:streetViewPanoId>Op5ZHBgUpoJ6a2hyPuSbQA</gx:streetViewPanoId>
			</gx:ViewerOptions>
			<longitude>104.707553151232</longitude>
			<latitude>17.03190481975057</latitude>
			<altitude>152.1390533447266</altitude>
			<heading>357.0711549333416</heading>
			<tilt>80.70872996118229</tilt>
			<roll>0</roll>
			<gx:fovy>60.00000000000017</gx:fovy>
			<altitudeMode>absolute</altitudeMode>
		</Camera>
		<styleUrl>#__managed_style_008AF269E12A0BEC6F7B</styleUrl>
		<Point>
			<altitudeMode>relativeToGround</altitudeMode>
			<coordinates>104.707553151232,17.03190481975057,0</coordinates>
		</Point>
	</Placemark>
	<Placemark id="06756591062A02EE8677">
		<name>RT46-SG-2031-0100-2+570</name>
		<LookAt>
			<longitude>104.7072257837523</longitude>
			<latitude>17.03210766608956</latitude>
			<altitude>150.8484812147692</altitude>
			<heading>58.7359597945367</heading>
			<tilt>0</tilt>
			<gx:fovy>35</gx:fovy>
			<range>88.77646349974384</range>
			<altitudeMode>absolute</altitudeMode>
		</LookAt>
		<styleUrl>#__managed_style_008AF269E12A0BEC6F7B</styleUrl>
		<Point>
			<coordinates>104.7072745675492,17.03217541607157,151.3523299352308</coordinates>
		</Point>
	</Placemark>
	<Placemark id="06172DE0B72A02EECA5B">
		<name>RT47-SG-2031-0100-2+610</name>
		<LookAt>
			<longitude>104.7068920435715</longitude>
			<latitude>17.03230572169016</latitude>
			<altitude>149.2654683381821</altitude>
			<heading>58.73589992587748</heading>
			<tilt>0</tilt>
			<gx:fovy>35</gx:fovy>
			<range>499.7474706563663</range>
			<altitudeMode>absolute</altitudeMode>
		</LookAt>
		<styleUrl>#__managed_style_008AF269E12A0BEC6F7B</styleUrl>
		<Point>
			<coordinates>104.7069878201944,17.03241378034366,149.5666498839041</coordinates>
		</Point>
	</Placemark>
	<Placemark id="005FDBEC312A02EF4AFC">
		<name>RT48-SG-2031-0100-2+650</name>
		<LookAt>
			<longitude>104.7068355396944</longitude>
			<latitude>17.03254601476465</latitude>
			<altitude>148.9566624970725</altitude>
			<heading>85.06405502210694</heading>
			<tilt>1.237041853385791</tilt>
			<gx:fovy>35</gx:fovy>
			<range>106.6757354469155</range>
			<altitudeMode>absolute</altitudeMode>
		</LookAt>
		<styleUrl>#__managed_style_008AF269E12A0BEC6F7B</styleUrl>
		<Point>
			<coordinates>104.7066476075028,17.0326924054044,149.0167579185422</coordinates>
		</Point>
	</Placemark>
	<Placemark id="08A323423C2A02F089E3">
		<name>RT49-SG-2031-0100-2+690</name>
		<LookAt>
			<longitude>104.706222198249</longitude>
			<latitude>17.03287439913611</latitude>
			<altitude>147.8004339380887</altitude>
			<heading>31.02452320954351</heading>
			<tilt>0</tilt>
			<gx:fovy>35</gx:fovy>
			<range>162.4139796592681</range>
			<altitudeMode>absolute</altitudeMode>
		</LookAt>
		<styleUrl>#__managed_style_008AF269E12A0BEC6F7B</styleUrl>
		<Point>
			<coordinates>104.7063181965873,17.03298397769847,147.4166082915164</coordinates>
		</Point>
	</Placemark>
	<Placemark id="0DC2D4539C2A02F0E30C">
		<name>RT50-SG-2031-0100-2+730</name>
		<LookAt>
			<longitude>104.7059451651369</longitude>
			<latitude>17.03314389530403</latitude>
			<altitude>147.9544685853479</altitude>
			<heading>31.02444206099671</heading>
			<tilt>0</tilt>
			<gx:fovy>35</gx:fovy>
			<range>162.2599529227227</range>
			<altitudeMode>absolute</altitudeMode>
		</LookAt>
		<styleUrl>#__managed_style_008AF269E12A0BEC6F7B</styleUrl>
		<Point>
			<coordinates>104.7059661170696,17.03326449736037,148.2051611460237</coordinates>
		</Point>
	</Placemark>
	<Placemark id="0826CC439A2A02F10AB7">
		<name>RT51-SG-2031-0100-2+770</name>
		<LookAt>
			<longitude>104.7058707902948</longitude>
			<latitude>17.03326435872306</latitude>
			<altitude>149.1033356946067</altitude>
			<heading>31.02442027496321</heading>
			<tilt>0</tilt>
			<gx:fovy>35</gx:fovy>
			<range>161.1110972664574</range>
			<altitudeMode>absolute</altitudeMode>
		</LookAt>
		<styleUrl>#__managed_style_008AF269E12A0BEC6F7B</styleUrl>
		<Point>
			<coordinates>104.7056173707809,17.03352984511914,152.1985255163833</coordinates>
		</Point>
	</Placemark>
	<Placemark id="0A290802D02A02F30EDA">
		<name>RT52-SG-2031-0100-2+810</name>
		<LookAt>
			<longitude>104.7054083202496</longitude>
			<latitude>17.03399353282497</latitude>
			<altitude>152.8233105965251</altitude>
			<heading>317.8088160308531</heading>
			<tilt>0</tilt>
			<gx:fovy>34.99994397321218</gx:fovy>
			<range>349.962188438658</range>
			<altitudeMode>absolute</altitudeMode>
		</LookAt>
		<styleUrl>#__managed_style_008AF269E12A0BEC6F7B</styleUrl>
		<Point>
			<coordinates>104.7052113819852,17.03384643333311,152.7720788523573</coordinates>
		</Point>
	</Placemark>
	<Placemark id="0C4035DE872A02F33D38">
		<name>RT53-SG-2031-0100-2+870</name>
		<LookAt>
			<longitude>104.7050658803528</longitude>
			<latitude>17.03422256628862</latitude>
			<altitude>151.4434354822351</altitude>
			<heading>317.8087415145894</heading>
			<tilt>0</tilt>
			<gx:fovy>34.99994397321218</gx:fovy>
			<range>221.951750912267</range>
			<altitudeMode>absolute</altitudeMode>
		</LookAt>
		<styleUrl>#__managed_style_008AF269E12A0BEC6F7B</styleUrl>
		<Point>
			<coordinates>104.7048934394247,17.03410185633718,151.2662952840052</coordinates>
		</Point>
	</Placemark>
	<Placemark id="05482B86BF2A02F427B7">
		<name>RT54-SG-2031-0100-2+910</name>
		<LookAt>
			<longitude>104.704459991915</longitude>
			<latitude>17.03443936263252</latitude>
			<altitude>149.188914774493</altitude>
			<heading>72.69521233868896</heading>
			<tilt>1.876229421553769</tilt>
			<gx:fovy>35</gx:fovy>
			<range>87.74346107387828</range>
			<altitudeMode>absolute</altitudeMode>
		</LookAt>
		<styleUrl>#__managed_style_008AF269E12A0BEC6F7B</styleUrl>
		<Point>
			<coordinates>104.7044976530118,17.03442418107782,149.4672656305155</coordinates>
		</Point>
	</Placemark>
	<Placemark id="0D494DED552A02F463C5">
		<name>RT55-SG-2031-0100-2+980</name>
		<LookAt>
			<longitude>104.7043146907717</longitude>
			<latitude>17.03437984958097</latitude>
			<altitude>149.2565240510959</altitude>
			<heading>72.69517103614137</heading>
			<tilt>1.876256798220082</tilt>
			<gx:fovy>35</gx:fovy>
			<range>180.7248741822696</range>
			<altitudeMode>absolute</altitudeMode>
		</LookAt>
		<styleUrl>#__managed_style_008AF269E12A0BEC6F7B</styleUrl>
		<Point>
			<coordinates>104.7041324393716,17.03476008205748,147.79494318532</coordinates>
		</Point>
	</Placemark>
	<Placemark id="0983E417DF2A02F538CC">
		<name>RT56-SG-2031-0100-3+020</name>
		<Camera>
			<gx:ViewerOptions>
				<gx:option name="streetview"></gx:option>
				<gx:streetViewPanoId>M-1c4lLM66qtRHbSk3cw-g</gx:streetViewPanoId>
			</gx:ViewerOptions>
			<longitude>104.7037291064877</longitude>
			<latitude>17.0350224755555</latitude>
			<altitude>150.4078521728516</altitude>
			<heading>48.21539707051274</heading>
			<tilt>71.09643850864475</tilt>
			<roll>0</roll>
			<gx:fovy>59.99999999999999</gx:fovy>
			<altitudeMode>absolute</altitudeMode>
		</Camera>
		<styleUrl>#__managed_style_008AF269E12A0BEC6F7B</styleUrl>
		<Point>
			<altitudeMode>relativeToGround</altitudeMode>
			<coordinates>104.703767949085,17.03505806930219,0</coordinates>
		</Point>
	</Placemark>
	<Placemark id="0B00C244762A02F58625">
		<name>RT57-SG-2031-0100-3+060</name>
		<Camera>
			<gx:ViewerOptions>
				<gx:option name="streetview"></gx:option>
				<gx:streetViewPanoId>6iwHmWIDd5AvbkTtu1HmhQ</gx:streetViewPanoId>
			</gx:ViewerOptions>
			<longitude>104.7033598062561</longitude>
			<latitude>17.03531855535408</latitude>
			<altitude>150.0784759521484</altitude>
			<heading>80.04917468977301</heading>
			<tilt>71.88336343684392</tilt>
			<roll>0</roll>
			<gx:fovy>18.27270333681818</gx:fovy>
			<altitudeMode>absolute</altitudeMode>
		</Camera>
		<styleUrl>#__managed_style_008AF269E12A0BEC6F7B</styleUrl>
		<Point>
			<altitudeMode>relativeToGround</altitudeMode>
			<coordinates>104.7034128356057,17.03535304567928,0</coordinates>
		</Point>
	</Placemark>
	<Placemark id="0E5084F6E32A02F5E6D3">
		<name>RT58-SG-2031-0100-3+100</name>
		<Camera>
			<gx:ViewerOptions>
				<gx:option name="streetview"></gx:option>
				<gx:streetViewPanoId>XugBtHdeGH0PwMq2rp5pzA</gx:streetViewPanoId>
			</gx:ViewerOptions>
			<longitude>104.7029953122458</longitude>
			<latitude>17.03561639090637</latitude>
			<altitude>149.8282775878906</altitude>
			<heading>73.21380227429601</heading>
			<tilt>77.77222294431508</tilt>
			<roll>0</roll>
			<gx:fovy>59.99999999999999</gx:fovy>
			<altitudeMode>absolute</altitudeMode>
		</Camera>
		<styleUrl>#__managed_style_008AF269E12A0BEC6F7B</styleUrl>
		<Point>
			<altitudeMode>relativeToGround</altitudeMode>
			<coordinates>104.7030147650938,17.03566327393377,0</coordinates>
		</Point>
	</Placemark>
	<Placemark id="0FFB994C8F2A02F751E2">
		<name>RT59-SG-2031-0100-3+260</name>
		<Camera>
			<gx:ViewerOptions>
				<gx:option name="streetview"></gx:option>
				<gx:streetViewPanoId>L3MGxwZYozK1aQo3m7JSMA</gx:streetViewPanoId>
			</gx:ViewerOptions>
			<longitude>104.7018228149076</longitude>
			<latitude>17.03655972534175</latitude>
			<altitude>149.7667388916016</altitude>
			<heading>13.61172747491924</heading>
			<tilt>79.43748399708402</tilt>
			<roll>0</roll>
			<gx:fovy>59.99999999999999</gx:fovy>
			<altitudeMode>absolute</altitudeMode>
		</Camera>
		<styleUrl>#__managed_style_008AF269E12A0BEC6F7B</styleUrl>
		<Point>
			<altitudeMode>relativeToGround</altitudeMode>
			<coordinates>104.7018251697326,17.03657988366455,0</coordinates>
		</Point>
	</Placemark>
	<Placemark id="012D46DD0C2A02F79C78">
		<name>RT60-SG-2031-0100-3+300</name>
		<Camera>
			<gx:ViewerOptions>
				<gx:option name="streetview"></gx:option>
				<gx:streetViewPanoId>RvR_PIhXeS6lfemA_9_8Sw</gx:streetViewPanoId>
			</gx:ViewerOptions>
			<longitude>104.7015372558507</longitude>
			<latitude>17.03679886939263</latitude>
			<altitude>150.6791534423828</altitude>
			<heading>69.04820377694524</heading>
			<tilt>74.57502691563458</tilt>
			<roll>0</roll>
			<gx:fovy>59.99999999999999</gx:fovy>
			<altitudeMode>absolute</altitudeMode>
		</Camera>
		<styleUrl>#__managed_style_008AF269E12A0BEC6F7B</styleUrl>
		<Point>
			<altitudeMode>relativeToGround</altitudeMode>
			<coordinates>104.7015383826676,17.03681273193204,0</coordinates>
		</Point>
	</Placemark>
	<Placemark id="0F42AC815A2A02F81C32">
		<name>RT61-SG-2031-0100-3+340</name>
		<Camera>
			<gx:ViewerOptions>
				<gx:option name="streetview"></gx:option>
				<gx:streetViewPanoId>ZrlD06cytyjsG45dnulFKQ</gx:streetViewPanoId>
			</gx:ViewerOptions>
			<longitude>104.7012024876967</longitude>
			<latitude>17.03693479266728</latitude>
			<altitude>150.800415038422</altitude>
			<heading>55.69256424584667</heading>
			<tilt>78.5423050122223</tilt>
			<roll>0</roll>
			<gx:fovy>18.38803300390769</gx:fovy>
			<altitudeMode>absolute</altitudeMode>
		</Camera>
		<styleUrl>#__managed_style_008AF269E12A0BEC6F7B</styleUrl>
		<Point>
			<altitudeMode>relativeToGround</altitudeMode>
			<coordinates>104.701282005864,17.03703805822484,0</coordinates>
		</Point>
	</Placemark>
	<Placemark id="0505F69E362A02F8650A">
		<name>RT62-SG-2031-0100-3+380</name>
		<Camera>
			<gx:ViewerOptions>
				<gx:option name="streetview"></gx:option>
				<gx:streetViewPanoId>2lkseM-eAOIssd57Wy_eig</gx:streetViewPanoId>
			</gx:ViewerOptions>
			<longitude>104.7009731692619</longitude>
			<latitude>17.03712235903652</latitude>
			<altitude>150.8566436767578</altitude>
			<heading>26.49447437808767</heading>
			<tilt>85.29552998437701</tilt>
			<roll>0</roll>
			<gx:fovy>17.34852430880716</gx:fovy>
			<altitudeMode>absolute</altitudeMode>
		</Camera>
		<styleUrl>#__managed_style_008AF269E12A0BEC6F7B</styleUrl>
		<Point>
			<altitudeMode>relativeToGround</altitudeMode>
			<coordinates>104.7010148689511,17.0372504243782,0</coordinates>
		</Point>
	</Placemark>
	<Placemark id="03824C78932A02F8AE41">
		<name>RT63-SG-2031-0100-3+420</name>
		<Camera>
			<gx:ViewerOptions>
				<gx:option name="streetview"></gx:option>
				<gx:streetViewPanoId>bKGsrUGb6Qb2AWfyruAGqQ</gx:streetViewPanoId>
			</gx:ViewerOptions>
			<longitude>104.700750258189</longitude>
			<latitude>17.03730154722864</latitude>
			<altitude>150.8648376464844</altitude>
			<heading>19.10926593155495</heading>
			<tilt>79.46378478368437</tilt>
			<roll>0</roll>
			<gx:fovy>17.94709101615402</gx:fovy>
			<altitudeMode>absolute</altitudeMode>
		</Camera>
		<styleUrl>#__managed_style_008AF269E12A0BEC6F7B</styleUrl>
		<Point>
			<altitudeMode>relativeToGround</altitudeMode>
			<coordinates>104.7007660801861,17.03746376723706,0</coordinates>
		</Point>
	</Placemark>
	<Placemark id="00966D805D2A02FA7637">
		<name>RT64-SG-2031-0100-3+460</name>
		<LookAt>
			<longitude>104.7006734495338</longitude>
			<latitude>17.03766142447375</latitude>
			<altitude>148.735619101358</altitude>
			<heading>30.9691431351299</heading>
			<tilt>9.028100480630446</tilt>
			<gx:fovy>35</gx:fovy>
			<range>147.8940944091482</range>
			<altitudeMode>absolute</altitudeMode>
		</LookAt>
		<styleUrl>#__managed_style_008AF269E12A0BEC6F7B</styleUrl>
		<Point>
			<coordinates>104.7005057486938,17.03767371751282,148.78611654456</coordinates>
		</Point>
	</Placemark>
	<Placemark id="0715802D582A02FAA5E0">
		<name>RT65-SG-2031-0100-3+500</name>
		<LookAt>
			<longitude>104.7005502016819</longitude>
			<latitude>17.03786633124956</latitude>
			<altitude>148.9746118346374</altitude>
			<heading>30.96910702449283</heading>
			<tilt>9.028100139145215</tilt>
			<gx:fovy>35</gx:fovy>
			<range>147.6521086830326</range>
			<altitudeMode>absolute</altitudeMode>
		</LookAt>
		<styleUrl>#__managed_style_008AF269E12A0BEC6F7B</styleUrl>
		<Point>
			<coordinates>104.7002313624472,17.03789806986232,148.0681032101842</coordinates>
		</Point>
	</Placemark>
	<Placemark id="0F4AF3F8B82A02FACFE0">
		<name>RT66-SG-2031-0100-3+540</name>
		<LookAt>
			<longitude>104.7002499815109</longitude>
			<latitude>17.03804354297116</latitude>
			<altitude>147.9036261671773</altitude>
			<heading>30.96901905777187</heading>
			<tilt>9.0281016694783</tilt>
			<gx:fovy>35</gx:fovy>
			<range>148.7365306130778</range>
			<altitudeMode>absolute</altitudeMode>
		</LookAt>
		<styleUrl>#__managed_style_008AF269E12A0BEC6F7B</styleUrl>
		<Point>
			<coordinates>104.6999813398553,17.03811588310858,147.0080442392593</coordinates>
		</Point>
	</Placemark>
	<Placemark id="0BA9D2DCF82A02FAF90A">
		<name>RT67-SG-2031-0100-3+580</name>
		<LookAt>
			<longitude>104.6997525570503</longitude>
			<latitude>17.03846883136428</latitude>
			<altitude>146.4430550238058</altitude>
			<heading>30.96887330537098</heading>
			<tilt>9.028103756482938</tilt>
			<gx:fovy>35</gx:fovy>
			<range>150.2154352842263</range>
			<altitudeMode>absolute</altitudeMode>
		</LookAt>
		<styleUrl>#__managed_style_008AF269E12A0BEC6F7B</styleUrl>
		<Point>
			<coordinates>104.6997292994599,17.03833248474709,146.394991012319</coordinates>
		</Point>
	</Placemark>
	<Placemark id="01891B9A852A02FB1B5C">
		<name>RT68-SG-2031-0100-3+620</name>
		<LookAt>
			<longitude>104.6997525570503</longitude>
			<latitude>17.03846883138541</latitude>
			<altitude>146.4430550238058</altitude>
			<heading>30.96887330530256</heading>
			<tilt>9.0281037565011</tilt>
			<gx:fovy>35</gx:fovy>
			<range>150.2154352842263</range>
			<altitudeMode>absolute</altitudeMode>
		</LookAt>
		<styleUrl>#__managed_style_008AF269E12A0BEC6F7B</styleUrl>
		<Point>
			<coordinates>104.6994611805732,17.03854167214151,146.1033575553295</coordinates>
		</Point>
	</Placemark>
	<Placemark id="0C8912E3512A02FB41E0">
		<name>RT69-SG-2031-0100-3+660</name>
		<LookAt>
			<longitude>104.6993994314599</longitude>
			<latitude>17.03866669318943</latitude>
			<altitude>146.5343851587051</altitude>
			<heading>30.96876983566324</heading>
			<tilt>9.028103626021768</tilt>
			<gx:fovy>35</gx:fovy>
			<range>150.1229798403801</range>
			<altitudeMode>absolute</altitudeMode>
		</LookAt>
		<styleUrl>#__managed_style_008AF269E12A0BEC6F7B</styleUrl>
		<Point>
			<coordinates>104.6992253632555,17.038727856963,147.445405667428</coordinates>
		</Point>
	</Placemark>
	<Placemark id="0FB853E0D52A02FBAA0D">
		<name>RT70-SG-2031-0100-3+730</name>
		<LookAt>
			<longitude>104.6989403886684</longitude>
			<latitude>17.03856226637371</latitude>
			<altitude>146.9029736662502</altitude>
			<heading>79.23175681224012</heading>
			<tilt>0.5317222973696567</tilt>
			<gx:fovy>35</gx:fovy>
			<range>142.297608090139</range>
			<altitudeMode>absolute</altitudeMode>
		</LookAt>
		<styleUrl>#__managed_style_008AF269E12A0BEC6F7B</styleUrl>
		<Point>
			<coordinates>104.6989721940519,17.03892822813769,150.0950728692496</coordinates>
		</Point>
	</Placemark>
	<Placemark id="0F2A9E56FD2A02FBCFD4">
		<name>RT71-SG-2031-0100-3+790</name>
		<LookAt>
			<longitude>104.698681546478</longitude>
			<latitude>17.03883228765879</latitude>
			<altitude>150.110046302811</altitude>
			<heading>79.23168096938797</heading>
			<tilt>0.5317220297007016</tilt>
			<gx:fovy>35</gx:fovy>
			<range>139.0904077787309</range>
			<altitudeMode>absolute</altitudeMode>
		</LookAt>
		<styleUrl>#__managed_style_008AF269E12A0BEC6F7B</styleUrl>
		<Point>
			<coordinates>104.6987099080949,17.0391261878533,150.9715154717761</coordinates>
		</Point>
	</Placemark>
	<Placemark id="0A7085D14F2A02FBFB24">
		<name>RT72-SG-2031-0100-3+850</name>
		<LookAt>
			<longitude>104.6983018632486</longitude>
			<latitude>17.03913118390561</latitude>
			<altitude>151.1219132577442</altitude>
			<heading>79.23156971495837</heading>
			<tilt>0.5317219452248997</tilt>
			<gx:fovy>35</gx:fovy>
			<range>138.0784969682827</range>
			<altitudeMode>absolute</altitudeMode>
		</LookAt>
		<styleUrl>#__managed_style_008AF269E12A0BEC6F7B</styleUrl>
		<Point>
			<coordinates>104.6984368024999,17.0393444918555,151.0361906048888</coordinates>
		</Point>
	</Placemark>
	<Placemark id="04DAA20F0A2A02FC1F2A">
		<name>RT73-SG-2031-0100-3+920</name>
		<LookAt>
			<longitude>104.6980198335971</longitude>
			<latitude>17.03934604582895</latitude>
			<altitude>149.0836418550763</altitude>
			<heading>79.231487074775</heading>
			<tilt>0.5317221153040584</tilt>
			<gx:fovy>35</gx:fovy>
			<range>140.1168625327773</range>
			<altitudeMode>absolute</altitudeMode>
		</LookAt>
		<styleUrl>#__managed_style_008AF269E12A0BEC6F7B</styleUrl>
		<Point>
			<coordinates>104.6981801843914,17.03957216266252,149.2725841466298</coordinates>
		</Point>
	</Placemark>
	<Placemark id="08682D24F02A02FC42E6">
		<name>RT74-SG-2031-0100-3+985</name>
		<LookAt>
			<longitude>104.6978863146315</longitude>
			<latitude>17.03950133242854</latitude>
			<altitude>147.5951301666039</altitude>
			<heading>79.23144794879738</heading>
			<tilt>0.5317222395360375</tilt>
			<gx:fovy>35</gx:fovy>
			<range>141.6054438516585</range>
			<altitudeMode>absolute</altitudeMode>
		</LookAt>
		<styleUrl>#__managed_style_008AF269E12A0BEC6F7B</styleUrl>
		<Point>
			<coordinates>104.6979068327158,17.03980459138319,146.5800948381289</coordinates>
		</Point>
	</Placemark>
	<Placemark id="01903DB24A2A02FC65EF">
		<name>RT75-SG-2031-0100-4+030</name>
		<LookAt>
			<longitude>104.6976669502634</longitude>
			<latitude>17.0397489896578</latitude>
			<altitude>146.4689994193815</altitude>
			<heading>79.23138367215476</heading>
			<tilt>0.5317223334881617</tilt>
			<gx:fovy>35</gx:fovy>
			<range>142.7316202269503</range>
			<altitudeMode>absolute</altitudeMode>
		</LookAt>
		<styleUrl>#__managed_style_008AF269E12A0BEC6F7B</styleUrl>
		<Point>
			<coordinates>104.6976512881892,17.04000363033278,147.1631038833674</coordinates>
		</Point>
	</Placemark>
	<Placemark id="06C594A6B22A030E21DE">
		<name>RT76-SG-2031-0100-4+060</name>
		<Camera>
			<gx:ViewerOptions>
				<gx:option name="streetview"></gx:option>
				<gx:streetViewPanoId>tze66VrlL7t5x1JvoIyhyg</gx:streetViewPanoId>
			</gx:ViewerOptions>
			<longitude>104.6973509265981</longitude>
			<latitude>17.04003749775725</latitude>
			<altitude>150.5364074707031</altitude>
			<heading>22.55303920930811</heading>
			<tilt>88.88955368754405</tilt>
			<roll>0</roll>
			<gx:fovy>43.04271841303121</gx:fovy>
			<altitudeMode>absolute</altitudeMode>
		</Camera>
		<styleUrl>#__managed_style_008AF269E12A0BEC6F7B</styleUrl>
		<Point>
			<altitudeMode>relativeToGround</altitudeMode>
			<coordinates>104.6974341782481,17.04015080470533,0</coordinates>
		</Point>
	</Placemark>
	<Placemark id="017439ACB72A030FBC36">
		<name>RT77-SG-2031-0100-4+110</name>
		<Camera>
			<gx:ViewerOptions>
				<gx:option name="streetview"></gx:option>
				<gx:streetViewPanoId>uKmeraaCl0LeyaiCV_ULhw</gx:streetViewPanoId>
			</gx:ViewerOptions>
			<longitude>104.6969861798722</longitude>
			<latitude>17.04033298604136</latitude>
			<altitude>150.5908660888672</altitude>
			<heading>59.74672430079131</heading>
			<tilt>89.79577098104487</tilt>
			<roll>0</roll>
			<gx:fovy>42.91254851024495</gx:fovy>
			<altitudeMode>absolute</altitudeMode>
		</Camera>
		<styleUrl>#__managed_style_008AF269E12A0BEC6F7B</styleUrl>
		<Point>
			<altitudeMode>relativeToGround</altitudeMode>
			<coordinates>104.6970818365763,17.04047380215786,0</coordinates>
		</Point>
	</Placemark>
	<Placemark id="04DD3FD8392A03107603">
		<name>RT78-SG-2031-0100-4+140</name>
		<Camera>
			<gx:ViewerOptions>
				<gx:option name="streetview"></gx:option>
				<gx:streetViewPanoId>_sAUGeC1GwQod_N-Zg-5qw</gx:streetViewPanoId>
			</gx:ViewerOptions>
			<longitude>104.6967670119093</longitude>
			<latitude>17.04050715723096</latitude>
			<altitude>150.5564875916811</altitude>
			<heading>46.03969694248432</heading>
			<tilt>85</tilt>
			<roll>0</roll>
			<gx:fovy>60</gx:fovy>
			<altitudeMode>absolute</altitudeMode>
		</Camera>
		<styleUrl>#__managed_style_008AF269E12A0BEC6F7B</styleUrl>
		<Point>
			<altitudeMode>relativeToGround</altitudeMode>
			<coordinates>104.6968426183038,17.04065147467723,0</coordinates>
		</Point>
	</Placemark>
	<Placemark id="0ADB9194D12A0310F111">
		<name>RT79-SG-2031-0100-4+170</name>
		<Camera>
			<gx:ViewerOptions>
				<gx:option name="streetview"></gx:option>
				<gx:streetViewPanoId>XF48Tgg_PKgH_8a2CVbtVg</gx:streetViewPanoId>
			</gx:ViewerOptions>
			<longitude>104.6965473993389</longitude>
			<latitude>17.04067362929396</latitude>
			<altitude>150.6313934326172</altitude>
			<heading>37.07877869319815</heading>
			<tilt>85</tilt>
			<roll>0</roll>
			<gx:fovy>60</gx:fovy>
			<altitudeMode>absolute</altitudeMode>
		</Camera>
		<styleUrl>#__managed_style_008AF269E12A0BEC6F7B</styleUrl>
		<Point>
			<altitudeMode>relativeToGround</altitudeMode>
			<coordinates>104.6966435482703,17.04078775088689,0</coordinates>
		</Point>
	</Placemark>
	<Placemark id="0F976C5EBB2A0311581B">
		<name>RT80-SG-2031-0100-4+250</name>
		<Camera>
			<gx:ViewerOptions>
				<gx:option name="streetview"></gx:option>
				<gx:streetViewPanoId>X_O2EaTvpywR2aoMq22TEw</gx:streetViewPanoId>
			</gx:ViewerOptions>
			<longitude>104.6960384119298</longitude>
			<latitude>17.0410835724063</latitude>
			<altitude>150.6199798583984</altitude>
			<heading>30.97270328836438</heading>
			<tilt>89.84295832190465</tilt>
			<roll>0</roll>
			<gx:fovy>59.99999999999999</gx:fovy>
			<altitudeMode>absolute</altitudeMode>
		</Camera>
		<styleUrl>#__managed_style_008AF269E12A0BEC6F7B</styleUrl>
		<Point>
			<altitudeMode>relativeToGround</altitudeMode>
			<coordinates>104.6961266557289,17.04120325292631,0</coordinates>
		</Point>
	</Placemark>
	<Placemark id="07D9F20E762A031205E6">
		<name>RT81-SG-2031-0100-4+300</name>
		<Camera>
			<gx:ViewerOptions>
				<gx:option name="streetview"></gx:option>
				<gx:streetViewPanoId>a3LWabiOZeD_qcirQVJMCg</gx:streetViewPanoId>
			</gx:ViewerOptions>
			<longitude>104.695747079685</longitude>
			<latitude>17.0413149744636</latitude>
			<altitude>150.650756836571</altitude>
			<heading>50.24647730725372</heading>
			<tilt>98.11985487113074</tilt>
			<roll>0</roll>
			<gx:fovy>43.54696427346382</gx:fovy>
			<altitudeMode>absolute</altitudeMode>
		</Camera>
		<styleUrl>#__managed_style_008AF269E12A0BEC6F7B</styleUrl>
		<Point>
			<altitudeMode>relativeToGround</altitudeMode>
			<coordinates>104.6958468880163,17.04143442576939,0</coordinates>
		</Point>
	</Placemark>
	<Placemark id="06ED84B6B62A03127A00">
		<name>RT82-SG-2031-0100-4+350</name>
		<Camera>
			<gx:ViewerOptions>
				<gx:option name="streetview"></gx:option>
				<gx:streetViewPanoId>n0GH50C_KfCui3QUJnBs-g</gx:streetViewPanoId>
			</gx:ViewerOptions>
			<longitude>104.6954920531945</longitude>
			<latitude>17.04151919490757</latitude>
			<altitude>150.6155395507812</altitude>
			<heading>40.53015747078979</heading>
			<tilt>92.88390511972023</tilt>
			<roll>0</roll>
			<gx:fovy>59.99999999999999</gx:fovy>
			<altitudeMode>absolute</altitudeMode>
		</Camera>
		<styleUrl>#__managed_style_008AF269E12A0BEC6F7B</styleUrl>
		<Point>
			<altitudeMode>relativeToGround</altitudeMode>
			<coordinates>104.6955919148066,17.0416368712215,0</coordinates>
		</Point>
	</Placemark>
	<Placemark id="06BE0451232A0312F832">
		<name>RT83-SG-2031-0100-4+400</name>
		<Camera>
			<gx:ViewerOptions>
				<gx:option name="streetview"></gx:option>
				<gx:streetViewPanoId>xXfWwdj4ZTEYohVa6a4Rkg</gx:streetViewPanoId>
			</gx:ViewerOptions>
			<longitude>104.6951265100304</longitude>
			<latitude>17.04181035054519</latitude>
			<altitude>150.5024871826172</altitude>
			<heading>49.54677817979402</heading>
			<tilt>93.90088259267991</tilt>
			<roll>0</roll>
			<gx:fovy>59.99999999400416</gx:fovy>
			<altitudeMode>absolute</altitudeMode>
		</Camera>
		<styleUrl>#__managed_style_008AF269E12A0BEC6F7B</styleUrl>
		<Point>
			<altitudeMode>relativeToGround</altitudeMode>
			<coordinates>104.6952287211532,17.04193212496444,0</coordinates>
		</Point>
	</Placemark>
	<Placemark id="08F86DA22D2A031399B7">
		<name>RT84-SG-2031-0100-4+450</name>
		<Camera>
			<gx:ViewerOptions>
				<gx:option name="streetview"></gx:option>
				<gx:streetViewPanoId>fQbmfiqKJEdIw3uq-FJs8A</gx:streetViewPanoId>
			</gx:ViewerOptions>
			<longitude>104.6948351795139</longitude>
			<latitude>17.04204544352296</latitude>
			<altitude>150.4800720214844</altitude>
			<heading>25.49623917463019</heading>
			<tilt>95.74320482120302</tilt>
			<roll>0</roll>
			<gx:fovy>59.99999999999999</gx:fovy>
			<altitudeMode>absolute</altitudeMode>
		</Camera>
		<styleUrl>#__managed_style_008AF269E12A0BEC6F7B</styleUrl>
		<Point>
			<altitudeMode>relativeToGround</altitudeMode>
			<coordinates>104.6948782743182,17.04221857786344,0</coordinates>
		</Point>
	</Placemark>
	<Placemark id="08290D2C492A031453DF">
		<name>RT85-SG-2031-0100-4+500</name>
		<Camera>
			<gx:ViewerOptions>
				<gx:option name="streetview"></gx:option>
				<gx:streetViewPanoId>kbLrmBs1ijED6Scb1-rOTQ</gx:streetViewPanoId>
			</gx:ViewerOptions>
			<longitude>104.694471417567</longitude>
			<latitude>17.04233787479756</latitude>
			<altitude>150.4308471679688</altitude>
			<heading>42.03734977638581</heading>
			<tilt>95.30687406133171</tilt>
			<roll>0</roll>
			<gx:fovy>59.99999999999999</gx:fovy>
			<altitudeMode>absolute</altitudeMode>
		</Camera>
		<styleUrl>#__managed_style_008AF269E12A0BEC6F7B</styleUrl>
		<Point>
			<altitudeMode>relativeToGround</altitudeMode>
			<coordinates>104.6945196993894,17.04247766904441,0</coordinates>
		</Point>
	</Placemark>
	<Placemark id="0105B9EB7A2A0314E88B">
		<name>RT86-SG-2031-0100-4+550</name>
		<Camera>
			<gx:ViewerOptions>
				<gx:option name="streetview"></gx:option>
				<gx:streetViewPanoId>6JGhAI_urJIizj2aF1PW4Q</gx:streetViewPanoId>
			</gx:ViewerOptions>
			<longitude>104.6941088132543</longitude>
			<latitude>17.0426375141487</latitude>
			<altitude>150.4229888927188</altitude>
			<heading>54.65772587231206</heading>
			<tilt>94.05222783017734</tilt>
			<roll>0</roll>
			<gx:fovy>59.99999999999999</gx:fovy>
			<altitudeMode>absolute</altitudeMode>
		</Camera>
		<styleUrl>#__managed_style_008AF269E12A0BEC6F7B</styleUrl>
		<Point>
			<altitudeMode>relativeToGround</altitudeMode>
			<coordinates>104.6941875742736,17.04276659098452,0</coordinates>
		</Point>
	</Placemark>
	<Placemark id="0653B55EBF2A0315561E">
		<name>RT87-SG-2031-0100-4+600</name>
		<Camera>
			<gx:ViewerOptions>
				<gx:option name="streetview"></gx:option>
				<gx:streetViewPanoId>Rk4tr2lVepwWRqXWDeKWxw</gx:streetViewPanoId>
			</gx:ViewerOptions>
			<longitude>104.6938227346272</longitude>
			<latitude>17.04287766972551</latitude>
			<altitude>150.4165344235948</altitude>
			<heading>26.49663310452157</heading>
			<tilt>95.82014938127031</tilt>
			<roll>0</roll>
			<gx:fovy>59.99999999999999</gx:fovy>
			<altitudeMode>absolute</altitudeMode>
		</Camera>
		<styleUrl>#__managed_style_008AF269E12A0BEC6F7B</styleUrl>
		<Point>
			<altitudeMode>relativeToGround</altitudeMode>
			<coordinates>104.6938840385929,17.04302659264252,0</coordinates>
		</Point>
	</Placemark>
	<Placemark id="0BCBAE4B082A0315D15F">
		<name>RT88-SG-2031-0100-4+650</name>
		<Camera>
			<gx:ViewerOptions>
				<gx:option name="streetview"></gx:option>
				<gx:streetViewPanoId>bYjGjvG33pD0hFaZJdRKgA</gx:streetViewPanoId>
			</gx:ViewerOptions>
			<longitude>104.6934589750766</longitude>
			<latitude>17.04317062915688</latitude>
			<altitude>150.4878387448386</altitude>
			<heading>39.43612797418811</heading>
			<tilt>92.59047184253123</tilt>
			<roll>0</roll>
			<gx:fovy>59.99999999999999</gx:fovy>
			<altitudeMode>absolute</altitudeMode>
		</Camera>
		<styleUrl>#__managed_style_008AF269E12A0BEC6F7B</styleUrl>
		<Point>
			<altitudeMode>relativeToGround</altitudeMode>
			<coordinates>104.6935338413928,17.04330591528031,0</coordinates>
		</Point>
	</Placemark>
	<Placemark id="0F644B1CD42A03166E57">
		<name>RT89-SG-2031-0100-4+700</name>
		<Camera>
			<gx:ViewerOptions>
				<gx:option name="streetview"></gx:option>
				<gx:streetViewPanoId>a00NvVg-K5DnUFC0UNgD2w</gx:streetViewPanoId>
			</gx:ViewerOptions>
			<longitude>104.6931004663229</longitude>
			<latitude>17.04346847506218</latitude>
			<altitude>150.5824127197266</altitude>
			<heading>64.08368064310461</heading>
			<tilt>88.46238950918821</tilt>
			<roll>0</roll>
			<gx:fovy>59.99999999999999</gx:fovy>
			<altitudeMode>absolute</altitudeMode>
		</Camera>
		<styleUrl>#__managed_style_008AF269E12A0BEC6F7B</styleUrl>
		<Point>
			<altitudeMode>relativeToGround</altitudeMode>
			<coordinates>104.6931993401856,17.04359815646432,0</coordinates>
		</Point>
	</Placemark>
	<Placemark id="04FF40BF0C2A03170C27">
		<name>RT90-SG-2031-0100-4+750</name>
		<Camera>
			<gx:ViewerOptions>
				<gx:option name="streetview"></gx:option>
				<gx:streetViewPanoId>PNR4R4WD0HGFpnXIc7-clw</gx:streetViewPanoId>
			</gx:ViewerOptions>
			<longitude>104.6927390220078</longitude>
			<latitude>17.04375968360899</latitude>
			<altitude>150.6495257791526</altitude>
			<heading>36.69643039531691</heading>
			<tilt>93.95327968259978</tilt>
			<roll>0</roll>
			<gx:fovy>60.00000000000001</gx:fovy>
			<altitudeMode>absolute</altitudeMode>
		</Camera>
		<styleUrl>#__managed_style_008AF269E12A0BEC6F7B</styleUrl>
		<Point>
			<altitudeMode>relativeToGround</altitudeMode>
			<coordinates>104.6928425045372,17.04387682750795,0</coordinates>
		</Point>
	</Placemark>
	<Placemark id="0CA1B42DD72A0317C94C">
		<name>RT91-SG-2031-0100-4+800</name>
		<Camera>
			<gx:ViewerOptions>
				<gx:option name="streetview"></gx:option>
				<gx:streetViewPanoId>VnINoiCQuU2Kc2apnyPxcA</gx:streetViewPanoId>
			</gx:ViewerOptions>
			<longitude>104.6923762438194</longitude>
			<latitude>17.04405301146439</latitude>
			<altitude>150.6811676025391</altitude>
			<heading>31.10767635915248</heading>
			<tilt>86.49725785454943</tilt>
			<roll>0</roll>
			<gx:fovy>59.99999999999999</gx:fovy>
			<altitudeMode>absolute</altitudeMode>
		</Camera>
		<styleUrl>#__managed_style_008AF269E12A0BEC6F7B</styleUrl>
		<Point>
			<altitudeMode>relativeToGround</altitudeMode>
			<coordinates>104.6924524037033,17.04417284470289,0</coordinates>
		</Point>
	</Placemark>
	<Placemark id="0E3B05C6A92A031837C4">
		<name>RT92-SG-2031-0100-4+840</name>
		<Camera>
			<gx:ViewerOptions>
				<gx:option name="streetview"></gx:option>
				<gx:streetViewPanoId>x9mI2yjL_9FkgFrhfJwcAw</gx:streetViewPanoId>
			</gx:ViewerOptions>
			<longitude>104.6920164918531</longitude>
			<latitude>17.04435007132007</latitude>
			<altitude>150.7758941650391</altitude>
			<heading>27.76406662861665</heading>
			<tilt>88.87346645260246</tilt>
			<roll>0</roll>
			<gx:fovy>59.99999999999999</gx:fovy>
			<altitudeMode>absolute</altitudeMode>
		</Camera>
		<styleUrl>#__managed_style_008AF269E12A0BEC6F7B</styleUrl>
		<Point>
			<altitudeMode>relativeToGround</altitudeMode>
			<coordinates>104.6921144418813,17.04448461732018,0</coordinates>
		</Point>
	</Placemark>
	<Placemark id="0CBC2FF5B72A03189ED4">
		<name>RT93-SG-2031-0100-4+880</name>
		<Camera>
			<gx:ViewerOptions>
				<gx:option name="streetview"></gx:option>
				<gx:streetViewPanoId>mWd71Se-LmYiPUfllRLHXw</gx:streetViewPanoId>
			</gx:ViewerOptions>
			<longitude>104.6916595881252</longitude>
			<latitude>17.04464015664333</latitude>
			<altitude>150.9302825921087</altitude>
			<heading>14.36124899724537</heading>
			<tilt>88.63366225231269</tilt>
			<roll>0</roll>
			<gx:fovy>59.99999999999248</gx:fovy>
			<altitudeMode>absolute</altitudeMode>
		</Camera>
		<styleUrl>#__managed_style_008AF269E12A0BEC6F7B</styleUrl>
		<Point>
			<altitudeMode>relativeToGround</altitudeMode>
			<coordinates>104.6917519715053,17.04475434414323,0</coordinates>
		</Point>
	</Placemark>
	<Placemark id="0E3F3A97B92A03193F1E">
		<name>RT94-SG-2031-0100-4+930</name>
		<Camera>
			<gx:ViewerOptions>
				<gx:option name="streetview"></gx:option>
				<gx:streetViewPanoId>jefWdXBOv8BJWHAS28KTLA</gx:streetViewPanoId>
			</gx:ViewerOptions>
			<longitude>104.6913207483551</longitude>
			<latitude>17.04505359723676</latitude>
			<altitude>151.3332061767578</altitude>
			<heading>39.21681954924915</heading>
			<tilt>78.39426018448503</tilt>
			<roll>0</roll>
			<gx:fovy>59.99999999999999</gx:fovy>
			<altitudeMode>absolute</altitudeMode>
		</Camera>
		<styleUrl>#__managed_style_008AF269E12A0BEC6F7B</styleUrl>
		<Point>
			<altitudeMode>relativeToGround</altitudeMode>
			<coordinates>104.6913318309999,17.04507742225217,0</coordinates>
		</Point>
	</Placemark>
	<Placemark id="060C3A46302A031C46D5">
		<name>RT95-SG-2031-0100-4+960</name>
		<Camera>
			<gx:ViewerOptions>
				<gx:option name="streetview"></gx:option>
				<gx:streetViewPanoId>1sIezc8kgjfjmAUakSNuKQ</gx:streetViewPanoId>
			</gx:ViewerOptions>
			<longitude>104.6909399994106</longitude>
			<latitude>17.04536388767514</latitude>
			<altitude>151.9597930908203</altitude>
			<heading>67.09475345990367</heading>
			<tilt>74.76849859881276</tilt>
			<roll>0</roll>
			<gx:fovy>59.99999999999999</gx:fovy>
			<altitudeMode>absolute</altitudeMode>
		</Camera>
		<styleUrl>#__managed_style_008AF269E12A0BEC6F7B</styleUrl>
		<Point>
			<altitudeMode>relativeToGround</altitudeMode>
			<coordinates>104.6909651099912,17.04540888663894,0</coordinates>
		</Point>
	</Placemark>
	<Placemark id="0A09A315522A031E39CD">
		<name>RT96-SG-2031-0100-5+000</name>
		<Camera>
			<gx:ViewerOptions>
				<gx:option name="streetview"></gx:option>
				<gx:streetViewPanoId>YWF7Nj0PyRzQmiCnpjLPVQ</gx:streetViewPanoId>
			</gx:ViewerOptions>
			<longitude>104.6905177865057</longitude>
			<latitude>17.04557468468216</latitude>
			<altitude>152.1192169189453</altitude>
			<heading>37.61048512216757</heading>
			<tilt>82.85129763079827</tilt>
			<roll>0</roll>
			<gx:fovy>59.99999999999999</gx:fovy>
			<altitudeMode>absolute</altitudeMode>
		</Camera>
		<styleUrl>#__managed_style_008AF269E12A0BEC6F7B</styleUrl>
		<Point>
			<altitudeMode>relativeToGround</altitudeMode>
			<coordinates>104.6905914228445,17.0457070237498,0</coordinates>
		</Point>
	</Placemark>
	<Placemark id="05088B374C2A031EEA0D">
		<name>RT97-SG-2031-0100-5+040</name>
		<Camera>
			<gx:ViewerOptions>
				<gx:option name="streetview"></gx:option>
				<gx:streetViewPanoId>D8GvPti-HtFA90FToT9GVQ</gx:streetViewPanoId>
			</gx:ViewerOptions>
			<longitude>104.6901398869193</longitude>
			<latitude>17.04587633114194</latitude>
			<altitude>151.7330932617188</altitude>
			<heading>33.03354450419911</heading>
			<tilt>92.1714273320995</tilt>
			<roll>0</roll>
			<gx:fovy>59.99999999999999</gx:fovy>
			<altitudeMode>absolute</altitudeMode>
		</Camera>
		<styleUrl>#__managed_style_008AF269E12A0BEC6F7B</styleUrl>
		<Point>
			<altitudeMode>relativeToGround</altitudeMode>
			<coordinates>104.6902301763832,17.04599375920824,0</coordinates>
		</Point>
	</Placemark>
	<Placemark id="00C37DD75D2A0320C9DC">
		<name>RT98-SG-2031-0100-5+080</name>
		<Camera>
			<gx:ViewerOptions>
				<gx:option name="streetview"></gx:option>
				<gx:streetViewPanoId>ndTbjSE8ZSatM2PcuDNrtQ</gx:streetViewPanoId>
			</gx:ViewerOptions>
			<longitude>104.6897771148658</longitude>
			<latitude>17.04617651509069</latitude>
			<altitude>150.9433607155615</altitude>
			<heading>33.5621785803429</heading>
			<tilt>85.35727360843104</tilt>
			<roll>0</roll>
			<gx:fovy>59.99999999999999</gx:fovy>
			<altitudeMode>absolute</altitudeMode>
		</Camera>
		<styleUrl>#__managed_style_008AF269E12A0BEC6F7B</styleUrl>
		<Point>
			<altitudeMode>relativeToGround</altitudeMode>
			<coordinates>104.6898710377506,17.04629202971277,0</coordinates>
		</Point>
	</Placemark>
	<Placemark id="0DB0A18C522A0322014C">
		<name>RT99-SG-2031-0100-5+120</name>
		<Camera>
			<gx:ViewerOptions>
				<gx:option name="streetview"></gx:option>
				<gx:streetViewPanoId>s7mgNpKpE2ZiT48t7KW0uQ</gx:streetViewPanoId>
			</gx:ViewerOptions>
			<longitude>104.6894119412196</longitude>
			<latitude>17.04647740312533</latitude>
			<altitude>150.2232513427734</altitude>
			<heading>27.36077541126059</heading>
			<tilt>91.39103087648243</tilt>
			<roll>0</roll>
			<gx:fovy>59.99999999999999</gx:fovy>
			<altitudeMode>absolute</altitudeMode>
		</Camera>
		<styleUrl>#__managed_style_008AF269E12A0BEC6F7B</styleUrl>
		<Point>
			<altitudeMode>relativeToGround</altitudeMode>
			<coordinates>104.6895082892412,17.04661957627164,0</coordinates>
		</Point>
	</Placemark>
	<Placemark id="0D52F684B52A0322D030">
		<name>RT100-SG-2031-0100-5+160</name>
		<Camera>
			<gx:ViewerOptions>
				<gx:option name="streetview"></gx:option>
				<gx:streetViewPanoId>Aolv74kcP9L16DC0_XCGsw</gx:streetViewPanoId>
			</gx:ViewerOptions>
			<longitude>104.6890456117038</longitude>
			<latitude>17.04677363166857</latitude>
			<altitude>149.7349853515625</altitude>
			<heading>31.91593594055702</heading>
			<tilt>87.29685047817985</tilt>
			<roll>0</roll>
			<gx:fovy>59.99999999999999</gx:fovy>
			<altitudeMode>absolute</altitudeMode>
		</Camera>
		<styleUrl>#__managed_style_008AF269E12A0BEC6F7B</styleUrl>
		<Point>
			<altitudeMode>relativeToGround</altitudeMode>
			<coordinates>104.6891453975352,17.04691982685935,0</coordinates>
		</Point>
	</Placemark>
	<Placemark id="04A7FB15A12A03239412">
		<name>RT101-SG-2031-0100-5+200</name>
		<Camera>
			<gx:ViewerOptions>
				<gx:option name="streetview"></gx:option>
				<gx:streetViewPanoId>ivgh1ITdFTfr9Znt0ygcrg</gx:streetViewPanoId>
			</gx:ViewerOptions>
			<longitude>104.6886123705648</longitude>
			<latitude>17.04713443888899</latitude>
			<altitude>149.3560943603516</altitude>
			<heading>53.47230511388622</heading>
			<tilt>87.42371807662118</tilt>
			<roll>0</roll>
			<gx:fovy>59.99999999999999</gx:fovy>
			<altitudeMode>absolute</altitudeMode>
		</Camera>
		<styleUrl>#__managed_style_008AF269E12A0BEC6F7B</styleUrl>
		<Point>
			<altitudeMode>relativeToGround</altitudeMode>
			<coordinates>104.6887091931993,17.04725918209623,0</coordinates>
		</Point>
	</Placemark>
	<Placemark id="07499E0F722A0718468B">
		<name>RT102-SG-2031-0100-5+240</name>
		<Camera>
			<gx:ViewerOptions>
				<gx:option name="streetview"></gx:option>
				<gx:streetViewPanoId>qahb3SGqLkj7E0AD9PmHpA</gx:streetViewPanoId>
			</gx:ViewerOptions>
			<longitude>104.6882552967885</longitude>
			<latitude>17.04743473321409</latitude>
			<altitude>149.1721730681491</altitude>
			<heading>55.08280203731812</heading>
			<tilt>97.67323988177375</tilt>
			<roll>0</roll>
			<gx:fovy>41.39676616690926</gx:fovy>
			<altitudeMode>absolute</altitudeMode>
		</Camera>
		<styleUrl>#__managed_style_04F74C3DA72A0BEC6F86</styleUrl>
		<Point>
			<altitudeMode>relativeToGround</altitudeMode>
			<coordinates>104.6883700773081,17.04754346644248,0</coordinates>
		</Point>
	</Placemark>
	<Placemark id="0A00F5BDBA2A0718CDAC">
		<name>RT103-SG-2031-0100-5+300</name>
		<Camera>
			<gx:ViewerOptions>
				<gx:option name="streetview"></gx:option>
				<gx:streetViewPanoId>TAAAgbdbFi2SX1AY8R2DIg</gx:streetViewPanoId>
			</gx:ViewerOptions>
			<longitude>104.6878977603761</longitude>
			<latitude>17.04773179708814</latitude>
			<altitude>149.0779587201622</altitude>
			<heading>58.26664494023917</heading>
			<tilt>97.0573773302776</tilt>
			<roll>0</roll>
			<gx:fovy>40.87540402739532</gx:fovy>
			<altitudeMode>absolute</altitudeMode>
		</Camera>
		<styleUrl>#__managed_style_04F74C3DA72A0BEC6F86</styleUrl>
		<Point>
			<altitudeMode>relativeToGround</altitudeMode>
			<coordinates>104.6880297006023,17.04783185025631,0</coordinates>
		</Point>
	</Placemark>
	<Placemark id="02C4307D4F2A0722A2D3">
		<name>RT104-SG-2031-0100-5+350</name>
		<Camera>
			<gx:ViewerOptions>
				<gx:option name="streetview"></gx:option>
				<gx:streetViewPanoId>vzyGmuzi2Zhp07MKMQd_1A</gx:streetViewPanoId>
			</gx:ViewerOptions>
			<longitude>104.6875395501094</longitude>
			<latitude>17.04803043218057</latitude>
			<altitude>149.0955810546875</altitude>
			<heading>39.91549005685638</heading>
			<tilt>99.15231846634101</tilt>
			<roll>0</roll>
			<gx:fovy>46.19627776147752</gx:fovy>
			<altitudeMode>absolute</altitudeMode>
		</Camera>
		<styleUrl>#__managed_style_04F74C3DA72A0BEC6F86</styleUrl>
		<Point>
			<altitudeMode>relativeToGround</altitudeMode>
			<coordinates>104.6876523262037,17.04813059860761,0</coordinates>
		</Point>
	</Placemark>
	<Placemark id="03C850AF132A07DC4F7F">
		<name>RT105-SG-2031-0100-5+405</name>
		<Camera>
			<gx:ViewerOptions>
				<gx:option name="streetview"></gx:option>
				<gx:streetViewPanoId>zdPc6pznE4RoGOpGg-HaMA</gx:streetViewPanoId>
			</gx:ViewerOptions>
			<longitude>104.6871837245275</longitude>
			<latitude>17.04832457318417</latitude>
			<altitude>149.0773010253906</altitude>
			<heading>32.31008071979014</heading>
			<tilt>99.24859506672655</tilt>
			<roll>0</roll>
			<gx:fovy>45.14776617597862</gx:fovy>
			<altitudeMode>absolute</altitudeMode>
		</Camera>
		<styleUrl>#__managed_style_008AF269E12A0BEC6F7B</styleUrl>
		<Point>
			<altitudeMode>relativeToGround</altitudeMode>
			<coordinates>104.6872523572525,17.04845813210113,0</coordinates>
		</Point>
	</Placemark>
	<Placemark id="096D78C0E62A07E6E309">
		<name>RT106-SG-2031-0100-5+450</name>
		<Camera>
			<gx:ViewerOptions>
				<gx:option name="streetview"></gx:option>
				<gx:streetViewPanoId>Xsf3-KqRASY_4ObecVKZ2g</gx:streetViewPanoId>
			</gx:ViewerOptions>
			<longitude>104.6868253193986</longitude>
			<latitude>17.04862066149447</latitude>
			<altitude>148.9834289550781</altitude>
			<heading>28.16556118260347</heading>
			<tilt>96.45329094160736</tilt>
			<roll>0</roll>
			<gx:fovy>45.1255606598654</gx:fovy>
			<altitudeMode>absolute</altitudeMode>
		</Camera>
		<styleUrl>#__managed_style_008AF269E12A0BEC6F7B</styleUrl>
		<Point>
			<altitudeMode>relativeToGround</altitudeMode>
			<coordinates>104.6869050291852,17.04873639500307,0</coordinates>
		</Point>
	</Placemark>
	<Placemark id="03EE1A83E32A07E77EB8">
		<name>RT106-SG-2031-0100-5+500</name>
		<Camera>
			<gx:ViewerOptions>
				<gx:option name="streetview"></gx:option>
				<gx:streetViewPanoId>ICOxR_QB-Wlzf7Y3FMPNsA</gx:streetViewPanoId>
			</gx:ViewerOptions>
			<longitude>104.6864650465666</longitude>
			<latitude>17.04891205463186</latitude>
			<altitude>148.7871986220766</altitude>
			<heading>29.58904923941717</heading>
			<tilt>97.69321536841285</tilt>
			<roll>0</roll>
			<gx:fovy>36.37521126260503</gx:fovy>
			<altitudeMode>absolute</altitudeMode>
		</Camera>
		<styleUrl>#__managed_style_008AF269E12A0BEC6F7B</styleUrl>
		<Point>
			<altitudeMode>relativeToGround</altitudeMode>
			<coordinates>104.6865440171099,17.04903656059533,0</coordinates>
		</Point>
	</Placemark>
	<Placemark id="008D385DDC2A07E84AC5">
		<name>RT107-SG-2031-0100-5+560</name>
		<Camera>
			<gx:ViewerOptions>
				<gx:option name="streetview"></gx:option>
				<gx:streetViewPanoId>PaIsKBv0qZ7TOAjlcrrorg</gx:streetViewPanoId>
			</gx:ViewerOptions>
			<longitude>104.6860288764389</longitude>
			<latitude>17.04917765452865</latitude>
			<altitude>148.0515747070312</altitude>
			<heading>22.61884308190983</heading>
			<tilt>100.9135519176253</tilt>
			<roll>0</roll>
			<gx:fovy>50.49313096951577</gx:fovy>
			<altitudeMode>absolute</altitudeMode>
		</Camera>
		<styleUrl>#__managed_style_008AF269E12A0BEC6F7B</styleUrl>
		<Point>
			<altitudeMode>relativeToGround</altitudeMode>
			<coordinates>104.6860654811681,17.04933121908445,0</coordinates>
		</Point>
	</Placemark>
	<Placemark id="0BB210728F2A07E8FA73">
		<name>RT108-SG-2031-0100-5+610</name>
		<Camera>
			<gx:ViewerOptions>
				<gx:option name="streetview"></gx:option>
				<gx:streetViewPanoId>fnU9VkldWf_ycVKpr5kIUA</gx:streetViewPanoId>
			</gx:ViewerOptions>
			<longitude>104.6855661032466</longitude>
			<latitude>17.04930154192392</latitude>
			<altitude>147.8869934082031</altitude>
			<heading>10.72312931666666</heading>
			<tilt>98.29196711279282</tilt>
			<roll>0</roll>
			<gx:fovy>45.07768876319846</gx:fovy>
			<altitudeMode>absolute</altitudeMode>
		</Camera>
		<styleUrl>#__managed_style_008AF269E12A0BEC6F7B</styleUrl>
		<Point>
			<altitudeMode>relativeToGround</altitudeMode>
			<coordinates>104.6855883405272,17.04947435604508,0</coordinates>
		</Point>
	</Placemark>
	<Placemark id="028C753F152A07E9FCE9">
		<name>RT109-SG-2031-0100-5+660</name>
		<Camera>
			<gx:ViewerOptions>
				<gx:option name="streetview"></gx:option>
				<gx:streetViewPanoId>M4WbGuonH7UBWpqyDzDyMg</gx:streetViewPanoId>
			</gx:ViewerOptions>
			<longitude>104.685100751107</longitude>
			<latitude>17.04939600592845</latitude>
			<altitude>147.6737060550575</altitude>
			<heading>5.895062615477796</heading>
			<tilt>98.00216217030882</tilt>
			<roll>0</roll>
			<gx:fovy>39.17740358164174</gx:fovy>
			<altitudeMode>absolute</altitudeMode>
		</Camera>
		<styleUrl>#__managed_style_008AF269E12A0BEC6F7B</styleUrl>
		<Point>
			<altitudeMode>relativeToGround</altitudeMode>
			<coordinates>104.6850844187709,17.04957487161911,0</coordinates>
		</Point>
	</Placemark>
	<Placemark id="006B3BFB332A07F2CD44">
		<name>RT110-SG-2031-0100-5+700</name>
		<Camera>
			<gx:ViewerOptions>
				<gx:option name="streetview"></gx:option>
				<gx:streetViewPanoId>k_ZfjtUxoSOpzjjvcCStOQ</gx:streetViewPanoId>
			</gx:ViewerOptions>
			<longitude>104.6845503383327</longitude>
			<latitude>17.04951332490704</latitude>
			<altitude>147.5066070548625</altitude>
			<heading>35.85758535098802</heading>
			<tilt>97.4083395480157</tilt>
			<roll>0</roll>
			<gx:fovy>45.05025193475353</gx:fovy>
			<altitudeMode>absolute</altitudeMode>
		</Camera>
		<styleUrl>#__managed_style_008AF269E12A0BEC6F7B</styleUrl>
		<Point>
			<altitudeMode>relativeToGround</altitudeMode>
			<coordinates>104.6846271756706,17.04966830525127,0</coordinates>
		</Point>
	</Placemark>
	<Placemark id="0F22D554A72A07F577CF">
		<name>RT111-SG-2031-0100-5+750</name>
		<Camera>
			<gx:ViewerOptions>
				<gx:option name="streetview"></gx:option>
				<gx:streetViewPanoId>xwDoHvdOTANKl3LVM47DIQ</gx:streetViewPanoId>
			</gx:ViewerOptions>
			<longitude>104.6840914845753</longitude>
			<latitude>17.04961126389857</latitude>
			<altitude>147.3573334744718</altitude>
			<heading>28.2489209644861</heading>
			<tilt>96.94854159243977</tilt>
			<roll>0</roll>
			<gx:fovy>45.01650930803802</gx:fovy>
			<altitudeMode>absolute</altitudeMode>
		</Camera>
		<styleUrl>#__managed_style_008AF269E12A0BEC6F7B</styleUrl>
		<Point>
			<altitudeMode>relativeToGround</altitudeMode>
			<coordinates>104.6841574561319,17.04976254963215,0</coordinates>
		</Point>
	</Placemark>
	<Placemark id="0B007DAB2D2A07F61B0F">
		<name>RT112-SG-2031-0100-5+800</name>
		<Camera>
			<gx:ViewerOptions>
				<gx:option name="streetview"></gx:option>
				<gx:streetViewPanoId>3f1DxjNs9U-aIngkzr5qRg</gx:streetViewPanoId>
			</gx:ViewerOptions>
			<longitude>104.6836138581541</longitude>
			<latitude>17.04974441111696</latitude>
			<altitude>147.3342895507812</altitude>
			<heading>42.952780953245</heading>
			<tilt>98.90212882848563</tilt>
			<roll>0</roll>
			<gx:fovy>50.45451783809659</gx:fovy>
			<altitudeMode>absolute</altitudeMode>
		</Camera>
		<styleUrl>#__managed_style_008AF269E12A0BEC6F7B</styleUrl>
		<Point>
			<altitudeMode>relativeToGround</altitudeMode>
			<coordinates>104.6837047067548,17.04987317521882,0</coordinates>
		</Point>
	</Placemark>
	<Placemark id="0041E9FDA92A07F6F54F">
		<name>RT113-SG-2031-0100-5+850</name>
		<Camera>
			<gx:ViewerOptions>
				<gx:option name="streetview"></gx:option>
				<gx:streetViewPanoId>WfQVD-mfsxHMfyydEW9cUw</gx:streetViewPanoId>
			</gx:ViewerOptions>
			<longitude>104.683158121364</longitude>
			<latitude>17.04979396651339</latitude>
			<altitude>147.0091094970703</altitude>
			<heading>19.49288157649729</heading>
			<tilt>98.23855376312241</tilt>
			<roll>0</roll>
			<gx:fovy>40.00229781658459</gx:fovy>
			<altitudeMode>absolute</altitudeMode>
		</Camera>
		<styleUrl>#__managed_style_008AF269E12A0BEC6F7B</styleUrl>
		<Point>
			<altitudeMode>relativeToGround</altitudeMode>
			<coordinates>104.6831859660842,17.04996790424414,0</coordinates>
		</Point>
	</Placemark>
	<Placemark id="0471FA9DBC2A07F79EBD">
		<name>RT114-SG-2031-0100-5+900</name>
		<Camera>
			<gx:ViewerOptions>
				<gx:option name="streetview"></gx:option>
				<gx:streetViewPanoId>Zye7_z9jMGjGfEdhbJA7iA</gx:streetViewPanoId>
			</gx:ViewerOptions>
			<longitude>104.6827381542592</longitude>
			<latitude>17.04988693793291</latitude>
			<altitude>147.1343994140625</altitude>
			<heading>357.592313662601</heading>
			<tilt>98.35927483257829</tilt>
			<roll>0</roll>
			<gx:fovy>45.06430431714995</gx:fovy>
			<altitudeMode>absolute</altitudeMode>
		</Camera>
		<styleUrl>#__managed_style_008AF269E12A0BEC6F7B</styleUrl>
		<Point>
			<altitudeMode>relativeToGround</altitudeMode>
			<coordinates>104.6827153925364,17.05006555111418,0</coordinates>
		</Point>
	</Placemark>
	<Placemark id="00CC13DA2E2A07F8639D">
		<name>RT115-SG-2031-0100-5+950</name>
		<Camera>
			<gx:ViewerOptions>
				<gx:option name="streetview"></gx:option>
				<gx:streetViewPanoId>os8kD38EdnUh1_ybchwdRw</gx:streetViewPanoId>
			</gx:ViewerOptions>
			<longitude>104.682274946112</longitude>
			<latitude>17.04998721458682</latitude>
			<altitude>147.5924530029297</altitude>
			<heading>353.6697978793367</heading>
			<tilt>97.52422915047278</tilt>
			<roll>0</roll>
			<gx:fovy>35.43798160156923</gx:fovy>
			<altitudeMode>absolute</altitudeMode>
		</Camera>
		<styleUrl>#__managed_style_008AF269E12A0BEC6F7B</styleUrl>
		<Point>
			<altitudeMode>relativeToGround</altitudeMode>
			<coordinates>104.6822654406874,17.05015922444828,0</coordinates>
		</Point>
	</Placemark>
	<Placemark id="0C665CB1612A07F925F5">
		<name>RT116-SG-2031-0100-6+000</name>
		<Camera>
			<gx:ViewerOptions>
				<gx:option name="streetview"></gx:option>
				<gx:streetViewPanoId>4XTmR_aJC9EuC7-SOgmMAw</gx:streetViewPanoId>
			</gx:ViewerOptions>
			<longitude>104.6817648493229</longitude>
			<latitude>17.050096470073</latitude>
			<altitude>148.0907440185547</altitude>
			<heading>358.5854429340087</heading>
			<tilt>101.0210291045696</tilt>
			<roll>0</roll>
			<gx:fovy>49.09012049404193</gx:fovy>
			<altitudeMode>absolute</altitudeMode>
		</Camera>
		<styleUrl>#__managed_style_008AF269E12A0BEC6F7B</styleUrl>
		<Point>
			<altitudeMode>relativeToGround</altitudeMode>
			<coordinates>104.6817550617966,17.05025559455037,0</coordinates>
		</Point>
	</Placemark>
	<Placemark id="03B08497102A07FA254E">
		<name>RT117-SG-2031-0100-6+050</name>
		<Camera>
			<gx:ViewerOptions>
				<gx:option name="streetview"></gx:option>
				<gx:streetViewPanoId>Lrz-VsfsftKb9FH7v8GbhA</gx:streetViewPanoId>
			</gx:ViewerOptions>
			<longitude>104.6813003094877</longitude>
			<latitude>17.05018814356823</latitude>
			<altitude>148.5644073490456</altitude>
			<heading>355.1880676247126</heading>
			<tilt>96.88440522722939</tilt>
			<roll>0</roll>
			<gx:fovy>59.99999999999999</gx:fovy>
			<altitudeMode>absolute</altitudeMode>
		</Camera>
		<styleUrl>#__managed_style_008AF269E12A0BEC6F7B</styleUrl>
		<Point>
			<altitudeMode>relativeToGround</altitudeMode>
			<coordinates>104.6812671180406,17.05033743351441,0</coordinates>
		</Point>
	</Placemark>
	<Placemark id="003529DA932A07FB0C3C">
		<name>RT118-SG-2031-0100-6+100</name>
		<Camera>
			<gx:ViewerOptions>
				<gx:option name="streetview"></gx:option>
				<gx:streetViewPanoId>uY8qVRf4_-whce0Fi5beCA</gx:streetViewPanoId>
			</gx:ViewerOptions>
			<longitude>104.6807490205989</longitude>
			<latitude>17.05023100386474</latitude>
			<altitude>149.3674774169922</altitude>
			<heading>353.3377481696949</heading>
			<tilt>93.98014860815647</tilt>
			<roll>0</roll>
			<gx:fovy>39.96107467741196</gx:fovy>
			<altitudeMode>absolute</altitudeMode>
		</Camera>
		<styleUrl>#__managed_style_008AF269E12A0BEC6F7B</styleUrl>
		<Point>
			<altitudeMode>relativeToGround</altitudeMode>
			<coordinates>104.6807162784425,17.05042873434024,0</coordinates>
		</Point>
	</Placemark>
	<Placemark id="0CCB6AF6C92A07FBCD86">
		<name>RT119-SG-2031-0100-6+150</name>
		<Camera>
			<gx:ViewerOptions>
				<gx:option name="streetview"></gx:option>
				<gx:streetViewPanoId>zr9h9Hy2cmbZqnExJ4iBdw</gx:streetViewPanoId>
			</gx:ViewerOptions>
			<longitude>104.6805101234308</longitude>
			<latitude>17.05021085159592</latitude>
			<altitude>149.4148559570312</altitude>
			<heading>311.1771488653616</heading>
			<tilt>99.81377002665502</tilt>
			<roll>0</roll>
			<gx:fovy>60.10146345226199</gx:fovy>
			<altitudeMode>absolute</altitudeMode>
		</Camera>
		<styleUrl>#__managed_style_008AF269E12A0BEC6F7B</styleUrl>
		<Point>
			<altitudeMode>relativeToGround</altitudeMode>
			<coordinates>104.6804101103961,17.05028554849634,0</coordinates>
		</Point>
	</Placemark>
	<Placemark id="03154E02092A07FCE9B8">
		<name>RT120-SG-2031-0100-6+210</name>
		<Camera>
			<gx:ViewerOptions>
				<gx:option name="streetview"></gx:option>
				<gx:streetViewPanoId>GxJe944PfzJT3hHyiNMpdQ</gx:streetViewPanoId>
			</gx:ViewerOptions>
			<longitude>104.6800007443057</longitude>
			<latitude>17.04994088439505</latitude>
			<altitude>149.9389648452747</altitude>
			<heading>315.7474811626994</heading>
			<tilt>108.647713022569</tilt>
			<roll>0</roll>
			<gx:fovy>81.02390608611066</gx:fovy>
			<altitudeMode>absolute</altitudeMode>
		</Camera>
		<styleUrl>#__managed_style_008AF269E12A0BEC6F7B</styleUrl>
		<Point>
			<altitudeMode>relativeToGround</altitudeMode>
			<coordinates>104.6799474170923,17.0499958472928,0</coordinates>
		</Point>
	</Placemark>
	<Placemark id="0C48173D792A07FE3934">
		<name>RT121-SG-2031-0100-7+270</name>
		<Camera>
			<gx:ViewerOptions>
				<gx:option name="streetview"></gx:option>
				<gx:streetViewPanoId>qljGeOSm-aNboo9uQzFf6Q</gx:streetViewPanoId>
			</gx:ViewerOptions>
			<longitude>104.6722107021312</longitude>
			<latitude>17.04546967090194</latitude>
			<altitude>145.897216796875</altitude>
			<heading>351.7562469308381</heading>
			<tilt>98.66996305878736</tilt>
			<roll>0</roll>
			<gx:fovy>59.99999999999999</gx:fovy>
			<altitudeMode>absolute</altitudeMode>
		</Camera>
		<styleUrl>#__managed_style_008AF269E12A0BEC6F7B</styleUrl>
		<Point>
			<altitudeMode>relativeToGround</altitudeMode>
			<coordinates>104.6721809882527,17.04556388413744,0</coordinates>
		</Point>
	</Placemark>
	<Placemark id="0C193F0DB32A07FFD0FA">
		<name>RT122-SG-2031-0100-7+320</name>
		<Camera>
			<gx:ViewerOptions>
				<gx:option name="streetview"></gx:option>
				<gx:streetViewPanoId>_P-Jg5Q6dH0KikdvYbQgZQ</gx:streetViewPanoId>
			</gx:ViewerOptions>
			<longitude>104.6717168312911</longitude>
			<latitude>17.04543359061275</latitude>
			<altitude>145.2155914306641</altitude>
			<heading>353.4989855089066</heading>
			<tilt>98.24604669619319</tilt>
			<roll>0</roll>
			<gx:fovy>45.20020640554834</gx:fovy>
			<altitudeMode>absolute</altitudeMode>
		</Camera>
		<styleUrl>#__managed_style_008AF269E12A0BEC6F7B</styleUrl>
		<Point>
			<altitudeMode>relativeToGround</altitudeMode>
			<coordinates>104.6716839132923,17.04557323678735,0</coordinates>
		</Point>
	</Placemark>
	<Placemark id="0488D27B432A08008EB9">
		<name>RT123-SG-2031-0100-7+375</name>
		<Camera>
			<gx:ViewerOptions>
				<gx:option name="streetview"></gx:option>
				<gx:streetViewPanoId>SYqDq2t-WhIxOJp3yog2lQ</gx:streetViewPanoId>
			</gx:ViewerOptions>
			<longitude>104.6711397757929</longitude>
			<latitude>17.04542241703906</latitude>
			<altitude>145.1089935302734</altitude>
			<heading>11.2081998908046</heading>
			<tilt>99.63288949788904</tilt>
			<roll>0</roll>
			<gx:fovy>45.17611197593227</gx:fovy>
			<altitudeMode>absolute</altitudeMode>
		</Camera>
		<styleUrl>#__managed_style_008AF269E12A0BEC6F7B</styleUrl>
		<Point>
			<altitudeMode>relativeToGround</altitudeMode>
			<coordinates>104.6711749420741,17.04556714420271,0</coordinates>
		</Point>
	</Placemark>
	<Placemark id="0621BA1B632A08014E29">
		<name>RT124-SG-2031-0100-7+420</name>
		<Camera>
			<gx:ViewerOptions>
				<gx:option name="streetview"></gx:option>
				<gx:streetViewPanoId>ahLIjyJ0e9Hv2huO3yWSQg</gx:streetViewPanoId>
			</gx:ViewerOptions>
			<longitude>104.6707099660568</longitude>
			<latitude>17.04541748553377</latitude>
			<altitude>145.1495513916016</altitude>
			<heading>351.1196772718068</heading>
			<tilt>99.41951698380387</tilt>
			<roll>0</roll>
			<gx:fovy>40.47453700478869</gx:fovy>
			<altitudeMode>absolute</altitudeMode>
		</Camera>
		<styleUrl>#__managed_style_008AF269E12A0BEC6F7B</styleUrl>
		<Point>
			<altitudeMode>relativeToGround</altitudeMode>
			<coordinates>104.67068626674,17.04555854615521,0</coordinates>
		</Point>
	</Placemark>
	<Placemark id="07EE47445F2A0802339D">
		<name>RT125-SG-2031-0100-7+470</name>
		<Camera>
			<gx:ViewerOptions>
				<gx:option name="streetview"></gx:option>
				<gx:streetViewPanoId>nrsfYWSwHyjp1Yk6XiHnyA</gx:streetViewPanoId>
			</gx:ViewerOptions>
			<longitude>104.6701866514222</longitude>
			<latitude>17.04541589830722</latitude>
			<altitude>145.4037475585938</altitude>
			<heading>0.1291175773862486</heading>
			<tilt>99.20214170944881</tilt>
			<roll>0</roll>
			<gx:fovy>45.20135702131711</gx:fovy>
			<altitudeMode>absolute</altitudeMode>
		</Camera>
		<styleUrl>#__managed_style_008AF269E12A0BEC6F7B</styleUrl>
		<Point>
			<altitudeMode>relativeToGround</altitudeMode>
			<coordinates>104.6701933101882,17.04557205114988,0</coordinates>
		</Point>
	</Placemark>
	<Placemark id="0DF788895C2A08032525">
		<name>RT126-SG-2031-0100-7+520</name>
		<Camera>
			<gx:ViewerOptions>
				<gx:option name="streetview"></gx:option>
				<gx:streetViewPanoId>Ubh0WG-CMSfwmEPdXqZkUg</gx:streetViewPanoId>
			</gx:ViewerOptions>
			<longitude>104.6697093352301</longitude>
			<latitude>17.04542104030469</latitude>
			<altitude>145.4107208251953</altitude>
			<heading>0.9203356781623518</heading>
			<tilt>100.3301855139744</tilt>
			<roll>0</roll>
			<gx:fovy>45.15766947865655</gx:fovy>
			<altitudeMode>absolute</altitudeMode>
		</Camera>
		<styleUrl>#__managed_style_008AF269E12A0BEC6F7B</styleUrl>
		<Point>
			<altitudeMode>relativeToGround</altitudeMode>
			<coordinates>104.6697206108072,17.04557716314021,0</coordinates>
		</Point>
	</Placemark>
	<Placemark id="0BB995C86A2A08040DC3">
		<name>RT127-SG-2031-0100-7+570</name>
		<Camera>
			<gx:ViewerOptions>
				<gx:option name="streetview"></gx:option>
				<gx:streetViewPanoId>fNeeQdYsRhcitycVUtWnrQ</gx:streetViewPanoId>
			</gx:ViewerOptions>
			<longitude>104.6693282840613</longitude>
			<latitude>17.04541876733507</latitude>
			<altitude>145.4942626953125</altitude>
			<heading>352.2684810869586</heading>
			<tilt>100.7672409560025</tilt>
			<roll>0</roll>
			<gx:fovy>52.31872454392375</gx:fovy>
			<altitudeMode>absolute</altitudeMode>
		</Camera>
		<styleUrl>#__managed_style_008AF269E12A0BEC6F7B</styleUrl>
		<Point>
			<altitudeMode>relativeToGround</altitudeMode>
			<coordinates>104.6693154797333,17.0455669075373,0</coordinates>
		</Point>
	</Placemark>
	<Placemark id="0F6D08709F2A0804CFE3">
		<name>RT128-SG-2031-0100-7+620</name>
		<Camera>
			<gx:ViewerOptions>
				<gx:option name="streetview"></gx:option>
				<gx:streetViewPanoId>6lCoEa_KN8Q-C2QHz9VP5A</gx:streetViewPanoId>
			</gx:ViewerOptions>
			<longitude>104.6688975897305</longitude>
			<latitude>17.04539930947359</latitude>
			<altitude>145.1998901373108</altitude>
			<heading>353.6229527590532</heading>
			<tilt>98.64624782213272</tilt>
			<roll>0</roll>
			<gx:fovy>43.75890065684888</gx:fovy>
			<altitudeMode>absolute</altitudeMode>
		</Camera>
		<styleUrl>#__managed_style_008AF269E12A0BEC6F7B</styleUrl>
		<Point>
			<altitudeMode>relativeToGround</altitudeMode>
			<coordinates>104.668888003637,17.04554897338244,0</coordinates>
		</Point>
	</Placemark>
	<Placemark id="06B8FE30182A08068578">
		<name>RT129-SG-2031-0100-7+790</name>
		<Camera>
			<gx:ViewerOptions>
				<gx:option name="streetview"></gx:option>
				<gx:streetViewPanoId>X_HOSo6IDXE9PSvhus82sg</gx:streetViewPanoId>
			</gx:ViewerOptions>
			<longitude>104.6682527515683</longitude>
			<latitude>17.04538492693195</latitude>
			<altitude>145.4010467529297</altitude>
			<heading>1.365078013766391</heading>
			<tilt>99.00832826240178</tilt>
			<roll>0</roll>
			<gx:fovy>45.01397255256698</gx:fovy>
			<altitudeMode>absolute</altitudeMode>
		</Camera>
		<styleUrl>#__managed_style_008AF269E12A0BEC6F7B</styleUrl>
		<Point>
			<altitudeMode>relativeToGround</altitudeMode>
			<coordinates>104.6682385762082,17.04552973045788,0</coordinates>
		</Point>
	</Placemark>
	<Placemark id="0B9954D7482A081FD812">
		<name>RT130-SG-2031-0100-7+820</name>
		<Camera>
			<gx:ViewerOptions>
				<gx:option name="streetview"></gx:option>
				<gx:streetViewPanoId>QzixTd-vg-zvsLnsLe2VPg</gx:streetViewPanoId>
			</gx:ViewerOptions>
			<longitude>104.6678769530973</longitude>
			<latitude>17.04549210742474</latitude>
			<altitude>145.8309020996094</altitude>
			<heading>316.1920573105162</heading>
			<tilt>85.27450151800493</tilt>
			<roll>0</roll>
			<gx:fovy>59.99999999999999</gx:fovy>
			<altitudeMode>absolute</altitudeMode>
		</Camera>
		<styleUrl>#__managed_style_008AF269E12A0BEC6F7B</styleUrl>
		<Point>
			<altitudeMode>relativeToGround</altitudeMode>
			<coordinates>104.6678352967176,17.04553140487452,0</coordinates>
		</Point>
	</Placemark>
	<Placemark id="062E0651CF2A0825A0FB">
		<name>RT131-SG-2031-0100-7+860</name>
		<Camera>
			<gx:ViewerOptions>
				<gx:option name="streetview"></gx:option>
				<gx:streetViewPanoId>1y2t7d3NGmr_9PpXjg9oxw</gx:streetViewPanoId>
			</gx:ViewerOptions>
			<longitude>104.6672962644242</longitude>
			<latitude>17.04548347289171</latitude>
			<altitude>146.2247585887765</altitude>
			<heading>357.0467666136523</heading>
			<tilt>78.28313205332388</tilt>
			<roll>0</roll>
			<gx:fovy>59.99999994097644</gx:fovy>
			<altitudeMode>absolute</altitudeMode>
		</Camera>
		<styleUrl>#__managed_style_008AF269E12A0BEC6F7B</styleUrl>
		<Point>
			<altitudeMode>relativeToGround</altitudeMode>
			<coordinates>104.6672934283511,17.04552260708732,0</coordinates>
		</Point>
	</Placemark>
	<Placemark id="02E5EA7A7A2A0827AAF0">
		<name>RT132-SG-2031-0100-7+890</name>
		<Camera>
			<gx:ViewerOptions>
				<gx:option name="streetview"></gx:option>
				<gx:streetViewPanoId>tEj2furGANyv_Fkhhfyv4g</gx:streetViewPanoId>
			</gx:ViewerOptions>
			<longitude>104.6668134413072</longitude>
			<latitude>17.04547811506913</latitude>
			<altitude>146.569317058867</altitude>
			<heading>327.1512078724408</heading>
			<tilt>87.01937548941264</tilt>
			<roll>0</roll>
			<gx:fovy>59.99999999999999</gx:fovy>
			<altitudeMode>absolute</altitudeMode>
		</Camera>
		<styleUrl>#__managed_style_008AF269E12A0BEC6F7B</styleUrl>
		<Point>
			<altitudeMode>relativeToGround</altitudeMode>
			<coordinates>104.6667709582543,17.04551643880859,0</coordinates>
		</Point>
	</Placemark>
	<Placemark id="01B5072C0A2A0828B3DF">
		<name>RT133-SG-2031-0100-7+920</name>
		<Camera>
			<gx:ViewerOptions>
				<gx:option name="streetview"></gx:option>
				<gx:streetViewPanoId>Yo9WEoNXtj-6eUCdtQWcFQ</gx:streetViewPanoId>
			</gx:ViewerOptions>
			<longitude>104.6663372032298</longitude>
			<latitude>17.04546462792046</latitude>
			<altitude>147.1624908447266</altitude>
			<heading>11.64700551783614</heading>
			<tilt>78.97828885489028</tilt>
			<roll>0</roll>
			<gx:fovy>59.99999999999999</gx:fovy>
			<altitudeMode>absolute</altitudeMode>
		</Camera>
		<styleUrl>#__managed_style_008AF269E12A0BEC6F7B</styleUrl>
		<Point>
			<altitudeMode>relativeToGround</altitudeMode>
			<coordinates>104.6663472925874,17.04550364642549,0</coordinates>
		</Point>
	</Placemark>
	<Placemark id="0DECB7F9BB2A082984C6">
		<name>RT134-SG-2031-0100-7+960</name>
		<Camera>
			<gx:ViewerOptions>
				<gx:option name="streetview"></gx:option>
				<gx:streetViewPanoId>y2QlqV105QavCmHlCUz4Zg</gx:streetViewPanoId>
			</gx:ViewerOptions>
			<longitude>104.6658586535142</longitude>
			<latitude>17.04546343566041</latitude>
			<altitude>147.5219573974609</altitude>
			<heading>316.1456571047818</heading>
			<tilt>81.1953581407445</tilt>
			<roll>0</roll>
			<gx:fovy>59.99999999999999</gx:fovy>
			<altitudeMode>absolute</altitudeMode>
		</Camera>
		<styleUrl>#__managed_style_008AF269E12A0BEC6F7B</styleUrl>
		<Point>
			<altitudeMode>relativeToGround</altitudeMode>
			<coordinates>104.6658284890298,17.04549589316503,0</coordinates>
		</Point>
	</Placemark>
	<Placemark id="0846EC9E0C2A082A7D12">
		<name>RT135-SG-2031-0100-8+000</name>
		<LookAt>
			<longitude>104.6654302971578</longitude>
			<latitude>17.04545565251381</latitude>
			<altitude>148.301550438026</altitude>
			<heading>25.09530850229304</heading>
			<tilt>0</tilt>
			<gx:fovy>35</gx:fovy>
			<range>130.2779368381562</range>
			<altitudeMode>absolute</altitudeMode>
		</LookAt>
		<styleUrl>#__managed_style_008AF269E12A0BEC6F7B</styleUrl>
		<Point>
			<coordinates>104.665341378421,17.04549926261014,148.2219089730125</coordinates>
		</Point>
	</Placemark>
	<Placemark id="0FB18B41F52A082B53DE">
		<name>RT136-SG-2031-0100-8+060</name>
		<Camera>
			<gx:ViewerOptions>
				<gx:option name="streetview"></gx:option>
				<gx:streetViewPanoId>dCGDdr5TwE7ZfpbbLNBXkg</gx:streetViewPanoId>
			</gx:ViewerOptions>
			<longitude>104.6647481819515</longitude>
			<latitude>17.0454635960104</latitude>
			<altitude>148.6475982666016</altitude>
			<heading>38.80496286660147</heading>
			<tilt>78.98461942258267</tilt>
			<roll>0</roll>
			<gx:fovy>59.99999999999999</gx:fovy>
			<altitudeMode>absolute</altitudeMode>
		</Camera>
		<styleUrl>#__managed_style_008AF269E12A0BEC6F7B</styleUrl>
		<Point>
			<altitudeMode>relativeToGround</altitudeMode>
			<coordinates>104.6647784641793,17.04551608358917,0</coordinates>
		</Point>
	</Placemark>
	<Placemark id="0D5ABC853D2A082BDC3B">
		<name>RT137-SG-2031-0100-8+105</name>
		<Camera>
			<gx:ViewerOptions>
				<gx:option name="streetview"></gx:option>
				<gx:streetViewPanoId>KPn7svu8wc-Axr_PAZKL1g</gx:streetViewPanoId>
			</gx:ViewerOptions>
			<longitude>104.6643732817391</longitude>
			<latitude>17.04546261909676</latitude>
			<altitude>149.0077362060547</altitude>
			<heading>342.9947153226697</heading>
			<tilt>83.92837513673565</tilt>
			<roll>0</roll>
			<gx:fovy>59.99999999999999</gx:fovy>
			<altitudeMode>absolute</altitudeMode>
		</Camera>
		<styleUrl>#__managed_style_008AF269E12A0BEC6F7B</styleUrl>
		<Point>
			<altitudeMode>relativeToGround</altitudeMode>
			<coordinates>104.664357938846,17.04552478331978,0</coordinates>
		</Point>
	</Placemark>
	<Placemark id="0F78ACC2F62A082CFC05">
		<name>RT138-SG-2031-0100-8+155</name>
		<Camera>
			<gx:ViewerOptions>
				<gx:option name="streetview"></gx:option>
				<gx:streetViewPanoId>LKFCeqR9ic7Bhfe1Mq99oA</gx:streetViewPanoId>
			</gx:ViewerOptions>
			<longitude>104.6639081718838</longitude>
			<latitude>17.04546474193032</latitude>
			<altitude>149.3719482421875</altitude>
			<heading>314.4155173604376</heading>
			<tilt>80.92428868896837</tilt>
			<roll>0</roll>
			<gx:fovy>59.99999999999999</gx:fovy>
			<altitudeMode>absolute</altitudeMode>
		</Camera>
		<styleUrl>#__managed_style_008AF269E12A0BEC6F7B</styleUrl>
		<Point>
			<altitudeMode>relativeToGround</altitudeMode>
			<coordinates>104.6638747632538,17.04551040524867,0</coordinates>
		</Point>
	</Placemark>
	<Placemark id="071BA959C72A082F7381">
		<name>RT139-SG-2031-0100-8+205</name>
		<Camera>
			<gx:ViewerOptions>
				<gx:option name="streetview"></gx:option>
				<gx:streetViewPanoId>2qvV2KqhVBirq64cKVL1oA</gx:streetViewPanoId>
			</gx:ViewerOptions>
			<longitude>104.6634355014388</longitude>
			<latitude>17.04546662714589</latitude>
			<altitude>149.6629028320312</altitude>
			<heading>328.948803770796</heading>
			<tilt>85.29818246637156</tilt>
			<roll>0</roll>
			<gx:fovy>59.99999999999999</gx:fovy>
			<altitudeMode>absolute</altitudeMode>
		</Camera>
		<styleUrl>#__managed_style_008AF269E12A0BEC6F7B</styleUrl>
		<Point>
			<altitudeMode>relativeToGround</altitudeMode>
			<coordinates>104.6634071195276,17.0455135021905,0</coordinates>
		</Point>
	</Placemark>
	<Placemark id="0C8B0961E92A08304FAA">
		<name>RT140-SG-2031-0100-8+260</name>
		<Camera>
			<gx:ViewerOptions>
				<gx:option name="streetview"></gx:option>
				<gx:streetViewPanoId>mcM0nSxu1iryTTHAj7o0XA</gx:streetViewPanoId>
			</gx:ViewerOptions>
			<longitude>104.6629587400881</longitude>
			<latitude>17.04546977775327</latitude>
			<altitude>150.0386775103811</altitude>
			<heading>315.9129806016019</heading>
			<tilt>84.30061577598957</tilt>
			<roll>0</roll>
			<gx:fovy>59.99999999508498</gx:fovy>
			<altitudeMode>absolute</altitudeMode>
		</Camera>
		<styleUrl>#__managed_style_008AF269E12A0BEC6F7B</styleUrl>
		<Point>
			<altitudeMode>relativeToGround</altitudeMode>
			<coordinates>104.6628977655385,17.04553837926759,0</coordinates>
		</Point>
	</Placemark>
	<Placemark id="04C9B891DA2A0832C50E">
		<name>RT141-SG-2031-0100-8+360</name>
		<Camera>
			<gx:ViewerOptions>
				<gx:option name="streetview"></gx:option>
				<gx:streetViewPanoId>ft9xUxZJ6L2kA2AbHBpvfw</gx:streetViewPanoId>
			</gx:ViewerOptions>
			<longitude>104.6619119876885</longitude>
			<latitude>17.04546111819915</latitude>
			<altitude>150.7667083740234</altitude>
			<heading>9.950888322776624</heading>
			<tilt>78.82392602352782</tilt>
			<roll>0</roll>
			<gx:fovy>59.99999999999999</gx:fovy>
			<altitudeMode>absolute</altitudeMode>
		</Camera>
		<styleUrl>#__managed_style_008AF269E12A0BEC6F7B</styleUrl>
		<Point>
			<altitudeMode>relativeToGround</altitudeMode>
			<coordinates>104.6619269281714,17.04552892698363,0</coordinates>
		</Point>
	</Placemark>
	<Placemark id="06849BE01E2A08449F58">
		<name>RT142-SG-2031-0100-8+410</name>
		<Camera>
			<gx:ViewerOptions>
				<gx:option name="streetview"></gx:option>
				<gx:streetViewPanoId>2lL5F1e01z9mLVFS-JLptg</gx:streetViewPanoId>
			</gx:ViewerOptions>
			<longitude>104.6614367434681</longitude>
			<latitude>17.04546476872355</latitude>
			<altitude>150.7865447998047</altitude>
			<heading>1.533885131375795</heading>
			<tilt>86.12471943467608</tilt>
			<roll>0</roll>
			<gx:fovy>59.99999999999999</gx:fovy>
			<altitudeMode>absolute</altitudeMode>
		</Camera>
		<styleUrl>#__managed_style_008AF269E12A0BEC6F7B</styleUrl>
		<Point>
			<altitudeMode>relativeToGround</altitudeMode>
			<coordinates>104.6614361541189,17.04553346899045,0</coordinates>
		</Point>
	</Placemark>
	<Placemark id="03489BDC702A0845EC8E">
		<name>RT143-SG-2031-0100-8+465</name>
		<Camera>
			<gx:ViewerOptions>
				<gx:option name="streetview"></gx:option>
				<gx:streetViewPanoId>o-PqvDrj6feYqZpcVw-iHw</gx:streetViewPanoId>
			</gx:ViewerOptions>
			<longitude>104.6609167521859</longitude>
			<latitude>17.04546835956268</latitude>
			<altitude>150.7540740966797</altitude>
			<heading>26.31129933070138</heading>
			<tilt>86.65078171844624</tilt>
			<roll>0</roll>
			<gx:fovy>59.99999999999999</gx:fovy>
			<altitudeMode>absolute</altitudeMode>
		</Camera>
		<styleUrl>#__managed_style_008AF269E12A0BEC6F7B</styleUrl>
		<Point>
			<altitudeMode>relativeToGround</altitudeMode>
			<coordinates>104.6609332469053,17.04551679105223,0</coordinates>
		</Point>
	</Placemark>
	<Placemark id="0B77AE4A802A0846B5BD">
		<name>RT144-SG-2031-0100-8+515</name>
		<Camera>
			<gx:ViewerOptions>
				<gx:option name="streetview"></gx:option>
				<gx:streetViewPanoId>S8ZfZQoztOt0MRbh-C9FCw</gx:streetViewPanoId>
			</gx:ViewerOptions>
			<longitude>104.6604440909871</longitude>
			<latitude>17.04547427866346</latitude>
			<altitude>150.6890578633671</altitude>
			<heading>24.5028009667789</heading>
			<tilt>81.78148036886286</tilt>
			<roll>0</roll>
			<gx:fovy>59.99999999999999</gx:fovy>
			<altitudeMode>absolute</altitudeMode>
		</Camera>
		<styleUrl>#__managed_style_008AF269E12A0BEC6F7B</styleUrl>
		<Point>
			<altitudeMode>relativeToGround</altitudeMode>
			<coordinates>104.6604478333031,17.04550937695671,0</coordinates>
		</Point>
	</Placemark>
	<Placemark id="027E3B572E2A08476FEB">
		<name>RT145-SG-2031-0100-8+555</name>
		<Camera>
			<gx:ViewerOptions>
				<gx:option name="streetview"></gx:option>
				<gx:streetViewPanoId>xWVOu2pWQV67SyrW5GXcWg</gx:streetViewPanoId>
			</gx:ViewerOptions>
			<longitude>104.6599724098366</longitude>
			<latitude>17.04548363974487</latitude>
			<altitude>150.6444894611075</altitude>
			<heading>15.21686949673052</heading>
			<tilt>70.03498926879806</tilt>
			<roll>0</roll>
			<gx:fovy>59.99999999999999</gx:fovy>
			<altitudeMode>absolute</altitudeMode>
		</Camera>
		<styleUrl>#__managed_style_008AF269E12A0BEC6F7B</styleUrl>
		<Point>
			<altitudeMode>relativeToGround</altitudeMode>
			<coordinates>104.6599682361428,17.04552449610757,0</coordinates>
		</Point>
	</Placemark>
	<Placemark id="09A5DEBDBE2A084826F2">
		<name>RT146-SG-2031-0100-8+605</name>
		<Camera>
			<gx:ViewerOptions>
				<gx:option name="streetview"></gx:option>
				<gx:streetViewPanoId>ypxZCS2RDQc6f4qjecvaKA</gx:streetViewPanoId>
			</gx:ViewerOptions>
			<longitude>104.6594987729688</longitude>
			<latitude>17.04548365240034</latitude>
			<altitude>150.6869811069267</altitude>
			<heading>359.3834832713745</heading>
			<tilt>80.7170489457592</tilt>
			<roll>0</roll>
			<gx:fovy>59.99999999999999</gx:fovy>
			<altitudeMode>absolute</altitudeMode>
		</Camera>
		<styleUrl>#__managed_style_008AF269E12A0BEC6F7B</styleUrl>
		<Point>
			<altitudeMode>relativeToGround</altitudeMode>
			<coordinates>104.6594852936317,17.04553256202319,0</coordinates>
		</Point>
	</Placemark>
	<Placemark id="0689992CB62A08491A44">
		<name>RT146-SG-2031-0100-8+660</name>
		<Camera>
			<gx:ViewerOptions>
				<gx:option name="streetview"></gx:option>
				<gx:streetViewPanoId>SEGOEfgORJ13phqoBveehA</gx:streetViewPanoId>
			</gx:ViewerOptions>
			<longitude>104.6589322610766</longitude>
			<latitude>17.04547078811766</latitude>
			<altitude>150.8705291748047</altitude>
			<heading>38.82645910257072</heading>
			<tilt>83.7464486301057</tilt>
			<roll>0</roll>
			<gx:fovy>59.99999999999999</gx:fovy>
			<altitudeMode>absolute</altitudeMode>
		</Camera>
		<styleUrl>#__managed_style_008AF269E12A0BEC6F7B</styleUrl>
		<Point>
			<altitudeMode>relativeToGround</altitudeMode>
			<coordinates>104.658956606038,17.04551818716437,0</coordinates>
		</Point>
	</Placemark>
	<Placemark id="09CD3808AF2A0849DB2A">
		<name>RT147-SG-2031-0100-8+720</name>
		<Camera>
			<gx:ViewerOptions>
				<gx:option name="streetview"></gx:option>
				<gx:streetViewPanoId>s2EKyahqW83SRbGa50Kaxw</gx:streetViewPanoId>
			</gx:ViewerOptions>
			<longitude>104.658408630878</longitude>
			<latitude>17.0454595238786</latitude>
			<altitude>150.9924566943415</altitude>
			<heading>2.966858875782685</heading>
			<tilt>85</tilt>
			<roll>0</roll>
			<gx:fovy>60</gx:fovy>
			<altitudeMode>absolute</altitudeMode>
		</Camera>
		<styleUrl>#__managed_style_008AF269E12A0BEC6F7B</styleUrl>
		<Point>
			<altitudeMode>relativeToGround</altitudeMode>
			<coordinates>104.6584048153962,17.04551348106448,0</coordinates>
		</Point>
	</Placemark>
	<Placemark id="0DAB650F182A084A85D5">
		<name>RT148-SG-2031-0100-8+770</name>
		<Camera>
			<gx:ViewerOptions>
				<gx:option name="streetview"></gx:option>
				<gx:streetViewPanoId>J6fYH396Pi3QIJgO0dSUOQ</gx:streetViewPanoId>
			</gx:ViewerOptions>
			<longitude>104.6579313514315</longitude>
			<latitude>17.04545013303215</latitude>
			<altitude>151.0463527545964</altitude>
			<heading>352.5719213224359</heading>
			<tilt>77.03355693799097</tilt>
			<roll>0</roll>
			<gx:fovy>59.99999999999999</gx:fovy>
			<altitudeMode>absolute</altitudeMode>
		</Camera>
		<styleUrl>#__managed_style_008AF269E12A0BEC6F7B</styleUrl>
		<Point>
			<altitudeMode>relativeToGround</altitudeMode>
			<coordinates>104.6579288525511,17.04549400871753,0</coordinates>
		</Point>
	</Placemark>
	<Placemark id="06A371D88B2A084BEFD4">
		<name>กม.9</name>
		<Camera>
			<gx:ViewerOptions>
				<gx:option name="streetview"></gx:option>
				<gx:streetViewPanoId>g4gnb1CHBjhB5xfQkxBe0Q</gx:streetViewPanoId>
			</gx:ViewerOptions>
			<longitude>104.6559356900713</longitude>
			<latitude>17.0454446478902</latitude>
			<altitude>151.0129547119141</altitude>
			<heading>347.588315507643</heading>
			<tilt>65.61374465861132</tilt>
			<roll>0</roll>
			<gx:fovy>59.99999999999999</gx:fovy>
			<altitudeMode>absolute</altitudeMode>
		</Camera>
		<styleUrl>#__managed_style_008AF269E12A0BEC6F7B</styleUrl>
		<Point>
			<altitudeMode>relativeToGround</altitudeMode>
			<coordinates>104.6559356900713,17.0454446478902,0</coordinates>
		</Point>
	</Placemark>
	<Placemark id="0507C5DE6D2A084CB575">
		<name>กม.10</name>
		<Camera>
			<gx:ViewerOptions>
				<gx:option name="streetview"></gx:option>
				<gx:streetViewPanoId>1nkSw2ZmFLzu9d3guD13PA</gx:streetViewPanoId>
			</gx:ViewerOptions>
			<longitude>104.6466308061649</longitude>
			<latitude>17.04385094424565</latitude>
			<altitude>153.8299947913205</altitude>
			<heading>25.2653853541647</heading>
			<tilt>52.82292602678042</tilt>
			<roll>0</roll>
			<gx:fovy>59.99999999999999</gx:fovy>
			<altitudeMode>absolute</altitudeMode>
		</Camera>
		<styleUrl>#__managed_style_008AF269E12A0BEC6F7B</styleUrl>
		<Point>
			<altitudeMode>relativeToGround</altitudeMode>
			<coordinates>104.6466308061649,17.04385094424565,0</coordinates>
		</Point>
	</Placemark>
	<Placemark id="07A9AA9BD22A084D26D3">
		<name>RT149-SG-2031-0100-10+215</name>
		<Camera>
			<gx:ViewerOptions>
				<gx:option name="streetview"></gx:option>
				<gx:streetViewPanoId>X-iBwfjFHzvhjThZF7s18g</gx:streetViewPanoId>
			</gx:ViewerOptions>
			<longitude>104.6447416812813</longitude>
			<latitude>17.04339434506936</latitude>
			<altitude>154.141357421875</altitude>
			<heading>331.9900692716535</heading>
			<tilt>78.06155628268485</tilt>
			<roll>0</roll>
			<gx:fovy>59.99999999999999</gx:fovy>
			<altitudeMode>absolute</altitudeMode>
		</Camera>
		<styleUrl>#__managed_style_008AF269E12A0BEC6F7B</styleUrl>
		<Point>
			<altitudeMode>relativeToGround</altitudeMode>
			<coordinates>104.6447066877453,17.04344350910324,0</coordinates>
		</Point>
	</Placemark>
	<Placemark id="0AFC8EE7522A084DE6DA">
		<name>RT146-SG-2031-0100-10+305</name>
		<Camera>
			<gx:ViewerOptions>
				<gx:option name="streetview"></gx:option>
				<gx:streetViewPanoId>b2G8Czf4Di9IgnbTSb75Og</gx:streetViewPanoId>
			</gx:ViewerOptions>
			<longitude>104.6439218846839</longitude>
			<latitude>17.04315883413111</latitude>
			<altitude>155.1228269523142</altitude>
			<heading>322.1678856379779</heading>
			<tilt>82.17616344845904</tilt>
			<roll>0</roll>
			<gx:fovy>59.99999999999999</gx:fovy>
			<altitudeMode>absolute</altitudeMode>
		</Camera>
		<styleUrl>#__managed_style_008AF269E12A0BEC6F7B</styleUrl>
		<Point>
			<altitudeMode>relativeToGround</altitudeMode>
			<coordinates>104.6438900168908,17.04320769250841,0</coordinates>
		</Point>
	</Placemark>
	<Placemark id="0DA3B3EEB72A0BECDBEE">
		<name>RT147-SG-2031-0100-10+355</name>
		<Camera>
			<gx:ViewerOptions>
				<gx:option name="streetview"></gx:option>
				<gx:streetViewPanoId>Wcgqcx2TJioXKxPvBpOeUw</gx:streetViewPanoId>
			</gx:ViewerOptions>
			<longitude>104.6434689347215</longitude>
			<latitude>17.04301913933617</latitude>
			<altitude>156.1720426072017</altitude>
			<heading>323.508040137539</heading>
			<tilt>73.99385142925789</tilt>
			<roll>0</roll>
			<gx:fovy>59.99999999999999</gx:fovy>
			<altitudeMode>absolute</altitudeMode>
		</Camera>
		<styleUrl>#__managed_style_008AF269E12A0BEC6F7B</styleUrl>
		<Point>
			<altitudeMode>relativeToGround</altitudeMode>
			<coordinates>104.6434425285249,17.04306089692267,0</coordinates>
		</Point>
	</Placemark>
	<Placemark id="06A70445192A0BEFEB53">
		<name>RT148-SG-2031-0100-10+405</name>
		<Camera>
			<gx:ViewerOptions>
				<gx:option name="streetview"></gx:option>
				<gx:streetViewPanoId>OXBesD_oB1d5pOP4PBN1Hw</gx:streetViewPanoId>
			</gx:ViewerOptions>
			<longitude>104.6430169645851</longitude>
			<latitude>17.04286988028579</latitude>
			<altitude>157.1401519775391</altitude>
			<heading>309.6085356025703</heading>
			<tilt>100.9377778315595</tilt>
			<roll>0</roll>
			<gx:fovy>59.99999999999999</gx:fovy>
			<altitudeMode>absolute</altitudeMode>
		</Camera>
		<styleUrl>#__managed_style_008AF269E12A0BEC6F7B</styleUrl>
		<Point>
			<altitudeMode>relativeToGround</altitudeMode>
			<coordinates>104.6430228119149,17.04292073345244,0</coordinates>
		</Point>
	</Placemark>
	<Placemark id="0C9822674C2A0BF2615A">
		<name>RT149-SG-2031-0100-10+450</name>
		<Camera>
			<gx:ViewerOptions>
				<gx:option name="streetview"></gx:option>
				<gx:streetViewPanoId>CGRgiWkmTr4h_ujZIU69Xg</gx:streetViewPanoId>
			</gx:ViewerOptions>
			<longitude>104.6425668637928</longitude>
			<latitude>17.04271687980684</latitude>
			<altitude>157.9774568129193</altitude>
			<heading>5.138390853897289</heading>
			<tilt>90.98516463765348</tilt>
			<roll>0</roll>
			<gx:fovy>59.99999999999999</gx:fovy>
			<altitudeMode>absolute</altitudeMode>
		</Camera>
		<styleUrl>#__managed_style_008AF269E12A0BEC6F7B</styleUrl>
		<Point>
			<altitudeMode>relativeToGround</altitudeMode>
			<coordinates>104.642552838403,17.04278433610029,0</coordinates>
		</Point>
	</Placemark>
	<Placemark id="0E72FEFA062A0BF368AD">
		<name>RT150-SG-2031-0100-10+500</name>
		<Camera>
			<gx:ViewerOptions>
				<gx:option name="streetview"></gx:option>
				<gx:streetViewPanoId>Il87rYInBxK-5nq3dLJiPA</gx:streetViewPanoId>
			</gx:ViewerOptions>
			<longitude>104.6422065172588</longitude>
			<latitude>17.04259623785219</latitude>
			<altitude>158.5561559718118</altitude>
			<heading>5.263909454319123</heading>
			<tilt>85</tilt>
			<roll>0</roll>
			<gx:fovy>60</gx:fovy>
			<altitudeMode>absolute</altitudeMode>
		</Camera>
		<styleUrl>#__managed_style_008AF269E12A0BEC6F7B</styleUrl>
		<Point>
			<altitudeMode>relativeToGround</altitudeMode>
			<coordinates>104.6421970374685,17.04266205836737,0</coordinates>
		</Point>
	</Placemark>
	<Placemark id="0C28DAEAC52A0BF59899">
		<name>11</name>
		<LookAt>
			<longitude>104.6378546112411</longitude>
			<latitude>17.04196735050481</latitude>
			<altitude>159.3563402982922</altitude>
			<heading>5.263909286610812</heading>
			<tilt>0</tilt>
			<gx:fovy>35</gx:fovy>
			<range>308.4688852040199</range>
			<altitudeMode>absolute</altitudeMode>
		</LookAt>
		<styleUrl>#__managed_style_008AF269E12A0BEC6F7B</styleUrl>
		<Point>
			<coordinates>104.6378556868232,17.0419391518729,159.4943750303217</coordinates>
		</Point>
	</Placemark>
	<Placemark id="03ED6235E02A0BF663E8">
		<name>12</name>
		<Camera>
			<gx:ViewerOptions>
				<gx:option name="streetview"></gx:option>
				<gx:streetViewPanoId>EHhxk8xKsIl6oDlJKj0yIA</gx:streetViewPanoId>
			</gx:ViewerOptions>
			<longitude>104.6283115430913</longitude>
			<latitude>17.04302269483145</latitude>
			<altitude>162.6144409179688</altitude>
			<heading>49.39690472262735</heading>
			<tilt>53.61747534357014</tilt>
			<roll>0</roll>
			<gx:fovy>59.99999999628399</gx:fovy>
			<altitudeMode>absolute</altitudeMode>
		</Camera>
		<styleUrl>#__managed_style_008AF269E12A0BEC6F7B</styleUrl>
		<Point>
			<altitudeMode>relativeToGround</altitudeMode>
			<coordinates>104.6283115430913,17.04302269483145,0</coordinates>
		</Point>
	</Placemark>
	<Placemark id="094987110E2A0BFB93B5">
		<name>RT151-SG-2031-0100-10+550</name>
		<Camera>
			<gx:ViewerOptions>
				<gx:option name="streetview"></gx:option>
				<gx:streetViewPanoId>TrsOy5fdpJBo7kgV2Dh8zw</gx:streetViewPanoId>
			</gx:ViewerOptions>
			<longitude>104.6417519712531</longitude>
			<latitude>17.04244672382187</latitude>
			<altitude>159.2453002929688</altitude>
			<heading>351.0116178519626</heading>
			<tilt>91.12291058445358</tilt>
			<roll>0</roll>
			<gx:fovy>59.99999999999999</gx:fovy>
			<altitudeMode>absolute</altitudeMode>
		</Camera>
		<styleUrl>#__managed_style_008AF269E12A0BEC6F7B</styleUrl>
		<Point>
			<altitudeMode>relativeToGround</altitudeMode>
			<coordinates>104.6417416672909,17.04250909139335,0</coordinates>
		</Point>
	</Placemark>
	<Placemark id="02AB0A5AD32A0BFC130D">
		<name>RT152-SG-2031-0100-10+600</name>
		<Camera>
			<gx:ViewerOptions>
				<gx:option name="streetview"></gx:option>
				<gx:streetViewPanoId>DQbpMmml4mUAAsli-ajfcQ</gx:streetViewPanoId>
			</gx:ViewerOptions>
			<longitude>104.6413902034142</longitude>
			<latitude>17.04232583225554</latitude>
			<altitude>159.7895965576172</altitude>
			<heading>328.8129867841438</heading>
			<tilt>86.12314281634512</tilt>
			<roll>0</roll>
			<gx:fovy>59.99999999999999</gx:fovy>
			<altitudeMode>absolute</altitudeMode>
		</Camera>
		<styleUrl>#__managed_style_008AF269E12A0BEC6F7B</styleUrl>
		<Point>
			<altitudeMode>relativeToGround</altitudeMode>
			<coordinates>104.6413472910864,17.042377149015,0</coordinates>
		</Point>
	</Placemark>
	<Placemark id="0C9F1598302A0BFD2D78">
		<name>RT153-SG-2031-0100-10+650</name>
		<Camera>
			<gx:ViewerOptions>
				<gx:option name="streetview"></gx:option>
				<gx:streetViewPanoId>EOMZmAsGKoAA74smr8jPdg</gx:streetViewPanoId>
			</gx:ViewerOptions>
			<longitude>104.6410272800617</longitude>
			<latitude>17.04221644877168</latitude>
			<altitude>160.4622497558594</altitude>
			<heading>311.7936074103915</heading>
			<tilt>88.35182147503531</tilt>
			<roll>0</roll>
			<gx:fovy>59.99999999999999</gx:fovy>
			<altitudeMode>absolute</altitudeMode>
		</Camera>
		<styleUrl>#__managed_style_008AF269E12A0BEC6F7B</styleUrl>
		<Point>
			<altitudeMode>relativeToGround</altitudeMode>
			<coordinates>104.6409677470976,17.04224991622724,0</coordinates>
		</Point>
	</Placemark>
	<Placemark id="0203A4DE9B2A0BFE0777">
		<name>RT154-SG-2031-0100-10+700</name>
		<Camera>
			<gx:ViewerOptions>
				<gx:option name="streetview"></gx:option>
				<gx:streetViewPanoId>B8UUnPO7V3JZPkMTxENm1g</gx:streetViewPanoId>
			</gx:ViewerOptions>
			<longitude>104.6406189033715</longitude>
			<latitude>17.04207585452781</latitude>
			<altitude>160.6133575439453</altitude>
			<heading>345.5739684755143</heading>
			<tilt>87.75959904241967</tilt>
			<roll>0</roll>
			<gx:fovy>59.99999999999999</gx:fovy>
			<altitudeMode>absolute</altitudeMode>
		</Camera>
		<styleUrl>#__managed_style_008AF269E12A0BEC6F7B</styleUrl>
		<Point>
			<altitudeMode>relativeToGround</altitudeMode>
			<coordinates>104.6405953223325,17.04211886967496,0</coordinates>
		</Point>
	</Placemark>
	<Placemark id="0F82DEB5122A0BFE7D59">
		<name>RT155-SG-2031-0100-10+750</name>
		<Camera>
			<gx:ViewerOptions>
				<gx:option name="streetview"></gx:option>
				<gx:streetViewPanoId>jY-aK8kDNSqb8zU89gbkdA</gx:streetViewPanoId>
			</gx:ViewerOptions>
			<longitude>104.6402549144403</longitude>
			<latitude>17.04195318919002</latitude>
			<altitude>160.9191206228303</altitude>
			<heading>8.585778465712075</heading>
			<tilt>91.02504620319448</tilt>
			<roll>0</roll>
			<gx:fovy>59.99999999524319</gx:fovy>
			<altitudeMode>absolute</altitudeMode>
		</Camera>
		<styleUrl>#__managed_style_008AF269E12A0BEC6F7B</styleUrl>
		<Point>
			<altitudeMode>relativeToGround</altitudeMode>
			<coordinates>104.6402566907825,17.04200075549949,0</coordinates>
		</Point>
	</Placemark>
	<Placemark id="0ECE9C05CC2A0BFF31CD">
		<name>RT155-SG-2031-0100-10+750</name>
		<Camera>
			<gx:ViewerOptions>
				<gx:option name="streetview"></gx:option>
				<gx:streetViewPanoId>W0xGrkRgZxFTr4HP5YK6BA</gx:streetViewPanoId>
			</gx:ViewerOptions>
			<longitude>104.6398732251248</longitude>
			<latitude>17.04183920043993</latitude>
			<altitude>161.0197334374625</altitude>
			<heading>316.8559266745894</heading>
			<tilt>93.86052469211887</tilt>
			<roll>0</roll>
			<gx:fovy>59.99999999999999</gx:fovy>
			<altitudeMode>absolute</altitudeMode>
		</Camera>
		<styleUrl>#__managed_style_008AF269E12A0BEC6F7B</styleUrl>
		<Point>
			<altitudeMode>relativeToGround</altitudeMode>
			<coordinates>104.6398453309424,17.04188263989826,0</coordinates>
		</Point>
	</Placemark>
	<Placemark id="0B4F0E9EE72A0BFFC4D7">
		<name>RT156-SG-2031-0100-10+800</name>
		<Camera>
			<gx:ViewerOptions>
				<gx:option name="streetview"></gx:option>
				<gx:streetViewPanoId>AX0Vcr066wlUNSLOFFOEoA</gx:streetViewPanoId>
			</gx:ViewerOptions>
			<longitude>104.6394060550683</longitude>
			<latitude>17.04164103801331</latitude>
			<altitude>162.0749525524211</altitude>
			<heading>10.35225497616889</heading>
			<tilt>93.15639206454242</tilt>
			<roll>0</roll>
			<gx:fovy>45.12990076545493</gx:fovy>
			<altitudeMode>absolute</altitudeMode>
		</Camera>
		<styleUrl>#__managed_style_008AF269E12A0BEC6F7B</styleUrl>
		<Point>
			<altitudeMode>relativeToGround</altitudeMode>
			<coordinates>104.639385418819,17.04177890891759,0</coordinates>
		</Point>
	</Placemark>
	<Placemark id="060E11B8402A0C007CC6">
		<name>RT157-SG-2031-0100-10+850</name>
		<Camera>
			<gx:ViewerOptions>
				<gx:option name="streetview"></gx:option>
				<gx:streetViewPanoId>DYrexSGmAl4bmNFvEJaPDw</gx:streetViewPanoId>
			</gx:ViewerOptions>
			<longitude>104.6390331739796</longitude>
			<latitude>17.04166868114693</latitude>
			<altitude>162.0537872314453</altitude>
			<heading>1.938543029026178</heading>
			<tilt>96.92204114088655</tilt>
			<roll>0</roll>
			<gx:fovy>50.65882241812493</gx:fovy>
			<altitudeMode>absolute</altitudeMode>
		</Camera>
		<styleUrl>#__managed_style_008AF269E12A0BEC6F7B</styleUrl>
		<Point>
			<altitudeMode>relativeToGround</altitudeMode>
			<coordinates>104.6389982180079,17.04180685873292,0</coordinates>
		</Point>
	</Placemark>
	<Placemark id="0EFBABAD942A0C017466">
		<name>RT158-SG-2031-0100-10+900</name>
		<Camera>
			<gx:ViewerOptions>
				<gx:option name="streetview"></gx:option>
				<gx:streetViewPanoId>akw8Vd-cUVituitcSRbu3w</gx:streetViewPanoId>
			</gx:ViewerOptions>
			<longitude>104.63867603801</longitude>
			<latitude>17.0418524780717</latitude>
			<altitude>161.5380249023438</altitude>
			<heading>336.8630449215398</heading>
			<tilt>87.7124519033016</tilt>
			<roll>0</roll>
			<gx:fovy>59.99999999999999</gx:fovy>
			<altitudeMode>absolute</altitudeMode>
		</Camera>
		<styleUrl>#__managed_style_008AF269E12A0BEC6F7B</styleUrl>
		<Point>
			<altitudeMode>relativeToGround</altitudeMode>
			<coordinates>104.6386647129747,17.04186488433939,0</coordinates>
		</Point>
	</Placemark>
	<Placemark id="08D7C828FC2A0C020CE6">
		<name>RT159-SG-2031-0100-10+950</name>
		<Camera>
			<gx:ViewerOptions>
				<gx:option name="streetview"></gx:option>
				<gx:streetViewPanoId>pcnF0H13exvvH2FGMlw-bg</gx:streetViewPanoId>
			</gx:ViewerOptions>
			<longitude>104.6382122517271</longitude>
			<latitude>17.04193923818604</latitude>
			<altitude>161.5351031340683</altitude>
			<heading>35.71310412722222</heading>
			<tilt>84.19722095421353</tilt>
			<roll>0</roll>
			<gx:fovy>59.99999994093684</gx:fovy>
			<altitudeMode>absolute</altitudeMode>
		</Camera>
		<styleUrl>#__managed_style_008AF269E12A0BEC6F7B</styleUrl>
		<Point>
			<altitudeMode>relativeToGround</altitudeMode>
			<coordinates>104.6382207779302,17.04195675705359,0</coordinates>
		</Point>
	</Placemark>
	<Placemark id="0E830898FB2A0C0278EE">
		<name>RT160-SG-2031-0100-11+000</name>
		<Camera>
			<gx:ViewerOptions>
				<gx:option name="streetview"></gx:option>
				<gx:streetViewPanoId>QNXooszryi1-3faRFuxLPQ</gx:streetViewPanoId>
			</gx:ViewerOptions>
			<longitude>104.6378344813184</longitude>
			<latitude>17.04201785684551</latitude>
			<altitude>161.4236677094137</altitude>
			<heading>353.0870797041728</heading>
			<tilt>80.82974108473896</tilt>
			<roll>0</roll>
			<gx:fovy>59.99999999745083</gx:fovy>
			<altitudeMode>absolute</altitudeMode>
		</Camera>
		<styleUrl>#__managed_style_008AF269E12A0BEC6F7B</styleUrl>
		<Point>
			<altitudeMode>relativeToGround</altitudeMode>
			<coordinates>104.6378199310172,17.04205394023599,0</coordinates>
		</Point>
	</Placemark>
	<Placemark id="098256AC322A0C02F4BC">
		<name>RT161-SG-2031-0100-11+050</name>
		<Camera>
			<gx:ViewerOptions>
				<gx:option name="streetview"></gx:option>
				<gx:streetViewPanoId>cTrZRfmRjfEJZzPVkGP-Vw</gx:streetViewPanoId>
			</gx:ViewerOptions>
			<longitude>104.637395336626</longitude>
			<latitude>17.04210711824115</latitude>
			<altitude>161.486968993671</altitude>
			<heading>335.5797254214976</heading>
			<tilt>78.53771208385403</tilt>
			<roll>0</roll>
			<gx:fovy>59.99999999999117</gx:fovy>
			<altitudeMode>absolute</altitudeMode>
		</Camera>
		<styleUrl>#__managed_style_008AF269E12A0BEC6F7B</styleUrl>
		<Point>
			<altitudeMode>relativeToGround</altitudeMode>
			<coordinates>104.6373674787619,17.04214212042372,0</coordinates>
		</Point>
	</Placemark>
	<Placemark id="065F48AC512A0C03788F">
		<name>RT162-SG-2031-0100-11+100</name>
		<Camera>
			<gx:ViewerOptions>
				<gx:option name="streetview"></gx:option>
				<gx:streetViewPanoId>GcuqrEtourGqdENTsnn2_Q</gx:streetViewPanoId>
			</gx:ViewerOptions>
			<longitude>104.6370375818493</longitude>
			<latitude>17.04217688887878</latitude>
			<altitude>161.6852511991563</altitude>
			<heading>325.0226329442</heading>
			<tilt>84.53465442528277</tilt>
			<roll>0</roll>
			<gx:fovy>59.99999999999999</gx:fovy>
			<altitudeMode>absolute</altitudeMode>
		</Camera>
		<styleUrl>#__managed_style_008AF269E12A0BEC6F7B</styleUrl>
		<Point>
			<altitudeMode>relativeToGround</altitudeMode>
			<coordinates>104.6370223858884,17.04219907133084,0</coordinates>
		</Point>
	</Placemark>
	<Placemark id="0D22F2FEF72A0C0401D5">
		<name>RT163-SG-2031-0100-11+150</name>
		<Camera>
			<gx:ViewerOptions>
				<gx:option name="streetview"></gx:option>
				<gx:streetViewPanoId>tARNss4VAPa1ZhQ7sofa4Q</gx:streetViewPanoId>
			</gx:ViewerOptions>
			<longitude>104.6365722884181</longitude>
			<latitude>17.04226489872217</latitude>
			<altitude>162.0144958496094</altitude>
			<heading>32.64436668125145</heading>
			<tilt>81.43591471216489</tilt>
			<roll>0</roll>
			<gx:fovy>59.99999999999999</gx:fovy>
			<altitudeMode>absolute</altitudeMode>
		</Camera>
		<styleUrl>#__managed_style_008AF269E12A0BEC6F7B</styleUrl>
		<Point>
			<altitudeMode>relativeToGround</altitudeMode>
			<coordinates>104.6365873941855,17.04228226959934,0</coordinates>
		</Point>
	</Placemark>
	<Placemark id="0891C385F82A0C04939A">
		<name>RT164-SG-2031-0100-11+200</name>
		<Camera>
			<gx:ViewerOptions>
				<gx:option name="streetview"></gx:option>
				<gx:streetViewPanoId>uyANbQPk8fL8N8tNlX3tFA</gx:streetViewPanoId>
			</gx:ViewerOptions>
			<longitude>104.6361529829568</longitude>
			<latitude>17.04222228943939</latitude>
			<altitude>162.3199005126953</altitude>
			<heading>10.198501865889</heading>
			<tilt>97.89457800577382</tilt>
			<roll>0</roll>
			<gx:fovy>34.15599298578863</gx:fovy>
			<altitudeMode>absolute</altitudeMode>
		</Camera>
		<styleUrl>#__managed_style_008AF269E12A0BEC6F7B</styleUrl>
		<Point>
			<altitudeMode>relativeToGround</altitudeMode>
			<coordinates>104.6361603551114,17.04237209676431,0</coordinates>
		</Point>
	</Placemark>
	<Placemark id="0CF8528CBF2A0C05592D">
		<name>RT166-SG-2031-0100-11+300</name>
		<Camera>
			<gx:ViewerOptions>
				<gx:option name="streetview"></gx:option>
				<gx:streetViewPanoId>ebLnJigdUUmAJKCCgX1cYg</gx:streetViewPanoId>
			</gx:ViewerOptions>
			<longitude>104.6353305640994</longitude>
			<latitude>17.04250252712835</latitude>
			<altitude>162.8772735595703</altitude>
			<heading>43.26340988730575</heading>
			<tilt>75.86829326061596</tilt>
			<roll>0</roll>
			<gx:fovy>59.99999999999999</gx:fovy>
			<altitudeMode>absolute</altitudeMode>
		</Camera>
		<styleUrl>#__managed_style_008AF269E12A0BEC6F7B</styleUrl>
		<Point>
			<altitudeMode>relativeToGround</altitudeMode>
			<coordinates>104.6353494494364,17.04253757064783,0</coordinates>
		</Point>
	</Placemark>
	<Placemark id="024CBB43472A0C063806">
		<name>RT165-SG-2031-0100-11+250</name>
		<Camera>
			<gx:ViewerOptions>
				<gx:option name="streetview"></gx:option>
				<gx:streetViewPanoId>6V3urri9X4n0s0FnB5G8vA</gx:streetViewPanoId>
			</gx:ViewerOptions>
			<longitude>104.635659317633</longitude>
			<latitude>17.04243716603915</latitude>
			<altitude>162.7156372070312</altitude>
			<heading>51.04860105131498</heading>
			<tilt>81.08373338231264</tilt>
			<roll>0</roll>
			<gx:fovy>59.99999999999999</gx:fovy>
			<altitudeMode>absolute</altitudeMode>
		</Camera>
		<styleUrl>#__managed_style_008AF269E12A0BEC6F7B</styleUrl>
		<Point>
			<altitudeMode>relativeToGround</altitudeMode>
			<coordinates>104.6356866806858,17.04247858285955,0</coordinates>
		</Point>
	</Placemark>
	<Placemark id="0AC68249952A0C0704DB">
		<name>RT167-SG-2031-0100-11+350</name>
		<Camera>
			<gx:ViewerOptions>
				<gx:option name="streetview"></gx:option>
				<gx:streetViewPanoId>-a25CM5WL2fkiFWHY-XDAQ</gx:streetViewPanoId>
			</gx:ViewerOptions>
			<longitude>104.6348546910585</longitude>
			<latitude>17.04255140931741</latitude>
			<altitude>163.3286285400391</altitude>
			<heading>4.044033277792484</heading>
			<tilt>90.92395296990927</tilt>
			<roll>0</roll>
			<gx:fovy>59.99999999999999</gx:fovy>
			<altitudeMode>absolute</altitudeMode>
		</Camera>
		<styleUrl>#__managed_style_008AF269E12A0BEC6F7B</styleUrl>
		<Point>
			<altitudeMode>relativeToGround</altitudeMode>
			<coordinates>104.6348357198165,17.04264699239075,0</coordinates>
		</Point>
	</Placemark>
	<Placemark id="0D4284E2F32A0C082BD0">
		<name>RT168-SG-2031-0100-11+400</name>
		<Camera>
			<gx:ViewerOptions>
				<gx:option name="streetview"></gx:option>
				<gx:streetViewPanoId>sfZpyk6KMGiFyow7BOOABw</gx:streetViewPanoId>
			</gx:ViewerOptions>
			<longitude>104.6345362572186</longitude>
			<latitude>17.04260441371693</latitude>
			<altitude>163.4940338134766</altitude>
			<heading>346.7053950966601</heading>
			<tilt>87.11983429184795</tilt>
			<roll>0</roll>
			<gx:fovy>59.99999999999999</gx:fovy>
			<altitudeMode>absolute</altitudeMode>
		</Camera>
		<styleUrl>#__managed_style_008AF269E12A0BEC6F7B</styleUrl>
		<Point>
			<altitudeMode>relativeToGround</altitudeMode>
			<coordinates>104.634517310716,17.04268187091787,0</coordinates>
		</Point>
	</Placemark>
	<Placemark id="00BF753F3F2A0C089441">
		<name>RT169-SG-2031-0100-11+450</name>
		<Camera>
			<gx:ViewerOptions>
				<gx:option name="streetview"></gx:option>
				<gx:streetViewPanoId>fvuZMKYsxmvV5wMRPtbqLA</gx:streetViewPanoId>
			</gx:ViewerOptions>
			<longitude>104.6340205381273</longitude>
			<latitude>17.04268934138155</latitude>
			<altitude>163.5665509223788</altitude>
			<heading>21.39368003977871</heading>
			<tilt>76.16057352078741</tilt>
			<roll>0</roll>
			<gx:fovy>59.99880844582301</gx:fovy>
			<altitudeMode>absolute</altitudeMode>
		</Camera>
		<styleUrl>#__managed_style_008AF269E12A0BEC6F7B</styleUrl>
		<Point>
			<altitudeMode>relativeToGround</altitudeMode>
			<coordinates>104.6340137731084,17.04274971263568,0</coordinates>
		</Point>
	</Placemark>
	<Placemark id="06459698B52A0C091AB4">
		<name>RT170-SG-2031-0100-11+500</name>
		<Camera>
			<gx:ViewerOptions>
				<gx:option name="streetview"></gx:option>
				<gx:streetViewPanoId>fEry8YpOuNnrz2o4mtD7sw</gx:streetViewPanoId>
			</gx:ViewerOptions>
			<longitude>104.6336423333767</longitude>
			<latitude>17.04274873918591</latitude>
			<altitude>163.6609802246094</altitude>
			<heading>44.53284214942487</heading>
			<tilt>77.12994362845109</tilt>
			<roll>0</roll>
			<gx:fovy>59.99999999999901</gx:fovy>
			<altitudeMode>absolute</altitudeMode>
		</Camera>
		<styleUrl>#__managed_style_008AF269E12A0BEC6F7B</styleUrl>
		<Point>
			<altitudeMode>relativeToGround</altitudeMode>
			<coordinates>104.6336527035462,17.04279189817475,0</coordinates>
		</Point>
	</Placemark>
	<Placemark id="03620B055B2A0C0A122A">
		<name>RT171-SG-2031-0100-12+350</name>
		<Camera>
			<gx:ViewerOptions>
				<gx:option name="streetview"></gx:option>
				<gx:streetViewPanoId>UEFs44yEa05-7nfiCEQFgg</gx:streetViewPanoId>
			</gx:ViewerOptions>
			<longitude>104.6251122513432</longitude>
			<latitude>17.04297736340454</latitude>
			<altitude>162.2230682373047</altitude>
			<heading>2.539865004584154</heading>
			<tilt>99.54518246638801</tilt>
			<roll>0</roll>
			<gx:fovy>33.84170638509323</gx:fovy>
			<altitudeMode>absolute</altitudeMode>
		</Camera>
		<styleUrl>#__managed_style_008AF269E12A0BEC6F7B</styleUrl>
		<Point>
			<altitudeMode>relativeToGround</altitudeMode>
			<coordinates>104.6250912499997,17.04316715751201,0</coordinates>
		</Point>
	</Placemark>
	<Placemark id="096273583A2A0C0ABA16">
		<name>RT172-SG-2031-0100-12+395</name>
		<Camera>
			<gx:ViewerOptions>
				<gx:option name="streetview"></gx:option>
				<gx:streetViewPanoId>jRcL20H0Lhp-FRuC-B953A</gx:streetViewPanoId>
			</gx:ViewerOptions>
			<longitude>104.6246240472971</longitude>
			<latitude>17.04299232049368</latitude>
			<altitude>162.1660614013672</altitude>
			<heading>15.92960354909312</heading>
			<tilt>97.90951121249702</tilt>
			<roll>0</roll>
			<gx:fovy>33.98452804603319</gx:fovy>
			<altitudeMode>absolute</altitudeMode>
		</Camera>
		<styleUrl>#__managed_style_008AF269E12A0BEC6F7B</styleUrl>
		<Point>
			<altitudeMode>relativeToGround</altitudeMode>
			<coordinates>104.6246569296285,17.04317505779495,0</coordinates>
		</Point>
	</Placemark>
	<Placemark id="041D46CD932A0C0B72AB">
		<name>RT173-SG-2031-0100-12+450</name>
		<Camera>
			<gx:ViewerOptions>
				<gx:option name="streetview"></gx:option>
				<gx:streetViewPanoId>n2yZZVWRGk9CDf-FBLXwxA</gx:streetViewPanoId>
			</gx:ViewerOptions>
			<longitude>104.624179070553</longitude>
			<latitude>17.04310377816081</latitude>
			<altitude>162.05810546875</altitude>
			<heading>41.3962206817632</heading>
			<tilt>92.50082803122329</tilt>
			<roll>0</roll>
			<gx:fovy>73.82400066053829</gx:fovy>
			<altitudeMode>absolute</altitudeMode>
		</Camera>
		<styleUrl>#__managed_style_008AF269E12A0BEC6F7B</styleUrl>
		<Point>
			<altitudeMode>relativeToGround</altitudeMode>
			<coordinates>104.6242122326782,17.04318165689211,0</coordinates>
		</Point>
	</Placemark>
	<Placemark id="01B936BF772A0C0C282A">
		<name>RT174-SG-2031-0100-12+500</name>
		<Camera>
			<gx:ViewerOptions>
				<gx:option name="streetview"></gx:option>
				<gx:streetViewPanoId>iaB-0plYa0ac5kKabGOJkg</gx:streetViewPanoId>
			</gx:ViewerOptions>
			<longitude>104.6238064935852</longitude>
			<latitude>17.04311045462077</latitude>
			<altitude>162.0183410644531</altitude>
			<heading>324.7258482799214</heading>
			<tilt>88.859054032175</tilt>
			<roll>0</roll>
			<gx:fovy>59.99999999999822</gx:fovy>
			<altitudeMode>absolute</altitudeMode>
		</Camera>
		<styleUrl>#__managed_style_008AF269E12A0BEC6F7B</styleUrl>
		<Point>
			<altitudeMode>relativeToGround</altitudeMode>
			<coordinates>104.6237645524031,17.04319386738538,0</coordinates>
		</Point>
	</Placemark>
	<Placemark id="0BF579C6D62A0C0CA47C">
		<name>RT175-SG-2031-0100-12+550</name>
		<Camera>
			<gx:ViewerOptions>
				<gx:option name="streetview"></gx:option>
				<gx:streetViewPanoId>D4qqIbW-UqvC5hsD-x7_1g</gx:streetViewPanoId>
			</gx:ViewerOptions>
			<longitude>104.6233301229314</longitude>
			<latitude>17.04311962171496</latitude>
			<altitude>161.9766235351562</altitude>
			<heading>350.1109840652814</heading>
			<tilt>84.28878316371696</tilt>
			<roll>0</roll>
			<gx:fovy>60.00682416336848</gx:fovy>
			<altitudeMode>absolute</altitudeMode>
		</Camera>
		<styleUrl>#__managed_style_008AF269E12A0BEC6F7B</styleUrl>
		<Point>
			<altitudeMode>relativeToGround</altitudeMode>
			<coordinates>104.6233122865093,17.04319279155832,0</coordinates>
		</Point>
	</Placemark>
	<Placemark id="045E0E12D02A0C141CEF">
		<name>RT176-SG-2031-0100-12+600</name>
		<Camera>
			<gx:ViewerOptions>
				<gx:option name="streetview"></gx:option>
				<gx:streetViewPanoId>ZTwHvCS9_nILDUbP2ZRlbQ</gx:streetViewPanoId>
			</gx:ViewerOptions>
			<longitude>104.6228520638896</longitude>
			<latitude>17.04312513192887</latitude>
			<altitude>162.0231475830078</altitude>
			<heading>19.23191914586744</heading>
			<tilt>76.11735554282743</tilt>
			<roll>0</roll>
			<gx:fovy>59.99999999999999</gx:fovy>
			<altitudeMode>absolute</altitudeMode>
		</Camera>
		<styleUrl>#__managed_style_008AF269E12A0BEC6F7B</styleUrl>
		<Point>
			<altitudeMode>relativeToGround</altitudeMode>
			<coordinates>104.6228657051553,17.04319203446634,0</coordinates>
		</Point>
	</Placemark>
	<Placemark id="08306FD7842A0C150ABF">
		<name>13</name>
		<Camera>
			<gx:ViewerOptions>
				<gx:option name="streetview"></gx:option>
				<gx:streetViewPanoId>JmNglCyIMiZNauWd0QsfTw</gx:streetViewPanoId>
			</gx:ViewerOptions>
			<longitude>104.6188455879873</longitude>
			<latitude>17.04301399184143</latitude>
			<altitude>163.0796682585077</altitude>
			<heading>0.678808024989271</heading>
			<tilt>62.02844998441908</tilt>
			<roll>0</roll>
			<gx:fovy>59.99999999709021</gx:fovy>
			<altitudeMode>absolute</altitudeMode>
		</Camera>
		<styleUrl>#__managed_style_008AF269E12A0BEC6F7B</styleUrl>
		<Point>
			<altitudeMode>relativeToGround</altitudeMode>
			<coordinates>104.6188455879873,17.04301399184143,0</coordinates>
		</Point>
	</Placemark>
	<Placemark id="022C37D3BD2A0C163422">
		<name>RT177-SG-2031-0100-12+640</name>
		<Camera>
			<gx:ViewerOptions>
				<gx:option name="streetview"></gx:option>
				<gx:streetViewPanoId>dQ8pQEV9DP3woKEUnn7kQQ</gx:streetViewPanoId>
			</gx:ViewerOptions>
			<longitude>104.6223747178773</longitude>
			<latitude>17.04313577407778</latitude>
			<altitude>162.1197075214474</altitude>
			<heading>48.77851635038459</heading>
			<tilt>84.13067627717703</tilt>
			<roll>0</roll>
			<gx:fovy>59.99999999999999</gx:fovy>
			<altitudeMode>absolute</altitudeMode>
		</Camera>
		<styleUrl>#__managed_style_008AF269E12A0BEC6F7B</styleUrl>
		<Point>
			<altitudeMode>relativeToGround</altitudeMode>
			<coordinates>104.6224067460424,17.04320595524844,0</coordinates>
		</Point>
	</Placemark>
	<Placemark id="024C6BC71F2A0C174EE1">
		<name>RT178-SG-2031-0100-12+680</name>
		<Camera>
			<gx:ViewerOptions>
				<gx:option name="streetview"></gx:option>
				<gx:streetViewPanoId>aeCPCd5YWbXHYDsj2VQrzg</gx:streetViewPanoId>
			</gx:ViewerOptions>
			<longitude>104.6219950300852</longitude>
			<latitude>17.0431310142257</latitude>
			<altitude>162.3320576922969</altitude>
			<heading>327.0215728762458</heading>
			<tilt>85</tilt>
			<roll>0</roll>
			<gx:fovy>59.99999999999999</gx:fovy>
			<altitudeMode>absolute</altitudeMode>
		</Camera>
		<styleUrl>#__managed_style_008AF269E12A0BEC6F7B</styleUrl>
		<Point>
			<altitudeMode>relativeToGround</altitudeMode>
			<coordinates>104.6219593457916,17.04322111652081,0</coordinates>
		</Point>
	</Placemark>
	<Placemark id="0BC0DF9FC52A0C17F0F7">
		<name>RT179-SG-2031-0100-12+720</name>
		<Camera>
			<gx:ViewerOptions>
				<gx:option name="streetview"></gx:option>
				<gx:streetViewPanoId>97PFxvgfAkyL1CQXYa3bIQ</gx:streetViewPanoId>
			</gx:ViewerOptions>
			<longitude>104.6215183093464</longitude>
			<latitude>17.04314037805275</latitude>
			<altitude>162.7068634033203</altitude>
			<heading>11.34567476420636</heading>
			<tilt>77.38613817501835</tilt>
			<roll>0</roll>
			<gx:fovy>59.99999999998106</gx:fovy>
			<altitudeMode>absolute</altitudeMode>
		</Camera>
		<styleUrl>#__managed_style_008AF269E12A0BEC6F7B</styleUrl>
		<Point>
			<altitudeMode>relativeToGround</altitudeMode>
			<coordinates>104.621505563328,17.04321706144587,0</coordinates>
		</Point>
	</Placemark>
	<Placemark id="05FE30D9132A0C18D6C5">
		<name>RT180-SG-2031-0100-12+770</name>
		<Camera>
			<gx:ViewerOptions>
				<gx:option name="streetview"></gx:option>
				<gx:streetViewPanoId>WRBYu9p-t0j_PGtj8l0OTA</gx:streetViewPanoId>
			</gx:ViewerOptions>
			<longitude>104.6210421237429</longitude>
			<latitude>17.04313590332043</latitude>
			<altitude>163.0243377685547</altitude>
			<heading>39.27221198314729</heading>
			<tilt>81.47752839754732</tilt>
			<roll>0</roll>
			<gx:fovy>59.99999999999999</gx:fovy>
			<altitudeMode>absolute</altitudeMode>
		</Camera>
		<styleUrl>#__managed_style_008AF269E12A0BEC6F7B</styleUrl>
		<Point>
			<altitudeMode>relativeToGround</altitudeMode>
			<coordinates>104.6210666841489,17.04321698624251,0</coordinates>
		</Point>
	</Placemark>
	<Placemark id="03718618502A0C197DCB">
		<name>RT180-SG-2031-0100-12+820</name>
		<Camera>
			<gx:ViewerOptions>
				<gx:option name="streetview"></gx:option>
				<gx:streetViewPanoId>F8h3lcwhCXjWlVNwZodCHw</gx:streetViewPanoId>
			</gx:ViewerOptions>
			<longitude>104.6206634176171</longitude>
			<latitude>17.04312096192284</latitude>
			<altitude>163.1541900634766</altitude>
			<heading>336.9591312550797</heading>
			<tilt>87.50443707069492</tilt>
			<roll>0</roll>
			<gx:fovy>59.99999999999999</gx:fovy>
			<altitudeMode>absolute</altitudeMode>
		</Camera>
		<styleUrl>#__managed_style_008AF269E12A0BEC6F7B</styleUrl>
		<Point>
			<altitudeMode>relativeToGround</altitudeMode>
			<coordinates>104.6206334822944,17.04318751738763,0</coordinates>
		</Point>
	</Placemark>
	<Placemark id="0C207F76712A0C1A04D3">
		<name>RT181-SG-2031-0100-12+870</name>
		<Camera>
			<gx:ViewerOptions>
				<gx:option name="streetview"></gx:option>
				<gx:streetViewPanoId>CrXxlWQsaY4BBramoz4WJg</gx:streetViewPanoId>
			</gx:ViewerOptions>
			<longitude>104.6201878572695</longitude>
			<latitude>17.04309587364564</latitude>
			<altitude>163.1682030583011</altitude>
			<heading>336.9591302235426</heading>
			<tilt>85</tilt>
			<roll>0</roll>
			<gx:fovy>60</gx:fovy>
			<altitudeMode>absolute</altitudeMode>
		</Camera>
		<styleUrl>#__managed_style_008AF269E12A0BEC6F7B</styleUrl>
		<Point>
			<altitudeMode>relativeToGround</altitudeMode>
			<coordinates>104.6201748820371,17.0431679315265,0</coordinates>
		</Point>
	</Placemark>
	<Placemark id="0E2C5BD5D32A0C1A7F3C">
		<name>RT182-SG-2031-0100-12+920</name>
		<Camera>
			<gx:ViewerOptions>
				<gx:option name="streetview"></gx:option>
				<gx:streetViewPanoId>arLC5vaIQsSYMmic6gUE0g</gx:streetViewPanoId>
			</gx:ViewerOptions>
			<longitude>104.6197143440111</longitude>
			<latitude>17.04306536118909</latitude>
			<altitude>163.1471710205078</altitude>
			<heading>28.71695451505178</heading>
			<tilt>83.42061862802971</tilt>
			<roll>0</roll>
			<gx:fovy>59.99999999999999</gx:fovy>
			<altitudeMode>absolute</altitudeMode>
		</Camera>
		<styleUrl>#__managed_style_008AF269E12A0BEC6F7B</styleUrl>
		<Point>
			<altitudeMode>relativeToGround</altitudeMode>
			<coordinates>104.6197458507315,17.04315123196961,0</coordinates>
		</Point>
	</Placemark>
	<Placemark id="010E71ADCB2A0C1B18B1">
		<name>RT183-SG-2031-0100-12+960</name>
		<Camera>
			<gx:ViewerOptions>
				<gx:option name="streetview"></gx:option>
				<gx:streetViewPanoId>eNnueW2b_syUfGJZCCfwxQ</gx:streetViewPanoId>
			</gx:ViewerOptions>
			<longitude>104.6193416890478</longitude>
			<latitude>17.04304909571459</latitude>
			<altitude>163.0830836340748</altitude>
			<heading>342.0841996921629</heading>
			<tilt>75.45081555539144</tilt>
			<roll>0</roll>
			<gx:fovy>59.99999999997127</gx:fovy>
			<altitudeMode>absolute</altitudeMode>
		</Camera>
		<styleUrl>#__managed_style_008AF269E12A0BEC6F7B</styleUrl>
		<Point>
			<altitudeMode>relativeToGround</altitudeMode>
			<coordinates>104.6193020670984,17.04310539523052,0</coordinates>
		</Point>
	</Placemark>
	<Placemark id="0FC40AB6912A0C1BD523">
		<name>RT184-SG-2031-0100-13+000</name>
		<Camera>
			<gx:ViewerOptions>
				<gx:option name="streetview"></gx:option>
				<gx:streetViewPanoId>wvBhDq2Ite1SJcGn4VsllQ</gx:streetViewPanoId>
			</gx:ViewerOptions>
			<longitude>104.6189427980528</longitude>
			<latitude>17.04301769689283</latitude>
			<altitude>163.0905609130859</altitude>
			<heading>333.7835459404491</heading>
			<tilt>87.61377595269727</tilt>
			<roll>0</roll>
			<gx:fovy>59.99999999999983</gx:fovy>
			<altitudeMode>absolute</altitudeMode>
		</Camera>
		<styleUrl>#__managed_style_008AF269E12A0BEC6F7B</styleUrl>
		<Point>
			<altitudeMode>relativeToGround</altitudeMode>
			<coordinates>104.6189095006031,17.04307067566226,0</coordinates>
		</Point>
	</Placemark>
	<Placemark id="076F7721392A0C378861">
		<name>RT185-SG-2031-0100-13+050</name>
		<Camera>
			<gx:ViewerOptions>
				<gx:option name="streetview"></gx:option>
				<gx:streetViewPanoId>k3wVrW0AsLQK1ge6c6prwg</gx:streetViewPanoId>
			</gx:ViewerOptions>
			<longitude>104.6183160476956</longitude>
			<latitude>17.04286795556383</latitude>
			<altitude>162.9463348388672</altitude>
			<heading>11.49074634518722</heading>
			<tilt>95.59859186330952</tilt>
			<roll>0</roll>
			<gx:fovy>37.28965878691213</gx:fovy>
			<altitudeMode>absolute</altitudeMode>
		</Camera>
		<styleUrl>#__managed_style_008AF269E12A0BEC6F7B</styleUrl>
		<Point>
			<altitudeMode>relativeToGround</altitudeMode>
			<coordinates>104.6183346231957,17.04304062653734,0</coordinates>
		</Point>
	</Placemark>
	<Placemark id="0EE9ACA75A2A0C386271">
		<name>RT186-SG-2031-0100-13+100</name>
		<Camera>
			<gx:ViewerOptions>
				<gx:option name="streetview"></gx:option>
				<gx:streetViewPanoId>60POFvG5gMExF2E7Xe1DYA</gx:streetViewPanoId>
			</gx:ViewerOptions>
			<longitude>104.6179327235776</longitude>
			<latitude>17.04284719341234</latitude>
			<altitude>162.8997192382812</altitude>
			<heading>346.6243319287767</heading>
			<tilt>97.10857944808531</tilt>
			<roll>0</roll>
			<gx:fovy>43.30010493085479</gx:fovy>
			<altitudeMode>absolute</altitudeMode>
		</Camera>
		<styleUrl>#__managed_style_008AF269E12A0BEC6F7B</styleUrl>
		<Point>
			<altitudeMode>relativeToGround</altitudeMode>
			<coordinates>104.6178993945866,17.04302535757059,0</coordinates>
		</Point>
	</Placemark>
	<Placemark id="094E92F0D12A0C38DD0D">
		<name>RT187-SG-2031-0100-13+150</name>
		<Camera>
			<gx:ViewerOptions>
				<gx:option name="streetview"></gx:option>
				<gx:streetViewPanoId>DKPFuoz0h_9f7j_hOxL27A</gx:streetViewPanoId>
			</gx:ViewerOptions>
			<longitude>104.6174577054034</longitude>
			<latitude>17.04281687237119</latitude>
			<altitude>162.6789485271747</altitude>
			<heading>357.508304402716</heading>
			<tilt>95.33448130793393</tilt>
			<roll>0</roll>
			<gx:fovy>45.16956329731161</gx:fovy>
			<altitudeMode>absolute</altitudeMode>
		</Camera>
		<styleUrl>#__managed_style_008AF269E12A0BEC6F7B</styleUrl>
		<Point>
			<altitudeMode>relativeToGround</altitudeMode>
			<coordinates>104.6174197269687,17.04300290419753,0</coordinates>
		</Point>
	</Placemark>
	<Placemark id="0B1E533F702A0C3986F2">
		<name>RT188-SG-2031-0100-13+200</name>
		<Camera>
			<gx:ViewerOptions>
				<gx:option name="streetview"></gx:option>
				<gx:streetViewPanoId>VJ49U508zsRGJ921EJZTxw</gx:streetViewPanoId>
			</gx:ViewerOptions>
			<longitude>104.6170060793163</longitude>
			<latitude>17.04291236586343</latitude>
			<altitude>162.6402893071601</altitude>
			<heading>3.891561009032918</heading>
			<tilt>84.01950202362818</tilt>
			<roll>0</roll>
			<gx:fovy>90</gx:fovy>
			<altitudeMode>absolute</altitudeMode>
		</Camera>
		<styleUrl>#__managed_style_008AF269E12A0BEC6F7B</styleUrl>
		<Point>
			<altitudeMode>relativeToGround</altitudeMode>
			<coordinates>104.6169986084498,17.04297788044375,0</coordinates>
		</Point>
	</Placemark>
	<Placemark id="010C57D9622A0C3A2106">
		<name>RT189-SG-2031-0100-13+260</name>
		<Camera>
			<gx:ViewerOptions>
				<gx:option name="streetview"></gx:option>
				<gx:streetViewPanoId>JrFD1KioGq0XGxZfDlyv3w</gx:streetViewPanoId>
			</gx:ViewerOptions>
			<longitude>104.6163933890418</longitude>
			<latitude>17.04286037546904</latitude>
			<altitude>162.8959808349609</altitude>
			<heading>24.22839895783608</heading>
			<tilt>89.87744714216198</tilt>
			<roll>0</roll>
			<gx:fovy>59.99999999999999</gx:fovy>
			<altitudeMode>absolute</altitudeMode>
		</Camera>
		<styleUrl>#__managed_style_008AF269E12A0BEC6F7B</styleUrl>
		<Point>
			<altitudeMode>relativeToGround</altitudeMode>
			<coordinates>104.6164171044719,17.04292740948393,0</coordinates>
		</Point>
	</Placemark>
	<Placemark id="0DC1D4590B2A0C3B3116">
		<name>RT190-SG-2031-0100-13+300</name>
		<Camera>
			<gx:ViewerOptions>
				<gx:option name="streetview"></gx:option>
				<gx:streetViewPanoId>VMfOkoD04UfVCr0OH4Npag</gx:streetViewPanoId>
			</gx:ViewerOptions>
			<longitude>104.6159688029797</longitude>
			<latitude>17.04283155040982</latitude>
			<altitude>163.0688018798828</altitude>
			<heading>34.74725170484295</heading>
			<tilt>84.37370946432979</tilt>
			<roll>0</roll>
			<gx:fovy>59.99999999999999</gx:fovy>
			<altitudeMode>absolute</altitudeMode>
		</Camera>
		<styleUrl>#__managed_style_008AF269E12A0BEC6F7B</styleUrl>
		<Point>
			<altitudeMode>relativeToGround</altitudeMode>
			<coordinates>104.6159838712736,17.04289718079858,0</coordinates>
		</Point>
	</Placemark>
	<Placemark id="04FFB497A52A0C3C09A8">
		<name>RT191-SG-2031-0100-13+350</name>
		<Camera>
			<gx:ViewerOptions>
				<gx:option name="streetview"></gx:option>
				<gx:streetViewPanoId>OtqGWhEfpqfdaKuXOvLHHw</gx:streetViewPanoId>
			</gx:ViewerOptions>
			<longitude>104.6155943784679</longitude>
			<latitude>17.04277321971865</latitude>
			<altitude>163.1674194335938</altitude>
			<heading>303.1200006722518</heading>
			<tilt>77.14163522456752</tilt>
			<roll>0</roll>
			<gx:fovy>59.99999999999962</gx:fovy>
			<altitudeMode>absolute</altitudeMode>
		</Camera>
		<styleUrl>#__managed_style_008AF269E12A0BEC6F7B</styleUrl>
		<Point>
			<altitudeMode>relativeToGround</altitudeMode>
			<coordinates>104.6155284612928,17.0428082547011,0</coordinates>
		</Point>
	</Placemark>
	<Placemark id="0414791B2F2A0C3CA498">
		<name>RT192-SG-2031-0100-13+400</name>
		<Camera>
			<gx:ViewerOptions>
				<gx:option name="streetview"></gx:option>
				<gx:streetViewPanoId>frVslxiYabRN8GwC90idtw</gx:streetViewPanoId>
			</gx:ViewerOptions>
			<longitude>104.6151465821939</longitude>
			<latitude>17.0426128497592</latitude>
			<altitude>163.3973999022448</altitude>
			<heading>327.9955240827221</heading>
			<tilt>75.59242848209868</tilt>
			<roll>0</roll>
			<gx:fovy>59.99999999999999</gx:fovy>
			<altitudeMode>absolute</altitudeMode>
		</Camera>
		<styleUrl>#__managed_style_008AF269E12A0BEC6F7B</styleUrl>
		<Point>
			<altitudeMode>relativeToGround</altitudeMode>
			<coordinates>104.6150993281723,17.04266280063366,0</coordinates>
		</Point>
	</Placemark>
	<Placemark id="05E6394E082A0C3D2B1B">
		<name>RT193-SG-2031-0100-13+450</name>
		<Camera>
			<gx:ViewerOptions>
				<gx:option name="streetview"></gx:option>
				<gx:streetViewPanoId>dqp__yLCwdD7iQlVvp4mKw</gx:streetViewPanoId>
			</gx:ViewerOptions>
			<longitude>104.6148553152169</longitude>
			<latitude>17.04232256775637</latitude>
			<altitude>162.858180258596</altitude>
			<heading>315.5118670932092</heading>
			<tilt>85</tilt>
			<roll>0</roll>
			<gx:fovy>60</gx:fovy>
			<altitudeMode>absolute</altitudeMode>
		</Camera>
		<styleUrl>#__managed_style_008AF269E12A0BEC6F7B</styleUrl>
		<Point>
			<altitudeMode>relativeToGround</altitudeMode>
			<coordinates>104.614743052708,17.04242214675774,0</coordinates>
		</Point>
	</Placemark>
	<Placemark id="028E617FDB2A0C3DBFDC">
		<name>RT194-SG-2031-0100-13+500</name>
		<Camera>
			<gx:ViewerOptions>
				<gx:option name="streetview"></gx:option>
				<gx:streetViewPanoId>r36H3JoXx-NNC3gvCulz3A</gx:streetViewPanoId>
			</gx:ViewerOptions>
			<longitude>104.6144996589852</longitude>
			<latitude>17.04203417717085</latitude>
			<altitude>162.8966217041016</altitude>
			<heading>337.8905653251113</heading>
			<tilt>101.8205976876079</tilt>
			<roll>0</roll>
			<gx:fovy>45.47827981086387</gx:fovy>
			<altitudeMode>absolute</altitudeMode>
		</Camera>
		<styleUrl>#__managed_style_008AF269E12A0BEC6F7B</styleUrl>
		<Point>
			<altitudeMode>relativeToGround</altitudeMode>
			<coordinates>104.6144169023323,17.04213252582174,0</coordinates>
		</Point>
	</Placemark>
	<Placemark id="0FE2B2BBC22A0C3E7127">
		<name>RT195-SG-2031-0100-13+600</name>
		<Camera>
			<gx:ViewerOptions>
				<gx:option name="streetview"></gx:option>
				<gx:streetViewPanoId>2zQToHHKku4QIzQgeuhsOA</gx:streetViewPanoId>
			</gx:ViewerOptions>
			<longitude>104.6137739414266</longitude>
			<latitude>17.04142522353668</latitude>
			<altitude>162.5760955810547</altitude>
			<heading>308.409128244431</heading>
			<tilt>102.3407724090879</tilt>
			<roll>0</roll>
			<gx:fovy>59.99999999999999</gx:fovy>
			<altitudeMode>absolute</altitudeMode>
		</Camera>
		<styleUrl>#__managed_style_008AF269E12A0BEC6F7B</styleUrl>
		<Point>
			<altitudeMode>relativeToGround</altitudeMode>
			<coordinates>104.6137120491112,17.04146045803284,0</coordinates>
		</Point>
	</Placemark>
	<Placemark id="02A2A4C12D2A0C3F1D70">
		<name>RT196-SG-2031-0100-13+630</name>
		<Camera>
			<gx:ViewerOptions>
				<gx:option name="streetview"></gx:option>
				<gx:streetViewPanoId>chm060OxMp7tAWCa6bZxyg</gx:streetViewPanoId>
			</gx:ViewerOptions>
			<longitude>104.6135564047068</longitude>
			<latitude>17.04124204897384</latitude>
			<altitude>162.3230743408203</altitude>
			<heading>301.2483656900259</heading>
			<tilt>87.00756004386697</tilt>
			<roll>0</roll>
			<gx:fovy>59.99999999999999</gx:fovy>
			<altitudeMode>absolute</altitudeMode>
		</Camera>
		<styleUrl>#__managed_style_008AF269E12A0BEC6F7B</styleUrl>
		<Point>
			<altitudeMode>relativeToGround</altitudeMode>
			<coordinates>104.6135052864994,17.04127197900801,0</coordinates>
		</Point>
	</Placemark>
	<Placemark id="0DECDC30D52A0C3FCDA7">
		<name>RT197-SG-2031-0100-13+670</name>
		<Camera>
			<gx:ViewerOptions>
				<gx:option name="streetview"></gx:option>
				<gx:streetViewPanoId>s1tHZjyddjwjcm2_zF60yA</gx:streetViewPanoId>
			</gx:ViewerOptions>
			<longitude>104.613267542038</longitude>
			<latitude>17.04100045350279</latitude>
			<altitude>162.0424431416299</altitude>
			<heading>301.248363750515</heading>
			<tilt>85</tilt>
			<roll>0</roll>
			<gx:fovy>60</gx:fovy>
			<altitudeMode>absolute</altitudeMode>
		</Camera>
		<styleUrl>#__managed_style_008AF269E12A0BEC6F7B</styleUrl>
		<Point>
			<altitudeMode>relativeToGround</altitudeMode>
			<coordinates>104.6132198277174,17.04102921614479,0</coordinates>
		</Point>
	</Placemark>
	<Placemark id="06DCDE892E2A0C407F05">
		<name>RT198-SG-2031-0100-13+710</name>
		<Camera>
			<gx:ViewerOptions>
				<gx:option name="streetview"></gx:option>
				<gx:streetViewPanoId>70Zw0drIZD9lG014fZi4oQ</gx:streetViewPanoId>
			</gx:ViewerOptions>
			<longitude>104.6129799250131</longitude>
			<latitude>17.04075955735463</latitude>
			<altitude>161.8407287597656</altitude>
			<heading>304.6856091186252</heading>
			<tilt>93.00878686688615</tilt>
			<roll>0</roll>
			<gx:fovy>59.99999999999268</gx:fovy>
			<altitudeMode>absolute</altitudeMode>
		</Camera>
		<styleUrl>#__managed_style_008AF269E12A0BEC6F7B</styleUrl>
		<Point>
			<altitudeMode>relativeToGround</altitudeMode>
			<coordinates>104.6129367649034,17.04078539705225,0</coordinates>
		</Point>
	</Placemark>
	<Placemark id="05045FBE572A0C410ADD">
		<name>RT199-SG-2031-0100-13+750</name>
		<Camera>
			<gx:ViewerOptions>
				<gx:option name="streetview"></gx:option>
				<gx:streetViewPanoId>rii1GGUXc6hfKTpBbuq-Hg</gx:streetViewPanoId>
			</gx:ViewerOptions>
			<longitude>104.6126932868196</longitude>
			<latitude>17.04051885269967</latitude>
			<altitude>161.8196411132812</altitude>
			<heading>344.553956810992</heading>
			<tilt>85.38841435879499</tilt>
			<roll>0</roll>
			<gx:fovy>59.99999999999999</gx:fovy>
			<altitudeMode>absolute</altitudeMode>
		</Camera>
		<styleUrl>#__managed_style_008AF269E12A0BEC6F7B</styleUrl>
		<Point>
			<altitudeMode>relativeToGround</altitudeMode>
			<coordinates>104.6126754977667,17.04056075348679,0</coordinates>
		</Point>
	</Placemark>
	<Placemark id="05CC27B5332A0C4196A0">
		<name>RT200-SG-2031-0100-13+790</name>
		<Camera>
			<gx:ViewerOptions>
				<gx:option name="streetview"></gx:option>
				<gx:streetViewPanoId>i41Ydxil6Ap15vMM1jEuCg</gx:streetViewPanoId>
			</gx:ViewerOptions>
			<longitude>104.6124804652034</longitude>
			<latitude>17.04033796845983</latitude>
			<altitude>161.8139944556938</altitude>
			<heading>295.5244181590513</heading>
			<tilt>85.16644793411272</tilt>
			<roll>0</roll>
			<gx:fovy>59.99999809884645</gx:fovy>
			<altitudeMode>absolute</altitudeMode>
		</Camera>
		<styleUrl>#__managed_style_008AF269E12A0BEC6F7B</styleUrl>
		<Point>
			<altitudeMode>relativeToGround</altitudeMode>
			<coordinates>104.6124360685568,17.04034923865242,0</coordinates>
		</Point>
	</Placemark>
	<Placemark id="0C601815A62A0C42419F">
		<name>RT201-SG-2031-0100-13+830</name>
		<Camera>
			<gx:ViewerOptions>
				<gx:option name="streetview"></gx:option>
				<gx:streetViewPanoId>y01XEZBDqT39PiiZHPmR-Q</gx:streetViewPanoId>
			</gx:ViewerOptions>
			<longitude>104.6121977410861</longitude>
			<latitude>17.04008897891294</latitude>
			<altitude>161.7875165026092</altitude>
			<heading>318.7081740865852</heading>
			<tilt>85</tilt>
			<roll>0</roll>
			<gx:fovy>60</gx:fovy>
			<altitudeMode>absolute</altitudeMode>
		</Camera>
		<styleUrl>#__managed_style_008AF269E12A0BEC6F7B</styleUrl>
		<Point>
			<altitudeMode>relativeToGround</altitudeMode>
			<coordinates>104.6121476237905,17.04010858803718,0</coordinates>
		</Point>
	</Placemark>
	<Placemark id="07747DE5802A0C431833">
		<name>RT202-SG-2031-0100-13+860</name>
		<Camera>
			<gx:ViewerOptions>
				<gx:option name="streetview"></gx:option>
				<gx:streetViewPanoId>0yWCLdM9D7jHtf2ivTHqUw</gx:streetViewPanoId>
			</gx:ViewerOptions>
			<longitude>104.6119511249769</longitude>
			<latitude>17.03987057308551</latitude>
			<altitude>161.7977600097656</altitude>
			<heading>332.1414074784488</heading>
			<tilt>81.87630462843755</tilt>
			<roll>0</roll>
			<gx:fovy>59.99999999999898</gx:fovy>
			<altitudeMode>absolute</altitudeMode>
		</Camera>
		<styleUrl>#__managed_style_008AF269E12A0BEC6F7B</styleUrl>
		<Point>
			<altitudeMode>relativeToGround</altitudeMode>
			<coordinates>104.6119207991035,17.03991347889225,0</coordinates>
		</Point>
	</Placemark>
	<Placemark id="027AE52DDB2A0C43A929">
		<name>RT203-SG-2031-0100-13+900</name>
		<Camera>
			<gx:ViewerOptions>
				<gx:option name="streetview"></gx:option>
				<gx:streetViewPanoId>dLxGMG483bQTWvSpEXDsCw</gx:streetViewPanoId>
			</gx:ViewerOptions>
			<longitude>104.6116698247979</longitude>
			<latitude>17.03962473019311</latitude>
			<altitude>161.7409092488776</altitude>
			<heading>344.366357704099</heading>
			<tilt>87.11700238698215</tilt>
			<roll>0</roll>
			<gx:fovy>59.99999999901447</gx:fovy>
			<altitudeMode>absolute</altitudeMode>
		</Camera>
		<styleUrl>#__managed_style_008AF269E12A0BEC6F7B</styleUrl>
		<Point>
			<altitudeMode>relativeToGround</altitudeMode>
			<coordinates>104.6116654677075,17.03969003131518,0</coordinates>
		</Point>
	</Placemark>
	<Placemark id="03108756E02A0C441C5C">
		<name>RT204-SG-2031-0100-13+920</name>
		<Camera>
			<gx:ViewerOptions>
				<gx:option name="streetview"></gx:option>
				<gx:streetViewPanoId>yxlrLNA_3wQsPiiN-Ulthw</gx:streetViewPanoId>
			</gx:ViewerOptions>
			<longitude>104.6114554037977</longitude>
			<latitude>17.03944317001429</latitude>
			<altitude>161.7093689556434</altitude>
			<heading>344.5732270462362</heading>
			<tilt>76.7147643842754</tilt>
			<roll>0</roll>
			<gx:fovy>59.99999999537059</gx:fovy>
			<altitudeMode>absolute</altitudeMode>
		</Camera>
		<styleUrl>#__managed_style_008AF269E12A0BEC6F7B</styleUrl>
		<Point>
			<altitudeMode>relativeToGround</altitudeMode>
			<coordinates>104.6114353949814,17.0394779963208,0</coordinates>
		</Point>
	</Placemark>
	<Placemark id="0C97907F152A0C44FAA9">
		<name>RT205-SG-2031-0100-13+945</name>
		<Camera>
			<gx:ViewerOptions>
				<gx:option name="streetview"></gx:option>
				<gx:streetViewPanoId>TDyjWUf7G6cn02FwqVn4VA</gx:streetViewPanoId>
			</gx:ViewerOptions>
			<longitude>104.6112060319328</longitude>
			<latitude>17.03922891894982</latitude>
			<altitude>161.4781202644496</altitude>
			<heading>344.5732270019572</heading>
			<tilt>85</tilt>
			<roll>0</roll>
			<gx:fovy>60</gx:fovy>
			<altitudeMode>absolute</altitudeMode>
		</Camera>
		<styleUrl>#__managed_style_008AF269E12A0BEC6F7B</styleUrl>
		<Point>
			<altitudeMode>relativeToGround</altitudeMode>
			<coordinates>104.611199772289,17.03927613395775,0</coordinates>
		</Point>
	</Placemark>
	<Placemark id="0E1D5538942A0C45C7C7">
		<name>RT206-SG-2031-0100-13+998</name>
		<Camera>
			<gx:ViewerOptions>
				<gx:option name="streetview"></gx:option>
				<gx:streetViewPanoId>Ddu0fl9-cgWpq-qyW--2mw</gx:streetViewPanoId>
			</gx:ViewerOptions>
			<longitude>104.6109935681386</longitude>
			<latitude>17.03904440260079</latitude>
			<altitude>161.1665954589844</altitude>
			<heading>285.392814031713</heading>
			<tilt>93.40072829488722</tilt>
			<roll>0</roll>
			<gx:fovy>59.99999999999999</gx:fovy>
			<altitudeMode>absolute</altitudeMode>
		</Camera>
		<styleUrl>#__managed_style_008AF269E12A0BEC6F7B</styleUrl>
		<Point>
			<altitudeMode>relativeToGround</altitudeMode>
			<coordinates>104.610910117577,17.03903277956936,0</coordinates>
		</Point>
	</Placemark>
	<Placemark id="001EFCCB762A0C464D5A">
		<name>RT207-SG-2031-0100-14+040</name>
		<Camera>
			<gx:ViewerOptions>
				<gx:option name="streetview"></gx:option>
				<gx:streetViewPanoId>H5lM9UD7g1VYeFYjyv5nUA</gx:streetViewPanoId>
			</gx:ViewerOptions>
			<longitude>104.6106322291839</longitude>
			<latitude>17.03874235378449</latitude>
			<altitude>160.8695134009485</altitude>
			<heading>344.3093117682661</heading>
			<tilt>84.7713497122364</tilt>
			<roll>0</roll>
			<gx:fovy>59.99999999973579</gx:fovy>
			<altitudeMode>absolute</altitudeMode>
		</Camera>
		<styleUrl>#__managed_style_008AF269E12A0BEC6F7B</styleUrl>
		<Point>
			<altitudeMode>relativeToGround</altitudeMode>
			<coordinates>104.6106155195433,17.03877314144509,0</coordinates>
		</Point>
	</Placemark>
	<Placemark id="0CC51A21832A0C47065F">
		<name>RT208-SG-2031-0100-14+080</name>
		<Camera>
			<gx:ViewerOptions>
				<gx:option name="streetview"></gx:option>
				<gx:streetViewPanoId>HVLRFlyD66gz_qKzogEh1Q</gx:streetViewPanoId>
			</gx:ViewerOptions>
			<longitude>104.6103403483325</longitude>
			<latitude>17.03850149921954</latitude>
			<altitude>160.7255554199219</altitude>
			<heading>349.7018168943965</heading>
			<tilt>82.34293494577284</tilt>
			<roll>0</roll>
			<gx:fovy>59.99999999999999</gx:fovy>
			<altitudeMode>absolute</altitudeMode>
		</Camera>
		<styleUrl>#__managed_style_008AF269E12A0BEC6F7B</styleUrl>
		<Point>
			<altitudeMode>relativeToGround</altitudeMode>
			<coordinates>104.6103345240997,17.03852568195381,0</coordinates>
		</Point>
	</Placemark>
	<Placemark id="0DAF6383552A0C47F96C">
		<name>RT208-SG-2031-0100-15+650</name>
		<Camera>
			<gx:ViewerOptions>
				<gx:option name="streetview"></gx:option>
				<gx:streetViewPanoId>BplTt-SBegugUKbJrEN8Bw</gx:streetViewPanoId>
			</gx:ViewerOptions>
			<longitude>104.598583673266</longitude>
			<latitude>17.02999686827086</latitude>
			<altitude>156.3277282714844</altitude>
			<heading>323.9124258903539</heading>
			<tilt>73.96410416807836</tilt>
			<roll>0</roll>
			<gx:fovy>59.99999999999999</gx:fovy>
			<altitudeMode>absolute</altitudeMode>
		</Camera>
		<styleUrl>#__managed_style_008AF269E12A0BEC6F7B</styleUrl>
		<Point>
			<altitudeMode>relativeToGround</altitudeMode>
			<coordinates>104.5985853070166,17.03001885481202,0</coordinates>
		</Point>
	</Placemark>
	<Placemark id="0B00FF0A542A0C48A9D3">
		<name>RT209-SG-2031-0100-15+690</name>
		<Camera>
			<gx:ViewerOptions>
				<gx:option name="streetview"></gx:option>
				<gx:streetViewPanoId>NRVZQnh2dmyDExRSlVvhBw</gx:streetViewPanoId>
			</gx:ViewerOptions>
			<longitude>104.5982777651953</longitude>
			<latitude>17.02977511319631</latitude>
			<altitude>156.4539868592985</altitude>
			<heading>346.7616882220635</heading>
			<tilt>83.01007795712729</tilt>
			<roll>0</roll>
			<gx:fovy>59.99995220749697</gx:fovy>
			<altitudeMode>absolute</altitudeMode>
		</Camera>
		<styleUrl>#__managed_style_008AF269E12A0BEC6F7B</styleUrl>
		<Point>
			<altitudeMode>relativeToGround</altitudeMode>
			<coordinates>104.598275072065,17.02981017289626,0</coordinates>
		</Point>
	</Placemark>
	<Placemark id="0A74A12D162A0C49E753">
		<name>RT210-SG-2031-0100-15+730</name>
		<Camera>
			<gx:ViewerOptions>
				<gx:option name="streetview"></gx:option>
				<gx:streetViewPanoId>CVjbAMubwKnrHni1W3HJFQ</gx:streetViewPanoId>
			</gx:ViewerOptions>
			<longitude>104.5979879534394</longitude>
			<latitude>17.02953267222933</latitude>
			<altitude>156.5652618408203</altitude>
			<heading>353.5610712395006</heading>
			<tilt>81.17496292100161</tilt>
			<roll>0</roll>
			<gx:fovy>59.99998457273269</gx:fovy>
			<altitudeMode>absolute</altitudeMode>
		</Camera>
		<styleUrl>#__managed_style_008AF269E12A0BEC6F7B</styleUrl>
		<Point>
			<altitudeMode>relativeToGround</altitudeMode>
			<coordinates>104.5979776448343,17.02957628068647,0</coordinates>
		</Point>
	</Placemark>
	<Placemark id="03E5BE13872A0C4A62C0">
		<name>RT211-SG-2031-0100-15+770</name>
		<Camera>
			<gx:ViewerOptions>
				<gx:option name="streetview"></gx:option>
				<gx:streetViewPanoId>2uYkotIzw6Mo_wtlQnGkxA</gx:streetViewPanoId>
			</gx:ViewerOptions>
			<longitude>104.5977974729869</longitude>
			<latitude>17.02932429408644</latitude>
			<altitude>156.6001280521982</altitude>
			<heading>259.3171209356943</heading>
			<tilt>90.91746480273456</tilt>
			<roll>0</roll>
			<gx:fovy>59.9999999992184</gx:fovy>
			<altitudeMode>absolute</altitudeMode>
		</Camera>
		<styleUrl>#__managed_style_008AF269E12A0BEC6F7B</styleUrl>
		<Point>
			<altitudeMode>relativeToGround</altitudeMode>
			<coordinates>104.5977316360367,17.02931315944696,0</coordinates>
		</Point>
	</Placemark>
	<Placemark id="0C962C58472A0C4BB135">
		<name>RT212-SG-2031-0100-15+810</name>
		<Camera>
			<gx:ViewerOptions>
				<gx:option name="streetview"></gx:option>
				<gx:streetViewPanoId>m079hDVr43D4aJAvKYG7Dw</gx:streetViewPanoId>
			</gx:ViewerOptions>
			<longitude>104.5975849390564</longitude>
			<latitude>17.0290178585642</latitude>
			<altitude>156.6801400037257</altitude>
			<heading>283.4015322681598</heading>
			<tilt>84.1134071388343</tilt>
			<roll>0</roll>
			<gx:fovy>59.99999999746016</gx:fovy>
			<altitudeMode>absolute</altitudeMode>
		</Camera>
		<styleUrl>#__managed_style_008AF269E12A0BEC6F7B</styleUrl>
		<Point>
			<altitudeMode>relativeToGround</altitudeMode>
			<coordinates>104.5975422375365,17.02902205329337,0</coordinates>
		</Point>
	</Placemark>
	<Placemark id="06FD15B4CF2A0C4C4CD8">
		<name>RT213-SG-2031-0100-15+850</name>
		<Camera>
			<gx:ViewerOptions>
				<gx:option name="streetview"></gx:option>
				<gx:streetViewPanoId>Qq0xvqY6guq7Bk7mc9rbCw</gx:streetViewPanoId>
			</gx:ViewerOptions>
			<longitude>104.5974563517273</longitude>
			<latitude>17.02868324109425</latitude>
			<altitude>156.4308934004263</altitude>
			<heading>267.0916866781552</heading>
			<tilt>88.80887605374646</tilt>
			<roll>0</roll>
			<gx:fovy>59.99999999453037</gx:fovy>
			<altitudeMode>absolute</altitudeMode>
		</Camera>
		<styleUrl>#__managed_style_008AF269E12A0BEC6F7B</styleUrl>
		<Point>
			<altitudeMode>relativeToGround</altitudeMode>
			<coordinates>104.5973878124746,17.0286789208389,0</coordinates>
		</Point>
	</Placemark>
	<Placemark id="01C4BA65E72A0C4CA845">
		<name>RT214-SG-2031-0100-15+890</name>
		<Camera>
			<gx:ViewerOptions>
				<gx:option name="streetview"></gx:option>
				<gx:streetViewPanoId>MDdVNqBc1q4tRrBHBsbEhQ</gx:streetViewPanoId>
			</gx:ViewerOptions>
			<longitude>104.5973322997394</longitude>
			<latitude>17.02833783432336</latitude>
			<altitude>155.8193802180787</altitude>
			<heading>270.7216633745788</heading>
			<tilt>84.52381868594546</tilt>
			<roll>0</roll>
			<gx:fovy>59.99999993377926</gx:fovy>
			<altitudeMode>absolute</altitudeMode>
		</Camera>
		<styleUrl>#__managed_style_008AF269E12A0BEC6F7B</styleUrl>
		<Point>
			<altitudeMode>relativeToGround</altitudeMode>
			<coordinates>104.597266633509,17.02834687293051,0</coordinates>
		</Point>
	</Placemark>
	<Placemark id="0E6D51B7AF2A0C4D479C">
		<name>RT215-SG-2031-0100-15+930</name>
		<Camera>
			<gx:ViewerOptions>
				<gx:option name="streetview"></gx:option>
				<gx:streetViewPanoId>emlm6tnq8YWUNFdnntE_Lw</gx:streetViewPanoId>
			</gx:ViewerOptions>
			<longitude>104.5972165179757</longitude>
			<latitude>17.02798892433677</latitude>
			<altitude>154.9793090820312</altitude>
			<heading>273.0150327837233</heading>
			<tilt>85.03362551372688</tilt>
			<roll>0</roll>
			<gx:fovy>59.99999999999999</gx:fovy>
			<altitudeMode>absolute</altitudeMode>
		</Camera>
		<styleUrl>#__managed_style_008AF269E12A0BEC6F7B</styleUrl>
		<Point>
			<altitudeMode>relativeToGround</altitudeMode>
			<coordinates>104.5971497161308,17.02798999332038,0</coordinates>
		</Point>
	</Placemark>
	<Placemark id="065FE7CC5F2A0C4DBD4D">
		<name>RT215-SG-2031-0100-15+930</name>
		<Camera>
			<gx:ViewerOptions>
				<gx:option name="streetview"></gx:option>
				<gx:streetViewPanoId>qpDTjiepR0yVHXfuaGznGg</gx:streetViewPanoId>
			</gx:ViewerOptions>
			<longitude>104.5970963789279</longitude>
			<latitude>17.02764165059084</latitude>
			<altitude>154.431271545984</altitude>
			<heading>300.0047353566404</heading>
			<tilt>83.9767280145844</tilt>
			<roll>0</roll>
			<gx:fovy>59.99999999426839</gx:fovy>
			<altitudeMode>absolute</altitudeMode>
		</Camera>
		<styleUrl>#__managed_style_008AF269E12A0BEC6F7B</styleUrl>
		<Point>
			<altitudeMode>relativeToGround</altitudeMode>
			<coordinates>104.5970342024551,17.02766954274152,0</coordinates>
		</Point>
	</Placemark>
	<Placemark id="0F88CBD82E2A0C4F1A1E">
		<name>RT216-SG-2031-0100-15+970</name>
		<Camera>
			<gx:ViewerOptions>
				<gx:option name="streetview"></gx:option>
				<gx:streetViewPanoId>BaHY_FLfPPjF3BSPR2666A</gx:streetViewPanoId>
			</gx:ViewerOptions>
			<longitude>104.5969741057527</longitude>
			<latitude>17.02729637827776</latitude>
			<altitude>154.2219848632812</altitude>
			<heading>296.2190168821864</heading>
			<tilt>80.9559062901149</tilt>
			<roll>0</roll>
			<gx:fovy>59.99999999999999</gx:fovy>
			<altitudeMode>absolute</altitudeMode>
		</Camera>
		<styleUrl>#__managed_style_008AF269E12A0BEC6F7B</styleUrl>
		<Point>
			<altitudeMode>relativeToGround</altitudeMode>
			<coordinates>104.5969143952351,17.02731906897402,0</coordinates>
		</Point>
	</Placemark>
	<Placemark id="0716E411C92A0C51557F">
		<name>19</name>
		<Camera>
			<gx:ViewerOptions>
				<gx:option name="streetview"></gx:option>
				<gx:streetViewPanoId>moPK-IIdKN2IGFBlDnHmbQ</gx:streetViewPanoId>
			</gx:ViewerOptions>
			<longitude>104.5757475577082</longitude>
			<latitude>17.01282283573227</latitude>
			<altitude>154.9034423828125</altitude>
			<heading>315.6532586996159</heading>
			<tilt>65.8337117668537</tilt>
			<roll>0</roll>
			<gx:fovy>59.99999999999999</gx:fovy>
			<altitudeMode>absolute</altitudeMode>
		</Camera>
		<styleUrl>#__managed_style_008AF269E12A0BEC6F7B</styleUrl>
		<Point>
			<altitudeMode>relativeToGround</altitudeMode>
			<coordinates>104.5757475577082,17.01282283573227,0</coordinates>
		</Point>
	</Placemark>
	<Placemark id="004B8E3A462A0C5890BA">
		<name>RT217-SG-2031-0100-18+620</name>
		<Camera>
			<gx:ViewerOptions>
				<gx:option name="streetview"></gx:option>
				<gx:streetViewPanoId>3ByaX6oKJYfWUp3Dx6wahw</gx:streetViewPanoId>
			</gx:ViewerOptions>
			<longitude>104.5792743499178</longitude>
			<latitude>17.01293183802201</latitude>
			<altitude>155.7899627685547</altitude>
			<heading>57.42953313328783</heading>
			<tilt>83.04422495329422</tilt>
			<roll>0</roll>
			<gx:fovy>59.99999999999999</gx:fovy>
			<altitudeMode>absolute</altitudeMode>
		</Camera>
		<styleUrl>#__managed_style_008AF269E12A0BEC6F7B</styleUrl>
		<Point>
			<altitudeMode>relativeToGround</altitudeMode>
			<coordinates>104.5793174633539,17.01300413422382,0</coordinates>
		</Point>
	</Placemark>
	<Placemark id="0C3CC5A9552A0C68D4A4">
		<name>RT218-SG-2031-0100-18+665</name>
		<Camera>
			<gx:ViewerOptions>
				<gx:option name="streetview"></gx:option>
				<gx:streetViewPanoId>mzgQH3nVgRHy7oBjPShBaQ</gx:streetViewPanoId>
			</gx:ViewerOptions>
			<longitude>104.5788960149297</longitude>
			<latitude>17.01292263211452</latitude>
			<altitude>155.9886705361627</altitude>
			<heading>351.4388690902771</heading>
			<tilt>72.19754579556225</tilt>
			<roll>0</roll>
			<gx:fovy>59.99999999999999</gx:fovy>
			<altitudeMode>absolute</altitudeMode>
		</Camera>
		<styleUrl>#__managed_style_008AF269E12A0BEC6F7B</styleUrl>
		<Point>
			<altitudeMode>relativeToGround</altitudeMode>
			<coordinates>104.5788782811087,17.01299200231945,0</coordinates>
		</Point>
	</Placemark>
	<Placemark id="022DD351172A0C6B57C0">
		<name>RT219-SG-2031-0100-18+710</name>
		<Camera>
			<gx:ViewerOptions>
				<gx:option name="streetview"></gx:option>
				<gx:streetViewPanoId>gOwPxpK8ITLiZSCCSOCwNw</gx:streetViewPanoId>
			</gx:ViewerOptions>
			<longitude>104.5785156358431</longitude>
			<latitude>17.01291225582718</latitude>
			<altitude>156.2489166259766</altitude>
			<heading>300.4647690783416</heading>
			<tilt>81.45202671510557</tilt>
			<roll>0</roll>
			<gx:fovy>59.99999999999999</gx:fovy>
			<altitudeMode>absolute</altitudeMode>
		</Camera>
		<styleUrl>#__managed_style_008AF269E12A0BEC6F7B</styleUrl>
		<Point>
			<altitudeMode>relativeToGround</altitudeMode>
			<coordinates>104.5784693006706,17.01298786361717,0</coordinates>
		</Point>
	</Placemark>
	<Placemark id="06E59815B62A0C6C9E74">
		<name>RT220-SG-2031-0100-18+755</name>
		<Camera>
			<gx:ViewerOptions>
				<gx:option name="streetview"></gx:option>
				<gx:streetViewPanoId>MeNi4nbcBJvKvgnABRBi7A</gx:streetViewPanoId>
			</gx:ViewerOptions>
			<longitude>104.5780378070907</longitude>
			<latitude>17.01290527823995</latitude>
			<altitude>156.3209686279297</altitude>
			<heading>20.31856639863722</heading>
			<tilt>61.20861409326957</tilt>
			<roll>0</roll>
			<gx:fovy>59.99999999999999</gx:fovy>
			<altitudeMode>absolute</altitudeMode>
		</Camera>
		<styleUrl>#__managed_style_008AF269E12A0BEC6F7B</styleUrl>
		<Point>
			<altitudeMode>relativeToGround</altitudeMode>
			<coordinates>104.578045864976,17.01297447551759,0</coordinates>
		</Point>
	</Placemark>
	<Placemark id="07FBD8DF9C2A0C6DF32D">
		<name>RT221-SG-2031-0100-18+800</name>
		<Camera>
			<gx:ViewerOptions>
				<gx:option name="streetview"></gx:option>
				<gx:streetViewPanoId>YSpt4kC2QZ1Q61nJLCSapA</gx:streetViewPanoId>
			</gx:ViewerOptions>
			<longitude>104.5776527176948</longitude>
			<latitude>17.01289717638113</latitude>
			<altitude>156.282470703125</altitude>
			<heading>308.9587004522041</heading>
			<tilt>68.84936634949501</tilt>
			<roll>0</roll>
			<gx:fovy>59.99999999996042</gx:fovy>
			<altitudeMode>absolute</altitudeMode>
		</Camera>
		<styleUrl>#__managed_style_008AF269E12A0BEC6F7B</styleUrl>
		<Point>
			<altitudeMode>relativeToGround</altitudeMode>
			<coordinates>104.577622568327,17.01295988485638,0</coordinates>
		</Point>
	</Placemark>
	<Placemark id="09B50134FE2A0C709559">
		<name>RT222-SG-2031-0100-18+845</name>
		<Camera>
			<gx:ViewerOptions>
				<gx:option name="streetview"></gx:option>
				<gx:streetViewPanoId>ixLMH8sB8ax5Qf84KXxZdw</gx:streetViewPanoId>
			</gx:ViewerOptions>
			<longitude>104.5772163257268</longitude>
			<latitude>17.01288085365005</latitude>
			<altitude>156.3004913330078</altitude>
			<heading>336.5425885698691</heading>
			<tilt>59.94148296302374</tilt>
			<roll>0</roll>
			<gx:fovy>59.9999999873891</gx:fovy>
			<altitudeMode>absolute</altitudeMode>
		</Camera>
		<styleUrl>#__managed_style_008AF269E12A0BEC6F7B</styleUrl>
		<Point>
			<altitudeMode>relativeToGround</altitudeMode>
			<coordinates>104.5772000641467,17.01294740083356,0</coordinates>
		</Point>
	</Placemark>
	<Placemark id="0C76C8C6682A0C717981">
		<name>RT222-SG-2031-0100-18+890</name>
		<Camera>
			<gx:ViewerOptions>
				<gx:option name="streetview"></gx:option>
				<gx:streetViewPanoId>UFw5CxCtFbrmfD_JK9McSQ</gx:streetViewPanoId>
			</gx:ViewerOptions>
			<longitude>104.5767787791377</longitude>
			<latitude>17.01286558060792</latitude>
			<altitude>156.1442413330078</altitude>
			<heading>0.1214221653029604</heading>
			<tilt>63.62605868282668</tilt>
			<roll>0</roll>
			<gx:fovy>59.99999999999999</gx:fovy>
			<altitudeMode>absolute</altitudeMode>
		</Camera>
		<styleUrl>#__managed_style_008AF269E12A0BEC6F7B</styleUrl>
		<Point>
			<altitudeMode>relativeToGround</altitudeMode>
			<coordinates>104.5767723262635,17.01293370863743,0</coordinates>
		</Point>
	</Placemark>
	<Placemark id="0961A0C5E72A0C73ADB0">
		<name>RT223-SG-2031-0100-18+935</name>
		<Camera>
			<gx:ViewerOptions>
				<gx:option name="streetview"></gx:option>
				<gx:streetViewPanoId>iqVa3KpbKgNTvdlBp4v57A</gx:streetViewPanoId>
			</gx:ViewerOptions>
			<longitude>104.5764069411107</longitude>
			<latitude>17.01285475414658</latitude>
			<altitude>155.7445054065752</altitude>
			<heading>298.2300259523727</heading>
			<tilt>81.62152822865504</tilt>
			<roll>0</roll>
			<gx:fovy>59.99999999249678</gx:fovy>
			<altitudeMode>absolute</altitudeMode>
		</Camera>
		<styleUrl>#__managed_style_008AF269E12A0BEC6F7B</styleUrl>
		<Point>
			<altitudeMode>relativeToGround</altitudeMode>
			<coordinates>104.5763603087705,17.0129156632762,0</coordinates>
		</Point>
	</Placemark>
	<Placemark id="0695DC897F2A0C7487C2">
		<name>RT224-SG-2031-0100-18+980</name>
		<Camera>
			<gx:ViewerOptions>
				<gx:option name="streetview"></gx:option>
				<gx:streetViewPanoId>RvBhPj8uJqSeRsExr9hKLg</gx:streetViewPanoId>
			</gx:ViewerOptions>
			<longitude>104.5759351651523</longitude>
			<latitude>17.01283441095081</latitude>
			<altitude>155.1196136474609</altitude>
			<heading>0.9724501535745215</heading>
			<tilt>69.21543252319952</tilt>
			<roll>0</roll>
			<gx:fovy>59.99999999999999</gx:fovy>
			<altitudeMode>absolute</altitudeMode>
		</Camera>
		<styleUrl>#__managed_style_008AF269E12A0BEC6F7B</styleUrl>
		<Point>
			<altitudeMode>relativeToGround</altitudeMode>
			<coordinates>104.5759357364426,17.01290559066602,0</coordinates>
		</Point>
	</Placemark>
	<Placemark id="07B56627532A0C7526F5">
		<name>RT225-SG-2031-0100-19+035</name>
		<Camera>
			<gx:ViewerOptions>
				<gx:option name="streetview"></gx:option>
				<gx:streetViewPanoId>jMPvkAohBLudiNO89gsgWA</gx:streetViewPanoId>
			</gx:ViewerOptions>
			<longitude>104.5755587946251</longitude>
			<latitude>17.01281116860345</latitude>
			<altitude>154.721127910721</altitude>
			<heading>307.6123952210696</heading>
			<tilt>76.46161239131692</tilt>
			<roll>0</roll>
			<gx:fovy>59.99999999993938</gx:fovy>
			<altitudeMode>absolute</altitudeMode>
		</Camera>
		<styleUrl>#__managed_style_008AF269E12A0BEC6F7B</styleUrl>
		<Point>
			<altitudeMode>relativeToGround</altitudeMode>
			<coordinates>104.5755149372938,17.01288934634915,0</coordinates>
		</Point>
	</Placemark>
	<Placemark id="06900128FC2A0C7648F1">
		<name>RT226-SG-2031-0100-19+080</name>
		<Camera>
			<gx:ViewerOptions>
				<gx:option name="streetview"></gx:option>
				<gx:streetViewPanoId>SWHVRVEF_rYqJqyqvcr9Wg</gx:streetViewPanoId>
			</gx:ViewerOptions>
			<longitude>104.5750849763172</longitude>
			<latitude>17.01278982911886</latitude>
			<altitude>154.2221498497798</altitude>
			<heading>11.68042416185324</heading>
			<tilt>70.59358569384453</tilt>
			<roll>0</roll>
			<gx:fovy>59.99999856617423</gx:fovy>
			<altitudeMode>absolute</altitudeMode>
		</Camera>
		<styleUrl>#__managed_style_008AF269E12A0BEC6F7B</styleUrl>
		<Point>
			<altitudeMode>relativeToGround</altitudeMode>
			<coordinates>104.5750938967892,17.01286500722121,0</coordinates>
		</Point>
	</Placemark>
	<Placemark id="0252EE865C2A0C775DF0">
		<name>RT227-SG-2031-0100-19+125</name>
		<Camera>
			<gx:ViewerOptions>
				<gx:option name="streetview"></gx:option>
				<gx:streetViewPanoId>qidjZw_7DA_lEzExvzFhrw</gx:streetViewPanoId>
			</gx:ViewerOptions>
			<longitude>104.5746994498895</longitude>
			<latitude>17.01278122527625</latitude>
			<altitude>154.1360028280611</altitude>
			<heading>310.8801518293952</heading>
			<tilt>77.435541123213</tilt>
			<roll>0</roll>
			<gx:fovy>59.99999999999999</gx:fovy>
			<altitudeMode>absolute</altitudeMode>
		</Camera>
		<styleUrl>#__managed_style_008AF269E12A0BEC6F7B</styleUrl>
		<Point>
			<altitudeMode>relativeToGround</altitudeMode>
			<coordinates>104.5746791806643,17.01284377004889,0</coordinates>
		</Point>
	</Placemark>
	<Placemark id="0AE7A562BB2A0C77EB59">
		<name>RT228-SG-2031-0100-19+170</name>
		<Camera>
			<gx:ViewerOptions>
				<gx:option name="streetview"></gx:option>
				<gx:streetViewPanoId>HBkSAZpouxbE1Stc8qhwYg</gx:streetViewPanoId>
			</gx:ViewerOptions>
			<longitude>104.5742234114669</longitude>
			<latitude>17.01275670517675</latitude>
			<altitude>153.7456103096749</altitude>
			<heading>39.14383400888885</heading>
			<tilt>80.12769491977677</tilt>
			<roll>0</roll>
			<gx:fovy>59.99999811062523</gx:fovy>
			<altitudeMode>absolute</altitudeMode>
		</Camera>
		<styleUrl>#__managed_style_008AF269E12A0BEC6F7B</styleUrl>
		<Point>
			<altitudeMode>relativeToGround</altitudeMode>
			<coordinates>104.5742457905197,17.01282068881583,0</coordinates>
		</Point>
	</Placemark>
	<Placemark id="0E16798FEF2A0C78D93A">
		<name>RT229-SG-2031-0100-19+240</name>
		<Camera>
			<gx:ViewerOptions>
				<gx:option name="streetview"></gx:option>
				<gx:streetViewPanoId>L_N5Xyl2B37kcLNpHQTrKQ</gx:streetViewPanoId>
			</gx:ViewerOptions>
			<longitude>104.5736549058365</longitude>
			<latitude>17.01272607804166</latitude>
			<altitude>153.3181610107422</altitude>
			<heading>295.758789662496</heading>
			<tilt>81.64942121538573</tilt>
			<roll>0</roll>
			<gx:fovy>59.99999999999999</gx:fovy>
			<altitudeMode>absolute</altitudeMode>
		</Camera>
		<styleUrl>#__managed_style_008AF269E12A0BEC6F7B</styleUrl>
		<Point>
			<altitudeMode>relativeToGround</altitudeMode>
			<coordinates>104.5735882210346,17.01278320943997,0</coordinates>
		</Point>
	</Placemark>
	<Placemark id="078DBB22B42A0C79D165">
		<name>RT230-SG-2031-0100-19+280</name>
		<Camera>
			<gx:ViewerOptions>
				<gx:option name="streetview"></gx:option>
				<gx:streetViewPanoId>cRGoW9PyKFDi9zZWg8Gf2Q</gx:streetViewPanoId>
			</gx:ViewerOptions>
			<longitude>104.5732729395409</longitude>
			<latitude>17.0127056986178</latitude>
			<altitude>152.9856567382812</altitude>
			<heading>310.5769528234768</heading>
			<tilt>82.16953462408534</tilt>
			<roll>0</roll>
			<gx:fovy>59.99999999999999</gx:fovy>
			<altitudeMode>absolute</altitudeMode>
		</Camera>
		<styleUrl>#__managed_style_008AF269E12A0BEC6F7B</styleUrl>
		<Point>
			<altitudeMode>relativeToGround</altitudeMode>
			<coordinates>104.5732168895438,17.01277641620084,0</coordinates>
		</Point>
	</Placemark>
	<Placemark id="059B0A9A262A0C7B1D20">
		<name>RT231-SG-2031-0100-19+320</name>
		<Camera>
			<gx:ViewerOptions>
				<gx:option name="streetview"></gx:option>
				<gx:streetViewPanoId>6b4loGRFgLVRNC5VbZNU5A</gx:streetViewPanoId>
			</gx:ViewerOptions>
			<longitude>104.5728912409476</longitude>
			<latitude>17.01268740821756</latitude>
			<altitude>152.5878401974156</altitude>
			<heading>305.4605855374605</heading>
			<tilt>82.58131320171277</tilt>
			<roll>0</roll>
			<gx:fovy>59.99999999837578</gx:fovy>
			<altitudeMode>absolute</altitudeMode>
		</Camera>
		<styleUrl>#__managed_style_008AF269E12A0BEC6F7B</styleUrl>
		<Point>
			<altitudeMode>relativeToGround</altitudeMode>
			<coordinates>104.5728372961515,17.01274769353548,0</coordinates>
		</Point>
	</Placemark>
	<Placemark id="09381B233F2A0CD545A9">
		<name>RT232-SG-2031-0100-19+360</name>
		<Camera>
			<gx:ViewerOptions>
				<gx:option name="streetview"></gx:option>
				<gx:streetViewPanoId>vwVlwm0imFx0_zzCMGfBTg</gx:streetViewPanoId>
			</gx:ViewerOptions>
			<longitude>104.5725112326385</longitude>
			<latitude>17.01267189438595</latitude>
			<altitude>152.1292411496278</altitude>
			<heading>310.7812023897346</heading>
			<tilt>84.59372180160531</tilt>
			<roll>0</roll>
			<gx:fovy>59.99999999999999</gx:fovy>
			<altitudeMode>absolute</altitudeMode>
		</Camera>
		<styleUrl>#__managed_style_008AF269E12A0BEC6F7B</styleUrl>
		<Point>
			<altitudeMode>relativeToGround</altitudeMode>
			<coordinates>104.5724522740365,17.01273418480851,0</coordinates>
		</Point>
	</Placemark>
	<Placemark id="09DFC001EA2A0CD5FE8A">
		<name>RT233-SG-2031-0100-19+400</name>
		<Camera>
			<gx:ViewerOptions>
				<gx:option name="streetview"></gx:option>
				<gx:streetViewPanoId>8KdzURWR7ZMzWxJh0lUN4g</gx:streetViewPanoId>
			</gx:ViewerOptions>
			<longitude>104.572133181335</longitude>
			<latitude>17.01265430381926</latitude>
			<altitude>151.8360137939453</altitude>
			<heading>313.9751132350784</heading>
			<tilt>76.99742899656677</tilt>
			<roll>0</roll>
			<gx:fovy>59.99999999999999</gx:fovy>
			<altitudeMode>absolute</altitudeMode>
		</Camera>
		<styleUrl>#__managed_style_008AF269E12A0BEC6F7B</styleUrl>
		<Point>
			<altitudeMode>relativeToGround</altitudeMode>
			<coordinates>104.5721076378523,17.01272024205351,0</coordinates>
		</Point>
	</Placemark>
	<Placemark id="00738993762A0CD687BC">
		<name>RT234-SG-2031-0100-19+440</name>
		<Camera>
			<gx:ViewerOptions>
				<gx:option name="streetview"></gx:option>
				<gx:streetViewPanoId>iMrFxt8R_8Y4e0ljtQuEBQ</gx:streetViewPanoId>
			</gx:ViewerOptions>
			<longitude>104.5717552198901</longitude>
			<latitude>17.01263310241637</latitude>
			<altitude>151.7685699463376</altitude>
			<heading>30.4381749300685</heading>
			<tilt>73.16040173313677</tilt>
			<roll>0</roll>
			<gx:fovy>59.99999999927832</gx:fovy>
			<altitudeMode>absolute</altitudeMode>
		</Camera>
		<styleUrl>#__managed_style_008AF269E12A0BEC6F7B</styleUrl>
		<Point>
			<altitudeMode>relativeToGround</altitudeMode>
			<coordinates>104.5717609035638,17.01270341682964,0</coordinates>
		</Point>
	</Placemark>
	<Placemark id="0742671EE42A0CD71F15">
		<name>RT235-SG-2031-0100-19+480</name>
		<Camera>
			<gx:ViewerOptions>
				<gx:option name="streetview"></gx:option>
				<gx:streetViewPanoId>qduE6U8FWV4QRTY-PJ0nCQ</gx:streetViewPanoId>
			</gx:ViewerOptions>
			<longitude>104.5714704379919</longitude>
			<latitude>17.01261865844142</latitude>
			<altitude>151.6547088623047</altitude>
			<heading>322.1621745802373</heading>
			<tilt>81.7964316014082</tilt>
			<roll>0</roll>
			<gx:fovy>59.99999999999999</gx:fovy>
			<altitudeMode>absolute</altitudeMode>
		</Camera>
		<styleUrl>#__managed_style_008AF269E12A0BEC6F7B</styleUrl>
		<Point>
			<altitudeMode>relativeToGround</altitudeMode>
			<coordinates>104.5714174998317,17.01268930648781,0</coordinates>
		</Point>
	</Placemark>
	<Placemark id="0859FC85DC2A0CF762EA">
		<name>RT236-SG-2031-0100-19+520</name>
		<Camera>
			<gx:ViewerOptions>
				<gx:option name="streetview"></gx:option>
				<gx:streetViewPanoId>n5DVk1srg7CEeCMN6Z28tA</gx:streetViewPanoId>
			</gx:ViewerOptions>
			<longitude>104.571087321388</longitude>
			<latitude>17.01260574057982</latitude>
			<altitude>151.5340612534143</altitude>
			<heading>322.1621727388491</heading>
			<tilt>85</tilt>
			<roll>0</roll>
			<gx:fovy>60</gx:fovy>
			<altitudeMode>absolute</altitudeMode>
		</Camera>
		<styleUrl>#__managed_style_008AF269E12A0BEC6F7B</styleUrl>
		<Point>
			<altitudeMode>relativeToGround</altitudeMode>
			<coordinates>104.5710165688943,17.01266439060073,0</coordinates>
		</Point>
	</Placemark>
	<Placemark id="08D0C469CC2A0CF805BB">
		<name>RT237-SG-2031-0100-19+560</name>
		<Camera>
			<gx:ViewerOptions>
				<gx:option name="streetview"></gx:option>
				<gx:streetViewPanoId>IQtNhkMtPSeOi9rZGOcG3g</gx:streetViewPanoId>
			</gx:ViewerOptions>
			<longitude>104.5708021851087</longitude>
			<latitude>17.01260002238257</latitude>
			<altitude>151.4848785400391</altitude>
			<heading>309.1018322916808</heading>
			<tilt>77.66709896449879</tilt>
			<roll>0</roll>
			<gx:fovy>59.99999999999999</gx:fovy>
			<altitudeMode>absolute</altitudeMode>
		</Camera>
		<styleUrl>#__managed_style_008AF269E12A0BEC6F7B</styleUrl>
		<Point>
			<altitudeMode>relativeToGround</altitudeMode>
			<coordinates>104.570738784649,17.01266201485308,0</coordinates>
		</Point>
	</Placemark>
	<Placemark id="0ACCA871D92A0CF8BEFD">
		<name>RT238-SG-2031-0100-19+600</name>
		<Camera>
			<gx:ViewerOptions>
				<gx:option name="streetview"></gx:option>
				<gx:streetViewPanoId>XInd75RhllPqWbdOJf8Gzg</gx:streetViewPanoId>
			</gx:ViewerOptions>
			<longitude>104.5704234268061</longitude>
			<latitude>17.01260919808267</latitude>
			<altitude>151.4520906406523</altitude>
			<heading>312.4558759333194</heading>
			<tilt>84.53555661958079</tilt>
			<roll>0</roll>
			<gx:fovy>59.99999999999999</gx:fovy>
			<altitudeMode>absolute</altitudeMode>
		</Camera>
		<styleUrl>#__managed_style_008AF269E12A0BEC6F7B</styleUrl>
		<Point>
			<altitudeMode>relativeToGround</altitudeMode>
			<coordinates>104.5703930423676,17.01266635064567,0</coordinates>
		</Point>
	</Placemark>
	<Placemark id="0EC2B9E2552A0CF94A2E">
		<name>RT239-SG-2031-0100-19+640</name>
		<Camera>
			<gx:ViewerOptions>
				<gx:option name="streetview"></gx:option>
				<gx:streetViewPanoId>U2RZscgNowoWIPX1U8PiOg</gx:streetViewPanoId>
			</gx:ViewerOptions>
			<longitude>104.5700450250951</longitude>
			<latitude>17.0126427805581</latitude>
			<altitude>151.4333902819743</altitude>
			<heading>35.78013218173931</heading>
			<tilt>71.90570708629403</tilt>
			<roll>0</roll>
			<gx:fovy>59.99986926382279</gx:fovy>
			<altitudeMode>absolute</altitudeMode>
		</Camera>
		<styleUrl>#__managed_style_008AF269E12A0BEC6F7B</styleUrl>
		<Point>
			<altitudeMode>relativeToGround</altitudeMode>
			<coordinates>104.5700738586804,17.01270736098432,0</coordinates>
		</Point>
	</Placemark>
	<Placemark id="0EA03E12272A0CF9BFC0">
		<name>RT240-SG-2031-0100-19+680</name>
		<Camera>
			<gx:ViewerOptions>
				<gx:option name="streetview"></gx:option>
				<gx:streetViewPanoId>ZdFRcG-OBme8TAYKzh6HnQ</gx:streetViewPanoId>
			</gx:ViewerOptions>
			<longitude>104.5697605131555</longitude>
			<latitude>17.01267814799413</latitude>
			<altitude>151.5959014892578</altitude>
			<heading>334.1946514836487</heading>
			<tilt>88.58076183808127</tilt>
			<roll>0</roll>
			<gx:fovy>59.99999999999999</gx:fovy>
			<altitudeMode>absolute</altitudeMode>
		</Camera>
		<styleUrl>#__managed_style_008AF269E12A0BEC6F7B</styleUrl>
		<Point>
			<altitudeMode>relativeToGround</altitudeMode>
			<coordinates>104.5697331485895,17.01275549331134,0</coordinates>
		</Point>
	</Placemark>
	<Placemark id="0FC9E59AE62A0CFB2637">
		<name>RT241-SG-2031-0100-20+090</name>
		<Camera>
			<gx:ViewerOptions>
				<gx:option name="streetview"></gx:option>
				<gx:streetViewPanoId>q-wqgYmc0z3eyA7fmQq72w</gx:streetViewPanoId>
			</gx:ViewerOptions>
			<longitude>104.5659270338481</longitude>
			<latitude>17.01339466873096</latitude>
			<altitude>151.4447784423828</altitude>
			<heading>8.889475218502053</heading>
			<tilt>99.39470127143035</tilt>
			<roll>0</roll>
			<gx:fovy>57.71220337786539</gx:fovy>
			<altitudeMode>absolute</altitudeMode>
		</Camera>
		<styleUrl>#__managed_style_008AF269E12A0BEC6F7B</styleUrl>
		<Point>
			<altitudeMode>relativeToGround</altitudeMode>
			<coordinates>104.56592777869,17.01354272185089,0</coordinates>
		</Point>
	</Placemark>
	<Placemark id="08A2F03BA62A0CFC7D3D">
		<name>RT242-SG-2031-0100-20+130</name>
		<Camera>
			<gx:ViewerOptions>
				<gx:option name="streetview"></gx:option>
				<gx:streetViewPanoId>vVX4UnF0qCbe2r1WBGmzIQ</gx:streetViewPanoId>
			</gx:ViewerOptions>
			<longitude>104.5655557560149</longitude>
			<latitude>17.01347096844842</latitude>
			<altitude>151.3576873179675</altitude>
			<heading>19.14929316969704</heading>
			<tilt>101.9861784941023</tilt>
			<roll>0</roll>
			<gx:fovy>45.12066894653231</gx:fovy>
			<altitudeMode>absolute</altitudeMode>
		</Camera>
		<styleUrl>#__managed_style_008AF269E12A0BEC6F7B</styleUrl>
		<Point>
			<altitudeMode>relativeToGround</altitudeMode>
			<coordinates>104.5655879783909,17.0136166428557,0</coordinates>
		</Point>
	</Placemark>
	<Placemark id="00B5739D942A0CFD1ACD">
		<name>RT243-SG-2031-0100-20+160</name>
		<Camera>
			<gx:ViewerOptions>
				<gx:option name="streetview"></gx:option>
				<gx:streetViewPanoId>xuH4zTk_L0kO7r0gN2PwZg</gx:streetViewPanoId>
			</gx:ViewerOptions>
			<longitude>104.5652745421166</longitude>
			<latitude>17.01352516318304</latitude>
			<altitude>151.1787606433946</altitude>
			<heading>26.89521520013021</heading>
			<tilt>99.45501169553773</tilt>
			<roll>0</roll>
			<gx:fovy>45.10430455841433</gx:fovy>
			<altitudeMode>absolute</altitudeMode>
		</Camera>
		<styleUrl>#__managed_style_008AF269E12A0BEC6F7B</styleUrl>
		<Point>
			<altitudeMode>relativeToGround</altitudeMode>
			<coordinates>104.5653173516443,17.01367453231014,0</coordinates>
		</Point>
	</Placemark>
	<Placemark id="077DAA098F2A0D00D663">
		<name>RT244-SG-2031-0100-20+200</name>
		<Camera>
			<gx:ViewerOptions>
				<gx:option name="streetview"></gx:option>
				<gx:streetViewPanoId>HGms8LKswm19yq9NvTwqgg</gx:streetViewPanoId>
			</gx:ViewerOptions>
			<longitude>104.564944874387</longitude>
			<latitude>17.01357927652112</latitude>
			<altitude>151.0161864799338</altitude>
			<heading>33.86004322525616</heading>
			<tilt>96.42242243360316</tilt>
			<roll>0</roll>
			<gx:fovy>43.65006200147912</gx:fovy>
			<altitudeMode>absolute</altitudeMode>
		</Camera>
		<styleUrl>#__managed_style_008AF269E12A0BEC6F7B</styleUrl>
		<Point>
			<altitudeMode>relativeToGround</altitudeMode>
			<coordinates>104.565062963066,17.01372616564192,0</coordinates>
		</Point>
	</Placemark>
	<Placemark id="0A7E4F172A2A0D014E4E">
		<name>RT245-SG-2031-0100-20+200</name>
		<Camera>
			<gx:ViewerOptions>
				<gx:option name="streetview"></gx:option>
				<gx:streetViewPanoId>HGms8LKswm19yq9NvTwqgg</gx:streetViewPanoId>
			</gx:ViewerOptions>
			<longitude>104.564944874387</longitude>
			<latitude>17.01357927652112</latitude>
			<altitude>151.0161843992679</altitude>
			<heading>29.1951212921219</heading>
			<tilt>88.40525836497615</tilt>
			<roll>0</roll>
			<gx:fovy>59.99999999999999</gx:fovy>
			<altitudeMode>absolute</altitudeMode>
		</Camera>
		<styleUrl>#__managed_style_008AF269E12A0BEC6F7B</styleUrl>
		<Point>
			<altitudeMode>relativeToGround</altitudeMode>
			<coordinates>104.5650017571318,17.01378734485326,0</coordinates>
		</Point>
	</Placemark>
	<Placemark id="0D59DC09922A0D0820B2">
		<name>RT246-SG-2031-0100-20+760</name>
		<Camera>
			<gx:ViewerOptions>
				<gx:option name="streetview"></gx:option>
				<gx:streetViewPanoId>MuFC8wpZxGlFlaeL03Lqpw</gx:streetViewPanoId>
			</gx:ViewerOptions>
			<longitude>104.5598085345252</longitude>
			<latitude>17.01463282306743</latitude>
			<altitude>153.7136535644531</altitude>
			<heading>9.906497836192381</heading>
			<tilt>99.30685749243959</tilt>
			<roll>0</roll>
			<gx:fovy>36.42434617727792</gx:fovy>
			<altitudeMode>absolute</altitudeMode>
		</Camera>
		<styleUrl>#__managed_style_008AF269E12A0BEC6F7B</styleUrl>
		<Point>
			<altitudeMode>relativeToGround</altitudeMode>
			<coordinates>104.5598202525695,17.01483219260218,0</coordinates>
		</Point>
	</Placemark>
	<Placemark id="05D56726802A0D08FB93">
		<name>RT247-SG-2031-0100-20+790</name>
		<Camera>
			<gx:ViewerOptions>
				<gx:option name="streetview"></gx:option>
				<gx:streetViewPanoId>NvDGWNvGWsc4F20KtYe2xg</gx:streetViewPanoId>
			</gx:ViewerOptions>
			<longitude>104.5595323988746</longitude>
			<latitude>17.01469894757232</latitude>
			<altitude>154.1693327049545</altitude>
			<heading>6.08897098622035</heading>
			<tilt>96.70227812696211</tilt>
			<roll>0</roll>
			<gx:fovy>45.06058823392185</gx:fovy>
			<altitudeMode>absolute</altitudeMode>
		</Camera>
		<styleUrl>#__managed_style_008AF269E12A0BEC6F7B</styleUrl>
		<Point>
			<altitudeMode>relativeToGround</altitudeMode>
			<coordinates>104.5595272102501,17.01488362970252,0</coordinates>
		</Point>
	</Placemark>
	<Placemark id="0055B0D3402A0D0C3B4D">
		<name>RT248-SG-2031-0100-20+835</name>
		<Camera>
			<gx:ViewerOptions>
				<gx:option name="streetview"></gx:option>
				<gx:streetViewPanoId>nWywkePtog__ns85M-O1HQ</gx:streetViewPanoId>
			</gx:ViewerOptions>
			<longitude>104.5591181074432</longitude>
			<latitude>17.01479875547153</latitude>
			<altitude>154.6507263183594</altitude>
			<heading>8.38183731641551</heading>
			<tilt>100.3913479841923</tilt>
			<roll>0</roll>
			<gx:fovy>59.99999999999999</gx:fovy>
			<altitudeMode>absolute</altitudeMode>
		</Camera>
		<styleUrl>#__managed_style_008AF269E12A0BEC6F7B</styleUrl>
		<Point>
			<altitudeMode>relativeToGround</altitudeMode>
			<coordinates>104.5591141133978,17.01495173023591,0</coordinates>
		</Point>
	</Placemark>
	<Placemark id="0FB6F74A592A0D0F3367">
		<name>RT249-SG-2031-0100-20+880</name>
		<Camera>
			<gx:ViewerOptions>
				<gx:option name="streetview"></gx:option>
				<gx:streetViewPanoId>CKnUVfcCELCgJCUKD-ET1g</gx:streetViewPanoId>
			</gx:ViewerOptions>
			<longitude>104.5586529644315</longitude>
			<latitude>17.0149074439281</latitude>
			<altitude>154.6276894780294</altitude>
			<heading>13.00881208008881</heading>
			<tilt>87.12506479855058</tilt>
			<roll>0</roll>
			<gx:fovy>59.99999999999999</gx:fovy>
			<altitudeMode>absolute</altitudeMode>
		</Camera>
		<styleUrl>#__managed_style_008AF269E12A0BEC6F7B</styleUrl>
		<Point>
			<altitudeMode>relativeToGround</altitudeMode>
			<coordinates>104.5586764149877,17.0150256473911,0</coordinates>
		</Point>
	</Placemark>
	<Placemark id="0592B101232A0D121157">
		<name>RT250-SG-2031-0100-20+925</name>
		<Camera>
			<gx:ViewerOptions>
				<gx:option name="streetview"></gx:option>
				<gx:streetViewPanoId>jFQ0CiosaIHsiVewd2KXzw</gx:streetViewPanoId>
			</gx:ViewerOptions>
			<longitude>104.558278770723</longitude>
			<latitude>17.0149867577637</latitude>
			<altitude>154.48248103396</altitude>
			<heading>347.2372717522857</heading>
			<tilt>97.90731787448117</tilt>
			<roll>0</roll>
			<gx:fovy>59.99999999947772</gx:fovy>
			<altitudeMode>absolute</altitudeMode>
		</Camera>
		<styleUrl>#__managed_style_008AF269E12A0BEC6F7B</styleUrl>
		<Point>
			<altitudeMode>relativeToGround</altitudeMode>
			<coordinates>104.5582438069761,17.01510594738763,0</coordinates>
		</Point>
	</Placemark>
	<Placemark id="0EC19BC6852A0D12E53B">
		<name>RT251-SG-2031-0100-20+970</name>
		<Camera>
			<gx:ViewerOptions>
				<gx:option name="streetview"></gx:option>
				<gx:streetViewPanoId>Lf1ZYAB1tg_zW4KXusNMYw</gx:streetViewPanoId>
			</gx:ViewerOptions>
			<longitude>104.55781380811</longitude>
			<latitude>17.01508435693504</latitude>
			<altitude>154.4304811579644</altitude>
			<heading>33.48124117960584</heading>
			<tilt>89.73908820217933</tilt>
			<roll>0</roll>
			<gx:fovy>59.99999998663984</gx:fovy>
			<altitudeMode>absolute</altitudeMode>
		</Camera>
		<styleUrl>#__managed_style_008AF269E12A0BEC6F7B</styleUrl>
		<Point>
			<altitudeMode>relativeToGround</altitudeMode>
			<coordinates>104.5578677135919,17.01517858150833,0</coordinates>
		</Point>
	</Placemark>
	<Placemark id="0E418379EE2A0D14AFA0">
		<name>RT252-SG-2031-0100-22+730</name>
		<Camera>
			<gx:ViewerOptions>
				<gx:option name="streetview"></gx:option>
				<gx:streetViewPanoId>O6S-a9swGeH-Mb8dfAE_Vw</gx:streetViewPanoId>
			</gx:ViewerOptions>
			<longitude>104.5417860119794</longitude>
			<latitude>17.01870865301914</latitude>
			<altitude>160.8750762939453</altitude>
			<heading>2.773116963309601</heading>
			<tilt>90.38849696750826</tilt>
			<roll>0</roll>
			<gx:fovy>59.99999999999999</gx:fovy>
			<altitudeMode>absolute</altitudeMode>
		</Camera>
		<styleUrl>#__managed_style_008AF269E12A0BEC6F7B</styleUrl>
		<Point>
			<altitudeMode>relativeToGround</altitudeMode>
			<coordinates>104.541774567284,17.01882152801699,0</coordinates>
		</Point>
	</Placemark>
	<Placemark id="0EE5C464492A0D158D81">
		<name>RT253-SG-2031-0100-22+790</name>
		<Camera>
			<gx:ViewerOptions>
				<gx:option name="streetview"></gx:option>
				<gx:streetViewPanoId>C6lcn3JR2VRhA23N4PVOXg</gx:streetViewPanoId>
			</gx:ViewerOptions>
			<longitude>104.5412178955159</longitude>
			<latitude>17.01876554183248</latitude>
			<altitude>160.3754958879285</altitude>
			<heading>14.14748072932659</heading>
			<tilt>99.96203205193211</tilt>
			<roll>0</roll>
			<gx:fovy>59.99997743917531</gx:fovy>
			<altitudeMode>absolute</altitudeMode>
		</Camera>
		<styleUrl>#__managed_style_008AF269E12A0BEC6F7B</styleUrl>
		<Point>
			<altitudeMode>relativeToGround</altitudeMode>
			<coordinates>104.5412292716079,17.01890003765914,0</coordinates>
		</Point>
	</Placemark>
	<Placemark id="01FC3B90312A0D163C2A">
		<name>RT254-SG-2031-0100-22+835</name>
		<Camera>
			<gx:ViewerOptions>
				<gx:option name="streetview"></gx:option>
				<gx:streetViewPanoId>WW7TRFoLEPExXgfzKRo3NA</gx:streetViewPanoId>
			</gx:ViewerOptions>
			<longitude>104.5408413450909</longitude>
			<latitude>17.01881168753621</latitude>
			<altitude>159.5321456999422</altitude>
			<heading>344.1629556142397</heading>
			<tilt>95.60669227840397</tilt>
			<roll>0</roll>
			<gx:fovy>59.99999999999999</gx:fovy>
			<altitudeMode>absolute</altitudeMode>
		</Camera>
		<styleUrl>#__managed_style_008AF269E12A0BEC6F7B</styleUrl>
		<Point>
			<altitudeMode>relativeToGround</altitudeMode>
			<coordinates>104.5408038495122,17.0189653735923,0</coordinates>
		</Point>
	</Placemark>
	<Placemark id="0657EBEAA32A0D170407">
		<name>RT255-SG-2031-0100-22+880</name>
		<Camera>
			<gx:ViewerOptions>
				<gx:option name="streetview"></gx:option>
				<gx:streetViewPanoId>t_PSyvXG_2Dam8gMlvuLbA</gx:streetViewPanoId>
			</gx:ViewerOptions>
			<longitude>104.5403760808311</longitude>
			<latitude>17.01886998591658</latitude>
			<altitude>159.1401404230854</altitude>
			<heading>9.321124764249372</heading>
			<tilt>99.47172235689595</tilt>
			<roll>0</roll>
			<gx:fovy>45.1757518209335</gx:fovy>
			<altitudeMode>absolute</altitudeMode>
		</Camera>
		<styleUrl>#__managed_style_008AF269E12A0BEC6F7B</styleUrl>
		<Point>
			<altitudeMode>relativeToGround</altitudeMode>
			<coordinates>104.5403860242316,17.01901283526006,0</coordinates>
		</Point>
	</Placemark>
</Document>
</kml>
