<?xml version="1.0" encoding="UTF-8"?>
<kml xmlns="http://www.opengis.net/kml/2.2" xmlns:gx="http://www.google.com/kml/ext/2.2" xmlns:kml="http://www.opengis.net/kml/2.2" xmlns:atom="http://www.w3.org/2005/Atom">
<Document>
	<name>2031 : ซ้ายทาง</name>
	<gx:CascadingStyle kml:id="__managed_style_066058C2DF2A02CAACD5">
		<Style>
			<IconStyle>
				<scale>1.2</scale>
				<Icon>
					<href>https://earth.google.com/earth/rpc/cc/icon?color=1976d2&amp;id=2000&amp;scale=4</href>
				</Icon>
				<hotSpot x="64" y="128" xunits="pixels" yunits="insetPixels"/>
			</IconStyle>
			<LabelStyle>
			</LabelStyle>
			<LineStyle>
				<color>ff2dc0fb</color>
				<width>6</width>
			</LineStyle>
			<PolyStyle>
				<color>40ffffff</color>
			</PolyStyle>
			<BalloonStyle>
				<displayMode>hide</displayMode>
			</BalloonStyle>
		</Style>
	</gx:CascadingStyle>
	<gx:CascadingStyle kml:id="__managed_style_100513D6E72A02CAACD4">
		<Style>
			<IconStyle>
				<Icon>
					<href>https://earth.google.com/earth/rpc/cc/icon?color=1976d2&amp;id=2000&amp;scale=4</href>
				</Icon>
				<hotSpot x="64" y="128" xunits="pixels" yunits="insetPixels"/>
			</IconStyle>
			<LabelStyle>
			</LabelStyle>
			<LineStyle>
				<color>ff2dc0fb</color>
				<width>4</width>
			</LineStyle>
			<PolyStyle>
				<color>40ffffff</color>
			</PolyStyle>
			<BalloonStyle>
				<displayMode>hide</displayMode>
			</BalloonStyle>
		</Style>
	</gx:CascadingStyle>
	<StyleMap id="__managed_style_0F0B14BC552A02CAACD4">
		<Pair>
			<key>normal</key>
			<styleUrl>#__managed_style_100513D6E72A02CAACD4</styleUrl>
		</Pair>
		<Pair>
			<key>highlight</key>
			<styleUrl>#__managed_style_066058C2DF2A02CAACD5</styleUrl>
		</Pair>
	</StyleMap>
	<Placemark id="008B74AA882A02CAACD3">
		<name>LT1-SG-0100-0+015</name>
		<Camera>
			<gx:ViewerOptions>
				<gx:option name="streetview"></gx:option>
				<gx:streetViewPanoId>B1bYrb5rXcqYGqJ7StlIuw</gx:streetViewPanoId>
			</gx:ViewerOptions>
			<longitude>104.7272370208282</longitude>
			<latitude>17.01792338278601</latitude>
			<altitude>147.7051391601562</altitude>
			<heading>92.65778241121588</heading>
			<tilt>85.46028848517729</tilt>
			<roll>0</roll>
			<gx:fovy>39.78481276000311</gx:fovy>
			<altitudeMode>absolute</altitudeMode>
		</Camera>
		<styleUrl>#__managed_style_0F0B14BC552A02CAACD4</styleUrl>
		<Point>
			<altitudeMode>relativeToGround</altitudeMode>
			<coordinates>104.7273049823696,17.0179241505731,0</coordinates>
		</Point>
	</Placemark>
	<Placemark id="0E044F5C912A02CBF8DD">
		<name>CL1-DB-0100-0+015</name>
		<Camera>
			<gx:ViewerOptions>
				<gx:option name="streetview"></gx:option>
				<gx:streetViewPanoId>LcidI2onTPNX-I-dUAPbsA</gx:streetViewPanoId>
			</gx:ViewerOptions>
			<longitude>104.7274235548561</longitude>
			<latitude>17.01802227738828</latitude>
			<altitude>147.9355352537233</altitude>
			<heading>192.7334813102236</heading>
			<tilt>83.83132225922766</tilt>
			<roll>0</roll>
			<gx:fovy>59.99938084917326</gx:fovy>
			<altitudeMode>absolute</altitudeMode>
		</Camera>
		<styleUrl>#__managed_style_0F0B14BC552A02CAACD4</styleUrl>
		<Point>
			<altitudeMode>relativeToGround</altitudeMode>
			<coordinates>104.7274138079971,17.01800837154602,0</coordinates>
		</Point>
	</Placemark>
	<Placemark id="01496CB43A2A02CD0E91">
		<name>LT2-SG-0100-0+055</name>
		<Camera>
			<gx:ViewerOptions>
				<gx:option name="streetview"></gx:option>
				<gx:streetViewPanoId>9MOLhpys4Ozvg3wuschngw</gx:streetViewPanoId>
			</gx:ViewerOptions>
			<longitude>104.72709613123</longitude>
			<latitude>17.01825121746005</latitude>
			<altitude>147.6109008789062</altitude>
			<heading>185.1436626412865</heading>
			<tilt>80.13661202829714</tilt>
			<roll>0</roll>
			<gx:fovy>59.99999999997065</gx:fovy>
			<altitudeMode>absolute</altitudeMode>
		</Camera>
		<styleUrl>#__managed_style_0F0B14BC552A02CAACD4</styleUrl>
		<Point>
			<altitudeMode>relativeToGround</altitudeMode>
			<coordinates>104.7271008812191,17.01823467438075,0</coordinates>
		</Point>
	</Placemark>
	<Placemark id="08E103B0582A02CE517B">
		<name>CL2-DB-0100-0+050</name>
		<Camera>
			<gx:ViewerOptions>
				<gx:option name="streetview"></gx:option>
				<gx:streetViewPanoId>Ye1jF9TvTf32T5mjpS0ZTA</gx:streetViewPanoId>
			</gx:ViewerOptions>
			<longitude>104.727265234364</longitude>
			<latitude>17.0182714561423</latitude>
			<altitude>147.6657257080078</altitude>
			<heading>220.3157410554747</heading>
			<tilt>79.07419050318217</tilt>
			<roll>0</roll>
			<gx:fovy>59.99999999999999</gx:fovy>
			<altitudeMode>absolute</altitudeMode>
		</Camera>
		<styleUrl>#__managed_style_0F0B14BC552A02CAACD4</styleUrl>
		<Point>
			<altitudeMode>relativeToGround</altitudeMode>
			<coordinates>104.7272502376822,17.01826203555978,0</coordinates>
		</Point>
	</Placemark>
	<Placemark id="0FA5A5B15B2A02CF8148">
		<name>LT3-SG-0100-0+100</name>
		<Camera>
			<gx:ViewerOptions>
				<gx:option name="streetview"></gx:option>
				<gx:streetViewPanoId>hbDeMEJVAisWJLc18bjoLQ</gx:streetViewPanoId>
			</gx:ViewerOptions>
			<longitude>104.7267079067353</longitude>
			<latitude>17.01858749633412</latitude>
			<altitude>146.8946838378906</altitude>
			<heading>183.6852549337664</heading>
			<tilt>95.72186847339573</tilt>
			<roll>0</roll>
			<gx:fovy>39.97039257581856</gx:fovy>
			<altitudeMode>absolute</altitudeMode>
		</Camera>
		<styleUrl>#__managed_style_0F0B14BC552A02CAACD4</styleUrl>
		<Point>
			<altitudeMode>relativeToGround</altitudeMode>
			<coordinates>104.7266808279104,17.01849934392478,0</coordinates>
		</Point>
	</Placemark>
	<Placemark id="075C1F7B1D2A02D08C3A">
		<name>LT4-SG-0100-0+135</name>
		<Camera>
			<gx:ViewerOptions>
				<gx:option name="streetview"></gx:option>
				<gx:streetViewPanoId>00uix16r9Jz58fsd29f8Ww</gx:streetViewPanoId>
			</gx:ViewerOptions>
			<longitude>104.7264546090239</longitude>
			<latitude>17.01872261157652</latitude>
			<altitude>146.6844635009766</altitude>
			<heading>221.2723110824554</heading>
			<tilt>99.90864296301201</tilt>
			<roll>0</roll>
			<gx:fovy>57.56848346501005</gx:fovy>
			<altitudeMode>absolute</altitudeMode>
		</Camera>
		<styleUrl>#__managed_style_0F0B14BC552A02CAACD4</styleUrl>
		<Point>
			<altitudeMode>relativeToGround</altitudeMode>
			<coordinates>104.7263874043816,17.01865889829988,0</coordinates>
		</Point>
	</Placemark>
	<Placemark id="0C1D5406E22A02D22CB5">
		<name>LT5-SG-0100-0+185</name>
		<Camera>
			<gx:ViewerOptions>
				<gx:option name="streetview"></gx:option>
				<gx:streetViewPanoId>IZy2jeNOVoI4xZc2p3UtWQ</gx:streetViewPanoId>
			</gx:ViewerOptions>
			<longitude>104.726023665664</longitude>
			<latitude>17.0189510848193</latitude>
			<altitude>146.4293823242188</altitude>
			<heading>215.2581527287322</heading>
			<tilt>104.698710177253</tilt>
			<roll>0</roll>
			<gx:fovy>59.99999999999999</gx:fovy>
			<altitudeMode>absolute</altitudeMode>
		</Camera>
		<styleUrl>#__managed_style_0F0B14BC552A02CAACD4</styleUrl>
		<Point>
			<coordinates>104.7259652035422,17.01887471033448,146.9817244998437</coordinates>
		</Point>
	</Placemark>
	<Placemark id="0BAEF1A24A2A02DB550E">
		<name>LT6-SG-0100-0+235</name>
		<Camera>
			<gx:ViewerOptions>
				<gx:option name="streetview"></gx:option>
				<gx:streetViewPanoId>DXpoG7Hif4ygnjsuJ46iig</gx:streetViewPanoId>
			</gx:ViewerOptions>
			<longitude>104.7255817764168</longitude>
			<latitude>17.01919977698716</latitude>
			<altitude>146.3297701572952</altitude>
			<heading>195.6094617955049</heading>
			<tilt>86.66039887617451</tilt>
			<roll>0</roll>
			<gx:fovy>59.99999260668401</gx:fovy>
			<altitudeMode>absolute</altitudeMode>
		</Camera>
		<styleUrl>#__managed_style_0F0B14BC552A02CAACD4</styleUrl>
		<Point>
			<coordinates>104.7255525500468,17.01911199467977,143.8289961347477</coordinates>
		</Point>
	</Placemark>
	<Placemark id="04571016222A02E2DF59">
		<name>LT7-SG-0100-0+285</name>
		<Camera>
			<gx:ViewerOptions>
				<gx:option name="streetview"></gx:option>
				<gx:streetViewPanoId>tZcxFOtjNWLqCBwGwHEcYw</gx:streetViewPanoId>
			</gx:ViewerOptions>
			<longitude>104.7251602695427</longitude>
			<latitude>17.01942123105931</latitude>
			<altitude>146.023289048452</altitude>
			<heading>211.4156793110957</heading>
			<tilt>98.89214486907703</tilt>
			<roll>0</roll>
			<gx:fovy>59.99999999999999</gx:fovy>
			<altitudeMode>absolute</altitudeMode>
		</Camera>
		<styleUrl>#__managed_style_0F0B14BC552A02CAACD4</styleUrl>
		<Point>
			<altitudeMode>relativeToGround</altitudeMode>
			<coordinates>104.7251011097176,17.01935729149369,0</coordinates>
		</Point>
	</Placemark>
	<Placemark id="099680A5A32A02E567E0">
		<name>LT8-SG-0100-0+335</name>
		<Camera>
			<gx:ViewerOptions>
				<gx:option name="streetview"></gx:option>
				<gx:streetViewPanoId>7s9wxngUhk__zjK7XAjAYA</gx:streetViewPanoId>
			</gx:ViewerOptions>
			<longitude>104.7247183827666</longitude>
			<latitude>17.01966087480614</latitude>
			<altitude>145.8647998953603</altitude>
			<heading>198.8335513246165</heading>
			<tilt>97.54939199153316</tilt>
			<roll>0</roll>
			<gx:fovy>59.99989631075042</gx:fovy>
			<altitudeMode>absolute</altitudeMode>
		</Camera>
		<styleUrl>#__managed_style_0F0B14BC552A02CAACD4</styleUrl>
		<Point>
			<altitudeMode>relativeToGround</altitudeMode>
			<coordinates>104.7246903270684,17.01957722231799,0</coordinates>
		</Point>
	</Placemark>
	<Placemark id="00EAD449202A02E6C821">
		<name>LT9-SG-0100-0+385</name>
		<Camera>
			<gx:ViewerOptions>
				<gx:option name="streetview"></gx:option>
				<gx:streetViewPanoId>jtn-h7UQP-OdXNizFoCZXw</gx:streetViewPanoId>
			</gx:ViewerOptions>
			<longitude>104.7242705342559</longitude>
			<latitude>17.01990789683589</latitude>
			<altitude>145.7852697779458</altitude>
			<heading>177.7316215102534</heading>
			<tilt>98.77472198584555</tilt>
			<roll>0</roll>
			<gx:fovy>59.99999995319845</gx:fovy>
			<altitudeMode>absolute</altitudeMode>
		</Camera>
		<styleUrl>#__managed_style_0F0B14BC552A02CAACD4</styleUrl>
		<Point>
			<altitudeMode>relativeToGround</altitudeMode>
			<coordinates>104.7242590265409,17.01979213912239,0</coordinates>
		</Point>
	</Placemark>
	<Placemark id="0B246016C92A02E824E7">
		<name>LT10-SG-0100-0+435</name>
		<Camera>
			<gx:ViewerOptions>
				<gx:option name="streetview"></gx:option>
				<gx:streetViewPanoId>uwGHWdvTxq6YkfnDXbQCnw</gx:streetViewPanoId>
			</gx:ViewerOptions>
			<longitude>104.7239307327346</longitude>
			<latitude>17.0200976020332</latitude>
			<altitude>145.7313830468758</altitude>
			<heading>232.6158373351356</heading>
			<tilt>93.70530496123638</tilt>
			<roll>0</roll>
			<gx:fovy>59.99999999999999</gx:fovy>
			<altitudeMode>absolute</altitudeMode>
		</Camera>
		<styleUrl>#__managed_style_0F0B14BC552A02CAACD4</styleUrl>
		<Point>
			<altitudeMode>relativeToGround</altitudeMode>
			<coordinates>104.7238601463234,17.02001101275759,0</coordinates>
		</Point>
	</Placemark>
	<Placemark id="0612620AE32A02E9AE89">
		<name>LT11-SG-0100-0+485</name>
		<Camera>
			<gx:ViewerOptions>
				<gx:option name="streetview"></gx:option>
				<gx:streetViewPanoId>6yjDP3ImcyjM_-1JihJ0kg</gx:streetViewPanoId>
			</gx:ViewerOptions>
			<longitude>104.723467578593</longitude>
			<latitude>17.02035883886598</latitude>
			<altitude>145.9152281994544</altitude>
			<heading>211.2460278094444</heading>
			<tilt>83.64615883544251</tilt>
			<roll>0</roll>
			<gx:fovy>59.99999999999999</gx:fovy>
			<altitudeMode>absolute</altitudeMode>
		</Camera>
		<styleUrl>#__managed_style_0F0B14BC552A02CAACD4</styleUrl>
		<Point>
			<altitudeMode>relativeToGround</altitudeMode>
			<coordinates>104.7234145462633,17.02027170090731,0</coordinates>
		</Point>
	</Placemark>
	<Placemark id="0103A2C69C2A02EDE781">
		<name>LT12-SG-0100-0+535</name>
		<Camera>
			<gx:ViewerOptions>
				<gx:option name="streetview"></gx:option>
				<gx:streetViewPanoId>2-nM438CL1ncwnGj05I5rQ</gx:streetViewPanoId>
			</gx:ViewerOptions>
			<longitude>104.7230093207982</longitude>
			<latitude>17.02061769506754</latitude>
			<altitude>145.8774185859677</altitude>
			<heading>192.8285398020691</heading>
			<tilt>91.59374447062713</tilt>
			<roll>0</roll>
			<gx:fovy>59.99999999999999</gx:fovy>
			<altitudeMode>absolute</altitudeMode>
		</Camera>
		<styleUrl>#__managed_style_0F0B14BC552A02CAACD4</styleUrl>
		<Point>
			<altitudeMode>relativeToGround</altitudeMode>
			<coordinates>104.7229733984548,17.02049559727931,0</coordinates>
		</Point>
	</Placemark>
	<Placemark id="09961198032A02F0DA07">
		<name>LT13-SG-0100-0+585</name>
		<Camera>
			<gx:ViewerOptions>
				<gx:option name="streetview"></gx:option>
				<gx:streetViewPanoId>0QQ7mM_Qvm1oqyn_ZVyS_A</gx:streetViewPanoId>
			</gx:ViewerOptions>
			<longitude>104.7226689880594</longitude>
			<latitude>17.02080937189789</latitude>
			<altitude>145.8246310281586</altitude>
			<heading>233.0718405758933</heading>
			<tilt>93.86559041816969</tilt>
			<roll>0</roll>
			<gx:fovy>59.99999999999999</gx:fovy>
			<altitudeMode>absolute</altitudeMode>
		</Camera>
		<styleUrl>#__managed_style_0F0B14BC552A02CAACD4</styleUrl>
		<Point>
			<altitudeMode>relativeToGround</altitudeMode>
			<coordinates>104.7225735635981,17.02070441877501,0</coordinates>
		</Point>
	</Placemark>
	<Placemark id="0673B22F0C2A02F78962">
		<name>LT14-SG-0100-0+635</name>
		<Camera>
			<gx:ViewerOptions>
				<gx:option name="streetview"></gx:option>
				<gx:streetViewPanoId>iCsBkbZh98lwj0mlK_NRxQ</gx:streetViewPanoId>
			</gx:ViewerOptions>
			<longitude>104.7222018327562</longitude>
			<latitude>17.02106932167366</latitude>
			<altitude>145.4666683895359</altitude>
			<heading>207.1534524218184</heading>
			<tilt>99.47362645908835</tilt>
			<roll>0</roll>
			<gx:fovy>43.69375033703093</gx:fovy>
			<altitudeMode>absolute</altitudeMode>
		</Camera>
		<styleUrl>#__managed_style_0F0B14BC552A02CAACD4</styleUrl>
		<Point>
			<altitudeMode>relativeToGround</altitudeMode>
			<coordinates>104.7221320184341,17.0209348797098,0</coordinates>
		</Point>
	</Placemark>
	<Placemark id="0EF7F1A29C2A02FAD869">
		<name>LT15-SG-0100-0+685</name>
		<Camera>
			<gx:ViewerOptions>
				<gx:option name="streetview"></gx:option>
				<gx:streetViewPanoId>EGibkC5cWs0kUHTHSm1Y5Q</gx:streetViewPanoId>
			</gx:ViewerOptions>
			<longitude>104.7217792671273</longitude>
			<latitude>17.02129998915101</latitude>
			<altitude>145.3737273122779</altitude>
			<heading>217.942832990164</heading>
			<tilt>95.80301284100912</tilt>
			<roll>0</roll>
			<gx:fovy>59.99999999999999</gx:fovy>
			<altitudeMode>absolute</altitudeMode>
		</Camera>
		<styleUrl>#__managed_style_0F0B14BC552A02CAACD4</styleUrl>
		<Point>
			<altitudeMode>relativeToGround</altitudeMode>
			<coordinates>104.7217012004254,17.02117645820949,0</coordinates>
		</Point>
	</Placemark>
	<Placemark id="02C9138C082A02FEEA27">
		<name>LT16-SG-0100-0+735</name>
		<Camera>
			<gx:ViewerOptions>
				<gx:option name="streetview"></gx:option>
				<gx:streetViewPanoId>6G111DwHm7Jjv5xGzgXyLQ</gx:streetViewPanoId>
			</gx:ViewerOptions>
			<longitude>104.7213389919977</longitude>
			<latitude>17.02154039238287</latitude>
			<altitude>145.2074280965135</altitude>
			<heading>224.7097363598248</heading>
			<tilt>95.62485052717645</tilt>
			<roll>0</roll>
			<gx:fovy>59.99999133161143</gx:fovy>
			<altitudeMode>absolute</altitudeMode>
		</Camera>
		<styleUrl>#__managed_style_0F0B14BC552A02CAACD4</styleUrl>
		<Point>
			<altitudeMode>relativeToGround</altitudeMode>
			<coordinates>104.7212846573811,17.02139979920696,0</coordinates>
		</Point>
	</Placemark>
	<Placemark id="0D72352A942A03018803">
		<name>LT17-SG-0100-0+785</name>
		<Camera>
			<gx:ViewerOptions>
				<gx:option name="streetview"></gx:option>
				<gx:streetViewPanoId>yUr8l9Pj6h1kIewBY74eEg</gx:streetViewPanoId>
			</gx:ViewerOptions>
			<longitude>104.7209113558436</longitude>
			<latitude>17.02177485870643</latitude>
			<altitude>145.0455932623366</altitude>
			<heading>232.6070735942182</heading>
			<tilt>93.4987011850727</tilt>
			<roll>0</roll>
			<gx:fovy>59.99999999941826</gx:fovy>
			<altitudeMode>absolute</altitudeMode>
		</Camera>
		<styleUrl>#__managed_style_0F0B14BC552A02CAACD4</styleUrl>
		<Point>
			<altitudeMode>relativeToGround</altitudeMode>
			<coordinates>104.7208513480875,17.02165159819635,0</coordinates>
		</Point>
	</Placemark>
	<Placemark id="02851B18CC2A03066306">
		<name>LT18-SG-0100-0+935</name>
		<Camera>
			<gx:ViewerOptions>
				<gx:option name="streetview"></gx:option>
				<gx:streetViewPanoId>rhITJpAlsBshebfL9c7S5g</gx:streetViewPanoId>
			</gx:ViewerOptions>
			<longitude>104.7204390439909</longitude>
			<latitude>17.02203606596437</latitude>
			<altitude>144.9021759033203</altitude>
			<heading>205.9254045874774</heading>
			<tilt>100.4704476646062</tilt>
			<roll>0</roll>
			<gx:fovy>49.2221078255138</gx:fovy>
			<altitudeMode>absolute</altitudeMode>
		</Camera>
		<styleUrl>#__managed_style_0F0B14BC552A02CAACD4</styleUrl>
		<Point>
			<altitudeMode>relativeToGround</altitudeMode>
			<coordinates>104.7204203230619,17.02189351012729,0</coordinates>
		</Point>
	</Placemark>
	<Placemark id="0456E6DC262A0319D3A6">
		<name>LT19-SG-0100-0+985</name>
		<Camera>
			<gx:ViewerOptions>
				<gx:option name="streetview"></gx:option>
				<gx:streetViewPanoId>giNlHzCZEW4NuYIctrxknQ</gx:streetViewPanoId>
			</gx:ViewerOptions>
			<longitude>104.7200323247485</longitude>
			<latitude>17.02227171724713</latitude>
			<altitude>144.7776031494141</altitude>
			<heading>201.9115589560061</heading>
			<tilt>99.71160578872744</tilt>
			<roll>0</roll>
			<gx:fovy>39.85733718494895</gx:fovy>
			<altitudeMode>absolute</altitudeMode>
		</Camera>
		<styleUrl>#__managed_style_0F0B14BC552A02CAACD4</styleUrl>
		<Point>
			<altitudeMode>relativeToGround</altitudeMode>
			<coordinates>104.7199898868825,17.02212831859585,0</coordinates>
		</Point>
	</Placemark>
	<Placemark id="04537959382A031A904C">
		<name>LT20-SG-0100-1+035</name>
		<Camera>
			<gx:ViewerOptions>
				<gx:option name="streetview"></gx:option>
				<gx:streetViewPanoId>Mmr4YQtfWz54hLKVkSrjbQ</gx:streetViewPanoId>
			</gx:ViewerOptions>
			<longitude>104.7195851128147</longitude>
			<latitude>17.02255883882</latitude>
			<altitude>144.6584320068359</altitude>
			<heading>191.4640292708674</heading>
			<tilt>98.7247684515326</tilt>
			<roll>0</roll>
			<gx:fovy>40.02530337010931</gx:fovy>
			<altitudeMode>absolute</altitudeMode>
		</Camera>
		<styleUrl>#__managed_style_0F0B14BC552A02CAACD4</styleUrl>
		<Point>
			<altitudeMode>relativeToGround</altitudeMode>
			<coordinates>104.7195755534773,17.02238696738057,0</coordinates>
		</Point>
	</Placemark>
	<Placemark id="0C1089B2A92A031B87E0">
		<name>LT21-SG-0100-1+085</name>
		<Camera>
			<gx:ViewerOptions>
				<gx:option name="streetview"></gx:option>
				<gx:streetViewPanoId>VsEIxMeeXLqHvQZzXSvIcA</gx:streetViewPanoId>
			</gx:ViewerOptions>
			<longitude>104.7192612520865</longitude>
			<latitude>17.02279068104428</latitude>
			<altitude>144.6726954806934</altitude>
			<heading>226.4239084185001</heading>
			<tilt>98.91628089964682</tilt>
			<roll>0</roll>
			<gx:fovy>59.99999995496145</gx:fovy>
			<altitudeMode>absolute</altitudeMode>
		</Camera>
		<styleUrl>#__managed_style_0F0B14BC552A02CAACD4</styleUrl>
		<Point>
			<altitudeMode>relativeToGround</altitudeMode>
			<coordinates>104.7191817933613,17.02266927806671,0</coordinates>
		</Point>
	</Placemark>
	<Placemark id="0995752B992A03221CF3">
		<name>LT23-SG-0100-1+450</name>
		<Camera>
			<gx:ViewerOptions>
				<gx:option name="streetview"></gx:option>
				<gx:streetViewPanoId>8vg3xXF0Qmk-wANgJdfrag</gx:streetViewPanoId>
			</gx:ViewerOptions>
			<longitude>104.716564130036</longitude>
			<latitude>17.02480188037165</latitude>
			<altitude>144.9950281285407</altitude>
			<heading>243.3701389212935</heading>
			<tilt>92.72066130582624</tilt>
			<roll>0</roll>
			<gx:fovy>59.99999999999999</gx:fovy>
			<altitudeMode>absolute</altitudeMode>
		</Camera>
		<styleUrl>#__managed_style_0F0B14BC552A02CAACD4</styleUrl>
		<Point>
			<altitudeMode>relativeToGround</altitudeMode>
			<coordinates>104.7164661280678,17.02470570116306,0</coordinates>
		</Point>
	</Placemark>
	<Placemark id="03E15C0CF32A0326ECEF">
		<name>LT22-SG-0100-1+400</name>
		<Camera>
			<gx:ViewerOptions>
				<gx:option name="streetview"></gx:option>
				<gx:streetViewPanoId>xzq1bTM4kC4D4khFyw_yiw</gx:streetViewPanoId>
			</gx:ViewerOptions>
			<longitude>104.7167720237223</longitude>
			<latitude>17.0246465599153</latitude>
			<altitude>144.9615672090825</altitude>
			<heading>202.7084503900091</heading>
			<tilt>94.03580581829246</tilt>
			<roll>0</roll>
			<gx:fovy>59.99999999999999</gx:fovy>
			<altitudeMode>absolute</altitudeMode>
		</Camera>
		<styleUrl>#__managed_style_0F0B14BC552A02CAACD4</styleUrl>
		<Point>
			<altitudeMode>relativeToGround</altitudeMode>
			<coordinates>104.7167398599106,17.02450111485376,0</coordinates>
		</Point>
	</Placemark>
	<Placemark id="084B973CF42A03277CCB">
		<name>LT24-SG-0100-1+500</name>
		<Camera>
			<gx:ViewerOptions>
				<gx:option name="streetview"></gx:option>
				<gx:streetViewPanoId>bp_Ugmq5RqOK50MSnXJZyQ</gx:streetViewPanoId>
			</gx:ViewerOptions>
			<longitude>104.7162535359565</longitude>
			<latitude>17.02503143125679</latitude>
			<altitude>145.1062346344964</altitude>
			<heading>222.3776931894847</heading>
			<tilt>99.01638945455717</tilt>
			<roll>0</roll>
			<gx:fovy>59.99999999999999</gx:fovy>
			<altitudeMode>absolute</altitudeMode>
		</Camera>
		<styleUrl>#__managed_style_0F0B14BC552A02CAACD4</styleUrl>
		<Point>
			<altitudeMode>relativeToGround</altitudeMode>
			<coordinates>104.7161778132501,17.02492109777688,0</coordinates>
		</Point>
	</Placemark>
	<Placemark id="02C3E0EA522A03280BC3">
		<name>LT25-SG-0100-1+550</name>
		<Camera>
			<gx:ViewerOptions>
				<gx:option name="streetview"></gx:option>
				<gx:streetViewPanoId>48CuP9420mtRbWQtIg_b0Q</gx:streetViewPanoId>
			</gx:ViewerOptions>
			<longitude>104.716007464014</longitude>
			<latitude>17.02529234475699</latitude>
			<altitude>144.9033813476562</altitude>
			<heading>218.123533048339</heading>
			<tilt>98.617183055986</tilt>
			<roll>0</roll>
			<gx:fovy>34.05582675008989</gx:fovy>
			<altitudeMode>absolute</altitudeMode>
		</Camera>
		<styleUrl>#__managed_style_0F0B14BC552A02CAACD4</styleUrl>
		<Point>
			<altitudeMode>relativeToGround</altitudeMode>
			<coordinates>104.7159118443858,17.02512233234598,0</coordinates>
		</Point>
	</Placemark>
	<Placemark id="056AEA73B42A032CA84D">
		<name>LT26-SG-0100-1+600</name>
		<Camera>
			<gx:ViewerOptions>
				<gx:option name="streetview"></gx:option>
				<gx:streetViewPanoId>HQeZICF1XcNwLTLw1Ausxg</gx:streetViewPanoId>
			</gx:ViewerOptions>
			<longitude>104.7157089743805</longitude>
			<latitude>17.02545309724269</latitude>
			<altitude>145.2371637273177</altitude>
			<heading>216.9992552288092</heading>
			<tilt>93.90666548355271</tilt>
			<roll>0</roll>
			<gx:fovy>59.99999999999999</gx:fovy>
			<altitudeMode>absolute</altitudeMode>
		</Camera>
		<styleUrl>#__managed_style_0F0B14BC552A02CAACD4</styleUrl>
		<Point>
			<altitudeMode>relativeToGround</altitudeMode>
			<coordinates>104.7156401874961,17.02531601268742,0</coordinates>
		</Point>
	</Placemark>
	<Placemark id="0A9372FF0D2A0333E4F1">
		<name>LT27-SG-0100-1+650</name>
		<Camera>
			<gx:ViewerOptions>
				<gx:option name="streetview"></gx:option>
				<gx:streetViewPanoId>47hR0-gVMxKhGpzth81Z2A</gx:streetViewPanoId>
			</gx:ViewerOptions>
			<longitude>104.7154900467519</longitude>
			<latitude>17.02561827819383</latitude>
			<altitude>145.2683666160163</altitude>
			<heading>238.065818052566</heading>
			<tilt>97.66119708809339</tilt>
			<roll>0</roll>
			<gx:fovy>59.99999999999999</gx:fovy>
			<altitudeMode>absolute</altitudeMode>
		</Camera>
		<styleUrl>#__managed_style_0F0B14BC552A02CAACD4</styleUrl>
		<Point>
			<altitudeMode>relativeToGround</altitudeMode>
			<coordinates>104.7153704247039,17.02551480451451,0</coordinates>
		</Point>
	</Placemark>
	<Placemark id="02035FB0CF2A0335506B">
		<name>LT28-SG-0100-1+700</name>
		<Camera>
			<gx:ViewerOptions>
				<gx:option name="streetview"></gx:option>
				<gx:streetViewPanoId>2gv6Cl8aK2XGwm17fYOGCg</gx:streetViewPanoId>
			</gx:ViewerOptions>
			<longitude>104.7151911131446</longitude>
			<latitude>17.02584257988689</latitude>
			<altitude>145.3193001969795</altitude>
			<heading>220.0337724074605</heading>
			<tilt>90.09109625099468</tilt>
			<roll>0</roll>
			<gx:fovy>59.99999999999999</gx:fovy>
			<altitudeMode>absolute</altitudeMode>
		</Camera>
		<styleUrl>#__managed_style_0F0B14BC552A02CAACD4</styleUrl>
		<Point>
			<altitudeMode>relativeToGround</altitudeMode>
			<coordinates>104.7151000333998,17.02572751593237,0</coordinates>
		</Point>
	</Placemark>
	<Placemark id="06E1B9CB632A0336D202">
		<name>LT29-SG-0100-1+750</name>
		<Camera>
			<gx:ViewerOptions>
				<gx:option name="streetview"></gx:option>
				<gx:streetViewPanoId>CN-oV3kqQrq_D2FSdlU_Rw</gx:streetViewPanoId>
			</gx:ViewerOptions>
			<longitude>104.7148724233273</longitude>
			<latitude>17.02594191602053</latitude>
			<altitude>145.4521317634513</altitude>
			<heading>242.1232710213925</heading>
			<tilt>84.79233801861288</tilt>
			<roll>0</roll>
			<gx:fovy>59.99999999615621</gx:fovy>
			<altitudeMode>absolute</altitudeMode>
		</Camera>
		<styleUrl>#__managed_style_0F0B14BC552A02CAACD4</styleUrl>
		<Point>
			<altitudeMode>relativeToGround</altitudeMode>
			<coordinates>104.7148360840569,17.02592191085279,0</coordinates>
		</Point>
	</Placemark>
	<Placemark id="045D8987B42A033770A8">
		<name>LT30-SG-0100-1+820</name>
		<Camera>
			<gx:ViewerOptions>
				<gx:option name="streetview"></gx:option>
				<gx:streetViewPanoId>QaeOQyBTkljb2BIQzbmdnQ</gx:streetViewPanoId>
			</gx:ViewerOptions>
			<longitude>104.7143484242962</longitude>
			<latitude>17.02631700347973</latitude>
			<altitude>145.5451962089993</altitude>
			<heading>259.4185153186773</heading>
			<tilt>77.95675754963565</tilt>
			<roll>0</roll>
			<gx:fovy>59.99999999999999</gx:fovy>
			<altitudeMode>absolute</altitudeMode>
		</Camera>
		<styleUrl>#__managed_style_0F0B14BC552A02CAACD4</styleUrl>
		<Point>
			<altitudeMode>relativeToGround</altitudeMode>
			<coordinates>104.7143143270345,17.02632292601855,0</coordinates>
		</Point>
	</Placemark>
	<Placemark id="0BCDC109FC2A03398E81">
		<name>LT31-SG-0100-1+890</name>
		<Camera>
			<gx:ViewerOptions>
				<gx:option name="streetview"></gx:option>
				<gx:streetViewPanoId>b8nsBouDLjzdcZUFy-0vIg</gx:streetViewPanoId>
			</gx:ViewerOptions>
			<longitude>104.7138905495658</longitude>
			<latitude>17.02681461528823</latitude>
			<altitude>145.6346105671041</altitude>
			<heading>225.1212566504688</heading>
			<tilt>98.08975691711566</tilt>
			<roll>0</roll>
			<gx:fovy>41.92986216588826</gx:fovy>
			<altitudeMode>absolute</altitudeMode>
		</Camera>
		<styleUrl>#__managed_style_0F0B14BC552A02CAACD4</styleUrl>
		<Point>
			<altitudeMode>relativeToGround</altitudeMode>
			<coordinates>104.7138044749218,17.02671037844164,0</coordinates>
		</Point>
	</Placemark>
	<Placemark id="0B82580C592A033B0677">
		<name>LT32-SG-0100-1+925</name>
		<Camera>
			<gx:ViewerOptions>
				<gx:option name="streetview"></gx:option>
				<gx:streetViewPanoId>XsXPr_c1N9weHZVxXUBdjQ</gx:streetViewPanoId>
			</gx:ViewerOptions>
			<longitude>104.7135939328988</longitude>
			<latitude>17.02704155897455</latitude>
			<altitude>145.781745262079</altitude>
			<heading>226.2612495389252</heading>
			<tilt>96.19267580781319</tilt>
			<roll>0</roll>
			<gx:fovy>59.99999999999999</gx:fovy>
			<altitudeMode>absolute</altitudeMode>
		</Camera>
		<styleUrl>#__managed_style_0F0B14BC552A02CAACD4</styleUrl>
		<Point>
			<altitudeMode>relativeToGround</altitudeMode>
			<coordinates>104.7135370713783,17.02691012162747,0</coordinates>
		</Point>
	</Placemark>
	<Placemark id="05822594D52A033D91E9">
		<name>LT33-SG-0100-1+965</name>
		<Camera>
			<gx:ViewerOptions>
				<gx:option name="streetview"></gx:option>
				<gx:streetViewPanoId>Opkh14w_XGgG4u3eWBndWg</gx:streetViewPanoId>
			</gx:ViewerOptions>
			<longitude>104.7132963378732</longitude>
			<latitude>17.02726980474515</latitude>
			<altitude>146.1113586425781</altitude>
			<heading>204.4557418651864</heading>
			<tilt>96.70928074858297</tilt>
			<roll>0</roll>
			<gx:fovy>42.22600830594605</gx:fovy>
			<altitudeMode>absolute</altitudeMode>
		</Camera>
		<styleUrl>#__managed_style_0F0B14BC552A02CAACD4</styleUrl>
		<Point>
			<altitudeMode>relativeToGround</altitudeMode>
			<coordinates>104.7132397160337,17.02711838735014,0</coordinates>
		</Point>
	</Placemark>
	<Placemark id="08C6CA268B2A03422781">
		<name>LT34-SG-0100-2+010</name>
		<Camera>
			<gx:ViewerOptions>
				<gx:option name="streetview"></gx:option>
				<gx:streetViewPanoId>Y1wKqQq72TZfomlldmsFhA</gx:streetViewPanoId>
			</gx:ViewerOptions>
			<longitude>104.7130739429244</longitude>
			<latitude>17.02744077655796</latitude>
			<altitude>146.4096512644703</altitude>
			<heading>218.1933307840005</heading>
			<tilt>97.24228050318358</tilt>
			<roll>0</roll>
			<gx:fovy>42.26449283000611</gx:fovy>
			<altitudeMode>absolute</altitudeMode>
		</Camera>
		<styleUrl>#__managed_style_0F0B14BC552A02CAACD4</styleUrl>
		<Point>
			<altitudeMode>relativeToGround</altitudeMode>
			<coordinates>104.7129949135849,17.02730786580009,0</coordinates>
		</Point>
	</Placemark>
	<Placemark id="0B033B71152A0346E2CB">
		<name>LT35-SG-0100-2+050</name>
		<Camera>
			<gx:ViewerOptions>
				<gx:option name="streetview"></gx:option>
				<gx:streetViewPanoId>IqNTGc-wlzRbgugmOkpE5w</gx:streetViewPanoId>
			</gx:ViewerOptions>
			<longitude>104.7127770608482</longitude>
			<latitude>17.02766765250365</latitude>
			<altitude>147.1168212890625</altitude>
			<heading>202.0504867904886</heading>
			<tilt>98.25882151927937</tilt>
			<roll>0</roll>
			<gx:fovy>40.35229275974169</gx:fovy>
			<altitudeMode>absolute</altitudeMode>
		</Camera>
		<styleUrl>#__managed_style_0F0B14BC552A02CAACD4</styleUrl>
		<Point>
			<altitudeMode>relativeToGround</altitudeMode>
			<coordinates>104.7127180739516,17.02752223767426,0</coordinates>
		</Point>
	</Placemark>
	<Placemark id="018C2D959D2A0348FABC">
		<name>LT36-SG-0100-2+090</name>
		<Camera>
			<gx:ViewerOptions>
				<gx:option name="streetview"></gx:option>
				<gx:streetViewPanoId>0dSw45ZTHFyrV76wk95alQ</gx:streetViewPanoId>
			</gx:ViewerOptions>
			<longitude>104.7125576034218</longitude>
			<latitude>17.02784165919357</latitude>
			<altitude>147.7090585311363</altitude>
			<heading>213.8544956030464</heading>
			<tilt>94.8222412912955</tilt>
			<roll>0</roll>
			<gx:fovy>42.19626597194956</gx:fovy>
			<altitudeMode>absolute</altitudeMode>
		</Camera>
		<styleUrl>#__managed_style_0F0B14BC552A02CAACD4</styleUrl>
		<Point>
			<altitudeMode>relativeToGround</altitudeMode>
			<coordinates>104.7124760998252,17.0277090282808,0</coordinates>
		</Point>
	</Placemark>
	<Placemark id="0B38D1C7FF2A034CB39B">
		<name>LT37-SG-0100-2+130</name>
		<Camera>
			<gx:ViewerOptions>
				<gx:option name="streetview"></gx:option>
				<gx:streetViewPanoId>vK4ZBSIs6zdqgHLnecP7WQ</gx:streetViewPanoId>
			</gx:ViewerOptions>
			<longitude>104.7122659729331</longitude>
			<latitude>17.02807790112058</latitude>
			<altitude>148.5849140479491</altitude>
			<heading>209.6054225465283</heading>
			<tilt>97.18305430569755</tilt>
			<roll>0</roll>
			<gx:fovy>46.38001122327498</gx:fovy>
			<altitudeMode>absolute</altitudeMode>
		</Camera>
		<styleUrl>#__managed_style_0F0B14BC552A02CAACD4</styleUrl>
		<Point>
			<altitudeMode>relativeToGround</altitudeMode>
			<coordinates>104.7121903394515,17.02794351370355,0</coordinates>
		</Point>
	</Placemark>
	<Placemark id="0FA33BB6382A034E8FA4">
		<name>LT38-SG-0100-2+160</name>
		<Camera>
			<gx:ViewerOptions>
				<gx:option name="streetview"></gx:option>
				<gx:streetViewPanoId>F8Y2Ok_y7aMQw7UGLBHUFA</gx:streetViewPanoId>
			</gx:ViewerOptions>
			<longitude>104.7120449143628</longitude>
			<latitude>17.02825413433401</latitude>
			<altitude>149.2617666625142</altitude>
			<heading>203.1191825913481</heading>
			<tilt>94.48477797925079</tilt>
			<roll>0</roll>
			<gx:fovy>51.68691697068986</gx:fovy>
			<altitudeMode>absolute</altitudeMode>
		</Camera>
		<styleUrl>#__managed_style_0F0B14BC552A02CAACD4</styleUrl>
		<Point>
			<altitudeMode>relativeToGround</altitudeMode>
			<coordinates>104.7119851025163,17.02810730191469,0</coordinates>
		</Point>
	</Placemark>
	<Placemark id="06A7219D7E2A03535296">
		<name>LT39-SG-0100-2+260</name>
		<Camera>
			<gx:ViewerOptions>
				<gx:option name="streetview"></gx:option>
				<gx:streetViewPanoId>OqREMM7bkKRoMeVS9mcfzA</gx:streetViewPanoId>
			</gx:ViewerOptions>
			<longitude>104.7112390855865</longitude>
			<latitude>17.02875449118796</latitude>
			<altitude>151.2398071289062</altitude>
			<heading>228.889239488522</heading>
			<tilt>83.91881465882476</tilt>
			<roll>0</roll>
			<gx:fovy>59.99999999979067</gx:fovy>
			<altitudeMode>absolute</altitudeMode>
		</Camera>
		<styleUrl>#__managed_style_0F0B14BC552A02CAACD4</styleUrl>
		<Point>
			<altitudeMode>relativeToGround</altitudeMode>
			<coordinates>104.7112037866053,17.02871711554146,0</coordinates>
		</Point>
	</Placemark>
	<Placemark id="0399EDDC102A03558CF3">
		<name>LT40-SG-0100-2+320</name>
		<Camera>
			<gx:ViewerOptions>
				<gx:option name="streetview"></gx:option>
				<gx:streetViewPanoId>f6g9V01eej2VLMgh3v0O-Q</gx:streetViewPanoId>
			</gx:ViewerOptions>
			<longitude>104.7107187475873</longitude>
			<latitude>17.0291733285238</latitude>
			<altitude>152.0185699462891</altitude>
			<heading>174.2863974658507</heading>
			<tilt>88.62290549066087</tilt>
			<roll>0</roll>
			<gx:fovy>59.99999999999999</gx:fovy>
			<altitudeMode>absolute</altitudeMode>
		</Camera>
		<styleUrl>#__managed_style_0F0B14BC552A02CAACD4</styleUrl>
		<Point>
			<altitudeMode>relativeToGround</altitudeMode>
			<coordinates>104.7107338903904,17.02909847845506,0</coordinates>
		</Point>
	</Placemark>
	<Placemark id="04D02373F92A03563E16">
		<name>LT41-SG-0100-2+380</name>
		<Camera>
			<gx:ViewerOptions>
				<gx:option name="streetview"></gx:option>
				<gx:streetViewPanoId>lsJaynWjuo8oLxtcFhXl0w</gx:streetViewPanoId>
			</gx:ViewerOptions>
			<longitude>104.7102731645199</longitude>
			<latitude>17.02953413404897</latitude>
			<altitude>152.5745288643904</altitude>
			<heading>211.9491513257556</heading>
			<tilt>73.87150470475638</tilt>
			<roll>0</roll>
			<gx:fovy>59.99993520821116</gx:fovy>
			<altitudeMode>absolute</altitudeMode>
		</Camera>
		<styleUrl>#__managed_style_0F0B14BC552A02CAACD4</styleUrl>
		<Point>
			<altitudeMode>relativeToGround</altitudeMode>
			<coordinates>104.7102480213368,17.02948562244365,0</coordinates>
		</Point>
	</Placemark>
	<Placemark id="0778B60E832A03572BA3">
		<name>LT42-SG-0100-2+450</name>
		<Camera>
			<gx:ViewerOptions>
				<gx:option name="streetview"></gx:option>
				<gx:streetViewPanoId>uQT08km4Jv3eCZo23REC5Q</gx:streetViewPanoId>
			</gx:ViewerOptions>
			<longitude>104.7097611060012</longitude>
			<latitude>17.02994445731651</latitude>
			<altitude>152.7742309570312</altitude>
			<heading>173.7964900565483</heading>
			<tilt>87.98906460435418</tilt>
			<roll>0</roll>
			<gx:fovy>59.99999999999999</gx:fovy>
			<altitudeMode>absolute</altitudeMode>
		</Camera>
		<styleUrl>#__managed_style_0F0B14BC552A02CAACD4</styleUrl>
		<Point>
			<altitudeMode>relativeToGround</altitudeMode>
			<coordinates>104.7097543578707,17.02988675501378,0</coordinates>
		</Point>
	</Placemark>
	<Placemark id="092A4F48EA2A0358E66A">
		<name>LT43-SG-0100-2+520</name>
		<Camera>
			<gx:ViewerOptions>
				<gx:option name="streetview"></gx:option>
				<gx:streetViewPanoId>NnUuGVlX4xzlXYYnWzMGjg</gx:streetViewPanoId>
			</gx:ViewerOptions>
			<longitude>104.7093018210373</longitude>
			<latitude>17.03031725329604</latitude>
			<altitude>152.7594465005057</altitude>
			<heading>200.0984236588856</heading>
			<tilt>69.0275361984181</tilt>
			<roll>0</roll>
			<gx:fovy>59.99999740216271</gx:fovy>
			<altitudeMode>absolute</altitudeMode>
		</Camera>
		<styleUrl>#__managed_style_0F0B14BC552A02CAACD4</styleUrl>
		<Point>
			<altitudeMode>relativeToGround</altitudeMode>
			<coordinates>104.7092973279061,17.03028685002244,0</coordinates>
		</Point>
	</Placemark>
	<Placemark id="07F38E6C8A2A035A166A">
		<name>LT44-SG-0100-2+590</name>
		<Camera>
			<gx:ViewerOptions>
				<gx:option name="streetview"></gx:option>
				<gx:streetViewPanoId>tMYOF2_5RM41468URPxptw</gx:streetViewPanoId>
			</gx:ViewerOptions>
			<longitude>104.7089410505879</longitude>
			<latitude>17.03061761921701</latitude>
			<altitude>152.7585263218193</altitude>
			<heading>244.1305820994969</heading>
			<tilt>79.60647866499956</tilt>
			<roll>0</roll>
			<gx:fovy>59.99999987203675</gx:fovy>
			<altitudeMode>absolute</altitudeMode>
		</Camera>
		<styleUrl>#__managed_style_0F0B14BC552A02CAACD4</styleUrl>
		<Point>
			<altitudeMode>relativeToGround</altitudeMode>
			<coordinates>104.7089236701115,17.03059767955138,0</coordinates>
		</Point>
	</Placemark>
	<Placemark id="0784CE6C1C2A035B9BED">
		<name>LT45-SG-0100-2+750</name>
		<Camera>
			<gx:ViewerOptions>
				<gx:option name="streetview"></gx:option>
				<gx:streetViewPanoId>02N7V3RM_eeYrXPifnLVfA</gx:streetViewPanoId>
			</gx:ViewerOptions>
			<longitude>104.7065305668069</longitude>
			<latitude>17.03260350675161</latitude>
			<altitude>151.8309478759766</altitude>
			<heading>175.4086168833242</heading>
			<tilt>85.69141828540708</tilt>
			<roll>0</roll>
			<gx:fovy>59.99999999999999</gx:fovy>
			<altitudeMode>absolute</altitudeMode>
		</Camera>
		<styleUrl>#__managed_style_0F0B14BC552A02CAACD4</styleUrl>
		<Point>
			<altitudeMode>relativeToGround</altitudeMode>
			<coordinates>104.7065408876582,17.03255321138517,0</coordinates>
		</Point>
	</Placemark>
	<Placemark id="0B1AC1C9EA2A0371019F">
		<name>LT46-SG-0100-2+800</name>
		<Camera>
			<gx:ViewerOptions>
				<gx:option name="streetview"></gx:option>
				<gx:streetViewPanoId>1RV45IGCenl4beiJ5emyfA</gx:streetViewPanoId>
			</gx:ViewerOptions>
			<longitude>104.7062419733703</longitude>
			<latitude>17.03284234202176</latitude>
			<altitude>151.7011808546751</altitude>
			<heading>218.3548948752539</heading>
			<tilt>77.77932919963369</tilt>
			<roll>0</roll>
			<gx:fovy>55.5268744012076</gx:fovy>
			<altitudeMode>absolute</altitudeMode>
		</Camera>
		<styleUrl>#__managed_style_0F0B14BC552A02CAACD4</styleUrl>
		<Point>
			<altitudeMode>relativeToGround</altitudeMode>
			<coordinates>104.706230937673,17.03280729496565,0</coordinates>
		</Point>
	</Placemark>
	<Placemark id="09C4022FC02A0371D0AF">
		<name>LT47-SG-0100-2+850</name>
		<Camera>
			<gx:ViewerOptions>
				<gx:option name="streetview"></gx:option>
				<gx:streetViewPanoId>joAUMhDedkcpGfuGC_LI_A</gx:streetViewPanoId>
			</gx:ViewerOptions>
			<longitude>104.7058843247169</longitude>
			<latitude>17.03314494216432</latitude>
			<altitude>151.6053771972656</altitude>
			<heading>206.096370898023</heading>
			<tilt>84.79207103322365</tilt>
			<roll>0</roll>
			<gx:fovy>59.99999999999999</gx:fovy>
			<altitudeMode>absolute</altitudeMode>
		</Camera>
		<styleUrl>#__managed_style_0F0B14BC552A02CAACD4</styleUrl>
		<Point>
			<altitudeMode>relativeToGround</altitudeMode>
			<coordinates>104.7058654264106,17.03310416001656,0</coordinates>
		</Point>
	</Placemark>
	<Placemark id="0745D1573E2A03726A6F">
		<name>LT48-SG-0100-2+900</name>
		<Camera>
			<gx:ViewerOptions>
				<gx:option name="streetview"></gx:option>
				<gx:streetViewPanoId>-iWWRFSJlKDUMER6Y-f83g</gx:streetViewPanoId>
			</gx:ViewerOptions>
			<longitude>104.7055315712971</longitude>
			<latitude>17.03344999436993</latitude>
			<altitude>151.4147491472305</altitude>
			<heading>227.9496399304779</heading>
			<tilt>83.75077864933843</tilt>
			<roll>0</roll>
			<gx:fovy>59.99999999882492</gx:fovy>
			<altitudeMode>absolute</altitudeMode>
		</Camera>
		<styleUrl>#__managed_style_0F0B14BC552A02CAACD4</styleUrl>
		<Point>
			<altitudeMode>relativeToGround</altitudeMode>
			<coordinates>104.7054822558817,17.03339230412415,0</coordinates>
		</Point>
	</Placemark>
	<Placemark id="080DAF9FBE2A03731A9C">
		<name>LT49-SG-0100-2+950</name>
		<Camera>
			<gx:ViewerOptions>
				<gx:option name="streetview"></gx:option>
				<gx:streetViewPanoId>ZZpHjUPUkEw9qUysD3tLGw</gx:streetViewPanoId>
			</gx:ViewerOptions>
			<longitude>104.7051445579426</longitude>
			<latitude>17.03377847546408</latitude>
			<altitude>151.302772873418</altitude>
			<heading>216.1294683538754</heading>
			<tilt>98.64841451638966</tilt>
			<roll>0</roll>
			<gx:fovy>85.14266414254764</gx:fovy>
			<altitudeMode>absolute</altitudeMode>
		</Camera>
		<styleUrl>#__managed_style_0F0B14BC552A02CAACD4</styleUrl>
		<Point>
			<altitudeMode>relativeToGround</altitudeMode>
			<coordinates>104.7051126164278,17.03369622927015,0</coordinates>
		</Point>
	</Placemark>
	<Placemark id="005B2595A32A0373D2B9">
		<name>LT50-SG-0100-3+000</name>
		<Camera>
			<gx:ViewerOptions>
				<gx:option name="streetview"></gx:option>
				<gx:streetViewPanoId>y5Y9WoWccSSjV1OiQWpcBA</gx:streetViewPanoId>
			</gx:ViewerOptions>
			<longitude>104.7047967895867</longitude>
			<latitude>17.03409721948429</latitude>
			<altitude>151.0419674313034</altitude>
			<heading>216.1615785503787</heading>
			<tilt>87.65659588364085</tilt>
			<roll>0</roll>
			<gx:fovy>59.99999101348558</gx:fovy>
			<altitudeMode>absolute</altitudeMode>
		</Camera>
		<styleUrl>#__managed_style_0F0B14BC552A02CAACD4</styleUrl>
		<Point>
			<altitudeMode>relativeToGround</altitudeMode>
			<coordinates>104.7047492730118,17.03399677764168,0</coordinates>
		</Point>
	</Placemark>
	<Placemark id="02222E594D2A0374676C">
		<name>LT51-SG-0100-3+050</name>
		<Camera>
			<gx:ViewerOptions>
				<gx:option name="streetview"></gx:option>
				<gx:streetViewPanoId>Lxo8SA4x5L3MBShLVSAj2Q</gx:streetViewPanoId>
			</gx:ViewerOptions>
			<longitude>104.7044528485233</longitude>
			<latitude>17.0344290371653</latitude>
			<altitude>150.8036585456685</altitude>
			<heading>214.8973811395799</heading>
			<tilt>96.83653625828428</tilt>
			<roll>0</roll>
			<gx:fovy>46.40553501760512</gx:fovy>
			<altitudeMode>absolute</altitudeMode>
		</Camera>
		<styleUrl>#__managed_style_0F0B14BC552A02CAACD4</styleUrl>
		<Point>
			<altitudeMode>relativeToGround</altitudeMode>
			<coordinates>104.7043684846677,17.03432468254478,0</coordinates>
		</Point>
	</Placemark>
	<Placemark id="00D4262BC52A0374E3D7">
		<name>LT52-SG-0100-3+100</name>
		<Camera>
			<gx:ViewerOptions>
				<gx:option name="streetview"></gx:option>
				<gx:streetViewPanoId>ngsC9V7LppsHhQZGinrEBg</gx:streetViewPanoId>
			</gx:ViewerOptions>
			<longitude>104.7040903096697</longitude>
			<latitude>17.03472584916613</latitude>
			<altitude>150.5808794931959</altitude>
			<heading>221.9369940847794</heading>
			<tilt>99.84532903968956</tilt>
			<roll>0</roll>
			<gx:fovy>64.33041303244106</gx:fovy>
			<altitudeMode>absolute</altitudeMode>
		</Camera>
		<styleUrl>#__managed_style_0F0B14BC552A02CAACD4</styleUrl>
		<Point>
			<altitudeMode>relativeToGround</altitudeMode>
			<coordinates>104.7039971608951,17.03464480130651,0</coordinates>
		</Point>
	</Placemark>
	<Placemark id="0B873D0B082A03762614">
		<name>LT53-SG-0100-4+350</name>
		<Camera>
			<gx:ViewerOptions>
				<gx:option name="streetview"></gx:option>
				<gx:streetViewPanoId>34M15LB37Nfdv6hoCMV3cA</gx:streetViewPanoId>
			</gx:ViewerOptions>
			<longitude>104.6949805777541</longitude>
			<latitude>17.0419275651679</latitude>
			<altitude>150.4629696216412</altitude>
			<heading>219.3204610600655</heading>
			<tilt>88.59113489245306</tilt>
			<roll>0</roll>
			<gx:fovy>72.06536170490918</gx:fovy>
			<altitudeMode>absolute</altitudeMode>
		</Camera>
		<styleUrl>#__managed_style_0F0B14BC552A02CAACD4</styleUrl>
		<Point>
			<altitudeMode>relativeToGround</altitudeMode>
			<coordinates>104.6949518737895,17.04190854539797,0</coordinates>
		</Point>
	</Placemark>
	<Placemark id="0907A90EE42A0377B24B">
		<name>LT54-SG-0100-4+400</name>
		<Camera>
			<gx:ViewerOptions>
				<gx:option name="streetview"></gx:option>
				<gx:streetViewPanoId>GkxrPZzkBqNl5p2SAwXuEQ</gx:streetViewPanoId>
			</gx:ViewerOptions>
			<longitude>104.6946165485145</longitude>
			<latitude>17.04222027951619</latitude>
			<altitude>150.4560394287109</altitude>
			<heading>268.6527341199744</heading>
			<tilt>85.55369138967149</tilt>
			<roll>0</roll>
			<gx:fovy>59.99999999999999</gx:fovy>
			<altitudeMode>absolute</altitudeMode>
		</Camera>
		<styleUrl>#__managed_style_0F0B14BC552A02CAACD4</styleUrl>
		<Point>
			<altitudeMode>relativeToGround</altitudeMode>
			<coordinates>104.6945492199763,17.04222692059428,0</coordinates>
		</Point>
	</Placemark>
	<Placemark id="0E54D85B2B2A037869ED">
		<name>LT55-SG-0100-4+450</name>
		<Camera>
			<gx:ViewerOptions>
				<gx:option name="streetview"></gx:option>
				<gx:streetViewPanoId>oHyz5gMmfks7vUwOebU-Cw</gx:streetViewPanoId>
			</gx:ViewerOptions>
			<longitude>104.6942549226683</longitude>
			<latitude>17.04251782592039</latitude>
			<altitude>150.4330139160156</altitude>
			<heading>184.0245401872784</heading>
			<tilt>85.70337305225389</tilt>
			<roll>0</roll>
			<gx:fovy>59.99999999999999</gx:fovy>
			<altitudeMode>absolute</altitudeMode>
		</Camera>
		<styleUrl>#__managed_style_0F0B14BC552A02CAACD4</styleUrl>
		<Point>
			<altitudeMode>relativeToGround</altitudeMode>
			<coordinates>104.6942549226683,17.04251782592039,0</coordinates>
		</Point>
	</Placemark>
	<Placemark id="00733B4E0A2A0378C61B">
		<name>LT56-SG-0100-4+500</name>
		<Camera>
			<gx:ViewerOptions>
				<gx:option name="streetview"></gx:option>
				<gx:streetViewPanoId>2MNB1yIsMSwjINUCbksE5Q</gx:streetViewPanoId>
			</gx:ViewerOptions>
			<longitude>104.6939649285407</longitude>
			<latitude>17.04275501808712</latitude>
			<altitude>150.4112337746912</altitude>
			<heading>246.8735935813197</heading>
			<tilt>76.90701696566862</tilt>
			<roll>0</roll>
			<gx:fovy>59.99999999999999</gx:fovy>
			<altitudeMode>absolute</altitudeMode>
		</Camera>
		<styleUrl>#__managed_style_0F0B14BC552A02CAACD4</styleUrl>
		<Point>
			<altitudeMode>relativeToGround</altitudeMode>
			<coordinates>104.6939048932489,17.04276320364797,0</coordinates>
		</Point>
	</Placemark>
	<Placemark id="02078618962A0379348F">
		<name>LT57-SG-0100-4+550</name>
		<Camera>
			<gx:ViewerOptions>
				<gx:option name="streetview"></gx:option>
				<gx:streetViewPanoId>IAjkwb7Oy90tNAGu2ApYJw</gx:streetViewPanoId>
			</gx:ViewerOptions>
			<longitude>104.6936036601572</longitude>
			<latitude>17.043053505498</latitude>
			<altitude>150.464100000299</altitude>
			<heading>176.8176684991298</heading>
			<tilt>77.73365321518837</tilt>
			<roll>0</roll>
			<gx:fovy>59.99999859192499</gx:fovy>
			<altitudeMode>absolute</altitudeMode>
		</Camera>
		<styleUrl>#__managed_style_0F0B14BC552A02CAACD4</styleUrl>
		<Point>
			<altitudeMode>relativeToGround</altitudeMode>
			<coordinates>104.6936050474071,17.04302452719201,0</coordinates>
		</Point>
	</Placemark>
	<Placemark id="0D408ED3292A0379D1CF">
		<name>LT58-SG-0100-4+600</name>
		<Camera>
			<gx:ViewerOptions>
				<gx:option name="streetview"></gx:option>
				<gx:streetViewPanoId>gkOqbtKJ7SBW-_6zJU5n8g</gx:streetViewPanoId>
			</gx:ViewerOptions>
			<longitude>104.6932439942989</longitude>
			<latitude>17.04334932750186</latitude>
			<altitude>150.5314788818359</altitude>
			<heading>180.388693130622</heading>
			<tilt>86.01912618761723</tilt>
			<roll>0</roll>
			<gx:fovy>59.99999999999846</gx:fovy>
			<altitudeMode>absolute</altitudeMode>
		</Camera>
		<styleUrl>#__managed_style_0F0B14BC552A02CAACD4</styleUrl>
		<Point>
			<altitudeMode>relativeToGround</altitudeMode>
			<coordinates>104.6932518138505,17.04329610014299,0</coordinates>
		</Point>
	</Placemark>
	<Placemark id="0BEFF445412A037A6D74">
		<name>LT59-SG-0100-4+650</name>
		<Camera>
			<gx:ViewerOptions>
				<gx:option name="streetview"></gx:option>
				<gx:streetViewPanoId>Ksot1rlNUPdro7v1HQWJJQ</gx:streetViewPanoId>
			</gx:ViewerOptions>
			<longitude>104.6929541800426</longitude>
			<latitude>17.04358176267439</latitude>
			<altitude>150.6616821289062</altitude>
			<heading>271.2756139007826</heading>
			<tilt>89.74774059002408</tilt>
			<roll>0</roll>
			<gx:fovy>59.99999999999991</gx:fovy>
			<altitudeMode>absolute</altitudeMode>
		</Camera>
		<styleUrl>#__managed_style_0F0B14BC552A02CAACD4</styleUrl>
		<Point>
			<altitudeMode>relativeToGround</altitudeMode>
			<coordinates>104.6929134263845,17.04358813410424,0</coordinates>
		</Point>
	</Placemark>
	<Placemark id="097C28A72F2A037B1305">
		<name>LT60-SG-0100-4+700</name>
		<Camera>
			<gx:ViewerOptions>
				<gx:option name="streetview"></gx:option>
				<gx:streetViewPanoId>GvMSTmBd_LORwMGZ7lE8Lw</gx:streetViewPanoId>
			</gx:ViewerOptions>
			<longitude>104.6925221736228</longitude>
			<latitude>17.04393553226453</latitude>
			<altitude>150.6763610839844</altitude>
			<heading>188.1053285991332</heading>
			<tilt>80.47028780821</tilt>
			<roll>0</roll>
			<gx:fovy>59.99999988591744</gx:fovy>
			<altitudeMode>absolute</altitudeMode>
		</Camera>
		<styleUrl>#__managed_style_0F0B14BC552A02CAACD4</styleUrl>
		<Point>
			<altitudeMode>relativeToGround</altitudeMode>
			<coordinates>104.6925257332755,17.04390509834324,0</coordinates>
		</Point>
	</Placemark>
	<Placemark id="063343D2BF2A037E90C5">
		<name>LT61-SG-0100-4+750</name>
		<Camera>
			<gx:ViewerOptions>
				<gx:option name="streetview"></gx:option>
				<gx:streetViewPanoId>6RAubpOiBAbDzSghf19ZYQ</gx:streetViewPanoId>
			</gx:ViewerOptions>
			<longitude>104.6921596628908</longitude>
			<latitude>17.04423103734972</latitude>
			<altitude>150.7541758861398</altitude>
			<heading>180.7540027324509</heading>
			<tilt>90.58840053630949</tilt>
			<roll>0</roll>
			<gx:fovy>59.99999999999999</gx:fovy>
			<altitudeMode>absolute</altitudeMode>
		</Camera>
		<styleUrl>#__managed_style_0F0B14BC552A02CAACD4</styleUrl>
		<Point>
			<altitudeMode>relativeToGround</altitudeMode>
			<coordinates>104.6921646927524,17.04419666678553,0</coordinates>
		</Point>
	</Placemark>
	<Placemark id="0094ACD2B02A037F1A06">
		<name>LT62-SG-0100-4+800</name>
		<Camera>
			<gx:ViewerOptions>
				<gx:option name="streetview"></gx:option>
				<gx:streetViewPanoId>yWCH0ghOihPgX0t4fWXCuQ</gx:streetViewPanoId>
			</gx:ViewerOptions>
			<longitude>104.691801335131</longitude>
			<latitude>17.044526235496</latitude>
			<altitude>150.8347320556641</altitude>
			<heading>218.5228332289832</heading>
			<tilt>81.08028275134942</tilt>
			<roll>0</roll>
			<gx:fovy>59.99999999999999</gx:fovy>
			<altitudeMode>absolute</altitudeMode>
		</Camera>
		<styleUrl>#__managed_style_0F0B14BC552A02CAACD4</styleUrl>
		<Point>
			<altitudeMode>relativeToGround</altitudeMode>
			<coordinates>104.6917800994754,17.04450066997894,0</coordinates>
		</Point>
	</Placemark>
	<Placemark id="0BA35FDE852A037FA287">
		<name>LT63-SG-0100-4+850</name>
		<Camera>
			<gx:ViewerOptions>
				<gx:option name="streetview"></gx:option>
				<gx:streetViewPanoId>5CdFAJIat0U5iDt2tboyWA</gx:streetViewPanoId>
			</gx:ViewerOptions>
			<longitude>104.6914100852391</longitude>
			<latitude>17.04481190325585</latitude>
			<altitude>151.0906674786493</altitude>
			<heading>172.5586594587994</heading>
			<tilt>69.55922127016298</tilt>
			<roll>0</roll>
			<gx:fovy>59.99913354759237</gx:fovy>
			<altitudeMode>absolute</altitudeMode>
		</Camera>
		<styleUrl>#__managed_style_0F0B14BC552A02CAACD4</styleUrl>
		<Point>
			<altitudeMode>relativeToGround</altitudeMode>
			<coordinates>104.691401720346,17.04476661518304,0</coordinates>
		</Point>
	</Placemark>
	<Placemark id="070A796EE02A03806777">
		<name>LT64-SG-0100-4+900</name>
		<Camera>
			<gx:ViewerOptions>
				<gx:option name="streetview"></gx:option>
				<gx:streetViewPanoId>FgKxvPxA27GmhT3t8QVYBg</gx:streetViewPanoId>
			</gx:ViewerOptions>
			<longitude>104.6910934912179</longitude>
			<latitude>17.04523873488851</latitude>
			<altitude>151.7191467285156</altitude>
			<heading>207.2784216102886</heading>
			<tilt>96.71775763022778</tilt>
			<roll>0</roll>
			<gx:fovy>42.35672981103723</gx:fovy>
			<altitudeMode>absolute</altitudeMode>
		</Camera>
		<styleUrl>#__managed_style_0F0B14BC552A02CAACD4</styleUrl>
		<Point>
			<altitudeMode>relativeToGround</altitudeMode>
			<coordinates>104.6910089371997,17.04511056299662,0</coordinates>
		</Point>
	</Placemark>
	<Placemark id="02B4597D6D2A0380F361">
		<name>LT65-SG-0100-4+950</name>
		<Camera>
			<gx:ViewerOptions>
				<gx:option name="streetview"></gx:option>
				<gx:streetViewPanoId>_ic8xVDqUU-ZyAKWdzdJKg</gx:streetViewPanoId>
			</gx:ViewerOptions>
			<longitude>104.6907461105584</longitude>
			<latitude>17.04552320134689</latitude>
			<altitude>152.2651672363281</altitude>
			<heading>210.0164156053088</heading>
			<tilt>94.3892362079592</tilt>
			<roll>0</roll>
			<gx:fovy>42.0554662575047</gx:fovy>
			<altitudeMode>absolute</altitudeMode>
		</Camera>
		<styleUrl>#__managed_style_0F0B14BC552A02CAACD4</styleUrl>
		<Point>
			<altitudeMode>relativeToGround</altitudeMode>
			<coordinates>104.6906671309071,17.04540981614099,0</coordinates>
		</Point>
	</Placemark>
	<Placemark id="06C45F49842A038185BC">
		<name>LT66-SG-0100-5+010</name>
		<Camera>
			<gx:ViewerOptions>
				<gx:option name="streetview"></gx:option>
				<gx:streetViewPanoId>r8oXauYZBwM4a_UBUm1AAg</gx:streetViewPanoId>
			</gx:ViewerOptions>
			<longitude>104.6902876831856</longitude>
			<latitude>17.04575669286984</latitude>
			<altitude>151.9911346435547</altitude>
			<heading>187.9159450092786</heading>
			<tilt>79.07064843967207</tilt>
			<roll>0</roll>
			<gx:fovy>59.99999999999999</gx:fovy>
			<altitudeMode>absolute</altitudeMode>
		</Camera>
		<styleUrl>#__managed_style_0F0B14BC552A02CAACD4</styleUrl>
		<Point>
			<altitudeMode>relativeToGround</altitudeMode>
			<coordinates>104.6902875154318,17.04571394284996,0</coordinates>
		</Point>
	</Placemark>
	<Placemark id="00A877891D2A03828530">
		<name>LT67-SG-0100-5+050</name>
		<Camera>
			<gx:ViewerOptions>
				<gx:option name="streetview"></gx:option>
				<gx:streetViewPanoId>taQUbPfJqFMMhsMZcKSIQQ</gx:streetViewPanoId>
			</gx:ViewerOptions>
			<longitude>104.689921351581</longitude>
			<latitude>17.04605643524054</latitude>
			<altitude>151.2215118408203</altitude>
			<heading>192.2072244441713</heading>
			<tilt>78.0284933750242</tilt>
			<roll>0</roll>
			<gx:fovy>59.99999999999999</gx:fovy>
			<altitudeMode>absolute</altitudeMode>
		</Camera>
		<styleUrl>#__managed_style_0F0B14BC552A02CAACD4</styleUrl>
		<Point>
			<altitudeMode>relativeToGround</altitudeMode>
			<coordinates>104.6898952228421,17.04600892919295,0</coordinates>
		</Point>
	</Placemark>
	<Placemark id="0EA3D237E62A038344E3">
		<name>LT68-SG-0100-5+100</name>
		<Camera>
			<gx:ViewerOptions>
				<gx:option name="streetview"></gx:option>
				<gx:streetViewPanoId>pqYjhDDxq4_hyIGO6wLCwQ</gx:streetViewPanoId>
			</gx:ViewerOptions>
			<longitude>104.6895596478055</longitude>
			<latitude>17.04635759536695</latitude>
			<altitude>150.4453277587891</altitude>
			<heading>197.71378934514</heading>
			<tilt>79.21499908903482</tilt>
			<roll>0</roll>
			<gx:fovy>59.99999999999999</gx:fovy>
			<altitudeMode>absolute</altitudeMode>
		</Camera>
		<styleUrl>#__managed_style_0F0B14BC552A02CAACD4</styleUrl>
		<Point>
			<altitudeMode>relativeToGround</altitudeMode>
			<coordinates>104.6895476728456,17.04632259970316,0</coordinates>
		</Point>
	</Placemark>
	<Placemark id="0BAA735EB22A03842156">
		<name>LT69-SG-0100-5+150</name>
		<Camera>
			<gx:ViewerOptions>
				<gx:option name="streetview"></gx:option>
				<gx:streetViewPanoId>aM9gI53YUb4EA73O2ktSjQ</gx:streetViewPanoId>
			</gx:ViewerOptions>
			<longitude>104.6891917163027</longitude>
			<latitude>17.04665455651728</latitude>
			<altitude>149.9145202636719</altitude>
			<heading>198.5221616250308</heading>
			<tilt>78.6957822119532</tilt>
			<roll>0</roll>
			<gx:fovy>59.99999999999999</gx:fovy>
			<altitudeMode>absolute</altitudeMode>
		</Camera>
		<styleUrl>#__managed_style_0F0B14BC552A02CAACD4</styleUrl>
		<Point>
			<altitudeMode>relativeToGround</altitudeMode>
			<coordinates>104.689179357188,17.04662505485735,0</coordinates>
		</Point>
	</Placemark>
	<Placemark id="0F70FC6C1B2A03851B31">
		<name>LT70-SG-0100-5+200</name>
		<Camera>
			<gx:ViewerOptions>
				<gx:option name="streetview"></gx:option>
				<gx:streetViewPanoId>_Mj_t8rW91rDwlQFXQyFUA</gx:streetViewPanoId>
			</gx:ViewerOptions>
			<longitude>104.6888270779225</longitude>
			<latitude>17.04695435149945</latitude>
			<altitude>149.5212249755859</altitude>
			<heading>220.570590914235</heading>
			<tilt>74.19658250647751</tilt>
			<roll>0</roll>
			<gx:fovy>60.27170303999316</gx:fovy>
			<altitudeMode>absolute</altitudeMode>
		</Camera>
		<styleUrl>#__managed_style_0F0B14BC552A02CAACD4</styleUrl>
		<Point>
			<altitudeMode>relativeToGround</altitudeMode>
			<coordinates>104.6888155501981,17.0469405976133,0</coordinates>
		</Point>
	</Placemark>
	<Placemark id="016518F8092A03858D4A">
		<name>LT71-SG-0100-5+250</name>
		<Camera>
			<gx:ViewerOptions>
				<gx:option name="streetview"></gx:option>
				<gx:streetViewPanoId>fugSz7ATq2meTVmuA0zRlQ</gx:streetViewPanoId>
			</gx:ViewerOptions>
			<longitude>104.6884705375229</longitude>
			<latitude>17.0472538155582</latitude>
			<altitude>149.2991460479155</altitude>
			<heading>237.1778929084244</heading>
			<tilt>80.94943527434461</tilt>
			<roll>0</roll>
			<gx:fovy>59.9998799663984</gx:fovy>
			<altitudeMode>absolute</altitudeMode>
		</Camera>
		<styleUrl>#__managed_style_0F0B14BC552A02CAACD4</styleUrl>
		<Point>
			<altitudeMode>relativeToGround</altitudeMode>
			<coordinates>104.6884458348993,17.04723950526842,0</coordinates>
		</Point>
	</Placemark>
	<Placemark id="07020961272A03860FA2">
		<name>LT72-SG-0100-5+300</name>
		<Camera>
			<gx:ViewerOptions>
				<gx:option name="streetview"></gx:option>
				<gx:streetViewPanoId>BsGw5IbwIN4regL1XPtDxw</gx:streetViewPanoId>
			</gx:ViewerOptions>
			<longitude>104.6881123073484</longitude>
			<latitude>17.04755419502067</latitude>
			<altitude>149.0976905714032</altitude>
			<heading>251.7504479304412</heading>
			<tilt>81.98099219119054</tilt>
			<roll>0</roll>
			<gx:fovy>59.99999410860453</gx:fovy>
			<altitudeMode>absolute</altitudeMode>
		</Camera>
		<styleUrl>#__managed_style_0F0B14BC552A02CAACD4</styleUrl>
		<Point>
			<altitudeMode>relativeToGround</altitudeMode>
			<coordinates>104.6880795967194,17.04754512123524,0</coordinates>
		</Point>
	</Placemark>
	<Placemark id="066B4CA6422A0386B18E">
		<name>LT73-SG-0100-5+350</name>
		<Camera>
			<gx:ViewerOptions>
				<gx:option name="streetview"></gx:option>
				<gx:streetViewPanoId>eDyVigxVNGw9JKnIU-m4rA</gx:streetViewPanoId>
			</gx:ViewerOptions>
			<longitude>104.687681738207</longitude>
			<latitude>17.04791085323229</latitude>
			<altitude>149.0784759521484</altitude>
			<heading>186.9027690229922</heading>
			<tilt>80.25848759281556</tilt>
			<roll>0</roll>
			<gx:fovy>59.99999999999999</gx:fovy>
			<altitudeMode>absolute</altitudeMode>
		</Camera>
		<styleUrl>#__managed_style_0F0B14BC552A02CAACD4</styleUrl>
		<Point>
			<altitudeMode>relativeToGround</altitudeMode>
			<coordinates>104.6876829724033,17.04787229776094,0</coordinates>
		</Point>
	</Placemark>
	<Placemark id="0F0687C5F62A03873CAD">
		<name>LT74-SG-0100-5+400</name>
		<Camera>
			<gx:ViewerOptions>
				<gx:option name="streetview"></gx:option>
				<gx:streetViewPanoId>MqK7cXnALpPaFxNuXV8Y8A</gx:streetViewPanoId>
			</gx:ViewerOptions>
			<longitude>104.6873263571886</longitude>
			<latitude>17.04820891549371</latitude>
			<altitude>149.0602416992188</altitude>
			<heading>200.4376468707637</heading>
			<tilt>91.14096276589746</tilt>
			<roll>0</roll>
			<gx:fovy>60.72686970960712</gx:fovy>
			<altitudeMode>absolute</altitudeMode>
		</Camera>
		<styleUrl>#__managed_style_0F0B14BC552A02CAACD4</styleUrl>
		<Point>
			<altitudeMode>relativeToGround</altitudeMode>
			<coordinates>104.6873077356415,17.04814071863803,0</coordinates>
		</Point>
	</Placemark>
	<Placemark id="0950D59A622A0387BE91">
		<name>LT75-SG-0100-5+450</name>
		<Camera>
			<gx:ViewerOptions>
				<gx:option name="streetview"></gx:option>
				<gx:streetViewPanoId>-5_5zJtKtSIza9YZN02OKQ</gx:streetViewPanoId>
			</gx:ViewerOptions>
			<longitude>104.6869685011776</longitude>
			<latitude>17.0485027198257</latitude>
			<altitude>149.0472111363424</altitude>
			<heading>217.2668395767429</heading>
			<tilt>88.21503678637248</tilt>
			<roll>0</roll>
			<gx:fovy>59.99912052231689</gx:fovy>
			<altitudeMode>absolute</altitudeMode>
		</Camera>
		<styleUrl>#__managed_style_0F0B14BC552A02CAACD4</styleUrl>
		<Point>
			<altitudeMode>relativeToGround</altitudeMode>
			<coordinates>104.6869110630276,17.04846530509489,0</coordinates>
		</Point>
	</Placemark>
	<Placemark id="0B5E39B4022A03884183">
		<name>LT76-SG-0100-5+500</name>
		<Camera>
			<gx:ViewerOptions>
				<gx:option name="streetview"></gx:option>
				<gx:streetViewPanoId>dgHJn8V_sVlLKy8mXBy4lA</gx:streetViewPanoId>
			</gx:ViewerOptions>
			<longitude>104.6866102589273</longitude>
			<latitude>17.04879734940068</latitude>
			<altitude>148.9399719238281</altitude>
			<heading>186.6944548226865</heading>
			<tilt>79.22746829239335</tilt>
			<roll>0</roll>
			<gx:fovy>59.99989637872388</gx:fovy>
			<altitudeMode>absolute</altitudeMode>
		</Camera>
		<styleUrl>#__managed_style_0F0B14BC552A02CAACD4</styleUrl>
		<Point>
			<altitudeMode>relativeToGround</altitudeMode>
			<coordinates>104.6865945228421,17.04875054950435,0</coordinates>
		</Point>
	</Placemark>
	<Placemark id="032935E2AA2A0388C7A2">
		<name>LT77-SG-0100-5+550</name>
		<Camera>
			<gx:ViewerOptions>
				<gx:option name="streetview"></gx:option>
				<gx:streetViewPanoId>THuprq0c7sXqjfVSUWOwSA</gx:streetViewPanoId>
			</gx:ViewerOptions>
			<longitude>104.6862394871961</longitude>
			<latitude>17.04906912839279</latitude>
			<altitude>148.3499743496225</altitude>
			<heading>204.4672178116532</heading>
			<tilt>77.56155056370004</tilt>
			<roll>0</roll>
			<gx:fovy>59.99999921661372</gx:fovy>
			<altitudeMode>absolute</altitudeMode>
		</Camera>
		<styleUrl>#__managed_style_0F0B14BC552A02CAACD4</styleUrl>
		<Point>
			<altitudeMode>relativeToGround</altitudeMode>
			<coordinates>104.6862058990235,17.04905256637933,0</coordinates>
		</Point>
	</Placemark>
	<Placemark id="015FC1766D2A03894824">
		<name>LT78-SG-0100-5+600</name>
		<Camera>
			<gx:ViewerOptions>
				<gx:option name="streetview"></gx:option>
				<gx:streetViewPanoId>leUKGFFJ1U165Qu3rqDreQ</gx:streetViewPanoId>
			</gx:ViewerOptions>
			<longitude>104.6857538460962</longitude>
			<latitude>17.04926165254616</latitude>
			<altitude>148.0018005371094</altitude>
			<heading>150.7781951845226</heading>
			<tilt>91.2542788074561</tilt>
			<roll>0</roll>
			<gx:fovy>59.99980715717072</gx:fovy>
			<altitudeMode>absolute</altitudeMode>
		</Camera>
		<styleUrl>#__managed_style_0F0B14BC552A02CAACD4</styleUrl>
		<Point>
			<altitudeMode>relativeToGround</altitudeMode>
			<coordinates>104.6857706818342,17.04923452406351,0</coordinates>
		</Point>
	</Placemark>
	<Placemark id="0BDCB0E40B2A0389F35C">
		<name>LT79-SG-0100-5+650</name>
		<Camera>
			<gx:ViewerOptions>
				<gx:option name="streetview"></gx:option>
				<gx:streetViewPanoId>5AEkgN0lzOE2VlHlIO-lWw</gx:streetViewPanoId>
			</gx:ViewerOptions>
			<longitude>104.6852862689515</longitude>
			<latitude>17.04935821347307</latitude>
			<altitude>147.7924499511719</altitude>
			<heading>177.7001121696411</heading>
			<tilt>89.44696917820498</tilt>
			<roll>0</roll>
			<gx:fovy>59.99999999941483</gx:fovy>
			<altitudeMode>absolute</altitudeMode>
		</Camera>
		<styleUrl>#__managed_style_0F0B14BC552A02CAACD4</styleUrl>
		<Point>
			<altitudeMode>relativeToGround</altitudeMode>
			<coordinates>104.6852987156776,17.04934907370514,0</coordinates>
		</Point>
	</Placemark>
	<Placemark id="026C15B0502A038AF5B3">
		<name>LT80-SG-0100-5+700</name>
		<Camera>
			<gx:ViewerOptions>
				<gx:option name="streetview"></gx:option>
				<gx:streetViewPanoId>6u39h4bIagaiMV3VMlvhKw</gx:streetViewPanoId>
			</gx:ViewerOptions>
			<longitude>104.6848245657243</longitude>
			<latitude>17.04945407845342</latitude>
			<altitude>147.5527954101562</altitude>
			<heading>165.0150566339343</heading>
			<tilt>73.68303699565092</tilt>
			<roll>0</roll>
			<gx:fovy>59.99999999999999</gx:fovy>
			<altitudeMode>absolute</altitudeMode>
		</Camera>
		<styleUrl>#__managed_style_0F0B14BC552A02CAACD4</styleUrl>
		<Point>
			<altitudeMode>relativeToGround</altitudeMode>
			<coordinates>104.6848264461586,17.04943541433762,0</coordinates>
		</Point>
	</Placemark>
	<Placemark id="0D6515F5CA2A038CEA1D">
		<name>LT81-SG-0100-5+800</name>
		<Camera>
			<gx:ViewerOptions>
				<gx:option name="streetview"></gx:option>
				<gx:streetViewPanoId>FLrVSg84BIENXEOL8tS9dQ</gx:streetViewPanoId>
			</gx:ViewerOptions>
			<longitude>104.6839140650493</longitude>
			<latitude>17.04965100887624</latitude>
			<altitude>147.2948760986328</altitude>
			<heading>225.8566578368888</heading>
			<tilt>76.54921642519977</tilt>
			<roll>0</roll>
			<gx:fovy>59.99999995233426</gx:fovy>
			<altitudeMode>absolute</altitudeMode>
		</Camera>
		<styleUrl>#__managed_style_0F0B14BC552A02CAACD4</styleUrl>
		<Point>
			<altitudeMode>relativeToGround</altitudeMode>
			<coordinates>104.6838880631842,17.04963216124854,0</coordinates>
		</Point>
	</Placemark>
	<Placemark id="082D0B3FAF2A038DE0CA">
		<name>LT82-SG-0100-5+850</name>
		<Camera>
			<gx:ViewerOptions>
				<gx:option name="streetview"></gx:option>
				<gx:streetViewPanoId>YUprHEyzn2WGvfajZvZjXQ</gx:streetViewPanoId>
			</gx:ViewerOptions>
			<longitude>104.6833893706906</longitude>
			<latitude>17.04975387080957</latitude>
			<altitude>147.0458526611328</altitude>
			<heading>163.9154735455965</heading>
			<tilt>85.00416975759543</tilt>
			<roll>0</roll>
			<gx:fovy>59.99999999999999</gx:fovy>
			<altitudeMode>absolute</altitudeMode>
		</Camera>
		<styleUrl>#__managed_style_0F0B14BC552A02CAACD4</styleUrl>
		<Point>
			<altitudeMode>relativeToGround</altitudeMode>
			<coordinates>104.6833996867149,17.04969433693315,0</coordinates>
		</Point>
	</Placemark>
	<Placemark id="046ED640912A038EBAAE">
		<name>LT83-SG-0100-5+900</name>
		<Camera>
			<gx:ViewerOptions>
				<gx:option name="streetview"></gx:option>
				<gx:streetViewPanoId>kO4ZZGYW_3LonyBvDMuVZw</gx:streetViewPanoId>
			</gx:ViewerOptions>
			<longitude>104.6829247369602</longitude>
			<latitude>17.04984625709819</latitude>
			<altitude>147.0221557617188</altitude>
			<heading>174.0042313163471</heading>
			<tilt>68.98856322838856</tilt>
			<roll>0</roll>
			<gx:fovy>59.99999895055937</gx:fovy>
			<altitudeMode>absolute</altitudeMode>
		</Camera>
		<styleUrl>#__managed_style_0F0B14BC552A02CAACD4</styleUrl>
		<Point>
			<altitudeMode>relativeToGround</altitudeMode>
			<coordinates>104.6829313347562,17.04981773323856,0</coordinates>
		</Point>
	</Placemark>
	<Placemark id="0489B1F4CF2A038FEA3F">
		<name>LT84-SG-0100-5+950</name>
		<Camera>
			<gx:ViewerOptions>
				<gx:option name="streetview"></gx:option>
				<gx:streetViewPanoId>BSmhpgqqZSzB4i-NsCqz5g</gx:streetViewPanoId>
			</gx:ViewerOptions>
			<longitude>104.6824602825886</longitude>
			<latitude>17.04994680135284</latitude>
			<altitude>147.4337158203125</altitude>
			<heading>196.555011782409</heading>
			<tilt>73.8918727478349</tilt>
			<roll>0</roll>
			<gx:fovy>59.99999275826224</gx:fovy>
			<altitudeMode>absolute</altitudeMode>
		</Camera>
		<styleUrl>#__managed_style_0F0B14BC552A02CAACD4</styleUrl>
		<Point>
			<altitudeMode>relativeToGround</altitudeMode>
			<coordinates>104.6824543024814,17.04993304112618,0</coordinates>
		</Point>
	</Placemark>
	<Placemark id="0F7AB7544E2A03907AF9">
		<name>LT85-SG-0100-6+000</name>
		<Camera>
			<gx:ViewerOptions>
				<gx:option name="streetview"></gx:option>
				<gx:streetViewPanoId>bcrShoRCwyGbPVN_RsCy1A</gx:streetViewPanoId>
			</gx:ViewerOptions>
			<longitude>104.681997520158</longitude>
			<latitude>17.05004792349409</latitude>
			<altitude>147.8859710693359</altitude>
			<heading>149.4286939411281</heading>
			<tilt>85.51723378171337</tilt>
			<roll>0</roll>
			<gx:fovy>59.99999999999999</gx:fovy>
			<altitudeMode>absolute</altitudeMode>
		</Camera>
		<styleUrl>#__managed_style_0F0B14BC552A02CAACD4</styleUrl>
		<Point>
			<altitudeMode>relativeToGround</altitudeMode>
			<coordinates>104.6820234007421,17.05000989799501,0</coordinates>
		</Point>
	</Placemark>
	<Placemark id="0265FC8C6A2A03912E03">
		<name>LT86-SG-0100-6+050</name>
		<Camera>
			<gx:ViewerOptions>
				<gx:option name="streetview"></gx:option>
				<gx:streetViewPanoId>BbMU1V9VihcREusw_ijYrA</gx:streetViewPanoId>
			</gx:ViewerOptions>
			<longitude>104.6815668791963</longitude>
			<latitude>17.05014220425353</latitude>
			<altitude>148.3779857031694</altitude>
			<heading>225.3440718707186</heading>
			<tilt>85.82451288788373</tilt>
			<roll>0</roll>
			<gx:fovy>59.99999997664405</gx:fovy>
			<altitudeMode>absolute</altitudeMode>
		</Camera>
		<styleUrl>#__managed_style_0F0B14BC552A02CAACD4</styleUrl>
		<Point>
			<altitudeMode>relativeToGround</altitudeMode>
			<coordinates>104.6815512059117,17.05011668493349,0</coordinates>
		</Point>
	</Placemark>
	<Placemark id="0EDDB8355E2A039233D6">
		<name>LT87-SG-0100-6+100</name>
		<Camera>
			<gx:ViewerOptions>
				<gx:option name="streetview"></gx:option>
				<gx:streetViewPanoId>VDK9lahFepePSlM0N_UoTw</gx:streetViewPanoId>
			</gx:ViewerOptions>
			<longitude>104.6810276899448</longitude>
			<latitude>17.05023892046983</latitude>
			<altitude>148.9307366488938</altitude>
			<heading>175.2940208443678</heading>
			<tilt>92.68936251970685</tilt>
			<roll>0</roll>
			<gx:fovy>59.99999737962489</gx:fovy>
			<altitudeMode>absolute</altitudeMode>
		</Camera>
		<styleUrl>#__managed_style_0F0B14BC552A02CAACD4</styleUrl>
		<Point>
			<altitudeMode>relativeToGround</altitudeMode>
			<coordinates>104.6810288997734,17.05018848737772,0</coordinates>
		</Point>
	</Placemark>
	<Placemark id="011454CB402A0392FFFD">
		<name>LT88-SG-0100-6+150</name>
		<Camera>
			<gx:ViewerOptions>
				<gx:option name="streetview"></gx:option>
				<gx:streetViewPanoId>9pGJdcD7h7bdtGPQbE1Qkg</gx:streetViewPanoId>
			</gx:ViewerOptions>
			<longitude>104.6802402635019</longitude>
			<latitude>17.05009982893328</latitude>
			<altitude>149.8183135986328</altitude>
			<heading>139.7320713366128</heading>
			<tilt>66.09415751696301</tilt>
			<roll>0</roll>
			<gx:fovy>59.99999999999999</gx:fovy>
			<altitudeMode>absolute</altitudeMode>
		</Camera>
		<styleUrl>#__managed_style_0F0B14BC552A02CAACD4</styleUrl>
		<Point>
			<altitudeMode>relativeToGround</altitudeMode>
			<coordinates>104.6802575250631,17.05007978435729,0</coordinates>
		</Point>
	</Placemark>
	<Placemark id="02FF05AF152A03947644">
		<name>LT89-SG-0100-7+300</name>
		<Camera>
			<gx:ViewerOptions>
				<gx:option name="streetview"></gx:option>
				<gx:streetViewPanoId>Dx5U3BNTizj4HAu6hc_VoA</gx:streetViewPanoId>
			</gx:ViewerOptions>
			<longitude>104.6720074061593</longitude>
			<latitude>17.04544970296581</latitude>
			<altitude>145.5297393798828</altitude>
			<heading>220.1726929330244</heading>
			<tilt>80.9269558541515</tilt>
			<roll>0</roll>
			<gx:fovy>59.99999999999999</gx:fovy>
			<altitudeMode>absolute</altitudeMode>
		</Camera>
		<styleUrl>#__managed_style_0F0B14BC552A02CAACD4</styleUrl>
		<Point>
			<altitudeMode>relativeToGround</altitudeMode>
			<coordinates>104.671980826405,17.04541209559099,0</coordinates>
		</Point>
	</Placemark>
	<Placemark id="0CC07C27C32A0395BCD1">
		<name>กม.8</name>
		<Camera>
			<gx:ViewerOptions>
				<gx:option name="streetview"></gx:option>
				<gx:streetViewPanoId>wK4DP45M3BGxlkrsqyrcqg</gx:streetViewPanoId>
			</gx:ViewerOptions>
			<longitude>104.665308042949</longitude>
			<latitude>17.0454646273836</latitude>
			<altitude>148.0366821289062</altitude>
			<heading>351.795506961165</heading>
			<tilt>55.15462876223126</tilt>
			<roll>0</roll>
			<gx:fovy>59.99999999999999</gx:fovy>
			<altitudeMode>absolute</altitudeMode>
		</Camera>
		<styleUrl>#__managed_style_0F0B14BC552A02CAACD4</styleUrl>
		<Point>
			<altitudeMode>relativeToGround</altitudeMode>
			<coordinates>104.665308042949,17.0454646273836,0</coordinates>
		</Point>
	</Placemark>
	<Placemark id="0167BECF3E2A03968FBC">
		<name>LT90-SG-0100-7+350</name>
		<Camera>
			<gx:ViewerOptions>
				<gx:option name="streetview"></gx:option>
				<gx:streetViewPanoId>ygb0n65tSBaD6U3sMxoJfg</gx:streetViewPanoId>
			</gx:ViewerOptions>
			<longitude>104.6714253672806</longitude>
			<latitude>17.04542887854734</latitude>
			<altitude>145.1547919325519</altitude>
			<heading>201.551157181626</heading>
			<tilt>70.88505486938053</tilt>
			<roll>0</roll>
			<gx:fovy>59.99982322679293</gx:fovy>
			<altitudeMode>absolute</altitudeMode>
		</Camera>
		<styleUrl>#__managed_style_0F0B14BC552A02CAACD4</styleUrl>
		<Point>
			<altitudeMode>relativeToGround</altitudeMode>
			<coordinates>104.6714172571326,17.04539532375952,0</coordinates>
		</Point>
	</Placemark>
	<Placemark id="0EC1C4C7D72A03975D13">
		<name>LT91-SG-0100-7+400</name>
		<Camera>
			<gx:ViewerOptions>
				<gx:option name="streetview"></gx:option>
				<gx:streetViewPanoId>BmYtNFCv1nYunZ-2c8X1dQ</gx:streetViewPanoId>
			</gx:ViewerOptions>
			<longitude>104.6709480472272</longitude>
			<latitude>17.04541926147726</latitude>
			<altitude>145.1315002441406</altitude>
			<heading>135.5320354394341</heading>
			<tilt>73.47219475186414</tilt>
			<roll>0</roll>
			<gx:fovy>59.99999995053586</gx:fovy>
			<altitudeMode>absolute</altitudeMode>
		</Camera>
		<styleUrl>#__managed_style_0F0B14BC552A02CAACD4</styleUrl>
		<Point>
			<altitudeMode>relativeToGround</altitudeMode>
			<coordinates>104.670975609649,17.04538513710366,0</coordinates>
		</Point>
	</Placemark>
	<Placemark id="0F3ACB270C2A03980D6B">
		<name>LT92-SG-0100-7+450</name>
		<Camera>
			<gx:ViewerOptions>
				<gx:option name="streetview"></gx:option>
				<gx:streetViewPanoId>LmdG2jdNVm8Xy71LFOwD2Q</gx:streetViewPanoId>
			</gx:ViewerOptions>
			<longitude>104.6703760658463</longitude>
			<latitude>17.04541597317285</latitude>
			<altitude>145.3861694335938</altitude>
			<heading>127.34330107479</heading>
			<tilt>90.4560982953621</tilt>
			<roll>0</roll>
			<gx:fovy>59.99999999999999</gx:fovy>
			<altitudeMode>absolute</altitudeMode>
		</Camera>
		<styleUrl>#__managed_style_0F0B14BC552A02CAACD4</styleUrl>
		<Point>
			<altitudeMode>relativeToGround</altitudeMode>
			<coordinates>104.6704628700553,17.0453777514798,0</coordinates>
		</Point>
	</Placemark>
	<Placemark id="0D72A864322A03992E45">
		<name>LT93-SG-0100-7+500</name>
		<Camera>
			<gx:ViewerOptions>
				<gx:option name="streetview"></gx:option>
				<gx:streetViewPanoId>nCg5oqVqGGCtbKutufnhYw</gx:streetViewPanoId>
			</gx:ViewerOptions>
			<longitude>104.6699943902393</longitude>
			<latitude>17.04541480188087</latitude>
			<altitude>145.4079771156593</altitude>
			<heading>232.3384323121284</heading>
			<tilt>86.95644080453573</tilt>
			<roll>0</roll>
			<gx:fovy>59.99999999999999</gx:fovy>
			<altitudeMode>absolute</altitudeMode>
		</Camera>
		<styleUrl>#__managed_style_0F0B14BC552A02CAACD4</styleUrl>
		<Point>
			<altitudeMode>relativeToGround</altitudeMode>
			<coordinates>104.6699697941975,17.04539063224095,0</coordinates>
		</Point>
	</Placemark>
	<Placemark id="0EC1124E502A0399F354">
		<name>LT94-SG-0100-7+550</name>
		<Camera>
			<gx:ViewerOptions>
				<gx:option name="streetview"></gx:option>
				<gx:streetViewPanoId>--MazgvzpfTKDNn0UibhFw</gx:streetViewPanoId>
			</gx:ViewerOptions>
			<longitude>104.6695193878214</longitude>
			<latitude>17.04542197045496</latitude>
			<altitude>145.4405274397138</altitude>
			<heading>224.0386797277775</heading>
			<tilt>85.72507004350877</tilt>
			<roll>0</roll>
			<gx:fovy>59.99999999999999</gx:fovy>
			<altitudeMode>absolute</altitudeMode>
		</Camera>
		<styleUrl>#__managed_style_0F0B14BC552A02CAACD4</styleUrl>
		<Point>
			<altitudeMode>relativeToGround</altitudeMode>
			<coordinates>104.6694749573983,17.04537744324262,0</coordinates>
		</Point>
	</Placemark>
	<Placemark id="03C26C021C2A039A66A3">
		<name>LT95-SG-0100-7+600</name>
		<Camera>
			<gx:ViewerOptions>
				<gx:option name="streetview"></gx:option>
				<gx:streetViewPanoId>SdxiugHgTGqQY7pfYDrrsQ</gx:streetViewPanoId>
			</gx:ViewerOptions>
			<longitude>104.6689913619533</longitude>
			<latitude>17.04540402953796</latitude>
			<altitude>145.2016554265004</altitude>
			<heading>180.2740573211567</heading>
			<tilt>76.62418796993467</tilt>
			<roll>0</roll>
			<gx:fovy>59.99999879457138</gx:fovy>
			<altitudeMode>absolute</altitudeMode>
		</Camera>
		<styleUrl>#__managed_style_0F0B14BC552A02CAACD4</styleUrl>
		<Point>
			<altitudeMode>relativeToGround</altitudeMode>
			<coordinates>104.6689950043025,17.04536210113156,0</coordinates>
		</Point>
	</Placemark>
	<Placemark id="0B250DC5332A039B52AE">
		<name>LT96-SG-0100-7+750</name>
		<Camera>
			<gx:ViewerOptions>
				<gx:option name="streetview"></gx:option>
				<gx:streetViewPanoId>hlg4CS7kCLdB3Tidf_IYug</gx:streetViewPanoId>
			</gx:ViewerOptions>
			<longitude>104.6675065825429</longitude>
			<latitude>17.04536927551853</latitude>
			<altitude>145.8299713134766</altitude>
			<heading>125.0902647566501</heading>
			<tilt>80.23887297776312</tilt>
			<roll>0</roll>
			<gx:fovy>59.99999999999999</gx:fovy>
			<altitudeMode>absolute</altitudeMode>
		</Camera>
		<styleUrl>#__managed_style_0F0B14BC552A02CAACD4</styleUrl>
		<Point>
			<altitudeMode>relativeToGround</altitudeMode>
			<coordinates>104.6675334022303,17.04533597024128,0</coordinates>
		</Point>
	</Placemark>
	<Placemark id="0248D4DC8C2A039D4B44">
		<name>LT97-SG-0100-7+850</name>
		<Camera>
			<gx:ViewerOptions>
				<gx:option name="streetview"></gx:option>
				<gx:streetViewPanoId>O5dNAMNcDM9IJubR71Cq3w</gx:streetViewPanoId>
			</gx:ViewerOptions>
			<longitude>104.6664784819967</longitude>
			<latitude>17.04536542493085</latitude>
			<altitude>146.5858459472656</altitude>
			<heading>142.5287155716105</heading>
			<tilt>76.82291953041943</tilt>
			<roll>0</roll>
			<gx:fovy>59.99999999999999</gx:fovy>
			<altitudeMode>absolute</altitudeMode>
		</Camera>
		<styleUrl>#__managed_style_0F0B14BC552A02CAACD4</styleUrl>
		<Point>
			<altitudeMode>relativeToGround</altitudeMode>
			<coordinates>104.6665235810842,17.04533341436183,0</coordinates>
		</Point>
	</Placemark>
	<Placemark id="08781DE10C2A039E32D9">
		<name>LT98-SG-0100-7+900</name>
		<Camera>
			<gx:ViewerOptions>
				<gx:option name="streetview"></gx:option>
				<gx:streetViewPanoId>qQZHzEh7zV8w_heXUugATA</gx:streetViewPanoId>
			</gx:ViewerOptions>
			<longitude>104.666097171972</longitude>
			<latitude>17.04536290048061</latitude>
			<altitude>147.2707946440149</altitude>
			<heading>220.1595061466073</heading>
			<tilt>75.7438911292613</tilt>
			<roll>0</roll>
			<gx:fovy>59.99999999999999</gx:fovy>
			<altitudeMode>absolute</altitudeMode>
		</Camera>
		<styleUrl>#__managed_style_0F0B14BC552A02CAACD4</styleUrl>
		<Point>
			<altitudeMode>relativeToGround</altitudeMode>
			<coordinates>104.6660833189561,17.04531696544138,0</coordinates>
		</Point>
	</Placemark>
	<Placemark id="0880DA7B5C2A039EC509">
		<name>LT99-SG-0100-7+950</name>
		<Camera>
			<gx:ViewerOptions>
				<gx:option name="streetview"></gx:option>
				<gx:streetViewPanoId>xTnLPp77PyjLmWowwunSig</gx:streetViewPanoId>
			</gx:ViewerOptions>
			<longitude>104.6656139967736</longitude>
			<latitude>17.04535897107491</latitude>
			<altitude>147.6646998712129</altitude>
			<heading>204.6119155073976</heading>
			<tilt>72.19127107819824</tilt>
			<roll>0</roll>
			<gx:fovy>59.99999998286799</gx:fovy>
			<altitudeMode>absolute</altitudeMode>
		</Camera>
		<styleUrl>#__managed_style_0F0B14BC552A02CAACD4</styleUrl>
		<Point>
			<altitudeMode>relativeToGround</altitudeMode>
			<coordinates>104.6656251083003,17.04530972978175,0</coordinates>
		</Point>
	</Placemark>
	<Placemark id="07114EB3712A03A6D6D8">
		<name>LT100-SG-0100-8+020</name>
		<Camera>
			<gx:ViewerOptions>
				<gx:option name="streetview"></gx:option>
				<gx:streetViewPanoId>9etFpeu0XO3XXQrUv4RDew</gx:streetViewPanoId>
			</gx:ViewerOptions>
			<longitude>104.6650884754197</longitude>
			<latitude>17.04536157315946</latitude>
			<altitude>148.2157966915377</altitude>
			<heading>182.5825538117199</heading>
			<tilt>83.97315850660429</tilt>
			<roll>0</roll>
			<gx:fovy>59.99675583109613</gx:fovy>
			<altitudeMode>absolute</altitudeMode>
		</Camera>
		<styleUrl>#__managed_style_0F0B14BC552A02CAACD4</styleUrl>
		<Point>
			<altitudeMode>relativeToGround</altitudeMode>
			<coordinates>104.6651032726236,17.04531229959393,0</coordinates>
		</Point>
	</Placemark>
	<Placemark id="0EDF35372B2A03A8B407">
		<name>LT101-SG-0100-8+050</name>
		<Camera>
			<gx:ViewerOptions>
				<gx:option name="streetview"></gx:option>
				<gx:streetViewPanoId>m7zGEUfxuIXYzhXjP84Jkg</gx:streetViewPanoId>
			</gx:ViewerOptions>
			<longitude>104.6646101965041</longitude>
			<latitude>17.04537266001605</latitude>
			<altitude>148.662113965514</altitude>
			<heading>192.7724514223275</heading>
			<tilt>72.76933783630322</tilt>
			<roll>0</roll>
			<gx:fovy>59.99999999999999</gx:fovy>
			<altitudeMode>absolute</altitudeMode>
		</Camera>
		<styleUrl>#__managed_style_0F0B14BC552A02CAACD4</styleUrl>
		<Point>
			<altitudeMode>relativeToGround</altitudeMode>
			<coordinates>104.6646174261121,17.04533412726148,0</coordinates>
		</Point>
	</Placemark>
	<Placemark id="08CDFEBD0E2A03A95BD1">
		<name>LT102-SG-0100-8+100</name>
		<Camera>
			<gx:ViewerOptions>
				<gx:option name="streetview"></gx:option>
				<gx:streetViewPanoId>Hjtk1vZdjcwo497bYFCi6A</gx:streetViewPanoId>
			</gx:ViewerOptions>
			<longitude>104.6641354776904</longitude>
			<latitude>17.04536801864206</latitude>
			<altitude>148.9941363137152</altitude>
			<heading>211.4550382007228</heading>
			<tilt>80.34851484186549</tilt>
			<roll>0</roll>
			<gx:fovy>59.99999999999999</gx:fovy>
			<altitudeMode>absolute</altitudeMode>
		</Camera>
		<styleUrl>#__managed_style_0F0B14BC552A02CAACD4</styleUrl>
		<Point>
			<altitudeMode>relativeToGround</altitudeMode>
			<coordinates>104.664117435435,17.0453309693108,0</coordinates>
		</Point>
	</Placemark>
	<Placemark id="05316D77A82A03AA0417">
		<name>LT103-SG-0100-8+150</name>
		<Camera>
			<gx:ViewerOptions>
				<gx:option name="streetview"></gx:option>
				<gx:streetViewPanoId>q3Vgb1BQfLVhzxIFiKT5Rw</gx:streetViewPanoId>
			</gx:ViewerOptions>
			<longitude>104.6635646783099</longitude>
			<latitude>17.04536506150137</latitude>
			<altitude>149.5808756871976</altitude>
			<heading>170.0435286753846</heading>
			<tilt>71.40934129263233</tilt>
			<roll>0</roll>
			<gx:fovy>59.99988149629885</gx:fovy>
			<altitudeMode>absolute</altitudeMode>
		</Camera>
		<styleUrl>#__managed_style_0F0B14BC552A02CAACD4</styleUrl>
		<Point>
			<altitudeMode>relativeToGround</altitudeMode>
			<coordinates>104.6635868057516,17.04531659106516,0</coordinates>
		</Point>
	</Placemark>
	<Placemark id="071476BC0B2A03B6B04F">
		<name>LT104-SG-0100-8+200</name>
		<Camera>
			<gx:ViewerOptions>
				<gx:option name="streetview"></gx:option>
				<gx:streetViewPanoId>Am5WqDlwxEAg2TDhDwB2VQ</gx:streetViewPanoId>
			</gx:ViewerOptions>
			<longitude>104.6630880944859</longitude>
			<latitude>17.04536890225738</latitude>
			<altitude>150.0216522216797</altitude>
			<heading>127.9479948228269</heading>
			<tilt>80.93307436936267</tilt>
			<roll>0</roll>
			<gx:fovy>59.99999999999999</gx:fovy>
			<altitudeMode>absolute</altitudeMode>
		</Camera>
		<styleUrl>#__managed_style_0F0B14BC552A02CAACD4</styleUrl>
		<Point>
			<altitudeMode>relativeToGround</altitudeMode>
			<coordinates>104.6631411999589,17.04532674168753,0</coordinates>
		</Point>
	</Placemark>
	<Placemark id="039F82A9392A03B76F7A">
		<name>LT105-SG-0100-8+250</name>
		<Camera>
			<gx:ViewerOptions>
				<gx:option name="streetview"></gx:option>
				<gx:streetViewPanoId>pD9LJPlBqz_-AtjRHjw21w</gx:streetViewPanoId>
			</gx:ViewerOptions>
			<longitude>104.6626137362537</longitude>
			<latitude>17.04537073320804</latitude>
			<altitude>150.4699249267578</altitude>
			<heading>135.0008039444906</heading>
			<tilt>84.97602492691594</tilt>
			<roll>0</roll>
			<gx:fovy>59.99999999999999</gx:fovy>
			<altitudeMode>absolute</altitudeMode>
		</Camera>
		<styleUrl>#__managed_style_0F0B14BC552A02CAACD4</styleUrl>
		<Point>
			<altitudeMode>relativeToGround</altitudeMode>
			<coordinates>104.6626527646193,17.04533511370143,0</coordinates>
		</Point>
	</Placemark>
	<Placemark id="09F6A5A78A2A03B9289A">
		<name>LT106-SG-0100-8+300</name>
		<Camera>
			<gx:ViewerOptions>
				<gx:option name="streetview"></gx:option>
				<gx:streetViewPanoId>hsWGlAeLUVL65A8MYM_SOg</gx:streetViewPanoId>
			</gx:ViewerOptions>
			<longitude>104.6621366216088</longitude>
			<latitude>17.04537223779438</latitude>
			<altitude>150.6984710693359</altitude>
			<heading>158.6245617816069</heading>
			<tilt>76.54018446961244</tilt>
			<roll>0</roll>
			<gx:fovy>59.99999999999999</gx:fovy>
			<altitudeMode>absolute</altitudeMode>
		</Camera>
		<styleUrl>#__managed_style_0F0B14BC552A02CAACD4</styleUrl>
		<Point>
			<altitudeMode>relativeToGround</altitudeMode>
			<coordinates>104.6621645678788,17.04532567764815,0</coordinates>
		</Point>
	</Placemark>
	<Placemark id="0F3FAB0BE22A03B9C9B8">
		<name>LT107-SG-0100-8+350</name>
		<Camera>
			<gx:ViewerOptions>
				<gx:option name="streetview"></gx:option>
				<gx:streetViewPanoId>iTvJ9Azu6Sn8V2nLBCaYFA</gx:streetViewPanoId>
			</gx:ViewerOptions>
			<longitude>104.6616601311983</longitude>
			<latitude>17.04537413474475</latitude>
			<altitude>150.6834564208984</altitude>
			<heading>144.5131830001299</heading>
			<tilt>79.77161772976429</tilt>
			<roll>0</roll>
			<gx:fovy>59.99999999999999</gx:fovy>
			<altitudeMode>absolute</altitudeMode>
		</Camera>
		<styleUrl>#__managed_style_0F0B14BC552A02CAACD4</styleUrl>
		<Point>
			<altitudeMode>relativeToGround</altitudeMode>
			<coordinates>104.6617237769146,17.04535192886805,0</coordinates>
		</Point>
	</Placemark>
	<Placemark id="062672DE2D2A03BA94A7">
		<name>LT108-SG-0100-8+400</name>
		<Camera>
			<gx:ViewerOptions>
				<gx:option name="streetview"></gx:option>
				<gx:streetViewPanoId>2B13fhGbSeFFnumsSXSr6A</gx:streetViewPanoId>
			</gx:ViewerOptions>
			<longitude>104.6612006342903</longitude>
			<latitude>17.04546547202862</latitude>
			<altitude>150.7604306858452</altitude>
			<heading>196.1335070374197</heading>
			<tilt>105.6064834444948</tilt>
			<roll>0</roll>
			<gx:fovy>65.30963142202191</gx:fovy>
			<altitudeMode>absolute</altitudeMode>
		</Camera>
		<styleUrl>#__managed_style_0F0B14BC552A02CAACD4</styleUrl>
		<Point>
			<altitudeMode>relativeToGround</altitudeMode>
			<coordinates>104.6612019715937,17.04535139827316,0</coordinates>
		</Point>
	</Placemark>
	<Placemark id="0B5193FB362A03BB4339">
		<name>LT109-SG-0100-8+450</name>
		<Camera>
			<gx:ViewerOptions>
				<gx:option name="streetview"></gx:option>
				<gx:streetViewPanoId>1HF4LtyqM67SgsWbJaRPmg</gx:streetViewPanoId>
			</gx:ViewerOptions>
			<longitude>104.6607269936177</longitude>
			<latitude>17.04547058491017</latitude>
			<altitude>150.7402323555276</altitude>
			<heading>187.7596222721093</heading>
			<tilt>101.3348867361505</tilt>
			<roll>0</roll>
			<gx:fovy>60.79263402548297</gx:fovy>
			<altitudeMode>absolute</altitudeMode>
		</Camera>
		<styleUrl>#__managed_style_0F0B14BC552A02CAACD4</styleUrl>
		<Point>
			<altitudeMode>relativeToGround</altitudeMode>
			<coordinates>104.6607266119788,17.04534623274889,0</coordinates>
		</Point>
	</Placemark>
	<Placemark id="0DAFDB8D5F2A03BC90B9">
		<name>LT110-SG-0100-8+500</name>
		<Camera>
			<gx:ViewerOptions>
				<gx:option name="streetview"></gx:option>
				<gx:streetViewPanoId>RWiB6F5Rdq60b1ANGhOn2g</gx:streetViewPanoId>
			</gx:ViewerOptions>
			<longitude>104.6602558453724</longitude>
			<latitude>17.04547885312544</latitude>
			<altitude>150.6971114876991</altitude>
			<heading>198.1129163172491</heading>
			<tilt>97.33602673314114</tilt>
			<roll>0</roll>
			<gx:fovy>63.35509116626747</gx:fovy>
			<altitudeMode>absolute</altitudeMode>
		</Camera>
		<styleUrl>#__managed_style_0F0B14BC552A02CAACD4</styleUrl>
		<Point>
			<altitudeMode>relativeToGround</altitudeMode>
			<coordinates>104.6602251333539,17.04533293229359,0</coordinates>
		</Point>
	</Placemark>
	<Placemark id="092C4F10D62A03BD158F">
		<name>LT111-SG-0100-8+550</name>
		<Camera>
			<gx:ViewerOptions>
				<gx:option name="streetview"></gx:option>
				<gx:streetViewPanoId>F-XTXLlQ9ywxwaHWgKD0tw</gx:streetViewPanoId>
			</gx:ViewerOptions>
			<longitude>104.6596887969014</longitude>
			<latitude>17.04548404513574</latitude>
			<altitude>150.6225094580422</altitude>
			<heading>191.4053523386276</heading>
			<tilt>96.52230997593088</tilt>
			<roll>0</roll>
			<gx:fovy>59.99571695290191</gx:fovy>
			<altitudeMode>absolute</altitudeMode>
		</Camera>
		<styleUrl>#__managed_style_0F0B14BC552A02CAACD4</styleUrl>
		<Point>
			<altitudeMode>relativeToGround</altitudeMode>
			<coordinates>104.6596784611207,17.04534623238022,0</coordinates>
		</Point>
	</Placemark>
	<Placemark id="0D9B0188DB2A03BD97C9">
		<name>LT112-SG-0100-8+600</name>
		<Camera>
			<gx:ViewerOptions>
				<gx:option name="streetview"></gx:option>
				<gx:streetViewPanoId>FtcrXoCSL8Hpgg_pQNkfqQ</gx:streetViewPanoId>
			</gx:ViewerOptions>
			<longitude>104.6592153388367</longitude>
			<latitude>17.04547921076091</latitude>
			<altitude>150.8157854538567</altitude>
			<heading>165.1113460235793</heading>
			<tilt>98.53171495384463</tilt>
			<roll>0</roll>
			<gx:fovy>42.39748392905803</gx:fovy>
			<altitudeMode>absolute</altitudeMode>
		</Camera>
		<styleUrl>#__managed_style_0F0B14BC552A02CAACD4</styleUrl>
		<Point>
			<altitudeMode>relativeToGround</altitudeMode>
			<coordinates>104.6592471899431,17.04534873759693,0</coordinates>
		</Point>
	</Placemark>
	<Placemark id="04ED72A0CE2A03BE3236">
		<name>LT113-SG-0100-8+650</name>
		<Camera>
			<gx:ViewerOptions>
				<gx:option name="streetview"></gx:option>
				<gx:streetViewPanoId>1M3e0nK6my7k4OHV7WMRtg</gx:streetViewPanoId>
			</gx:ViewerOptions>
			<longitude>104.6586942875647</longitude>
			<latitude>17.04546450688293</latitude>
			<altitude>150.9326324462891</altitude>
			<heading>164.3860910954062</heading>
			<tilt>100.8820656870124</tilt>
			<roll>0</roll>
			<gx:fovy>59.99999823210946</gx:fovy>
			<altitudeMode>absolute</altitudeMode>
		</Camera>
		<styleUrl>#__managed_style_0F0B14BC552A02CAACD4</styleUrl>
		<Point>
			<altitudeMode>relativeToGround</altitudeMode>
			<coordinates>104.6587280801128,17.04536284811709,0</coordinates>
		</Point>
	</Placemark>
	<Placemark id="044F5A227B2A03C095D1">
		<name>LT114-SG-0100-9+950</name>
		<Camera>
			<gx:ViewerOptions>
				<gx:option name="streetview"></gx:option>
				<gx:streetViewPanoId>hfAd31ha8k11-zDn1D4izw</gx:streetViewPanoId>
			</gx:ViewerOptions>
			<longitude>104.6471865088394</longitude>
			<latitude>17.0439742273456</latitude>
			<altitude>153.7545318603516</altitude>
			<heading>174.1682393949944</heading>
			<tilt>89.10283976006453</tilt>
			<roll>0</roll>
			<gx:fovy>41.26093589051472</gx:fovy>
			<altitudeMode>absolute</altitudeMode>
		</Camera>
		<styleUrl>#__managed_style_0F0B14BC552A02CAACD4</styleUrl>
		<Point>
			<altitudeMode>relativeToGround</altitudeMode>
			<coordinates>104.6471954775515,17.04393256150782,0</coordinates>
		</Point>
	</Placemark>
	<Placemark id="07C58039882A03C36396">
		<name>LT115-SG-0100-9+985</name>
		<Camera>
			<gx:ViewerOptions>
				<gx:option name="streetview"></gx:option>
				<gx:streetViewPanoId>bmK1WtJ5yhBkTQvHWNBZAQ</gx:streetViewPanoId>
			</gx:ViewerOptions>
			<longitude>104.6468159215582</longitude>
			<latitude>17.04389204754836</latitude>
			<altitude>153.7998714989424</altitude>
			<heading>164.3276974361943</heading>
			<tilt>84.4337543250837</tilt>
			<roll>0</roll>
			<gx:fovy>59.99999999999999</gx:fovy>
			<altitudeMode>absolute</altitudeMode>
		</Camera>
		<styleUrl>#__managed_style_0F0B14BC552A02CAACD4</styleUrl>
		<Point>
			<altitudeMode>relativeToGround</altitudeMode>
			<coordinates>104.6468197219384,17.04385114761607,0</coordinates>
		</Point>
	</Placemark>
	<Placemark id="07A81DFEA62A03C438ED">
		<name>LT116-SG-0100-10+020</name>
		<Camera>
			<gx:ViewerOptions>
				<gx:option name="streetview"></gx:option>
				<gx:streetViewPanoId>GDg-x6mVBGcFfFrcm_YW7w</gx:streetViewPanoId>
			</gx:ViewerOptions>
			<longitude>104.6464456020413</longitude>
			<latitude>17.04381019872596</latitude>
			<altitude>153.8885094092706</altitude>
			<heading>162.5385938241523</heading>
			<tilt>90.80765082807777</tilt>
			<roll>0</roll>
			<gx:fovy>59.9999992920501</gx:fovy>
			<altitudeMode>absolute</altitudeMode>
		</Camera>
		<styleUrl>#__managed_style_0F0B14BC552A02CAACD4</styleUrl>
		<Point>
			<altitudeMode>relativeToGround</altitudeMode>
			<coordinates>104.6464579630997,17.04375943808709,0</coordinates>
		</Point>
	</Placemark>
	<Placemark id="0D976452622A03C55474">
		<name>LT117-SG-0100-10+050</name>
		<Camera>
			<gx:ViewerOptions>
				<gx:option name="streetview"></gx:option>
				<gx:streetViewPanoId>FPS2HFeHmR0G1mvch4TsoA</gx:streetViewPanoId>
			</gx:ViewerOptions>
			<longitude>104.6460767956521</longitude>
			<latitude>17.04372709572712</latitude>
			<altitude>153.8704528808594</altitude>
			<heading>154.1455467289644</heading>
			<tilt>88.74865753825652</tilt>
			<roll>0</roll>
			<gx:fovy>59.99999999999999</gx:fovy>
			<altitudeMode>absolute</altitudeMode>
		</Camera>
		<styleUrl>#__managed_style_0F0B14BC552A02CAACD4</styleUrl>
		<Point>
			<altitudeMode>relativeToGround</altitudeMode>
			<coordinates>104.646089408045,17.04367156976534,0</coordinates>
		</Point>
	</Placemark>
	<Placemark id="04896B31C32A03C8728D">
		<name>LT118-SG-0100-10+100</name>
		<Camera>
			<gx:ViewerOptions>
				<gx:option name="streetview"></gx:option>
				<gx:streetViewPanoId>rzMJvGe0pbk-FvujoTxkjQ</gx:streetViewPanoId>
			</gx:ViewerOptions>
			<longitude>104.6457066558394</longitude>
			<latitude>17.04363969547664</latitude>
			<altitude>153.9936889306794</altitude>
			<heading>154.1455450635872</heading>
			<tilt>85</tilt>
			<roll>0</roll>
			<gx:fovy>60</gx:fovy>
			<altitudeMode>absolute</altitudeMode>
		</Camera>
		<styleUrl>#__managed_style_0F0B14BC552A02CAACD4</styleUrl>
		<Point>
			<altitudeMode>relativeToGround</altitudeMode>
			<coordinates>104.6457213441078,17.04358312067768,0</coordinates>
		</Point>
	</Placemark>
	<Placemark id="01014535E52A03C92748">
		<name>LT119-SG-0100-10+150</name>
		<Camera>
			<gx:ViewerOptions>
				<gx:option name="streetview"></gx:option>
				<gx:streetViewPanoId>ymnY-2lW840D6_QtUBefiA</gx:streetViewPanoId>
			</gx:ViewerOptions>
			<longitude>104.6453359831974</longitude>
			<latitude>17.04354925751983</latitude>
			<altitude>154.1004165379887</altitude>
			<heading>153.3181176021184</heading>
			<tilt>85.00000000000001</tilt>
			<roll>0</roll>
			<gx:fovy>59.99999999999999</gx:fovy>
			<altitudeMode>absolute</altitudeMode>
		</Camera>
		<styleUrl>#__managed_style_0F0B14BC552A02CAACD4</styleUrl>
		<Point>
			<altitudeMode>relativeToGround</altitudeMode>
			<coordinates>104.6453799648699,17.04349373385603,0</coordinates>
		</Point>
	</Placemark>
	<Placemark id="048571A9282A03C9DD40">
		<name>LT120-SG-0100-10+200</name>
		<Camera>
			<gx:ViewerOptions>
				<gx:option name="streetview"></gx:option>
				<gx:streetViewPanoId>O1VEcjBKkw8HLc5TdKaqgQ</gx:streetViewPanoId>
			</gx:ViewerOptions>
			<longitude>104.6449227024997</longitude>
			<latitude>17.04344497793637</latitude>
			<altitude>154.1090850830078</altitude>
			<heading>186.7173367896031</heading>
			<tilt>88.95712002841165</tilt>
			<roll>0</roll>
			<gx:fovy>59.99999999999999</gx:fovy>
			<altitudeMode>absolute</altitudeMode>
		</Camera>
		<styleUrl>#__managed_style_0F0B14BC552A02CAACD4</styleUrl>
		<Point>
			<altitudeMode>relativeToGround</altitudeMode>
			<coordinates>104.6448924702798,17.04335928059758,0</coordinates>
		</Point>
	</Placemark>
	<Placemark id="072AE770152A03CAA9C5">
		<name>LT121-SG-0100-10+250</name>
		<Camera>
			<gx:ViewerOptions>
				<gx:option name="streetview"></gx:option>
				<gx:streetViewPanoId>I_DB6P6Lemhw_A51My6hGg</gx:streetViewPanoId>
			</gx:ViewerOptions>
			<longitude>104.6444686821204</longitude>
			<latitude>17.04331916187887</latitude>
			<altitude>154.3984680168494</altitude>
			<heading>151.09359526402</heading>
			<tilt>98.63083705124286</tilt>
			<roll>0</roll>
			<gx:fovy>59.999999999872</gx:fovy>
			<altitudeMode>absolute</altitudeMode>
		</Camera>
		<styleUrl>#__managed_style_0F0B14BC552A02CAACD4</styleUrl>
		<Point>
			<altitudeMode>relativeToGround</altitudeMode>
			<coordinates>104.644524454446,17.04322950968992,0</coordinates>
		</Point>
	</Placemark>
	<Placemark id="0D21BA61492A03CBE894">
		<name>LT122-SG-0100-10+300</name>
		<Camera>
			<gx:ViewerOptions>
				<gx:option name="streetview"></gx:option>
				<gx:streetViewPanoId>VtlDxxYVMqG_R105G5JrVQ</gx:streetViewPanoId>
			</gx:ViewerOptions>
			<longitude>104.6441036165572</longitude>
			<latitude>17.04321433728274</latitude>
			<altitude>154.7629337527515</altitude>
			<heading>172.6163729222132</heading>
			<tilt>96.60190643947057</tilt>
			<roll>0</roll>
			<gx:fovy>47.25669953796137</gx:fovy>
			<altitudeMode>absolute</altitudeMode>
		</Camera>
		<styleUrl>#__managed_style_0F0B14BC552A02CAACD4</styleUrl>
		<Point>
			<altitudeMode>relativeToGround</altitudeMode>
			<coordinates>104.6441010548587,17.04306859741776,0</coordinates>
		</Point>
	</Placemark>
	<Placemark id="025FBC513F2A03CC8384">
		<name>LT123-SG-0100-10+350</name>
		<Camera>
			<gx:ViewerOptions>
				<gx:option name="streetview"></gx:option>
				<gx:streetViewPanoId>9Mhj_Isg1-bo5jzJhCNI2Q</gx:streetViewPanoId>
			</gx:ViewerOptions>
			<longitude>104.6436493317564</longitude>
			<latitude>17.04307509233418</latitude>
			<altitude>155.7417297363281</altitude>
			<heading>151.5840938711456</heading>
			<tilt>98.94410217299517</tilt>
			<roll>0</roll>
			<gx:fovy>46.25902373483699</gx:fovy>
			<altitudeMode>absolute</altitudeMode>
		</Camera>
		<styleUrl>#__managed_style_0F0B14BC552A02CAACD4</styleUrl>
		<Point>
			<altitudeMode>relativeToGround</altitudeMode>
			<coordinates>104.6437116708123,17.04295305831358,0</coordinates>
		</Point>
	</Placemark>
	<Placemark id="0B75CF86C52A03CDAD7A">
		<name>LT124-SG-0100-10+400</name>
		<Camera>
			<gx:ViewerOptions>
				<gx:option name="streetview"></gx:option>
				<gx:streetViewPanoId>ksE_LwOny0rmdQPQoUnf9w</gx:streetViewPanoId>
			</gx:ViewerOptions>
			<longitude>104.6432874704633</longitude>
			<latitude>17.04296106724348</latitude>
			<altitude>156.5277911112709</altitude>
			<heading>170.5457240950667</heading>
			<tilt>97.60176573576469</tilt>
			<roll>0</roll>
			<gx:fovy>43.19148425024391</gx:fovy>
			<altitudeMode>absolute</altitudeMode>
		</Camera>
		<styleUrl>#__managed_style_0F0B14BC552A02CAACD4</styleUrl>
		<Point>
			<altitudeMode>relativeToGround</altitudeMode>
			<coordinates>104.6433018429621,17.0428105237217,0</coordinates>
		</Point>
	</Placemark>
	<Placemark id="07A5F6E61D2A03CE6289">
		<name>LT125-SG-0100-10+450</name>
		<Camera>
			<gx:ViewerOptions>
				<gx:option name="streetview"></gx:option>
				<gx:streetViewPanoId>lwmWcxkIhBnGl8FJNGQlYQ</gx:streetViewPanoId>
			</gx:ViewerOptions>
			<longitude>104.6428361235341</longitude>
			<latitude>17.04280833464883</latitude>
			<altitude>157.4702606201172</altitude>
			<heading>141.7661124920125</heading>
			<tilt>98.29438359340783</tilt>
			<roll>0</roll>
			<gx:fovy>40.30978508988757</gx:fovy>
			<altitudeMode>absolute</altitudeMode>
		</Camera>
		<styleUrl>#__managed_style_0F0B14BC552A02CAACD4</styleUrl>
		<Point>
			<altitudeMode>relativeToGround</altitudeMode>
			<coordinates>104.6429104775912,17.04267015450038,0</coordinates>
		</Point>
	</Placemark>
	<Placemark id="0D9C751EB92A03CF0399">
		<name>LT126-SG-0100-10+500</name>
		<Camera>
			<gx:ViewerOptions>
				<gx:option name="streetview"></gx:option>
				<gx:streetViewPanoId>TYaCp3pMIBelchQp5SVzfw</gx:streetViewPanoId>
			</gx:ViewerOptions>
			<longitude>104.6424773769073</longitude>
			<latitude>17.0426861708738</latitude>
			<altitude>158.1400842693822</altitude>
			<heading>161.8444235485772</heading>
			<tilt>95.97091121122905</tilt>
			<roll>0</roll>
			<gx:fovy>42.86135805842149</gx:fovy>
			<altitudeMode>absolute</altitudeMode>
		</Camera>
		<styleUrl>#__managed_style_0F0B14BC552A02CAACD4</styleUrl>
		<Point>
			<altitudeMode>relativeToGround</altitudeMode>
			<coordinates>104.6425296962802,17.04254761461474,0</coordinates>
		</Point>
	</Placemark>
	<Placemark id="0C0010B9102A03CFD221">
		<name>LT127-SG-0100-10+550</name>
		<Camera>
			<gx:ViewerOptions>
				<gx:option name="streetview"></gx:option>
				<gx:streetViewPanoId>NXwnJpuvE44t5iVxxaSyDw</gx:streetViewPanoId>
			</gx:ViewerOptions>
			<longitude>104.6420246986939</longitude>
			<latitude>17.04253687183306</latitude>
			<altitude>158.8524017333984</altitude>
			<heading>144.4280930961795</heading>
			<tilt>98.27769776602509</tilt>
			<roll>0</roll>
			<gx:fovy>41.66354809876984</gx:fovy>
			<altitudeMode>absolute</altitudeMode>
		</Camera>
		<styleUrl>#__managed_style_0F0B14BC552A02CAACD4</styleUrl>
		<Point>
			<altitudeMode>relativeToGround</altitudeMode>
			<coordinates>104.6421160728581,17.04241103331266,0</coordinates>
		</Point>
	</Placemark>
	<Placemark id="0BD630F6292A03D069FC">
		<name>LT128-SG-0100-10+600</name>
		<Camera>
			<gx:ViewerOptions>
				<gx:option name="streetview"></gx:option>
				<gx:streetViewPanoId>kHg-fvUI6i8RojgB37WNbQ</gx:streetViewPanoId>
			</gx:ViewerOptions>
			<longitude>104.6416613290706</longitude>
			<latitude>17.04241574672484</latitude>
			<altitude>159.3879026623548</altitude>
			<heading>150.5372285710172</heading>
			<tilt>97.58865002060564</tilt>
			<roll>0</roll>
			<gx:fovy>40.02679079510141</gx:fovy>
			<altitudeMode>absolute</altitudeMode>
		</Camera>
		<styleUrl>#__managed_style_0F0B14BC552A02CAACD4</styleUrl>
		<Point>
			<altitudeMode>relativeToGround</altitudeMode>
			<coordinates>104.6417348828532,17.04227481803591,0</coordinates>
		</Point>
	</Placemark>
	<Placemark id="02A25993D32A03D116B9">
		<name>LT129-SG-0100-10+650</name>
		<Camera>
			<gx:ViewerOptions>
				<gx:option name="streetview"></gx:option>
				<gx:streetViewPanoId>mqKky9Me90MLhFWtqBzJXA</gx:streetViewPanoId>
			</gx:ViewerOptions>
			<longitude>104.6412995614482</longitude>
			<latitude>17.04229757919406</latitude>
			<altitude>159.898957436606</altitude>
			<heading>166.9419792736989</heading>
			<tilt>98.37242520774144</tilt>
			<roll>0</roll>
			<gx:fovy>47.21025284788448</gx:fovy>
			<altitudeMode>absolute</altitudeMode>
		</Camera>
		<styleUrl>#__managed_style_0F0B14BC552A02CAACD4</styleUrl>
		<Point>
			<altitudeMode>relativeToGround</altitudeMode>
			<coordinates>104.6413417970559,17.04214554470142,0</coordinates>
		</Point>
	</Placemark>
	<Placemark id="010057794A2A03D1DC86">
		<name>LT130-SG-0100-10+700</name>
		<Camera>
			<gx:ViewerOptions>
				<gx:option name="streetview"></gx:option>
				<gx:streetViewPanoId>oHdOfSlfQbwFzHpc4NAEzQ</gx:streetViewPanoId>
			</gx:ViewerOptions>
			<longitude>104.6408923403983</longitude>
			<latitude>17.04217263175023</latitude>
			<altitude>160.5802917480469</altitude>
			<heading>164.197121279751</heading>
			<tilt>96.5465472895098</tilt>
			<roll>0</roll>
			<gx:fovy>40.07198468693396</gx:fovy>
			<altitudeMode>absolute</altitudeMode>
		</Camera>
		<styleUrl>#__managed_style_0F0B14BC552A02CAACD4</styleUrl>
		<Point>
			<altitudeMode>relativeToGround</altitudeMode>
			<coordinates>104.6409390719878,17.0420059875018,0</coordinates>
		</Point>
	</Placemark>
	<Placemark id="0B98948E422A03D32C2D">
		<name>LT131-SG-0100-10+750</name>
		<Camera>
			<gx:ViewerOptions>
				<gx:option name="streetview"></gx:option>
				<gx:streetViewPanoId>2sVy-qrlv7vsnugcL5ijWg</gx:streetViewPanoId>
			</gx:ViewerOptions>
			<longitude>104.64052808396</longitude>
			<latitude>17.04204524117781</latitude>
			<altitude>160.728759765625</altitude>
			<heading>170.2927122008681</heading>
			<tilt>96.50180231332213</tilt>
			<roll>0</roll>
			<gx:fovy>39.85089314881045</gx:fovy>
			<altitudeMode>absolute</altitudeMode>
		</Camera>
		<styleUrl>#__managed_style_0F0B14BC552A02CAACD4</styleUrl>
		<Point>
			<altitudeMode>relativeToGround</altitudeMode>
			<coordinates>104.6405523288719,17.04187900379564,0</coordinates>
		</Point>
	</Placemark>
	<Placemark id="0E59E8EA882A03D3F4FD">
		<name>LT132-SG-0100-10+800</name>
		<Camera>
			<gx:ViewerOptions>
				<gx:option name="streetview"></gx:option>
				<gx:streetViewPanoId>inMGNXeJTyfYdGC49SDasA</gx:streetViewPanoId>
			</gx:ViewerOptions>
			<longitude>104.6401619604182</longitude>
			<latitude>17.04192334701001</latitude>
			<altitude>160.9945360190826</altitude>
			<heading>174.3158102166559</heading>
			<tilt>98.29868798445577</tilt>
			<roll>0</roll>
			<gx:fovy>42.57111850412385</gx:fovy>
			<altitudeMode>absolute</altitudeMode>
		</Camera>
		<styleUrl>#__managed_style_0F0B14BC552A02CAACD4</styleUrl>
		<Point>
			<altitudeMode>relativeToGround</altitudeMode>
			<coordinates>104.6401845154877,17.0417481010284,0</coordinates>
		</Point>
	</Placemark>
	<Placemark id="0A4A60B6762A03D4D320">
		<name>LT133-SG-0100-10+850</name>
		<Camera>
			<gx:ViewerOptions>
				<gx:option name="streetview"></gx:option>
				<gx:streetViewPanoId>_bicC94HiY1x-ODMho4Png</gx:streetViewPanoId>
			</gx:ViewerOptions>
			<longitude>104.6397269897124</longitude>
			<latitude>17.04168038246625</latitude>
			<altitude>161.8553393428851</altitude>
			<heading>161.1526227137053</heading>
			<tilt>85.10261905984397</tilt>
			<roll>0</roll>
			<gx:fovy>59.99999999999999</gx:fovy>
			<altitudeMode>absolute</altitudeMode>
		</Camera>
		<styleUrl>#__managed_style_0F0B14BC552A02CAACD4</styleUrl>
		<Point>
			<altitudeMode>relativeToGround</altitudeMode>
			<coordinates>104.639745649519,17.0416319161402,0</coordinates>
		</Point>
	</Placemark>
	<Placemark id="0EA69EDF4C2A03D54CC6">
		<name>LT134-SG-0100-10+900</name>
		<Camera>
			<gx:ViewerOptions>
				<gx:option name="streetview"></gx:option>
				<gx:streetViewPanoId>U7WAhcf9WzGlwlZUwQt9Jg</gx:streetViewPanoId>
			</gx:ViewerOptions>
			<longitude>104.6393136352666</longitude>
			<latitude>17.04164112346166</latitude>
			<altitude>162.0929718017578</altitude>
			<heading>196.2619356827259</heading>
			<tilt>81.45703233855119</tilt>
			<roll>0</roll>
			<gx:fovy>59.99999669542259</gx:fovy>
			<altitudeMode>absolute</altitudeMode>
		</Camera>
		<styleUrl>#__managed_style_0F0B14BC552A02CAACD4</styleUrl>
		<Point>
			<altitudeMode>relativeToGround</altitudeMode>
			<coordinates>104.6392819018023,17.0415895425314,0</coordinates>
		</Point>
	</Placemark>
	<Placemark id="04D390BAB12A03D5F14F">
		<name>LT135-SG-0100-10+950</name>
		<Camera>
			<gx:ViewerOptions>
				<gx:option name="streetview"></gx:option>
				<gx:streetViewPanoId>BhVFvMbxmORow16RMHtAkg</gx:streetViewPanoId>
			</gx:ViewerOptions>
			<longitude>104.6388608768953</longitude>
			<latitude>17.04181715533711</latitude>
			<altitude>161.5940999269944</altitude>
			<heading>177.0650514938147</heading>
			<tilt>98.91984009442027</tilt>
			<roll>0</roll>
			<gx:fovy>37.70104351664664</gx:fovy>
			<altitudeMode>absolute</altitudeMode>
		</Camera>
		<styleUrl>#__managed_style_0F0B14BC552A02CAACD4</styleUrl>
		<Point>
			<altitudeMode>relativeToGround</altitudeMode>
			<coordinates>104.6388603188028,17.04164046980152,0</coordinates>
		</Point>
	</Placemark>
	<Placemark id="0FFC41D1392A03D6D40A">
		<name>LT136-SG-0100-11+000</name>
		<Camera>
			<gx:ViewerOptions>
				<gx:option name="streetview"></gx:option>
				<gx:streetViewPanoId>i505T_65jWwNHLCAa21OAg</gx:streetViewPanoId>
			</gx:ViewerOptions>
			<longitude>104.6384911103985</longitude>
			<latitude>17.04188666470982</latitude>
			<altitude>161.4719390869141</altitude>
			<heading>190.1296331137964</heading>
			<tilt>96.12488395337022</tilt>
			<roll>0</roll>
			<gx:fovy>43.49126882975689</gx:fovy>
			<altitudeMode>absolute</altitudeMode>
		</Camera>
		<styleUrl>#__managed_style_0F0B14BC552A02CAACD4</styleUrl>
		<Point>
			<altitudeMode>relativeToGround</altitudeMode>
			<coordinates>104.6384560204471,17.04172262390728,0</coordinates>
		</Point>
	</Placemark>
	<Placemark id="0399309C5B2A03D83611">
		<name>LT137-SG-0100-11+100</name>
		<Camera>
			<gx:ViewerOptions>
				<gx:option name="streetview"></gx:option>
				<gx:streetViewPanoId>Y8UyuI_Dcsm84D14k4xPPg</gx:streetViewPanoId>
			</gx:ViewerOptions>
			<longitude>104.6377380597296</longitude>
			<latitude>17.04203774413812</latitude>
			<altitude>161.3771820068359</altitude>
			<heading>206.9203609345784</heading>
			<tilt>96.23049416471068</tilt>
			<roll>0</roll>
			<gx:fovy>44.69414870456883</gx:fovy>
			<altitudeMode>absolute</altitudeMode>
		</Camera>
		<styleUrl>#__managed_style_0F0B14BC552A02CAACD4</styleUrl>
		<Point>
			<altitudeMode>relativeToGround</altitudeMode>
			<coordinates>104.6376637554753,17.04187878616762,0</coordinates>
		</Point>
	</Placemark>
	<Placemark id="0DAE9B81A92A03D91021">
		<name>LT138-SG-0100-11+150</name>
		<Camera>
			<gx:ViewerOptions>
				<gx:option name="streetview"></gx:option>
				<gx:streetViewPanoId>93-OAQI36H9oFzXGoJgZGQ</gx:streetViewPanoId>
			</gx:ViewerOptions>
			<longitude>104.6372156585875</longitude>
			<latitude>17.0421432046765</latitude>
			<altitude>161.5697326660156</altitude>
			<heading>180.9217522542307</heading>
			<tilt>96.20520035470726</tilt>
			<roll>0</roll>
			<gx:fovy>45.33365717413516</gx:fovy>
			<altitudeMode>absolute</altitudeMode>
		</Camera>
		<styleUrl>#__managed_style_0F0B14BC552A02CAACD4</styleUrl>
		<Point>
			<altitudeMode>relativeToGround</altitudeMode>
			<coordinates>104.6371796733953,17.04197891327516,0</coordinates>
		</Point>
	</Placemark>
	<Placemark id="0C2E7BE6D62A03D9EBE0">
		<name>LT139-SG-0100-11+200</name>
		<Camera>
			<gx:ViewerOptions>
				<gx:option name="streetview"></gx:option>
				<gx:streetViewPanoId>tsaoZd2d-a0FqtY3Wv_TDQ</gx:streetViewPanoId>
			</gx:ViewerOptions>
			<longitude>104.6367584589896</longitude>
			<latitude>17.04223044677832</latitude>
			<altitude>161.9042510986328</altitude>
			<heading>189.1932293065171</heading>
			<tilt>96.1485201202004</tilt>
			<roll>0</roll>
			<gx:fovy>40.20173767839284</gx:fovy>
			<altitudeMode>absolute</altitudeMode>
		</Camera>
		<styleUrl>#__managed_style_0F0B14BC552A02CAACD4</styleUrl>
		<Point>
			<altitudeMode>relativeToGround</altitudeMode>
			<coordinates>104.6367033780016,17.04207315158189,0</coordinates>
		</Point>
	</Placemark>
	<Placemark id="0A868075AD2A03DAE243">
		<name>LT140-SG-0100-11+250</name>
		<Camera>
			<gx:ViewerOptions>
				<gx:option name="streetview"></gx:option>
				<gx:streetViewPanoId>t83EGSOyIWmmzo1cSl2CQQ</gx:streetViewPanoId>
			</gx:ViewerOptions>
			<longitude>104.6363818485227</longitude>
			<latitude>17.04229931142252</latitude>
			<altitude>162.1610260009766</altitude>
			<heading>192.7999927732243</heading>
			<tilt>96.8967579366137</tilt>
			<roll>0</roll>
			<gx:fovy>32.68337544203307</gx:fovy>
			<altitudeMode>absolute</altitudeMode>
		</Camera>
		<styleUrl>#__managed_style_0F0B14BC552A02CAACD4</styleUrl>
		<Point>
			<altitudeMode>relativeToGround</altitudeMode>
			<coordinates>104.6362805791532,17.04215544481651,0</coordinates>
		</Point>
	</Placemark>
	<Placemark id="0E41B014492A03DB7294">
		<name>LT141-SG-0100-11+300</name>
		<Camera>
			<gx:ViewerOptions>
				<gx:option name="streetview"></gx:option>
				<gx:streetViewPanoId>ySSA_tEsjrDZTLlW_Qdz0g</gx:streetViewPanoId>
			</gx:ViewerOptions>
			<longitude>104.6358436191668</longitude>
			<latitude>17.04240135755554</latitude>
			<altitude>162.5348948699039</altitude>
			<heading>177.5569584135261</heading>
			<tilt>100.0405434530854</tilt>
			<roll>0</roll>
			<gx:fovy>44.15957410074476</gx:fovy>
			<altitudeMode>absolute</altitudeMode>
		</Camera>
		<styleUrl>#__managed_style_0F0B14BC552A02CAACD4</styleUrl>
		<Point>
			<altitudeMode>relativeToGround</altitudeMode>
			<coordinates>104.6358389517888,17.04224833939015,0</coordinates>
		</Point>
	</Placemark>
	<Placemark id="069A5CEDA12A03DC21ED">
		<name>LT142-SG-0100-11+350</name>
		<Camera>
			<gx:ViewerOptions>
				<gx:option name="streetview"></gx:option>
				<gx:streetViewPanoId>rwhdQVhzYbNTDDFZXLZuZg</gx:streetViewPanoId>
			</gx:ViewerOptions>
			<longitude>104.6355646763915</longitude>
			<latitude>17.04245472517841</latitude>
			<altitude>162.7315826416016</altitude>
			<heading>204.4686765887565</heading>
			<tilt>96.97686528033478</tilt>
			<roll>0</roll>
			<gx:fovy>35.11863486149898</gx:fovy>
			<altitudeMode>absolute</altitudeMode>
		</Camera>
		<styleUrl>#__managed_style_0F0B14BC552A02CAACD4</styleUrl>
		<Point>
			<altitudeMode>relativeToGround</altitudeMode>
			<coordinates>104.635516791277,17.04231469274794,0</coordinates>
		</Point>
	</Placemark>
	<Placemark id="05A01807152A03DCE24C">
		<name>LT143-SG-0100-11+400</name>
		<Camera>
			<gx:ViewerOptions>
				<gx:option name="streetview"></gx:option>
				<gx:streetViewPanoId>Of7l1Hm5ZWdOTflpvyV-tQ</gx:streetViewPanoId>
			</gx:ViewerOptions>
			<longitude>104.6351205571405</longitude>
			<latitude>17.04250356927184</latitude>
			<altitude>163.1531524658203</altitude>
			<heading>207.0301619443214</heading>
			<tilt>102.6420058039195</tilt>
			<roll>0</roll>
			<gx:fovy>42.15322371164807</gx:fovy>
			<altitudeMode>absolute</altitudeMode>
		</Camera>
		<styleUrl>#__managed_style_0F0B14BC552A02CAACD4</styleUrl>
		<Point>
			<altitudeMode>relativeToGround</altitudeMode>
			<coordinates>104.6350508702311,17.0424003528784,0</coordinates>
		</Point>
	</Placemark>
	<Placemark id="0EC7A0084E2A03DD9006">
		<name>LT144-SG-0100-11+450</name>
		<Camera>
			<gx:ViewerOptions>
				<gx:option name="streetview"></gx:option>
				<gx:streetViewPanoId>u97y0MnVhiM13cLs_6unMA</gx:streetViewPanoId>
			</gx:ViewerOptions>
			<longitude>104.6347194010692</longitude>
			<latitude>17.04257431527961</latitude>
			<altitude>163.3839874267578</altitude>
			<heading>194.3532573701043</heading>
			<tilt>98.94898155855331</tilt>
			<roll>0</roll>
			<gx:fovy>59.71991292820764</gx:fovy>
			<altitudeMode>absolute</altitudeMode>
		</Camera>
		<styleUrl>#__managed_style_0F0B14BC552A02CAACD4</styleUrl>
		<Point>
			<altitudeMode>relativeToGround</altitudeMode>
			<coordinates>104.634707804737,17.04247992678949,0</coordinates>
		</Point>
	</Placemark>
	<Placemark id="09FFF73D332A03DE2918">
		<name>LT145-SG-0100-11+500</name>
		<Camera>
			<gx:ViewerOptions>
				<gx:option name="streetview"></gx:option>
				<gx:streetViewPanoId>537vl9oenfs8bJb3aOWkXw</gx:streetViewPanoId>
			</gx:ViewerOptions>
			<longitude>104.6342568720988</longitude>
			<latitude>17.04265078158456</latitude>
			<altitude>163.5412952394813</altitude>
			<heading>163.9686048653342</heading>
			<tilt>98.36146453853314</tilt>
			<roll>0</roll>
			<gx:fovy>59.99999999999999</gx:fovy>
			<altitudeMode>absolute</altitudeMode>
		</Camera>
		<styleUrl>#__managed_style_0F0B14BC552A02CAACD4</styleUrl>
		<Point>
			<altitudeMode>relativeToGround</altitudeMode>
			<coordinates>104.6342964582602,17.04255227012679,0</coordinates>
		</Point>
	</Placemark>
	<Placemark id="060614F4DA2A03DED685">
		<name>LT146-SG-0100-11+550</name>
		<Camera>
			<gx:ViewerOptions>
				<gx:option name="streetview"></gx:option>
				<gx:streetViewPanoId>71U-ujw2v95XwK5LtR94kA</gx:streetViewPanoId>
			</gx:ViewerOptions>
			<longitude>104.6338306351069</longitude>
			<latitude>17.0427194065309</latitude>
			<altitude>163.6392364501953</altitude>
			<heading>156.6093479993598</heading>
			<tilt>101.067146661029</tilt>
			<roll>0</roll>
			<gx:fovy>59.99999637958475</gx:fovy>
			<altitudeMode>absolute</altitudeMode>
		</Camera>
		<styleUrl>#__managed_style_0F0B14BC552A02CAACD4</styleUrl>
		<Point>
			<altitudeMode>relativeToGround</altitudeMode>
			<coordinates>104.6338501999622,17.04265028932074,0</coordinates>
		</Point>
	</Placemark>
	<Placemark id="00DCA3FC0C2A03F2D70D">
		<name>LT147-SG-0100-12+300</name>
		<Camera>
			<gx:ViewerOptions>
				<gx:option name="streetview"></gx:option>
				<gx:streetViewPanoId>xImKDTDaIb4-rGQrmAVb5A</gx:streetViewPanoId>
			</gx:ViewerOptions>
			<longitude>104.625459571809</longitude>
			<latitude>17.04306393217532</latitude>
			<altitude>162.4110107421875</altitude>
			<heading>200.3163689038986</heading>
			<tilt>101.5398985627812</tilt>
			<roll>0</roll>
			<gx:fovy>57.67343535480944</gx:fovy>
			<altitudeMode>absolute</altitudeMode>
		</Camera>
		<styleUrl>#__managed_style_0F0B14BC552A02CAACD4</styleUrl>
		<Point>
			<altitudeMode>relativeToGround</altitudeMode>
			<coordinates>104.6254269941138,17.04296679694793,0</coordinates>
		</Point>
	</Placemark>
	<Placemark id="0CBD6F02F82A03F4398D">
		<name>LT148-SG-0100-12+350</name>
		<Camera>
			<gx:ViewerOptions>
				<gx:option name="streetview"></gx:option>
				<gx:streetViewPanoId>5bFqZgOm2gdo33vE5RGGLw</gx:streetViewPanoId>
			</gx:ViewerOptions>
			<longitude>104.6249155998255</longitude>
			<latitude>17.0429840090273</latitude>
			<altitude>162.1563873291016</altitude>
			<heading>208.7189650954898</heading>
			<tilt>78.32420582896408</tilt>
			<roll>0</roll>
			<gx:fovy>60.10566030223556</gx:fovy>
			<altitudeMode>absolute</altitudeMode>
		</Camera>
		<styleUrl>#__managed_style_0F0B14BC552A02CAACD4</styleUrl>
		<Point>
			<altitudeMode>relativeToGround</altitudeMode>
			<coordinates>104.6249155998255,17.0429840090273,0</coordinates>
		</Point>
	</Placemark>
	<Placemark id="0F7AF47B132A03F5D927">
		<name>LT149-SG-0100-12+400</name>
		<Camera>
			<gx:ViewerOptions>
				<gx:option name="streetview"></gx:option>
				<gx:streetViewPanoId>J3GxRqvN1ZjCzi7BoHZ4gw</gx:streetViewPanoId>
			</gx:ViewerOptions>
			<longitude>104.6244535453606</longitude>
			<latitude>17.0431046257081</latitude>
			<altitude>162.1441345195518</altitude>
			<heading>173.4315674877348</heading>
			<tilt>98.03850243465834</tilt>
			<roll>0</roll>
			<gx:fovy>41.64089696189792</gx:fovy>
			<altitudeMode>absolute</altitudeMode>
		</Camera>
		<styleUrl>#__managed_style_0F0B14BC552A02CAACD4</styleUrl>
		<Point>
			<altitudeMode>relativeToGround</altitudeMode>
			<coordinates>104.6244954482623,17.04297477600942,0</coordinates>
		</Point>
	</Placemark>
	<Placemark id="058ED9D0082A03F68CA2">
		<name>LT150-SG-0100-12+450</name>
		<Camera>
			<gx:ViewerOptions>
				<gx:option name="streetview"></gx:option>
				<gx:streetViewPanoId>QkSNR2sYtq9NXmL4Oj_WJA</gx:streetViewPanoId>
			</gx:ViewerOptions>
			<longitude>104.6239895355814</longitude>
			<latitude>17.04310603556909</latitude>
			<altitude>162.0305313345613</altitude>
			<heading>181.4144659576878</heading>
			<tilt>97.11272440539273</tilt>
			<roll>0</roll>
			<gx:fovy>59.99999998814347</gx:fovy>
			<altitudeMode>absolute</altitudeMode>
		</Camera>
		<styleUrl>#__managed_style_0F0B14BC552A02CAACD4</styleUrl>
		<Point>
			<altitudeMode>relativeToGround</altitudeMode>
			<coordinates>104.6239996805492,17.04298572658183,0</coordinates>
		</Point>
	</Placemark>
	<Placemark id="0E21AE28692A03F82342">
		<name>LT151-SG-0100-12+500</name>
		<Camera>
			<gx:ViewerOptions>
				<gx:option name="streetview"></gx:option>
				<gx:streetViewPanoId>vav8OJFPuQMkN0fsWIW23g</gx:streetViewPanoId>
			</gx:ViewerOptions>
			<longitude>104.6235160104809</longitude>
			<latitude>17.04311666491057</latitude>
			<altitude>161.9277954101562</altitude>
			<heading>163.4313124973298</heading>
			<tilt>97.79301775596328</tilt>
			<roll>0</roll>
			<gx:fovy>40.16884382283931</gx:fovy>
			<altitudeMode>absolute</altitudeMode>
		</Camera>
		<styleUrl>#__managed_style_0F0B14BC552A02CAACD4</styleUrl>
		<Point>
			<altitudeMode>relativeToGround</altitudeMode>
			<coordinates>104.6235534720087,17.04299721251368,0</coordinates>
		</Point>
	</Placemark>
	<Placemark id="06A253BDCA2A03F8D583">
		<name>LT152-SG-0100-12+550</name>
		<Camera>
			<gx:ViewerOptions>
				<gx:option name="streetview"></gx:option>
				<gx:streetViewPanoId>xLIQsSYGKK8WiXt_U_no4A</gx:streetViewPanoId>
			</gx:ViewerOptions>
			<longitude>104.6230404412083</longitude>
			<latitude>17.04312629999298</latitude>
			<altitude>161.9779016537234</altitude>
			<heading>175.2500553080153</heading>
			<tilt>96.73653417511422</tilt>
			<roll>0</roll>
			<gx:fovy>41.95345860579965</gx:fovy>
			<altitudeMode>absolute</altitudeMode>
		</Camera>
		<styleUrl>#__managed_style_0F0B14BC552A02CAACD4</styleUrl>
		<Point>
			<altitudeMode>relativeToGround</altitudeMode>
			<coordinates>104.6230579585027,17.0429950412002,0</coordinates>
		</Point>
	</Placemark>
	<Placemark id="0215F8F8532A03F956CF">
		<name>LT153-SG-0100-12+600</name>
		<Camera>
			<gx:ViewerOptions>
				<gx:option name="streetview"></gx:option>
				<gx:streetViewPanoId>Kq_vBkYflr5XP7Z_rGqDqw</gx:streetViewPanoId>
			</gx:ViewerOptions>
			<longitude>104.6226614632819</longitude>
			<latitude>17.0431272901209</latitude>
			<altitude>162.0328888342188</altitude>
			<heading>185.2393147075495</heading>
			<tilt>98.05229803766905</tilt>
			<roll>0</roll>
			<gx:fovy>42.50394120624463</gx:fovy>
			<altitudeMode>absolute</altitudeMode>
		</Camera>
		<styleUrl>#__managed_style_0F0B14BC552A02CAACD4</styleUrl>
		<Point>
			<altitudeMode>relativeToGround</altitudeMode>
			<coordinates>104.6226504178647,17.04300544858076,0</coordinates>
		</Point>
	</Placemark>
	<Placemark id="0B37B8D97E2A03F9CC2C">
		<name>LT154-SG-0100-12+650</name>
		<Camera>
			<gx:ViewerOptions>
				<gx:option name="streetview"></gx:option>
				<gx:streetViewPanoId>YXZEO6ywfqIzGn_y7gnfuw</gx:streetViewPanoId>
			</gx:ViewerOptions>
			<longitude>104.6221842957484</longitude>
			<latitude>17.04313651255092</latitude>
			<altitude>162.1831054657413</altitude>
			<heading>179.3439472092369</heading>
			<tilt>97.30771913999955</tilt>
			<roll>0</roll>
			<gx:fovy>41.41194314745306</gx:fovy>
			<altitudeMode>absolute</altitudeMode>
		</Camera>
		<styleUrl>#__managed_style_0F0B14BC552A02CAACD4</styleUrl>
		<Point>
			<altitudeMode>relativeToGround</altitudeMode>
			<coordinates>104.6222115726805,17.04301409372531,0</coordinates>
		</Point>
	</Placemark>
	<Placemark id="058042E77B2A03FA6C59">
		<name>LT155-SG-0100-12+700</name>
		<Camera>
			<gx:ViewerOptions>
				<gx:option name="streetview"></gx:option>
				<gx:streetViewPanoId>7v97JqVuc5bPAsPP4h-0JA</gx:streetViewPanoId>
			</gx:ViewerOptions>
			<longitude>104.6217091753433</longitude>
			<latitude>17.04313881684138</latitude>
			<altitude>162.572265625</altitude>
			<heading>164.8464788930536</heading>
			<tilt>97.4595188959004</tilt>
			<roll>0</roll>
			<gx:fovy>44.22844073844225</gx:fovy>
			<altitudeMode>absolute</altitudeMode>
		</Camera>
		<styleUrl>#__managed_style_0F0B14BC552A02CAACD4</styleUrl>
		<Point>
			<altitudeMode>relativeToGround</altitudeMode>
			<coordinates>104.6216870029651,17.04300944641065,0</coordinates>
		</Point>
	</Placemark>
	<Placemark id="0260F2AE9F2A03FB0E75">
		<name>LT156-SG-0100-12+750</name>
		<Camera>
			<gx:ViewerOptions>
				<gx:option name="streetview"></gx:option>
				<gx:streetViewPanoId>DODwZOuKMO650PNMVE16SQ</gx:streetViewPanoId>
			</gx:ViewerOptions>
			<longitude>104.6213276214695</longitude>
			<latitude>17.04314034408482</latitude>
			<altitude>162.8358917236328</altitude>
			<heading>180.8264463377995</heading>
			<tilt>96.30074854149446</tilt>
			<roll>0</roll>
			<gx:fovy>40.90481865343538</gx:fovy>
			<altitudeMode>absolute</altitudeMode>
		</Camera>
		<styleUrl>#__managed_style_0F0B14BC552A02CAACD4</styleUrl>
		<Point>
			<altitudeMode>relativeToGround</altitudeMode>
			<coordinates>104.6213265391201,17.04301841653132,0</coordinates>
		</Point>
	</Placemark>
	<Placemark id="0AA4667DEE2A03FBA144">
		<name>LT157-SG-0100-12+800</name>
		<Camera>
			<gx:ViewerOptions>
				<gx:option name="streetview"></gx:option>
				<gx:streetViewPanoId>-la3O9jv9xBgU9xbiRsONg</gx:streetViewPanoId>
			</gx:ViewerOptions>
			<longitude>104.6208515254033</longitude>
			<latitude>17.04312891924607</latitude>
			<altitude>163.1183013916016</altitude>
			<heading>166.5353629081484</heading>
			<tilt>97.42639942558954</tilt>
			<roll>0</roll>
			<gx:fovy>43.76180020764956</gx:fovy>
			<altitudeMode>absolute</altitudeMode>
		</Camera>
		<styleUrl>#__managed_style_0F0B14BC552A02CAACD4</styleUrl>
		<Point>
			<altitudeMode>relativeToGround</altitudeMode>
			<coordinates>104.6208816443366,17.04299886807217,0</coordinates>
		</Point>
	</Placemark>
	<Placemark id="0CCAE889D62A03FC2428">
		<name>LT158-SG-0100-12+850</name>
		<Camera>
			<gx:ViewerOptions>
				<gx:option name="streetview"></gx:option>
				<gx:streetViewPanoId>tEVYAjLoMHrr8Ob35L49Zw</gx:streetViewPanoId>
			</gx:ViewerOptions>
			<longitude>104.6203945528498</longitude>
			<latitude>17.04299735995436</latitude>
			<altitude>163.1383514404297</altitude>
			<heading>141.8018570911241</heading>
			<tilt>84.84407228289624</tilt>
			<roll>0</roll>
			<gx:fovy>59.99999999992742</gx:fovy>
			<altitudeMode>absolute</altitudeMode>
		</Camera>
		<styleUrl>#__managed_style_0F0B14BC552A02CAACD4</styleUrl>
		<Point>
			<altitudeMode>relativeToGround</altitudeMode>
			<coordinates>104.6204152319024,17.04298628071606,0</coordinates>
		</Point>
	</Placemark>
	<Placemark id="075CE1C1252A03FCC6BF">
		<name>LT159-SG-0100-12+900</name>
		<Camera>
			<gx:ViewerOptions>
				<gx:option name="streetview"></gx:option>
				<gx:streetViewPanoId>9iQsOFwVHZSrLa8ou_W45A</gx:streetViewPanoId>
			</gx:ViewerOptions>
			<longitude>104.6199984162126</longitude>
			<latitude>17.04308484912175</latitude>
			<altitude>163.0876916456047</altitude>
			<heading>182.8571214895036</heading>
			<tilt>97.14962913850438</tilt>
			<roll>0</roll>
			<gx:fovy>42.05843600458824</gx:fovy>
			<altitudeMode>absolute</altitudeMode>
		</Camera>
		<styleUrl>#__managed_style_0F0B14BC552A02CAACD4</styleUrl>
		<Point>
			<altitudeMode>relativeToGround</altitudeMode>
			<coordinates>104.6199992889621,17.042969579361,0</coordinates>
		</Point>
	</Placemark>
	<Placemark id="0D808C1E632A03FD8F5A">
		<name>LT160-SG-0100-12+950</name>
		<Camera>
			<gx:ViewerOptions>
				<gx:option name="streetview"></gx:option>
				<gx:streetViewPanoId>BLFJQIQcY7CaQh80U8h06w</gx:streetViewPanoId>
			</gx:ViewerOptions>
			<longitude>104.6194346303551</longitude>
			<latitude>17.04305425503557</latitude>
			<altitude>163.0915222167969</altitude>
			<heading>177.2660011271306</heading>
			<tilt>97.52715502524575</tilt>
			<roll>0</roll>
			<gx:fovy>39.79383756784592</gx:fovy>
			<altitudeMode>absolute</altitudeMode>
		</Camera>
		<styleUrl>#__managed_style_0F0B14BC552A02CAACD4</styleUrl>
		<Point>
			<altitudeMode>relativeToGround</altitudeMode>
			<coordinates>104.619455708395,17.0429255660374,0</coordinates>
		</Point>
	</Placemark>
	<Placemark id="0FE64222152A03FE40DB">
		<name>LT161-SG-0100-13+000</name>
		<Camera>
			<gx:ViewerOptions>
				<gx:option name="streetview"></gx:option>
				<gx:streetViewPanoId>0nmDbMv7BHptlupcduqW9w</gx:streetViewPanoId>
			</gx:ViewerOptions>
			<longitude>104.6190400081809</longitude>
			<latitude>17.0430214897727</latitude>
			<altitude>163.0935211181641</altitude>
			<heading>173.3298850221157</heading>
			<tilt>99.81345839893409</tilt>
			<roll>0</roll>
			<gx:fovy>42.30796968785485</gx:fovy>
			<altitudeMode>absolute</altitudeMode>
		</Camera>
		<styleUrl>#__managed_style_0F0B14BC552A02CAACD4</styleUrl>
		<Point>
			<altitudeMode>relativeToGround</altitudeMode>
			<coordinates>104.6190525776414,17.04290040394921,0</coordinates>
		</Point>
	</Placemark>
	<Placemark id="0EAA8CD1B32A03FF07E6">
		<name>LT162-SG-0100-13+050</name>
		<Camera>
			<gx:ViewerOptions>
				<gx:option name="streetview"></gx:option>
				<gx:streetViewPanoId>-tAlYKl2qQJZTxD8r7qWGw</gx:streetViewPanoId>
			</gx:ViewerOptions>
			<longitude>104.6186060761707</longitude>
			<latitude>17.04288428609832</latitude>
			<altitude>163.0570531167558</altitude>
			<heading>194.0937244315274</heading>
			<tilt>87.53757799715579</tilt>
			<roll>0</roll>
			<gx:fovy>59.99994955088641</gx:fovy>
			<altitudeMode>absolute</altitudeMode>
		</Camera>
		<styleUrl>#__managed_style_0F0B14BC552A02CAACD4</styleUrl>
		<Point>
			<altitudeMode>relativeToGround</altitudeMode>
			<coordinates>104.6185980741553,17.04286488268624,0</coordinates>
		</Point>
	</Placemark>
	<Placemark id="074788AFEC2A03FFC190">
		<name>LT163-SG-0100-13+100</name>
		<Camera>
			<gx:ViewerOptions>
				<gx:option name="streetview"></gx:option>
				<gx:streetViewPanoId>nyK1g8oWgmGXFAqsOqLxwQ</gx:streetViewPanoId>
			</gx:ViewerOptions>
			<longitude>104.6181238518853</longitude>
			<latitude>17.04285871219946</latitude>
			<altitude>162.9307810580929</altitude>
			<heading>215.1567845010971</heading>
			<tilt>87.11271316386102</tilt>
			<roll>0</roll>
			<gx:fovy>59.99999999999999</gx:fovy>
			<altitudeMode>absolute</altitudeMode>
		</Camera>
		<styleUrl>#__managed_style_0F0B14BC552A02CAACD4</styleUrl>
		<Point>
			<altitudeMode>relativeToGround</altitudeMode>
			<coordinates>104.6180932535644,17.04284572924939,0</coordinates>
		</Point>
	</Placemark>
	<Placemark id="0D52F703F32A04004479">
		<name>LT164-SG-0100-13+150</name>
		<Camera>
			<gx:ViewerOptions>
				<gx:option name="streetview"></gx:option>
				<gx:streetViewPanoId>j4U0Br7Xid-3LUTpFHwnJA</gx:streetViewPanoId>
			</gx:ViewerOptions>
			<longitude>104.6177422180763</longitude>
			<latitude>17.04283466212954</latitude>
			<altitude>162.8011322021484</altitude>
			<heading>190.474462863693</heading>
			<tilt>83.28834738813838</tilt>
			<roll>0</roll>
			<gx:fovy>59.99999999996991</gx:fovy>
			<altitudeMode>absolute</altitudeMode>
		</Camera>
		<styleUrl>#__managed_style_0F0B14BC552A02CAACD4</styleUrl>
		<Point>
			<altitudeMode>relativeToGround</altitudeMode>
			<coordinates>104.6177303593214,17.0428226913971,0</coordinates>
		</Point>
	</Placemark>
	<Placemark id="04369ECA282A0400E0C8">
		<name>LT165-SG-0100-13+200</name>
		<Camera>
			<gx:ViewerOptions>
				<gx:option name="streetview"></gx:option>
				<gx:streetViewPanoId>hYT3aJUcP0PnnCC9z92Vbw</gx:streetViewPanoId>
			</gx:ViewerOptions>
			<longitude>104.6171956945166</longitude>
			<latitude>17.04292610550556</latitude>
			<altitude>162.6053771972656</altitude>
			<heading>166.4000739806038</heading>
			<tilt>96.99200309312451</tilt>
			<roll>0</roll>
			<gx:fovy>43.01505212619902</gx:fovy>
			<altitudeMode>absolute</altitudeMode>
		</Camera>
		<styleUrl>#__managed_style_0F0B14BC552A02CAACD4</styleUrl>
		<Point>
			<altitudeMode>relativeToGround</altitudeMode>
			<coordinates>104.6172549969664,17.04279077926694,0</coordinates>
		</Point>
	</Placemark>
	<Placemark id="079806BDB72A04019496">
		<name>LT166-SG-0100-13+250</name>
		<Camera>
			<gx:ViewerOptions>
				<gx:option name="streetview"></gx:option>
				<gx:streetViewPanoId>7Ge4TQXHcvKA3d_KKNwaOw</gx:streetViewPanoId>
			</gx:ViewerOptions>
			<longitude>104.6167221905845</longitude>
			<latitude>17.04289101386616</latitude>
			<altitude>162.6692051083597</altitude>
			<heading>188.777945006321</heading>
			<tilt>97.10653978520426</tilt>
			<roll>0</roll>
			<gx:fovy>41.05647721865667</gx:fovy>
			<altitudeMode>absolute</altitudeMode>
		</Camera>
		<styleUrl>#__managed_style_0F0B14BC552A02CAACD4</styleUrl>
		<Point>
			<altitudeMode>relativeToGround</altitudeMode>
			<coordinates>104.6166959355122,17.04274475718588,0</coordinates>
		</Point>
	</Placemark>
	<Placemark id="0ABB46C3A52A0402201D">
		<name>LT167-SG-0100-13+300</name>
		<Camera>
			<gx:ViewerOptions>
				<gx:option name="streetview"></gx:option>
				<gx:streetViewPanoId>ZqCAMNp7mDqojVnNNL82lQ</gx:streetViewPanoId>
			</gx:ViewerOptions>
			<longitude>104.6162987597874</longitude>
			<latitude>17.0428535800752</latitude>
			<altitude>162.9893493652344</altitude>
			<heading>179.1008810972452</heading>
			<tilt>96.54988276348097</tilt>
			<roll>0</roll>
			<gx:fovy>42.00280838861138</gx:fovy>
			<altitudeMode>absolute</altitudeMode>
		</Camera>
		<styleUrl>#__managed_style_0F0B14BC552A02CAACD4</styleUrl>
		<Point>
			<altitudeMode>relativeToGround</altitudeMode>
			<coordinates>104.6162998433925,17.04271380602722,0</coordinates>
		</Point>
	</Placemark>
	<Placemark id="0B529CBFF32A0402DB10">
		<name>LT168-SG-0100-13+350</name>
		<Camera>
			<gx:ViewerOptions>
				<gx:option name="streetview"></gx:option>
				<gx:streetViewPanoId>SIxRpmKsGZUSaXl-hO8QXA</gx:streetViewPanoId>
			</gx:ViewerOptions>
			<longitude>104.6157479724493</longitude>
			<latitude>17.04266804372493</latitude>
			<altitude>162.5985717773438</altitude>
			<heading>127.8290153268156</heading>
			<tilt>83.1541127605816</tilt>
			<roll>0</roll>
			<gx:fovy>59.99999999999999</gx:fovy>
			<altitudeMode>absolute</altitudeMode>
		</Camera>
		<styleUrl>#__managed_style_0F0B14BC552A02CAACD4</styleUrl>
		<Point>
			<altitudeMode>relativeToGround</altitudeMode>
			<coordinates>104.6157753177921,17.04265249321761,0</coordinates>
		</Point>
	</Placemark>
	<Placemark id="06BEA94B452A04037A0F">
		<name>LT169-SG-0100-13+400</name>
		<Camera>
			<gx:ViewerOptions>
				<gx:option name="streetview"></gx:option>
				<gx:streetViewPanoId>o8TBvghN7a4OC-GfC41cEA</gx:streetViewPanoId>
			</gx:ViewerOptions>
			<longitude>104.6153345942125</longitude>
			<latitude>17.04255358567227</latitude>
			<altitude>162.4484405517578</altitude>
			<heading>175.4456584322987</heading>
			<tilt>72.42527885852697</tilt>
			<roll>0</roll>
			<gx:fovy>59.99999999981338</gx:fovy>
			<altitudeMode>absolute</altitudeMode>
		</Camera>
		<styleUrl>#__managed_style_0F0B14BC552A02CAACD4</styleUrl>
		<Point>
			<altitudeMode>relativeToGround</altitudeMode>
			<coordinates>104.6153348884479,17.04253627852658,0</coordinates>
		</Point>
	</Placemark>
	<Placemark id="0E1528A0572A04043C49">
		<name>LT170-SG-0100-13+450</name>
		<Camera>
			<gx:ViewerOptions>
				<gx:option name="streetview"></gx:option>
				<gx:streetViewPanoId>VZ1isNbcH7jOOC_2wuNpTQ</gx:streetViewPanoId>
			</gx:ViewerOptions>
			<longitude>104.614963017231</longitude>
			<latitude>17.0424064537369</latitude>
			<altitude>162.8566436767578</altitude>
			<heading>119.1485125085987</heading>
			<tilt>84.51036629589211</tilt>
			<roll>0</roll>
			<gx:fovy>35.35813177902426</gx:fovy>
			<altitudeMode>absolute</altitudeMode>
		</Camera>
		<styleUrl>#__managed_style_0F0B14BC552A02CAACD4</styleUrl>
		<Point>
			<altitudeMode>relativeToGround</altitudeMode>
			<coordinates>104.615032440575,17.04237943300359,0</coordinates>
		</Point>
	</Placemark>
	<Placemark id="03C16E5AD62A0404CC43">
		<name>LT171-SG-0100-13+500</name>
		<Camera>
			<gx:ViewerOptions>
				<gx:option name="streetview"></gx:option>
				<gx:streetViewPanoId>xlR6fP2EbaBfCK15tdMKfA</gx:streetViewPanoId>
			</gx:ViewerOptions>
			<longitude>104.6146826897702</longitude>
			<latitude>17.04218656157189</latitude>
			<altitude>162.8856658935547</altitude>
			<heading>155.2571955810776</heading>
			<tilt>88.81700506759036</tilt>
			<roll>0</roll>
			<gx:fovy>59.99999999999999</gx:fovy>
			<altitudeMode>absolute</altitudeMode>
		</Camera>
		<styleUrl>#__managed_style_0F0B14BC552A02CAACD4</styleUrl>
		<Point>
			<altitudeMode>relativeToGround</altitudeMode>
			<coordinates>104.6147081486085,17.0421357910781,0</coordinates>
		</Point>
	</Placemark>
	<Placemark id="09455D38202A04060C9B">
		<name>กม.14</name>
		<Camera>
			<gx:ViewerOptions>
				<gx:option name="streetview"></gx:option>
				<gx:streetViewPanoId>N-82TK6ji0ryAXmEnyxG-g</gx:streetViewPanoId>
			</gx:ViewerOptions>
			<longitude>104.6109220651119</longitude>
			<latitude>17.03898362067124</latitude>
			<altitude>161.0663452148438</altitude>
			<heading>344.3843313935857</heading>
			<tilt>79.9481454114146</tilt>
			<roll>0</roll>
			<gx:fovy>59.99999999999999</gx:fovy>
			<altitudeMode>absolute</altitudeMode>
		</Camera>
		<styleUrl>#__managed_style_0F0B14BC552A02CAACD4</styleUrl>
		<Point>
			<altitudeMode>relativeToGround</altitudeMode>
			<coordinates>104.6109220651119,17.03898362067124,0</coordinates>
		</Point>
	</Placemark>
	<Placemark id="0EF15018AF2A04070D2D">
		<name>กม.15</name>
		<Camera>
			<gx:ViewerOptions>
				<gx:option name="streetview"></gx:option>
				<gx:streetViewPanoId>jqdW76IMewDemUIj_EjoKw</gx:streetViewPanoId>
			</gx:ViewerOptions>
			<longitude>104.6035045206702</longitude>
			<latitude>17.03346312325274</latitude>
			<altitude>152.5697409124644</altitude>
			<heading>302.3524203418801</heading>
			<tilt>70.30304446984916</tilt>
			<roll>0</roll>
			<gx:fovy>59.99939560839172</gx:fovy>
			<altitudeMode>absolute</altitudeMode>
		</Camera>
		<styleUrl>#__managed_style_0F0B14BC552A02CAACD4</styleUrl>
		<Point>
			<altitudeMode>relativeToGround</altitudeMode>
			<coordinates>104.6035045206702,17.03346312325274,0</coordinates>
		</Point>
	</Placemark>
	<Placemark id="014BEF4CF02A0407CB29">
		<name>LT172-SG-0100-16+150</name>
		<Camera>
			<gx:ViewerOptions>
				<gx:option name="streetview"></gx:option>
				<gx:streetViewPanoId>zDB0h5e7W-aJ8Et55i5nsQ</gx:streetViewPanoId>
			</gx:ViewerOptions>
			<longitude>104.5964680292479</longitude>
			<latitude>17.02582952037507</latitude>
			<altitude>153.6353607177734</altitude>
			<heading>145.5861552504603</heading>
			<tilt>70.99813736909975</tilt>
			<roll>0</roll>
			<gx:fovy>59.9999999982558</gx:fovy>
			<altitudeMode>absolute</altitudeMode>
		</Camera>
		<styleUrl>#__managed_style_0F0B14BC552A02CAACD4</styleUrl>
		<Point>
			<altitudeMode>relativeToGround</altitudeMode>
			<coordinates>104.5964884660218,17.02580832925599,0</coordinates>
		</Point>
	</Placemark>
	<Placemark id="0814F65BAC2A0409BC47">
		<name>กม.17</name>
		<Camera>
			<gx:ViewerOptions>
				<gx:option name="streetview"></gx:option>
				<gx:streetViewPanoId>UdHA25gzIBSJs29HDq7R-g</gx:streetViewPanoId>
			</gx:ViewerOptions>
			<longitude>104.5913041180981</longitude>
			<latitude>17.02032193596122</latitude>
			<altitude>158.473388671875</altitude>
			<heading>1.184510954124776</heading>
			<tilt>62.7961316252452</tilt>
			<roll>0</roll>
			<gx:fovy>59.99999999988326</gx:fovy>
			<altitudeMode>absolute</altitudeMode>
		</Camera>
		<styleUrl>#__managed_style_0F0B14BC552A02CAACD4</styleUrl>
		<Point>
			<altitudeMode>relativeToGround</altitudeMode>
			<coordinates>104.5913041180981,17.02032193596122,0</coordinates>
		</Point>
	</Placemark>
	<Placemark id="0AE2E5F25D2A040AD154">
		<name>LT173-SG-0100-16+190</name>
		<Camera>
			<gx:ViewerOptions>
				<gx:option name="streetview"></gx:option>
				<gx:streetViewPanoId>h2UNQ4P_kSacmERmXD6QCg</gx:streetViewPanoId>
			</gx:ViewerOptions>
			<longitude>104.5963504696342</longitude>
			<latitude>17.02548495994214</latitude>
			<altitude>153.8037109375</altitude>
			<heading>137.8875504692911</heading>
			<tilt>73.25651685218688</tilt>
			<roll>0</roll>
			<gx:fovy>59.99999974607718</gx:fovy>
			<altitudeMode>absolute</altitudeMode>
		</Camera>
		<styleUrl>#__managed_style_0F0B14BC552A02CAACD4</styleUrl>
		<Point>
			<altitudeMode>relativeToGround</altitudeMode>
			<coordinates>104.5963634496557,17.02546035821861,0</coordinates>
		</Point>
	</Placemark>
	<Placemark id="022102AFC92A040B4200">
		<name>LT174-SG-0100-16+230</name>
		<Camera>
			<gx:ViewerOptions>
				<gx:option name="streetview"></gx:option>
				<gx:streetViewPanoId>EcumI5rSw9BIMDSGBaxBNw</gx:streetViewPanoId>
			</gx:ViewerOptions>
			<longitude>104.5962336215152</longitude>
			<latitude>17.02514632414919</latitude>
			<altitude>154.0700105039833</altitude>
			<heading>137.887548516528</heading>
			<tilt>85</tilt>
			<roll>0</roll>
			<gx:fovy>60</gx:fovy>
			<altitudeMode>absolute</altitudeMode>
		</Camera>
		<styleUrl>#__managed_style_0F0B14BC552A02CAACD4</styleUrl>
		<Point>
			<altitudeMode>relativeToGround</altitudeMode>
			<coordinates>104.5962529302456,17.02512872505861,0</coordinates>
		</Point>
	</Placemark>
	<Placemark id="0CD5CCDEC62A040BBB4E">
		<name>LT175-SG-0100-16+270</name>
		<Camera>
			<gx:ViewerOptions>
				<gx:option name="streetview"></gx:option>
				<gx:streetViewPanoId>1r7r5TEOoRdX5ZugiR_mqw</gx:streetViewPanoId>
			</gx:ViewerOptions>
			<longitude>104.5961065470657</longitude>
			<latitude>17.02481634388689</latitude>
			<altitude>154.3388977584415</altitude>
			<heading>137.8875759324972</heading>
			<tilt>85</tilt>
			<roll>0</roll>
			<gx:fovy>60</gx:fovy>
			<altitudeMode>absolute</altitudeMode>
		</Camera>
		<styleUrl>#__managed_style_0F0B14BC552A02CAACD4</styleUrl>
		<Point>
			<altitudeMode>relativeToGround</altitudeMode>
			<coordinates>104.5961264528686,17.0247769372816,0</coordinates>
		</Point>
	</Placemark>
	<Placemark id="0303692A632A040CA90C">
		<name>LT176-SG-0100-16+310</name>
		<Camera>
			<gx:ViewerOptions>
				<gx:option name="streetview"></gx:option>
				<gx:streetViewPanoId>6bo7vqJz7eh0OZQ5tQi9Vg</gx:streetViewPanoId>
			</gx:ViewerOptions>
			<longitude>104.5958684939574</longitude>
			<latitude>17.02444295231962</latitude>
			<altitude>156.7882537841797</altitude>
			<heading>102.5195045073257</heading>
			<tilt>103.710349920009</tilt>
			<roll>0</roll>
			<gx:fovy>63.08989317869657</gx:fovy>
			<altitudeMode>absolute</altitudeMode>
		</Camera>
		<styleUrl>#__managed_style_0F0B14BC552A02CAACD4</styleUrl>
		<Point>
			<altitudeMode>relativeToGround</altitudeMode>
			<coordinates>104.5959467295207,17.02443218631951,0</coordinates>
		</Point>
	</Placemark>
	<Placemark id="02A0DE47D32A040D4971">
		<name>LT177-SG-0100-15+350</name>
		<Camera>
			<gx:ViewerOptions>
				<gx:option name="streetview"></gx:option>
				<gx:streetViewPanoId>jyZYC4Hvrq0QbXN1mFSKlQ</gx:streetViewPanoId>
			</gx:ViewerOptions>
			<longitude>104.595650004751</longitude>
			<latitude>17.0241590973205</latitude>
			<altitude>157.2318115234375</altitude>
			<heading>109.9674918278475</heading>
			<tilt>89.15321744726853</tilt>
			<roll>0</roll>
			<gx:fovy>40.10094740015337</gx:fovy>
			<altitudeMode>absolute</altitudeMode>
		</Camera>
		<styleUrl>#__managed_style_0F0B14BC552A02CAACD4</styleUrl>
		<Point>
			<altitudeMode>relativeToGround</altitudeMode>
			<coordinates>104.5957091963159,17.02411262786861,0</coordinates>
		</Point>
	</Placemark>
	<Placemark id="0C9C12EEBB2A040E0D79">
		<name>LT178-SG-0100-16+390</name>
		<Camera>
			<gx:ViewerOptions>
				<gx:option name="streetview"></gx:option>
				<gx:streetViewPanoId>YA_fH1KKBZK47m0OCrxYXw</gx:streetViewPanoId>
			</gx:ViewerOptions>
			<longitude>104.5953840299155</longitude>
			<latitude>17.02389759917897</latitude>
			<altitude>157.4428253173828</altitude>
			<heading>105.3022350386457</heading>
			<tilt>88.1055998805477</tilt>
			<roll>0</roll>
			<gx:fovy>40.89883296485863</gx:fovy>
			<altitudeMode>absolute</altitudeMode>
		</Camera>
		<styleUrl>#__managed_style_0F0B14BC552A02CAACD4</styleUrl>
		<Point>
			<altitudeMode>relativeToGround</altitudeMode>
			<coordinates>104.595471352919,17.02387089198503,0</coordinates>
		</Point>
	</Placemark>
	<Placemark id="02ADFBACE72A040E754D">
		<name>LT179-SG-0100-16+430</name>
		<Camera>
			<gx:ViewerOptions>
				<gx:option name="streetview"></gx:option>
				<gx:streetViewPanoId>cgD0cRMBo9poURq98Wj_Sw</gx:streetViewPanoId>
			</gx:ViewerOptions>
			<longitude>104.5951099633889</longitude>
			<latitude>17.02364793983704</latitude>
			<altitude>157.4468994140625</altitude>
			<heading>103.4594062470671</heading>
			<tilt>84.25524090196723</tilt>
			<roll>0</roll>
			<gx:fovy>41.12227611780555</gx:fovy>
			<altitudeMode>absolute</altitudeMode>
		</Camera>
		<styleUrl>#__managed_style_0F0B14BC552A02CAACD4</styleUrl>
		<Point>
			<altitudeMode>relativeToGround</altitudeMode>
			<coordinates>104.5951917113432,17.02363634538241,0</coordinates>
		</Point>
	</Placemark>
	<Placemark id="0332D149892A040EF3F1">
		<name>LT180-SG-0100-16+470</name>
		<Camera>
			<gx:ViewerOptions>
				<gx:option name="streetview"></gx:option>
				<gx:streetViewPanoId>2UDxfbFS4hSTVZkWvSUdLQ</gx:streetViewPanoId>
			</gx:ViewerOptions>
			<longitude>104.5948311843519</longitude>
			<latitude>17.02340459970385</latitude>
			<altitude>157.3534545898438</altitude>
			<heading>107.2778176282058</heading>
			<tilt>84.63393339033321</tilt>
			<roll>0</roll>
			<gx:fovy>59.99991530282912</gx:fovy>
			<altitudeMode>absolute</altitudeMode>
		</Camera>
		<styleUrl>#__managed_style_0F0B14BC552A02CAACD4</styleUrl>
		<Point>
			<altitudeMode>relativeToGround</altitudeMode>
			<coordinates>104.5949008945866,17.02340207323543,0</coordinates>
		</Point>
	</Placemark>
	<Placemark id="069B88AFE12A040FBA7D">
		<name>LT181-SG-0100-16+510</name>
		<Camera>
			<gx:ViewerOptions>
				<gx:option name="streetview"></gx:option>
				<gx:streetViewPanoId>4u6MgjgiO5ovDsookXJc6Q</gx:streetViewPanoId>
			</gx:ViewerOptions>
			<longitude>104.5945541843181</longitude>
			<latitude>17.02315752591269</latitude>
			<altitude>157.2613677978516</altitude>
			<heading>101.2152142802724</heading>
			<tilt>94.08120832673625</tilt>
			<roll>0</roll>
			<gx:fovy>59.99988663908599</gx:fovy>
			<altitudeMode>absolute</altitudeMode>
		</Camera>
		<styleUrl>#__managed_style_0F0B14BC552A02CAACD4</styleUrl>
		<Point>
			<altitudeMode>relativeToGround</altitudeMode>
			<coordinates>104.5946365034512,17.02314328986436,0</coordinates>
		</Point>
	</Placemark>
	<Placemark id="00C943AD862A0411D6C3">
		<name>LT182-SG-0100-16+550</name>
		<Camera>
			<gx:ViewerOptions>
				<gx:option name="streetview"></gx:option>
				<gx:streetViewPanoId>5ufYxeirWick4sf4HoIvAg</gx:streetViewPanoId>
			</gx:ViewerOptions>
			<longitude>104.594278607581</longitude>
			<latitude>17.02291280860062</latitude>
			<altitude>157.2564364708949</altitude>
			<heading>100.6931446466024</heading>
			<tilt>94.42932596268579</tilt>
			<roll>0</roll>
			<gx:fovy>59.99999998944472</gx:fovy>
			<altitudeMode>absolute</altitudeMode>
		</Camera>
		<styleUrl>#__managed_style_0F0B14BC552A02CAACD4</styleUrl>
		<Point>
			<altitudeMode>relativeToGround</altitudeMode>
			<coordinates>104.5943576835991,17.02291507716783,0</coordinates>
		</Point>
	</Placemark>
	<Placemark id="0BD43B7B1B2A04129040">
		<name>LT183-SG-0100-16+590</name>
		<Camera>
			<gx:ViewerOptions>
				<gx:option name="streetview"></gx:option>
				<gx:streetViewPanoId>bwFABOmkgQjPdCjTZfk4tQ</gx:streetViewPanoId>
			</gx:ViewerOptions>
			<longitude>104.594070080179</longitude>
			<latitude>17.02273122833071</latitude>
			<altitude>157.2918395996094</altitude>
			<heading>164.7897192023128</heading>
			<tilt>94.48215053082014</tilt>
			<roll>0</roll>
			<gx:fovy>59.99999999999999</gx:fovy>
			<altitudeMode>absolute</altitudeMode>
		</Camera>
		<styleUrl>#__managed_style_0F0B14BC552A02CAACD4</styleUrl>
		<Point>
			<altitudeMode>relativeToGround</altitudeMode>
			<coordinates>104.594087175637,17.02266267928261,0</coordinates>
		</Point>
	</Placemark>
	<Placemark id="013351D7A42A04179563">
		<name>LT184-SG-0100-16+530</name>
		<Camera>
			<gx:ViewerOptions>
				<gx:option name="streetview"></gx:option>
				<gx:streetViewPanoId>8d1mhlqvkfXgDjITm58zjQ</gx:streetViewPanoId>
			</gx:ViewerOptions>
			<longitude>104.5937149173269</longitude>
			<latitude>17.02242824075451</latitude>
			<altitude>157.335809709358</altitude>
			<heading>114.1880331659742</heading>
			<tilt>91.87076110873306</tilt>
			<roll>0</roll>
			<gx:fovy>59.99999999999999</gx:fovy>
			<altitudeMode>absolute</altitudeMode>
		</Camera>
		<styleUrl>#__managed_style_0F0B14BC552A02CAACD4</styleUrl>
		<Point>
			<altitudeMode>relativeToGround</altitudeMode>
			<coordinates>104.5938035496945,17.02241671708163,0</coordinates>
		</Point>
	</Placemark>
	<Placemark id="0CD25DA8FC2A041831C8">
		<name>LT185-SG-0100-16+570</name>
		<Camera>
			<gx:ViewerOptions>
				<gx:option name="streetview"></gx:option>
				<gx:streetViewPanoId>vw-EachdOovaUyxLJjSf_g</gx:streetViewPanoId>
			</gx:ViewerOptions>
			<longitude>104.5935025669749</longitude>
			<latitude>17.02224324690167</latitude>
			<altitude>157.33203125</altitude>
			<heading>142.7647557008043</heading>
			<tilt>91.53238547512589</tilt>
			<roll>0</roll>
			<gx:fovy>59.99999999999999</gx:fovy>
			<altitudeMode>absolute</altitudeMode>
		</Camera>
		<styleUrl>#__managed_style_0F0B14BC552A02CAACD4</styleUrl>
		<Point>
			<altitudeMode>relativeToGround</altitudeMode>
			<coordinates>104.5935205698873,17.02217975700984,0</coordinates>
		</Point>
	</Placemark>
	<Placemark id="0D7F0E35332A0418E17B">
		<name>LT186-SG-0100-16+610</name>
		<Camera>
			<gx:ViewerOptions>
				<gx:option name="streetview"></gx:option>
				<gx:streetViewPanoId>zKWOsF0s6eezZy-EogUdbw</gx:streetViewPanoId>
			</gx:ViewerOptions>
			<longitude>104.5932234352034</longitude>
			<latitude>17.02199017342677</latitude>
			<altitude>157.2604064941406</altitude>
			<heading>112.571340096583</heading>
			<tilt>91.66914168760904</tilt>
			<roll>0</roll>
			<gx:fovy>59.99999999999662</gx:fovy>
			<altitudeMode>absolute</altitudeMode>
		</Camera>
		<styleUrl>#__managed_style_0F0B14BC552A02CAACD4</styleUrl>
		<Point>
			<altitudeMode>relativeToGround</altitudeMode>
			<coordinates>104.5932826901672,17.02197535414506,0</coordinates>
		</Point>
	</Placemark>
	<Placemark id="0467B3AAE52A041979BC">
		<name>LT187-SG-0100-15+650</name>
		<Camera>
			<gx:ViewerOptions>
				<gx:option name="streetview"></gx:option>
				<gx:streetViewPanoId>gHMoQGSQU2uymiKIQdmKDA</gx:streetViewPanoId>
			</gx:ViewerOptions>
			<longitude>104.5930104630769</longitude>
			<latitude>17.02180109336537</latitude>
			<altitude>157.238835490668</altitude>
			<heading>122.3916885171075</heading>
			<tilt>90.40351682816274</tilt>
			<roll>0</roll>
			<gx:fovy>59.99999999957736</gx:fovy>
			<altitudeMode>absolute</altitudeMode>
		</Camera>
		<styleUrl>#__managed_style_0F0B14BC552A02CAACD4</styleUrl>
		<Point>
			<altitudeMode>relativeToGround</altitudeMode>
			<coordinates>104.5930653000468,17.02178336038362,0</coordinates>
		</Point>
	</Placemark>
	<Placemark id="094A0182692A041A15CB">
		<name>LT188-SG-0100-16+690</name>
		<Camera>
			<gx:ViewerOptions>
				<gx:option name="streetview"></gx:option>
				<gx:streetViewPanoId>E5st3pFvA7kTS7F-pSmCng</gx:streetViewPanoId>
			</gx:ViewerOptions>
			<longitude>104.5927247518802</longitude>
			<latitude>17.02155526553772</latitude>
			<altitude>157.316650390625</altitude>
			<heading>114.1534771674881</heading>
			<tilt>89.43965681587748</tilt>
			<roll>0</roll>
			<gx:fovy>59.99999998279018</gx:fovy>
			<altitudeMode>absolute</altitudeMode>
		</Camera>
		<styleUrl>#__managed_style_0F0B14BC552A02CAACD4</styleUrl>
		<Point>
			<altitudeMode>relativeToGround</altitudeMode>
			<coordinates>104.5927807972157,17.02153886183934,0</coordinates>
		</Point>
	</Placemark>
	<Placemark id="04A71754A82A041E7AAB">
		<name>LT189-SG-0100-16+730</name>
		<Camera>
			<gx:ViewerOptions>
				<gx:option name="streetview"></gx:option>
				<gx:streetViewPanoId>ipuddnY2ql0TQoP9qro9bA</gx:streetViewPanoId>
			</gx:ViewerOptions>
			<longitude>104.5925109801456</longitude>
			<latitude>17.02136914315667</latitude>
			<altitude>157.3798065185547</altitude>
			<heading>150.3158319348399</heading>
			<tilt>83.86717284601811</tilt>
			<roll>0</roll>
			<gx:fovy>59.99999999999999</gx:fovy>
			<altitudeMode>absolute</altitudeMode>
		</Camera>
		<styleUrl>#__managed_style_0F0B14BC552A02CAACD4</styleUrl>
		<Point>
			<altitudeMode>relativeToGround</altitudeMode>
			<coordinates>104.5925518424733,17.02131074231384,0</coordinates>
		</Point>
	</Placemark>
	<Placemark id="05DB4FD3792A041F45C9">
		<name>LT190-SG-0100-16+810</name>
		<Camera>
			<gx:ViewerOptions>
				<gx:option name="streetview"></gx:option>
				<gx:streetViewPanoId>6fzSNRKEg1SI9jUVaNRGyQ</gx:streetViewPanoId>
			</gx:ViewerOptions>
			<longitude>104.5922252698921</longitude>
			<latitude>17.02111786512759</latitude>
			<altitude>157.5027770996094</altitude>
			<heading>112.3888412239262</heading>
			<tilt>94.27207244251061</tilt>
			<roll>0</roll>
			<gx:fovy>59.99999999999999</gx:fovy>
			<altitudeMode>absolute</altitudeMode>
		</Camera>
		<styleUrl>#__managed_style_0F0B14BC552A02CAACD4</styleUrl>
		<Point>
			<altitudeMode>relativeToGround</altitudeMode>
			<coordinates>104.5923067732587,17.02111465254551,0</coordinates>
		</Point>
	</Placemark>
	<Placemark id="0065DD4D252A041FCF6C">
		<name>LT191-SG-0100-16+850</name>
		<Camera>
			<gx:ViewerOptions>
				<gx:option name="streetview"></gx:option>
				<gx:streetViewPanoId>4myY4rWFhw3Aj4p1aYBCbA</gx:streetViewPanoId>
			</gx:ViewerOptions>
			<longitude>104.592007941944</longitude>
			<latitude>17.02093701056553</latitude>
			<altitude>157.7979102661329</altitude>
			<heading>154.7828879433788</heading>
			<tilt>87.71265579288128</tilt>
			<roll>0</roll>
			<gx:fovy>59.99999999316341</gx:fovy>
			<altitudeMode>absolute</altitudeMode>
		</Camera>
		<styleUrl>#__managed_style_0F0B14BC552A02CAACD4</styleUrl>
		<Point>
			<altitudeMode>relativeToGround</altitudeMode>
			<coordinates>104.5920494901094,17.02087705974285,0</coordinates>
		</Point>
	</Placemark>
	<Placemark id="05230F649F2A04205E45">
		<name>LT192-SG-0100-16+890</name>
		<Camera>
			<gx:ViewerOptions>
				<gx:option name="streetview"></gx:option>
				<gx:streetViewPanoId>eqEFuCsy6hUCb_9g30j-MQ</gx:streetViewPanoId>
			</gx:ViewerOptions>
			<longitude>104.5917237443277</longitude>
			<latitude>17.02069133380563</latitude>
			<altitude>158.0606689453125</altitude>
			<heading>127.8645066873726</heading>
			<tilt>84.29935984020906</tilt>
			<roll>0</roll>
			<gx:fovy>59.99999999999999</gx:fovy>
			<altitudeMode>absolute</altitudeMode>
		</Camera>
		<styleUrl>#__managed_style_0F0B14BC552A02CAACD4</styleUrl>
		<Point>
			<altitudeMode>relativeToGround</altitudeMode>
			<coordinates>104.5917963152699,17.02065073518649,0</coordinates>
		</Point>
	</Placemark>
	<Placemark id="0A2E4825212A0420EC0F">
		<name>LT194-SG-0100-16+950</name>
		<Camera>
			<gx:ViewerOptions>
				<gx:option name="streetview"></gx:option>
				<gx:streetViewPanoId>YDRMIW1-P-VyuB0WMn5aqg</gx:streetViewPanoId>
			</gx:ViewerOptions>
			<longitude>104.591443904456</longitude>
			<latitude>17.02044463578773</latitude>
			<altitude>158.3580474853516</altitude>
			<heading>119.3524041094074</heading>
			<tilt>86.15181504197425</tilt>
			<roll>0</roll>
			<gx:fovy>59.99999996933828</gx:fovy>
			<altitudeMode>absolute</altitudeMode>
		</Camera>
		<styleUrl>#__managed_style_0F0B14BC552A02CAACD4</styleUrl>
		<Point>
			<altitudeMode>relativeToGround</altitudeMode>
			<coordinates>104.5915123080907,17.02040051239798,0</coordinates>
		</Point>
	</Placemark>
	<Placemark id="0AB6CC1F4F2A04224158">
		<name>LT195-SG-0100-17+030</name>
		<Camera>
			<gx:ViewerOptions>
				<gx:option name="streetview"></gx:option>
				<gx:streetViewPanoId>iiFRfg53FDQc2d6u6OpXJg</gx:streetViewPanoId>
			</gx:ViewerOptions>
			<longitude>104.5910912375962</longitude>
			<latitude>17.02013565831599</latitude>
			<altitude>158.5502292208149</altitude>
			<heading>102.4286529413394</heading>
			<tilt>95.6359229421919</tilt>
			<roll>0</roll>
			<gx:fovy>59.99999999999999</gx:fovy>
			<altitudeMode>absolute</altitudeMode>
		</Camera>
		<styleUrl>#__managed_style_0F0B14BC552A02CAACD4</styleUrl>
		<Point>
			<altitudeMode>relativeToGround</altitudeMode>
			<coordinates>104.5911653897295,17.02008751877399,0</coordinates>
		</Point>
	</Placemark>
	<Placemark id="025674047E2A0425D34A">
		<name>LT196-SG-0100-17+700</name>
		<Camera>
			<gx:ViewerOptions>
				<gx:option name="streetview"></gx:option>
				<gx:streetViewPanoId>L_B7CsFBoq81UG0hb2GEUg</gx:streetViewPanoId>
			</gx:ViewerOptions>
			<longitude>104.5868969125452</longitude>
			<latitude>17.01523354383505</latitude>
			<altitude>157.0223739912765</altitude>
			<heading>131.8733395506828</heading>
			<tilt>80.63115567729128</tilt>
			<roll>0</roll>
			<gx:fovy>59.99999999999999</gx:fovy>
			<altitudeMode>absolute</altitudeMode>
		</Camera>
		<styleUrl>#__managed_style_0F0B14BC552A02CAACD4</styleUrl>
		<Point>
			<coordinates>104.5869415629756,17.01523133180699,149.6883173736059</coordinates>
		</Point>
	</Placemark>
	<Placemark id="0FA779B2312A04272B81">
		<name>LT197-SG-0100-17+735</name>
		<Camera>
			<gx:ViewerOptions>
				<gx:option name="streetview"></gx:option>
				<gx:streetViewPanoId>jGR1Jpmb8N2Uf6wP49NC5g</gx:streetViewPanoId>
			</gx:ViewerOptions>
			<longitude>104.5866472254267</longitude>
			<latitude>17.01495836160256</latitude>
			<altitude>156.878173828125</altitude>
			<heading>131.8733395463068</heading>
			<tilt>84.81088457436277</tilt>
			<roll>0</roll>
			<gx:fovy>59.99999999999999</gx:fovy>
			<altitudeMode>absolute</altitudeMode>
		</Camera>
		<styleUrl>#__managed_style_0F0B14BC552A02CAACD4</styleUrl>
		<Point>
			<coordinates>104.5867188350434,17.01496802269008,150.8975588031413</coordinates>
		</Point>
	</Placemark>
	<Placemark id="0839941E8F2A0427D906">
		<name>LT198-SG-0100-17+770</name>
		<Camera>
			<gx:ViewerOptions>
				<gx:option name="streetview"></gx:option>
				<gx:streetViewPanoId>Z8I08A7jO6hY6SlHjSnzjA</gx:streetViewPanoId>
			</gx:ViewerOptions>
			<longitude>104.5864413761359</longitude>
			<latitude>17.01476919123061</latitude>
			<altitude>156.8967534105699</altitude>
			<heading>148.711701227673</heading>
			<tilt>89.78386520376746</tilt>
			<roll>0</roll>
			<gx:fovy>59.99999999999999</gx:fovy>
			<altitudeMode>absolute</altitudeMode>
		</Camera>
		<styleUrl>#__managed_style_0F0B14BC552A02CAACD4</styleUrl>
		<Point>
			<coordinates>104.5864739862815,17.01474130568651,152.0926878966974</coordinates>
		</Point>
	</Placemark>
	<Placemark id="00203D5DFC2A042870E8">
		<name>LT199-SG-0100-17+810</name>
		<Camera>
			<gx:ViewerOptions>
				<gx:option name="streetview"></gx:option>
				<gx:streetViewPanoId>V0W6Sg0WJcPGtdkqLTrNbQ</gx:streetViewPanoId>
			</gx:ViewerOptions>
			<longitude>104.5861349590928</longitude>
			<latitude>17.0145472670425</latitude>
			<altitude>157.0673522948652</altitude>
			<heading>130.6365826182504</heading>
			<tilt>88.27975205033059</tilt>
			<roll>0</roll>
			<gx:fovy>59.99999999999999</gx:fovy>
			<altitudeMode>absolute</altitudeMode>
		</Camera>
		<styleUrl>#__managed_style_0F0B14BC552A02CAACD4</styleUrl>
		<Point>
			<coordinates>104.5862070710276,17.01454556870414,152.1829968503575</coordinates>
		</Point>
	</Placemark>
	<Placemark id="0740CB85392A04296B2A">
		<name>LT200-SG-0100-17+845</name>
		<Camera>
			<gx:ViewerOptions>
				<gx:option name="streetview"></gx:option>
				<gx:streetViewPanoId>edMK5haNYKU65cfk6-zmrA</gx:streetViewPanoId>
			</gx:ViewerOptions>
			<longitude>104.5858874072978</longitude>
			<latitude>17.01440788757679</latitude>
			<altitude>157.1642737832795</altitude>
			<heading>158.8598967205813</heading>
			<tilt>86.95128548716087</tilt>
			<roll>0</roll>
			<gx:fovy>59.99999999999999</gx:fovy>
			<altitudeMode>absolute</altitudeMode>
		</Camera>
		<styleUrl>#__managed_style_0F0B14BC552A02CAACD4</styleUrl>
		<Point>
			<coordinates>104.5859105013482,17.01437969325605,152.0361867328911</coordinates>
		</Point>
	</Placemark>
	<Placemark id="0474E194952A042A2A9E">
		<name>LT201-SG-0100-17+890</name>
		<Camera>
			<gx:ViewerOptions>
				<gx:option name="streetview"></gx:option>
				<gx:streetViewPanoId>NgFna3j4fyawwB7BaYKV-A</gx:streetViewPanoId>
			</gx:ViewerOptions>
			<longitude>104.5855537821008</longitude>
			<latitude>17.01422801904624</latitude>
			<altitude>157.1932844049072</altitude>
			<heading>128.461036217869</heading>
			<tilt>88.62887641277784</tilt>
			<roll>0</roll>
			<gx:fovy>59.9999806472421</gx:fovy>
			<altitudeMode>absolute</altitudeMode>
		</Camera>
		<styleUrl>#__managed_style_0F0B14BC552A02CAACD4</styleUrl>
		<Point>
			<coordinates>104.5856129008192,17.01421565820657,154.5451578404553</coordinates>
		</Point>
	</Placemark>
	<Placemark id="0043DDEE402A042B9B85">
		<name>LT202-SG-0100-17+945</name>
		<Camera>
			<gx:ViewerOptions>
				<gx:option name="streetview"></gx:option>
				<gx:streetViewPanoId>ZacJQCsY4iQZ_S6GfPvCeA</gx:streetViewPanoId>
			</gx:ViewerOptions>
			<longitude>104.5853040972006</longitude>
			<latitude>17.01409485789068</latitude>
			<altitude>157.113518667973</altitude>
			<heading>157.64603504505</heading>
			<tilt>79.37939602513879</tilt>
			<roll>0</roll>
			<gx:fovy>59.99999999999999</gx:fovy>
			<altitudeMode>absolute</altitudeMode>
		</Camera>
		<styleUrl>#__managed_style_0F0B14BC552A02CAACD4</styleUrl>
		<Point>
			<coordinates>104.5853156172455,17.01405862320412,156.7905206826163</coordinates>
		</Point>
	</Placemark>
	<Placemark id="007FB0340B2A042C13FA">
		<name>LT203-SG-0100-17+980</name>
		<LookAt>
			<longitude>104.5851613177578</longitude>
			<latitude>17.01402474079851</latitude>
			<altitude>156.9003365622896</altitude>
			<heading>157.7122419927701</heading>
			<tilt>0.9322649691497198</tilt>
			<gx:fovy>35</gx:fovy>
			<range>69.87201962913788</range>
			<altitudeMode>absolute</altitudeMode>
		</LookAt>
		<styleUrl>#__managed_style_0F0B14BC552A02CAACD4</styleUrl>
		<Point>
			<coordinates>104.5850586920012,17.01392474109657,157.0758627348914</coordinates>
		</Point>
	</Placemark>
	<Placemark id="0DEDBD3BBD2A042DF29B">
		<name>LT204-SG-0100-18+020</name>
		<LookAt>
			<longitude>104.5849022566656</longitude>
			<latitude>17.01390655370361</latitude>
			<altitude>155.6545189837038</altitude>
			<heading>157.711895547842</heading>
			<tilt>0.9475566126121706</tilt>
			<gx:fovy>35.00000000063179</gx:fovy>
			<range>109.2260941812674</range>
			<altitudeMode>absolute</altitudeMode>
		</LookAt>
		<styleUrl>#__managed_style_0F0B14BC552A02CAACD4</styleUrl>
		<Point>
			<coordinates>104.5847394585277,17.01375163794172,153.8938278319633</coordinates>
		</Point>
	</Placemark>
	<Placemark id="0B5AF2CFB82A042F3659">
		<name>LT205-SG-0100-18+055</name>
		<Camera>
			<gx:ViewerOptions>
				<gx:option name="streetview"></gx:option>
				<gx:streetViewPanoId>UDXA3li1_pf6-byTm7igNw</gx:streetViewPanoId>
			</gx:ViewerOptions>
			<longitude>104.5843950804798</longitude>
			<latitude>17.01359478601063</latitude>
			<altitude>156.6899127836567</altitude>
			<heading>157.645759901662</heading>
			<tilt>85</tilt>
			<roll>0</roll>
			<gx:fovy>60</gx:fovy>
			<altitudeMode>absolute</altitudeMode>
		</Camera>
		<styleUrl>#__managed_style_0F0B14BC552A02CAACD4</styleUrl>
		<Point>
			<coordinates>104.5844281133263,17.01358767878131,153.3672183118874</coordinates>
		</Point>
	</Placemark>
	<Placemark id="085B0F044B2A0431FD55">
		<name>LT206-SG-0100-19+800</name>
		<Camera>
			<gx:ViewerOptions>
				<gx:option name="streetview"></gx:option>
				<gx:streetViewPanoId>ui7xZCmlQFsakAgNUeXB9g</gx:streetViewPanoId>
			</gx:ViewerOptions>
			<longitude>104.5681115103075</longitude>
			<latitude>17.01300451162943</latitude>
			<altitude>151.4525604243013</altitude>
			<heading>211.6224032697239</heading>
			<tilt>92.53150952577725</tilt>
			<roll>0</roll>
			<gx:fovy>59.99999999999999</gx:fovy>
			<altitudeMode>absolute</altitudeMode>
		</Camera>
		<styleUrl>#__managed_style_0F0B14BC552A02CAACD4</styleUrl>
		<Point>
			<altitudeMode>relativeToGround</altitudeMode>
			<coordinates>104.5680637968681,17.01295564947648,0</coordinates>
		</Point>
	</Placemark>
	<Placemark id="03A79401662A04356C2C">
		<name>19</name>
		<Camera>
			<gx:ViewerOptions>
				<gx:option name="streetview"></gx:option>
				<gx:streetViewPanoId>moPK-IIdKN2IGFBlDnHmbQ</gx:streetViewPanoId>
			</gx:ViewerOptions>
			<longitude>104.5757475577082</longitude>
			<latitude>17.01282283573233</latitude>
			<altitude>154.9033715691188</altitude>
			<heading>308.7505683228132</heading>
			<tilt>62.07875409511501</tilt>
			<roll>0</roll>
			<gx:fovy>59.99907272591884</gx:fovy>
			<altitudeMode>absolute</altitudeMode>
		</Camera>
		<styleUrl>#__managed_style_0F0B14BC552A02CAACD4</styleUrl>
		<Point>
			<altitudeMode>relativeToGround</altitudeMode>
			<coordinates>104.5757475577082,17.01282283573233,0</coordinates>
		</Point>
	</Placemark>
	<Placemark id="0A987515BB2A0436BC3C">
		<name>LT207-SG-0100-19+835</name>
		<Camera>
			<gx:ViewerOptions>
				<gx:option name="streetview"></gx:option>
				<gx:streetViewPanoId>AqTMdB9RBosJQ8HOmL92qQ</gx:streetViewPanoId>
			</gx:ViewerOptions>
			<longitude>104.5674254016948</longitude>
			<latitude>17.0130903463855</latitude>
			<altitude>151.3449096679688</altitude>
			<heading>136.2140028905965</heading>
			<tilt>87.9480222632279</tilt>
			<roll>0</roll>
			<gx:fovy>59.99999999999999</gx:fovy>
			<altitudeMode>absolute</altitudeMode>
		</Camera>
		<styleUrl>#__managed_style_0F0B14BC552A02CAACD4</styleUrl>
		<Point>
			<altitudeMode>relativeToGround</altitudeMode>
			<coordinates>104.5677735936292,17.01301198473773,0</coordinates>
		</Point>
	</Placemark>
	<Placemark id="01EA4A17082A0437D8CE">
		<name>LT208-SG-0100-19+870</name>
		<Camera>
			<gx:ViewerOptions>
				<gx:option name="streetview"></gx:option>
				<gx:streetViewPanoId>QOhibW7_PdH4LzI86e5BNQ</gx:streetViewPanoId>
			</gx:ViewerOptions>
			<longitude>104.5675213340188</longitude>
			<latitude>17.01306895708633</latitude>
			<altitude>151.37744140625</altitude>
			<heading>238.5950264153191</heading>
			<tilt>77.28200007813911</tilt>
			<roll>0</roll>
			<gx:fovy>59.99999999999999</gx:fovy>
			<altitudeMode>absolute</altitudeMode>
		</Camera>
		<styleUrl>#__managed_style_0F0B14BC552A02CAACD4</styleUrl>
		<Point>
			<coordinates>104.5674690818765,17.01306692230985,148.92766635414</coordinates>
		</Point>
	</Placemark>
	<Placemark id="0054F508512A043893CA">
		<name>LT209-SG-0100-19+905</name>
		<Camera>
			<gx:ViewerOptions>
				<gx:option name="streetview"></gx:option>
				<gx:streetViewPanoId>ysdjEKzZEuBaoYKhzzTAiA</gx:streetViewPanoId>
			</gx:ViewerOptions>
			<longitude>104.567234870856</longitude>
			<latitude>17.01313021538393</latitude>
			<altitude>151.2696900210794</altitude>
			<heading>169.2896127144002</heading>
			<tilt>80.27779708388231</tilt>
			<roll>0</roll>
			<gx:fovy>59.99999999999999</gx:fovy>
			<altitudeMode>absolute</altitudeMode>
		</Camera>
		<styleUrl>#__managed_style_0F0B14BC552A02CAACD4</styleUrl>
		<Point>
			<coordinates>104.5672333071673,17.01312168111923,148.2652137694242</coordinates>
		</Point>
	</Placemark>
	<Placemark id="03A14C91742A04392824">
		<name>LT210-SG-0100-19+945</name>
		<LookAt>
			<longitude>104.5670637511203</longitude>
			<latitude>17.0132034731844</latitude>
			<altitude>147.9371872942694</altitude>
			<heading>169.2161647970995</heading>
			<tilt>1.585525043170458</tilt>
			<gx:fovy>35</gx:fovy>
			<range>51.09329105745928</range>
			<altitudeMode>absolute</altitudeMode>
		</LookAt>
		<styleUrl>#__managed_style_0F0B14BC552A02CAACD4</styleUrl>
		<Point>
			<coordinates>104.5670239118856,17.01316898979278,148.1026861244588</coordinates>
		</Point>
	</Placemark>
	<Placemark id="0D9C775DF42A0439EACE">
		<name>LT211-SG-0100-19+980</name>
		<Camera>
			<gx:ViewerOptions>
				<gx:option name="streetview"></gx:option>
				<gx:streetViewPanoId>6k9fm0xhpbzYBmZxyFHi-A</gx:streetViewPanoId>
			</gx:ViewerOptions>
			<longitude>104.5667416967237</longitude>
			<latitude>17.013235243047</latitude>
			<altitude>151.0832478363875</altitude>
			<heading>235.0377434448697</heading>
			<tilt>83.50488904372067</tilt>
			<roll>0</roll>
			<gx:fovy>59.99999997322096</gx:fovy>
			<altitudeMode>absolute</altitudeMode>
		</Camera>
		<styleUrl>#__managed_style_0F0B14BC552A02CAACD4</styleUrl>
		<Point>
			<coordinates>104.5666749957002,17.01323320631479,148.7567244833756</coordinates>
		</Point>
	</Placemark>
	<Placemark id="0ACE31CA3A2A043A63C6">
		<name>LT212-SG-0100-20+015</name>
		<Camera>
			<gx:ViewerOptions>
				<gx:option name="streetview"></gx:option>
				<gx:streetViewPanoId>-Il-22007LVIRhlUTYybhQ</gx:streetViewPanoId>
			</gx:ViewerOptions>
			<longitude>104.5664407430483</longitude>
			<latitude>17.01329456571407</latitude>
			<altitude>150.938363385311</altitude>
			<heading>150.2794684294313</heading>
			<tilt>85.52075027025002</tilt>
			<roll>0</roll>
			<gx:fovy>59.99999999911147</gx:fovy>
			<altitudeMode>absolute</altitudeMode>
		</Camera>
		<styleUrl>#__managed_style_0F0B14BC552A02CAACD4</styleUrl>
		<Point>
			<coordinates>104.5664569077205,17.01327980950312,148.897613247351</coordinates>
		</Point>
	</Placemark>
	<Placemark id="06B82FC99B2A043BEDBB">
		<name>LT213-SG-0100-20+050</name>
		<LookAt>
			<longitude>104.5660835005153</longitude>
			<latitude>17.0134403832737</latitude>
			<altitude>150.1382125366734</altitude>
			<heading>150.2506751672477</heading>
			<tilt>0.06952754969584415</tilt>
			<gx:fovy>35</gx:fovy>
			<range>93.88624340979732</range>
			<altitudeMode>absolute</altitudeMode>
		</LookAt>
		<styleUrl>#__managed_style_0F0B14BC552A02CAACD4</styleUrl>
		<Point>
			<coordinates>104.5661288762604,17.01335429829383,150.0618366744399</coordinates>
		</Point>
	</Placemark>
	<Placemark id="0BC84C42AB2A043C0E8B">
		<name>LT214-SG-0100-20+085</name>
		<LookAt>
			<longitude>104.5660835005153</longitude>
			<latitude>17.01344038328955</latitude>
			<altitude>150.1382125380881</altitude>
			<heading>150.2506751607672</heading>
			<tilt>0.06952754967487607</tilt>
			<gx:fovy>35</gx:fovy>
			<range>93.88624340979732</range>
			<altitudeMode>absolute</altitudeMode>
		</LookAt>
		<styleUrl>#__managed_style_0F0B14BC552A02CAACD4</styleUrl>
		<Point>
			<coordinates>104.5658592991811,17.01341559006127,149.6282452897765</coordinates>
		</Point>
	</Placemark>
	<Placemark id="0A9DAEFCB62A043C29BB">
		<name>LT215-SG-0100-20+120</name>
		<LookAt>
			<longitude>104.5656525932541</longitude>
			<latitude>17.01351145118802</latitude>
			<altitude>148.8274178937106</altitude>
			<heading>150.2506751910683</heading>
			<tilt>0.0695277613420812</tilt>
			<gx:fovy>35</gx:fovy>
			<range>113.3573969679492</range>
			<altitudeMode>absolute</altitudeMode>
		</LookAt>
		<styleUrl>#__managed_style_0F0B14BC552A02CAACD4</styleUrl>
		<Point>
			<coordinates>104.5655772609637,17.01346620235913,149.0524854405521</coordinates>
		</Point>
	</Placemark>
	<Placemark id="0814AF43F62A043C3FDD">
		<name>LT216-SG-0100-20+145</name>
		<LookAt>
			<longitude>104.5654039464754</longitude>
			<latitude>17.01354610982328</latitude>
			<altitude>148.9274090931841</altitude>
			<heading>150.2506750872017</heading>
			<tilt>0.06952711656734707</tilt>
			<gx:fovy>35</gx:fovy>
			<range>54.31482091967155</range>
			<altitudeMode>absolute</altitudeMode>
		</LookAt>
		<styleUrl>#__managed_style_0F0B14BC552A02CAACD4</styleUrl>
		<Point>
			<coordinates>104.565317653018,17.01350972933951,149.700382104524</coordinates>
		</Point>
	</Placemark>
	<Placemark id="0CA56C0C472A043C6F27">
		<name>LT217-SG-0100-20+180</name>
		<LookAt>
			<longitude>104.5649807180906</longitude>
			<latitude>17.01356500550346</latitude>
			<altitude>150.0940082358673</altitude>
			<heading>150.2506751121132</heading>
			<tilt>0.06952730708949133</tilt>
			<gx:fovy>35</gx:fovy>
			<range>71.8509114736753</range>
			<altitudeMode>absolute</altitudeMode>
		</LookAt>
		<styleUrl>#__managed_style_0F0B14BC552A02CAACD4</styleUrl>
		<Point>
			<coordinates>104.5650096715074,17.01357715927371,150.0088711112739</coordinates>
		</Point>
	</Placemark>
	<Placemark id="0BA2A1D4812A043CD922">
		<name>CL3-DB-0100-20+200</name>
		<LookAt>
			<longitude>104.5645350127018</longitude>
			<latitude>17.01374085610446</latitude>
			<altitude>146.6184675533177</altitude>
			<heading>150.2506750666828</heading>
			<tilt>0.06952706800495391</tilt>
			<gx:fovy>35</gx:fovy>
			<range>50.46867793231286</range>
			<altitudeMode>absolute</altitudeMode>
		</LookAt>
		<styleUrl>#__managed_style_0F0B14BC552A02CAACD4</styleUrl>
		<Point>
			<coordinates>104.5646404049507,17.01372200877498,147.5437102076139</coordinates>
		</Point>
	</Placemark>
	<Placemark id="09EF1A453C2A043CEEB3">
		<name>CL4-DB-0100-20+235</name>
		<LookAt>
			<longitude>104.5644152301799</longitude>
			<latitude>17.01378768883086</latitude>
			<altitude>145.7248956859217</altitude>
			<heading>150.2506750496259</heading>
			<tilt>0.06952702296519109</tilt>
			<gx:fovy>35</gx:fovy>
			<range>46.36344704771091</range>
			<altitudeMode>absolute</altitudeMode>
		</LookAt>
		<styleUrl>#__managed_style_0F0B14BC552A02CAACD4</styleUrl>
		<Point>
			<coordinates>104.5644201053345,17.01377204194853,146.0120411998008</coordinates>
		</Point>
	</Placemark>
	<Placemark id="0EB181FECB2A043D0507">
		<name>CL5-DB-0100-20+270</name>
		<LookAt>
			<longitude>104.5641335841967</longitude>
			<latitude>17.01381737766904</latitude>
			<altitude>144.6080474922666</altitude>
			<heading>150.2506750387214</heading>
			<tilt>0.06952697645762139</tilt>
			<gx:fovy>35</gx:fovy>
			<range>42.14980873650347</range>
			<altitudeMode>absolute</altitudeMode>
		</LookAt>
		<styleUrl>#__managed_style_0F0B14BC552A02CAACD4</styleUrl>
		<Point>
			<coordinates>104.5641186704154,17.01384080571306,144.5680113776018</coordinates>
		</Point>
	</Placemark>
	<Placemark id="0029976CA02A043D2EBE">
		<name>CL6-DB-0100-20+305</name>
		<LookAt>
			<longitude>104.5637699157449</longitude>
			<latitude>17.0138522816737</latitude>
			<altitude>140.9452224291857</altitude>
			<heading>150.2506750559167</heading>
			<tilt>0.06952708726950838</tilt>
			<gx:fovy>35</gx:fovy>
			<range>52.43701817474175</range>
			<altitudeMode>absolute</altitudeMode>
		</LookAt>
		<styleUrl>#__managed_style_0F0B14BC552A02CAACD4</styleUrl>
		<Point>
			<coordinates>104.5638425913707,17.01391543530312,141.1648841749788</coordinates>
		</Point>
	</Placemark>
	<Placemark id="0DC03E0FCD2A043D543F">
		<name>CL7-DB-0100-20+240</name>
		<LookAt>
			<longitude>104.5634424437696</longitude>
			<latitude>17.01397059384251</latitude>
			<altitude>140.5311596867233</altitude>
			<heading>150.2506750909054</heading>
			<tilt>0.06952730011233796</tilt>
			<gx:fovy>35</gx:fovy>
			<range>72.02041505219313</range>
			<altitudeMode>absolute</altitudeMode>
		</LookAt>
		<styleUrl>#__managed_style_0F0B14BC552A02CAACD4</styleUrl>
		<Point>
			<coordinates>104.5635774057041,17.01398038484625,139.9918373545698</coordinates>
		</Point>
	</Placemark>
	<Placemark id="0BE91B8D1E2A043D6E1D">
		<name>CL8-DB-0100-20+375</name>
		<LookAt>
			<longitude>104.5632321534859</longitude>
			<latitude>17.01403942737896</latitude>
			<altitude>141.2847525166604</altitude>
			<heading>150.2506750650242</heading>
			<tilt>0.06952716629868322</tilt>
			<gx:fovy>35</gx:fovy>
			<range>59.80569850719803</range>
			<altitudeMode>absolute</altitudeMode>
		</LookAt>
		<styleUrl>#__managed_style_0F0B14BC552A02CAACD4</styleUrl>
		<Point>
			<coordinates>104.563275825008,17.01403647506561,141.3172381170139</coordinates>
		</Point>
	</Placemark>
	<Placemark id="0E739B316B2A043D90C8">
		<name>CL9-DB-0100-20+415</name>
		<LookAt>
			<longitude>104.5628969611857</longitude>
			<latitude>17.01409398453327</latitude>
			<altitude>142.2199644861022</altitude>
			<heading>150.2506750437888</heading>
			<tilt>0.06952699434353894</tilt>
			<gx:fovy>35</gx:fovy>
			<range>44.08354772028815</range>
			<altitudeMode>absolute</altitudeMode>
		</LookAt>
		<styleUrl>#__managed_style_0F0B14BC552A02CAACD4</styleUrl>
		<Point>
			<coordinates>104.5629217519165,17.01410730559109,142.3361172936075</coordinates>
		</Point>
	</Placemark>
	<Placemark id="03DD94A4CC2A043DA750">
		<name>CL10-DB-0100-20+450</name>
		<LookAt>
			<longitude>104.5626572507971</longitude>
			<latitude>17.01415579571575</latitude>
			<altitude>143.3338757211442</altitude>
			<heading>150.2506750327195</heading>
			<tilt>0.0695269606475568</tilt>
			<gx:fovy>35</gx:fovy>
			<range>41.0563533371078</range>
			<altitudeMode>absolute</altitudeMode>
		</LookAt>
		<styleUrl>#__managed_style_0F0B14BC552A02CAACD4</styleUrl>
		<Point>
			<coordinates>104.562608757286,17.01417906243526,143.5580330366669</coordinates>
		</Point>
	</Placemark>
	<Placemark id="0F625117BD2A043DBE91">
		<name>CL11-DB-0100-20+485</name>
		<LookAt>
			<longitude>104.5623620080234</longitude>
			<latitude>17.01419668997439</latitude>
			<altitude>144.8086185051924</altitude>
			<heading>150.2506750127871</heading>
			<tilt>0.06952685734211587</tilt>
			<gx:fovy>35</gx:fovy>
			<range>31.63460415056306</range>
			<altitudeMode>absolute</altitudeMode>
		</LookAt>
		<styleUrl>#__managed_style_0F0B14BC552A02CAACD4</styleUrl>
		<Point>
			<coordinates>104.5623605773613,17.0142201428074,144.9782367947613</coordinates>
		</Point>
	</Placemark>
	<Placemark id="0BACCF6DD12A043DD310">
		<name>CL12-DB-0100-20+515</name>
		<LookAt>
			<longitude>104.5620785088917</longitude>
			<latitude>17.01423138643943</latitude>
			<altitude>145.773690004434</altitude>
			<heading>150.2506750186117</heading>
			<tilt>0.06952690241868047</tilt>
			<gx:fovy>35</gx:fovy>
			<range>35.83112001024347</range>
			<altitudeMode>absolute</altitudeMode>
		</LookAt>
		<styleUrl>#__managed_style_0F0B14BC552A02CAACD4</styleUrl>
		<Point>
			<coordinates>104.562077964787,17.01427049735983,145.7883810482848</coordinates>
		</Point>
	</Placemark>
	<Placemark id="0C2CED945B2A043DF649">
		<name>CL13-DB-0100-20+550</name>
		<LookAt>
			<longitude>104.5618086125255</longitude>
			<latitude>17.01429007969276</latitude>
			<altitude>145.2786127870478</altitude>
			<heading>150.2506750360504</heading>
			<tilt>0.06952700135217535</tilt>
			<gx:fovy>35</gx:fovy>
			<range>44.95672031816867</range>
			<altitudeMode>absolute</altitudeMode>
		</LookAt>
		<styleUrl>#__managed_style_0F0B14BC552A02CAACD4</styleUrl>
		<Point>
			<coordinates>104.5617989457505,17.01433141350192,145.2967737077308</coordinates>
		</Point>
	</Placemark>
	<Placemark id="0F6A0F128C2A043E3C4A">
		<name>CL14-DB-0100-20+585</name>
		<LookAt>
			<longitude>104.5615182277172</longitude>
			<latitude>17.01437521674017</latitude>
			<altitude>145.0010173956407</altitude>
			<heading>150.2506753167586</heading>
			<tilt>0.06952693528120227</tilt>
			<gx:fovy>35</gx:fovy>
			<range>39.30185542077198</range>
			<altitudeMode>absolute</altitudeMode>
		</LookAt>
		<styleUrl>#__managed_style_0F0B14BC552A02CAACD4</styleUrl>
		<Point>
			<coordinates>104.5615138576553,17.01439525382085,145.1815775251396</coordinates>
		</Point>
	</Placemark>
	<Placemark id="0FD3B51D592A043E5061">
		<name>CL15-DB-0100-20+615</name>
		<LookAt>
			<longitude>104.5611930112293</longitude>
			<latitude>17.01443592852029</latitude>
			<altitude>145.8071752214931</altitude>
			<heading>150.2506752920476</heading>
			<tilt>0.06952678772211957</tilt>
			<gx:fovy>35</gx:fovy>
			<range>25.84994179955174</range>
			<altitudeMode>absolute</altitudeMode>
		</LookAt>
		<styleUrl>#__managed_style_0F0B14BC552A02CAACD4</styleUrl>
		<Point>
			<coordinates>104.5612238500068,17.01446156200542,145.87028993279</coordinates>
		</Point>
	</Placemark>
	<Placemark id="0D4F38766B2A043E61E8">
		<name>CL16-DB-0100-20+650</name>
		<LookAt>
			<longitude>104.5609746467713</longitude>
			<latitude>17.01446893453301</latitude>
			<altitude>146.9205156218572</altitude>
			<heading>150.2506753175543</heading>
			<tilt>0.06952692853466254</tilt>
			<gx:fovy>35</gx:fovy>
			<range>38.79575515555189</range>
			<altitudeMode>absolute</altitudeMode>
		</LookAt>
		<styleUrl>#__managed_style_0F0B14BC552A02CAACD4</styleUrl>
		<Point>
			<coordinates>104.5609513657206,17.0145085775639,147.4566259494224</coordinates>
		</Point>
	</Placemark>
	<Placemark id="02C43C40112A043E76F0">
		<name>CL17-DB-0100-20+685</name>
		<LookAt>
			<longitude>104.5607113483298</longitude>
			<latitude>17.01456942915328</latitude>
			<altitude>149.0411917494065</altitude>
			<heading>150.2506753441599</heading>
			<tilt>0.0695271708435395</tilt>
			<gx:fovy>35</gx:fovy>
			<range>61.07515880173196</range>
			<altitudeMode>absolute</altitudeMode>
		</LookAt>
		<styleUrl>#__managed_style_0F0B14BC552A02CAACD4</styleUrl>
		<Point>
			<coordinates>104.5606706499248,17.01457188634618,149.4997417540229</coordinates>
		</Point>
	</Placemark>
	<Placemark id="0A05FC8F382A043E8B6C">
		<name>CL18-DB-0100-20+715</name>
		<LookAt>
			<longitude>104.5603605033636</longitude>
			<latitude>17.01460989956406</latitude>
			<altitude>150.584646802926</altitude>
			<heading>150.2506753112744</heading>
			<tilt>0.06952694342213087</tilt>
			<gx:fovy>35</gx:fovy>
			<range>40.29160265183236</range>
			<altitudeMode>absolute</altitudeMode>
		</LookAt>
		<styleUrl>#__managed_style_0F0B14BC552A02CAACD4</styleUrl>
		<Point>
			<coordinates>104.5603888403631,17.01463056039105,150.8079398938299</coordinates>
		</Point>
	</Placemark>
	<Placemark id="0DBEE971742A043EA81D">
		<name>CL19-DB-0100-20+730</name>
		<LookAt>
			<longitude>104.560128503192</longitude>
			<latitude>17.01465783248139</latitude>
			<altitude>150.7618021651182</altitude>
			<heading>150.2506752828315</heading>
			<tilt>0.06952678629103239</tilt>
			<gx:fovy>35</gx:fovy>
			<range>25.94162948541908</range>
			<altitudeMode>absolute</altitudeMode>
		</LookAt>
		<styleUrl>#__managed_style_0F0B14BC552A02CAACD4</styleUrl>
		<Point>
			<coordinates>104.5601045191534,17.01468866890858,151.0548103605754</coordinates>
		</Point>
	</Placemark>
	<Placemark id="06726192302A043F12F4">
		<name>LT218-SG-0100-20+750</name>
		<LookAt>
			<longitude>104.559675173896</longitude>
			<latitude>17.01466773000412</latitude>
			<altitude>150.7815720858542</altitude>
			<heading>130.1747190023033</heading>
			<tilt>0.05766804025242608</tilt>
			<gx:fovy>35</gx:fovy>
			<range>58.91021457273382</range>
			<altitudeMode>absolute</altitudeMode>
		</LookAt>
		<styleUrl>#__managed_style_0F0B14BC552A02CAACD4</styleUrl>
		<Point>
			<coordinates>104.5597593297915,17.01463966595093,151.042166661715</coordinates>
		</Point>
	</Placemark>
	<Placemark id="011ECAD25D2A043F29DE">
		<name>LT219-SG-0100-20+785</name>
		<LookAt>
			<longitude>104.5593986699554</longitude>
			<latitude>17.01470205202172</latitude>
			<altitude>150.3075068476683</altitude>
			<heading>130.1747190158658</heading>
			<tilt>0.05766806065353734</tilt>
			<gx:fovy>35</gx:fovy>
			<range>61.22445151360809</range>
			<altitudeMode>absolute</altitudeMode>
		</LookAt>
		<styleUrl>#__managed_style_0F0B14BC552A02CAACD4</styleUrl>
		<Point>
			<coordinates>104.5594784935949,17.01472231162956,150.2882762655075</coordinates>
		</Point>
	</Placemark>
	<Placemark id="0F164A5CD92A043F3A3D">
		<name>LT220-SG-0100-20+820</name>
		<LookAt>
			<longitude>104.5593986699554</longitude>
			<latitude>17.01470205202172</latitude>
			<altitude>150.3075068476683</altitude>
			<heading>130.174719015872</heading>
			<tilt>0.0576680606345772</tilt>
			<gx:fovy>35</gx:fovy>
			<range>61.22445151360809</range>
			<altitudeMode>absolute</altitudeMode>
		</LookAt>
		<styleUrl>#__managed_style_0F0B14BC552A02CAACD4</styleUrl>
		<Point>
			<coordinates>104.559275575718,17.01476846758499,150.3722706279209</coordinates>
		</Point>
	</Placemark>
	<Placemark id="07B80201472A043F4ED3">
		<name>LT221-SG-0100-20+855</name>
		<LookAt>
			<longitude>104.5589220434138</longitude>
			<latitude>17.01474183004738</latitude>
			<altitude>151.6151646832241</altitude>
			<heading>130.1747190263441</heading>
			<tilt>0.05766810081741403</tilt>
			<gx:fovy>35</gx:fovy>
			<range>65.73991142087834</range>
			<altitudeMode>absolute</altitudeMode>
		</LookAt>
		<styleUrl>#__managed_style_0F0B14BC552A02CAACD4</styleUrl>
		<Point>
			<coordinates>104.5589032652185,17.01485725207042,151.0171813757882</coordinates>
		</Point>
	</Placemark>
	<Placemark id="011AA85B872A04409585">
		<name>LT222-SG-0100-22+700</name>
		<Camera>
			<gx:ViewerOptions>
				<gx:option name="streetview"></gx:option>
				<gx:streetViewPanoId>IZz-8Ji61AOAIr0U3S_pPg</gx:streetViewPanoId>
			</gx:ViewerOptions>
			<longitude>104.5420731378444</longitude>
			<latitude>17.01868112804952</latitude>
			<altitude>161.1833801269531</altitude>
			<heading>228.2080994458862</heading>
			<tilt>71.97311440947189</tilt>
			<roll>0</roll>
			<gx:fovy>59.99999999999999</gx:fovy>
			<altitudeMode>absolute</altitudeMode>
		</Camera>
		<styleUrl>#__managed_style_0F0B14BC552A02CAACD4</styleUrl>
		<Point>
			<altitudeMode>relativeToGround</altitudeMode>
			<coordinates>104.5420403574815,17.01871199453118,0</coordinates>
		</Point>
	</Placemark>
	<Placemark id="06F538D4E92A04410E21">
		<name>LT223-SG-0100-22+735</name>
		<LookAt>
			<longitude>104.5414943287713</longitude>
			<latitude>17.01882718249414</latitude>
			<altitude>157.5590426119833</altitude>
			<heading>228.2080338605816</heading>
			<tilt>0</tilt>
			<gx:fovy>35</gx:fovy>
			<range>66.9362463894322</range>
			<altitudeMode>absolute</altitudeMode>
		</LookAt>
		<styleUrl>#__managed_style_0F0B14BC552A02CAACD4</styleUrl>
		<Point>
			<coordinates>104.5414952596816,17.01874836284267,157.5335043036173</coordinates>
		</Point>
	</Placemark>
	<Placemark id="04C47551BB2A0441BE08">
		<name>LT224-SG-0100-22+830</name>
		<Camera>
			<gx:ViewerOptions>
				<gx:option name="streetview"></gx:option>
				<gx:streetViewPanoId>QS-Ko3Zrn2h1e0p-b9e30Q</gx:streetViewPanoId>
			</gx:ViewerOptions>
			<longitude>104.5405625774888</longitude>
			<latitude>17.01884572412714</latitude>
			<altitude>159.3077697753906</altitude>
			<heading>151.5127020428475</heading>
			<tilt>95.97798894637681</tilt>
			<roll>0</roll>
			<gx:fovy>59.99999999999999</gx:fovy>
			<altitudeMode>absolute</altitudeMode>
		</Camera>
		<styleUrl>#__managed_style_0F0B14BC552A02CAACD4</styleUrl>
		<Point>
			<altitudeMode>relativeToGround</altitudeMode>
			<coordinates>104.540575204941,17.01881448663734,0</coordinates>
		</Point>
	</Placemark>
	<Placemark id="0C7FE41ACC2A044207BA">
		<name>LT225-SG-0100-22+865</name>
		<LookAt>
			<longitude>104.5401641925493</longitude>
			<latitude>17.01889288283171</latitude>
			<altitude>157.6753243096754</altitude>
			<heading>151.5126940720962</heading>
			<tilt>2.357097127700333</tilt>
			<gx:fovy>35</gx:fovy>
			<range>40.57691020835137</range>
			<altitudeMode>absolute</altitudeMode>
		</LookAt>
		<styleUrl>#__managed_style_0F0B14BC552A02CAACD4</styleUrl>
		<Point>
			<coordinates>104.5402014663098,17.01885258621851,157.5899893719593</coordinates>
		</Point>
	</Placemark>
	<Placemark id="03E6CCD68D2A04423135">
		<name>LT226-SG-0100-22+900</name>
		<LookAt>
			<longitude>104.539717976907</longitude>
			<latitude>17.01892303293923</latitude>
			<altitude>157.1824316772249</altitude>
			<heading>151.5126950904687</heading>
			<tilt>2.357104120663428</tilt>
			<gx:fovy>35</gx:fovy>
			<range>59.48423679287771</range>
			<altitudeMode>absolute</altitudeMode>
		</LookAt>
		<styleUrl>#__managed_style_0F0B14BC552A02CAACD4</styleUrl>
		<Point>
			<coordinates>104.5397810129292,17.01890256547057,157.3154339503576</coordinates>
		</Point>
	</Placemark>
	<Placemark id="015138E3F72A044B36E1">
		<name>22</name>
		<Camera>
			<gx:ViewerOptions>
				<gx:option name="streetview"></gx:option>
				<gx:streetViewPanoId>QQiP_UMdFi0px0QFbHIwxQ</gx:streetViewPanoId>
			</gx:ViewerOptions>
			<longitude>104.5485907759073</longitude>
			<latitude>17.01805394645462</latitude>
			<altitude>156.6635894786587</altitude>
			<heading>10.54750911826846</heading>
			<tilt>70.30369706150557</tilt>
			<roll>0</roll>
			<gx:fovy>59.99999999582941</gx:fovy>
			<altitudeMode>absolute</altitudeMode>
		</Camera>
		<styleUrl>#__managed_style_0F0B14BC552A02CAACD4</styleUrl>
		<Point>
			<altitudeMode>relativeToGround</altitudeMode>
			<coordinates>104.5485907759073,17.01805394645462,0</coordinates>
		</Point>
	</Placemark>
</Document>
</kml>
