<?xml version="1.0" encoding="UTF-8"?>
<kml xmlns="http://www.opengis.net/kml/2.2" xmlns:gx="http://www.google.com/kml/ext/2.2" xmlns:kml="http://www.opengis.net/kml/2.2" xmlns:atom="http://www.w3.org/2005/Atom">
<Document>
	<name>2033</name>
	<gx:CascadingStyle kml:id="__managed_style_16C33FE13A29FD2EAE63">
		<Style>
			<IconStyle>
				<Icon>
					<href>https://earth.google.com/earth/rpc/cc/icon?color=1976d2&amp;id=2000&amp;scale=4</href>
				</Icon>
				<hotSpot x="64" y="128" xunits="pixels" yunits="insetPixels"/>
			</IconStyle>
			<LabelStyle>
			</LabelStyle>
			<LineStyle>
				<color>ff2dc0fb</color>
				<width>4</width>
			</LineStyle>
			<PolyStyle>
				<color>40ffffff</color>
			</PolyStyle>
			<BalloonStyle>
				<displayMode>hide</displayMode>
			</BalloonStyle>
		</Style>
	</gx:CascadingStyle>
	<gx:CascadingStyle kml:id="__managed_style_219453B20929FD2EAE63">
		<Style>
			<IconStyle>
				<scale>1.2</scale>
				<Icon>
					<href>https://earth.google.com/earth/rpc/cc/icon?color=1976d2&amp;id=2000&amp;scale=4</href>
				</Icon>
				<hotSpot x="64" y="128" xunits="pixels" yunits="insetPixels"/>
			</IconStyle>
			<LabelStyle>
			</LabelStyle>
			<LineStyle>
				<color>ff2dc0fb</color>
				<width>6</width>
			</LineStyle>
			<PolyStyle>
				<color>40ffffff</color>
			</PolyStyle>
			<BalloonStyle>
				<displayMode>hide</displayMode>
			</BalloonStyle>
		</Style>
	</gx:CascadingStyle>
	<StyleMap id="__managed_style_0EA237FB1629FD2EAE63">
		<Pair>
			<key>normal</key>
			<styleUrl>#__managed_style_16C33FE13A29FD2EAE63</styleUrl>
		</Pair>
		<Pair>
			<key>highlight</key>
			<styleUrl>#__managed_style_219453B20929FD2EAE63</styleUrl>
		</Pair>
	</StyleMap>
	<Placemark id="043EFE653529ED9B8C91">
		<name>LT2-SG - 2033 - 0102 - 9+510</name>
		<Camera>
			<gx:ViewerOptions>
				<gx:option name="streetview"></gx:option>
				<gx:streetViewPanoId>vNu1NhzCRZFW4ZYANrh-3A</gx:streetViewPanoId>
			</gx:ViewerOptions>
			<longitude>104.5399705536249</longitude>
			<latitude>17.01943790909653</latitude>
			<altitude>158.9204893208117</altitude>
			<heading>266.8058599252795</heading>
			<tilt>76.54217640590552</tilt>
			<roll>0</roll>
			<gx:fovy>59.99999999999999</gx:fovy>
			<altitudeMode>absolute</altitudeMode>
		</Camera>
		<styleUrl>#__managed_style_0EA237FB1629FD2EAE63</styleUrl>
		<Point>
			<altitudeMode>relativeToGround</altitudeMode>
			<coordinates>104.5399099559281,17.01947163579663,0</coordinates>
		</Point>
	</Placemark>
	<Placemark id="067092D2F629ED9C565A">
		<name>LT1-SG - 2033 - 0102 - 9+475</name>
		<LookAt>
			<longitude>104.5397076993318</longitude>
			<latitude>17.01917060486036</latitude>
			<altitude>157.9762571231743</altitude>
			<heading>7.623007932995991</heading>
			<tilt>0</tilt>
			<gx:fovy>35</gx:fovy>
			<range>500</range>
			<altitudeMode>absolute</altitudeMode>
		</LookAt>
		<styleUrl>#__managed_style_0EA237FB1629FD2EAE63</styleUrl>
		<Point>
			<altitudeMode>relativeToGround</altitudeMode>
			<coordinates>104.5397082471935,17.01925995966608,0</coordinates>
		</Point>
	</Placemark>
	<Placemark id="04FA63E96829ED9F4A27">
		<name>RT1-SG- 2033 - 0102 - 9+535</name>
		<Camera>
			<gx:ViewerOptions>
				<gx:option name="streetview"></gx:option>
				<gx:streetViewPanoId>SH7u5PZ2NBXluEUUSqIVCA</gx:streetViewPanoId>
			</gx:ViewerOptions>
			<longitude>104.5401119813356</longitude>
			<latitude>17.01957021975137</latitude>
			<altitude>158.9862197328958</altitude>
			<heading>137.4119496610345</heading>
			<tilt>94.21822789772045</tilt>
			<roll>0</roll>
			<gx:fovy>45.11488350557015</gx:fovy>
			<altitudeMode>absolute</altitudeMode>
		</Camera>
		<styleUrl>#__managed_style_0EA237FB1629FD2EAE63</styleUrl>
		<Point>
			<coordinates>104.5401625311732,17.01950010867143,159.4183526642758</coordinates>
		</Point>
	</Placemark>
	<Placemark id="0F8DF7E6A829EDA2A10B">
		<name>LT3-SG - 2033 - 0102 - 9+545</name>
		<Camera>
			<gx:ViewerOptions>
				<gx:option name="streetview"></gx:option>
				<gx:streetViewPanoId>SvmNq5xxenAZpgkY-oV1uw</gx:streetViewPanoId>
			</gx:ViewerOptions>
			<longitude>104.5402407864498</longitude>
			<latitude>17.01970652311545</latitude>
			<altitude>158.9339904818526</altitude>
			<heading>269.5620851572577</heading>
			<tilt>88.41849126246795</tilt>
			<roll>0</roll>
			<gx:fovy>59.99999998853183</gx:fovy>
			<altitudeMode>absolute</altitudeMode>
		</Camera>
		<styleUrl>#__managed_style_0EA237FB1629FD2EAE63</styleUrl>
		<Point>
			<coordinates>104.5401627209922,17.01975440488862,157.8891740871887</coordinates>
		</Point>
	</Placemark>
	<Placemark id="0D2BCB5D0729EDA47813">
		<name>RT2-SG - 2033 - 0102 - 9+580</name>
		<Camera>
			<gx:ViewerOptions>
				<gx:option name="streetview"></gx:option>
				<gx:streetViewPanoId>PsmmKU8vxlQQIG9xHOrAaA</gx:streetViewPanoId>
			</gx:ViewerOptions>
			<longitude>104.540432616494</longitude>
			<latitude>17.01991094607677</latitude>
			<altitude>158.8473946085118</altitude>
			<heading>168.9398175197942</heading>
			<tilt>98.46417242856452</tilt>
			<roll>0</roll>
			<gx:fovy>45.18195948180821</gx:fovy>
			<altitudeMode>absolute</altitudeMode>
		</Camera>
		<styleUrl>#__managed_style_0EA237FB1629FD2EAE63</styleUrl>
		<Point>
			<coordinates>104.5404416441326,17.0198374285221,157.1183550608733</coordinates>
		</Point>
	</Placemark>
	<Placemark id="08105439B829EDA6A9EE">
		<name>LT4-SG - 2033 - 0102 - 9+595</name>
		<Camera>
			<gx:ViewerOptions>
				<gx:option name="streetview"></gx:option>
				<gx:streetViewPanoId>iUA2EW9iOfC50raLifObdA</gx:streetViewPanoId>
			</gx:ViewerOptions>
			<longitude>104.5405592884604</longitude>
			<latitude>17.02004643705822</latitude>
			<altitude>158.7722044517064</altitude>
			<heading>265.2517125200033</heading>
			<tilt>95.12365188364906</tilt>
			<roll>0</roll>
			<gx:fovy>67.83342760612085</gx:fovy>
			<altitudeMode>absolute</altitudeMode>
		</Camera>
		<styleUrl>#__managed_style_0EA237FB1629FD2EAE63</styleUrl>
		<Point>
			<coordinates>104.540529876179,17.0201139910491,156.3968237480184</coordinates>
		</Point>
	</Placemark>
	<Placemark id="0826F2A06829EDA95BA6">
		<name>RT3-SG - 2033 - 0102 - 9+630</name>
		<Camera>
			<gx:ViewerOptions>
				<gx:option name="streetview"></gx:option>
				<gx:streetViewPanoId>XUViiM8xe8HQwP40Ndn84w</gx:streetViewPanoId>
			</gx:ViewerOptions>
			<longitude>104.5406848938184</longitude>
			<latitude>17.02018068681681</latitude>
			<altitude>158.723444402529</altitude>
			<heading>153.3178576633229</heading>
			<tilt>98.6363697706868</tilt>
			<roll>0</roll>
			<gx:fovy>59.99999999999999</gx:fovy>
			<altitudeMode>absolute</altitudeMode>
		</Camera>
		<styleUrl>#__managed_style_0EA237FB1629FD2EAE63</styleUrl>
		<Point>
			<coordinates>104.5407111665893,17.02016606706462,156.3298406598677</coordinates>
		</Point>
	</Placemark>
	<Placemark id="0F3AE52DE329EDAABE57">
		<name>LT5-SG - 2033 - 0102 - 9+650</name>
		<Camera>
			<gx:ViewerOptions>
				<gx:option name="streetview"></gx:option>
				<gx:streetViewPanoId>-8ZB6_qjcK84lJg7T3opgg</gx:streetViewPanoId>
			</gx:ViewerOptions>
			<longitude>104.5408708575066</longitude>
			<latitude>17.02038509550286</latitude>
			<altitude>158.587142944462</altitude>
			<heading>3.694336764895394</heading>
			<tilt>88.80214773926123</tilt>
			<roll>0</roll>
			<gx:fovy>59.9855691907426</gx:fovy>
			<altitudeMode>absolute</altitudeMode>
		</Camera>
		<styleUrl>#__managed_style_0EA237FB1629FD2EAE63</styleUrl>
		<Point>
			<coordinates>104.5408650027201,17.02046540835944,157.0132070323422</coordinates>
		</Point>
	</Placemark>
	<Placemark id="0E4AC3FB4B29EDAC64DE">
		<name>RT4-SG - 2033 - 0102 - 10+700</name>
		<Camera>
			<gx:ViewerOptions>
				<gx:option name="streetview"></gx:option>
				<gx:streetViewPanoId>aGvZBQRVt_63JEDUomkP_g</gx:streetViewPanoId>
			</gx:ViewerOptions>
			<longitude>104.5471335768286</longitude>
			<latitude>17.02787373591212</latitude>
			<altitude>153.3991500578281</altitude>
			<heading>163.1511691405208</heading>
			<tilt>87.34617779932861</tilt>
			<roll>0</roll>
			<gx:fovy>59.99999999999999</gx:fovy>
			<altitudeMode>absolute</altitudeMode>
		</Camera>
		<styleUrl>#__managed_style_0EA237FB1629FD2EAE63</styleUrl>
		<Point>
			<coordinates>104.5471528619263,17.02780985196796,149.8103721132391</coordinates>
		</Point>
	</Placemark>
	<Placemark id="09EE107A6429EDEE7E9D">
		<name>RT5-SG - 2033 - 0102 - 10+735</name>
		<Camera>
			<gx:ViewerOptions>
				<gx:option name="streetview"></gx:option>
				<gx:streetViewPanoId>b_bAsHVGiubQLW4anhVgYA</gx:streetViewPanoId>
			</gx:ViewerOptions>
			<longitude>104.5472386525708</longitude>
			<latitude>17.02805685094971</latitude>
			<altitude>153.3165192614279</altitude>
			<heading>92.39256750082288</heading>
			<tilt>87.50322721575192</tilt>
			<roll>0</roll>
			<gx:fovy>59.99999999999768</gx:fovy>
			<altitudeMode>absolute</altitudeMode>
		</Camera>
		<styleUrl>#__managed_style_0EA237FB1629FD2EAE63</styleUrl>
		<Point>
			<coordinates>104.5473045517824,17.02810220885055,149.0450331428632</coordinates>
		</Point>
	</Placemark>
	<Placemark id="032553D1A529F2265E84">
		<name>RT6-SG - 2033 - 0102 - 10+770</name>
		<Camera>
			<gx:ViewerOptions>
				<gx:option name="streetview"></gx:option>
				<gx:streetViewPanoId>EuRlMgTzL3I_qIHchps-Kg</gx:streetViewPanoId>
			</gx:ViewerOptions>
			<longitude>104.5473871099627</longitude>
			<latitude>17.02833095808933</latitude>
			<altitude>153.1073362304654</altitude>
			<heading>85.66631719014963</heading>
			<tilt>78.63661326894849</tilt>
			<roll>0</roll>
			<gx:fovy>59.99999999999999</gx:fovy>
			<altitudeMode>absolute</altitudeMode>
		</Camera>
		<styleUrl>#__managed_style_0EA237FB1629FD2EAE63</styleUrl>
		<Point>
			<altitudeMode>relativeToGround</altitudeMode>
			<coordinates>104.5474626209762,17.0283782222861,0</coordinates>
		</Point>
	</Placemark>
	<Placemark id="01DD06B30929EDF14E16">
		<name>RT7-SG - 2033 - 0102 - 10+805</name>
		<Camera>
			<gx:ViewerOptions>
				<gx:option name="streetview"></gx:option>
				<gx:streetViewPanoId>sMg4q_u-9Ephsgv7zMN5UQ</gx:streetViewPanoId>
			</gx:ViewerOptions>
			<longitude>104.5475336117745</longitude>
			<latitude>17.02860248226592</latitude>
			<altitude>152.8681498580209</altitude>
			<heading>113.8131645291157</heading>
			<tilt>85.34112286852385</tilt>
			<roll>0</roll>
			<gx:fovy>59.99999999999999</gx:fovy>
			<altitudeMode>absolute</altitudeMode>
		</Camera>
		<styleUrl>#__managed_style_0EA237FB1629FD2EAE63</styleUrl>
		<Point>
			<coordinates>104.5476412299461,17.02868743099021,150.9654268741606</coordinates>
		</Point>
	</Placemark>
	<Placemark id="00282BF27E29EDF23B44">
		<name>RT8-SG - 2033 - 0102 - 10+840</name>
		<Camera>
			<gx:ViewerOptions>
				<gx:option name="streetview"></gx:option>
				<gx:streetViewPanoId>MJG7cgGw4Dlda1MEUqNzkg</gx:streetViewPanoId>
			</gx:ViewerOptions>
			<longitude>104.5476983375816</longitude>
			<latitude>17.0289191829862</latitude>
			<altitude>152.6471748505296</altitude>
			<heading>126.5718919386467</heading>
			<tilt>83.22582725365112</tilt>
			<roll>0</roll>
			<gx:fovy>59.99999999999999</gx:fovy>
			<altitudeMode>absolute</altitudeMode>
		</Camera>
		<styleUrl>#__managed_style_0EA237FB1629FD2EAE63</styleUrl>
		<Point>
			<coordinates>104.5477492019277,17.02892027674923,150.6721713668389</coordinates>
		</Point>
	</Placemark>
	<Placemark id="014BC0AA2429EDF35185">
		<name>RT9-SG - 2033 - 0102 - 10+875</name>
		<Camera>
			<gx:ViewerOptions>
				<gx:option name="streetview"></gx:option>
				<gx:streetViewPanoId>kLVLfzIf8ynUM9142QxCCw</gx:streetViewPanoId>
			</gx:ViewerOptions>
			<longitude>104.5478789761313</longitude>
			<latitude>17.02927929434603</latitude>
			<altitude>152.3936038942435</altitude>
			<heading>152.7280381701819</heading>
			<tilt>89.61386210429026</tilt>
			<roll>0</roll>
			<gx:fovy>59.99999999971166</gx:fovy>
			<altitudeMode>absolute</altitudeMode>
		</Camera>
		<styleUrl>#__managed_style_0EA237FB1629FD2EAE63</styleUrl>
		<Point>
			<coordinates>104.5479041389683,17.02923214529073,149.3304004097134</coordinates>
		</Point>
	</Placemark>
	<Placemark id="07F8C139FA29EDF457E5">
		<name>RT10-SG - 2033 - 0102 - 10+910</name>
		<Camera>
			<gx:ViewerOptions>
				<gx:option name="streetview"></gx:option>
				<gx:streetViewPanoId>62eOQxOcHmFmXGhCuGwp_g</gx:streetViewPanoId>
			</gx:ViewerOptions>
			<longitude>104.5480133884186</longitude>
			<latitude>17.02954897188631</latitude>
			<altitude>152.0798306904721</altitude>
			<heading>150.7961947076487</heading>
			<tilt>78.45291550304543</tilt>
			<roll>0</roll>
			<gx:fovy>59.99999999999999</gx:fovy>
			<altitudeMode>absolute</altitudeMode>
		</Camera>
		<styleUrl>#__managed_style_0EA237FB1629FD2EAE63</styleUrl>
		<Point>
			<coordinates>104.5480348912618,17.02950162153153,148.0477801663279</coordinates>
		</Point>
	</Placemark>
	<Placemark id="0F901F74D529EDF5461D">
		<name>RT11-SG - 2033 - 0102 - 10+945</name>
		<Camera>
			<gx:ViewerOptions>
				<gx:option name="streetview"></gx:option>
				<gx:streetViewPanoId>6s0tpDtS-Q-dPZFj8if1jQ</gx:streetViewPanoId>
			</gx:ViewerOptions>
			<longitude>104.5481486009104</longitude>
			<latitude>17.02981674528016</latitude>
			<altitude>151.8302499618498</altitude>
			<heading>113.1761824750501</heading>
			<tilt>85.95182803019893</tilt>
			<roll>0</roll>
			<gx:fovy>59.99999999999999</gx:fovy>
			<altitudeMode>absolute</altitudeMode>
		</Camera>
		<styleUrl>#__managed_style_0EA237FB1629FD2EAE63</styleUrl>
		<Point>
			<coordinates>104.5481937664993,17.02984274952731,147.6234588457163</coordinates>
		</Point>
	</Placemark>
	<Placemark id="090820D1EF29F21F71F6">
		<name>RT12-SG - 2033 - 0102 - 11+585</name>
		<Camera>
			<gx:ViewerOptions>
				<gx:option name="streetview"></gx:option>
				<gx:streetViewPanoId>40EQvXecoWRQUVphyiovDg</gx:streetViewPanoId>
			</gx:ViewerOptions>
			<longitude>104.5511425084624</longitude>
			<latitude>17.03474203918564</latitude>
			<altitude>151.7801159076164</altitude>
			<heading>96.13858359703225</heading>
			<tilt>77.43444585945548</tilt>
			<roll>0</roll>
			<gx:fovy>59.99999999999999</gx:fovy>
			<altitudeMode>absolute</altitudeMode>
		</Camera>
		<styleUrl>#__managed_style_0EA237FB1629FD2EAE63</styleUrl>
		<Point>
			<altitudeMode>relativeToGround</altitudeMode>
			<coordinates>104.5511874364241,17.03474817961821,0</coordinates>
		</Point>
	</Placemark>
	<Placemark id="0DCD296D4D29F222C859">
		<name>RT13-SG - 2033 - 0102 - 11+625</name>
		<Camera>
			<gx:ViewerOptions>
				<gx:option name="streetview"></gx:option>
				<gx:streetViewPanoId>kGTBl3nL--coW61Zo7w4ZQ</gx:streetViewPanoId>
			</gx:ViewerOptions>
			<longitude>104.5513756015758</longitude>
			<latitude>17.03506748030501</latitude>
			<altitude>151.8022107153052</altitude>
			<heading>148.556348038919</heading>
			<tilt>79.9407684288353</tilt>
			<roll>0</roll>
			<gx:fovy>59.99999999999999</gx:fovy>
			<altitudeMode>absolute</altitudeMode>
		</Camera>
		<styleUrl>#__managed_style_0EA237FB1629FD2EAE63</styleUrl>
		<Point>
			<altitudeMode>relativeToGround</altitudeMode>
			<coordinates>104.5513996611005,17.03504712636984,0</coordinates>
		</Point>
	</Placemark>
	<Placemark id="0F78C5683C29F22C52F6">
		<name>RT14-SG - 2033 - 0102 - 11+660</name>
		<Camera>
			<gx:ViewerOptions>
				<gx:option name="streetview"></gx:option>
				<gx:streetViewPanoId>4LabiyyNKhITf3rLIEVBWQ</gx:streetViewPanoId>
			</gx:ViewerOptions>
			<longitude>104.5515452210476</longitude>
			<latitude>17.03530945572682</latitude>
			<altitude>151.7713978010778</altitude>
			<heading>123.7115268609412</heading>
			<tilt>74.69838893325799</tilt>
			<roll>0</roll>
			<gx:fovy>59.99999999926874</gx:fovy>
			<altitudeMode>absolute</altitudeMode>
		</Camera>
		<styleUrl>#__managed_style_0EA237FB1629FD2EAE63</styleUrl>
		<Point>
			<coordinates>104.5515992026225,17.03531810114947,149.9352360247757</coordinates>
		</Point>
	</Placemark>
	<Placemark id="0BAFE3263329F2472817">
		<name>RT15-SG - 2033 - 0102 - 11+700</name>
		<Camera>
			<gx:ViewerOptions>
				<gx:option name="streetview"></gx:option>
				<gx:streetViewPanoId>_1rku5RnovdRP939zPp8fQ</gx:streetViewPanoId>
			</gx:ViewerOptions>
			<longitude>104.5517087066629</longitude>
			<latitude>17.03555047049791</latitude>
			<altitude>151.7795257568359</altitude>
			<heading>90.07743684535274</heading>
			<tilt>82.18922691038003</tilt>
			<roll>0</roll>
			<gx:fovy>59.99999682363376</gx:fovy>
			<altitudeMode>absolute</altitudeMode>
		</Camera>
		<styleUrl>#__managed_style_0EA237FB1629FD2EAE63</styleUrl>
		<Point>
			<coordinates>104.5517810585152,17.0355965075486,148.9301234921098</coordinates>
		</Point>
	</Placemark>
	<Placemark id="0328722A7A29F24982E4">
		<name>RT16-SG - 2033 - 0102 - 11+740</name>
		<Camera>
			<gx:ViewerOptions>
				<gx:option name="streetview"></gx:option>
				<gx:streetViewPanoId>SAsarkwfzPzsNvUbylMhpg</gx:streetViewPanoId>
			</gx:ViewerOptions>
			<longitude>104.5518654361064</longitude>
			<latitude>17.03579329494637</latitude>
			<altitude>151.8495178222656</altitude>
			<heading>90.10559789268783</heading>
			<tilt>90.93317858486051</tilt>
			<roll>0</roll>
			<gx:fovy>59.99999999999999</gx:fovy>
			<altitudeMode>absolute</altitudeMode>
		</Camera>
		<styleUrl>#__managed_style_0EA237FB1629FD2EAE63</styleUrl>
		<Point>
			<altitudeMode>relativeToGround</altitudeMode>
			<coordinates>104.5519501894628,17.03585006123528,0</coordinates>
		</Point>
	</Placemark>
	<Placemark id="0DFE8443DC29F2AE4241">
		<name>RT17-SG - 2033 - 0102 - 11+780</name>
		<Camera>
			<gx:ViewerOptions>
				<gx:option name="streetview"></gx:option>
				<gx:streetViewPanoId>WVpTlAppR_spNqcIndWAFw</gx:streetViewPanoId>
			</gx:ViewerOptions>
			<longitude>104.5520617259631</longitude>
			<latitude>17.03612352090897</latitude>
			<altitude>152.0540008545383</altitude>
			<heading>111.736363929701</heading>
			<tilt>83.89780501281898</tilt>
			<roll>0</roll>
			<gx:fovy>59.99999999999999</gx:fovy>
			<altitudeMode>absolute</altitudeMode>
		</Camera>
		<styleUrl>#__managed_style_0EA237FB1629FD2EAE63</styleUrl>
		<Point>
			<coordinates>104.5521278803562,17.03616543349115,148.1976710406344</coordinates>
		</Point>
	</Placemark>
	<Placemark id="03395171DF29F2AF1D87">
		<name>RT18-SG - 2033 - 0102 - 11+820</name>
		<Camera>
			<gx:ViewerOptions>
				<gx:option name="streetview"></gx:option>
				<gx:streetViewPanoId>vUx239Os-XHJTnA1dGM_RA</gx:streetViewPanoId>
			</gx:ViewerOptions>
			<longitude>104.5522416585569</longitude>
			<latitude>17.03645915560169</latitude>
			<altitude>152.1264565439672</altitude>
			<heading>141.9829965806595</heading>
			<tilt>85.95537791180874</tilt>
			<roll>0</roll>
			<gx:fovy>59.99999999999999</gx:fovy>
			<altitudeMode>absolute</altitudeMode>
		</Camera>
		<styleUrl>#__managed_style_0EA237FB1629FD2EAE63</styleUrl>
		<Point>
			<coordinates>104.5522848287522,17.03645234866321,148.3827971947409</coordinates>
		</Point>
	</Placemark>
	<Placemark id="01C81EEAD029F2B4B37D">
		<name>RT19-SG - 2033 - 0102 - 11+860</name>
		<Camera>
			<gx:ViewerOptions>
				<gx:option name="streetview"></gx:option>
				<gx:streetViewPanoId>Oil2yWCaBMm1kQKCxFM4Eg</gx:streetViewPanoId>
			</gx:ViewerOptions>
			<longitude>104.5523662068864</longitude>
			<latitude>17.03671416519321</latitude>
			<altitude>152.2552185060764</altitude>
			<heading>119.7792364896004</heading>
			<tilt>75.66907181032393</tilt>
			<roll>0</roll>
			<gx:fovy>59.9999999999896</gx:fovy>
			<altitudeMode>absolute</altitudeMode>
		</Camera>
		<styleUrl>#__managed_style_0EA237FB1629FD2EAE63</styleUrl>
		<Point>
			<coordinates>104.5524257033528,17.03675058482164,148.7296986707098</coordinates>
		</Point>
	</Placemark>
	<Placemark id="02DDDDB98729F2B5510B">
		<name>RT20-SG - 2033 - 0102 - 11+900</name>
		<Camera>
			<gx:ViewerOptions>
				<gx:option name="streetview"></gx:option>
				<gx:streetViewPanoId>NjkcSaAAdzhNcVuK7rizFw</gx:streetViewPanoId>
			</gx:ViewerOptions>
			<longitude>104.5525224925166</longitude>
			<latitude>17.03705582674566</latitude>
			<altitude>152.2396134247011</altitude>
			<heading>143.5041941552426</heading>
			<tilt>81.54960401608875</tilt>
			<roll>0</roll>
			<gx:fovy>59.99999999999999</gx:fovy>
			<altitudeMode>absolute</altitudeMode>
		</Camera>
		<styleUrl>#__managed_style_0EA237FB1629FD2EAE63</styleUrl>
		<Point>
			<coordinates>104.552560898651,17.0370498537564,148.6256573912293</coordinates>
		</Point>
	</Placemark>
	<Placemark id="051C0EB93429F2B5DB21">
		<name>RT21-SG - 2033 - 0102 - 11+940</name>
		<Camera>
			<gx:ViewerOptions>
				<gx:option name="streetview"></gx:option>
				<gx:streetViewPanoId>gNrYTGRIxlrV_s3XgUCj9Q</gx:streetViewPanoId>
			</gx:ViewerOptions>
			<longitude>104.5526358397049</longitude>
			<latitude>17.03731252995686</latitude>
			<altitude>152.3902226082652</altitude>
			<heading>115.5382055927437</heading>
			<tilt>83.71043761010969</tilt>
			<roll>0</roll>
			<gx:fovy>59.99999989593356</gx:fovy>
			<altitudeMode>absolute</altitudeMode>
		</Camera>
		<styleUrl>#__managed_style_0EA237FB1629FD2EAE63</styleUrl>
		<Point>
			<coordinates>104.5526892084399,17.03734966366434,148.8247522344301</coordinates>
		</Point>
	</Placemark>
	<Placemark id="0FB704E71429F2B6B268">
		<name>กม.12</name>
		<Camera>
			<gx:ViewerOptions>
				<gx:option name="streetview"></gx:option>
				<gx:streetViewPanoId>K8Wq5D62RoqGUspXal5DiQ</gx:streetViewPanoId>
			</gx:ViewerOptions>
			<longitude>104.5530374894875</longitude>
			<latitude>17.03825212385726</latitude>
			<altitude>152.7945861816406</altitude>
			<heading>117.7146756973453</heading>
			<tilt>64.72211817874863</tilt>
			<roll>0</roll>
			<gx:fovy>59.99999968440438</gx:fovy>
			<altitudeMode>absolute</altitudeMode>
		</Camera>
		<styleUrl>#__managed_style_0EA237FB1629FD2EAE63</styleUrl>
		<Point>
			<altitudeMode>relativeToGround</altitudeMode>
			<coordinates>104.5530374894875,17.03825212385726,0</coordinates>
		</Point>
	</Placemark>
	<Placemark id="0787488F7A29F2B76E67">
		<name>RT22-SG - 2033 - 0102 - 12+910</name>
		<Camera>
			<gx:ViewerOptions>
				<gx:option name="streetview"></gx:option>
				<gx:streetViewPanoId>2Lu_ES3ZX09TX_UMZzzJhA</gx:streetViewPanoId>
			</gx:ViewerOptions>
			<longitude>104.5562598832499</longitude>
			<latitude>17.04586536088786</latitude>
			<altitude>161.2671203613281</altitude>
			<heading>115.0152764312296</heading>
			<tilt>81.56875952992132</tilt>
			<roll>0</roll>
			<gx:fovy>56.26399397023136</gx:fovy>
			<altitudeMode>absolute</altitudeMode>
		</Camera>
		<styleUrl>#__managed_style_0EA237FB1629FD2EAE63</styleUrl>
		<Point>
			<altitudeMode>relativeToGround</altitudeMode>
			<coordinates>104.5562871032642,17.04585099259526,0</coordinates>
		</Point>
	</Placemark>
	<Placemark id="0D8D406ADA29F2B92BC5">
		<name>RT23-SG - 2033 - 0102 - 12+950</name>
		<Camera>
			<gx:ViewerOptions>
				<gx:option name="streetview"></gx:option>
				<gx:streetViewPanoId>SrM7MExakp4SyBJkVhqPxA</gx:streetViewPanoId>
			</gx:ViewerOptions>
			<longitude>104.556404704564</longitude>
			<latitude>17.04620750633346</latitude>
			<altitude>161.8672943115234</altitude>
			<heading>88.22755017117453</heading>
			<tilt>78.78315234898876</tilt>
			<roll>0</roll>
			<gx:fovy>59.99999999999999</gx:fovy>
			<altitudeMode>absolute</altitudeMode>
		</Camera>
		<styleUrl>#__managed_style_0EA237FB1629FD2EAE63</styleUrl>
		<Point>
			<altitudeMode>relativeToGround</altitudeMode>
			<coordinates>104.5564258714875,17.04619800531639,0</coordinates>
		</Point>
	</Placemark>
	<Placemark id="07404A0E1529F2BA26E7">
		<name>RT24-SG - 2033 - 0102 - 12+990</name>
		<Camera>
			<gx:ViewerOptions>
				<gx:option name="streetview"></gx:option>
				<gx:streetViewPanoId>Hg9-K3lM9TuwX_dyXEAQiA</gx:streetViewPanoId>
			</gx:ViewerOptions>
			<longitude>104.5565833977218</longitude>
			<latitude>17.04663597341776</latitude>
			<altitude>162.5759582519531</altitude>
			<heading>122.3184449257774</heading>
			<tilt>76.52512977518239</tilt>
			<roll>0</roll>
			<gx:fovy>59.99999999999982</gx:fovy>
			<altitudeMode>absolute</altitudeMode>
		</Camera>
		<styleUrl>#__managed_style_0EA237FB1629FD2EAE63</styleUrl>
		<Point>
			<altitudeMode>relativeToGround</altitudeMode>
			<coordinates>104.5566019114048,17.04662082976895,0</coordinates>
		</Point>
	</Placemark>
	<Placemark id="033276FDE429F2BB3F30">
		<name>RT25-SG - 2033 - 0102 - 13+030</name>
		<Camera>
			<gx:ViewerOptions>
				<gx:option name="streetview"></gx:option>
				<gx:streetViewPanoId>eRn1EPp-ST9b3bRDy7NweQ</gx:streetViewPanoId>
			</gx:ViewerOptions>
			<longitude>104.556714972919</longitude>
			<latitude>17.04696976486116</latitude>
			<altitude>163.1228103003523</altitude>
			<heading>78.46009036466407</heading>
			<tilt>83.77334026101721</tilt>
			<roll>0</roll>
			<gx:fovy>59.99999999999999</gx:fovy>
			<altitudeMode>absolute</altitudeMode>
		</Camera>
		<styleUrl>#__managed_style_0EA237FB1629FD2EAE63</styleUrl>
		<Point>
			<altitudeMode>relativeToGround</altitudeMode>
			<coordinates>104.5567383828422,17.04696023935491,0</coordinates>
		</Point>
	</Placemark>
	<Placemark id="0FB0C6E61329F2BC52E8">
		<name>RT26-SG - 2033 - 0102 - 13+070</name>
		<Camera>
			<gx:ViewerOptions>
				<gx:option name="streetview"></gx:option>
				<gx:streetViewPanoId>yvy2DP_zxCOYQjcPWfhpQg</gx:streetViewPanoId>
			</gx:ViewerOptions>
			<longitude>104.5568777529333</longitude>
			<latitude>17.0474127523752</latitude>
			<altitude>163.7300720214844</altitude>
			<heading>130.2010533136364</heading>
			<tilt>80.92832962725218</tilt>
			<roll>0</roll>
			<gx:fovy>59.99999999997361</gx:fovy>
			<altitudeMode>absolute</altitudeMode>
		</Camera>
		<styleUrl>#__managed_style_0EA237FB1629FD2EAE63</styleUrl>
		<Point>
			<altitudeMode>relativeToGround</altitudeMode>
			<coordinates>104.5568973181109,17.04739507802175,0</coordinates>
		</Point>
	</Placemark>
	<Placemark id="0F56E237C429F2BD9039">
		<name>RT27-SG - 2033 - 0102 - 13+110</name>
		<Camera>
			<gx:ViewerOptions>
				<gx:option name="streetview"></gx:option>
				<gx:streetViewPanoId>FdeCneTFN0lu9KLZZyZvjw</gx:streetViewPanoId>
			</gx:ViewerOptions>
			<longitude>104.5570094172901</longitude>
			<latitude>17.04776139403162</latitude>
			<altitude>164.0425109870229</altitude>
			<heading>106.1249254378106</heading>
			<tilt>70.58816828638295</tilt>
			<roll>0</roll>
			<gx:fovy>59.99999999999999</gx:fovy>
			<altitudeMode>absolute</altitudeMode>
		</Camera>
		<styleUrl>#__managed_style_0EA237FB1629FD2EAE63</styleUrl>
		<Point>
			<altitudeMode>relativeToGround</altitudeMode>
			<coordinates>104.5570227588265,17.04774826640753,0</coordinates>
		</Point>
	</Placemark>
	<Placemark id="04A6E0217729F2BFC031">
		<name>LT6-SG - 2033 - 0102 - 14+840</name>
		<Camera>
			<gx:ViewerOptions>
				<gx:option name="streetview"></gx:option>
				<gx:streetViewPanoId>m3hc0J3FjhFUg4835ul99g</gx:streetViewPanoId>
			</gx:ViewerOptions>
			<longitude>104.5632475593167</longitude>
			<latitude>17.06251505127651</latitude>
			<altitude>165.4721374511719</altitude>
			<heading>319.9714635712555</heading>
			<tilt>77.6287928689021</tilt>
			<roll>0</roll>
			<gx:fovy>79.90549402612865</gx:fovy>
			<altitudeMode>absolute</altitudeMode>
		</Camera>
		<styleUrl>#__managed_style_0EA237FB1629FD2EAE63</styleUrl>
		<Point>
			<altitudeMode>relativeToGround</altitudeMode>
			<coordinates>104.5631223719855,17.0623964837811,0</coordinates>
		</Point>
	</Placemark>
	<Placemark id="00E3C9046E29F2D8F1EA">
		<name>LT7-SG - 2033 - 0102 - 14+880</name>
		<Camera>
			<gx:ViewerOptions>
				<gx:option name="streetview"></gx:option>
				<gx:streetViewPanoId>R_qaWj2oPLzFwtIfobY5ZQ</gx:streetViewPanoId>
			</gx:ViewerOptions>
			<longitude>104.5635182784997</longitude>
			<latitude>17.06287457471033</latitude>
			<altitude>165.6135711669922</altitude>
			<heading>283.6281870366992</heading>
			<tilt>85.51252615002549</tilt>
			<roll>0</roll>
			<gx:fovy>59.99999999999999</gx:fovy>
			<altitudeMode>absolute</altitudeMode>
		</Camera>
		<styleUrl>#__managed_style_0EA237FB1629FD2EAE63</styleUrl>
		<Point>
			<altitudeMode>relativeToGround</altitudeMode>
			<coordinates>104.5634129329517,17.06286353841458,0</coordinates>
		</Point>
	</Placemark>
	<Placemark id="08740D363629F2DBE510">
		<name>LT8-SG - 2033 - 0102 - 14+920</name>
		<Camera>
			<gx:ViewerOptions>
				<gx:option name="streetview"></gx:option>
				<gx:streetViewPanoId>IETXg60mqM-e3Qax11c3qQ</gx:streetViewPanoId>
			</gx:ViewerOptions>
			<longitude>104.563695379785</longitude>
			<latitude>17.06321612915839</latitude>
			<altitude>166.9512786865234</altitude>
			<heading>320.1477485136269</heading>
			<tilt>64.31544465216369</tilt>
			<roll>0</roll>
			<gx:fovy>59.99999999999999</gx:fovy>
			<altitudeMode>absolute</altitudeMode>
		</Camera>
		<styleUrl>#__managed_style_0EA237FB1629FD2EAE63</styleUrl>
		<Point>
			<altitudeMode>relativeToGround</altitudeMode>
			<coordinates>104.5636722335495,17.06325210240592,0</coordinates>
		</Point>
	</Placemark>
	<Placemark id="0FCA29235F29F2DDA372">
		<name>LT9-SG - 2033 - 0102 - 14+960</name>
		<Camera>
			<gx:ViewerOptions>
				<gx:option name="streetview"></gx:option>
				<gx:streetViewPanoId>KKnerKqW-TGQTEySBA5zyA</gx:streetViewPanoId>
			</gx:ViewerOptions>
			<longitude>104.5639432508088</longitude>
			<latitude>17.06361063570444</latitude>
			<altitude>167.3377012047074</altitude>
			<heading>263.9229764884831</heading>
			<tilt>71.64682134448425</tilt>
			<roll>0</roll>
			<gx:fovy>59.99999999999999</gx:fovy>
			<altitudeMode>absolute</altitudeMode>
		</Camera>
		<styleUrl>#__managed_style_0EA237FB1629FD2EAE63</styleUrl>
		<Point>
			<altitudeMode>relativeToGround</altitudeMode>
			<coordinates>104.5639083361179,17.06362695291778,0</coordinates>
		</Point>
	</Placemark>
	<Placemark id="00930842C429F2DFC19D">
		<name>LT10-SG - 2033 - 0102 - 15+000</name>
		<Camera>
			<gx:ViewerOptions>
				<gx:option name="streetview"></gx:option>
				<gx:streetViewPanoId>eXrnhtFFxP14C6xnLT1eyw</gx:streetViewPanoId>
			</gx:ViewerOptions>
			<longitude>104.5641759192109</longitude>
			<latitude>17.06395754662397</latitude>
			<altitude>166.8546295166016</altitude>
			<heading>254.7828399253416</heading>
			<tilt>64.69578382101048</tilt>
			<roll>0</roll>
			<gx:fovy>59.99999999999999</gx:fovy>
			<altitudeMode>absolute</altitudeMode>
		</Camera>
		<styleUrl>#__managed_style_0EA237FB1629FD2EAE63</styleUrl>
		<Point>
			<coordinates>104.5641400852169,17.06395998416714,166.5224910191471</coordinates>
		</Point>
	</Placemark>
	<Placemark id="09FE4375B429F2E34C8B">
		<name>LT11-SG - 2033 - 0102 - 14+655</name>
		<Camera>
			<gx:ViewerOptions>
				<gx:option name="streetview"></gx:option>
				<gx:streetViewPanoId>JMMKiDP-sOsEkwTctC9BXQ</gx:streetViewPanoId>
			</gx:ViewerOptions>
			<longitude>104.5678751905702</longitude>
			<latitude>17.06865984348849</latitude>
			<altitude>160.0896453857422</altitude>
			<heading>337.85295813293</heading>
			<tilt>62.81045314560562</tilt>
			<roll>0</roll>
			<gx:fovy>59.99999999999999</gx:fovy>
			<altitudeMode>absolute</altitudeMode>
		</Camera>
		<styleUrl>#__managed_style_0EA237FB1629FD2EAE63</styleUrl>
		<Point>
			<altitudeMode>relativeToGround</altitudeMode>
			<coordinates>104.5678478665111,17.06868848603178,0</coordinates>
		</Point>
	</Placemark>
	<Placemark id="0D3EED056529F2E4111B">
		<name>LT12-SG - 2033 - 0102 - 14+700</name>
		<Camera>
			<gx:ViewerOptions>
				<gx:option name="streetview"></gx:option>
				<gx:streetViewPanoId>inkfuLbFEOFTSv2WeYP94w</gx:streetViewPanoId>
			</gx:ViewerOptions>
			<longitude>104.5681199566556</longitude>
			<latitude>17.06894819542015</latitude>
			<altitude>159.6673736572266</altitude>
			<heading>7.379941799319543</heading>
			<tilt>78.9015670200052</tilt>
			<roll>0</roll>
			<gx:fovy>59.99999981384252</gx:fovy>
			<altitudeMode>absolute</altitudeMode>
		</Camera>
		<styleUrl>#__managed_style_0EA237FB1629FD2EAE63</styleUrl>
		<Point>
			<altitudeMode>relativeToGround</altitudeMode>
			<coordinates>104.5681217821026,17.06900857293348,0</coordinates>
		</Point>
	</Placemark>
	<Placemark id="08F8802ECE29F2E631D4">
		<name>LT13-SG - 2033 - 0102 - 14+745</name>
		<Camera>
			<gx:ViewerOptions>
				<gx:option name="streetview"></gx:option>
				<gx:streetViewPanoId>7YtKAoW9KmicfETdDDnNFw</gx:streetViewPanoId>
			</gx:ViewerOptions>
			<longitude>104.5684224253361</longitude>
			<latitude>17.06930627328366</latitude>
			<altitude>159.0526932300335</altitude>
			<heading>300.6783784975285</heading>
			<tilt>71.58806195697113</tilt>
			<roll>0</roll>
			<gx:fovy>59.99999580670909</gx:fovy>
			<altitudeMode>absolute</altitudeMode>
		</Camera>
		<styleUrl>#__managed_style_0EA237FB1629FD2EAE63</styleUrl>
		<Point>
			<altitudeMode>relativeToGround</altitudeMode>
			<coordinates>104.5683903201328,17.06933924563572,0</coordinates>
		</Point>
	</Placemark>
	<Placemark id="0B1606963D29F2E7234C">
		<name>LT14-SG - 2033 - 0102 - 14+790</name>
		<Camera>
			<gx:ViewerOptions>
				<gx:option name="streetview"></gx:option>
				<gx:streetViewPanoId>7UpGLA6Qo08vgwJ8j80tlg</gx:streetViewPanoId>
			</gx:ViewerOptions>
			<longitude>104.5686607906464</longitude>
			<latitude>17.06958814634347</latitude>
			<altitude>158.5188598632812</altitude>
			<heading>359.6299196714922</heading>
			<tilt>73.66527985286</tilt>
			<roll>0</roll>
			<gx:fovy>59.9999942567583</gx:fovy>
			<altitudeMode>absolute</altitudeMode>
		</Camera>
		<styleUrl>#__managed_style_0EA237FB1629FD2EAE63</styleUrl>
		<Point>
			<altitudeMode>relativeToGround</altitudeMode>
			<coordinates>104.5686329426456,17.06963888029188,0</coordinates>
		</Point>
	</Placemark>
	<Placemark id="022E204A0D29F2E7D51B">
		<name>LT15-SG - 2033 - 0102 - 14+835</name>
		<Camera>
			<gx:ViewerOptions>
				<gx:option name="streetview"></gx:option>
				<gx:streetViewPanoId>lJmqhn5AVQGpoKBPjgXC7g</gx:streetViewPanoId>
			</gx:ViewerOptions>
			<longitude>104.5689581034676</longitude>
			<latitude>17.06994141260152</latitude>
			<altitude>157.9742487470021</altitude>
			<heading>299.7205908883646</heading>
			<tilt>70.76683382611827</tilt>
			<roll>0</roll>
			<gx:fovy>59.99961132614336</gx:fovy>
			<altitudeMode>absolute</altitudeMode>
		</Camera>
		<styleUrl>#__managed_style_0EA237FB1629FD2EAE63</styleUrl>
		<Point>
			<altitudeMode>relativeToGround</altitudeMode>
			<coordinates>104.5689222348215,17.06997114590255,0</coordinates>
		</Point>
	</Placemark>
	<Placemark id="0C9C33F40D29F2E8A52D">
		<name>LT16-DB - 2033 - 0102 - 14+880</name>
		<Camera>
			<gx:ViewerOptions>
				<gx:option name="streetview"></gx:option>
				<gx:streetViewPanoId>PGWydYcsogPaEKChtz_AmQ</gx:streetViewPanoId>
			</gx:ViewerOptions>
			<longitude>104.5691980701944</longitude>
			<latitude>17.07022351912774</latitude>
			<altitude>157.5588531494141</altitude>
			<heading>356.8705396454772</heading>
			<tilt>71.31768498201689</tilt>
			<roll>0</roll>
			<gx:fovy>59.99973434679526</gx:fovy>
			<altitudeMode>absolute</altitudeMode>
		</Camera>
		<styleUrl>#__managed_style_0EA237FB1629FD2EAE63</styleUrl>
		<Point>
			<altitudeMode>relativeToGround</altitudeMode>
			<coordinates>104.5691566349689,17.07026064997099,0</coordinates>
		</Point>
	</Placemark>
	<Placemark id="0B8A27BB5029F2ECE712">
		<name>LT17-SG - 2033 - 0102 - 14+925</name>
		<Camera>
			<gx:ViewerOptions>
				<gx:option name="streetview"></gx:option>
				<gx:streetViewPanoId>_51DoCYbTFeu_R4t-KLIiw</gx:streetViewPanoId>
			</gx:ViewerOptions>
			<longitude>104.5694954729847</longitude>
			<latitude>17.07057976669402</latitude>
			<altitude>156.9045410175748</altitude>
			<heading>287.4752411848073</heading>
			<tilt>72.9779122600857</tilt>
			<roll>0</roll>
			<gx:fovy>59.99999999999889</gx:fovy>
			<altitudeMode>absolute</altitudeMode>
		</Camera>
		<styleUrl>#__managed_style_0EA237FB1629FD2EAE63</styleUrl>
		<Point>
			<altitudeMode>relativeToGround</altitudeMode>
			<coordinates>104.5694587205166,17.07064230616313,0</coordinates>
		</Point>
	</Placemark>
	<Placemark id="064178EBB529F2F370B7">
		<name>LT18-SG - 2033 - 0102 - 14+970</name>
		<Camera>
			<gx:ViewerOptions>
				<gx:option name="streetview"></gx:option>
				<gx:streetViewPanoId>Mr45uklk5g2hJ5U3nQrTdw</gx:streetViewPanoId>
			</gx:ViewerOptions>
			<longitude>104.5697319730807</longitude>
			<latitude>17.07086810321293</latitude>
			<altitude>156.3695095515359</altitude>
			<heading>341.972114470764</heading>
			<tilt>80.89844024664519</tilt>
			<roll>0</roll>
			<gx:fovy>59.99999999995178</gx:fovy>
			<altitudeMode>absolute</altitudeMode>
		</Camera>
		<styleUrl>#__managed_style_0EA237FB1629FD2EAE63</styleUrl>
		<Point>
			<altitudeMode>relativeToGround</altitudeMode>
			<coordinates>104.5697106430243,17.0709280672942,0</coordinates>
		</Point>
	</Placemark>
	<Placemark id="05B5DA741229F2F49364">
		<name>LT19-SG - 2033 - 0102 - 15+015</name>
		<Camera>
			<gx:ViewerOptions>
				<gx:option name="streetview"></gx:option>
				<gx:streetViewPanoId>K3XIe8zmYvbVqYm_ahqJkQ</gx:streetViewPanoId>
			</gx:ViewerOptions>
			<longitude>104.5700267096227</longitude>
			<latitude>17.07122480783891</latitude>
			<altitude>155.7290954589844</altitude>
			<heading>287.2282281418353</heading>
			<tilt>74.13097815941882</tilt>
			<roll>0</roll>
			<gx:fovy>59.99999997118763</gx:fovy>
			<altitudeMode>absolute</altitudeMode>
		</Camera>
		<styleUrl>#__managed_style_0EA237FB1629FD2EAE63</styleUrl>
		<Point>
			<altitudeMode>relativeToGround</altitudeMode>
			<coordinates>104.5699895927353,17.07126231986437,0</coordinates>
		</Point>
	</Placemark>
	<Placemark id="022240DDB629F2F5622C">
		<name>LT20-SG - 2033 - 0102 - 15+060</name>
		<Camera>
			<gx:ViewerOptions>
				<gx:option name="streetview"></gx:option>
				<gx:streetViewPanoId>4FB2Iojc0p3v1n_xpExNlA</gx:streetViewPanoId>
			</gx:ViewerOptions>
			<longitude>104.5702838377185</longitude>
			<latitude>17.07153388082799</latitude>
			<altitude>155.0666809082031</altitude>
			<heading>296.7174207260388</heading>
			<tilt>63.82398428859668</tilt>
			<roll>0</roll>
			<gx:fovy>59.99999999795232</gx:fovy>
			<altitudeMode>absolute</altitudeMode>
		</Camera>
		<styleUrl>#__managed_style_0EA237FB1629FD2EAE63</styleUrl>
		<Point>
			<altitudeMode>relativeToGround</altitudeMode>
			<coordinates>104.5702525059901,17.07157849281892,0</coordinates>
		</Point>
	</Placemark>
	<Placemark id="0F8B41699D29F31E6FA2">
		<name>LT21-SG - 2033 - 0102 - 15+100</name>
		<Camera>
			<gx:ViewerOptions>
				<gx:option name="streetview"></gx:option>
				<gx:streetViewPanoId>IJwucJkDKEw4khy3VszH3A</gx:streetViewPanoId>
			</gx:ViewerOptions>
			<longitude>104.5705375876616</longitude>
			<latitude>17.07181946316468</latitude>
			<altitude>154.4561310038324</altitude>
			<heading>352.6491193830349</heading>
			<tilt>72.38736379652899</tilt>
			<roll>0</roll>
			<gx:fovy>59.99999996024043</gx:fovy>
			<altitudeMode>absolute</altitudeMode>
		</Camera>
		<styleUrl>#__managed_style_0EA237FB1629FD2EAE63</styleUrl>
		<Point>
			<altitudeMode>relativeToGround</altitudeMode>
			<coordinates>104.5705148166417,17.07185134371095,0</coordinates>
		</Point>
	</Placemark>
	<Placemark id="02E14EEFC129F3273315">
		<name>LT22-SG - 2033 - 0102 - 15+145</name>
		<Camera>
			<gx:ViewerOptions>
				<gx:option name="streetview"></gx:option>
				<gx:streetViewPanoId>RkhgQtLYj6FaeD5cYrw18w</gx:streetViewPanoId>
			</gx:ViewerOptions>
			<longitude>104.5708432617705</longitude>
			<latitude>17.07216982962937</latitude>
			<altitude>153.9963226318359</altitude>
			<heading>266.6956109095064</heading>
			<tilt>75.3429911955792</tilt>
			<roll>0</roll>
			<gx:fovy>59.99999999999999</gx:fovy>
			<altitudeMode>absolute</altitudeMode>
		</Camera>
		<styleUrl>#__managed_style_0EA237FB1629FD2EAE63</styleUrl>
		<Point>
			<altitudeMode>relativeToGround</altitudeMode>
			<coordinates>104.5708049066873,17.07220318106398,0</coordinates>
		</Point>
	</Placemark>
	<Placemark id="0DC64CAE9F29F32B81C7">
		<name>กม.17</name>
		<LookAt>
			<longitude>104.5767638238825</longitude>
			<latitude>17.07597912333848</latitude>
			<altitude>145.8696308986144</altitude>
			<heading>150.5240745955724</heading>
			<tilt>0</tilt>
			<gx:fovy>35</gx:fovy>
			<range>115.2439260790379</range>
			<altitudeMode>absolute</altitudeMode>
		</LookAt>
		<styleUrl>#__managed_style_0EA237FB1629FD2EAE63</styleUrl>
		<Point>
			<coordinates>104.5767714463271,17.07594567735858,146.06363663887</coordinates>
		</Point>
	</Placemark>
	<Placemark id="0AC14547FD29F32ABE12">
		<name>LT23-SG - 2033 - 0102 - 17+300</name>
		<Camera>
			<gx:ViewerOptions>
				<gx:option name="streetview"></gx:option>
				<gx:streetViewPanoId>HidYYnV0-ZPnLG2J6z6ySg</gx:streetViewPanoId>
			</gx:ViewerOptions>
			<longitude>104.5791500460968</longitude>
			<latitude>17.07746001831275</latitude>
			<altitude>156.5465545655734</altitude>
			<heading>339.2718633775896</heading>
			<tilt>53.40887680407499</tilt>
			<roll>0</roll>
			<gx:fovy>59.99999999999999</gx:fovy>
			<altitudeMode>absolute</altitudeMode>
		</Camera>
		<styleUrl>#__managed_style_0EA237FB1629FD2EAE63</styleUrl>
		<Point>
			<altitudeMode>relativeToGround</altitudeMode>
			<coordinates>104.5791128261833,17.07751648914173,0</coordinates>
		</Point>
	</Placemark>
	<Placemark id="00E99AFBFA29F32CDB51">
		<name>LT24-SG - 2033 - 0102 - 17+345</name>
		<Camera>
			<gx:ViewerOptions>
				<gx:option name="streetview"></gx:option>
				<gx:streetViewPanoId>erhq3fh5F7HK0bj-rlbfxQ</gx:streetViewPanoId>
			</gx:ViewerOptions>
			<longitude>104.5798255381219</longitude>
			<latitude>17.07786072358146</latitude>
			<altitude>157.2757415771484</altitude>
			<heading>354.7493424559749</heading>
			<tilt>73.85639873940173</tilt>
			<roll>0</roll>
			<gx:fovy>59.99999999999999</gx:fovy>
			<altitudeMode>absolute</altitudeMode>
		</Camera>
		<styleUrl>#__managed_style_0EA237FB1629FD2EAE63</styleUrl>
		<Point>
			<altitudeMode>relativeToGround</altitudeMode>
			<coordinates>104.5797736689158,17.07790133572618,0</coordinates>
		</Point>
	</Placemark>
	<Placemark id="0F4C796D4929F3487272">
		<name>LT25-SG - 2033 - 0102 - 17+390</name>
		<Camera>
			<gx:ViewerOptions>
				<gx:option name="streetview"></gx:option>
				<gx:streetViewPanoId>aTwgQW9eMH3svNovPXLo8A</gx:streetViewPanoId>
			</gx:ViewerOptions>
			<longitude>104.5801505258182</longitude>
			<latitude>17.07805361077957</latitude>
			<altitude>157.4969940185547</altitude>
			<heading>22.51306463267318</heading>
			<tilt>76.36323148079846</tilt>
			<roll>0</roll>
			<gx:fovy>59.99999945050099</gx:fovy>
			<altitudeMode>absolute</altitudeMode>
		</Camera>
		<styleUrl>#__managed_style_0EA237FB1629FD2EAE63</styleUrl>
		<Point>
			<altitudeMode>relativeToGround</altitudeMode>
			<coordinates>104.580109275135,17.07811237250915,0</coordinates>
		</Point>
	</Placemark>
	<Placemark id="07DF78374A29F34A7FB9">
		<name>LT26-SG - 2033 - 0102 - 17+435</name>
		<Camera>
			<gx:ViewerOptions>
				<gx:option name="streetview"></gx:option>
				<gx:streetViewPanoId>cEzhlUhc_0AwjoBpO5utTw</gx:streetViewPanoId>
			</gx:ViewerOptions>
			<longitude>104.5805566058184</longitude>
			<latitude>17.07829982882342</latitude>
			<altitude>157.6626739501953</altitude>
			<heading>309.5351438913654</heading>
			<tilt>63.21530158387937</tilt>
			<roll>0</roll>
			<gx:fovy>59.99999999999993</gx:fovy>
			<altitudeMode>absolute</altitudeMode>
		</Camera>
		<styleUrl>#__managed_style_0EA237FB1629FD2EAE63</styleUrl>
		<Point>
			<altitudeMode>relativeToGround</altitudeMode>
			<coordinates>104.580518342915,17.07836130618058,0</coordinates>
		</Point>
	</Placemark>
	<Placemark id="0F28D7AA9229F34B387F">
		<name>LT27-SG - 2033 - 0102 - 17+480</name>
		<Camera>
			<gx:ViewerOptions>
				<gx:option name="streetview"></gx:option>
				<gx:streetViewPanoId>d2hUBVj2_JJfUYkqvTiYyQ</gx:streetViewPanoId>
			</gx:ViewerOptions>
			<longitude>104.5809197402488</longitude>
			<latitude>17.07852764303426</latitude>
			<altitude>157.9639282233065</altitude>
			<heading>296.0179600659282</heading>
			<tilt>76.20763388710526</tilt>
			<roll>0</roll>
			<gx:fovy>59.99999999995696</gx:fovy>
			<altitudeMode>absolute</altitudeMode>
		</Camera>
		<styleUrl>#__managed_style_0EA237FB1629FD2EAE63</styleUrl>
		<Point>
			<altitudeMode>relativeToGround</altitudeMode>
			<coordinates>104.5808828725526,17.07858727827307,0</coordinates>
		</Point>
	</Placemark>
	<Placemark id="0553260DB129F34C3AB5">
		<name>LT28-SG - 2033 - 0102 - 17+525</name>
		<Camera>
			<gx:ViewerOptions>
				<gx:option name="streetview"></gx:option>
				<gx:streetViewPanoId>noj1ZJ5BsT7_Y49Y1chYlw</gx:streetViewPanoId>
			</gx:ViewerOptions>
			<longitude>104.5812437522159</longitude>
			<latitude>17.07872411515133</latitude>
			<altitude>158.1750183105469</altitude>
			<heading>288.1040155465219</heading>
			<tilt>70.18080581316066</tilt>
			<roll>0</roll>
			<gx:fovy>59.99999999186053</gx:fovy>
			<altitudeMode>absolute</altitudeMode>
		</Camera>
		<styleUrl>#__managed_style_0EA237FB1629FD2EAE63</styleUrl>
		<Point>
			<altitudeMode>relativeToGround</altitudeMode>
			<coordinates>104.581173867379,17.07877119836114,0</coordinates>
		</Point>
	</Placemark>
	<Placemark id="051C20B7CE29F34E5316">
		<name>RT28-SG - 2033 - 0102 - 18+490</name>
		<Camera>
			<gx:ViewerOptions>
				<gx:option name="streetview"></gx:option>
				<gx:streetViewPanoId>avbKOvpXgBfRCCS_YXYEPQ</gx:streetViewPanoId>
			</gx:ViewerOptions>
			<longitude>104.5886158345923</longitude>
			<latitude>17.08328007499682</latitude>
			<altitude>158.2173004150391</altitude>
			<heading>133.3452684795074</heading>
			<tilt>83.91926543712663</tilt>
			<roll>0</roll>
			<gx:fovy>59.99999999999999</gx:fovy>
			<altitudeMode>absolute</altitudeMode>
		</Camera>
		<styleUrl>#__managed_style_0EA237FB1629FD2EAE63</styleUrl>
		<Point>
			<altitudeMode>relativeToGround</altitudeMode>
			<coordinates>104.5886418760958,17.0832625320974,0</coordinates>
		</Point>
	</Placemark>
	<Placemark id="0863BA089029F34FE0C4">
		<name>กม.18</name>
		<Camera>
			<gx:ViewerOptions>
				<gx:option name="streetview"></gx:option>
				<gx:streetViewPanoId>Fq04kKtJ9Avsd1RE-e6K4g</gx:streetViewPanoId>
			</gx:ViewerOptions>
			<longitude>104.5847479984815</longitude>
			<latitude>17.08085050671887</latitude>
			<altitude>160.3347783189553</altitude>
			<heading>153.8571470924117</heading>
			<tilt>81.80383750452302</tilt>
			<roll>0</roll>
			<gx:fovy>59.99999999692683</gx:fovy>
			<altitudeMode>absolute</altitudeMode>
		</Camera>
		<styleUrl>#__managed_style_0EA237FB1629FD2EAE63</styleUrl>
		<Point>
			<altitudeMode>relativeToGround</altitudeMode>
			<coordinates>104.5847479984815,17.08085050671887,0</coordinates>
		</Point>
	</Placemark>
	<Placemark id="010775931029F353746E">
		<name>RT29-SG - 2033 - 0102 - 18+535</name>
		<Camera>
			<gx:ViewerOptions>
				<gx:option name="streetview"></gx:option>
				<gx:streetViewPanoId>LkxyGktYZdtjasExuez-DA</gx:streetViewPanoId>
			</gx:ViewerOptions>
			<longitude>104.5889998848711</longitude>
			<latitude>17.08352040298757</latitude>
			<altitude>158.1424713134766</altitude>
			<heading>160.329836091912</heading>
			<tilt>86.64238882960473</tilt>
			<roll>0</roll>
			<gx:fovy>59.99999999999999</gx:fovy>
			<altitudeMode>absolute</altitudeMode>
		</Camera>
		<styleUrl>#__managed_style_0EA237FB1629FD2EAE63</styleUrl>
		<Point>
			<altitudeMode>relativeToGround</altitudeMode>
			<coordinates>104.5890248314607,17.08347814147401,0</coordinates>
		</Point>
	</Placemark>
	<Placemark id="085B50E4B029F354A27A">
		<name>RT30-SG - 2033 - 0102 - 18+580</name>
		<Camera>
			<gx:ViewerOptions>
				<gx:option name="streetview"></gx:option>
				<gx:streetViewPanoId>rPEeBxNIfa8Xrt3e9IBfqQ</gx:streetViewPanoId>
			</gx:ViewerOptions>
			<longitude>104.5893184010302</longitude>
			<latitude>17.08372226677703</latitude>
			<altitude>158.2279744271891</altitude>
			<heading>141.9743607250435</heading>
			<tilt>88.00334398824241</tilt>
			<roll>0</roll>
			<gx:fovy>59.99999998700635</gx:fovy>
			<altitudeMode>absolute</altitudeMode>
		</Camera>
		<styleUrl>#__managed_style_0EA237FB1629FD2EAE63</styleUrl>
		<Point>
			<altitudeMode>relativeToGround</altitudeMode>
			<coordinates>104.5893912365226,17.08368362755647,0</coordinates>
		</Point>
	</Placemark>
	<Placemark id="075A0BCB9429F3557C32">
		<name>RT31-SG - 2033 - 0102 - 18+670</name>
		<Camera>
			<gx:ViewerOptions>
				<gx:option name="streetview"></gx:option>
				<gx:streetViewPanoId>f1wbWKybYrPv3iwM1LgZow</gx:streetViewPanoId>
			</gx:ViewerOptions>
			<longitude>104.5900392886295</longitude>
			<latitude>17.08417893961661</latitude>
			<altitude>158.629638671875</altitude>
			<heading>140.2224933360042</heading>
			<tilt>82.97866986207394</tilt>
			<roll>0</roll>
			<gx:fovy>59.99999999999999</gx:fovy>
			<altitudeMode>absolute</altitudeMode>
		</Camera>
		<styleUrl>#__managed_style_0EA237FB1629FD2EAE63</styleUrl>
		<Point>
			<altitudeMode>relativeToGround</altitudeMode>
			<coordinates>104.5900898173159,17.08414586887006,0</coordinates>
		</Point>
	</Placemark>
	<Placemark id="049AD5D7FB29F35661B6">
		<name>RT32-SG - 2033 - 0102 - 18+715</name>
		<Camera>
			<gx:ViewerOptions>
				<gx:option name="streetview"></gx:option>
				<gx:streetViewPanoId>vUBHxaCieGIR2pcIoJDeOQ</gx:streetViewPanoId>
			</gx:ViewerOptions>
			<longitude>104.5903555839273</longitude>
			<latitude>17.0843751608708</latitude>
			<altitude>158.8018646240234</altitude>
			<heading>104.4243509806537</heading>
			<tilt>80.98606743592475</tilt>
			<roll>0</roll>
			<gx:fovy>59.99999999999999</gx:fovy>
			<altitudeMode>absolute</altitudeMode>
		</Camera>
		<styleUrl>#__managed_style_0EA237FB1629FD2EAE63</styleUrl>
		<Point>
			<altitudeMode>relativeToGround</altitudeMode>
			<coordinates>104.5904382588186,17.08438088327205,0</coordinates>
		</Point>
	</Placemark>
	<Placemark id="01BC9D202329F357E03A">
		<name>RT33-SG - 2033 - 0102 - 18+750</name>
		<Camera>
			<gx:ViewerOptions>
				<gx:option name="streetview"></gx:option>
				<gx:streetViewPanoId>0qNl6jlc20gmVapbeTD1ng</gx:streetViewPanoId>
			</gx:ViewerOptions>
			<longitude>104.5907532437264</longitude>
			<latitude>17.08462591721685</latitude>
			<altitude>158.9930500617074</altitude>
			<heading>146.1015200161013</heading>
			<tilt>82.8829325922095</tilt>
			<roll>0</roll>
			<gx:fovy>59.99995453107736</gx:fovy>
			<altitudeMode>absolute</altitudeMode>
		</Camera>
		<styleUrl>#__managed_style_0EA237FB1629FD2EAE63</styleUrl>
		<Point>
			<altitudeMode>relativeToGround</altitudeMode>
			<coordinates>104.5907828649326,17.08459972136995,0</coordinates>
		</Point>
	</Placemark>
	<Placemark id="0C2D85E54029F36361B4">
		<name>LT29-SG - 2033 - 0102 - 20+990</name>
		<Camera>
			<gx:ViewerOptions>
				<gx:option name="streetview"></gx:option>
				<gx:streetViewPanoId>eDA9JSfEgCQIQe4Ve2Lstw</gx:streetViewPanoId>
			</gx:ViewerOptions>
			<longitude>104.6011309155009</longitude>
			<latitude>17.10183727887637</latitude>
			<altitude>156.2237548828125</altitude>
			<heading>330.3280670895829</heading>
			<tilt>55.79204484257681</tilt>
			<roll>0</roll>
			<gx:fovy>59.99999999999999</gx:fovy>
			<altitudeMode>absolute</altitudeMode>
		</Camera>
		<styleUrl>#__managed_style_0EA237FB1629FD2EAE63</styleUrl>
		<Point>
			<altitudeMode>relativeToGround</altitudeMode>
			<coordinates>104.6011196234262,17.10184730922126,0</coordinates>
		</Point>
	</Placemark>
	<Placemark id="0E1068FDA729F364C6F1">
		<name>กม.21</name>
		<Camera>
			<gx:ViewerOptions>
				<gx:option name="streetview"></gx:option>
				<gx:streetViewPanoId>KYjnzUNpHUEgjG740Fhq3A</gx:streetViewPanoId>
			</gx:ViewerOptions>
			<longitude>104.6012182431654</longitude>
			<latitude>17.10199915559842</latitude>
			<altitude>156.4367386053583</altitude>
			<heading>136.8473612131344</heading>
			<tilt>69.99697398125059</tilt>
			<roll>0</roll>
			<gx:fovy>60.00004241820323</gx:fovy>
			<altitudeMode>absolute</altitudeMode>
		</Camera>
		<styleUrl>#__managed_style_0EA237FB1629FD2EAE63</styleUrl>
		<Point>
			<altitudeMode>relativeToGround</altitudeMode>
			<coordinates>104.6012182431654,17.10199915559842,0</coordinates>
		</Point>
	</Placemark>
	<Placemark id="065F75E63F29F365724B">
		<name>LT30-SG - 2033 - 0102 - 21+035</name>
		<Camera>
			<gx:ViewerOptions>
				<gx:option name="streetview"></gx:option>
				<gx:streetViewPanoId>imjc2iilAlXJ9iqq1a-p9w</gx:streetViewPanoId>
			</gx:ViewerOptions>
			<longitude>104.6013509243977</longitude>
			<latitude>17.10224167108273</latitude>
			<altitude>156.8585357666016</altitude>
			<heading>244.8016759355873</heading>
			<tilt>66.55667575073788</tilt>
			<roll>0</roll>
			<gx:fovy>59.99999999998301</gx:fovy>
			<altitudeMode>absolute</altitudeMode>
		</Camera>
		<styleUrl>#__managed_style_0EA237FB1629FD2EAE63</styleUrl>
		<Point>
			<altitudeMode>relativeToGround</altitudeMode>
			<coordinates>104.6013239498769,17.10223280008621,0</coordinates>
		</Point>
	</Placemark>
	<Placemark id="00756CFBE929F36674B6">
		<name>LT31-SG - 2033 - 0102 - 21+080</name>
		<Camera>
			<gx:ViewerOptions>
				<gx:option name="streetview"></gx:option>
				<gx:streetViewPanoId>nb8dA5WxHfCTBuPvKyYFng</gx:streetViewPanoId>
			</gx:ViewerOptions>
			<longitude>104.6015318050315</longitude>
			<latitude>17.10256637520027</latitude>
			<altitude>157.2567749023438</altitude>
			<heading>314.6949938169863</heading>
			<tilt>52.78800768916146</tilt>
			<roll>0</roll>
			<gx:fovy>59.99999999999999</gx:fovy>
			<altitudeMode>absolute</altitudeMode>
		</Camera>
		<styleUrl>#__managed_style_0EA237FB1629FD2EAE63</styleUrl>
		<Point>
			<altitudeMode>relativeToGround</altitudeMode>
			<coordinates>104.6015151362916,17.10257572620868,0</coordinates>
		</Point>
	</Placemark>
	<Placemark id="08C251C95F29F3671C42">
		<name>LT32-SG - 2033 - 0102 - 21+125</name>
		<Camera>
			<gx:ViewerOptions>
				<gx:option name="streetview"></gx:option>
				<gx:streetViewPanoId>-TRzssRSfjZ3WMh_YeFtOg</gx:streetViewPanoId>
			</gx:ViewerOptions>
			<longitude>104.6017562609461</longitude>
			<latitude>17.10296912273773</latitude>
			<altitude>157.466796875</altitude>
			<heading>236.8585074152583</heading>
			<tilt>70.47278345147731</tilt>
			<roll>0</roll>
			<gx:fovy>59.99999999999946</gx:fovy>
			<altitudeMode>absolute</altitudeMode>
		</Camera>
		<styleUrl>#__managed_style_0EA237FB1629FD2EAE63</styleUrl>
		<Point>
			<altitudeMode>relativeToGround</altitudeMode>
			<coordinates>104.6017141359253,17.10294070681984,0</coordinates>
		</Point>
	</Placemark>
	<Placemark id="0258ED5A2829F3690194">
		<name>LT33-SG - 2033 - 0102 - 21+170</name>
		<Camera>
			<gx:ViewerOptions>
				<gx:option name="streetview"></gx:option>
				<gx:streetViewPanoId>aEbWNWg7iGMl3gxJkXKc2A</gx:streetViewPanoId>
			</gx:ViewerOptions>
			<longitude>104.6019605303459</longitude>
			<latitude>17.10333404983574</latitude>
			<altitude>157.6938444112146</altitude>
			<heading>244.0710700403164</heading>
			<tilt>64.60513882672505</tilt>
			<roll>0</roll>
			<gx:fovy>59.99999999999999</gx:fovy>
			<altitudeMode>absolute</altitudeMode>
		</Camera>
		<styleUrl>#__managed_style_0EA237FB1629FD2EAE63</styleUrl>
		<Point>
			<altitudeMode>relativeToGround</altitudeMode>
			<coordinates>104.6019210215156,17.10332272859496,0</coordinates>
		</Point>
	</Placemark>
	<Placemark id="0FFA252BED29F36A0D0C">
		<name>LT34-SG - 2033 - 0102 - 21+215</name>
		<Camera>
			<gx:ViewerOptions>
				<gx:option name="streetview"></gx:option>
				<gx:streetViewPanoId>onsBN15thxyEwLKdxaSEnQ</gx:streetViewPanoId>
			</gx:ViewerOptions>
			<longitude>104.6022952588563</longitude>
			<latitude>17.10383219889755</latitude>
			<altitude>157.9255218505859</altitude>
			<heading>298.8490546693611</heading>
			<tilt>83.06938965209213</tilt>
			<roll>0</roll>
			<gx:fovy>59.99999999999999</gx:fovy>
			<altitudeMode>absolute</altitudeMode>
		</Camera>
		<styleUrl>#__managed_style_0EA237FB1629FD2EAE63</styleUrl>
		<Point>
			<altitudeMode>relativeToGround</altitudeMode>
			<coordinates>104.6022087582418,17.103889004901,0</coordinates>
		</Point>
	</Placemark>
	<Placemark id="0E5159329A29F36AF4E8">
		<name>LT35-SG - 2033 - 0102 - 21+260</name>
		<Camera>
			<gx:ViewerOptions>
				<gx:option name="streetview"></gx:option>
				<gx:streetViewPanoId>Mx9tGfmHhu1VZzwR-fD3Dg</gx:streetViewPanoId>
			</gx:ViewerOptions>
			<longitude>104.602586501719</longitude>
			<latitude>17.10430592628934</latitude>
			<altitude>158.0063781738281</altitude>
			<heading>280.108082996221</heading>
			<tilt>89.40828598717114</tilt>
			<roll>0</roll>
			<gx:fovy>37.08221741059988</gx:fovy>
			<altitudeMode>absolute</altitudeMode>
		</Camera>
		<styleUrl>#__managed_style_0EA237FB1629FD2EAE63</styleUrl>
		<Point>
			<altitudeMode>relativeToGround</altitudeMode>
			<coordinates>104.6024281633699,17.10435184498881,0</coordinates>
		</Point>
	</Placemark>
	<Placemark id="036B40761729F36BD1B4">
		<name>LT36-SG - 2033 - 0102 - 21+305</name>
		<Camera>
			<gx:ViewerOptions>
				<gx:option name="streetview"></gx:option>
				<gx:streetViewPanoId>8bDcW02kMDtt0Kk1WAtpYg</gx:streetViewPanoId>
			</gx:ViewerOptions>
			<longitude>104.6026613801271</longitude>
			<latitude>17.10468665891503</latitude>
			<altitude>158.4229736328125</altitude>
			<heading>340.0727022225104</heading>
			<tilt>73.74816550728747</tilt>
			<roll>0</roll>
			<gx:fovy>60.00000004238553</gx:fovy>
			<altitudeMode>absolute</altitudeMode>
		</Camera>
		<styleUrl>#__managed_style_0EA237FB1629FD2EAE63</styleUrl>
		<Point>
			<altitudeMode>relativeToGround</altitudeMode>
			<coordinates>104.6026397365366,17.10473015810054,0</coordinates>
		</Point>
	</Placemark>
	<Placemark id="0EE49D425D29F36CBDA7">
		<name>LT37-SG - 2033 - 0102 - 21+350</name>
		<Camera>
			<gx:ViewerOptions>
				<gx:option name="streetview"></gx:option>
				<gx:streetViewPanoId>E1XzrWG5XtZwcfBDEc6ygg</gx:streetViewPanoId>
			</gx:ViewerOptions>
			<longitude>104.6030035802588</longitude>
			<latitude>17.10504209876164</latitude>
			<altitude>158.0986938476562</altitude>
			<heading>291.2759705975361</heading>
			<tilt>98.56530061674121</tilt>
			<roll>0</roll>
			<gx:fovy>45.14999887538862</gx:fovy>
			<altitudeMode>absolute</altitudeMode>
		</Camera>
		<styleUrl>#__managed_style_0EA237FB1629FD2EAE63</styleUrl>
		<Point>
			<altitudeMode>relativeToGround</altitudeMode>
			<coordinates>104.6028296526221,17.10508793853677,0</coordinates>
		</Point>
	</Placemark>
	<Placemark id="00D394C38129F36D4D99">
		<name>LT38-SG - 2033 - 0102 - 21+395</name>
		<Camera>
			<gx:ViewerOptions>
				<gx:option name="streetview"></gx:option>
				<gx:streetViewPanoId>ZILKSBRM8ZcD9x9Cn4199A</gx:streetViewPanoId>
			</gx:ViewerOptions>
			<longitude>104.6031078945378</longitude>
			<latitude>17.10543966573715</latitude>
			<altitude>159.0567932128906</altitude>
			<heading>349.9526032839351</heading>
			<tilt>79.64156996074395</tilt>
			<roll>0</roll>
			<gx:fovy>59.99999999999996</gx:fovy>
			<altitudeMode>absolute</altitudeMode>
		</Camera>
		<styleUrl>#__managed_style_0EA237FB1629FD2EAE63</styleUrl>
		<Point>
			<altitudeMode>relativeToGround</altitudeMode>
			<coordinates>104.6030807320835,17.10550864901027,0</coordinates>
		</Point>
	</Placemark>
	<Placemark id="0D4E4F47D329F36E997C">
		<name>LT39-SG - 2033 - 0102 - 21+440</name>
		<Camera>
			<gx:ViewerOptions>
				<gx:option name="streetview"></gx:option>
				<gx:streetViewPanoId>QaMKG12JGXejRWndXd4TRg</gx:streetViewPanoId>
			</gx:ViewerOptions>
			<longitude>104.6033881116817</longitude>
			<latitude>17.10581221655008</latitude>
			<altitude>159.388941329484</altitude>
			<heading>319.3651503825496</heading>
			<tilt>65.61562892661512</tilt>
			<roll>0</roll>
			<gx:fovy>59.99999999999978</gx:fovy>
			<altitudeMode>absolute</altitudeMode>
		</Camera>
		<styleUrl>#__managed_style_0EA237FB1629FD2EAE63</styleUrl>
		<Point>
			<altitudeMode>relativeToGround</altitudeMode>
			<coordinates>104.6033523600144,17.10585142348816,0</coordinates>
		</Point>
	</Placemark>
	<Placemark id="07A7E6C9FF29F36F3BE5">
		<name>LT40-SG - 2033 - 0102 - 21+485</name>
		<Camera>
			<gx:ViewerOptions>
				<gx:option name="streetview"></gx:option>
				<gx:streetViewPanoId>T70ChBngi1PQPue8K2DLiA</gx:streetViewPanoId>
			</gx:ViewerOptions>
			<longitude>104.6036758883784</longitude>
			<latitude>17.1061233747717</latitude>
			<altitude>159.5806471245057</altitude>
			<heading>338.142971551081</heading>
			<tilt>74.43143471381953</tilt>
			<roll>0</roll>
			<gx:fovy>59.99999999999999</gx:fovy>
			<altitudeMode>absolute</altitudeMode>
		</Camera>
		<styleUrl>#__managed_style_0EA237FB1629FD2EAE63</styleUrl>
		<Point>
			<altitudeMode>relativeToGround</altitudeMode>
			<coordinates>104.6036543703856,17.10617231586005,0</coordinates>
		</Point>
	</Placemark>
	<Placemark id="00888649A529F36FC2E7">
		<name>LT41-SG - 2033 - 0102 - 21+530</name>
		<Camera>
			<gx:ViewerOptions>
				<gx:option name="streetview"></gx:option>
				<gx:streetViewPanoId>Fvi813_I1hgN_vkl2BJXIg</gx:streetViewPanoId>
			</gx:ViewerOptions>
			<longitude>104.6039994154944</longitude>
			<latitude>17.10646110193959</latitude>
			<altitude>159.5968667233987</altitude>
			<heading>315.6006469546227</heading>
			<tilt>78.30078627845856</tilt>
			<roll>0</roll>
			<gx:fovy>59.9999997831658</gx:fovy>
			<altitudeMode>absolute</altitudeMode>
		</Camera>
		<styleUrl>#__managed_style_0EA237FB1629FD2EAE63</styleUrl>
		<Point>
			<altitudeMode>relativeToGround</altitudeMode>
			<coordinates>104.6039510262292,17.10650581733951,0</coordinates>
		</Point>
	</Placemark>
	<Placemark id="068489B90629F370CB8D">
		<name>LT42-SG - 2033 - 0102 - 21+575</name>
		<Camera>
			<gx:ViewerOptions>
				<gx:option name="streetview"></gx:option>
				<gx:streetViewPanoId>D8u6kOmEE8O1albfg7QFig</gx:streetViewPanoId>
			</gx:ViewerOptions>
			<longitude>104.6043227654387</longitude>
			<latitude>17.10679479709291</latitude>
			<altitude>159.7179870605469</altitude>
			<heading>287.2587122558322</heading>
			<tilt>70.59098628167972</tilt>
			<roll>0</roll>
			<gx:fovy>59.99999999999999</gx:fovy>
			<altitudeMode>absolute</altitudeMode>
		</Camera>
		<styleUrl>#__managed_style_0EA237FB1629FD2EAE63</styleUrl>
		<Point>
			<altitudeMode>relativeToGround</altitudeMode>
			<coordinates>104.6043121564149,17.10689613897306,0</coordinates>
		</Point>
	</Placemark>
	<Placemark id="01FDE3604429F3717EA4">
		<name>LT43-SG - 2033 - 0102 - 21+620</name>
		<Camera>
			<gx:ViewerOptions>
				<gx:option name="streetview"></gx:option>
				<gx:streetViewPanoId>xkoAYVRzOFlMnJ_V5Ddrmg</gx:streetViewPanoId>
			</gx:ViewerOptions>
			<longitude>104.6045756832012</longitude>
			<latitude>17.10706384515643</latitude>
			<altitude>159.7215268793693</altitude>
			<heading>5.099957207331784</heading>
			<tilt>79.10196684054186</tilt>
			<roll>0</roll>
			<gx:fovy>59.99999999998882</gx:fovy>
			<altitudeMode>absolute</altitudeMode>
		</Camera>
		<styleUrl>#__managed_style_0EA237FB1629FD2EAE63</styleUrl>
		<Point>
			<altitudeMode>relativeToGround</altitudeMode>
			<coordinates>104.6045486858117,17.10711232650483,0</coordinates>
		</Point>
	</Placemark>
	<Placemark id="04D94D48A629F372A685">
		<name>LT44-SG - 2033 - 0102 - 21+665</name>
		<Camera>
			<gx:ViewerOptions>
				<gx:option name="streetview"></gx:option>
				<gx:streetViewPanoId>00Mm623Dd49wfbWpx4lF3Q</gx:streetViewPanoId>
			</gx:ViewerOptions>
			<longitude>104.605000948832</longitude>
			<latitude>17.10732387124388</latitude>
			<altitude>159.5451354980469</altitude>
			<heading>310.0037785864644</heading>
			<tilt>93.466039129378</tilt>
			<roll>0</roll>
			<gx:fovy>38.69183083981111</gx:fovy>
			<altitudeMode>absolute</altitudeMode>
		</Camera>
		<styleUrl>#__managed_style_0EA237FB1629FD2EAE63</styleUrl>
		<Point>
			<altitudeMode>relativeToGround</altitudeMode>
			<coordinates>104.6048588259134,17.10744030223885,0</coordinates>
		</Point>
	</Placemark>
	<Placemark id="0E4DDF491D29F373756F">
		<name>LT45-SG - 2033 - 0102 - 21+710</name>
		<Camera>
			<gx:ViewerOptions>
				<gx:option name="streetview"></gx:option>
				<gx:streetViewPanoId>5sCC1Cwk5q8DtwpmlCqerQ</gx:streetViewPanoId>
			</gx:ViewerOptions>
			<longitude>104.6051939284008</longitude>
			<latitude>17.10752425027001</latitude>
			<altitude>159.4564819335938</altitude>
			<heading>319.0958111563909</heading>
			<tilt>80.3397553312424</tilt>
			<roll>0</roll>
			<gx:fovy>59.99130982529676</gx:fovy>
			<altitudeMode>absolute</altitudeMode>
		</Camera>
		<styleUrl>#__managed_style_0EA237FB1629FD2EAE63</styleUrl>
		<Point>
			<altitudeMode>relativeToGround</altitudeMode>
			<coordinates>104.6050717221242,17.10768082004711,0</coordinates>
		</Point>
	</Placemark>
	<Placemark id="0B7A24837A29F3745DB7">
		<name>LT46-SG - 2033 - 0102 - 21+755</name>
		<Camera>
			<gx:ViewerOptions>
				<gx:option name="streetview"></gx:option>
				<gx:streetViewPanoId>rbpmWha2Q7vxEIZQkFY4-Q</gx:streetViewPanoId>
			</gx:ViewerOptions>
			<longitude>104.6054511163001</longitude>
			<latitude>17.10779368703808</latitude>
			<altitude>159.4181518554688</altitude>
			<heading>319.0958106462641</heading>
			<tilt>85</tilt>
			<roll>0</roll>
			<gx:fovy>59.99999999999999</gx:fovy>
			<altitudeMode>absolute</altitudeMode>
		</Camera>
		<styleUrl>#__managed_style_0EA237FB1629FD2EAE63</styleUrl>
		<Point>
			<altitudeMode>relativeToGround</altitudeMode>
			<coordinates>104.6053284655356,17.10795292947597,0</coordinates>
		</Point>
	</Placemark>
	<Placemark id="07BAFCCC8829F37577AD">
		<name>LT47-SG - 2033 - 0102 - 21+855</name>
		<Camera>
			<gx:ViewerOptions>
				<gx:option name="streetview"></gx:option>
				<gx:streetViewPanoId>Yi7ubjGIgPR931eQkvRe8A</gx:streetViewPanoId>
			</gx:ViewerOptions>
			<longitude>104.605961491504</longitude>
			<latitude>17.10842182396758</latitude>
			<altitude>159.4145355224609</altitude>
			<heading>293.9499847044827</heading>
			<tilt>92.0443827062962</tilt>
			<roll>0</roll>
			<gx:fovy>59.99999999999999</gx:fovy>
			<altitudeMode>absolute</altitudeMode>
		</Camera>
		<styleUrl>#__managed_style_0EA237FB1629FD2EAE63</styleUrl>
		<Point>
			<altitudeMode>relativeToGround</altitudeMode>
			<coordinates>104.605800243046,17.10846302524999,0</coordinates>
		</Point>
	</Placemark>
	<Placemark id="006AB93FD929F376A073">
		<name>LT48-SG - 2033 - 0102 - 21+890</name>
		<Camera>
			<gx:ViewerOptions>
				<gx:option name="streetview"></gx:option>
				<gx:streetViewPanoId>szAUCkSmutPsAbc_DqJI3Q</gx:streetViewPanoId>
			</gx:ViewerOptions>
			<longitude>104.6062282852892</longitude>
			<latitude>17.1087308213106</latitude>
			<altitude>159.7432626459442</altitude>
			<heading>283.6178894254372</heading>
			<tilt>96.97303091915758</tilt>
			<roll>0</roll>
			<gx:fovy>59.99999999999999</gx:fovy>
			<altitudeMode>absolute</altitudeMode>
		</Camera>
		<styleUrl>#__managed_style_0EA237FB1629FD2EAE63</styleUrl>
		<Point>
			<altitudeMode>relativeToGround</altitudeMode>
			<coordinates>104.6061205769717,17.10875896868355,0</coordinates>
		</Point>
	</Placemark>
	<Placemark id="0A60C60AB929F37772B7">
		<name>LT49-SG - 2033 - 0102 - 21+925</name>
		<Camera>
			<gx:ViewerOptions>
				<gx:option name="streetview"></gx:option>
				<gx:streetViewPanoId>CGa6zLhAV7HfKtwD4Tq9TA</gx:streetViewPanoId>
			</gx:ViewerOptions>
			<longitude>104.6064954352699</longitude>
			<latitude>17.10887916784695</latitude>
			<altitude>159.8636330715311</altitude>
			<heading>308.5678829295844</heading>
			<tilt>85.95568822510563</tilt>
			<roll>0</roll>
			<gx:fovy>59.99999999808461</gx:fovy>
			<altitudeMode>absolute</altitudeMode>
		</Camera>
		<styleUrl>#__managed_style_0EA237FB1629FD2EAE63</styleUrl>
		<Point>
			<altitudeMode>relativeToGround</altitudeMode>
			<coordinates>104.6063402174276,17.10898874970508,0</coordinates>
		</Point>
	</Placemark>
	<Placemark id="0C5B0A697B29F37846AB">
		<name>LT50-SG - 2033 - 0102 - 21+970</name>
		<Camera>
			<gx:ViewerOptions>
				<gx:option name="streetview"></gx:option>
				<gx:streetViewPanoId>Wtj8E_pBrPpfNlBn0NbVug</gx:streetViewPanoId>
			</gx:ViewerOptions>
			<longitude>104.6068106088225</longitude>
			<latitude>17.10918426730237</latitude>
			<altitude>160.1715698242188</altitude>
			<heading>324.8914382497836</heading>
			<tilt>96.03966778166094</tilt>
			<roll>0</roll>
			<gx:fovy>38.1614916586238</gx:fovy>
			<altitudeMode>absolute</altitudeMode>
		</Camera>
		<styleUrl>#__managed_style_0EA237FB1629FD2EAE63</styleUrl>
		<Point>
			<altitudeMode>relativeToGround</altitudeMode>
			<coordinates>104.6067440488047,17.10942472836657,0</coordinates>
		</Point>
	</Placemark>
	<Placemark id="022AA4E50529F3798910">
		<name>LT51-SG - 2033 - 0102 - 22+015</name>
		<Camera>
			<gx:ViewerOptions>
				<gx:option name="streetview"></gx:option>
				<gx:streetViewPanoId>F1S2t34nUPNkKLNZGdzC8A</gx:streetViewPanoId>
			</gx:ViewerOptions>
			<longitude>104.6070710010097</longitude>
			<latitude>17.10963026697272</latitude>
			<altitude>160.7785949707031</altitude>
			<heading>338.4874255904502</heading>
			<tilt>100.0484986497889</tilt>
			<roll>0</roll>
			<gx:fovy>80.05493938268077</gx:fovy>
			<altitudeMode>absolute</altitudeMode>
		</Camera>
		<styleUrl>#__managed_style_0EA237FB1629FD2EAE63</styleUrl>
		<Point>
			<altitudeMode>relativeToGround</altitudeMode>
			<coordinates>104.6070406311217,17.10970448549066,0</coordinates>
		</Point>
	</Placemark>
	<Placemark id="03CBC1635129F37A9822">
		<name>LT52-SG - 2033 - 0102 - 22+060</name>
		<Camera>
			<gx:ViewerOptions>
				<gx:option name="streetview"></gx:option>
				<gx:streetViewPanoId>cSphXoO9Km5lXxaTiQco0Q</gx:streetViewPanoId>
			</gx:ViewerOptions>
			<longitude>104.6073225893775</longitude>
			<latitude>17.10990283576077</latitude>
			<altitude>161.0332641601562</altitude>
			<heading>317.7755795682064</heading>
			<tilt>108.3965001459549</tilt>
			<roll>0</roll>
			<gx:fovy>80.08397537123973</gx:fovy>
			<altitudeMode>absolute</altitudeMode>
		</Camera>
		<styleUrl>#__managed_style_0EA237FB1629FD2EAE63</styleUrl>
		<Point>
			<altitudeMode>relativeToGround</altitudeMode>
			<coordinates>104.607287641731,17.10995782156937,0</coordinates>
		</Point>
	</Placemark>
	<Placemark id="06D4D969BB29F37B615B">
		<name>LT53-SG - 2033 - 0102 - 22+105</name>
		<Camera>
			<gx:ViewerOptions>
				<gx:option name="streetview"></gx:option>
				<gx:streetViewPanoId>NdLYJNdpuN9ZBxZ_VkuSmQ</gx:streetViewPanoId>
			</gx:ViewerOptions>
			<longitude>104.6077989987521</longitude>
			<latitude>17.11022653634608</latitude>
			<altitude>161.1143798828125</altitude>
			<heading>303.2021050571195</heading>
			<tilt>95.23028663388365</tilt>
			<roll>0</roll>
			<gx:fovy>37.83689226103668</gx:fovy>
			<altitudeMode>absolute</altitudeMode>
		</Camera>
		<styleUrl>#__managed_style_0EA237FB1629FD2EAE63</styleUrl>
		<Point>
			<altitudeMode>relativeToGround</altitudeMode>
			<coordinates>104.6075559274682,17.11024141466047,0</coordinates>
		</Point>
	</Placemark>
	<Placemark id="0F354BA1EC29F37C0752">
		<name>LT54-SG - 2033 - 0102 - 22+150</name>
		<Camera>
			<gx:ViewerOptions>
				<gx:option name="streetview"></gx:option>
				<gx:streetViewPanoId>0Z7J73hGitZiMmeqEfuApA</gx:streetViewPanoId>
			</gx:ViewerOptions>
			<longitude>104.6080581475824</longitude>
			<latitude>17.11048817535067</latitude>
			<altitude>161.0934295654297</altitude>
			<heading>319.9286650021752</heading>
			<tilt>96.15769639560648</tilt>
			<roll>0</roll>
			<gx:fovy>35.69809038076009</gx:fovy>
			<altitudeMode>absolute</altitudeMode>
		</Camera>
		<styleUrl>#__managed_style_0EA237FB1629FD2EAE63</styleUrl>
		<Point>
			<altitudeMode>relativeToGround</altitudeMode>
			<coordinates>104.6079256118981,17.11061130713933,0</coordinates>
		</Point>
	</Placemark>
	<Placemark id="0E1E46510B29F37CF344">
		<name>LT55-SG - 2033 - 0102 - 22+200</name>
		<Camera>
			<gx:ViewerOptions>
				<gx:option name="streetview"></gx:option>
				<gx:streetViewPanoId>BxRAmjUMQjoRHxTQfOTNhg</gx:streetViewPanoId>
			</gx:ViewerOptions>
			<longitude>104.6083827512374</longitude>
			<latitude>17.11082431779938</latitude>
			<altitude>161.0501403808594</altitude>
			<heading>312.6745389800841</heading>
			<tilt>98.449822875362</tilt>
			<roll>0</roll>
			<gx:fovy>37.7148754200504</gx:fovy>
			<altitudeMode>absolute</altitudeMode>
		</Camera>
		<styleUrl>#__managed_style_0EA237FB1629FD2EAE63</styleUrl>
		<Point>
			<altitudeMode>relativeToGround</altitudeMode>
			<coordinates>104.6082775386085,17.11100976745387,0</coordinates>
		</Point>
	</Placemark>
	<Placemark id="0C747D24DC29F37DCBC1">
		<name>LT56-SG - 2033 - 0102 - 22+250</name>
		<Camera>
			<gx:ViewerOptions>
				<gx:option name="streetview"></gx:option>
				<gx:streetViewPanoId>iwallPC821xlAFVZjvKofw</gx:streetViewPanoId>
			</gx:ViewerOptions>
			<longitude>104.6087129583531</longitude>
			<latitude>17.11116277414945</latitude>
			<altitude>161.14013671875</altitude>
			<heading>295.6105702315542</heading>
			<tilt>94.41061390310662</tilt>
			<roll>0</roll>
			<gx:fovy>34.15654172974325</gx:fovy>
			<altitudeMode>absolute</altitudeMode>
		</Camera>
		<styleUrl>#__managed_style_0EA237FB1629FD2EAE63</styleUrl>
		<Point>
			<altitudeMode>relativeToGround</altitudeMode>
			<coordinates>104.6085422928923,17.11124800950691,0</coordinates>
		</Point>
	</Placemark>
	<Placemark id="0D0B22CDC229F37E9FA4">
		<name>LT57-SG - 2033 - 0102 - 22+300</name>
		<Camera>
			<gx:ViewerOptions>
				<gx:option name="streetview"></gx:option>
				<gx:streetViewPanoId>c8Bzq5EXvt7lasMYRNMxng</gx:streetViewPanoId>
			</gx:ViewerOptions>
			<longitude>104.6090419211256</longitude>
			<latitude>17.11150307918528</latitude>
			<altitude>160.8651580810547</altitude>
			<heading>300.8815377579648</heading>
			<tilt>96.83871183657376</tilt>
			<roll>0</roll>
			<gx:fovy>30.41646864100859</gx:fovy>
			<altitudeMode>absolute</altitudeMode>
		</Camera>
		<styleUrl>#__managed_style_0EA237FB1629FD2EAE63</styleUrl>
		<Point>
			<altitudeMode>relativeToGround</altitudeMode>
			<coordinates>104.6088709333425,17.11158933356152,0</coordinates>
		</Point>
	</Placemark>
	<Placemark id="07CAAFC89A29F37F4BF5">
		<name>LT58-SG - 2033 - 0102 - 22+350</name>
		<Camera>
			<gx:ViewerOptions>
				<gx:option name="streetview"></gx:option>
				<gx:streetViewPanoId>sKsPkYyjyMw-7KTS8A3HYQ</gx:streetViewPanoId>
			</gx:ViewerOptions>
			<longitude>104.6093076531312</longitude>
			<latitude>17.11176704644615</latitude>
			<altitude>160.4248283673446</altitude>
			<heading>300.881537075183</heading>
			<tilt>85</tilt>
			<roll>0</roll>
			<gx:fovy>60</gx:fovy>
			<altitudeMode>absolute</altitudeMode>
		</Camera>
		<styleUrl>#__managed_style_0EA237FB1629FD2EAE63</styleUrl>
		<Point>
			<altitudeMode>relativeToGround</altitudeMode>
			<coordinates>104.6091537150685,17.11186204369747,0</coordinates>
		</Point>
	</Placemark>
	<Placemark id="01451B23DC29F3802A9A">
		<name>LT59-SG - 2033 - 0102 - 22+400</name>
		<Camera>
			<gx:ViewerOptions>
				<gx:option name="streetview"></gx:option>
				<gx:streetViewPanoId>ddUKzQaD-veFbSBAC0Ij8Q</gx:streetViewPanoId>
			</gx:ViewerOptions>
			<longitude>104.609627368127</longitude>
			<latitude>17.1120932577299</latitude>
			<altitude>160.1051940917969</altitude>
			<heading>305.0907550523418</heading>
			<tilt>94.08867862614606</tilt>
			<roll>0</roll>
			<gx:fovy>45.43836338287101</gx:fovy>
			<altitudeMode>absolute</altitudeMode>
		</Camera>
		<styleUrl>#__managed_style_0EA237FB1629FD2EAE63</styleUrl>
		<Point>
			<altitudeMode>relativeToGround</altitudeMode>
			<coordinates>104.6094980347739,17.11219100330146,0</coordinates>
		</Point>
	</Placemark>
	<Placemark id="05ABF7CDAF29F380B4C0">
		<name>LT60-SG - 2033 - 0102 - 22+450</name>
		<Camera>
			<gx:ViewerOptions>
				<gx:option name="streetview"></gx:option>
				<gx:streetViewPanoId>5k6U-9f0WDe7lQkUmU3jGg</gx:streetViewPanoId>
			</gx:ViewerOptions>
			<longitude>104.6099558882139</longitude>
			<latitude>17.11241653690151</latitude>
			<altitude>159.8120364998727</altitude>
			<heading>303.8441022606738</heading>
			<tilt>95.96105112431161</tilt>
			<roll>0</roll>
			<gx:fovy>36.52293017823795</gx:fovy>
			<altitudeMode>absolute</altitudeMode>
		</Camera>
		<styleUrl>#__managed_style_0EA237FB1629FD2EAE63</styleUrl>
		<Point>
			<altitudeMode>relativeToGround</altitudeMode>
			<coordinates>104.609816275457,17.11252144685282,0</coordinates>
		</Point>
	</Placemark>
	<Placemark id="0D801BFD4029F3816327">
		<name>LT61-SG - 2033 - 0102 - 22+500</name>
		<Camera>
			<gx:ViewerOptions>
				<gx:option name="streetview"></gx:option>
				<gx:streetViewPanoId>NhkQ1Q7xKofYFo1R4oYHfQ</gx:streetViewPanoId>
			</gx:ViewerOptions>
			<longitude>104.6102795176579</longitude>
			<latitude>17.11274439375828</latitude>
			<altitude>159.5300582786738</altitude>
			<heading>297.3965788791785</heading>
			<tilt>95.57812528359464</tilt>
			<roll>0</roll>
			<gx:fovy>34.81766903432428</gx:fovy>
			<altitudeMode>absolute</altitudeMode>
		</Camera>
		<styleUrl>#__managed_style_0EA237FB1629FD2EAE63</styleUrl>
		<Point>
			<altitudeMode>relativeToGround</altitudeMode>
			<coordinates>104.6101230297002,17.11284504155021,0</coordinates>
		</Point>
	</Placemark>
	<Placemark id="06086A86DE29F3820A40">
		<name>LT62-SG - 2033 - 0102 - 22+550</name>
		<Camera>
			<gx:ViewerOptions>
				<gx:option name="streetview"></gx:option>
				<gx:streetViewPanoId>m_8IOZQi8r1buclSScy8AA</gx:streetViewPanoId>
			</gx:ViewerOptions>
			<longitude>104.6106072387536</longitude>
			<latitude>17.11308285156293</latitude>
			<altitude>159.3921051025391</altitude>
			<heading>285.8727395685954</heading>
			<tilt>98.77415634541984</tilt>
			<roll>0</roll>
			<gx:fovy>33.23631946425744</gx:fovy>
			<altitudeMode>absolute</altitudeMode>
		</Camera>
		<styleUrl>#__managed_style_0EA237FB1629FD2EAE63</styleUrl>
		<Point>
			<altitudeMode>relativeToGround</altitudeMode>
			<coordinates>104.6104425358414,17.11316967119147,0</coordinates>
		</Point>
	</Placemark>
	<Placemark id="05426B077629F382B771">
		<name>LT63-SG - 2033 - 0102 - 22+600</name>
		<Camera>
			<gx:ViewerOptions>
				<gx:option name="streetview"></gx:option>
				<gx:streetViewPanoId>2fMuu7jufumk3H6aZnWqtw</gx:streetViewPanoId>
			</gx:ViewerOptions>
			<longitude>104.6109350494899</longitude>
			<latitude>17.11341444439847</latitude>
			<altitude>159.4723815917969</altitude>
			<heading>297.7027315478396</heading>
			<tilt>96.34774477416936</tilt>
			<roll>0</roll>
			<gx:fovy>35.36212890753775</gx:fovy>
			<altitudeMode>absolute</altitudeMode>
		</Camera>
		<styleUrl>#__managed_style_0EA237FB1629FD2EAE63</styleUrl>
		<Point>
			<altitudeMode>relativeToGround</altitudeMode>
			<coordinates>104.6107647527217,17.11350946555,0</coordinates>
		</Point>
	</Placemark>
	<Placemark id="07E53299F529F3839291">
		<name>LT64-SG - 2033 - 0102 - 22+650</name>
		<Camera>
			<gx:ViewerOptions>
				<gx:option name="streetview"></gx:option>
				<gx:streetViewPanoId>DzaUSsj92IKnthtMEw78Lg</gx:streetViewPanoId>
			</gx:ViewerOptions>
			<longitude>104.6111283923451</longitude>
			<latitude>17.11361461191681</latitude>
			<altitude>159.5408325195312</altitude>
			<heading>310.2736001711777</heading>
			<tilt>98.89150149753434</tilt>
			<roll>0</roll>
			<gx:fovy>45.06839346194434</gx:fovy>
			<altitudeMode>absolute</altitudeMode>
		</Camera>
		<styleUrl>#__managed_style_0EA237FB1629FD2EAE63</styleUrl>
		<Point>
			<altitudeMode>relativeToGround</altitudeMode>
			<coordinates>104.6109893074756,17.11374616594085,0</coordinates>
		</Point>
	</Placemark>
	<Placemark id="0F87C49BCE29F384A790">
		<name>LT65-SG - 2033 - 0102 - 22+700</name>
		<Camera>
			<gx:ViewerOptions>
				<gx:option name="streetview"></gx:option>
				<gx:streetViewPanoId>DEcggg_STQxXMmIKnVKr8A</gx:streetViewPanoId>
			</gx:ViewerOptions>
			<longitude>104.6114571824857</longitude>
			<latitude>17.11394683492732</latitude>
			<altitude>159.7997741699219</altitude>
			<heading>327.4080975157806</heading>
			<tilt>97.57474239752716</tilt>
			<roll>0</roll>
			<gx:fovy>34.07757895715683</gx:fovy>
			<altitudeMode>absolute</altitudeMode>
		</Camera>
		<styleUrl>#__managed_style_0EA237FB1629FD2EAE63</styleUrl>
		<Point>
			<altitudeMode>relativeToGround</altitudeMode>
			<coordinates>104.6113317740883,17.11409349541064,0</coordinates>
		</Point>
	</Placemark>
	<Placemark id="00D8E85EC929F385A1BB">
		<name>LT66-SG - 2033 - 0102 - 22+750</name>
		<Camera>
			<gx:ViewerOptions>
				<gx:option name="streetview"></gx:option>
				<gx:streetViewPanoId>E7jtPaTI__I_gBEPAP1JcQ</gx:streetViewPanoId>
			</gx:ViewerOptions>
			<longitude>104.6117885524418</longitude>
			<latitude>17.11427992293165</latitude>
			<altitude>159.9879608154297</altitude>
			<heading>315.7609651977931</heading>
			<tilt>96.17431791603563</tilt>
			<roll>0</roll>
			<gx:fovy>49.12380051457781</gx:fovy>
			<altitudeMode>absolute</altitudeMode>
		</Camera>
		<styleUrl>#__managed_style_0EA237FB1629FD2EAE63</styleUrl>
		<Point>
			<altitudeMode>relativeToGround</altitudeMode>
			<coordinates>104.6116535096375,17.11441992193911,0</coordinates>
		</Point>
	</Placemark>
	<Placemark id="08DEA7BD1229F3865977">
		<name>LT67-SG - 2033 - 0102 - 22+800</name>
		<Camera>
			<gx:ViewerOptions>
				<gx:option name="streetview"></gx:option>
				<gx:streetViewPanoId>_4Iladb866qMSIA_e0o9VA</gx:streetViewPanoId>
			</gx:ViewerOptions>
			<longitude>104.6121869799702</longitude>
			<latitude>17.11468000951461</latitude>
			<altitude>160.0846145818555</altitude>
			<heading>298.829658132111</heading>
			<tilt>97.83573126122492</tilt>
			<roll>0</roll>
			<gx:fovy>41.37317850529985</gx:fovy>
			<altitudeMode>absolute</altitudeMode>
		</Camera>
		<styleUrl>#__managed_style_0EA237FB1629FD2EAE63</styleUrl>
		<Point>
			<altitudeMode>relativeToGround</altitudeMode>
			<coordinates>104.612012980004,17.11477936139831,0</coordinates>
		</Point>
	</Placemark>
	<Placemark id="0BE8D4EF9A29F38A6E31">
		<name>LT68-SG - 2033 - 0102 - 22+850</name>
		<Camera>
			<gx:ViewerOptions>
				<gx:option name="streetview"></gx:option>
				<gx:streetViewPanoId>MHyvJSa5DpwovXfLX4ZFLA</gx:streetViewPanoId>
			</gx:ViewerOptions>
			<longitude>104.6124543183143</longitude>
			<latitude>17.11494631402066</latitude>
			<altitude>160.1069030761719</altitude>
			<heading>314.1269755005238</heading>
			<tilt>94.88763625508963</tilt>
			<roll>0</roll>
			<gx:fovy>45.18046126984688</gx:fovy>
			<altitudeMode>absolute</altitudeMode>
		</Camera>
		<styleUrl>#__managed_style_0EA237FB1629FD2EAE63</styleUrl>
		<Point>
			<altitudeMode>relativeToGround</altitudeMode>
			<coordinates>104.6123186197169,17.11509484343858,0</coordinates>
		</Point>
	</Placemark>
	<Placemark id="06A1ADA66129F38B66D8">
		<name>LT69-SG - 2033 - 0102 - 22+900</name>
		<Camera>
			<gx:ViewerOptions>
				<gx:option name="streetview"></gx:option>
				<gx:streetViewPanoId>eN98a_WY4L59jhrmnXlE0Q</gx:streetViewPanoId>
			</gx:ViewerOptions>
			<longitude>104.6127843564196</longitude>
			<latitude>17.11528354126242</latitude>
			<altitude>160.0511474607162</altitude>
			<heading>292.652774280509</heading>
			<tilt>96.37275163784285</tilt>
			<roll>0</roll>
			<gx:fovy>37.45043267068056</gx:fovy>
			<altitudeMode>absolute</altitudeMode>
		</Camera>
		<styleUrl>#__managed_style_0EA237FB1629FD2EAE63</styleUrl>
		<Point>
			<altitudeMode>relativeToGround</altitudeMode>
			<coordinates>104.6126159300883,17.11538770155677,0</coordinates>
		</Point>
	</Placemark>
	<Placemark id="015F80654429F38C4D63">
		<name>LT70-SG - 2033 - 0102 - 22+950</name>
		<Camera>
			<gx:ViewerOptions>
				<gx:option name="streetview"></gx:option>
				<gx:streetViewPanoId>mt9YzO7geRa-Re1dIuHUQA</gx:streetViewPanoId>
			</gx:ViewerOptions>
			<longitude>104.6130796215142</longitude>
			<latitude>17.11558226019616</latitude>
			<altitude>160.0038981424394</altitude>
			<heading>293.164663688997</heading>
			<tilt>96.36492917930593</tilt>
			<roll>0</roll>
			<gx:fovy>39.77318837298769</gx:fovy>
			<altitudeMode>absolute</altitudeMode>
		</Camera>
		<styleUrl>#__managed_style_0EA237FB1629FD2EAE63</styleUrl>
		<Point>
			<altitudeMode>relativeToGround</altitudeMode>
			<coordinates>104.6128984921411,17.11566890316756,0</coordinates>
		</Point>
	</Placemark>
	<Placemark id="065BD92D1729F38D0F99">
		<name>LT71-SG - 2033 - 0102 - 23+000</name>
		<Camera>
			<gx:ViewerOptions>
				<gx:option name="streetview"></gx:option>
				<gx:streetViewPanoId>G_OibLpHZoP-qeCgmWm3Xw</gx:streetViewPanoId>
			</gx:ViewerOptions>
			<longitude>104.6134135741436</longitude>
			<latitude>17.1159152424382</latitude>
			<altitude>159.824462890625</altitude>
			<heading>300.0193878572039</heading>
			<tilt>97.54509290653516</tilt>
			<roll>0</roll>
			<gx:fovy>43.77125057045819</gx:fovy>
			<altitudeMode>absolute</altitudeMode>
		</Camera>
		<styleUrl>#__managed_style_0EA237FB1629FD2EAE63</styleUrl>
		<Point>
			<altitudeMode>relativeToGround</altitudeMode>
			<coordinates>104.6132461543216,17.11602969783675,0</coordinates>
		</Point>
	</Placemark>
	<Placemark id="0AD3B94D2A29F38EB700">
		<name>LT72-SG - 2033 - 0102 - 23+050</name>
		<Camera>
			<gx:ViewerOptions>
				<gx:option name="streetview"></gx:option>
				<gx:streetViewPanoId>mUfTLs-MB-CGGf4Rx86mRQ</gx:streetViewPanoId>
			</gx:ViewerOptions>
			<longitude>104.6136794027397</longitude>
			<latitude>17.11617980878651</latitude>
			<altitude>158.9931968677572</altitude>
			<heading>290.8277570910587</heading>
			<tilt>95.87757202362084</tilt>
			<roll>0</roll>
			<gx:fovy>36.28040596198576</gx:fovy>
			<altitudeMode>absolute</altitudeMode>
		</Camera>
		<styleUrl>#__managed_style_0EA237FB1629FD2EAE63</styleUrl>
		<Point>
			<altitudeMode>relativeToGround</altitudeMode>
			<coordinates>104.6135111557724,17.11629936948087,0</coordinates>
		</Point>
	</Placemark>
	<Placemark id="058685B46A29F394389F">
		<name>LT73-SG - 2033 - 0102 - 23+100</name>
		<Camera>
			<gx:ViewerOptions>
				<gx:option name="streetview"></gx:option>
				<gx:streetViewPanoId>aOI8Qi3VBYxyI54b0kvHwg</gx:streetViewPanoId>
			</gx:ViewerOptions>
			<longitude>104.6139607955784</longitude>
			<latitude>17.11648112554095</latitude>
			<altitude>159.0445486159846</altitude>
			<heading>318.4628795311061</heading>
			<tilt>92.38350612101206</tilt>
			<roll>0</roll>
			<gx:fovy>59.99999999999999</gx:fovy>
			<altitudeMode>absolute</altitudeMode>
		</Camera>
		<styleUrl>#__managed_style_0EA237FB1629FD2EAE63</styleUrl>
		<Point>
			<altitudeMode>relativeToGround</altitudeMode>
			<coordinates>104.6138095749383,17.11660625272769,0</coordinates>
		</Point>
	</Placemark>
	<Placemark id="0A60E3AE3B29F3A3754C">
		<name>LT74-SG - 2033 - 0102 - 23+150</name>
		<Camera>
			<gx:ViewerOptions>
				<gx:option name="streetview"></gx:option>
				<gx:streetViewPanoId>foiJlKVHLcta6JSbNCQ6Aw</gx:streetViewPanoId>
			</gx:ViewerOptions>
			<longitude>104.6142790084634</longitude>
			<latitude>17.11681965573624</latitude>
			<altitude>159.0899505603635</altitude>
			<heading>309.3801218319365</heading>
			<tilt>98.61143967616105</tilt>
			<roll>0</roll>
			<gx:fovy>45.14618271110175</gx:fovy>
			<altitudeMode>absolute</altitudeMode>
		</Camera>
		<styleUrl>#__managed_style_0EA237FB1629FD2EAE63</styleUrl>
		<Point>
			<altitudeMode>relativeToGround</altitudeMode>
			<coordinates>104.6141516079373,17.11693795888701,0</coordinates>
		</Point>
	</Placemark>
	<Placemark id="097661714329F3A5201F">
		<name>LT75-SG - 2033 - 0102 - 23+200</name>
		<Camera>
			<gx:ViewerOptions>
				<gx:option name="streetview"></gx:option>
				<gx:streetViewPanoId>ji4lCzUeZTDWf71ps-kBlQ</gx:streetViewPanoId>
			</gx:ViewerOptions>
			<longitude>104.6145834368973</longitude>
			<latitude>17.11716209746825</latitude>
			<altitude>159.1648101806641</altitude>
			<heading>307.6211796887241</heading>
			<tilt>97.53812542631796</tilt>
			<roll>0</roll>
			<gx:fovy>59.99999999999999</gx:fovy>
			<altitudeMode>absolute</altitudeMode>
		</Camera>
		<styleUrl>#__managed_style_0EA237FB1629FD2EAE63</styleUrl>
		<Point>
			<altitudeMode>relativeToGround</altitudeMode>
			<coordinates>104.6144622008714,17.11724145711235,0</coordinates>
		</Point>
	</Placemark>
	<Placemark id="030AEF0B3029F3A5CDB7">
		<name>LT76-SG - 2033 - 0102 - 23+270</name>
		<Camera>
			<gx:ViewerOptions>
				<gx:option name="streetview"></gx:option>
				<gx:streetViewPanoId>T9e2rznZP3k8deAyRtahkQ</gx:streetViewPanoId>
			</gx:ViewerOptions>
			<longitude>104.6150425264464</longitude>
			<latitude>17.11763535691251</latitude>
			<altitude>159.452209472628</altitude>
			<heading>322.0316022610371</heading>
			<tilt>106.1043124755267</tilt>
			<roll>0</roll>
			<gx:fovy>79.58147672271981</gx:fovy>
			<altitudeMode>absolute</altitudeMode>
		</Camera>
		<styleUrl>#__managed_style_0EA237FB1629FD2EAE63</styleUrl>
		<Point>
			<altitudeMode>relativeToGround</altitudeMode>
			<coordinates>104.6149841759715,17.11770680950736,0</coordinates>
		</Point>
	</Placemark>
	<Placemark id="0D48DC948129F3A71170">
		<name>RT34-SG - 2033 - 0102 - 21+200</name>
		<Camera>
			<gx:ViewerOptions>
				<gx:option name="streetview"></gx:option>
				<gx:streetViewPanoId>JToB_cNt2pHyIKDZ2jnhFg</gx:streetViewPanoId>
			</gx:ViewerOptions>
			<longitude>104.6021149998137</longitude>
			<latitude>17.10362094956297</latitude>
			<altitude>157.8235778808594</altitude>
			<heading>152.1351200297181</heading>
			<tilt>101.3392516768334</tilt>
			<roll>0</roll>
			<gx:fovy>67.7219503802132</gx:fovy>
			<altitudeMode>absolute</altitudeMode>
		</Camera>
		<styleUrl>#__managed_style_0EA237FB1629FD2EAE63</styleUrl>
		<Point>
			<altitudeMode>relativeToGround</altitudeMode>
			<coordinates>104.6021620748469,17.10355234462244,0</coordinates>
		</Point>
	</Placemark>
	<Placemark id="02153608BD29F3A867CC">
		<name>RT35-SG - 2033 - 0102 - 21+265</name>
		<Camera>
			<gx:ViewerOptions>
				<gx:option name="streetview"></gx:option>
				<gx:streetViewPanoId>8Nx_-pfiu2eaWW6XO7tSIw</gx:streetViewPanoId>
			</gx:ViewerOptions>
			<longitude>104.6024459047128</longitude>
			<latitude>17.10406627699137</latitude>
			<altitude>157.9540926644738</altitude>
			<heading>130.4822879166954</heading>
			<tilt>71.08277416662877</tilt>
			<roll>0</roll>
			<gx:fovy>59.99999999999999</gx:fovy>
			<altitudeMode>absolute</altitudeMode>
		</Camera>
		<styleUrl>#__managed_style_0EA237FB1629FD2EAE63</styleUrl>
		<Point>
			<altitudeMode>relativeToGround</altitudeMode>
			<coordinates>104.6024931013058,17.10406218634846,0</coordinates>
		</Point>
	</Placemark>
	<Placemark id="0613A9B48729F3A925A1">
		<name>RT34-SG - 2033 - 0102 - 21+315</name>
		<Camera>
			<gx:ViewerOptions>
				<gx:option name="streetview"></gx:option>
				<gx:streetViewPanoId>rNHTMYF_m09Ym61AFMPGSg</gx:streetViewPanoId>
			</gx:ViewerOptions>
			<longitude>104.6026786324013</longitude>
			<latitude>17.10446709910402</latitude>
			<altitude>158.0603177951234</altitude>
			<heading>147.9490816148077</heading>
			<tilt>73.75638513725174</tilt>
			<roll>0</roll>
			<gx:fovy>59.99999999999999</gx:fovy>
			<altitudeMode>absolute</altitudeMode>
		</Camera>
		<styleUrl>#__managed_style_0EA237FB1629FD2EAE63</styleUrl>
		<Point>
			<altitudeMode>relativeToGround</altitudeMode>
			<coordinates>104.6027203136403,17.10443210242648,0</coordinates>
		</Point>
	</Placemark>
	<Placemark id="070E3F3AB529F3AB2392">
		<name>RT35-SG - 2033 - 0102 - 21+365</name>
		<Camera>
			<gx:ViewerOptions>
				<gx:option name="streetview"></gx:option>
				<gx:streetViewPanoId>rxIXgUniQrUDRtrBhoJgMg</gx:streetViewPanoId>
			</gx:ViewerOptions>
			<longitude>104.6028585363976</longitude>
			<latitude>17.10479451124933</latitude>
			<altitude>158.1373901367188</altitude>
			<heading>76.46155813418255</heading>
			<tilt>76.90556162825298</tilt>
			<roll>0</roll>
			<gx:fovy>63.92534808870163</gx:fovy>
			<altitudeMode>absolute</altitudeMode>
		</Camera>
		<styleUrl>#__managed_style_0EA237FB1629FD2EAE63</styleUrl>
		<Point>
			<altitudeMode>relativeToGround</altitudeMode>
			<coordinates>104.6029208800742,17.10482562095497,0</coordinates>
		</Point>
	</Placemark>
	<Placemark id="088AFE79E029F3ADB028">
		<name>RT36-SG - 2033 - 0102 - 21+415</name>
		<Camera>
			<gx:ViewerOptions>
				<gx:option name="streetview"></gx:option>
				<gx:streetViewPanoId>J6c6CaLgF7LnZyKkrmbbmQ</gx:streetViewPanoId>
			</gx:ViewerOptions>
			<longitude>104.6030060702833</longitude>
			<latitude>17.10528465378815</latitude>
			<altitude>158.9106597900391</altitude>
			<heading>126.9983950781471</heading>
			<tilt>92.95110723236792</tilt>
			<roll>0</roll>
			<gx:fovy>45.22714686975961</gx:fovy>
			<altitudeMode>absolute</altitudeMode>
		</Camera>
		<styleUrl>#__managed_style_0EA237FB1629FD2EAE63</styleUrl>
		<Point>
			<altitudeMode>relativeToGround</altitudeMode>
			<coordinates>104.6031462616648,17.10523377862408,0</coordinates>
		</Point>
	</Placemark>
	<Placemark id="06D7253F4D29F3AECDA9">
		<name>RT37-SG - 2033 - 0102 - 21+465</name>
		<Camera>
			<gx:ViewerOptions>
				<gx:option name="streetview"></gx:option>
				<gx:streetViewPanoId>n0cdpJdwvSbqrIWgiZYfGQ</gx:streetViewPanoId>
			</gx:ViewerOptions>
			<longitude>104.6032701020499</longitude>
			<latitude>17.10566656651281</latitude>
			<altitude>159.2531471064729</altitude>
			<heading>133.7420299660026</heading>
			<tilt>92.28236219536149</tilt>
			<roll>0</roll>
			<gx:fovy>37.98913600937713</gx:fovy>
			<altitudeMode>absolute</altitudeMode>
		</Camera>
		<styleUrl>#__managed_style_0EA237FB1629FD2EAE63</styleUrl>
		<Point>
			<altitudeMode>relativeToGround</altitudeMode>
			<coordinates>104.6034024317912,17.10559244713425,0</coordinates>
		</Point>
	</Placemark>
	<Placemark id="0F7E11EEB429F3AFDD86">
		<name>RT38-SG - 2033 - 0102 - 21+515</name>
		<Camera>
			<gx:ViewerOptions>
				<gx:option name="streetview"></gx:option>
				<gx:streetViewPanoId>RHlNu-QdGmKBCCpMZBGi0Q</gx:streetViewPanoId>
			</gx:ViewerOptions>
			<longitude>104.6037016780374</longitude>
			<latitude>17.10596613707783</latitude>
			<altitude>158.8610534667969</altitude>
			<heading>95.56221484430115</heading>
			<tilt>91.10763256606892</tilt>
			<roll>0</roll>
			<gx:fovy>90</gx:fovy>
			<altitudeMode>absolute</altitudeMode>
		</Camera>
		<styleUrl>#__managed_style_0EA237FB1629FD2EAE63</styleUrl>
		<Point>
			<altitudeMode>relativeToGround</altitudeMode>
			<coordinates>104.6037346775979,17.10597074077298,0</coordinates>
		</Point>
	</Placemark>
	<Placemark id="01F107D3BF29F3B09F98">
		<name>RT39-SG - 2033 - 0102 - 21+565</name>
		<Camera>
			<gx:ViewerOptions>
				<gx:option name="streetview"></gx:option>
				<gx:streetViewPanoId>Bj7-f8Lu3AFHwunBhjeQnw</gx:streetViewPanoId>
			</gx:ViewerOptions>
			<longitude>104.603870644862</longitude>
			<latitude>17.10632635111033</latitude>
			<altitude>159.6075744628906</altitude>
			<heading>137.8605481638908</heading>
			<tilt>94.83159909197455</tilt>
			<roll>0</roll>
			<gx:fovy>45.23304092249585</gx:fovy>
			<altitudeMode>absolute</altitudeMode>
		</Camera>
		<styleUrl>#__managed_style_0EA237FB1629FD2EAE63</styleUrl>
		<Point>
			<altitudeMode>relativeToGround</altitudeMode>
			<coordinates>104.6039653363034,17.10624082763745,0</coordinates>
		</Point>
	</Placemark>
	<Placemark id="03DEEEFA8D29F3BDDE91">
		<name>RT40-SG - 2033 - 0102 - 21+620</name>
		<Camera>
			<gx:ViewerOptions>
				<gx:option name="streetview"></gx:option>
				<gx:streetViewPanoId>99qk3g1VZSvTAYo_nF1O6g</gx:streetViewPanoId>
			</gx:ViewerOptions>
			<longitude>104.6042582910412</longitude>
			<latitude>17.10672883505095</latitude>
			<altitude>159.7021789550781</altitude>
			<heading>149.3010808457732</heading>
			<tilt>96.14871889222096</tilt>
			<roll>0</roll>
			<gx:fovy>45.12679622843033</gx:fovy>
			<altitudeMode>absolute</altitudeMode>
		</Camera>
		<styleUrl>#__managed_style_0EA237FB1629FD2EAE63</styleUrl>
		<Point>
			<altitudeMode>relativeToGround</altitudeMode>
			<coordinates>104.6043321296083,17.10661974090837,0</coordinates>
		</Point>
	</Placemark>
	<Placemark id="0FECB3004729F3BEB529">
		<name>RT41-SG - 2033 - 0102 - 21+665</name>
		<Camera>
			<gx:ViewerOptions>
				<gx:option name="streetview"></gx:option>
				<gx:streetViewPanoId>-k3k_xDc8ECYuutTCH87Uw</gx:streetViewPanoId>
			</gx:ViewerOptions>
			<longitude>104.6045121869309</longitude>
			<latitude>17.10699666867226</latitude>
			<altitude>159.7360382080533</altitude>
			<heading>154.9787367816054</heading>
			<tilt>96.68548202955685</tilt>
			<roll>0</roll>
			<gx:fovy>35.6256255906076</gx:fovy>
			<altitudeMode>absolute</altitudeMode>
		</Camera>
		<styleUrl>#__managed_style_0EA237FB1629FD2EAE63</styleUrl>
		<Point>
			<altitudeMode>relativeToGround</altitudeMode>
			<coordinates>104.6046692043641,17.10699352398039,0</coordinates>
		</Point>
	</Placemark>
	<Placemark id="0A33321AC329F3BFAB7E">
		<name>RT42-SG - 2033 - 0102 - 21+695</name>
		<Camera>
			<gx:ViewerOptions>
				<gx:option name="streetview"></gx:option>
				<gx:streetViewPanoId>Dh51O8xEggFRMTWeYJ5-Ng</gx:streetViewPanoId>
			</gx:ViewerOptions>
			<longitude>104.6048741338198</longitude>
			<latitude>17.10719056069019</latitude>
			<altitude>159.6112643576135</altitude>
			<heading>147.8250724663397</heading>
			<tilt>78.39223214564524</tilt>
			<roll>0</roll>
			<gx:fovy>90</gx:fovy>
			<altitudeMode>absolute</altitudeMode>
		</Camera>
		<styleUrl>#__managed_style_0EA237FB1629FD2EAE63</styleUrl>
		<Point>
			<altitudeMode>relativeToGround</altitudeMode>
			<coordinates>104.6048816692374,17.10717592094829,0</coordinates>
		</Point>
	</Placemark>
	<Placemark id="04ACB4F96A29F3C0A772">
		<name>RT43-SG - 2033 - 0102 - 21+745</name>
		<Camera>
			<gx:ViewerOptions>
				<gx:option name="streetview"></gx:option>
				<gx:streetViewPanoId>5sCC1Cwk5q8DtwpmlCqerQ</gx:streetViewPanoId>
			</gx:ViewerOptions>
			<longitude>104.6051939284</longitude>
			<latitude>17.10752425026925</latitude>
			<altitude>159.4563464329135</altitude>
			<heading>176.0998141565428</heading>
			<tilt>89.43007690779881</tilt>
			<roll>0</roll>
			<gx:fovy>90</gx:fovy>
			<altitudeMode>absolute</altitudeMode>
		</Camera>
		<styleUrl>#__managed_style_0EA237FB1629FD2EAE63</styleUrl>
		<Point>
			<altitudeMode>relativeToGround</altitudeMode>
			<coordinates>104.6051967493595,17.10749821545452,0</coordinates>
		</Point>
	</Placemark>
	<Placemark id="0136B68E3729F3C1E506">
		<name>RT44-SG - 2033 - 0102 - 21+790</name>
		<Camera>
			<gx:ViewerOptions>
				<gx:option name="streetview"></gx:option>
				<gx:streetViewPanoId>rbpmWha2Q7vxEIZQkFY4-Q</gx:streetViewPanoId>
			</gx:ViewerOptions>
			<longitude>104.6054511162996</longitude>
			<latitude>17.10779368703745</latitude>
			<altitude>159.4180720957142</altitude>
			<heading>112.0590593713751</heading>
			<tilt>81.58083749000978</tilt>
			<roll>0</roll>
			<gx:fovy>90</gx:fovy>
			<altitudeMode>absolute</altitudeMode>
		</Camera>
		<styleUrl>#__managed_style_0EA237FB1629FD2EAE63</styleUrl>
		<Point>
			<altitudeMode>relativeToGround</altitudeMode>
			<coordinates>104.6054866072484,17.10779084003864,0</coordinates>
		</Point>
	</Placemark>
	<Placemark id="00AD4C166729F3C2BD8C">
		<name>RT45-SG - 2033 - 0102 - 21+840</name>
		<Camera>
			<gx:ViewerOptions>
				<gx:option name="streetview"></gx:option>
				<gx:streetViewPanoId>zqU41NsWZIWtMItXoDBAlw</gx:streetViewPanoId>
			</gx:ViewerOptions>
			<longitude>104.6057573945744</longitude>
			<latitude>17.10812115628428</latitude>
			<altitude>159.2122333125629</altitude>
			<heading>112.6700607727567</heading>
			<tilt>92.96543676042369</tilt>
			<roll>0</roll>
			<gx:fovy>90</gx:fovy>
			<altitudeMode>absolute</altitudeMode>
		</Camera>
		<styleUrl>#__managed_style_0EA237FB1629FD2EAE63</styleUrl>
		<Point>
			<altitudeMode>relativeToGround</altitudeMode>
			<coordinates>104.6057818425134,17.10811237900287,0</coordinates>
		</Point>
	</Placemark>
	<Placemark id="06F290D13729F3C3A35C">
		<name>RT46-SG - 2033 - 0102 - 21+890</name>
		<Camera>
			<gx:ViewerOptions>
				<gx:option name="streetview"></gx:option>
				<gx:streetViewPanoId>e_OtwDiJFxxXmAwEEkEuRA</gx:streetViewPanoId>
			</gx:ViewerOptions>
			<longitude>104.6060272116629</longitude>
			<latitude>17.10848549594018</latitude>
			<altitude>159.4923095703125</altitude>
			<heading>134.6705225766098</heading>
			<tilt>98.54274889206162</tilt>
			<roll>0</roll>
			<gx:fovy>67.75687381319538</gx:fovy>
			<altitudeMode>absolute</altitudeMode>
		</Camera>
		<styleUrl>#__managed_style_0EA237FB1629FD2EAE63</styleUrl>
		<Point>
			<altitudeMode>relativeToGround</altitudeMode>
			<coordinates>104.6061099835797,17.10843304915737,0</coordinates>
		</Point>
	</Placemark>
	<Placemark id="08C42DCF0829F3C58CF3">
		<name>RT47-SG - 2033 - 0102 - 21+915</name>
		<Camera>
			<gx:ViewerOptions>
				<gx:option name="streetview"></gx:option>
				<gx:streetViewPanoId>GCV6s4HOxnTIBaVzlsFTTA</gx:streetViewPanoId>
			</gx:ViewerOptions>
			<longitude>104.6062910708287</longitude>
			<latitude>17.10880912654202</latitude>
			<altitude>159.8117828375926</altitude>
			<heading>128.8830813269337</heading>
			<tilt>99.32734767912498</tilt>
			<roll>0</roll>
			<gx:fovy>43.64707232767157</gx:fovy>
			<altitudeMode>absolute</altitudeMode>
		</Camera>
		<styleUrl>#__managed_style_0EA237FB1629FD2EAE63</styleUrl>
		<Point>
			<altitudeMode>relativeToGround</altitudeMode>
			<coordinates>104.6063805361081,17.10872106110089,0</coordinates>
		</Point>
	</Placemark>
	<Placemark id="09235ED50729F3D12A68">
		<name>RT48-SG - 2033 - 0102 - 21+965</name>
		<Camera>
			<gx:ViewerOptions>
				<gx:option name="streetview"></gx:option>
				<gx:streetViewPanoId>EW5rQrleUhEdC3bHw3Z3zQ</gx:streetViewPanoId>
			</gx:ViewerOptions>
			<longitude>104.6066961537913</longitude>
			<latitude>17.10908372504197</latitude>
			<altitude>160.1148891188433</altitude>
			<heading>162.5099828269407</heading>
			<tilt>96.61974187671305</tilt>
			<roll>0</roll>
			<gx:fovy>90</gx:fovy>
			<altitudeMode>absolute</altitudeMode>
		</Camera>
		<styleUrl>#__managed_style_0EA237FB1629FD2EAE63</styleUrl>
		<Point>
			<altitudeMode>relativeToGround</altitudeMode>
			<coordinates>104.6067120002536,17.10905645959293,0</coordinates>
		</Point>
	</Placemark>
	<Placemark id="0F95D20CE929F3D2C13B">
		<name>RT49-SG - 2033 - 0102 - 22+025</name>
		<Camera>
			<gx:ViewerOptions>
				<gx:option name="streetview"></gx:option>
				<gx:streetViewPanoId>M1rCopKpGroxYcjqrdl84A</gx:streetViewPanoId>
			</gx:ViewerOptions>
			<longitude>104.6069445399939</longitude>
			<latitude>17.10949394334157</latitude>
			<altitude>160.6275552151033</altitude>
			<heading>149.6937435574476</heading>
			<tilt>95.17235611271909</tilt>
			<roll>0</roll>
			<gx:fovy>45.4780833199491</gx:fovy>
			<altitudeMode>absolute</altitudeMode>
		</Camera>
		<styleUrl>#__managed_style_0EA237FB1629FD2EAE63</styleUrl>
		<Point>
			<altitudeMode>relativeToGround</altitudeMode>
			<coordinates>104.6070289417373,17.10937714647118,0</coordinates>
		</Point>
	</Placemark>
	<Placemark id="0C75F9551129F3D42C7A">
		<name>RT50-SG - 2033 - 0102 - 22+075</name>
		<Camera>
			<gx:ViewerOptions>
				<gx:option name="streetview"></gx:option>
				<gx:streetViewPanoId>yefA_EMR9aM32TDnXwLY6g</gx:streetViewPanoId>
			</gx:ViewerOptions>
			<longitude>104.6072594476836</longitude>
			<latitude>17.10983484341</latitude>
			<altitude>160.986083984375</altitude>
			<heading>146.2002343867734</heading>
			<tilt>97.42629710714243</tilt>
			<roll>0</roll>
			<gx:fovy>43.49661665058466</gx:fovy>
			<altitudeMode>absolute</altitudeMode>
		</Camera>
		<styleUrl>#__managed_style_0EA237FB1629FD2EAE63</styleUrl>
		<Point>
			<altitudeMode>relativeToGround</altitudeMode>
			<coordinates>104.6073555298843,17.10972310129142,0</coordinates>
		</Point>
	</Placemark>
	<Placemark id="0B8E2775DC29F7732559">
		<name>RT51-SG - 2033 - 0102 - 22+110</name>
		<Camera>
			<gx:ViewerOptions>
				<gx:option name="streetview"></gx:option>
				<gx:streetViewPanoId>NP5t_U7XZE_j5Sz-2Qapeg</gx:streetViewPanoId>
			</gx:ViewerOptions>
			<longitude>104.6075668857282</longitude>
			<latitude>17.10992845209886</latitude>
			<altitude>161.155944824866</altitude>
			<heading>66.98756094559118</heading>
			<tilt>64.37266623463934</tilt>
			<roll>0</roll>
			<gx:fovy>59.99999993137921</gx:fovy>
			<altitudeMode>absolute</altitudeMode>
		</Camera>
		<styleUrl>#__managed_style_0EA237FB1629FD2EAE63</styleUrl>
		<Point>
			<altitudeMode>relativeToGround</altitudeMode>
			<coordinates>104.6075860998732,17.10993644774382,0</coordinates>
		</Point>
	</Placemark>
	<Placemark id="04045EE90329F7747029">
		<name>RT52-SG - 2033 - 0102 - 22+170</name>
		<Camera>
			<gx:ViewerOptions>
				<gx:option name="streetview"></gx:option>
				<gx:streetViewPanoId>pW0gWT0gcUUGVdB3XaqwdA</gx:streetViewPanoId>
			</gx:ViewerOptions>
			<longitude>104.6079267944652</longitude>
			<latitude>17.11035572792953</latitude>
			<altitude>161.0799407958984</altitude>
			<heading>113.5773145803241</heading>
			<tilt>82.78513135858108</tilt>
			<roll>0</roll>
			<gx:fovy>59.99999999999999</gx:fovy>
			<altitudeMode>absolute</altitudeMode>
		</Camera>
		<styleUrl>#__managed_style_0EA237FB1629FD2EAE63</styleUrl>
		<Point>
			<altitudeMode>relativeToGround</altitudeMode>
			<coordinates>104.6079638008512,17.11036077867413,0</coordinates>
		</Point>
	</Placemark>
	<Placemark id="0C4308B70B29F7EEF687">
		<name>RT53-SG - 2033 - 0102 - 22+205</name>
		<Camera>
			<gx:ViewerOptions>
				<gx:option name="streetview"></gx:option>
				<gx:streetViewPanoId>9OvbgsFbXUwifzrTkJ7wrA</gx:streetViewPanoId>
			</gx:ViewerOptions>
			<longitude>104.6081877221638</longitude>
			<latitude>17.11062110465071</latitude>
			<altitude>161.083236705577</altitude>
			<heading>153.4546191259629</heading>
			<tilt>74.98904489629582</tilt>
			<roll>0</roll>
			<gx:fovy>59.99999996905663</gx:fovy>
			<altitudeMode>absolute</altitudeMode>
		</Camera>
		<styleUrl>#__managed_style_0EA237FB1629FD2EAE63</styleUrl>
		<Point>
			<altitudeMode>relativeToGround</altitudeMode>
			<coordinates>104.6082442600276,17.11062090194253,0</coordinates>
		</Point>
	</Placemark>
	<Placemark id="0FBACEE14B29F8F44DC7">
		<name>RT54-SG - 2033 - 0102 - 22+230</name>
		<Camera>
			<gx:ViewerOptions>
				<gx:option name="streetview"></gx:option>
				<gx:streetViewPanoId>Zh2hkeodUTmvOKIinxkcBw</gx:streetViewPanoId>
			</gx:ViewerOptions>
			<longitude>104.6085144604801</longitude>
			<latitude>17.11096087074674</latitude>
			<altitude>161.0833892822266</altitude>
			<heading>154.5923130557672</heading>
			<tilt>84.54385944069345</tilt>
			<roll>0</roll>
			<gx:fovy>59.99999999999999</gx:fovy>
			<altitudeMode>absolute</altitudeMode>
		</Camera>
		<styleUrl>#__managed_style_0EA237FB1629FD2EAE63</styleUrl>
		<Point>
			<altitudeMode>relativeToGround</altitudeMode>
			<coordinates>104.6085498803759,17.1109282795139,0</coordinates>
		</Point>
	</Placemark>
	<Placemark id="031F2CB4DC29F8F620B3">
		<name>RT55-SG - 2033 - 0102 - 22+265</name>
		<Camera>
			<gx:ViewerOptions>
				<gx:option name="streetview"></gx:option>
				<gx:streetViewPanoId>LKPESdx-osb5SDqiU3w9xg</gx:streetViewPanoId>
			</gx:ViewerOptions>
			<longitude>104.6088443121498</longitude>
			<latitude>17.11129891321983</latitude>
			<altitude>161.1196478057126</altitude>
			<heading>169.8970443603593</heading>
			<tilt>84.97539883507883</tilt>
			<roll>0</roll>
			<gx:fovy>59.99999999832441</gx:fovy>
			<altitudeMode>absolute</altitudeMode>
		</Camera>
		<styleUrl>#__managed_style_0EA237FB1629FD2EAE63</styleUrl>
		<Point>
			<altitudeMode>relativeToGround</altitudeMode>
			<coordinates>104.6088581210637,17.11125375932896,0</coordinates>
		</Point>
	</Placemark>
	<Placemark id="076401E19B29F8F86051">
		<name>RT56-SG - 2033 - 0102 - 22+325</name>
		<Camera>
			<gx:ViewerOptions>
				<gx:option name="streetview"></gx:option>
				<gx:streetViewPanoId>QcezustW4u_zzeHOYfcHOw</gx:streetViewPanoId>
			</gx:ViewerOptions>
			<longitude>104.6091112888731</longitude>
			<latitude>17.11156929553001</latitude>
			<altitude>160.7524767355857</altitude>
			<heading>104.4469031720248</heading>
			<tilt>77.50806159792984</tilt>
			<roll>0</roll>
			<gx:fovy>59.99999999999999</gx:fovy>
			<altitudeMode>absolute</altitudeMode>
		</Camera>
		<styleUrl>#__managed_style_0EA237FB1629FD2EAE63</styleUrl>
		<Point>
			<altitudeMode>relativeToGround</altitudeMode>
			<coordinates>104.6091556489848,17.11154972830447,0</coordinates>
		</Point>
	</Placemark>
	<Placemark id="091AFBC80D29F8FA9588">
		<name>RT57-SG - 2033 - 0102 - 22+375</name>
		<Camera>
			<gx:ViewerOptions>
				<gx:option name="streetview"></gx:option>
				<gx:streetViewPanoId>PBIDE4o65h8hdPHTEikx_w</gx:streetViewPanoId>
			</gx:ViewerOptions>
			<longitude>104.6094327821192</longitude>
			<latitude>17.11189669572361</latitude>
			<altitude>160.2613525390625</altitude>
			<heading>95.75310250432476</heading>
			<tilt>75.34785070669086</tilt>
			<roll>0</roll>
			<gx:fovy>60.03888777419536</gx:fovy>
			<altitudeMode>absolute</altitudeMode>
		</Camera>
		<styleUrl>#__managed_style_0EA237FB1629FD2EAE63</styleUrl>
		<Point>
			<altitudeMode>relativeToGround</altitudeMode>
			<coordinates>104.6094667095079,17.11187338097724,0</coordinates>
		</Point>
	</Placemark>
	<Placemark id="08C0E4812D29F8FD10C2">
		<name>RT58-SG - 2033 - 0102 - 22+425</name>
		<Camera>
			<gx:ViewerOptions>
				<gx:option name="streetview"></gx:option>
				<gx:streetViewPanoId>QUpmcpjukq6kJEqa8_qSfw</gx:streetViewPanoId>
			</gx:ViewerOptions>
			<longitude>104.6097589005835</longitude>
			<latitude>17.11222226146334</latitude>
			<altitude>159.9969787597656</altitude>
			<heading>106.7508890253475</heading>
			<tilt>70.88709985929367</tilt>
			<roll>0</roll>
			<gx:fovy>59.99999999999999</gx:fovy>
			<altitudeMode>absolute</altitudeMode>
		</Camera>
		<styleUrl>#__managed_style_0EA237FB1629FD2EAE63</styleUrl>
		<Point>
			<altitudeMode>relativeToGround</altitudeMode>
			<coordinates>104.6097757470652,17.1122056061353,0</coordinates>
		</Point>
	</Placemark>
	<Placemark id="0A016DD37629F8FE08F5">
		<name>RT59-SG - 2033 - 0102 - 22+475</name>
		<Camera>
			<gx:ViewerOptions>
				<gx:option name="streetview"></gx:option>
				<gx:streetViewPanoId>No9i6J3CvQ5XfWmq-EWqUA</gx:streetViewPanoId>
			</gx:ViewerOptions>
			<longitude>104.6100854644166</longitude>
			<latitude>17.11254744203882</latitude>
			<altitude>159.6881713867188</altitude>
			<heading>129.7403143607563</heading>
			<tilt>69.1662751898993</tilt>
			<roll>0</roll>
			<gx:fovy>59.99999997145655</gx:fovy>
			<altitudeMode>absolute</altitudeMode>
		</Camera>
		<styleUrl>#__managed_style_0EA237FB1629FD2EAE63</styleUrl>
		<Point>
			<altitudeMode>relativeToGround</altitudeMode>
			<coordinates>104.6100968955337,17.11253755410829,0</coordinates>
		</Point>
	</Placemark>
	<Placemark id="03A12F370D29F8FEB4C6">
		<name>RT60-SG - 2033 - 0102 - 22+525</name>
		<Camera>
			<gx:ViewerOptions>
				<gx:option name="streetview"></gx:option>
				<gx:streetViewPanoId>1I3PwxzFldsR8BvVc_KlkQ</gx:streetViewPanoId>
			</gx:ViewerOptions>
			<longitude>104.610408827335</longitude>
			<latitude>17.11287988979645</latitude>
			<altitude>159.4434119666304</altitude>
			<heading>153.5986361798419</heading>
			<tilt>73.82940622699653</tilt>
			<roll>0</roll>
			<gx:fovy>59.99999999999999</gx:fovy>
			<altitudeMode>absolute</altitudeMode>
		</Camera>
		<styleUrl>#__managed_style_0EA237FB1629FD2EAE63</styleUrl>
		<Point>
			<altitudeMode>relativeToGround</altitudeMode>
			<coordinates>104.6104174403523,17.11286499244133,0</coordinates>
		</Point>
	</Placemark>
	<Placemark id="03CFEFCC1829F8FF6D74">
		<name>RT61-SG - 2033 - 0102 - 22+575</name>
		<Camera>
			<gx:ViewerOptions>
				<gx:option name="streetview"></gx:option>
				<gx:streetViewPanoId>ykwWY41v8vQ1GUJhu9ziQQ</gx:streetViewPanoId>
			</gx:ViewerOptions>
			<longitude>104.6107400171352</longitude>
			<latitude>17.11321554336989</latitude>
			<altitude>159.4291229248047</altitude>
			<heading>179.0649792512387</heading>
			<tilt>73.19929838283973</tilt>
			<roll>0</roll>
			<gx:fovy>59.99994748092016</gx:fovy>
			<altitudeMode>absolute</altitudeMode>
		</Camera>
		<styleUrl>#__managed_style_0EA237FB1629FD2EAE63</styleUrl>
		<Point>
			<altitudeMode>relativeToGround</altitudeMode>
			<coordinates>104.6107262531512,17.11319628405132,0</coordinates>
		</Point>
	</Placemark>
	<Placemark id="01FCD368BE29F90017A5">
		<name>RT62-SG - 2033 - 0102 - 22+625</name>
		<Camera>
			<gx:ViewerOptions>
				<gx:option name="streetview"></gx:option>
				<gx:streetViewPanoId>3GU6Pm524SSqWszkl06CYw</gx:streetViewPanoId>
			</gx:ViewerOptions>
			<longitude>104.6109997045928</longitude>
			<latitude>17.11348100519607</latitude>
			<altitude>159.5016478238665</altitude>
			<heading>101.2637106772846</heading>
			<tilt>74.95172640644431</tilt>
			<roll>0</roll>
			<gx:fovy>59.99999999999999</gx:fovy>
			<altitudeMode>absolute</altitudeMode>
		</Camera>
		<styleUrl>#__managed_style_0EA237FB1629FD2EAE63</styleUrl>
		<Point>
			<altitudeMode>relativeToGround</altitudeMode>
			<coordinates>104.61101606737,17.11347954493188,0</coordinates>
		</Point>
	</Placemark>
	<Placemark id="04383F2BD129F900A13F">
		<name>RT63-SG - 2033 - 0102 - 22+675</name>
		<Camera>
			<gx:ViewerOptions>
				<gx:option name="streetview"></gx:option>
				<gx:streetViewPanoId>hweofkySY-RLhiy57HFIug</gx:streetViewPanoId>
			</gx:ViewerOptions>
			<longitude>104.6113249370825</longitude>
			<latitude>17.11381428063526</latitude>
			<altitude>159.6795196533203</altitude>
			<heading>86.36535525898798</heading>
			<tilt>72.1585916335532</tilt>
			<roll>0</roll>
			<gx:fovy>59.99999999999999</gx:fovy>
			<altitudeMode>absolute</altitudeMode>
		</Camera>
		<styleUrl>#__managed_style_0EA237FB1629FD2EAE63</styleUrl>
		<Point>
			<altitudeMode>relativeToGround</altitudeMode>
			<coordinates>104.6113719993726,17.11384909585675,0</coordinates>
		</Point>
	</Placemark>
	<Placemark id="02EB7DEF2329F9014B6C">
		<name>RT64-SG - 2033 - 0102 - 22+725</name>
		<Camera>
			<gx:ViewerOptions>
				<gx:option name="streetview"></gx:option>
				<gx:streetViewPanoId>TBa0IgTShc6QA5pCnV68Lg</gx:streetViewPanoId>
			</gx:ViewerOptions>
			<longitude>104.6116563956831</longitude>
			<latitude>17.11414569205698</latitude>
			<altitude>159.9452760750609</altitude>
			<heading>109.7020751631532</heading>
			<tilt>65.30358894223289</tilt>
			<roll>0</roll>
			<gx:fovy>59.99999999906063</gx:fovy>
			<altitudeMode>absolute</altitudeMode>
		</Camera>
		<styleUrl>#__managed_style_0EA237FB1629FD2EAE63</styleUrl>
		<Point>
			<altitudeMode>relativeToGround</altitudeMode>
			<coordinates>104.6116778649987,17.1141595969142,0</coordinates>
		</Point>
	</Placemark>
	<Placemark id="0E11BA1BD029F901E843">
		<name>RT65-SG - 2033 - 0102 - 22+775</name>
		<Camera>
			<gx:ViewerOptions>
				<gx:option name="streetview"></gx:option>
				<gx:streetViewPanoId>CbREgFGQk5_qrycitS6rDQ</gx:streetViewPanoId>
			</gx:ViewerOptions>
			<longitude>104.6119208871837</longitude>
			<latitude>17.1144122943504</latitude>
			<altitude>160.0001373291016</altitude>
			<heading>91.15627830862688</heading>
			<tilt>77.69057246566803</tilt>
			<roll>0</roll>
			<gx:fovy>59.9999999974027</gx:fovy>
			<altitudeMode>absolute</altitudeMode>
		</Camera>
		<styleUrl>#__managed_style_0EA237FB1629FD2EAE63</styleUrl>
		<Point>
			<altitudeMode>relativeToGround</altitudeMode>
			<coordinates>104.6119393336367,17.11442239529227,0</coordinates>
		</Point>
	</Placemark>
	<Placemark id="0BD144D1AC29F902745A">
		<name>RT66-SG - 2033 - 0102 - 22+825</name>
		<Camera>
			<gx:ViewerOptions>
				<gx:option name="streetview"></gx:option>
				<gx:streetViewPanoId>F6eqn3yoracUOWwDZSkeKQ</gx:streetViewPanoId>
			</gx:ViewerOptions>
			<longitude>104.6122539479148</longitude>
			<latitude>17.1147459604941</latitude>
			<altitude>160.1015319824219</altitude>
			<heading>126.6145576080957</heading>
			<tilt>64.75464047587251</tilt>
			<roll>0</roll>
			<gx:fovy>59.99999993417656</gx:fovy>
			<altitudeMode>absolute</altitudeMode>
		</Camera>
		<styleUrl>#__managed_style_0EA237FB1629FD2EAE63</styleUrl>
		<Point>
			<altitudeMode>relativeToGround</altitudeMode>
			<coordinates>104.612269992311,17.1147491163558,0</coordinates>
		</Point>
	</Placemark>
	<Placemark id="000FC7368329F9030DE3">
		<name>RT67-SG - 2033 - 0102 - 22+875</name>
		<Camera>
			<gx:ViewerOptions>
				<gx:option name="streetview"></gx:option>
				<gx:streetViewPanoId>0WFLdiXgd_OK0icqA2Tu_g</gx:streetViewPanoId>
			</gx:ViewerOptions>
			<longitude>104.6125870093765</longitude>
			<latitude>17.11508068070948</latitude>
			<altitude>160.0839924062921</altitude>
			<heading>86.85909533839005</heading>
			<tilt>67.40011592719857</tilt>
			<roll>0</roll>
			<gx:fovy>59.99999999999983</gx:fovy>
			<altitudeMode>absolute</altitudeMode>
		</Camera>
		<styleUrl>#__managed_style_0EA237FB1629FD2EAE63</styleUrl>
		<Point>
			<altitudeMode>relativeToGround</altitudeMode>
			<coordinates>104.6126140939413,17.11509977223522,0</coordinates>
		</Point>
	</Placemark>
	<Placemark id="0FCAB4039429F903CED8">
		<name>RT68-SG - 2033 - 0102 - 22+925</name>
		<Camera>
			<gx:ViewerOptions>
				<gx:option name="streetview"></gx:option>
				<gx:streetViewPanoId>HD0QRFVwUMG_LZHDMHmy_w</gx:streetViewPanoId>
			</gx:ViewerOptions>
			<longitude>104.6128498127285</longitude>
			<latitude>17.11535083361706</latitude>
			<altitude>160.0476684570312</altitude>
			<heading>84.15845031764351</heading>
			<tilt>71.63846959782427</tilt>
			<roll>0</roll>
			<gx:fovy>59.99974375642591</gx:fovy>
			<altitudeMode>absolute</altitudeMode>
		</Camera>
		<styleUrl>#__managed_style_0EA237FB1629FD2EAE63</styleUrl>
		<Point>
			<altitudeMode>relativeToGround</altitudeMode>
			<coordinates>104.6128858279483,17.11537049080369,0</coordinates>
		</Point>
	</Placemark>
	<Placemark id="024E5E46E729F904A273">
		<name>RT69-SG - 2033 - 0102 - 22+975</name>
		<Camera>
			<gx:ViewerOptions>
				<gx:option name="streetview"></gx:option>
				<gx:streetViewPanoId>vDf9KuZsN4KJAd1VsP5OGg</gx:streetViewPanoId>
			</gx:ViewerOptions>
			<longitude>104.6132127577999</longitude>
			<latitude>17.11571474730889</latitude>
			<altitude>159.9143336551948</altitude>
			<heading>177.9777419644516</heading>
			<tilt>71.92992296395465</tilt>
			<roll>0</roll>
			<gx:fovy>59.99999999999999</gx:fovy>
			<altitudeMode>absolute</altitudeMode>
		</Camera>
		<styleUrl>#__managed_style_0EA237FB1629FD2EAE63</styleUrl>
		<Point>
			<altitudeMode>relativeToGround</altitudeMode>
			<coordinates>104.6132082259578,17.11569388452935,0</coordinates>
		</Point>
	</Placemark>
	<Placemark id="05DF78BD8929F9054004">
		<name>RT70-SG - 2033 - 0102 - 23+025</name>
		<Camera>
			<gx:ViewerOptions>
				<gx:option name="streetview"></gx:option>
				<gx:streetViewPanoId>bBsKpZq17Vk8r0jgAkftMw</gx:streetViewPanoId>
			</gx:ViewerOptions>
			<longitude>104.6134738724596</longitude>
			<latitude>17.1159803631279</latitude>
			<altitude>159.2674407958984</altitude>
			<heading>85.10374701030547</heading>
			<tilt>72.67456035076856</tilt>
			<roll>0</roll>
			<gx:fovy>59.99999999999999</gx:fovy>
			<altitudeMode>absolute</altitudeMode>
		</Camera>
		<styleUrl>#__managed_style_0EA237FB1629FD2EAE63</styleUrl>
		<Point>
			<altitudeMode>relativeToGround</altitudeMode>
			<coordinates>104.6134909603495,17.11598642800086,0</coordinates>
		</Point>
	</Placemark>
	<Placemark id="0952CB539C29F905C85A">
		<name>RT71-SG - 2033 - 0102 - 23+075</name>
		<Camera>
			<gx:ViewerOptions>
				<gx:option name="streetview"></gx:option>
				<gx:streetViewPanoId>cpO7osH8hk06-Kwk3bz7Aw</gx:streetViewPanoId>
			</gx:ViewerOptions>
			<longitude>104.6138120948731</longitude>
			<latitude>17.11631944915648</latitude>
			<altitude>158.8155784800684</altitude>
			<heading>126.4777209409877</heading>
			<tilt>60.00675944357243</tilt>
			<roll>0</roll>
			<gx:fovy>59.99999999999999</gx:fovy>
			<altitudeMode>absolute</altitudeMode>
		</Camera>
		<styleUrl>#__managed_style_0EA237FB1629FD2EAE63</styleUrl>
		<Point>
			<altitudeMode>relativeToGround</altitudeMode>
			<coordinates>104.613816414896,17.11631586475386,0</coordinates>
		</Point>
	</Placemark>
	<Placemark id="0F3B8676A829F9071E00">
		<name>RT72-SG - 2033 - 0102 - 23+125</name>
		<Camera>
			<gx:ViewerOptions>
				<gx:option name="streetview"></gx:option>
				<gx:streetViewPanoId>-SlFyNUgec1zj-VRVehRhg</gx:streetViewPanoId>
			</gx:ViewerOptions>
			<longitude>104.6140888632892</longitude>
			<latitude>17.11661547805868</latitude>
			<altitude>159.0428009033203</altitude>
			<heading>83.14114628721039</heading>
			<tilt>75.19484614573149</tilt>
			<roll>0</roll>
			<gx:fovy>59.99999999999999</gx:fovy>
			<altitudeMode>absolute</altitudeMode>
		</Camera>
		<styleUrl>#__managed_style_0EA237FB1629FD2EAE63</styleUrl>
		<Point>
			<altitudeMode>relativeToGround</altitudeMode>
			<coordinates>104.6141941691722,17.11668765686797,0</coordinates>
		</Point>
	</Placemark>
	<Placemark id="0B55EEC5D529F907A728">
		<name>RT73-SG - 2033 - 0102 - 23+175</name>
		<Camera>
			<gx:ViewerOptions>
				<gx:option name="streetview"></gx:option>
				<gx:streetViewPanoId>_Y2QGqo9hXF0088LfLjn5Q</gx:streetViewPanoId>
			</gx:ViewerOptions>
			<longitude>104.6143972934661</longitude>
			<latitude>17.11695718713938</latitude>
			<altitude>158.9511189166039</altitude>
			<heading>117.6021872874898</heading>
			<tilt>76.41239311559593</tilt>
			<roll>0</roll>
			<gx:fovy>59.9999919631282</gx:fovy>
			<altitudeMode>absolute</altitudeMode>
		</Camera>
		<styleUrl>#__managed_style_0EA237FB1629FD2EAE63</styleUrl>
		<Point>
			<altitudeMode>relativeToGround</altitudeMode>
			<coordinates>104.6144337277774,17.11694356570218,0</coordinates>
		</Point>
	</Placemark>
	<Placemark id="07AA3B79B929F908301C">
		<name>RT74-SG - 2033 - 0102 - 23+225</name>
		<Camera>
			<gx:ViewerOptions>
				<gx:option name="streetview"></gx:option>
				<gx:streetViewPanoId>-iSfiEtBrvR8k_-3DddrkQ</gx:streetViewPanoId>
			</gx:ViewerOptions>
			<longitude>104.6147780295082</longitude>
			<latitude>17.11736612403726</latitude>
			<altitude>159.3242469188512</altitude>
			<heading>147.9577578993231</heading>
			<tilt>78.55247046681806</tilt>
			<roll>0</roll>
			<gx:fovy>59.99999999482007</gx:fovy>
			<altitudeMode>absolute</altitudeMode>
		</Camera>
		<styleUrl>#__managed_style_0EA237FB1629FD2EAE63</styleUrl>
		<Point>
			<altitudeMode>relativeToGround</altitudeMode>
			<coordinates>104.6148039907602,17.11734267029636,0</coordinates>
		</Point>
	</Placemark>
	<Placemark id="0DD574946329F90A41CB">
		<name>RT75-SG - 2033 - 0102 - 25+560</name>
		<Camera>
			<gx:ViewerOptions>
				<gx:option name="streetview"></gx:option>
				<gx:streetViewPanoId>wlPiXYPkwwB_dfp8HTxmgw</gx:streetViewPanoId>
			</gx:ViewerOptions>
			<longitude>104.626685116865</longitude>
			<latitude>17.13417579064222</latitude>
			<altitude>161.1347386334467</altitude>
			<heading>80.99815358544588</heading>
			<tilt>89.92975975995715</tilt>
			<roll>0</roll>
			<gx:fovy>79.86650243979355</gx:fovy>
			<altitudeMode>absolute</altitudeMode>
		</Camera>
		<styleUrl>#__managed_style_0EA237FB1629FD2EAE63</styleUrl>
		<Point>
			<altitudeMode>relativeToGround</altitudeMode>
			<coordinates>104.626701044842,17.13417911307829,0</coordinates>
		</Point>
	</Placemark>
	<Placemark id="0F2C9D199F29F90BB27C">
		<name>RT76-SG - 2033 - 0102 - 25+600</name>
		<Camera>
			<gx:ViewerOptions>
				<gx:option name="streetview"></gx:option>
				<gx:streetViewPanoId>QB9bhnhuhnHszNvX-dw4KQ</gx:streetViewPanoId>
			</gx:ViewerOptions>
			<longitude>104.6270226571353</longitude>
			<latitude>17.13449915497531</latitude>
			<altitude>161.3499603271484</altitude>
			<heading>163.0188262302817</heading>
			<tilt>74.62306060844925</tilt>
			<roll>0</roll>
			<gx:fovy>90</gx:fovy>
			<altitudeMode>absolute</altitudeMode>
		</Camera>
		<styleUrl>#__managed_style_0EA237FB1629FD2EAE63</styleUrl>
		<Point>
			<altitudeMode>relativeToGround</altitudeMode>
			<coordinates>104.6270225173953,17.1344936788299,0</coordinates>
		</Point>
	</Placemark>
	<Placemark id="056E7AC1A229F90C9DA7">
		<name>RT77-SG - 2033 - 0102 - 25+650</name>
		<Camera>
			<gx:ViewerOptions>
				<gx:option name="streetview"></gx:option>
				<gx:streetViewPanoId>xuF6_dXmocxyKe9vSNqziQ</gx:streetViewPanoId>
			</gx:ViewerOptions>
			<longitude>104.6272934014402</longitude>
			<latitude>17.13475770553514</latitude>
			<altitude>161.4794158935547</altitude>
			<heading>119.8373320827287</heading>
			<tilt>66.97644000622849</tilt>
			<roll>0</roll>
			<gx:fovy>59.99999999999999</gx:fovy>
			<altitudeMode>absolute</altitudeMode>
		</Camera>
		<styleUrl>#__managed_style_0EA237FB1629FD2EAE63</styleUrl>
		<Point>
			<altitudeMode>relativeToGround</altitudeMode>
			<coordinates>104.6272984911252,17.13475315850204,0</coordinates>
		</Point>
	</Placemark>
	<Placemark id="05773C552029F90D2076">
		<name>RT78-SG - 2033 - 0102 - 25+700</name>
		<Camera>
			<gx:ViewerOptions>
				<gx:option name="streetview"></gx:option>
				<gx:streetViewPanoId>T6V5EmjYUj3pA6poFvQlfw</gx:streetViewPanoId>
			</gx:ViewerOptions>
			<longitude>104.6276331666569</longitude>
			<latitude>17.13508037719226</latitude>
			<altitude>161.7144317626953</altitude>
			<heading>174.6554143085842</heading>
			<tilt>69.41537296808545</tilt>
			<roll>0</roll>
			<gx:fovy>59.99963166570605</gx:fovy>
			<altitudeMode>absolute</altitudeMode>
		</Camera>
		<styleUrl>#__managed_style_0EA237FB1629FD2EAE63</styleUrl>
		<Point>
			<altitudeMode>relativeToGround</altitudeMode>
			<coordinates>104.6276331666569,17.13508037719226,0</coordinates>
		</Point>
	</Placemark>
	<Placemark id="01EBA56B7529F90E6F00">
		<name>RT79SG - 2033 - 0102 - 28+040</name>
		<Camera>
			<gx:ViewerOptions>
				<gx:option name="streetview"></gx:option>
				<gx:streetViewPanoId>HYkx2D0kIhZZpE5yl4jMkA</gx:streetViewPanoId>
			</gx:ViewerOptions>
			<longitude>104.6424219600856</longitude>
			<latitude>17.15054533921822</latitude>
			<altitude>162.6559906005859</altitude>
			<heading>124.2112751126846</heading>
			<tilt>62.83439552548935</tilt>
			<roll>0</roll>
			<gx:fovy>59.99999999999999</gx:fovy>
			<altitudeMode>absolute</altitudeMode>
		</Camera>
		<styleUrl>#__managed_style_0EA237FB1629FD2EAE63</styleUrl>
		<Point>
			<altitudeMode>relativeToGround</altitudeMode>
			<coordinates>104.6424720637126,17.15057646349393,0</coordinates>
		</Point>
	</Placemark>
	<Placemark id="0B3E2109EC29F9109F6C">
		<name>RT80-SG - 2033 - 0102 - 28+085</name>
		<Camera>
			<gx:ViewerOptions>
				<gx:option name="streetview"></gx:option>
				<gx:streetViewPanoId>TrfJUIRJK9cb-rxby4TQQA</gx:streetViewPanoId>
			</gx:ViewerOptions>
			<longitude>104.6426298422429</longitude>
			<latitude>17.1508528849675</latitude>
			<altitude>162.610107421875</altitude>
			<heading>67.22660457786525</heading>
			<tilt>66.17331569859576</tilt>
			<roll>0</roll>
			<gx:fovy>59.99999999999999</gx:fovy>
			<altitudeMode>absolute</altitudeMode>
		</Camera>
		<styleUrl>#__managed_style_0EA237FB1629FD2EAE63</styleUrl>
		<Point>
			<altitudeMode>relativeToGround</altitudeMode>
			<coordinates>104.6427017154582,17.15091648595162,0</coordinates>
		</Point>
	</Placemark>
	<Placemark id="016C5149F929FCE29B54">
		<name>RT81-SG - 2033 - 0102 - 28+130</name>
		<Camera>
			<gx:ViewerOptions>
				<gx:option name="streetview"></gx:option>
				<gx:streetViewPanoId>fckaZp4hqrDOvFLQRT4DKw</gx:streetViewPanoId>
			</gx:ViewerOptions>
			<longitude>104.6428940317862</longitude>
			<latitude>17.15123849216396</latitude>
			<altitude>162.539376522775</altitude>
			<heading>127.8778808606088</heading>
			<tilt>70.88932897525328</tilt>
			<roll>0</roll>
			<gx:fovy>59.99999999999999</gx:fovy>
			<altitudeMode>absolute</altitudeMode>
		</Camera>
		<styleUrl>#__managed_style_0EA237FB1629FD2EAE63</styleUrl>
		<Point>
			<altitudeMode>relativeToGround</altitudeMode>
			<coordinates>104.6429283452057,17.1512540121247,0</coordinates>
		</Point>
	</Placemark>
	<Placemark id="08B5AF9D5929FCE48FBA">
		<name>RT82-SG - 2033 - 0102 - 28+175</name>
		<Camera>
			<gx:ViewerOptions>
				<gx:option name="streetview"></gx:option>
				<gx:streetViewPanoId>DdRtDqQykorUKK_QSZOETg</gx:streetViewPanoId>
			</gx:ViewerOptions>
			<longitude>104.6431036046924</longitude>
			<latitude>17.15154758334805</latitude>
			<altitude>162.5048522949219</altitude>
			<heading>77.77540950841427</heading>
			<tilt>69.66946766405265</tilt>
			<roll>0</roll>
			<gx:fovy>59.99999999999999</gx:fovy>
			<altitudeMode>absolute</altitudeMode>
		</Camera>
		<styleUrl>#__managed_style_0EA237FB1629FD2EAE63</styleUrl>
		<Point>
			<coordinates>104.6431678193257,17.15159870462658,160.9435449521438</coordinates>
		</Point>
	</Placemark>
	<Placemark id="0D9E5086A229FCE58E24">
		<name>RT83-SG - 2033 - 0102 - 28+220</name>
		<Camera>
			<gx:ViewerOptions>
				<gx:option name="streetview"></gx:option>
				<gx:streetViewPanoId>Nkd6gpj27aKmgNV8o5ZCGA</gx:streetViewPanoId>
			</gx:ViewerOptions>
			<longitude>104.6433636142632</longitude>
			<latitude>17.15193604727853</latitude>
			<altitude>162.4289026635633</altitude>
			<heading>168.6431319782366</heading>
			<tilt>67.25812485401623</tilt>
			<roll>0</roll>
			<gx:fovy>59.99999999952868</gx:fovy>
			<altitudeMode>absolute</altitudeMode>
		</Camera>
		<styleUrl>#__managed_style_0EA237FB1629FD2EAE63</styleUrl>
		<Point>
			<altitudeMode>relativeToGround</altitudeMode>
			<coordinates>104.6433769013985,17.15191371103919,0</coordinates>
		</Point>
	</Placemark>
	<Placemark id="0EF753A5E629FCE6F6F3">
		<name>RT84-SG - 2033 - 0102 - 28+265</name>
		<Camera>
			<gx:ViewerOptions>
				<gx:option name="streetview"></gx:option>
				<gx:streetViewPanoId>VI1R3E0FjKBIiugWwAEODA</gx:streetViewPanoId>
			</gx:ViewerOptions>
			<longitude>104.6436117045465</longitude>
			<latitude>17.15237673512732</latitude>
			<altitude>162.4215698242188</altitude>
			<heading>106.0926840919645</heading>
			<tilt>79.580690060431</tilt>
			<roll>0</roll>
			<gx:fovy>34.50247558432078</gx:fovy>
			<altitudeMode>absolute</altitudeMode>
		</Camera>
		<styleUrl>#__managed_style_0EA237FB1629FD2EAE63</styleUrl>
		<Point>
			<altitudeMode>relativeToGround</altitudeMode>
			<coordinates>104.643708188881,17.15239838145576,0</coordinates>
		</Point>
	</Placemark>
	<Placemark id="0A01E14D2729FCE793B2">
		<name>RT85-SG - 2033 - 0102 - 28+310</name>
		<LookAt>
			<longitude>104.6439318243739</longitude>
			<latitude>17.15266192770332</latitude>
			<altitude>159.8018293856078</altitude>
			<heading>106.0926840964647</heading>
			<tilt>0</tilt>
			<gx:fovy>35</gx:fovy>
			<range>115.6384435865403</range>
			<altitudeMode>absolute</altitudeMode>
		</LookAt>
		<styleUrl>#__managed_style_0EA237FB1629FD2EAE63</styleUrl>
		<Point>
			<coordinates>104.6439404423727,17.15273566164447,159.9216099245468</coordinates>
		</Point>
	</Placemark>
	<Placemark id="0875B0CE0E29FCE82B6D">
		<name>RT86-SG - 2033 - 0102 - 28+355</name>
		<Camera>
			<gx:ViewerOptions>
				<gx:option name="streetview"></gx:option>
				<gx:streetViewPanoId>OFFLm1ueY-yKvdr4R_TziA</gx:streetViewPanoId>
			</gx:ViewerOptions>
			<longitude>104.6441503171477</longitude>
			<latitude>17.15309874708465</latitude>
			<altitude>162.2195617576674</altitude>
			<heading>129.7048955669335</heading>
			<tilt>67.4072187815664</tilt>
			<roll>0</roll>
			<gx:fovy>59.99999999999962</gx:fovy>
			<altitudeMode>absolute</altitudeMode>
		</Camera>
		<styleUrl>#__managed_style_0EA237FB1629FD2EAE63</styleUrl>
		<Point>
			<altitudeMode>relativeToGround</altitudeMode>
			<coordinates>104.64416020346,17.15305966032549,0</coordinates>
		</Point>
	</Placemark>
	<Placemark id="0916CF72D929FCE8E70B">
		<name>RT87-SG - 2033 - 0102 - 28+400</name>
		<LookAt>
			<longitude>104.6443370817097</longitude>
			<latitude>17.15329149372698</latitude>
			<altitude>159.7094764542579</altitude>
			<heading>129.7048955714705</heading>
			<tilt>0</tilt>
			<gx:fovy>35</gx:fovy>
			<range>100.3803981520105</range>
			<altitudeMode>absolute</altitudeMode>
		</LookAt>
		<styleUrl>#__managed_style_0EA237FB1629FD2EAE63</styleUrl>
		<Point>
			<coordinates>104.6444082230933,17.1534132539503,160.1549147657638</coordinates>
		</Point>
	</Placemark>
	<Placemark id="0E8C9601D129FCE98CE4">
		<name>RT88-SG - 2033 - 0102 - 28+445</name>
		<LookAt>
			<longitude>104.6445204755392</longitude>
			<latitude>17.15361693663055</latitude>
			<altitude>160.4807811093671</altitude>
			<heading>129.7048955740507</heading>
			<tilt>0</tilt>
			<gx:fovy>35</gx:fovy>
			<range>61.21518047386417</range>
			<altitudeMode>absolute</altitudeMode>
		</LookAt>
		<styleUrl>#__managed_style_0EA237FB1629FD2EAE63</styleUrl>
		<Point>
			<coordinates>104.6446555646436,17.15377605061263,160.3514141392245</coordinates>
		</Point>
	</Placemark>
	<Placemark id="0CFC2DAF7529FCEA4342">
		<name>RT89-SG - 2033 - 0102 - 28+490</name>
		<Camera>
			<gx:ViewerOptions>
				<gx:option name="streetview"></gx:option>
				<gx:streetViewPanoId>S6PgvBqIWrPRbT1cVkqcGg</gx:streetViewPanoId>
			</gx:ViewerOptions>
			<longitude>104.6448410427785</longitude>
			<latitude>17.15408994029589</latitude>
			<altitude>162.2422943115234</altitude>
			<heading>106.0036309125924</heading>
			<tilt>73.29419262807643</tilt>
			<roll>0</roll>
			<gx:fovy>60.00000043143281</gx:fovy>
			<altitudeMode>absolute</altitudeMode>
		</Camera>
		<styleUrl>#__managed_style_0EA237FB1629FD2EAE63</styleUrl>
		<Point>
			<coordinates>104.6448975718366,17.15414336473999,157.4152519655331</coordinates>
		</Point>
	</Placemark>
	<Placemark id="0C4EACF5DB29FCEAE20D">
		<name>RT90-SG - 2033 - 0102 - 28+535</name>
		<Camera>
			<gx:ViewerOptions>
				<gx:option name="streetview"></gx:option>
				<gx:streetViewPanoId>H0hesck5-e1dNjrmVza5bQ</gx:streetViewPanoId>
			</gx:ViewerOptions>
			<longitude>104.6450523084868</longitude>
			<latitude>17.15439802505386</latitude>
			<altitude>162.1500091552734</altitude>
			<heading>69.30099737435297</heading>
			<tilt>71.31301922360032</tilt>
			<roll>0</roll>
			<gx:fovy>59.99999997979138</gx:fovy>
			<altitudeMode>absolute</altitudeMode>
		</Camera>
		<styleUrl>#__managed_style_0EA237FB1629FD2EAE63</styleUrl>
		<Point>
			<coordinates>104.645104909822,17.15444187236386,157.4592168940806</coordinates>
		</Point>
	</Placemark>
	<Placemark id="08FBDDFB7229FCEB72D4">
		<name>RT91-SG - 2033 - 0102 - 28+580</name>
		<Camera>
			<gx:ViewerOptions>
				<gx:option name="streetview"></gx:option>
				<gx:streetViewPanoId>d1qMxf3ZgKGZFMSOAUQShw</gx:streetViewPanoId>
			</gx:ViewerOptions>
			<longitude>104.645283767085</longitude>
			<latitude>17.15478366496221</latitude>
			<altitude>161.9011993408203</altitude>
			<heading>134.7290289478134</heading>
			<tilt>73.87224377382699</tilt>
			<roll>0</roll>
			<gx:fovy>59.99999999999999</gx:fovy>
			<altitudeMode>absolute</altitudeMode>
		</Camera>
		<styleUrl>#__managed_style_0EA237FB1629FD2EAE63</styleUrl>
		<Point>
			<coordinates>104.6453239029166,17.15476104708689,158.6379260322659</coordinates>
		</Point>
	</Placemark>
	<Placemark id="0EAE09A04029FCEC3629">
		<name>RT92-SG - 2033 - 0102 - 28+625</name>
		<Camera>
			<gx:ViewerOptions>
				<gx:option name="streetview"></gx:option>
				<gx:streetViewPanoId>030weuNWERbyt4IV4t6iig</gx:streetViewPanoId>
			</gx:ViewerOptions>
			<longitude>104.6455217196994</longitude>
			<latitude>17.1550925971525</latitude>
			<altitude>161.8401336675338</altitude>
			<heading>113.5996317559048</heading>
			<tilt>71.90026472688348</tilt>
			<roll>0</roll>
			<gx:fovy>59.99999999999999</gx:fovy>
			<altitudeMode>absolute</altitudeMode>
		</Camera>
		<styleUrl>#__managed_style_0EA237FB1629FD2EAE63</styleUrl>
		<Point>
			<altitudeMode>relativeToGround</altitudeMode>
			<coordinates>104.6455443525276,17.1550865239858,0</coordinates>
		</Point>
	</Placemark>
	<Placemark id="04B5699FC929FCECDDDE">
		<name>RT93-SG - 2033 - 0102 - 28+670</name>
		<Camera>
			<gx:ViewerOptions>
				<gx:option name="streetview"></gx:option>
				<gx:streetViewPanoId>4XokyeKGgH-2oa4R2bTTJQ</gx:streetViewPanoId>
			</gx:ViewerOptions>
			<longitude>104.6457400137515</longitude>
			<latitude>17.15538978843993</latitude>
			<altitude>162.0516713228618</altitude>
			<heading>77.67385190725282</heading>
			<tilt>74.86846699800064</tilt>
			<roll>0</roll>
			<gx:fovy>59.99999999999999</gx:fovy>
			<altitudeMode>absolute</altitudeMode>
		</Camera>
		<styleUrl>#__managed_style_0EA237FB1629FD2EAE63</styleUrl>
		<Point>
			<altitudeMode>relativeToGround</altitudeMode>
			<coordinates>104.6457616738407,17.15537691801143,0</coordinates>
		</Point>
	</Placemark>
	<Placemark id="046098586B29FCEDF56A">
		<name>RT94-SG - 2033 - 0102 - 28+715</name>
		<Camera>
			<gx:ViewerOptions>
				<gx:option name="streetview"></gx:option>
				<gx:streetViewPanoId>pYzZmmhm9Ri6LzxZBWL4kQ</gx:streetViewPanoId>
			</gx:ViewerOptions>
			<longitude>104.6460025185446</longitude>
			<latitude>17.15577155805145</latitude>
			<altitude>161.9690246582031</altitude>
			<heading>105.2822799489978</heading>
			<tilt>67.5298582880889</tilt>
			<roll>0</roll>
			<gx:fovy>59.99999999999997</gx:fovy>
			<altitudeMode>absolute</altitudeMode>
		</Camera>
		<styleUrl>#__managed_style_0EA237FB1629FD2EAE63</styleUrl>
		<Point>
			<altitudeMode>relativeToGround</altitudeMode>
			<coordinates>104.6460341734927,17.15578739822108,0</coordinates>
		</Point>
	</Placemark>
	<Placemark id="0982DF07EC29FCEE90DF">
		<name>RT95-SG - 2033 - 0102 - 28+760</name>
		<Camera>
			<gx:ViewerOptions>
				<gx:option name="streetview"></gx:option>
				<gx:streetViewPanoId>okwAx7byUQjYLHM0paQrtg</gx:streetViewPanoId>
			</gx:ViewerOptions>
			<longitude>104.6462132521331</longitude>
			<latitude>17.1560743171524</latitude>
			<altitude>161.8851470947266</altitude>
			<heading>86.41003052565357</heading>
			<tilt>84.26578917743684</tilt>
			<roll>0</roll>
			<gx:fovy>59.99999999999999</gx:fovy>
			<altitudeMode>absolute</altitudeMode>
		</Camera>
		<styleUrl>#__managed_style_0EA237FB1629FD2EAE63</styleUrl>
		<Point>
			<coordinates>104.6462638603853,17.15612478581845,159.0810896140186</coordinates>
		</Point>
	</Placemark>
	<Placemark id="05237B355229FCEF3158">
		<name>RT96-SG - 2033 - 0102 - 28+805</name>
		<Camera>
			<gx:ViewerOptions>
				<gx:option name="streetview"></gx:option>
				<gx:streetViewPanoId>L68WqtUE0R6WlDYd0n_hqw</gx:streetViewPanoId>
			</gx:ViewerOptions>
			<longitude>104.6464825183113</longitude>
			<latitude>17.15645110384094</latitude>
			<altitude>161.8067281317722</altitude>
			<heading>148.8955629708888</heading>
			<tilt>62.09252812175157</tilt>
			<roll>0</roll>
			<gx:fovy>59.99999990764175</gx:fovy>
			<altitudeMode>absolute</altitudeMode>
		</Camera>
		<styleUrl>#__managed_style_0EA237FB1629FD2EAE63</styleUrl>
		<Point>
			<coordinates>104.6464914690334,17.15644638776853,160.0463312159658</coordinates>
		</Point>
	</Placemark>
	<Placemark id="03B8C6DBD329FCF013CB">
		<name>RT97-SG - 2033 - 0102 - 28+850</name>
		<Camera>
			<gx:ViewerOptions>
				<gx:option name="streetview"></gx:option>
				<gx:streetViewPanoId>o7bYUU-ZmzNBEyTkKuyzwA</gx:streetViewPanoId>
			</gx:ViewerOptions>
			<longitude>104.6466918292825</longitude>
			<latitude>17.15675739608885</latitude>
			<altitude>161.8273468017578</altitude>
			<heading>76.4202870175572</heading>
			<tilt>78.93858511030652</tilt>
			<roll>0</roll>
			<gx:fovy>59.99999999999999</gx:fovy>
			<altitudeMode>absolute</altitudeMode>
		</Camera>
		<styleUrl>#__managed_style_0EA237FB1629FD2EAE63</styleUrl>
		<Point>
			<coordinates>104.6467316506959,17.15680819088073,159.7997609958382</coordinates>
		</Point>
	</Placemark>
	<Placemark id="0190BF371D29FCF15A9C">
		<name>กม.30</name>
		<Camera>
			<gx:ViewerOptions>
				<gx:option name="streetview"></gx:option>
				<gx:streetViewPanoId>silEl3JkMAAtkbECCcfVqg</gx:streetViewPanoId>
			</gx:ViewerOptions>
			<longitude>104.6526096753828</longitude>
			<latitude>17.16515771412385</latitude>
			<altitude>160.9962921142578</altitude>
			<heading>92.6784811322046</heading>
			<tilt>56.42574158660523</tilt>
			<roll>0</roll>
			<gx:fovy>59.99999999942313</gx:fovy>
			<altitudeMode>absolute</altitudeMode>
		</Camera>
		<styleUrl>#__managed_style_0EA237FB1629FD2EAE63</styleUrl>
		<Point>
			<altitudeMode>relativeToGround</altitudeMode>
			<coordinates>104.6526096753828,17.16515771412385,0</coordinates>
		</Point>
	</Placemark>
	<Placemark id="05A70774C229FCF34BF6">
		<name>RT98-SG - 2033 - 0102 - 30+920</name>
		<Camera>
			<gx:ViewerOptions>
				<gx:option name="streetview"></gx:option>
				<gx:streetViewPanoId>LdGXhduvvreav4taUns1kQ</gx:streetViewPanoId>
			</gx:ViewerOptions>
			<longitude>104.6575663426386</longitude>
			<latitude>17.17201713073726</latitude>
			<altitude>163.3884735107422</altitude>
			<heading>120.0216375711356</heading>
			<tilt>70.45108324735884</tilt>
			<roll>0</roll>
			<gx:fovy>59.99999999999999</gx:fovy>
			<altitudeMode>absolute</altitudeMode>
		</Camera>
		<styleUrl>#__managed_style_0EA237FB1629FD2EAE63</styleUrl>
		<Point>
			<altitudeMode>relativeToGround</altitudeMode>
			<coordinates>104.6575772196064,17.17200993018784,0</coordinates>
		</Point>
	</Placemark>
	<Placemark id="038A87657729FCF42C60">
		<name>กม.31</name>
		<Camera>
			<gx:ViewerOptions>
				<gx:option name="streetview"></gx:option>
				<gx:streetViewPanoId>N6BLNAo_PPaKeyhEsunwAA</gx:streetViewPanoId>
			</gx:ViewerOptions>
			<longitude>104.657879486858</longitude>
			<latitude>17.17267870482285</latitude>
			<altitude>163.3137664794922</altitude>
			<heading>140.5127946837211</heading>
			<tilt>75.51043100364247</tilt>
			<roll>0</roll>
			<gx:fovy>59.99999999999999</gx:fovy>
			<altitudeMode>absolute</altitudeMode>
		</Camera>
		<styleUrl>#__managed_style_0EA237FB1629FD2EAE63</styleUrl>
		<Point>
			<altitudeMode>relativeToGround</altitudeMode>
			<coordinates>104.6578728863914,17.1726562885703,0</coordinates>
		</Point>
	</Placemark>
	<Placemark id="0E7150EF4929FCF5D8FD">
		<name>RT99-SG - 2033 - 0102 - 31+010</name>
		<Camera>
			<gx:ViewerOptions>
				<gx:option name="streetview"></gx:option>
				<gx:streetViewPanoId>1Oe4N0TbJq7mgqjSAwXxHA</gx:streetViewPanoId>
			</gx:ViewerOptions>
			<longitude>104.6579193416228</longitude>
			<latitude>17.17276492105417</latitude>
			<altitude>163.3525390625</altitude>
			<heading>126.0744257052095</heading>
			<tilt>86.55649649671518</tilt>
			<roll>0</roll>
			<gx:fovy>59.99999999999999</gx:fovy>
			<altitudeMode>absolute</altitudeMode>
		</Camera>
		<styleUrl>#__managed_style_0EA237FB1629FD2EAE63</styleUrl>
		<Point>
			<altitudeMode>relativeToGround</altitudeMode>
			<coordinates>104.6579643922986,17.17272304612051,0</coordinates>
		</Point>
	</Placemark>
	<Placemark id="0D33CDBA3B29FCF65BA3">
		<name>RT100-SG - 2033 - 0102 - 31+055</name>
		<LookAt>
			<longitude>104.6580881393098</longitude>
			<latitude>17.17296974993316</latitude>
			<altitude>166.0742578162507</altitude>
			<heading>121.0671198307738</heading>
			<tilt>0</tilt>
			<gx:fovy>35</gx:fovy>
			<range>65.94472607202079</range>
			<altitudeMode>absolute</altitudeMode>
		</LookAt>
		<styleUrl>#__managed_style_0EA237FB1629FD2EAE63</styleUrl>
		<Point>
			<coordinates>104.6581364192135,17.17308345976771,166.0379292347646</coordinates>
		</Point>
	</Placemark>
	<Placemark id="005CDFC8EB29FCF70A03">
		<name>LT77-SG - 2033 - 0102 - 31+100</name>
		<Camera>
			<gx:ViewerOptions>
				<gx:option name="streetview"></gx:option>
				<gx:streetViewPanoId>8XMagJXdEgMW7b5UWnVmyQ</gx:streetViewPanoId>
			</gx:ViewerOptions>
			<longitude>104.6582666478706</longitude>
			<latitude>17.1734762024006</latitude>
			<altitude>164.0098391064994</altitude>
			<heading>300.4455389188132</heading>
			<tilt>69.98382581532287</tilt>
			<roll>0</roll>
			<gx:fovy>59.99999999999999</gx:fovy>
			<altitudeMode>absolute</altitudeMode>
		</Camera>
		<styleUrl>#__managed_style_0EA237FB1629FD2EAE63</styleUrl>
		<Point>
			<altitudeMode>relativeToGround</altitudeMode>
			<coordinates>104.6582292141958,17.17349842350171,0</coordinates>
		</Point>
	</Placemark>
	<Placemark id="0E7355710C29FCF858C3">
		<name>LT78-SG - 2033 - 0102 - 31+145</name>
		<Camera>
			<gx:ViewerOptions>
				<gx:option name="streetview"></gx:option>
				<gx:streetViewPanoId>obs-UElNyxt6nCfJP6_tFQ</gx:streetViewPanoId>
			</gx:ViewerOptions>
			<longitude>104.6585297079693</longitude>
			<latitude>17.17385703089532</latitude>
			<altitude>164.0911254882812</altitude>
			<heading>255.2037244571073</heading>
			<tilt>81.83437150263555</tilt>
			<roll>0</roll>
			<gx:fovy>59.99999999999999</gx:fovy>
			<altitudeMode>absolute</altitudeMode>
		</Camera>
		<styleUrl>#__managed_style_0EA237FB1629FD2EAE63</styleUrl>
		<Point>
			<altitudeMode>relativeToGround</altitudeMode>
			<coordinates>104.6584520730585,17.17384997621707,0</coordinates>
		</Point>
	</Placemark>
	<Placemark id="0A2886C12229FCFA84A7">
		<name>LT79-SG - 2033 - 0102 - 31+230</name>
		<Camera>
			<gx:ViewerOptions>
				<gx:option name="streetview"></gx:option>
				<gx:streetViewPanoId>ewdR4dTrSvDz24JLQ5Ezhg</gx:streetViewPanoId>
			</gx:ViewerOptions>
			<longitude>104.6589898195855</longitude>
			<latitude>17.17444489161254</latitude>
			<altitude>164.2587738037109</altitude>
			<heading>344.9221136797496</heading>
			<tilt>65.68160047778053</tilt>
			<roll>0</roll>
			<gx:fovy>59.99999999999366</gx:fovy>
			<altitudeMode>absolute</altitudeMode>
		</Camera>
		<styleUrl>#__managed_style_0EA237FB1629FD2EAE63</styleUrl>
		<Point>
			<altitudeMode>relativeToGround</altitudeMode>
			<coordinates>104.6589769117658,17.17450345144179,0</coordinates>
		</Point>
	</Placemark>
	<Placemark id="04CB94875E29FCFB7B3F">
		<name>LT80-SG - 2033 - 0102 - 31+275</name>
		<Camera>
			<gx:ViewerOptions>
				<gx:option name="streetview"></gx:option>
				<gx:streetViewPanoId>pfQx76_z6iuuHMr53rr5zQ</gx:streetViewPanoId>
			</gx:ViewerOptions>
			<longitude>104.659275299434</longitude>
			<latitude>17.17481456824733</latitude>
			<altitude>164.2914428710938</altitude>
			<heading>264.773647421212</heading>
			<tilt>68.51457632489648</tilt>
			<roll>0</roll>
			<gx:fovy>59.99999999999999</gx:fovy>
			<altitudeMode>absolute</altitudeMode>
		</Camera>
		<styleUrl>#__managed_style_0EA237FB1629FD2EAE63</styleUrl>
		<Point>
			<altitudeMode>relativeToGround</altitudeMode>
			<coordinates>104.6592175117828,17.17481542189298,0</coordinates>
		</Point>
	</Placemark>
	<Placemark id="04A0FA9DD929FD02B260">
		<name>LT81-SG - 2033 - 0102 - 31+320</name>
		<Camera>
			<gx:ViewerOptions>
				<gx:option name="streetview"></gx:option>
				<gx:streetViewPanoId>qU6xxE3xEITCu5kw9ChN7A</gx:streetViewPanoId>
			</gx:ViewerOptions>
			<longitude>104.6594940579586</longitude>
			<latitude>17.17511944283821</latitude>
			<altitude>164.3421783447266</altitude>
			<heading>310.9409695105746</heading>
			<tilt>54.72424642247229</tilt>
			<roll>0</roll>
			<gx:fovy>59.99999999999999</gx:fovy>
			<altitudeMode>absolute</altitudeMode>
		</Camera>
		<styleUrl>#__managed_style_0EA237FB1629FD2EAE63</styleUrl>
		<Point>
			<altitudeMode>relativeToGround</altitudeMode>
			<coordinates>104.6594689156748,17.17515267402327,0</coordinates>
		</Point>
	</Placemark>
	<Placemark id="00FEE842AF29FD036812">
		<name>LT82-SG - 2033 - 0102 - 31+365</name>
		<Camera>
			<gx:ViewerOptions>
				<gx:option name="streetview"></gx:option>
				<gx:streetViewPanoId>ODqy9u9YqdSova18FMphPg</gx:streetViewPanoId>
			</gx:ViewerOptions>
			<longitude>104.659701607511</longitude>
			<latitude>17.17543059580386</latitude>
			<altitude>164.4602895719017</altitude>
			<heading>357.5008665995094</heading>
			<tilt>74.70682973862939</tilt>
			<roll>0</roll>
			<gx:fovy>59.99999177772172</gx:fovy>
			<altitudeMode>absolute</altitudeMode>
		</Camera>
		<styleUrl>#__managed_style_0EA237FB1629FD2EAE63</styleUrl>
		<Point>
			<altitudeMode>relativeToGround</altitudeMode>
			<coordinates>104.659693495097,17.17548660264286,0</coordinates>
		</Point>
	</Placemark>
	<Placemark id="0052C1276529FD0428CA">
		<name>LT83-SG - 2033 - 0102 - 31+410</name>
		<Camera>
			<gx:ViewerOptions>
				<gx:option name="streetview"></gx:option>
				<gx:streetViewPanoId>FlrI-i0nQdkd0k7Hhw4Odg</gx:streetViewPanoId>
			</gx:ViewerOptions>
			<longitude>104.6599612894956</longitude>
			<latitude>17.17582099132434</latitude>
			<altitude>164.5348859313438</altitude>
			<heading>270.6985876866247</heading>
			<tilt>69.73870139006996</tilt>
			<roll>0</roll>
			<gx:fovy>59.99999999757932</gx:fovy>
			<altitudeMode>absolute</altitudeMode>
		</Camera>
		<styleUrl>#__managed_style_0EA237FB1629FD2EAE63</styleUrl>
		<Point>
			<altitudeMode>relativeToGround</altitudeMode>
			<coordinates>104.6599238636096,17.17583669712975,0</coordinates>
		</Point>
	</Placemark>
	<Placemark id="0EC26CAD6429FD05837F">
		<name>RT101-SG - 2033 - 0102 - 35+880</name>
		<Camera>
			<gx:ViewerOptions>
				<gx:option name="streetview"></gx:option>
				<gx:streetViewPanoId>n7JdZCYvOgXsHjMaGKMbeA</gx:streetViewPanoId>
			</gx:ViewerOptions>
			<longitude>104.6825747055082</longitude>
			<latitude>17.20977989432962</latitude>
			<altitude>162.052001953125</altitude>
			<heading>119.8855686454492</heading>
			<tilt>75.13767227991127</tilt>
			<roll>0</roll>
			<gx:fovy>59.99999999999999</gx:fovy>
			<altitudeMode>absolute</altitudeMode>
		</Camera>
		<styleUrl>#__managed_style_0EA237FB1629FD2EAE63</styleUrl>
		<Point>
			<altitudeMode>relativeToGround</altitudeMode>
			<coordinates>104.682620963964,17.20976259489599,0</coordinates>
		</Point>
	</Placemark>
	<Placemark id="0E4BA583F229FD07BE8B">
		<name>RT102-SG - 2033 - 0102 - 35+925</name>
		<Camera>
			<gx:ViewerOptions>
				<gx:option name="streetview"></gx:option>
				<gx:streetViewPanoId>56thTP4CL-YqGP9So26d8g</gx:streetViewPanoId>
			</gx:ViewerOptions>
			<longitude>104.6828007933476</longitude>
			<latitude>17.21018232605856</latitude>
			<altitude>161.9001617431641</altitude>
			<heading>145.1478390668582</heading>
			<tilt>85.22828126896287</tilt>
			<roll>0</roll>
			<gx:fovy>31.34317466767739</gx:fovy>
			<altitudeMode>absolute</altitudeMode>
		</Camera>
		<styleUrl>#__managed_style_0EA237FB1629FD2EAE63</styleUrl>
		<Point>
			<altitudeMode>relativeToGround</altitudeMode>
			<coordinates>104.6828472930715,17.21013218535094,0</coordinates>
		</Point>
	</Placemark>
	<Placemark id="0B10D7275129FD085E9C">
		<name>RT103-SG - 2033 - 0102 - 35+970</name>
		<Camera>
			<gx:ViewerOptions>
				<gx:option name="streetview"></gx:option>
				<gx:streetViewPanoId>BNh5Q6PRttXPpUJ0cZZqFQ</gx:streetViewPanoId>
			</gx:ViewerOptions>
			<longitude>104.6829551667783</longitude>
			<latitude>17.21050116867039</latitude>
			<altitude>161.917180295914</altitude>
			<heading>111.5900171441897</heading>
			<tilt>82.75466729488673</tilt>
			<roll>0</roll>
			<gx:fovy>59.99999497793998</gx:fovy>
			<altitudeMode>absolute</altitudeMode>
		</Camera>
		<styleUrl>#__managed_style_0EA237FB1629FD2EAE63</styleUrl>
		<Point>
			<altitudeMode>relativeToGround</altitudeMode>
			<coordinates>104.6830283240639,17.21048437377751,0</coordinates>
		</Point>
	</Placemark>
	<Placemark id="000EAB97AF29FD08FA53">
		<name>RT104-SG - 2033 - 0102 - 36+015</name>
		<Camera>
			<gx:ViewerOptions>
				<gx:option name="streetview"></gx:option>
				<gx:streetViewPanoId>SWvik9yP4LQ1K8MChE-ytg</gx:streetViewPanoId>
			</gx:ViewerOptions>
			<longitude>104.6830817798006</longitude>
			<latitude>17.21086963881789</latitude>
			<altitude>161.8682708742257</altitude>
			<heading>96.68211973500689</heading>
			<tilt>84.86854576813435</tilt>
			<roll>0</roll>
			<gx:fovy>59.99999999999999</gx:fovy>
			<altitudeMode>absolute</altitudeMode>
		</Camera>
		<styleUrl>#__managed_style_0EA237FB1629FD2EAE63</styleUrl>
		<Point>
			<altitudeMode>relativeToGround</altitudeMode>
			<coordinates>104.6831571336992,17.21087697833817,0</coordinates>
		</Point>
	</Placemark>
	<Placemark id="0C2B289CB429FD0A0A32">
		<name>RT105-SG - 2033 - 0102 - 36+060</name>
		<Camera>
			<gx:ViewerOptions>
				<gx:option name="streetview"></gx:option>
				<gx:streetViewPanoId>LLMEMU_9LTOYKZEctbJ2kg</gx:streetViewPanoId>
			</gx:ViewerOptions>
			<longitude>104.6832235188873</longitude>
			<latitude>17.21125800483254</latitude>
			<altitude>161.9932250976562</altitude>
			<heading>76.3010513457597</heading>
			<tilt>67.75228460697305</tilt>
			<roll>0</roll>
			<gx:fovy>59.99999999999421</gx:fovy>
			<altitudeMode>absolute</altitudeMode>
		</Camera>
		<styleUrl>#__managed_style_0EA237FB1629FD2EAE63</styleUrl>
		<Point>
			<altitudeMode>relativeToGround</altitudeMode>
			<coordinates>104.6832456108987,17.21127121593826,0</coordinates>
		</Point>
	</Placemark>
	<Placemark id="0099C3704929FD0ABFBA">
		<name>RT106-SG - 2033 - 0102 - 36+150</name>
		<Camera>
			<gx:ViewerOptions>
				<gx:option name="streetview"></gx:option>
				<gx:streetViewPanoId>o79tjMAbmC6gT2E1j6qXsg</gx:streetViewPanoId>
			</gx:ViewerOptions>
			<longitude>104.6833907053357</longitude>
			<latitude>17.2120448455102</latitude>
			<altitude>161.4054260253906</altitude>
			<heading>66.61487659539902</heading>
			<tilt>67.56993616414987</tilt>
			<roll>0</roll>
			<gx:fovy>59.99999999999992</gx:fovy>
			<altitudeMode>absolute</altitudeMode>
		</Camera>
		<styleUrl>#__managed_style_0EA237FB1629FD2EAE63</styleUrl>
		<Point>
			<altitudeMode>relativeToGround</altitudeMode>
			<coordinates>104.6834175518911,17.21206395213849,0</coordinates>
		</Point>
	</Placemark>
	<Placemark id="09CA36E1C829FD0B51B2">
		<name>RT107-SG - 2033 - 0102 - 36+205</name>
		<Camera>
			<gx:ViewerOptions>
				<gx:option name="streetview"></gx:option>
				<gx:streetViewPanoId>AjDx__QjAngRU9430I3ogw</gx:streetViewPanoId>
			</gx:ViewerOptions>
			<longitude>104.683478169101</longitude>
			<latitude>17.21249350963122</latitude>
			<altitude>160.8765433732554</altitude>
			<heading>128.9681375276859</heading>
			<tilt>71.81528370153252</tilt>
			<roll>0</roll>
			<gx:fovy>59.99999999990183</gx:fovy>
			<altitudeMode>absolute</altitudeMode>
		</Camera>
		<styleUrl>#__managed_style_0EA237FB1629FD2EAE63</styleUrl>
		<Point>
			<altitudeMode>relativeToGround</altitudeMode>
			<coordinates>104.6834973013074,17.21247215589533,0</coordinates>
		</Point>
	</Placemark>
	<Placemark id="0FBFCC825A29FD0BCA6E">
		<name>RT108-SG - 2033 - 0102 - 36+250</name>
		<Camera>
			<gx:ViewerOptions>
				<gx:option name="streetview"></gx:option>
				<gx:streetViewPanoId>Kkb4vtpWdpIE-ssKM_E-_g</gx:streetViewPanoId>
			</gx:ViewerOptions>
			<longitude>104.6835549557436</longitude>
			<latitude>17.21284764534518</latitude>
			<altitude>160.5076615217492</altitude>
			<heading>91.09205248936584</heading>
			<tilt>72.48096292073134</tilt>
			<roll>0</roll>
			<gx:fovy>59.99995382182441</gx:fovy>
			<altitudeMode>absolute</altitudeMode>
		</Camera>
		<styleUrl>#__managed_style_0EA237FB1629FD2EAE63</styleUrl>
		<Point>
			<altitudeMode>relativeToGround</altitudeMode>
			<coordinates>104.6835802610436,17.2128505659769,0</coordinates>
		</Point>
	</Placemark>
	<Placemark id="01BF447A6629FD0C3354">
		<name>RT109-SG - 2033 - 0102 - 36+295</name>
		<Camera>
			<gx:ViewerOptions>
				<gx:option name="streetview"></gx:option>
				<gx:streetViewPanoId>mpjmYMouPn7EsqG-7rggyw</gx:streetViewPanoId>
			</gx:ViewerOptions>
			<longitude>104.6836024691667</longitude>
			<latitude>17.213269284308</latitude>
			<altitude>160.0748642145146</altitude>
			<heading>101.2252006765868</heading>
			<tilt>83.7899222620062</tilt>
			<roll>0</roll>
			<gx:fovy>59.99999999999999</gx:fovy>
			<altitudeMode>absolute</altitudeMode>
		</Camera>
		<styleUrl>#__managed_style_0EA237FB1629FD2EAE63</styleUrl>
		<Point>
			<altitudeMode>relativeToGround</altitudeMode>
			<coordinates>104.6836672617435,17.21325343754505,0</coordinates>
		</Point>
	</Placemark>
	<Placemark id="0BD08A0D9929FD0CBE18">
		<name>RT110-SG - 2033 - 0102 - 36+340</name>
		<Camera>
			<gx:ViewerOptions>
				<gx:option name="streetview"></gx:option>
				<gx:streetViewPanoId>5Z503pjprE5z88UeLhEB4g</gx:streetViewPanoId>
			</gx:ViewerOptions>
			<longitude>104.683675785788</longitude>
			<latitude>17.21362895385245</latitude>
			<altitude>159.5362548828125</altitude>
			<heading>74.60610346911623</heading>
			<tilt>79.15372153733193</tilt>
			<roll>0</roll>
			<gx:fovy>59.99999999999999</gx:fovy>
			<altitudeMode>absolute</altitudeMode>
		</Camera>
		<styleUrl>#__managed_style_0EA237FB1629FD2EAE63</styleUrl>
		<Point>
			<altitudeMode>relativeToGround</altitudeMode>
			<coordinates>104.6837473335213,17.21365673555728,0</coordinates>
		</Point>
	</Placemark>
	<Placemark id="0DADA123E529FD0D4184">
		<name>RT111-SG - 2033 - 0102 - 36+385</name>
		<Camera>
			<gx:ViewerOptions>
				<gx:option name="streetview"></gx:option>
				<gx:streetViewPanoId>NAyNZwbJn900eVzHchlTtQ</gx:streetViewPanoId>
			</gx:ViewerOptions>
			<longitude>104.6837975946696</longitude>
			<latitude>17.21398142637386</latitude>
			<altitude>159.2003326416016</altitude>
			<heading>44.20457789034059</heading>
			<tilt>86.02492258632026</tilt>
			<roll>0</roll>
			<gx:fovy>59.99999999999999</gx:fovy>
			<altitudeMode>absolute</altitudeMode>
		</Camera>
		<styleUrl>#__managed_style_0EA237FB1629FD2EAE63</styleUrl>
		<Point>
			<altitudeMode>relativeToGround</altitudeMode>
			<coordinates>104.6838274610384,17.21401010828591,0</coordinates>
		</Point>
	</Placemark>
	<Placemark id="0690EC911829FD0E25C8">
		<name>RT112-SG - 2033 - 0102 - 36+430</name>
		<Camera>
			<gx:ViewerOptions>
				<gx:option name="streetview"></gx:option>
				<gx:streetViewPanoId>B1sbmdsGW-qwq1t0SjxKNw</gx:streetViewPanoId>
			</gx:ViewerOptions>
			<longitude>104.6838543617344</longitude>
			<latitude>17.21444898627764</latitude>
			<altitude>158.7894754360657</altitude>
			<heading>96.44230882705942</heading>
			<tilt>84.04616336987773</tilt>
			<roll>0</roll>
			<gx:fovy>59.99999999976627</gx:fovy>
			<altitudeMode>absolute</altitudeMode>
		</Camera>
		<styleUrl>#__managed_style_0EA237FB1629FD2EAE63</styleUrl>
		<Point>
			<altitudeMode>relativeToGround</altitudeMode>
			<coordinates>104.6839171669564,17.21446875938715,0</coordinates>
		</Point>
	</Placemark>
	<Placemark id="0F0238FCBD29FD0F9B2D">
		<name>RT113-SG - 2033 - 0102 - 37+730</name>
		<Camera>
			<gx:ViewerOptions>
				<gx:option name="streetview"></gx:option>
				<gx:streetViewPanoId>rOQhbbS-IJJze9iKisxS-w</gx:streetViewPanoId>
			</gx:ViewerOptions>
			<longitude>104.6859447923769</longitude>
			<latitude>17.22608705699929</latitude>
			<altitude>153.0908355712891</altitude>
			<heading>85.95955073198178</heading>
			<tilt>81.72811218014786</tilt>
			<roll>0</roll>
			<gx:fovy>59.99999999999999</gx:fovy>
			<altitudeMode>absolute</altitudeMode>
		</Camera>
		<styleUrl>#__managed_style_0EA237FB1629FD2EAE63</styleUrl>
		<Point>
			<altitudeMode>relativeToGround</altitudeMode>
			<coordinates>104.6859963131361,17.22609155493213,0</coordinates>
		</Point>
	</Placemark>
	<Placemark id="0595A92BC329FD107CF6">
		<name>กม.37</name>
		<Camera>
			<gx:ViewerOptions>
				<gx:option name="streetview"></gx:option>
				<gx:streetViewPanoId>KZ4q3uIyT78XXcKuiw9kfA</gx:streetViewPanoId>
			</gx:ViewerOptions>
			<longitude>104.684950913357</longitude>
			<latitude>17.21959185640728</latitude>
			<altitude>154.0547280630593</altitude>
			<heading>88.77193294167095</heading>
			<tilt>80.56490344951632</tilt>
			<roll>0</roll>
			<gx:fovy>59.99999999999999</gx:fovy>
			<altitudeMode>absolute</altitudeMode>
		</Camera>
		<styleUrl>#__managed_style_0EA237FB1629FD2EAE63</styleUrl>
		<Point>
			<altitudeMode>relativeToGround</altitudeMode>
			<coordinates>104.684950913357,17.21959185640728,0</coordinates>
		</Point>
	</Placemark>
	<Placemark id="038A4E2E2729FD12140A">
		<name>RT114-SG - 2033 - 0102 - 37+775</name>
		<Camera>
			<gx:ViewerOptions>
				<gx:option name="streetview"></gx:option>
				<gx:streetViewPanoId>RdCDeOJ8hx8U51JHFyTjlA</gx:streetViewPanoId>
			</gx:ViewerOptions>
			<longitude>104.6860061870843</longitude>
			<latitude>17.22648693131805</latitude>
			<altitude>153.2790832519531</altitude>
			<heading>81.45240389921666</heading>
			<tilt>71.87012713436313</tilt>
			<roll>0</roll>
			<gx:fovy>59.99999999999999</gx:fovy>
			<altitudeMode>absolute</altitudeMode>
		</Camera>
		<styleUrl>#__managed_style_0EA237FB1629FD2EAE63</styleUrl>
		<Point>
			<altitudeMode>relativeToGround</altitudeMode>
			<coordinates>104.686030441731,17.22650099821482,0</coordinates>
		</Point>
	</Placemark>
	<Placemark id="03A3ABEE5729FD12E053">
		<name>RT115-SG - 2033 - 0102 - 37+870</name>
		<Camera>
			<gx:ViewerOptions>
				<gx:option name="streetview"></gx:option>
				<gx:streetViewPanoId>Bn5v4zRxFQwZVIqHSCpFJQ</gx:streetViewPanoId>
			</gx:ViewerOptions>
			<longitude>104.6860694503519</longitude>
			<latitude>17.22734526446686</latitude>
			<altitude>154.2199554443359</altitude>
			<heading>110.449040653344</heading>
			<tilt>74.6740693446246</tilt>
			<roll>0</roll>
			<gx:fovy>59.99999999999999</gx:fovy>
			<altitudeMode>absolute</altitudeMode>
		</Camera>
		<styleUrl>#__managed_style_0EA237FB1629FD2EAE63</styleUrl>
		<Point>
			<altitudeMode>relativeToGround</altitudeMode>
			<coordinates>104.6861083811532,17.22734382832469,0</coordinates>
		</Point>
	</Placemark>
	<Placemark id="08DE5191D629FD141A3D">
		<name>RT116-SG - 2033 - 0102 - 37+915</name>
		<Camera>
			<gx:ViewerOptions>
				<gx:option name="streetview"></gx:option>
				<gx:streetViewPanoId>KJzXYJmJ-GE0P5wbaHuKHg</gx:streetViewPanoId>
			</gx:ViewerOptions>
			<longitude>104.6860997918158</longitude>
			<latitude>17.22774964120217</latitude>
			<altitude>154.6620941162109</altitude>
			<heading>126.4018769617369</heading>
			<tilt>75.51093318662969</tilt>
			<roll>0</roll>
			<gx:fovy>59.99999999999999</gx:fovy>
			<altitudeMode>absolute</altitudeMode>
		</Camera>
		<styleUrl>#__managed_style_0EA237FB1629FD2EAE63</styleUrl>
		<Point>
			<altitudeMode>relativeToGround</altitudeMode>
			<coordinates>104.6861380621158,17.22771375249702,0</coordinates>
		</Point>
	</Placemark>
	<Placemark id="03B124255C29FD14DCAB">
		<name>RT117-SG - 2033 - 0102 - 37+960</name>
		<Camera>
			<gx:ViewerOptions>
				<gx:option name="streetview"></gx:option>
				<gx:streetViewPanoId>yoM7teZaiIqTCQXmcEG1Og</gx:streetViewPanoId>
			</gx:ViewerOptions>
			<longitude>104.6860973894123</longitude>
			<latitude>17.22813428573976</latitude>
			<altitude>155.1033935546875</altitude>
			<heading>91.96576090187499</heading>
			<tilt>84.51671118512719</tilt>
			<roll>0</roll>
			<gx:fovy>59.99999999999999</gx:fovy>
			<altitudeMode>absolute</altitudeMode>
		</Camera>
		<styleUrl>#__managed_style_0EA237FB1629FD2EAE63</styleUrl>
		<Point>
			<altitudeMode>relativeToGround</altitudeMode>
			<coordinates>104.6861700183009,17.22814547118297,0</coordinates>
		</Point>
	</Placemark>
	<Placemark id="0C8CE19F2129FD1597EE">
		<name>กม.38</name>
		<Camera>
			<gx:ViewerOptions>
				<gx:option name="streetview"></gx:option>
				<gx:streetViewPanoId>IgxcLwGNGaMkjrHdKyprFg</gx:streetViewPanoId>
			</gx:ViewerOptions>
			<longitude>104.6861670591296</longitude>
			<latitude>17.22850620046276</latitude>
			<altitude>155.6359035858942</altitude>
			<heading>70.91602026142736</heading>
			<tilt>71.18086156481515</tilt>
			<roll>0</roll>
			<gx:fovy>59.99999999999999</gx:fovy>
			<altitudeMode>absolute</altitudeMode>
		</Camera>
		<styleUrl>#__managed_style_0EA237FB1629FD2EAE63</styleUrl>
		<Point>
			<altitudeMode>relativeToGround</altitudeMode>
			<coordinates>104.6861670591296,17.22850620046276,0</coordinates>
		</Point>
	</Placemark>
	<Placemark id="00CCE0F5AE29FD15CBBA">
		<name>RT118-SG - 2033 - 0102 - 38+005</name>
		<Camera>
			<gx:ViewerOptions>
				<gx:option name="streetview"></gx:option>
				<gx:streetViewPanoId>IgxcLwGNGaMkjrHdKyprFg</gx:streetViewPanoId>
			</gx:ViewerOptions>
			<longitude>104.6861670591296</longitude>
			<latitude>17.22850620046276</latitude>
			<altitude>155.6359035858942</altitude>
			<heading>52.91315013875184</heading>
			<tilt>75.87809725536982</tilt>
			<roll>0</roll>
			<gx:fovy>59.99999999999999</gx:fovy>
			<altitudeMode>absolute</altitudeMode>
		</Camera>
		<styleUrl>#__managed_style_0EA237FB1629FD2EAE63</styleUrl>
		<Point>
			<altitudeMode>relativeToGround</altitudeMode>
			<coordinates>104.6862032745038,17.22854372887033,0</coordinates>
		</Point>
	</Placemark>
	<Placemark id="0E7EEAC26729FD168929">
		<name>RT119-SG - 2033 - 0102 - 38+050</name>
		<Camera>
			<gx:ViewerOptions>
				<gx:option name="streetview"></gx:option>
				<gx:streetViewPanoId>nAuyKdm90NhHw6cAIKORew</gx:streetViewPanoId>
			</gx:ViewerOptions>
			<longitude>104.6861625212543</longitude>
			<latitude>17.22890683346538</latitude>
			<altitude>156.1317901611328</altitude>
			<heading>73.76924101678081</heading>
			<tilt>82.85785808690653</tilt>
			<roll>0</roll>
			<gx:fovy>59.99999999974348</gx:fovy>
			<altitudeMode>absolute</altitudeMode>
		</Camera>
		<styleUrl>#__managed_style_0EA237FB1629FD2EAE63</styleUrl>
		<Point>
			<altitudeMode>relativeToGround</altitudeMode>
			<coordinates>104.6862375336295,17.22891342140182,0</coordinates>
		</Point>
	</Placemark>
	<Placemark id="06052C8B9D29FD178685">
		<name>RT120-SG - 2033 - 0102 - 38+145</name>
		<Camera>
			<gx:ViewerOptions>
				<gx:option name="streetview"></gx:option>
				<gx:streetViewPanoId>ytLjoHhshS9FDiY_gyS7cA</gx:streetViewPanoId>
			</gx:ViewerOptions>
			<longitude>104.6862741886161</longitude>
			<latitude>17.22977275367953</latitude>
			<altitude>156.6424102783203</altitude>
			<heading>134.1307651469469</heading>
			<tilt>72.26200820128909</tilt>
			<roll>0</roll>
			<gx:fovy>59.99999999999999</gx:fovy>
			<altitudeMode>absolute</altitudeMode>
		</Camera>
		<styleUrl>#__managed_style_0EA237FB1629FD2EAE63</styleUrl>
		<Point>
			<altitudeMode>relativeToGround</altitudeMode>
			<coordinates>104.6863074937607,17.22975003171208,0</coordinates>
		</Point>
	</Placemark>
	<Placemark id="0FD1817C2929FD1870D7">
		<name>RT121-SG - 2033 - 0102 - 38+190</name>
		<Camera>
			<gx:ViewerOptions>
				<gx:option name="streetview"></gx:option>
				<gx:streetViewPanoId>tcNUmksVNC_ntRYrtaSSDA</gx:streetViewPanoId>
			</gx:ViewerOptions>
			<longitude>104.6862749004402</longitude>
			<latitude>17.23019173050863</latitude>
			<altitude>156.5081024169922</altitude>
			<heading>123.4234610200009</heading>
			<tilt>83.94543225772358</tilt>
			<roll>0</roll>
			<gx:fovy>42.53599091947252</gx:fovy>
			<altitudeMode>absolute</altitudeMode>
		</Camera>
		<styleUrl>#__managed_style_0EA237FB1629FD2EAE63</styleUrl>
		<Point>
			<altitudeMode>relativeToGround</altitudeMode>
			<coordinates>104.6863393411277,17.23015328281251,0</coordinates>
		</Point>
	</Placemark>
	<Placemark id="0ED3A72AAB29FD18F749">
		<name>RT122-SG - 2033 - 0102 - 38+235</name>
		<Camera>
			<gx:ViewerOptions>
				<gx:option name="streetview"></gx:option>
				<gx:streetViewPanoId>fofDMDtci3QE1mVQ04AI8g</gx:streetViewPanoId>
			</gx:ViewerOptions>
			<longitude>104.6863110255164</longitude>
			<latitude>17.23057246673896</latitude>
			<altitude>156.4173683178725</altitude>
			<heading>104.2630749960182</heading>
			<tilt>85.60587525094309</tilt>
			<roll>0</roll>
			<gx:fovy>59.99999999999999</gx:fovy>
			<altitudeMode>absolute</altitudeMode>
		</Camera>
		<styleUrl>#__managed_style_0EA237FB1629FD2EAE63</styleUrl>
		<Point>
			<altitudeMode>relativeToGround</altitudeMode>
			<coordinates>104.6863718621094,17.23056476160287,0</coordinates>
		</Point>
	</Placemark>
	<Placemark id="0FB9339C3129FD19772B">
		<name>RT123-SG - 2033 - 0102 - 38+280</name>
		<Camera>
			<gx:ViewerOptions>
				<gx:option name="streetview"></gx:option>
				<gx:streetViewPanoId>RU9OKd0060evBSlUF__YLw</gx:streetViewPanoId>
			</gx:ViewerOptions>
			<longitude>104.6863466167336</longitude>
			<latitude>17.23094356974372</latitude>
			<altitude>156.2954378740207</altitude>
			<heading>81.02426197224857</heading>
			<tilt>83.9565717360535</tilt>
			<roll>0</roll>
			<gx:fovy>59.99999999804085</gx:fovy>
			<altitudeMode>absolute</altitudeMode>
		</Camera>
		<styleUrl>#__managed_style_0EA237FB1629FD2EAE63</styleUrl>
		<Point>
			<altitudeMode>relativeToGround</altitudeMode>
			<coordinates>104.6864086448426,17.23096399860199,0</coordinates>
		</Point>
	</Placemark>
	<Placemark id="03C0978B1629FD1A61DB">
		<name>RT124-SG - 2033 - 0102 - 38+325</name>
		<Camera>
			<gx:ViewerOptions>
				<gx:option name="streetview"></gx:option>
				<gx:streetViewPanoId>l0NlagTharoh2S0qbAgyCw</gx:streetViewPanoId>
			</gx:ViewerOptions>
			<longitude>104.686426874957</longitude>
			<latitude>17.23138637339392</latitude>
			<altitude>156.1345825195312</altitude>
			<heading>131.2548492217607</heading>
			<tilt>74.38237264578844</tilt>
			<roll>0</roll>
			<gx:fovy>59.99999999999999</gx:fovy>
			<altitudeMode>absolute</altitudeMode>
		</Camera>
		<styleUrl>#__managed_style_0EA237FB1629FD2EAE63</styleUrl>
		<Point>
			<altitudeMode>relativeToGround</altitudeMode>
			<coordinates>104.6864441833645,17.23137046388595,0</coordinates>
		</Point>
	</Placemark>
	<Placemark id="04ED656CD629FD24DD35">
		<name>RT125-SG - 2033 - 0102 - 38+370</name>
		<Camera>
			<gx:ViewerOptions>
				<gx:option name="streetview"></gx:option>
				<gx:streetViewPanoId>_eNHVn23iJ1yELvyj7K9hA</gx:streetViewPanoId>
			</gx:ViewerOptions>
			<longitude>104.6864142400665</longitude>
			<latitude>17.23180792556301</latitude>
			<altitude>155.8647472383064</altitude>
			<heading>120.3387163952353</heading>
			<tilt>85.40582670056811</tilt>
			<roll>0</roll>
			<gx:fovy>59.99999999999999</gx:fovy>
			<altitudeMode>absolute</altitudeMode>
		</Camera>
		<styleUrl>#__managed_style_0EA237FB1629FD2EAE63</styleUrl>
		<Point>
			<altitudeMode>relativeToGround</altitudeMode>
			<coordinates>104.6864739586389,17.23179622281038,0</coordinates>
		</Point>
	</Placemark>
	<Placemark id="079538AECC29FD257BCE">
		<name>RT126-SG - 2033 - 0102 - 38+315</name>
		<Camera>
			<gx:ViewerOptions>
				<gx:option name="streetview"></gx:option>
				<gx:streetViewPanoId>ACIqh1hh5qGEzFj6XlQv6Q</gx:streetViewPanoId>
			</gx:ViewerOptions>
			<longitude>104.6864569495572</longitude>
			<latitude>17.23219345212771</latitude>
			<altitude>155.7300415039062</altitude>
			<heading>97.15501834799986</heading>
			<tilt>77.57564598354749</tilt>
			<roll>0</roll>
			<gx:fovy>59.99999999999999</gx:fovy>
			<altitudeMode>absolute</altitudeMode>
		</Camera>
		<styleUrl>#__managed_style_0EA237FB1629FD2EAE63</styleUrl>
		<Point>
			<altitudeMode>relativeToGround</altitudeMode>
			<coordinates>104.6865071456881,17.2321741224911,0</coordinates>
		</Point>
	</Placemark>
	<Placemark id="0EF7F781A329FD2671CC">
		<name>กม.39</name>
		<Camera>
			<gx:ViewerOptions>
				<gx:option name="streetview"></gx:option>
				<gx:streetViewPanoId>GvU7owhyNcQJ2yO43mK5Vw</gx:streetViewPanoId>
			</gx:ViewerOptions>
			<longitude>104.6871825678065</longitude>
			<latitude>17.23756258654316</latitude>
			<altitude>153.7553746217718</altitude>
			<heading>141.3490473173239</heading>
			<tilt>50.83217490250155</tilt>
			<roll>0</roll>
			<gx:fovy>59.99969812629595</gx:fovy>
			<altitudeMode>absolute</altitudeMode>
		</Camera>
		<styleUrl>#__managed_style_0EA237FB1629FD2EAE63</styleUrl>
		<Point>
			<altitudeMode>relativeToGround</altitudeMode>
			<coordinates>104.6871825678065,17.23756258654316,0</coordinates>
		</Point>
	</Placemark>
	<Placemark id="0C25C7FD2329FD300F7D">
		<name>สุด</name>
		<Camera>
			<gx:ViewerOptions>
				<gx:option name="streetview"></gx:option>
				<gx:streetViewPanoId>v94fzhTvsLAJmGgXKhA3AA</gx:streetViewPanoId>
			</gx:ViewerOptions>
			<longitude>104.7120927035678</longitude>
			<latitude>17.2910669808072</latitude>
			<altitude>156.9879303829206</altitude>
			<heading>189.71413186111</heading>
			<tilt>85</tilt>
			<roll>0</roll>
			<gx:fovy>60</gx:fovy>
			<altitudeMode>absolute</altitudeMode>
		</Camera>
		<styleUrl>#__managed_style_0EA237FB1629FD2EAE63</styleUrl>
		<Point>
			<altitudeMode>relativeToGround</altitudeMode>
			<coordinates>104.7120927035678,17.2910669808072,0</coordinates>
		</Point>
	</Placemark>
	<Placemark id="024AA0D05729FD31997F">
		<name>LT84-SG - 2033 - 0102 - 41+500</name>
		<Camera>
			<gx:ViewerOptions>
				<gx:option name="streetview"></gx:option>
				<gx:streetViewPanoId>CTce8sywnQnr6Q5izBffQg</gx:streetViewPanoId>
			</gx:ViewerOptions>
			<longitude>104.6970794353568</longitude>
			<latitude>17.25766679714823</latitude>
			<altitude>158.7590484619141</altitude>
			<heading>273.9976625851642</heading>
			<tilt>86.17039152877267</tilt>
			<roll>0</roll>
			<gx:fovy>45.12175942721753</gx:fovy>
			<altitudeMode>absolute</altitudeMode>
		</Camera>
		<styleUrl>#__managed_style_0EA237FB1629FD2EAE63</styleUrl>
		<Point>
			<altitudeMode>relativeToGround</altitudeMode>
			<coordinates>104.6969506431197,17.25768531580892,0</coordinates>
		</Point>
	</Placemark>
	<Placemark id="021416ECB329FD33E12D">
		<name>กม.40</name>
		<Camera>
			<gx:ViewerOptions>
				<gx:option name="streetview"></gx:option>
				<gx:streetViewPanoId>Y0vYSe2hLMmVIP_escBa3g</gx:streetViewPanoId>
			</gx:ViewerOptions>
			<longitude>104.6900201195496</longitude>
			<latitude>17.24608984620873</latitude>
			<altitude>157.9216918945312</altitude>
			<heading>62.11591289370908</heading>
			<tilt>56.80857936558722</tilt>
			<roll>0</roll>
			<gx:fovy>59.99999999978259</gx:fovy>
			<altitudeMode>absolute</altitudeMode>
		</Camera>
		<styleUrl>#__managed_style_0EA237FB1629FD2EAE63</styleUrl>
		<Point>
			<altitudeMode>relativeToGround</altitudeMode>
			<coordinates>104.6900201195496,17.24608984620873,0</coordinates>
		</Point>
	</Placemark>
	<Placemark id="06C260EFF329FD347DA4">
		<name>กม.41</name>
		<Camera>
			<gx:ViewerOptions>
				<gx:option name="streetview"></gx:option>
				<gx:streetViewPanoId>qU109bi753891i_5G1wzwg</gx:streetViewPanoId>
			</gx:ViewerOptions>
			<longitude>104.6939585218033</longitude>
			<latitude>17.2541872571447</latitude>
			<altitude>158.2895210815856</altitude>
			<heading>117.9120058221112</heading>
			<tilt>73.87009479999672</tilt>
			<roll>0</roll>
			<gx:fovy>59.99999999999999</gx:fovy>
			<altitudeMode>absolute</altitudeMode>
		</Camera>
		<styleUrl>#__managed_style_0EA237FB1629FD2EAE63</styleUrl>
		<Point>
			<altitudeMode>relativeToGround</altitudeMode>
			<coordinates>104.6939585218033,17.2541872571447,0</coordinates>
		</Point>
	</Placemark>
	<Placemark id="00C7A7784829FD353D50">
		<name>LT85-SG - 2033 - 0102 - 41+545</name>
		<Camera>
			<gx:ViewerOptions>
				<gx:option name="streetview"></gx:option>
				<gx:streetViewPanoId>9oFjezMktlmjx-auUV5ABg</gx:streetViewPanoId>
			</gx:ViewerOptions>
			<longitude>104.6973256550229</longitude>
			<latitude>17.25794945213376</latitude>
			<altitude>158.8007473460079</altitude>
			<heading>299.0405926674212</heading>
			<tilt>85</tilt>
			<roll>0</roll>
			<gx:fovy>60</gx:fovy>
			<altitudeMode>absolute</altitudeMode>
		</Camera>
		<styleUrl>#__managed_style_0EA237FB1629FD2EAE63</styleUrl>
		<Point>
			<altitudeMode>relativeToGround</altitudeMode>
			<coordinates>104.6972505463778,17.25800424699488,0</coordinates>
		</Point>
	</Placemark>
	<Placemark id="056FBE924029FD36D065">
		<name>LT86-SG - 2033 - 0102 - 41+590</name>
		<Camera>
			<gx:ViewerOptions>
				<gx:option name="streetview"></gx:option>
				<gx:streetViewPanoId>lY-YmlK3E_KXYfGRt-yU5Q</gx:streetViewPanoId>
			</gx:ViewerOptions>
			<longitude>104.6975755234511</longitude>
			<latitude>17.25822787790444</latitude>
			<altitude>158.7694244384766</altitude>
			<heading>342.0923871184475</heading>
			<tilt>81.67296697272972</tilt>
			<roll>0</roll>
			<gx:fovy>59.99999999999775</gx:fovy>
			<altitudeMode>absolute</altitudeMode>
		</Camera>
		<styleUrl>#__managed_style_0EA237FB1629FD2EAE63</styleUrl>
		<Point>
			<altitudeMode>relativeToGround</altitudeMode>
			<coordinates>104.6975217801516,17.25830942742679,0</coordinates>
		</Point>
	</Placemark>
	<Placemark id="09FFD8CD8D29FD374274">
		<name>LT87-SG - 2033 - 0102 - 41+635</name>
		<Camera>
			<gx:ViewerOptions>
				<gx:option name="streetview"></gx:option>
				<gx:streetViewPanoId>i5r4mhWtIYuezqx_xHQBiQ</gx:streetViewPanoId>
			</gx:ViewerOptions>
			<longitude>104.697883588289</longitude>
			<latitude>17.25857435795061</latitude>
			<altitude>158.7536156283765</altitude>
			<heading>289.8222085384933</heading>
			<tilt>81.88937781548597</tilt>
			<roll>0</roll>
			<gx:fovy>59.99999999966554</gx:fovy>
			<altitudeMode>absolute</altitudeMode>
		</Camera>
		<styleUrl>#__managed_style_0EA237FB1629FD2EAE63</styleUrl>
		<Point>
			<altitudeMode>relativeToGround</altitudeMode>
			<coordinates>104.6977889103202,17.25861959787155,0</coordinates>
		</Point>
	</Placemark>
	<Placemark id="01A83255E229FD39F766">
		<name>LT88-SG - 2033 - 0102 - 41+680</name>
		<Camera>
			<gx:ViewerOptions>
				<gx:option name="streetview"></gx:option>
				<gx:streetViewPanoId>FlokWwJ7OFUqxVwEq5WgUw</gx:streetViewPanoId>
			</gx:ViewerOptions>
			<longitude>104.6981128131333</longitude>
			<latitude>17.25887990924138</latitude>
			<altitude>158.7250061035156</altitude>
			<heading>328.8181483546063</heading>
			<tilt>71.53957790918203</tilt>
			<roll>0</roll>
			<gx:fovy>59.99999999999993</gx:fovy>
			<altitudeMode>absolute</altitudeMode>
		</Camera>
		<styleUrl>#__managed_style_0EA237FB1629FD2EAE63</styleUrl>
		<Point>
			<altitudeMode>relativeToGround</altitudeMode>
			<coordinates>104.6980733249829,17.25892948420646,0</coordinates>
		</Point>
	</Placemark>
	<Placemark id="05A0A6A97429FD3AAE19">
		<name>LT89-SG - 2033 - 0102 - 41+725</name>
		<Camera>
			<gx:ViewerOptions>
				<gx:option name="streetview"></gx:option>
				<gx:streetViewPanoId>1ChES6IRlCN-rfTyUpvOfg</gx:streetViewPanoId>
			</gx:ViewerOptions>
			<longitude>104.6983634837051</longitude>
			<latitude>17.25917155375272</latitude>
			<altitude>158.6634521484375</altitude>
			<heading>338.2997159595825</heading>
			<tilt>71.68368499369028</tilt>
			<roll>0</roll>
			<gx:fovy>59.99999999999999</gx:fovy>
			<altitudeMode>absolute</altitudeMode>
		</Camera>
		<styleUrl>#__managed_style_0EA237FB1629FD2EAE63</styleUrl>
		<Point>
			<altitudeMode>relativeToGround</altitudeMode>
			<coordinates>104.6983322232595,17.25922092135808,0</coordinates>
		</Point>
	</Placemark>
	<Placemark id="0F900FD81E29FD3B6011">
		<name>LT90-SG - 2033 - 0102 - 41+770</name>
		<Camera>
			<gx:ViewerOptions>
				<gx:option name="streetview"></gx:option>
				<gx:streetViewPanoId>dl7rzKVMMV9fRHS1LweC_g</gx:streetViewPanoId>
			</gx:ViewerOptions>
			<longitude>104.6986688805661</longitude>
			<latitude>17.25952931145125</latitude>
			<altitude>158.5881805419922</altitude>
			<heading>268.8070864337928</heading>
			<tilt>75.83932464996273</tilt>
			<roll>0</roll>
			<gx:fovy>59.99999999999999</gx:fovy>
			<altitudeMode>absolute</altitudeMode>
		</Camera>
		<styleUrl>#__managed_style_0EA237FB1629FD2EAE63</styleUrl>
		<Point>
			<altitudeMode>relativeToGround</altitudeMode>
			<coordinates>104.698597940122,17.25953908524282,0</coordinates>
		</Point>
	</Placemark>
	<Placemark id="08770F6F4B29FD3C31CA">
		<name>LT91-SG - 2033 - 0102 - 41+815</name>
		<Camera>
			<gx:ViewerOptions>
				<gx:option name="streetview"></gx:option>
				<gx:streetViewPanoId>9wm-60cPXgJsnLBLgD_XaQ</gx:streetViewPanoId>
			</gx:ViewerOptions>
			<longitude>104.6989121662617</longitude>
			<latitude>17.25981174172437</latitude>
			<altitude>158.6014862060547</altitude>
			<heading>313.3383707910506</heading>
			<tilt>63.91792445591806</tilt>
			<roll>0</roll>
			<gx:fovy>59.99999999998477</gx:fovy>
			<altitudeMode>absolute</altitudeMode>
		</Camera>
		<styleUrl>#__managed_style_0EA237FB1629FD2EAE63</styleUrl>
		<Point>
			<altitudeMode>relativeToGround</altitudeMode>
			<coordinates>104.6988777544364,17.25986974224683,0</coordinates>
		</Point>
	</Placemark>
	<Placemark id="03BD0E0BAB29FD7E38B6">
		<name>กม.42</name>
		<Camera>
			<gx:ViewerOptions>
				<gx:option name="streetview"></gx:option>
				<gx:streetViewPanoId>_9Rr-aMnIKNaK1ZIdAxmJw</gx:streetViewPanoId>
			</gx:ViewerOptions>
			<longitude>104.7000102491348</longitude>
			<latitude>17.2610805362666</latitude>
			<altitude>158.6015472410436</altitude>
			<heading>146.8715396997419</heading>
			<tilt>78.83607534078409</tilt>
			<roll>0</roll>
			<gx:fovy>59.99999999999999</gx:fovy>
			<altitudeMode>absolute</altitudeMode>
		</Camera>
		<styleUrl>#__managed_style_0EA237FB1629FD2EAE63</styleUrl>
		<Point>
			<altitudeMode>relativeToGround</altitudeMode>
			<coordinates>104.7000102491348,17.2610805362666,0</coordinates>
		</Point>
	</Placemark>
	<Placemark id="07EEE10F5629FD7E81DD">
		<name>RT127-SG - 2033 - 0102 - 41+995</name>
		<LookAt>
			<longitude>104.70001654533</longitude>
			<latitude>17.26109619497942</latitude>
			<altitude>153.3155447412685</altitude>
			<heading>146.8715397003445</heading>
			<tilt>0</tilt>
			<gx:fovy>35</gx:fovy>
			<range>89.00718491257066</range>
			<altitudeMode>absolute</altitudeMode>
		</LookAt>
		<styleUrl>#__managed_style_0EA237FB1629FD2EAE63</styleUrl>
		<Point>
			<coordinates>104.7000455648346,17.26105182567368,153.5695421728936</coordinates>
		</Point>
	</Placemark>
	<Placemark id="0B028009F129FD9138F4">
		<name>RT128-SG - 2033 - 0102 - 42+085</name>
		<Camera>
			<gx:ViewerOptions>
				<gx:option name="streetview"></gx:option>
				<gx:streetViewPanoId>zqcvBYcGtxLuQd-5NXVg7A</gx:streetViewPanoId>
			</gx:ViewerOptions>
			<longitude>104.7005405174066</longitude>
			<latitude>17.26172964959214</latitude>
			<altitude>158.4161529541016</altitude>
			<heading>149.221041954994</heading>
			<tilt>89.43455727213453</tilt>
			<roll>0</roll>
			<gx:fovy>59.9999999999923</gx:fovy>
			<altitudeMode>absolute</altitudeMode>
		</Camera>
		<styleUrl>#__managed_style_0EA237FB1629FD2EAE63</styleUrl>
		<Point>
			<altitudeMode>relativeToGround</altitudeMode>
			<coordinates>104.7005875870539,17.26167707812893,0</coordinates>
		</Point>
	</Placemark>
	<Placemark id="0217FF3E1229FD925320">
		<name>RT129-SG - 2033 - 0102 - 42+215</name>
		<Camera>
			<gx:ViewerOptions>
				<gx:option name="streetview"></gx:option>
				<gx:streetViewPanoId>LsHGh0aKg7yVIbiMqT3muA</gx:streetViewPanoId>
			</gx:ViewerOptions>
			<longitude>104.7011323662298</longitude>
			<latitude>17.26277258137375</latitude>
			<altitude>158.3576507568359</altitude>
			<heading>143.7552434531202</heading>
			<tilt>92.35302515040983</tilt>
			<roll>0</roll>
			<gx:fovy>59.99999999999999</gx:fovy>
			<altitudeMode>absolute</altitudeMode>
		</Camera>
		<styleUrl>#__managed_style_0EA237FB1629FD2EAE63</styleUrl>
		<Point>
			<altitudeMode>relativeToGround</altitudeMode>
			<coordinates>104.7012023725236,17.26272142740004,0</coordinates>
		</Point>
	</Placemark>
	<Placemark id="00E2D92FEF29FD941AB1">
		<name>RT130-SG - 2033 - 0102 - 42+270</name>
		<Camera>
			<gx:ViewerOptions>
				<gx:option name="streetview"></gx:option>
				<gx:streetViewPanoId>rDLV6QDZ--ximHdLviyVbg</gx:streetViewPanoId>
			</gx:ViewerOptions>
			<longitude>104.7013211069513</longitude>
			<latitude>17.26320285599675</latitude>
			<altitude>158.4140930175781</altitude>
			<heading>127.7451379004988</heading>
			<tilt>82.30487635993337</tilt>
			<roll>0</roll>
			<gx:fovy>59.99999999999999</gx:fovy>
			<altitudeMode>absolute</altitudeMode>
		</Camera>
		<styleUrl>#__managed_style_0EA237FB1629FD2EAE63</styleUrl>
		<Point>
			<altitudeMode>relativeToGround</altitudeMode>
			<coordinates>104.7013971831069,17.26318162179885,0</coordinates>
		</Point>
	</Placemark>
	<Placemark id="032F742A1129FD957549">
		<name>RT131-SG - 2033 - 0102 - 42+315</name>
		<Camera>
			<gx:ViewerOptions>
				<gx:option name="streetview"></gx:option>
				<gx:streetViewPanoId>v4krp4jc-iNDT8DPU-Fl0g</gx:streetViewPanoId>
			</gx:ViewerOptions>
			<longitude>104.7014627738779</longitude>
			<latitude>17.26353813013396</latitude>
			<altitude>158.4649047851562</altitude>
			<heading>103.1734981204355</heading>
			<tilt>86.60595806602144</tilt>
			<roll>0</roll>
			<gx:fovy>59.99999999999999</gx:fovy>
			<altitudeMode>absolute</altitudeMode>
		</Camera>
		<styleUrl>#__managed_style_0EA237FB1629FD2EAE63</styleUrl>
		<Point>
			<altitudeMode>relativeToGround</altitudeMode>
			<coordinates>104.7015500961518,17.2635564351588,0</coordinates>
		</Point>
	</Placemark>
	<Placemark id="02BE486ECE29FD984E24">
		<name>RT132-SG - 2033 - 0102 - 42+360</name>
		<Camera>
			<gx:ViewerOptions>
				<gx:option name="streetview"></gx:option>
				<gx:streetViewPanoId>6cAQYDnG358gx3wFYaRECg</gx:streetViewPanoId>
			</gx:ViewerOptions>
			<longitude>104.7016085343316</longitude>
			<latitude>17.26387740933633</latitude>
			<altitude>158.5848083496094</altitude>
			<heading>69.75681301119106</heading>
			<tilt>90.28861273107871</tilt>
			<roll>0</roll>
			<gx:fovy>59.99999999999999</gx:fovy>
			<altitudeMode>absolute</altitudeMode>
		</Camera>
		<styleUrl>#__managed_style_0EA237FB1629FD2EAE63</styleUrl>
		<Point>
			<altitudeMode>relativeToGround</altitudeMode>
			<coordinates>104.7017001552708,17.26393593860145,0</coordinates>
		</Point>
	</Placemark>
	<Placemark id="08BD8C643C29FD9BDC15">
		<name>RT133-SG - 2033 - 0102 - 42+405</name>
		<Camera>
			<gx:ViewerOptions>
				<gx:option name="streetview"></gx:option>
				<gx:streetViewPanoId>Xkk3-YLxwTr0txdghMJcTg</gx:streetViewPanoId>
			</gx:ViewerOptions>
			<longitude>104.7018067972462</longitude>
			<latitude>17.26435103756738</latitude>
			<altitude>158.4930118094477</altitude>
			<heading>130.376057848018</heading>
			<tilt>85.6973962110465</tilt>
			<roll>0</roll>
			<gx:fovy>59.99999991759817</gx:fovy>
			<altitudeMode>absolute</altitudeMode>
		</Camera>
		<styleUrl>#__managed_style_0EA237FB1629FD2EAE63</styleUrl>
		<Point>
			<altitudeMode>relativeToGround</altitudeMode>
			<coordinates>104.7018611140558,17.26432820977168,0</coordinates>
		</Point>
	</Placemark>
	<Placemark id="0D5E06C9A929FDB599C6">
		<name>RT134-SG - 2033 - 0102 - 44+850</name>
		<Camera>
			<gx:ViewerOptions>
				<gx:option name="streetview"></gx:option>
				<gx:streetViewPanoId>ys1hzOTU9QnI0rgvARgHyw</gx:streetViewPanoId>
			</gx:ViewerOptions>
			<longitude>104.7106354509543</longitude>
			<latitude>17.28457281469615</latitude>
			<altitude>158.6022796630859</altitude>
			<heading>56.26402757512977</heading>
			<tilt>74.50964864868598</tilt>
			<roll>0</roll>
			<gx:fovy>59.99999999999999</gx:fovy>
			<altitudeMode>absolute</altitudeMode>
		</Camera>
		<styleUrl>#__managed_style_0EA237FB1629FD2EAE63</styleUrl>
		<Point>
			<altitudeMode>relativeToGround</altitudeMode>
			<coordinates>104.7106544926295,17.28457947429149,0</coordinates>
		</Point>
	</Placemark>
	<Placemark id="0F0127D85C29FDD64E2A">
		<name>กม.45</name>
		<Camera>
			<gx:ViewerOptions>
				<gx:option name="streetview"></gx:option>
				<gx:streetViewPanoId>pwwMQd7tjIMCAG_FrAlMmQ</gx:streetViewPanoId>
			</gx:ViewerOptions>
			<longitude>104.7110706229634</longitude>
			<latitude>17.28588624663695</latitude>
			<altitude>158.5187530517578</altitude>
			<heading>61.9517536289369</heading>
			<tilt>62.33888234731944</tilt>
			<roll>0</roll>
			<gx:fovy>59.99999999999999</gx:fovy>
			<altitudeMode>absolute</altitudeMode>
		</Camera>
		<styleUrl>#__managed_style_0EA237FB1629FD2EAE63</styleUrl>
		<Point>
			<altitudeMode>relativeToGround</altitudeMode>
			<coordinates>104.7110706229634,17.28588624663695,0</coordinates>
		</Point>
	</Placemark>
	<Placemark id="0B9ACBB3D629FDD78437">
		<name>RT135-SG - 2033 - 0102 - 44+900</name>
		<Camera>
			<gx:ViewerOptions>
				<gx:option name="streetview"></gx:option>
				<gx:streetViewPanoId>2wEnASy_ozB03fgxyKzfFQ</gx:streetViewPanoId>
			</gx:ViewerOptions>
			<longitude>104.7107822879975</longitude>
			<latitude>17.28501113750528</latitude>
			<altitude>158.6240203586031</altitude>
			<heading>142.8404463497285</heading>
			<tilt>62.66838181230153</tilt>
			<roll>0</roll>
			<gx:fovy>59.99999999999999</gx:fovy>
			<altitudeMode>absolute</altitudeMode>
		</Camera>
		<styleUrl>#__managed_style_0EA237FB1629FD2EAE63</styleUrl>
		<Point>
			<coordinates>104.7108045368373,17.2850131000165,158.7554942812523</coordinates>
		</Point>
	</Placemark>
	<Placemark id="08683AAF5629FDD91AD2">
		<name>RT136-SG - 2033 - 0102 - 44+945</name>
		<LookAt>
			<longitude>104.7108331596958</longitude>
			<latitude>17.28527988031693</latitude>
			<altitude>158.0308268116763</altitude>
			<heading>142.8404644806462</heading>
			<tilt>0</tilt>
			<gx:fovy>35</gx:fovy>
			<range>63.5371007889262</range>
			<altitudeMode>absolute</altitudeMode>
		</LookAt>
		<styleUrl>#__managed_style_0EA237FB1629FD2EAE63</styleUrl>
		<Point>
			<coordinates>104.7109241788818,17.28538091668601,158.3172435507107</coordinates>
		</Point>
	</Placemark>
	<Placemark id="01E021430529FDDBDAB1">
		<name>RT137-SG - 2033 - 0102 - 44+990</name>
		<Camera>
			<gx:ViewerOptions>
				<gx:option name="streetview"></gx:option>
				<gx:streetViewPanoId>4NDJxwYcqbnrCiVXM6uwOA</gx:streetViewPanoId>
			</gx:ViewerOptions>
			<longitude>104.7110133118962</longitude>
			<latitude>17.28571056495595</latitude>
			<altitude>158.5526295543917</altitude>
			<heading>142.8406421451277</heading>
			<tilt>85</tilt>
			<roll>0</roll>
			<gx:fovy>60</gx:fovy>
			<altitudeMode>absolute</altitudeMode>
		</Camera>
		<styleUrl>#__managed_style_0EA237FB1629FD2EAE63</styleUrl>
		<Point>
			<altitudeMode>relativeToGround</altitudeMode>
			<coordinates>104.711023413805,17.28570615647083,0</coordinates>
		</Point>
	</Placemark>
	<Placemark id="0AA481AAF929FDDC83B5">
		<name>RT138-SG - 2033 - 0102 - 45+025</name>
		<Camera>
			<gx:ViewerOptions>
				<gx:option name="streetview"></gx:option>
				<gx:streetViewPanoId>4gZL2wynd5pZGMHzrJcqKg</gx:streetViewPanoId>
			</gx:ViewerOptions>
			<longitude>104.7111277560669</longitude>
			<latitude>17.28606220547521</latitude>
			<altitude>158.5502624511719</altitude>
			<heading>65.0221779399142</heading>
			<tilt>77.51253646388055</tilt>
			<roll>0</roll>
			<gx:fovy>59.99999999999999</gx:fovy>
			<altitudeMode>absolute</altitudeMode>
		</Camera>
		<styleUrl>#__managed_style_0EA237FB1629FD2EAE63</styleUrl>
		<Point>
			<altitudeMode>relativeToGround</altitudeMode>
			<coordinates>104.7111556176141,17.28607846191173,0</coordinates>
		</Point>
	</Placemark>
	<Placemark id="0CE1175C8629FDDD4779">
		<name>RT139-SG - 2033 - 0102 - 45+070</name>
		<Camera>
			<gx:ViewerOptions>
				<gx:option name="streetview"></gx:option>
				<gx:streetViewPanoId>jGHs-SP7NuuNSbqXYuGpdg</gx:streetViewPanoId>
			</gx:ViewerOptions>
			<longitude>104.7112645374304</longitude>
			<latitude>17.28650497225566</latitude>
			<altitude>158.5042266845703</altitude>
			<heading>158.5721734649092</heading>
			<tilt>70.30343354435104</tilt>
			<roll>0</roll>
			<gx:fovy>59.99999999999999</gx:fovy>
			<altitudeMode>absolute</altitudeMode>
		</Camera>
		<styleUrl>#__managed_style_0EA237FB1629FD2EAE63</styleUrl>
		<Point>
			<altitudeMode>relativeToGround</altitudeMode>
			<coordinates>104.7112719972835,17.2864717301091,0</coordinates>
		</Point>
	</Placemark>
	<Placemark id="024DD4D19C29FDDE21CC">
		<name>RT140-SG - 2033 - 0102 - 45+115</name>
		<Camera>
			<gx:ViewerOptions>
				<gx:option name="streetview"></gx:option>
				<gx:streetViewPanoId>WQzL7QFoX02gFpdLiuDtuQ</gx:streetViewPanoId>
			</gx:ViewerOptions>
			<longitude>104.7113373332868</longitude>
			<latitude>17.28677185098456</latitude>
			<altitude>158.4602661132812</altitude>
			<heading>61.74084783826564</heading>
			<tilt>81.02189377833851</tilt>
			<roll>0</roll>
			<gx:fovy>59.99999999999999</gx:fovy>
			<altitudeMode>absolute</altitudeMode>
		</Camera>
		<styleUrl>#__managed_style_0EA237FB1629FD2EAE63</styleUrl>
		<Point>
			<altitudeMode>relativeToGround</altitudeMode>
			<coordinates>104.7113664578781,17.28679825432773,0</coordinates>
		</Point>
	</Placemark>
	<Placemark id="04FDB1215829FDDEA800">
		<name>RT141-SG - 2033 - 0102 - 45+160</name>
		<Camera>
			<gx:ViewerOptions>
				<gx:option name="streetview"></gx:option>
				<gx:streetViewPanoId>EMibimYepOcD7jYBN_9uJw</gx:streetViewPanoId>
			</gx:ViewerOptions>
			<longitude>104.7114330892578</longitude>
			<latitude>17.28717589696318</latitude>
			<altitude>158.3837996592163</altitude>
			<heading>59.69474827443441</heading>
			<tilt>83.50766601529536</tilt>
			<roll>0</roll>
			<gx:fovy>59.99999999999999</gx:fovy>
			<altitudeMode>absolute</altitudeMode>
		</Camera>
		<styleUrl>#__managed_style_0EA237FB1629FD2EAE63</styleUrl>
		<Point>
			<altitudeMode>relativeToGround</altitudeMode>
			<coordinates>104.7114583926234,17.28721389062583,0</coordinates>
		</Point>
	</Placemark>
	<Placemark id="0DEE27DA1129FDDF5CA8">
		<name>RT142-SG - 2033 - 0102 - 45+205</name>
		<Camera>
			<gx:ViewerOptions>
				<gx:option name="streetview"></gx:option>
				<gx:streetViewPanoId>NadmdDmQlaYGIGK9d0Y4TQ</gx:streetViewPanoId>
			</gx:ViewerOptions>
			<longitude>104.7115246626351</longitude>
			<latitude>17.28763161948281</latitude>
			<altitude>158.2866174146238</altitude>
			<heading>151.2369734584949</heading>
			<tilt>72.96116467334677</tilt>
			<roll>0</roll>
			<gx:fovy>59.99999999999999</gx:fovy>
			<altitudeMode>absolute</altitudeMode>
		</Camera>
		<styleUrl>#__managed_style_0EA237FB1629FD2EAE63</styleUrl>
		<Point>
			<altitudeMode>relativeToGround</altitudeMode>
			<coordinates>104.7115343454987,17.28761266074153,0</coordinates>
		</Point>
	</Placemark>
	<Placemark id="016FA7CE4829FDDFDF2F">
		<name>RT143-SG - 2033 - 0102 - 45+250</name>
		<Camera>
			<gx:ViewerOptions>
				<gx:option name="streetview"></gx:option>
				<gx:streetViewPanoId>8cFmpFSl8awBfG34r6nvNg</gx:streetViewPanoId>
			</gx:ViewerOptions>
			<longitude>104.7115866905016</longitude>
			<latitude>17.28799640134454</latitude>
			<altitude>158.0604347623839</altitude>
			<heading>60.39795165505006</heading>
			<tilt>74.07073220257074</tilt>
			<roll>0</roll>
			<gx:fovy>59.99999999999999</gx:fovy>
			<altitudeMode>absolute</altitudeMode>
		</Camera>
		<styleUrl>#__managed_style_0EA237FB1629FD2EAE63</styleUrl>
		<Point>
			<altitudeMode>relativeToGround</altitudeMode>
			<coordinates>104.7116076057661,17.28802639495604,0</coordinates>
		</Point>
	</Placemark>
	<Placemark id="030F90BB9829FDE08B0B">
		<name>RT144-SG - 2033 - 0102 - 45+295</name>
		<Camera>
			<gx:ViewerOptions>
				<gx:option name="streetview"></gx:option>
				<gx:streetViewPanoId>6w5KWs8Ef2Z6UpTQPXk-bQ</gx:streetViewPanoId>
			</gx:ViewerOptions>
			<longitude>104.7116582406141</longitude>
			<latitude>17.28836715860546</latitude>
			<altitude>157.81911218742</altitude>
			<heading>43.14831207589555</heading>
			<tilt>81.08677560033942</tilt>
			<roll>0</roll>
			<gx:fovy>59.99999999999999</gx:fovy>
			<altitudeMode>absolute</altitudeMode>
		</Camera>
		<styleUrl>#__managed_style_0EA237FB1629FD2EAE63</styleUrl>
		<Point>
			<altitudeMode>relativeToGround</altitudeMode>
			<coordinates>104.7116698961248,17.28841320085548,0</coordinates>
		</Point>
	</Placemark>
	<Placemark id="0A12EAB7B429FDE0F759">
		<name>RT145-SG - 2033 - 0102 - 45+340</name>
		<Camera>
			<gx:ViewerOptions>
				<gx:option name="streetview"></gx:option>
				<gx:streetViewPanoId>NE8ma2AV3q9Z7KUtUttRSA</gx:streetViewPanoId>
			</gx:ViewerOptions>
			<longitude>104.711725252129</longitude>
			<latitude>17.28878020815176</latitude>
			<altitude>157.6430944596086</altitude>
			<heading>43.14831207734659</heading>
			<tilt>85</tilt>
			<roll>0</roll>
			<gx:fovy>60</gx:fovy>
			<altitudeMode>absolute</altitudeMode>
		</Camera>
		<styleUrl>#__managed_style_0EA237FB1629FD2EAE63</styleUrl>
		<Point>
			<altitudeMode>relativeToGround</altitudeMode>
			<coordinates>104.7117422751775,17.2888200512512,0</coordinates>
		</Point>
	</Placemark>
	<Placemark id="0D83650D8229FDE19B0D">
		<name>RT146-SG - 2033 - 0102 - 45+385</name>
		<Camera>
			<gx:ViewerOptions>
				<gx:option name="streetview"></gx:option>
				<gx:streetViewPanoId>U2odk9zavCCe4ha1XbG2Cg</gx:streetViewPanoId>
			</gx:ViewerOptions>
			<longitude>104.7117774908733</longitude>
			<latitude>17.28917201868492</latitude>
			<altitude>157.437408663259</altitude>
			<heading>46.85664153709532</heading>
			<tilt>76.20607735952802</tilt>
			<roll>0</roll>
			<gx:fovy>59.99999999999999</gx:fovy>
			<altitudeMode>absolute</altitudeMode>
		</Camera>
		<styleUrl>#__managed_style_0EA237FB1629FD2EAE63</styleUrl>
		<Point>
			<altitudeMode>relativeToGround</altitudeMode>
			<coordinates>104.7118140254629,17.28922375461556,0</coordinates>
		</Point>
	</Placemark>
	<Placemark id="0D9173FD5529FDE2548F">
		<name>RT147-SG - 2033 - 0102 - 45+430</name>
		<Camera>
			<gx:ViewerOptions>
				<gx:option name="streetview"></gx:option>
				<gx:streetViewPanoId>PF8m3yD8ISnhd3cbmkdsHQ</gx:streetViewPanoId>
			</gx:ViewerOptions>
			<longitude>104.7118566944544</longitude>
			<latitude>17.28962576290741</latitude>
			<altitude>157.3108638107631</altitude>
			<heading>84.05407291179694</heading>
			<tilt>67.60617795552287</tilt>
			<roll>0</roll>
			<gx:fovy>59.99999999998369</gx:fovy>
			<altitudeMode>absolute</altitudeMode>
		</Camera>
		<styleUrl>#__managed_style_0EA237FB1629FD2EAE63</styleUrl>
		<Point>
			<altitudeMode>relativeToGround</altitudeMode>
			<coordinates>104.7118767182923,17.28964138111422,0</coordinates>
		</Point>
	</Placemark>
	<Placemark id="0BCA6D096429FDE2C8E5">
		<name>RT148-SG - 2033 - 0102 - 45+475</name>
		<Camera>
			<gx:ViewerOptions>
				<gx:option name="streetview"></gx:option>
				<gx:streetViewPanoId>JZ7TPRMnhWZCT5KU1mAcOA</gx:streetViewPanoId>
			</gx:ViewerOptions>
			<longitude>104.7119109800779</longitude>
			<latitude>17.28997819456845</latitude>
			<altitude>157.2760434918434</altitude>
			<heading>62.46383294662564</heading>
			<tilt>79.3379003677835</tilt>
			<roll>0</roll>
			<gx:fovy>59.99999999958912</gx:fovy>
			<altitudeMode>absolute</altitudeMode>
		</Camera>
		<styleUrl>#__managed_style_0EA237FB1629FD2EAE63</styleUrl>
		<Point>
			<altitudeMode>relativeToGround</altitudeMode>
			<coordinates>104.711931909031,17.29000653914157,0</coordinates>
		</Point>
	</Placemark>
	<Placemark id="057FEF2E0F29FDE34916">
		<name>RT149-SG - 2033 - 0102 - 45+520</name>
		<Camera>
			<gx:ViewerOptions>
				<gx:option name="streetview"></gx:option>
				<gx:streetViewPanoId>T73_ZhislJ2X4h9kkAGh_Q</gx:streetViewPanoId>
			</gx:ViewerOptions>
			<longitude>104.7119684694644</longitude>
			<latitude>17.29034050258589</latitude>
			<altitude>157.1550282806612</altitude>
			<heading>50.79416897811748</heading>
			<tilt>82.84691121985965</tilt>
			<roll>0</roll>
			<gx:fovy>59.99999999999999</gx:fovy>
			<altitudeMode>absolute</altitudeMode>
		</Camera>
		<styleUrl>#__managed_style_0EA237FB1629FD2EAE63</styleUrl>
		<Point>
			<altitudeMode>relativeToGround</altitudeMode>
			<coordinates>104.7119953811002,17.29037758071262,0</coordinates>
		</Point>
	</Placemark>
</Document>
</kml>
