<?xml version="1.0" encoding="UTF-8"?>
<kml xmlns="http://www.opengis.net/kml/2.2" xmlns:gx="http://www.google.com/kml/ext/2.2" xmlns:kml="http://www.opengis.net/kml/2.2" xmlns:atom="http://www.w3.org/2005/Atom">
<Document>
	<name>2276</name>
	<gx:CascadingStyle kml:id="__managed_style_0A587D67AB2A0E750C47">
		<Style>
			<IconStyle>
				<scale>1.2</scale>
				<Icon>
					<href>https://earth.google.com/earth/rpc/cc/icon?color=1976d2&amp;id=2000&amp;scale=4</href>
				</Icon>
				<hotSpot x="64" y="128" xunits="pixels" yunits="insetPixels"/>
			</IconStyle>
			<LabelStyle>
			</LabelStyle>
			<LineStyle>
				<color>ff2dc0fb</color>
				<width>6</width>
			</LineStyle>
			<PolyStyle>
				<color>40ffffff</color>
			</PolyStyle>
			<BalloonStyle>
				<displayMode>hide</displayMode>
			</BalloonStyle>
		</Style>
	</gx:CascadingStyle>
	<gx:CascadingStyle kml:id="__managed_style_1F12D82AEA2A0E750C46">
		<Style>
			<IconStyle>
				<Icon>
					<href>https://earth.google.com/earth/rpc/cc/icon?color=1976d2&amp;id=2000&amp;scale=4</href>
				</Icon>
				<hotSpot x="64" y="128" xunits="pixels" yunits="insetPixels"/>
			</IconStyle>
			<LabelStyle>
			</LabelStyle>
			<LineStyle>
				<color>ff2dc0fb</color>
				<width>4</width>
			</LineStyle>
			<PolyStyle>
				<color>40ffffff</color>
			</PolyStyle>
			<BalloonStyle>
				<displayMode>hide</displayMode>
			</BalloonStyle>
		</Style>
	</gx:CascadingStyle>
	<StyleMap id="__managed_style_0A6B76B15B2A0E750C46">
		<Pair>
			<key>normal</key>
			<styleUrl>#__managed_style_1F12D82AEA2A0E750C46</styleUrl>
		</Pair>
		<Pair>
			<key>highlight</key>
			<styleUrl>#__managed_style_0A587D67AB2A0E750C47</styleUrl>
		</Pair>
	</StyleMap>
	<Placemark id="0F212E62AD29F7639222">
		<name>MD1-DB-2276-0100-0+030</name>
		<Camera>
			<gx:ViewerOptions>
				<gx:option name="streetview"></gx:option>
				<gx:streetViewPanoId>rFK7t4JUEp34o4kxNJkK4g</gx:streetViewPanoId>
			</gx:ViewerOptions>
			<longitude>104.549751335913</longitude>
			<latitude>17.31533288736804</latitude>
			<altitude>164.9554595947266</altitude>
			<heading>225.02098081</heading>
			<tilt>79.84045875</tilt>
			<roll>0</roll>
			<gx:fovy>60</gx:fovy>
			<altitudeMode>absolute</altitudeMode>
		</Camera>
		<styleUrl>#__managed_style_0A6B76B15B2A0E750C46</styleUrl>
		<Point>
			<altitudeMode>relativeToGround</altitudeMode>
			<coordinates>104.5496782522201,17.31535330008665,0</coordinates>
		</Point>
	</Placemark>
	<Placemark id="0F7DDDFB2A29F765A86A">
		<name>MD2-DB-2276-0100-0+060</name>
		<Camera>
			<gx:ViewerOptions>
				<gx:option name="streetview"></gx:option>
				<gx:streetViewPanoId>OVmN_ZUUZTV1q2d07eMxpg</gx:streetViewPanoId>
			</gx:ViewerOptions>
			<longitude>104.5497180880333</longitude>
			<latitude>17.31504665926119</latitude>
			<altitude>165.2008056640625</altitude>
			<heading>223.3877413220855</heading>
			<tilt>81.44608904600226</tilt>
			<roll>0</roll>
			<gx:fovy>59.99999999999999</gx:fovy>
			<altitudeMode>absolute</altitudeMode>
		</Camera>
		<styleUrl>#__managed_style_0A6B76B15B2A0E750C46</styleUrl>
		<Point>
			<altitudeMode>relativeToGround</altitudeMode>
			<coordinates>104.5496569913607,17.31503800257348,0</coordinates>
		</Point>
	</Placemark>
	<Placemark id="0A9A35AC5E29F76C9C0F">
		<name>MD3-DB-2276-0100-0+090</name>
		<Camera>
			<gx:ViewerOptions>
				<gx:option name="streetview"></gx:option>
				<gx:streetViewPanoId>qQ7pRQcKpMn7VyhdcFK-wA</gx:streetViewPanoId>
			</gx:ViewerOptions>
			<longitude>104.5496805730548</longitude>
			<latitude>17.31467405423964</latitude>
			<altitude>165.4632415771125</altitude>
			<heading>290.5240824201379</heading>
			<tilt>67.46813753880835</tilt>
			<roll>0</roll>
			<gx:fovy>59.99999999999999</gx:fovy>
			<altitudeMode>absolute</altitudeMode>
		</Camera>
		<styleUrl>#__managed_style_0A6B76B15B2A0E750C46</styleUrl>
		<Point>
			<altitudeMode>relativeToGround</altitudeMode>
			<coordinates>104.5496299629765,17.31472921989221,0</coordinates>
		</Point>
	</Placemark>
	<Placemark id="0D3F04F2E029F76E84F5">
		<name>LT1-SG-2276-0100-0+138</name>
		<Camera>
			<gx:ViewerOptions>
				<gx:option name="streetview"></gx:option>
				<gx:streetViewPanoId>KocE3HzNFG-BLDffEGKXgQ</gx:streetViewPanoId>
			</gx:ViewerOptions>
			<longitude>104.5496566594835</longitude>
			<latitude>17.31448923228812</latitude>
			<altitude>165.6361701580385</altitude>
			<heading>218.5231136917922</heading>
			<tilt>96.23548998413251</tilt>
			<roll>0</roll>
			<gx:fovy>59.99999999999999</gx:fovy>
			<altitudeMode>absolute</altitudeMode>
		</Camera>
		<styleUrl>#__managed_style_0A6B76B15B2A0E750C46</styleUrl>
		<Point>
			<altitudeMode>relativeToGround</altitudeMode>
			<coordinates>104.5496622060404,17.31439781687394,0</coordinates>
		</Point>
	</Placemark>
	<Placemark id="06728CB20229F76FC5A7">
		<name>RT1-SG-2276-0100-0+142</name>
		<Camera>
			<gx:ViewerOptions>
				<gx:option name="streetview"></gx:option>
				<gx:streetViewPanoId>KocE3HzNFG-BLDffEGKXgQ</gx:streetViewPanoId>
			</gx:ViewerOptions>
			<longitude>104.5496566594835</longitude>
			<latitude>17.31448923228813</latitude>
			<altitude>165.6361701566238</altitude>
			<heading>207.6512481699093</heading>
			<tilt>93.61643411141961</tilt>
			<roll>0</roll>
			<gx:fovy>59.99999999999999</gx:fovy>
			<altitudeMode>absolute</altitudeMode>
		</Camera>
		<styleUrl>#__managed_style_0A6B76B15B2A0E750C46</styleUrl>
		<Point>
			<altitudeMode>relativeToGround</altitudeMode>
			<coordinates>104.5495373772168,17.31440350884211,0</coordinates>
		</Point>
	</Placemark>
	<Placemark id="0959A5FDB229F77EEDD2">
		<name>RT2-SG-2276-0100-7+365</name>
		<Camera>
			<gx:ViewerOptions>
				<gx:option name="streetview"></gx:option>
				<gx:streetViewPanoId>Yfp2E68PmOFPo70uHq5P4Q</gx:streetViewPanoId>
			</gx:ViewerOptions>
			<longitude>104.5359993427916</longitude>
			<latitude>17.25291331823484</latitude>
			<altitude>183.1139068603516</altitude>
			<heading>209.8021826287909</heading>
			<tilt>85.52310439572996</tilt>
			<roll>0</roll>
			<gx:fovy>59.99999999999999</gx:fovy>
			<altitudeMode>absolute</altitudeMode>
		</Camera>
		<styleUrl>#__managed_style_0A6B76B15B2A0E750C46</styleUrl>
		<Point>
			<altitudeMode>relativeToGround</altitudeMode>
			<coordinates>104.5359503308025,17.25289638637936,0</coordinates>
		</Point>
	</Placemark>
	<Placemark id="010436C4DE29F780FFD4">
		<name>RT3-SG-2276-0100-7+410</name>
		<Camera>
			<gx:ViewerOptions>
				<gx:option name="streetview"></gx:option>
				<gx:streetViewPanoId>ZULg5xGNwcvfxOd5vYxIZg</gx:streetViewPanoId>
			</gx:ViewerOptions>
			<longitude>104.5359615645697</longitude>
			<latitude>17.25254467412121</latitude>
			<altitude>182.7860717773438</altitude>
			<heading>209.8021826287907</heading>
			<tilt>84.91302303806633</tilt>
			<roll>0</roll>
			<gx:fovy>59.99999999999999</gx:fovy>
			<altitudeMode>absolute</altitudeMode>
		</Camera>
		<styleUrl>#__managed_style_0A6B76B15B2A0E750C46</styleUrl>
		<Point>
			<altitudeMode>relativeToGround</altitudeMode>
			<coordinates>104.5359286931399,17.25251829258379,0</coordinates>
		</Point>
	</Placemark>
	<Placemark id="02AF62A62E29F783DC14">
		<name>RT4-SG-2276-0100-7+455</name>
		<Camera>
			<gx:ViewerOptions>
				<gx:option name="streetview"></gx:option>
				<gx:streetViewPanoId>n8PnE_JzmeNbsmry9iRmNA</gx:streetViewPanoId>
			</gx:ViewerOptions>
			<longitude>104.5359225418988</longitude>
			<latitude>17.25222355002298</latitude>
			<altitude>182.5192260742188</altitude>
			<heading>218.7211633635991</heading>
			<tilt>84.90504928039152</tilt>
			<roll>0</roll>
			<gx:fovy>59.99999999999999</gx:fovy>
			<altitudeMode>absolute</altitudeMode>
		</Camera>
		<styleUrl>#__managed_style_0A6B76B15B2A0E750C46</styleUrl>
		<Point>
			<altitudeMode>relativeToGround</altitudeMode>
			<coordinates>104.5358903069148,17.25219578968811,0</coordinates>
		</Point>
	</Placemark>
	<Placemark id="0A4A0B70F429F78521B4">
		<name>RT5-SG-2276-0100-7+500</name>
		<Camera>
			<gx:ViewerOptions>
				<gx:option name="streetview"></gx:option>
				<gx:streetViewPanoId>GVBdNaVKOBluwIKhTWDgmQ</gx:streetViewPanoId>
			</gx:ViewerOptions>
			<longitude>104.5358883192914</longitude>
			<latitude>17.2519024257366</latitude>
			<altitude>182.2531127929688</altitude>
			<heading>218.7211633635991</heading>
			<tilt>84.90497205951104</tilt>
			<roll>0</roll>
			<gx:fovy>59.99999999999999</gx:fovy>
			<altitudeMode>absolute</altitudeMode>
		</Camera>
		<styleUrl>#__managed_style_0A6B76B15B2A0E750C46</styleUrl>
		<Point>
			<altitudeMode>relativeToGround</altitudeMode>
			<coordinates>104.5358379994184,17.25183174391048,0</coordinates>
		</Point>
	</Placemark>
	<Placemark id="041317A8DD29F78642DA">
		<name>RT6-SG-2276-0100-7+545</name>
		<Camera>
			<gx:ViewerOptions>
				<gx:option name="streetview"></gx:option>
				<gx:streetViewPanoId>vYzxrsBqFzMpQMDDDOcEAA</gx:streetViewPanoId>
			</gx:ViewerOptions>
			<longitude>104.5358490299699</longitude>
			<latitude>17.25158167388977</latitude>
			<altitude>181.9484558105469</altitude>
			<heading>218.7211633635991</heading>
			<tilt>84.8105674080806</tilt>
			<roll>0</roll>
			<gx:fovy>59.99999999999999</gx:fovy>
			<altitudeMode>absolute</altitudeMode>
		</Camera>
		<styleUrl>#__managed_style_0A6B76B15B2A0E750C46</styleUrl>
		<Point>
			<altitudeMode>relativeToGround</altitudeMode>
			<coordinates>104.5357987778293,17.25153743973903,0</coordinates>
		</Point>
	</Placemark>
	<Placemark id="05EBB3149729F787C22B">
		<name>RT7-SG-2276-0100-7+590</name>
		<Camera>
			<gx:ViewerOptions>
				<gx:option name="streetview"></gx:option>
				<gx:streetViewPanoId>0M47BVWBoxTkQrfMwnY95w</gx:streetViewPanoId>
			</gx:ViewerOptions>
			<longitude>104.5357873404226</longitude>
			<latitude>17.25121865907085</latitude>
			<altitude>181.6062927246094</altitude>
			<heading>218.5226009757534</heading>
			<tilt>85</tilt>
			<roll>0</roll>
			<gx:fovy>59.99999999999999</gx:fovy>
			<altitudeMode>absolute</altitudeMode>
		</Camera>
		<styleUrl>#__managed_style_0A6B76B15B2A0E750C46</styleUrl>
		<Point>
			<altitudeMode>relativeToGround</altitudeMode>
			<coordinates>104.5357254968853,17.25116279175856,0</coordinates>
		</Point>
	</Placemark>
	<Placemark id="005234C7A329F788E0DE">
		<name>RT8-SG-2276-0100-7+635</name>
		<Camera>
			<gx:ViewerOptions>
				<gx:option name="streetview"></gx:option>
				<gx:streetViewPanoId>8TknyM90YaYJLDnWVK8HGQ</gx:streetViewPanoId>
			</gx:ViewerOptions>
			<longitude>104.5356888505351</longitude>
			<latitude>17.25077097053925</latitude>
			<altitude>181.28662109375</altitude>
			<heading>218.4262243364759</heading>
			<tilt>85.00000000000003</tilt>
			<roll>0</roll>
			<gx:fovy>59.99999999999999</gx:fovy>
			<altitudeMode>absolute</altitudeMode>
		</Camera>
		<styleUrl>#__managed_style_0A6B76B15B2A0E750C46</styleUrl>
		<Point>
			<altitudeMode>relativeToGround</altitudeMode>
			<coordinates>104.5356259255997,17.25073891808375,0</coordinates>
		</Point>
	</Placemark>
	<Placemark id="0D2D51770E29F789EA22">
		<name>RT9-SG-2276-0100-7+680</name>
		<Camera>
			<gx:ViewerOptions>
				<gx:option name="streetview"></gx:option>
				<gx:streetViewPanoId>PuDnjUUoQzJqvwUkgjCU_w</gx:streetViewPanoId>
			</gx:ViewerOptions>
			<longitude>104.5355986274548</longitude>
			<latitude>17.2504140994344</latitude>
			<altitude>181.0591278076172</altitude>
			<heading>218.4262243307463</heading>
			<tilt>84.80925993250459</tilt>
			<roll>0</roll>
			<gx:fovy>59.99999999999999</gx:fovy>
			<altitudeMode>absolute</altitudeMode>
		</Camera>
		<styleUrl>#__managed_style_0A6B76B15B2A0E750C46</styleUrl>
		<Point>
			<altitudeMode>relativeToGround</altitudeMode>
			<coordinates>104.53553511705,17.25034034592016,0</coordinates>
		</Point>
	</Placemark>
	<Placemark id="01B41CE3BE29F78A8F72">
		<name>RT10-SG-2276-0100-7+725</name>
		<Camera>
			<gx:ViewerOptions>
				<gx:option name="streetview"></gx:option>
				<gx:streetViewPanoId>IE9-HndFVJjJlLqi22NF4g</gx:streetViewPanoId>
			</gx:ViewerOptions>
			<longitude>104.5354858264583</longitude>
			<latitude>17.24996869451116</latitude>
			<altitude>180.6988067626953</altitude>
			<heading>218.2280544948277</heading>
			<tilt>84.70927221781092</tilt>
			<roll>0</roll>
			<gx:fovy>59.99999999999999</gx:fovy>
			<altitudeMode>absolute</altitudeMode>
		</Camera>
		<styleUrl>#__managed_style_0A6B76B15B2A0E750C46</styleUrl>
		<Point>
			<altitudeMode>relativeToGround</altitudeMode>
			<coordinates>104.535428332007,17.24992708006412,0</coordinates>
		</Point>
	</Placemark>
	<Placemark id="022B2DF2E229F78BC3FE">
		<name>RT11-SG-2276-0100-7+770</name>
		<Camera>
			<gx:ViewerOptions>
				<gx:option name="streetview"></gx:option>
				<gx:streetViewPanoId>PwsdskZylZIQPuwcUu-AlA</gx:streetViewPanoId>
			</gx:ViewerOptions>
			<longitude>104.5353981812981</longitude>
			<latitude>17.24961313061042</latitude>
			<altitude>180.4519653320312</altitude>
			<heading>218.2280544948277</heading>
			<tilt>84.70927221781091</tilt>
			<roll>0</roll>
			<gx:fovy>59.99999999999999</gx:fovy>
			<altitudeMode>absolute</altitudeMode>
		</Camera>
		<styleUrl>#__managed_style_0A6B76B15B2A0E750C46</styleUrl>
		<Point>
			<altitudeMode>relativeToGround</altitudeMode>
			<coordinates>104.5353310488954,17.24956811915089,0</coordinates>
		</Point>
	</Placemark>
	<Placemark id="0B52AEA69329F78CE139">
		<name>RT12-SG-2276-0100-7+815</name>
		<Camera>
			<gx:ViewerOptions>
				<gx:option name="streetview"></gx:option>
				<gx:streetViewPanoId>jalmkQZSbL1PMhhG5GjLAA</gx:streetViewPanoId>
			</gx:ViewerOptions>
			<longitude>104.5352825359876</longitude>
			<latitude>17.24916890322569</latitude>
			<altitude>180.0868072509766</altitude>
			<heading>218.0275040910021</heading>
			<tilt>84.99999999999999</tilt>
			<roll>0</roll>
			<gx:fovy>59.99999999999999</gx:fovy>
			<altitudeMode>absolute</altitudeMode>
		</Camera>
		<styleUrl>#__managed_style_0A6B76B15B2A0E750C46</styleUrl>
		<Point>
			<altitudeMode>relativeToGround</altitudeMode>
			<coordinates>104.5352318205101,17.24916292911752,0</coordinates>
		</Point>
	</Placemark>
	<Placemark id="0120014DAA29F78DE402">
		<name>RT13-SG-2276-0100-7+860</name>
		<Camera>
			<gx:ViewerOptions>
				<gx:option name="streetview"></gx:option>
				<gx:streetViewPanoId>0-NE1jWrhwGKGCiAYo3_pQ</gx:streetViewPanoId>
			</gx:ViewerOptions>
			<longitude>104.5351786241744</longitude>
			<latitude>17.24880054359687</latitude>
			<altitude>179.9103393554688</altitude>
			<heading>218.027504091002</heading>
			<tilt>85</tilt>
			<roll>0</roll>
			<gx:fovy>59.99999999999999</gx:fovy>
			<altitudeMode>absolute</altitudeMode>
		</Camera>
		<styleUrl>#__managed_style_0A6B76B15B2A0E750C46</styleUrl>
		<Point>
			<altitudeMode>relativeToGround</altitudeMode>
			<coordinates>104.535138533653,17.2488084420098,0</coordinates>
		</Point>
	</Placemark>
	<Placemark id="04D075E22A29F78F1143">
		<name>RT14-SG-2276-0100-7+905</name>
		<Camera>
			<gx:ViewerOptions>
				<gx:option name="streetview"></gx:option>
				<gx:streetViewPanoId>DN0_8tjPhJaweUQ-RgNtSQ</gx:streetViewPanoId>
			</gx:ViewerOptions>
			<longitude>104.5350601345727</longitude>
			<latitude>17.24838001956457</latitude>
			<altitude>179.5287322998047</altitude>
			<heading>232.8656326520567</heading>
			<tilt>79.69098901730126</tilt>
			<roll>0</roll>
			<gx:fovy>59.99999999999999</gx:fovy>
			<altitudeMode>absolute</altitudeMode>
		</Camera>
		<styleUrl>#__managed_style_0A6B76B15B2A0E750C46</styleUrl>
		<Point>
			<altitudeMode>relativeToGround</altitudeMode>
			<coordinates>104.5350061849399,17.24838235410826,0</coordinates>
		</Point>
	</Placemark>
	<Placemark id="067003617129F79027D7">
		<name>RT15-SG-2276-0100-7+950</name>
		<Camera>
			<gx:ViewerOptions>
				<gx:option name="streetview"></gx:option>
				<gx:streetViewPanoId>XhEN0UC5v5-SK7Xb_eBxXg</gx:streetViewPanoId>
			</gx:ViewerOptions>
			<longitude>104.5349596007079</longitude>
			<latitude>17.24802241143315</latitude>
			<altitude>179.2977294928773</altitude>
			<heading>233.0649598974495</heading>
			<tilt>85.66190202260445</tilt>
			<roll>0</roll>
			<gx:fovy>59.99999999999999</gx:fovy>
			<altitudeMode>absolute</altitudeMode>
		</Camera>
		<styleUrl>#__managed_style_0A6B76B15B2A0E750C46</styleUrl>
		<Point>
			<altitudeMode>relativeToGround</altitudeMode>
			<coordinates>104.5349094230292,17.24799667544074,0</coordinates>
		</Point>
	</Placemark>
	<Placemark id="0FAAC8B2C829F79A2519">
		<name>RT16-SG-2276-0100-7+995</name>
		<Camera>
			<gx:ViewerOptions>
				<gx:option name="streetview"></gx:option>
				<gx:streetViewPanoId>D1WhCR4DZSKm0Q7J-dAC9A</gx:streetViewPanoId>
			</gx:ViewerOptions>
			<longitude>104.5348246667673</longitude>
			<latitude>17.24756561094921</latitude>
			<altitude>178.9513702397718</altitude>
			<heading>265.7825774775372</heading>
			<tilt>67.66268691208167</tilt>
			<roll>0</roll>
			<gx:fovy>70.62823433621088</gx:fovy>
			<altitudeMode>absolute</altitudeMode>
		</Camera>
		<styleUrl>#__managed_style_0A6B76B15B2A0E750C46</styleUrl>
		<Point>
			<altitudeMode>relativeToGround</altitudeMode>
			<coordinates>104.5347712325971,17.24756030831316,0</coordinates>
		</Point>
	</Placemark>
	<Placemark id="02F7A6A69829F7A6078D">
		<name>RT17-SG-2276-0100-8+040</name>
		<Camera>
			<gx:ViewerOptions>
				<gx:option name="streetview"></gx:option>
				<gx:streetViewPanoId>RDqpnaGsi8r2I_Z1v5jjDQ</gx:streetViewPanoId>
			</gx:ViewerOptions>
			<longitude>104.5347386219989</longitude>
			<latitude>17.24728868362144</latitude>
			<altitude>178.7591857916303</altitude>
			<heading>233.4009475707807</heading>
			<tilt>83.15395961090171</tilt>
			<roll>0</roll>
			<gx:fovy>59.99999999999999</gx:fovy>
			<altitudeMode>absolute</altitudeMode>
		</Camera>
		<styleUrl>#__managed_style_0A6B76B15B2A0E750C46</styleUrl>
		<Point>
			<altitudeMode>relativeToGround</altitudeMode>
			<coordinates>104.5346845138308,17.24725842390043,0</coordinates>
		</Point>
	</Placemark>
	<Placemark id="057AEE74C629F7A84DEB">
		<name>RT18-SG-2276-0100-8+085</name>
		<Camera>
			<gx:ViewerOptions>
				<gx:option name="streetview"></gx:option>
				<gx:streetViewPanoId>0kwkWYmpkcGcFm0qPuNtbw</gx:streetViewPanoId>
			</gx:ViewerOptions>
			<longitude>104.5345931104524</longitude>
			<latitude>17.24682914059624</latitude>
			<altitude>178.3236389160156</altitude>
			<heading>237.0825131595554</heading>
			<tilt>84.73007868535124</tilt>
			<roll>0</roll>
			<gx:fovy>59.99999999999999</gx:fovy>
			<altitudeMode>absolute</altitudeMode>
		</Camera>
		<styleUrl>#__managed_style_0A6B76B15B2A0E750C46</styleUrl>
		<Point>
			<altitudeMode>relativeToGround</altitudeMode>
			<coordinates>104.5345432537147,17.24681350267171,0</coordinates>
		</Point>
	</Placemark>
	<Placemark id="0A9455C23529F7A9441C">
		<name>RT19-SG-2276-0100-8+130</name>
		<Camera>
			<gx:ViewerOptions>
				<gx:option name="streetview"></gx:option>
				<gx:streetViewPanoId>fP89OYbydS6VopLFm_XwOA</gx:streetViewPanoId>
			</gx:ViewerOptions>
			<longitude>104.53447213242</longitude>
			<latitude>17.24646449914016</latitude>
			<altitude>178.0522155761719</altitude>
			<heading>236.9879947193857</heading>
			<tilt>84.73007868535126</tilt>
			<roll>0</roll>
			<gx:fovy>59.99999999999999</gx:fovy>
			<altitudeMode>absolute</altitudeMode>
		</Camera>
		<styleUrl>#__managed_style_0A6B76B15B2A0E750C46</styleUrl>
		<Point>
			<altitudeMode>relativeToGround</altitudeMode>
			<coordinates>104.5344034624832,17.24643612304401,0</coordinates>
		</Point>
	</Placemark>
	<Placemark id="0DC1E0252829F7ACBB78">
		<name>RT20-SG-2276-0100-8+175</name>
		<Camera>
			<gx:ViewerOptions>
				<gx:option name="streetview"></gx:option>
				<gx:streetViewPanoId>zHJ9Urq3Ghr_7rGELp32kw</gx:streetViewPanoId>
			</gx:ViewerOptions>
			<longitude>104.5343510655962</longitude>
			<latitude>17.24610329603861</latitude>
			<altitude>177.7735900878906</altitude>
			<heading>236.7897940970592</heading>
			<tilt>84.90352089975696</tilt>
			<roll>0</roll>
			<gx:fovy>59.99999999999999</gx:fovy>
			<altitudeMode>absolute</altitudeMode>
		</Camera>
		<styleUrl>#__managed_style_0A6B76B15B2A0E750C46</styleUrl>
		<Point>
			<altitudeMode>relativeToGround</altitudeMode>
			<coordinates>104.5343050547767,17.24609213399997,0</coordinates>
		</Point>
	</Placemark>
	<Placemark id="0E1A79EA5329F7AF2C0A">
		<name>RT21-SG-2276-0100-8+220</name>
		<Camera>
			<gx:ViewerOptions>
				<gx:option name="streetview"></gx:option>
				<gx:streetViewPanoId>VARl1hvbcey6W0revVPO3g</gx:streetViewPanoId>
			</gx:ViewerOptions>
			<longitude>104.5342302655369</longitude>
			<latitude>17.24574198554224</latitude>
			<altitude>177.4482269292081</altitude>
			<heading>230.5950026120009</heading>
			<tilt>81.9702272171961</tilt>
			<roll>0</roll>
			<gx:fovy>60.00000000008634</gx:fovy>
			<altitudeMode>absolute</altitudeMode>
		</Camera>
		<styleUrl>#__managed_style_0A6B76B15B2A0E750C46</styleUrl>
		<Point>
			<altitudeMode>relativeToGround</altitudeMode>
			<coordinates>104.5341710094791,17.24572336131124,0</coordinates>
		</Point>
	</Placemark>
	<Placemark id="06B22E2F8E29F7B5DC0E">
		<name>RT22-SG-2276-0100-8+265</name>
		<Camera>
			<gx:ViewerOptions>
				<gx:option name="streetview"></gx:option>
				<gx:streetViewPanoId>NFxeQPXx0XLd-vmDwuriDw</gx:streetViewPanoId>
			</gx:ViewerOptions>
			<longitude>104.5341702655435</longitude>
			<latitude>17.24556125700127</latitude>
			<altitude>177.3397369380635</altitude>
			<heading>223.5589935129928</heading>
			<tilt>93.02934781920949</tilt>
			<roll>0</roll>
			<gx:fovy>59.99999999999999</gx:fovy>
			<altitudeMode>absolute</altitudeMode>
		</Camera>
		<styleUrl>#__managed_style_0A6B76B15B2A0E750C46</styleUrl>
		<Point>
			<altitudeMode>relativeToGround</altitudeMode>
			<coordinates>104.534100878535,17.2455101517988,0</coordinates>
		</Point>
	</Placemark>
	<Placemark id="02FD12BDBE29F7B6AE13">
		<name>RT23-SG-2270-0100-8+310</name>
		<Camera>
			<gx:ViewerOptions>
				<gx:option name="streetview"></gx:option>
				<gx:streetViewPanoId>S_OP_ETzjE401ca1XMgFMg</gx:streetViewPanoId>
			</gx:ViewerOptions>
			<longitude>104.5340800433765</longitude>
			<latitude>17.24529132446462</latitude>
			<altitude>177.1078186035156</altitude>
			<heading>219.9387692916509</heading>
			<tilt>97.83963938755869</tilt>
			<roll>0</roll>
			<gx:fovy>59.99999999999999</gx:fovy>
			<altitudeMode>absolute</altitudeMode>
		</Camera>
		<styleUrl>#__managed_style_0A6B76B15B2A0E750C46</styleUrl>
		<Point>
			<altitudeMode>relativeToGround</altitudeMode>
			<coordinates>104.533991058966,17.24523961799752,0</coordinates>
		</Point>
	</Placemark>
	<Placemark id="0F41D9EEF729F7B84861">
		<name>RT24-SG-2276-0100-8+355</name>
		<Camera>
			<gx:ViewerOptions>
				<gx:option name="streetview"></gx:option>
				<gx:streetViewPanoId>gPwjMHw_q3PzF62UMmkTTQ</gx:streetViewPanoId>
			</gx:ViewerOptions>
			<longitude>104.5339595990903</longitude>
			<latitude>17.24493297994238</latitude>
			<altitude>176.8488922119141</altitude>
			<heading>247.7870081623049</heading>
			<tilt>85.97406925756417</tilt>
			<roll>0</roll>
			<gx:fovy>60.0089173098951</gx:fovy>
			<altitudeMode>absolute</altitudeMode>
		</Camera>
		<styleUrl>#__managed_style_0A6B76B15B2A0E750C46</styleUrl>
		<Point>
			<altitudeMode>relativeToGround</altitudeMode>
			<coordinates>104.533883620546,17.24489697545851,0</coordinates>
		</Point>
	</Placemark>
	<Placemark id="0D2F3131F829F7B908F3">
		<name>RT25-SG-2270-0100-8+400</name>
		<Camera>
			<gx:ViewerOptions>
				<gx:option name="streetview"></gx:option>
				<gx:streetViewPanoId>QZYbHAMj1hUR2r94-eK5WQ</gx:streetViewPanoId>
			</gx:ViewerOptions>
			<longitude>104.5338357771316</longitude>
			<latitude>17.24453044825946</latitude>
			<altitude>176.5566558837891</altitude>
			<heading>258.9281124046747</heading>
			<tilt>71.13169494977559</tilt>
			<roll>0</roll>
			<gx:fovy>59.99999999999999</gx:fovy>
			<altitudeMode>absolute</altitudeMode>
		</Camera>
		<styleUrl>#__managed_style_0A6B76B15B2A0E750C46</styleUrl>
		<Point>
			<altitudeMode>relativeToGround</altitudeMode>
			<coordinates>104.5337985767124,17.24456665572244,0</coordinates>
		</Point>
	</Placemark>
	<Placemark id="0A847A1EFB29F7B99D37">
		<name>RT26-SG-2276-0100-8+445</name>
		<Camera>
			<gx:ViewerOptions>
				<gx:option name="streetview"></gx:option>
				<gx:streetViewPanoId>WxOsxRhJFz5psnAsstCAew</gx:streetViewPanoId>
			</gx:ViewerOptions>
			<longitude>104.5337579995716</longitude>
			<latitude>17.24425942673097</latitude>
			<altitude>176.3753814697266</altitude>
			<heading>259.4870960797681</heading>
			<tilt>72.02409397184343</tilt>
			<roll>0</roll>
			<gx:fovy>63.67079044887888</gx:fovy>
			<altitudeMode>absolute</altitudeMode>
		</Camera>
		<styleUrl>#__managed_style_0A6B76B15B2A0E750C46</styleUrl>
		<Point>
			<altitudeMode>relativeToGround</altitudeMode>
			<coordinates>104.533706301788,17.24424991214006,0</coordinates>
		</Point>
	</Placemark>
	<Placemark id="08EB75358C29F7BA8D90">
		<name>RT27-SG-2270-0100-8+490</name>
		<Camera>
			<gx:ViewerOptions>
				<gx:option name="streetview"></gx:option>
				<gx:streetViewPanoId>C2PRFvhoDaaWQ6AR_5YSEg</gx:streetViewPanoId>
			</gx:ViewerOptions>
			<longitude>104.5336690220925</longitude>
			<latitude>17.2438902381488</latitude>
			<altitude>176.1669921875</altitude>
			<heading>297.224522252261</heading>
			<tilt>74.65348956661774</tilt>
			<roll>0</roll>
			<gx:fovy>59.99999999999999</gx:fovy>
			<altitudeMode>absolute</altitudeMode>
		</Camera>
		<styleUrl>#__managed_style_0A6B76B15B2A0E750C46</styleUrl>
		<Point>
			<altitudeMode>relativeToGround</altitudeMode>
			<coordinates>104.5336285537204,17.2439392025635,0</coordinates>
		</Point>
	</Placemark>
	<Placemark id="0A6E197DFC29F7BB59C3">
		<name>RT28-SG-2276-0100-8+535</name>
		<Camera>
			<gx:ViewerOptions>
				<gx:option name="streetview"></gx:option>
				<gx:streetViewPanoId>8O00XDyXP4Hxjke5IF6nhg</gx:streetViewPanoId>
			</gx:ViewerOptions>
			<longitude>104.5336128445304</longitude>
			<latitude>17.24356193377571</latitude>
			<altitude>176.0308685298726</altitude>
			<heading>289.8689221608761</heading>
			<tilt>82.47525248850965</tilt>
			<roll>0</roll>
			<gx:fovy>49.9742438357977</gx:fovy>
			<altitudeMode>absolute</altitudeMode>
		</Camera>
		<styleUrl>#__managed_style_0A6B76B15B2A0E750C46</styleUrl>
		<Point>
			<altitudeMode>relativeToGround</altitudeMode>
			<coordinates>104.5335672542572,17.2436198044346,0</coordinates>
		</Point>
	</Placemark>
	<Placemark id="002364997629F7BFC2B3">
		<name>RT29-SG-2276-0100-8+580</name>
		<Camera>
			<gx:ViewerOptions>
				<gx:option name="streetview"></gx:option>
				<gx:streetViewPanoId>nt0cZuHMGFaosBSJd3fsTw</gx:streetViewPanoId>
			</gx:ViewerOptions>
			<longitude>104.5335963112646</longitude>
			<latitude>17.24332671740359</latitude>
			<altitude>175.9535369873047</altitude>
			<heading>226.0522601209737</heading>
			<tilt>84.56938039377678</tilt>
			<roll>0</roll>
			<gx:fovy>60.00011405855447</gx:fovy>
			<altitudeMode>absolute</altitudeMode>
		</Camera>
		<styleUrl>#__managed_style_0A6B76B15B2A0E750C46</styleUrl>
		<Point>
			<altitudeMode>relativeToGround</altitudeMode>
			<coordinates>104.533545902619,17.24328286015909,0</coordinates>
		</Point>
	</Placemark>
	<Placemark id="05A593B0CE29F7C0445D">
		<name>RT30-SG-2276-0100-8+625</name>
		<Camera>
			<gx:ViewerOptions>
				<gx:option name="streetview"></gx:option>
				<gx:streetViewPanoId>GcPZk-s-9Lsq0NBsK6cNPA</gx:streetViewPanoId>
			</gx:ViewerOptions>
			<longitude>104.5336065334449</longitude>
			<latitude>17.24295086519533</latitude>
			<altitude>175.7530822753906</altitude>
			<heading>226.0522601209737</heading>
			<tilt>84.56938039377678</tilt>
			<roll>0</roll>
			<gx:fovy>59.99999999999999</gx:fovy>
			<altitudeMode>absolute</altitudeMode>
		</Camera>
		<styleUrl>#__managed_style_0A6B76B15B2A0E750C46</styleUrl>
		<Point>
			<altitudeMode>relativeToGround</altitudeMode>
			<coordinates>104.5335631881605,17.24295973581022,0</coordinates>
		</Point>
	</Placemark>
	<Placemark id="0667B2047129F7C1DCF6">
		<name>RT31-SG-2276-0100-8+670</name>
		<Camera>
			<gx:ViewerOptions>
				<gx:option name="streetview"></gx:option>
				<gx:streetViewPanoId>TG2IS8mb7xo1fICxG88TEg</gx:streetViewPanoId>
			</gx:ViewerOptions>
			<longitude>104.5336457332905</longitude>
			<latitude>17.24266861996468</latitude>
			<altitude>175.559326171875</altitude>
			<heading>224.2489866560822</heading>
			<tilt>75.84645730198817</tilt>
			<roll>0</roll>
			<gx:fovy>59.99999999999999</gx:fovy>
			<altitudeMode>absolute</altitudeMode>
		</Camera>
		<styleUrl>#__managed_style_0A6B76B15B2A0E750C46</styleUrl>
		<Point>
			<altitudeMode>relativeToGround</altitudeMode>
			<coordinates>104.5336057949877,17.24264891281526,0</coordinates>
		</Point>
	</Placemark>
	<Placemark id="038644462229F7C28CEE">
		<name>RT32-SG-2276-0100-8+715</name>
		<Camera>
			<gx:ViewerOptions>
				<gx:option name="streetview"></gx:option>
				<gx:streetViewPanoId>Sx7A6BRvvVneO4duqkvMIA</gx:streetViewPanoId>
			</gx:ViewerOptions>
			<longitude>104.5337610217846</longitude>
			<latitude>17.24199759563859</latitude>
			<altitude>175.2579803470538</altitude>
			<heading>234.5414017273273</heading>
			<tilt>76.74141047346752</tilt>
			<roll>0</roll>
			<gx:fovy>59.99999999999999</gx:fovy>
			<altitudeMode>absolute</altitudeMode>
		</Camera>
		<styleUrl>#__managed_style_0A6B76B15B2A0E750C46</styleUrl>
		<Point>
			<altitudeMode>relativeToGround</altitudeMode>
			<coordinates>104.5337252029787,17.24201263545787,0</coordinates>
		</Point>
	</Placemark>
	<Placemark id="0B461746FF29F7C3459C">
		<name>RT33-SG-2276-0100-8+760</name>
		<Camera>
			<gx:ViewerOptions>
				<gx:option name="streetview"></gx:option>
				<gx:streetViewPanoId>2r_Jw0zXxlkTCEV1Xt-FpQ</gx:streetViewPanoId>
			</gx:ViewerOptions>
			<longitude>104.5338082216486</longitude>
			<latitude>17.24170552578977</latitude>
			<altitude>175.1057434082031</altitude>
			<heading>234.054034437636</heading>
			<tilt>69.42847210135932</tilt>
			<roll>0</roll>
			<gx:fovy>59.99999999999999</gx:fovy>
			<altitudeMode>absolute</altitudeMode>
		</Camera>
		<styleUrl>#__managed_style_0A6B76B15B2A0E750C46</styleUrl>
		<Point>
			<altitudeMode>relativeToGround</altitudeMode>
			<coordinates>104.5337753609935,17.24168707284542,0</coordinates>
		</Point>
	</Placemark>
	<Placemark id="088970501E29F7C3D741">
		<name>RT34-SG-2276-0100-8+805</name>
		<Camera>
			<gx:ViewerOptions>
				<gx:option name="streetview"></gx:option>
				<gx:streetViewPanoId>r65eNMG-CUhsWoCEBYcYYg</gx:streetViewPanoId>
			</gx:ViewerOptions>
			<longitude>104.5338702659368</longitude>
			<latitude>17.24131214707017</latitude>
			<altitude>174.9221649169922</altitude>
			<heading>233.9567437373042</heading>
			<tilt>69.32821995119254</tilt>
			<roll>0</roll>
			<gx:fovy>59.99999999999999</gx:fovy>
			<altitudeMode>absolute</altitudeMode>
		</Camera>
		<styleUrl>#__managed_style_0A6B76B15B2A0E750C46</styleUrl>
		<Point>
			<altitudeMode>relativeToGround</altitudeMode>
			<coordinates>104.5338436593222,17.24129634596063,0</coordinates>
		</Point>
	</Placemark>
	<Placemark id="09692E86AF29F7C52875">
		<name>RT35-SG-2276-0100-8+850</name>
		<Camera>
			<gx:ViewerOptions>
				<gx:option name="streetview"></gx:option>
				<gx:streetViewPanoId>Z8Jjn11d_czVIRWisu3D-A</gx:streetViewPanoId>
			</gx:ViewerOptions>
			<longitude>104.5339310658086</longitude>
			<latitude>17.24091639678395</latitude>
			<altitude>174.7277679443359</altitude>
			<heading>250.5793510501957</heading>
			<tilt>66.2743714006575</tilt>
			<roll>0</roll>
			<gx:fovy>60.00214944821091</gx:fovy>
			<altitudeMode>absolute</altitudeMode>
		</Camera>
		<styleUrl>#__managed_style_0A6B76B15B2A0E750C46</styleUrl>
		<Point>
			<altitudeMode>relativeToGround</altitudeMode>
			<coordinates>104.5338897104317,17.24094434193558,0</coordinates>
		</Point>
	</Placemark>
	<Placemark id="0DBD6E173729F7D88963">
		<name>RT36-SG-2276-0100-10+625</name>
		<Camera>
			<gx:ViewerOptions>
				<gx:option name="streetview"></gx:option>
				<gx:streetViewPanoId>ju02dXUs4zPhnV0jXnJykQ</gx:streetViewPanoId>
			</gx:ViewerOptions>
			<longitude>104.5298793060426</longitude>
			<latitude>17.2249688368376</latitude>
			<altitude>178.9335327148438</altitude>
			<heading>235.4066066160949</heading>
			<tilt>76.49978627998622</tilt>
			<roll>0</roll>
			<gx:fovy>59.96449075342522</gx:fovy>
			<altitudeMode>absolute</altitudeMode>
		</Camera>
		<styleUrl>#__managed_style_0A6B76B15B2A0E750C46</styleUrl>
		<Point>
			<altitudeMode>relativeToGround</altitudeMode>
			<coordinates>104.5297186810667,17.22454711786671,0</coordinates>
		</Point>
	</Placemark>
	<Placemark id="082FB38CED29F7DA9417">
		<name>RT37-SG-2276-0100-10+670</name>
		<Camera>
			<gx:ViewerOptions>
				<gx:option name="streetview"></gx:option>
				<gx:streetViewPanoId>xAdwftfrkmQTzZ_Mi3pMsQ</gx:streetViewPanoId>
			</gx:ViewerOptions>
			<longitude>104.5297961084723</longitude>
			<latitude>17.22457663047985</latitude>
			<altitude>180.4062347412109</altitude>
			<heading>245.7552625403914</heading>
			<tilt>75.33220307120651</tilt>
			<roll>0</roll>
			<gx:fovy>59.99999999999999</gx:fovy>
			<altitudeMode>absolute</altitudeMode>
		</Camera>
		<styleUrl>#__managed_style_0A6B76B15B2A0E750C46</styleUrl>
		<Point>
			<altitudeMode>relativeToGround</altitudeMode>
			<coordinates>104.5297959691046,17.22492293374214,0</coordinates>
		</Point>
	</Placemark>
	<Placemark id="08F87B592F29F7E35CAD">
		<name>RT38-SG-2276-0100-10+715</name>
		<Camera>
			<gx:ViewerOptions>
				<gx:option name="streetview"></gx:option>
				<gx:streetViewPanoId>iD5QdI1ajgU3VFOrlKA1LA</gx:streetViewPanoId>
			</gx:ViewerOptions>
			<longitude>104.5297178885765</longitude>
			<latitude>17.22419769719436</latitude>
			<altitude>181.3560791015625</altitude>
			<heading>245.7552625346617</heading>
			<tilt>84.9011117474641</tilt>
			<roll>0</roll>
			<gx:fovy>59.99999999999999</gx:fovy>
			<altitudeMode>absolute</altitudeMode>
		</Camera>
		<styleUrl>#__managed_style_0A6B76B15B2A0E750C46</styleUrl>
		<Point>
			<altitudeMode>relativeToGround</altitudeMode>
			<coordinates>104.5296439987888,17.22418204908512,0</coordinates>
		</Point>
	</Placemark>
	<Placemark id="01CFEF424529F7EF7935">
		<name>RT39-SG-2276-0100-10+760</name>
		<Camera>
			<gx:ViewerOptions>
				<gx:option name="streetview"></gx:option>
				<gx:streetViewPanoId>20hWU8mqeSRatHOTzPbicQ</gx:streetViewPanoId>
			</gx:ViewerOptions>
			<longitude>104.5296421575344</longitude>
			<latitude>17.22383635463372</latitude>
			<altitude>181.2232208251953</altitude>
			<heading>243.0384183775778</heading>
			<tilt>75.91325593467442</tilt>
			<roll>0</roll>
			<gx:fovy>59.99999999999999</gx:fovy>
			<altitudeMode>absolute</altitudeMode>
		</Camera>
		<styleUrl>#__managed_style_0A6B76B15B2A0E750C46</styleUrl>
		<Point>
			<altitudeMode>relativeToGround</altitudeMode>
			<coordinates>104.5295888689355,17.22384193093168,0</coordinates>
		</Point>
	</Placemark>
	<Placemark id="0E997B5DDF29F7F36069">
		<name>RT40-SG-2276-0100-10+805</name>
		<Camera>
			<gx:ViewerOptions>
				<gx:option name="streetview"></gx:option>
				<gx:streetViewPanoId>pjehouMFrzCGz7HMjWrlkw</gx:streetViewPanoId>
			</gx:ViewerOptions>
			<longitude>104.5295642043774</longitude>
			<latitude>17.22346998424084</latitude>
			<altitude>180.6160736083984</altitude>
			<heading>282.109780195684</heading>
			<tilt>73.07191058170346</tilt>
			<roll>0</roll>
			<gx:fovy>59.99999999999999</gx:fovy>
			<altitudeMode>absolute</altitudeMode>
		</Camera>
		<styleUrl>#__managed_style_0A6B76B15B2A0E750C46</styleUrl>
		<Point>
			<altitudeMode>relativeToGround</altitudeMode>
			<coordinates>104.5294981837086,17.22349246384125,0</coordinates>
		</Point>
	</Placemark>
	<Placemark id="0DC92AE72329F7F4B320">
		<name>RT41-SG-2276-0100-10+850</name>
		<Camera>
			<gx:ViewerOptions>
				<gx:option name="streetview"></gx:option>
				<gx:streetViewPanoId>xZDvCsSjBgu7YkPUccaPNA</gx:streetViewPanoId>
			</gx:ViewerOptions>
			<longitude>104.5295235834211</longitude>
			<latitude>17.22327596571132</latitude>
			<altitude>180.2356872558594</altitude>
			<heading>231.8567227140136</heading>
			<tilt>84.95737013016186</tilt>
			<roll>0</roll>
			<gx:fovy>40.97749251936045</gx:fovy>
			<altitudeMode>absolute</altitudeMode>
		</Camera>
		<styleUrl>#__managed_style_0A6B76B15B2A0E750C46</styleUrl>
		<Point>
			<altitudeMode>relativeToGround</altitudeMode>
			<coordinates>104.5294569003031,17.22323217790099,0</coordinates>
		</Point>
	</Placemark>
	<Placemark id="01260590EE29F7F5BCB4">
		<name>RT42-SG-2276-0100-10+895</name>
		<Camera>
			<gx:ViewerOptions>
				<gx:option name="streetview"></gx:option>
				<gx:streetViewPanoId>No_P1IRiD3u7OQiIfdUE2Q</gx:streetViewPanoId>
			</gx:ViewerOptions>
			<longitude>104.5294618075896</longitude>
			<latitude>17.22298108471509</latitude>
			<altitude>179.8079681393998</altitude>
			<heading>225.8544757375325</heading>
			<tilt>91.12895469365219</tilt>
			<roll>0</roll>
			<gx:fovy>59.99999999999999</gx:fovy>
			<altitudeMode>absolute</altitudeMode>
		</Camera>
		<styleUrl>#__managed_style_0A6B76B15B2A0E750C46</styleUrl>
		<Point>
			<altitudeMode>relativeToGround</altitudeMode>
			<coordinates>104.5294169814555,17.22297796654503,0</coordinates>
		</Point>
	</Placemark>
	<Placemark id="02C38B1A1A29F7F67028">
		<name>RT42-SG-2276-0100-10+940</name>
		<Camera>
			<gx:ViewerOptions>
				<gx:option name="streetview"></gx:option>
				<gx:streetViewPanoId>RoQ646Hm4kXatCvOrZg_wA</gx:streetViewPanoId>
			</gx:ViewerOptions>
			<longitude>104.5293973652025</longitude>
			<latitude>17.22269044664063</latitude>
			<altitude>179.7203369140625</altitude>
			<heading>215.5463843953171</heading>
			<tilt>94.25393484880928</tilt>
			<roll>0</roll>
			<gx:fovy>59.99999999999999</gx:fovy>
			<altitudeMode>absolute</altitudeMode>
		</Camera>
		<styleUrl>#__managed_style_0A6B76B15B2A0E750C46</styleUrl>
		<Point>
			<altitudeMode>relativeToGround</altitudeMode>
			<coordinates>104.5293388758327,17.22268568860482,0</coordinates>
		</Point>
	</Placemark>
	<Placemark id="0C41F4F07529F7F73574">
		<name>RT43-SG-2276-0100-10+985</name>
		<Camera>
			<gx:ViewerOptions>
				<gx:option name="streetview"></gx:option>
				<gx:streetViewPanoId>x0L5a6IU7o9KVgBBkgJG8w</gx:streetViewPanoId>
			</gx:ViewerOptions>
			<longitude>104.5293092791707</longitude>
			<latitude>17.22230783917179</latitude>
			<altitude>179.7957000732422</altitude>
			<heading>222.649341186785</heading>
			<tilt>89.86901060333747</tilt>
			<roll>0</roll>
			<gx:fovy>59.9999905544187</gx:fovy>
			<altitudeMode>absolute</altitudeMode>
		</Camera>
		<styleUrl>#__managed_style_0A6B76B15B2A0E750C46</styleUrl>
		<Point>
			<altitudeMode>relativeToGround</altitudeMode>
			<coordinates>104.5292374192841,17.22229093641401,0</coordinates>
		</Point>
	</Placemark>
	<Placemark id="0A8378B90E29F7F7B4EB">
		<name>RT44-SG-2276-0100-11+030</name>
		<Camera>
			<gx:ViewerOptions>
				<gx:option name="streetview"></gx:option>
				<gx:streetViewPanoId>N0Ox0tgbki0XANkAx7UyCg</gx:streetViewPanoId>
			</gx:ViewerOptions>
			<longitude>104.5292428813586</longitude>
			<latitude>17.22202235995853</latitude>
			<altitude>179.7546997067392</altitude>
			<heading>222.6493411867849</heading>
			<tilt>89.86901060333751</tilt>
			<roll>0</roll>
			<gx:fovy>59.99999999999999</gx:fovy>
			<altitudeMode>absolute</altitudeMode>
		</Camera>
		<styleUrl>#__managed_style_0A6B76B15B2A0E750C46</styleUrl>
		<Point>
			<altitudeMode>relativeToGround</altitudeMode>
			<coordinates>104.5291604419577,17.22201291320273,0</coordinates>
		</Point>
	</Placemark>
	<Placemark id="0430AFE7A429F7FA8EB0">
		<name>RT46-SG-2276-0100-11+030</name>
		<Camera>
			<gx:ViewerOptions>
				<gx:option name="streetview"></gx:option>
				<gx:streetViewPanoId>xGaMcxKOV7BTHUnZ1vDQxg</gx:streetViewPanoId>
			</gx:ViewerOptions>
			<longitude>104.5291646617515</longitude>
			<latitude>17.22169542734786</latitude>
			<altitude>179.7609558105469</altitude>
			<heading>235.6633506482125</heading>
			<tilt>72.93018260196708</tilt>
			<roll>0</roll>
			<gx:fovy>59.99999999999999</gx:fovy>
			<altitudeMode>absolute</altitudeMode>
		</Camera>
		<styleUrl>#__managed_style_0A6B76B15B2A0E750C46</styleUrl>
		<Point>
			<altitudeMode>relativeToGround</altitudeMode>
			<coordinates>104.5291078986389,17.22167815889904,0</coordinates>
		</Point>
	</Placemark>
	<Placemark id="05F63C87F629F7FC30BC">
		<name>RT47-SG-2276-0100-11+075</name>
		<Camera>
			<gx:ViewerOptions>
				<gx:option name="streetview"></gx:option>
				<gx:streetViewPanoId>gEZ18pQeP0XWs3u3Q1tIFQ</gx:streetViewPanoId>
			</gx:ViewerOptions>
			<longitude>104.529096664058</longitude>
			<latitude>17.22142150363431</latitude>
			<altitude>179.7340698240712</altitude>
			<heading>228.6159957832359</heading>
			<tilt>84.866872724751</tilt>
			<roll>0</roll>
			<gx:fovy>59.99999007432092</gx:fovy>
			<altitudeMode>absolute</altitudeMode>
		</Camera>
		<styleUrl>#__managed_style_0A6B76B15B2A0E750C46</styleUrl>
		<Point>
			<altitudeMode>relativeToGround</altitudeMode>
			<coordinates>104.5290180739485,17.22138951727926,0</coordinates>
		</Point>
	</Placemark>
	<Placemark id="09D01870DE29F8006A2D">
		<name>RT48-SG-2276-0100-11+120</name>
		<Camera>
			<gx:ViewerOptions>
				<gx:option name="streetview"></gx:option>
				<gx:streetViewPanoId>-Qc59rdjZx0EJ6GXI0hNsw</gx:streetViewPanoId>
			</gx:ViewerOptions>
			<longitude>104.5290101781474</longitude>
			<latitude>17.2210605119115</latitude>
			<altitude>179.7507171630859</altitude>
			<heading>249.8830292476216</heading>
			<tilt>77.08068148998474</tilt>
			<roll>0</roll>
			<gx:fovy>59.99999999999999</gx:fovy>
			<altitudeMode>absolute</altitudeMode>
		</Camera>
		<styleUrl>#__managed_style_0A6B76B15B2A0E750C46</styleUrl>
		<Point>
			<altitudeMode>relativeToGround</altitudeMode>
			<coordinates>104.5289625268994,17.22105457314426,0</coordinates>
		</Point>
	</Placemark>
	<Placemark id="04E1F06A3F29F80104D9">
		<name>RT49-SG-2276-0100-11+165</name>
		<Camera>
			<gx:ViewerOptions>
				<gx:option name="streetview"></gx:option>
				<gx:streetViewPanoId>JJcYO92gqp3qcRpwh7ArFw</gx:streetViewPanoId>
			</gx:ViewerOptions>
			<longitude>104.5289420916382</longitude>
			<latitude>17.22078905863167</latitude>
			<altitude>179.9046936035156</altitude>
			<heading>229.1731062419982</heading>
			<tilt>88.75003706369657</tilt>
			<roll>0</roll>
			<gx:fovy>59.99999999999999</gx:fovy>
			<altitudeMode>absolute</altitudeMode>
		</Camera>
		<styleUrl>#__managed_style_0A6B76B15B2A0E750C46</styleUrl>
		<Point>
			<altitudeMode>relativeToGround</altitudeMode>
			<coordinates>104.5288924191349,17.22079944956827,0</coordinates>
		</Point>
	</Placemark>
	<Placemark id="09AB89109329F802A434">
		<name>RT50+SG-2276-0100-11+210</name>
		<Camera>
			<gx:ViewerOptions>
				<gx:option name="streetview"></gx:option>
				<gx:streetViewPanoId>15TzpoW6b8fhJMWWS4sh4A</gx:streetViewPanoId>
			</gx:ViewerOptions>
			<longitude>104.5288604056452</longitude>
			<latitude>17.22042595602615</latitude>
			<altitude>179.8610382086474</altitude>
			<heading>244.0777189424863</heading>
			<tilt>78.95331214798517</tilt>
			<roll>0</roll>
			<gx:fovy>59.99999999999999</gx:fovy>
			<altitudeMode>absolute</altitudeMode>
		</Camera>
		<styleUrl>#__managed_style_0A6B76B15B2A0E750C46</styleUrl>
		<Point>
			<altitudeMode>relativeToGround</altitudeMode>
			<coordinates>104.528804763673,17.22041659803322,0</coordinates>
		</Point>
	</Placemark>
	<Placemark id="0E4FB4F6CE29F803DD0D">
		<name>RT51-SG-2276-0100-11+255</name>
		<Camera>
			<gx:ViewerOptions>
				<gx:option name="streetview"></gx:option>
				<gx:streetViewPanoId>uxkw2CVNRFt0zjB74qfzdg</gx:streetViewPanoId>
			</gx:ViewerOptions>
			<longitude>104.5287988967441</longitude>
			<latitude>17.22015481297113</latitude>
			<altitude>179.8104858400818</altitude>
			<heading>228.8626275491771</heading>
			<tilt>88.83405796693297</tilt>
			<roll>0</roll>
			<gx:fovy>59.99999999999999</gx:fovy>
			<altitudeMode>absolute</altitudeMode>
		</Camera>
		<styleUrl>#__managed_style_0A6B76B15B2A0E750C46</styleUrl>
		<Point>
			<altitudeMode>relativeToGround</altitudeMode>
			<coordinates>104.5287422975003,17.22014765997013,0</coordinates>
		</Point>
	</Placemark>
	<Placemark id="00D1690EE729F8045E7F">
		<name>RT52-SG-2276-0100-11+300</name>
		<Camera>
			<gx:ViewerOptions>
				<gx:option name="streetview"></gx:option>
				<gx:streetViewPanoId>mtpQ-GVsM2vgPXYW2SUAsw</gx:streetViewPanoId>
			</gx:ViewerOptions>
			<longitude>104.5287247661077</longitude>
			<latitude>17.2197932688665</latitude>
			<altitude>179.6930541987557</altitude>
			<heading>247.9872358981357</heading>
			<tilt>84.66125513081251</tilt>
			<roll>0</roll>
			<gx:fovy>59.99999999999999</gx:fovy>
			<altitudeMode>absolute</altitudeMode>
		</Camera>
		<styleUrl>#__managed_style_0A6B76B15B2A0E750C46</styleUrl>
		<Point>
			<altitudeMode>relativeToGround</altitudeMode>
			<coordinates>104.5286709331864,17.21979803386296,0</coordinates>
		</Point>
	</Placemark>
	<Placemark id="0065A600CA29F806BDAF">
		<name>RT53-SG-2276-0100-11+345</name>
		<Camera>
			<gx:ViewerOptions>
				<gx:option name="streetview"></gx:option>
				<gx:streetViewPanoId>IaYKXN5Y249RWuS6JJq2zg</gx:streetViewPanoId>
			</gx:ViewerOptions>
			<longitude>104.528629125197</longitude>
			<latitude>17.21940400311574</latitude>
			<altitude>179.7120819086483</altitude>
			<heading>340.1804275124296</heading>
			<tilt>82.10151226076206</tilt>
			<roll>0</roll>
			<gx:fovy>59.99999999999999</gx:fovy>
			<altitudeMode>absolute</altitudeMode>
		</Camera>
		<styleUrl>#__managed_style_0A6B76B15B2A0E750C46</styleUrl>
		<Point>
			<altitudeMode>relativeToGround</altitudeMode>
			<coordinates>104.5285683807151,17.21938692581392,0</coordinates>
		</Point>
	</Placemark>
	<Placemark id="0BCBFBF00929F80B7E8A">
		<name>RT54-SG-2276-0100-11+435</name>
		<Camera>
			<gx:ViewerOptions>
				<gx:option name="streetview"></gx:option>
				<gx:streetViewPanoId>9OxVxE7-XAT2qmrVmve8HA</gx:streetViewPanoId>
			</gx:ViewerOptions>
			<longitude>104.5285180182677</longitude>
			<latitude>17.21889313536135</latitude>
			<altitude>179.56201171875</altitude>
			<heading>255.8481715076161</heading>
			<tilt>76.65827449168094</tilt>
			<roll>0</roll>
			<gx:fovy>59.999999999948</gx:fovy>
			<altitudeMode>absolute</altitudeMode>
		</Camera>
		<styleUrl>#__managed_style_0A6B76B15B2A0E750C46</styleUrl>
		<Point>
			<altitudeMode>relativeToGround</altitudeMode>
			<coordinates>104.5284454217025,17.2188968460958,0</coordinates>
		</Point>
	</Placemark>
	<Placemark id="0FAF0861A929F80D1533">
		<name>RT55-SG-2276-0100-11+390</name>
		<Camera>
			<gx:ViewerOptions>
				<gx:option name="streetview"></gx:option>
				<gx:streetViewPanoId>us6Cown0SmNeokKdJREBUQ</gx:streetViewPanoId>
			</gx:ViewerOptions>
			<longitude>104.5284395323825</longitude>
			<latitude>17.21853824629732</latitude>
			<altitude>179.6141357421875</altitude>
			<heading>300.6090026893233</heading>
			<tilt>89.64768050057576</tilt>
			<roll>0</roll>
			<gx:fovy>59.98165952018115</gx:fovy>
			<altitudeMode>absolute</altitudeMode>
		</Camera>
		<styleUrl>#__managed_style_0A6B76B15B2A0E750C46</styleUrl>
		<Point>
			<altitudeMode>relativeToGround</altitudeMode>
			<coordinates>104.5283672968916,17.21853253099889,0</coordinates>
		</Point>
	</Placemark>
	<Placemark id="0E92343F0229F813963D">
		<name>RT56-SG-2276-0100-11+435</name>
		<Camera>
			<gx:ViewerOptions>
				<gx:option name="streetview"></gx:option>
				<gx:streetViewPanoId>0kdzczD5o1C0vvEWKUcyWw</gx:streetViewPanoId>
			</gx:ViewerOptions>
			<longitude>104.5283583799758</longitude>
			<latitude>17.21813982573634</latitude>
			<altitude>179.9115447991907</altitude>
			<heading>273.6094587566677</heading>
			<tilt>83.37892461046552</tilt>
			<roll>0</roll>
			<gx:fovy>59.99999999999999</gx:fovy>
			<altitudeMode>absolute</altitudeMode>
		</Camera>
		<styleUrl>#__managed_style_0A6B76B15B2A0E750C46</styleUrl>
		<Point>
			<altitudeMode>relativeToGround</altitudeMode>
			<coordinates>104.5282982797083,17.21814140543372,0</coordinates>
		</Point>
	</Placemark>
	<Placemark id="0326434B7D29F8219522">
		<name>RT57-SG-2276-0100-13+525</name>
		<Camera>
			<gx:ViewerOptions>
				<gx:option name="streetview"></gx:option>
				<gx:streetViewPanoId>R6XbYoeUHrdbrTN3Z7uojQ</gx:streetViewPanoId>
			</gx:ViewerOptions>
			<longitude>104.5264373117971</longitude>
			<latitude>17.19910540630236</latitude>
			<altitude>166.0507049545249</altitude>
			<heading>263.8999596173524</heading>
			<tilt>89.14423200825864</tilt>
			<roll>0</roll>
			<gx:fovy>59.99999999999999</gx:fovy>
			<altitudeMode>absolute</altitudeMode>
		</Camera>
		<styleUrl>#__managed_style_0A6B76B15B2A0E750C46</styleUrl>
		<Point>
			<altitudeMode>relativeToGround</altitudeMode>
			<coordinates>104.5263882169777,17.19910304829612,0</coordinates>
		</Point>
	</Placemark>
	<Placemark id="0C58559AAE29F82317FC">
		<name>RT58-SG-2276-0100-13+670</name>
		<Camera>
			<gx:ViewerOptions>
				<gx:option name="streetview"></gx:option>
				<gx:streetViewPanoId>uEukRBdHgITs40hHBHvM3A</gx:streetViewPanoId>
			</gx:ViewerOptions>
			<longitude>104.5264040690814</longitude>
			<latitude>17.19852764070827</latitude>
			<altitude>166.8028869628906</altitude>
			<heading>278.5418418453813</heading>
			<tilt>93.04721185292291</tilt>
			<roll>0</roll>
			<gx:fovy>59.99999999999999</gx:fovy>
			<altitudeMode>absolute</altitudeMode>
		</Camera>
		<styleUrl>#__managed_style_0A6B76B15B2A0E750C46</styleUrl>
		<Point>
			<altitudeMode>relativeToGround</altitudeMode>
			<coordinates>104.5263076402159,17.19853977084359,0</coordinates>
		</Point>
	</Placemark>
	<Placemark id="01DE6243B029F857F3F0">
		<name>RT59-SG-2276-0100-13+760</name>
		<Camera>
			<gx:ViewerOptions>
				<gx:option name="streetview"></gx:option>
				<gx:streetViewPanoId>Js3M_l6NUEm-rWcZen4lrQ</gx:streetViewPanoId>
			</gx:ViewerOptions>
			<longitude>104.5263772260383</longitude>
			<latitude>17.1980748607396</latitude>
			<altitude>167.4598083499625</altitude>
			<heading>233.6286812042557</heading>
			<tilt>95.46799373235378</tilt>
			<roll>0</roll>
			<gx:fovy>59.99999999999999</gx:fovy>
			<altitudeMode>absolute</altitudeMode>
		</Camera>
		<styleUrl>#__managed_style_0A6B76B15B2A0E750C46</styleUrl>
		<Point>
			<altitudeMode>relativeToGround</altitudeMode>
			<coordinates>104.5263622186906,17.19808677956154,0</coordinates>
		</Point>
	</Placemark>
	<Placemark id="0B568ABC3029F85BED34">
		<name>RT60-SG-2276-0100-13+805</name>
		<Camera>
			<gx:ViewerOptions>
				<gx:option name="streetview"></gx:option>
				<gx:streetViewPanoId>4QT4qJWy3dG1HKcNzMPqbw</gx:streetViewPanoId>
			</gx:ViewerOptions>
			<longitude>104.5263388280512</longitude>
			<latitude>17.19752228372416</latitude>
			<altitude>168.0238189697266</altitude>
			<heading>238.9068915686339</heading>
			<tilt>89.58807753618149</tilt>
			<roll>0</roll>
			<gx:fovy>60.00000004552614</gx:fovy>
			<altitudeMode>absolute</altitudeMode>
		</Camera>
		<styleUrl>#__managed_style_0A6B76B15B2A0E750C46</styleUrl>
		<Point>
			<altitudeMode>relativeToGround</altitudeMode>
			<coordinates>104.5263388280512,17.19752228372416,0</coordinates>
		</Point>
	</Placemark>
	<Placemark id="0E0354C79629F85D4D89">
		<name>RT61-SG-2276-0100-13+850</name>
		<Camera>
			<gx:ViewerOptions>
				<gx:option name="streetview"></gx:option>
				<gx:streetViewPanoId>Gw-3XbWQ110dMwNitV-zvg</gx:streetViewPanoId>
			</gx:ViewerOptions>
			<longitude>104.5262907416971</longitude>
			<latitude>17.19692898073308</latitude>
			<altitude>168.3916015626689</altitude>
			<heading>248.5930325372914</heading>
			<tilt>88.95932729254339</tilt>
			<roll>0</roll>
			<gx:fovy>59.99999999999999</gx:fovy>
			<altitudeMode>absolute</altitudeMode>
		</Camera>
		<styleUrl>#__managed_style_0A6B76B15B2A0E750C46</styleUrl>
		<Point>
			<altitudeMode>relativeToGround</altitudeMode>
			<coordinates>104.5262907416971,17.19692898073308,0</coordinates>
		</Point>
	</Placemark>
	<Placemark id="04EA43A5EE29F85E3E89">
		<name>RT62-SG-2276-0100-13+895</name>
		<Camera>
			<gx:ViewerOptions>
				<gx:option name="streetview"></gx:option>
				<gx:streetViewPanoId>YG7TXB_hW02QOWCrKy46Pw</gx:streetViewPanoId>
			</gx:ViewerOptions>
			<longitude>104.5262922527283</longitude>
			<latitude>17.19643348429779</latitude>
			<altitude>166.0836791991678</altitude>
			<heading>249.900370318219</heading>
			<tilt>94.84522061869758</tilt>
			<roll>0</roll>
			<gx:fovy>59.99999999999999</gx:fovy>
			<altitudeMode>absolute</altitudeMode>
		</Camera>
		<styleUrl>#__managed_style_0A6B76B15B2A0E750C46</styleUrl>
		<Point>
			<altitudeMode>relativeToGround</altitudeMode>
			<coordinates>104.5262922527283,17.19643348429779,0</coordinates>
		</Point>
	</Placemark>
	<Placemark id="0816619F9C29F8603138">
		<name>RT64-SG-2276-0100-13+940</name>
		<Camera>
			<gx:ViewerOptions>
				<gx:option name="streetview"></gx:option>
				<gx:streetViewPanoId>TancHcH-B8ur2MpZYnaj0g</gx:streetViewPanoId>
			</gx:ViewerOptions>
			<longitude>104.5262249674114</longitude>
			<latitude>17.19588988673205</latitude>
			<altitude>166.8665618896484</altitude>
			<heading>249.7042231148924</heading>
			<tilt>85.09340519803872</tilt>
			<roll>0</roll>
			<gx:fovy>59.99999999999999</gx:fovy>
			<altitudeMode>absolute</altitudeMode>
		</Camera>
		<styleUrl>#__managed_style_0A6B76B15B2A0E750C46</styleUrl>
		<Point>
			<altitudeMode>relativeToGround</altitudeMode>
			<coordinates>104.5262249674114,17.19588988673205,0</coordinates>
		</Point>
	</Placemark>
	<Placemark id="09EB6427A329F8613F54">
		<name>RT65-SG-2276-0100-13+985</name>
		<Camera>
			<gx:ViewerOptions>
				<gx:option name="streetview"></gx:option>
				<gx:streetViewPanoId>esirs_BFpZ2Nyg556EsMLg</gx:streetViewPanoId>
			</gx:ViewerOptions>
			<longitude>104.5261997243148</longitude>
			<latitude>17.19539309512649</latitude>
			<altitude>166.1569671630859</altitude>
			<heading>239.528781931441</heading>
			<tilt>85.18672510236939</tilt>
			<roll>0</roll>
			<gx:fovy>59.99999999999999</gx:fovy>
			<altitudeMode>absolute</altitudeMode>
		</Camera>
		<styleUrl>#__managed_style_0A6B76B15B2A0E750C46</styleUrl>
		<Point>
			<altitudeMode>relativeToGround</altitudeMode>
			<coordinates>104.5261997243148,17.19539309512649,0</coordinates>
		</Point>
	</Placemark>
	<Placemark id="09D191328F29F861F109">
		<name>RT66-SG-2276-0100-13+995</name>
		<Camera>
			<gx:ViewerOptions>
				<gx:option name="streetview"></gx:option>
				<gx:streetViewPanoId>GXMxE-Ipy5wP0l4MZJt-Gw</gx:streetViewPanoId>
			</gx:ViewerOptions>
			<longitude>104.5261894137554</longitude>
			<latitude>17.19486442089146</latitude>
			<altitude>165.8265228274816</altitude>
			<heading>230.3704191489216</heading>
			<tilt>90.22832626462122</tilt>
			<roll>0</roll>
			<gx:fovy>59.99999999999999</gx:fovy>
			<altitudeMode>absolute</altitudeMode>
		</Camera>
		<styleUrl>#__managed_style_0A6B76B15B2A0E750C46</styleUrl>
		<Point>
			<altitudeMode>relativeToGround</altitudeMode>
			<coordinates>104.5261894137554,17.19486442089146,0</coordinates>
		</Point>
	</Placemark>
	<Placemark id="0DD973299F29F862E6D2">
		<name>RT67-SG-2276-0100-14+030</name>
		<Camera>
			<gx:ViewerOptions>
				<gx:option name="streetview"></gx:option>
				<gx:streetViewPanoId>60r9wFu1ocsPDBN1w7gAeA</gx:streetViewPanoId>
			</gx:ViewerOptions>
			<longitude>104.5261863028109</longitude>
			<latitude>17.19439231608424</latitude>
			<altitude>165.5841217054248</altitude>
			<heading>237.4877444902103</heading>
			<tilt>89.13832736244346</tilt>
			<roll>0</roll>
			<gx:fovy>59.99999999999999</gx:fovy>
			<altitudeMode>absolute</altitudeMode>
		</Camera>
		<styleUrl>#__managed_style_0A6B76B15B2A0E750C46</styleUrl>
		<Point>
			<altitudeMode>relativeToGround</altitudeMode>
			<coordinates>104.5261863028109,17.19439231608424,0</coordinates>
		</Point>
	</Placemark>
	<Placemark id="05338F97F929F8644CC5">
		<name>RT68-SG-2276-0100-14+075</name>
		<Camera>
			<gx:ViewerOptions>
				<gx:option name="streetview"></gx:option>
				<gx:streetViewPanoId>EBWc9W6qsUvjhigmYUh_TQ</gx:streetViewPanoId>
			</gx:ViewerOptions>
			<longitude>104.5261958134129</longitude>
			<latitude>17.1937612879351</latitude>
			<altitude>165.291595458424</altitude>
			<heading>236.0361246265451</heading>
			<tilt>91.17068656645556</tilt>
			<roll>0</roll>
			<gx:fovy>59.99999999999999</gx:fovy>
			<altitudeMode>absolute</altitudeMode>
		</Camera>
		<styleUrl>#__managed_style_0A6B76B15B2A0E750C46</styleUrl>
		<Point>
			<altitudeMode>relativeToGround</altitudeMode>
			<coordinates>104.5261082007835,17.193738367742,0</coordinates>
		</Point>
	</Placemark>
	<Placemark id="0285525CFC29F865E610">
		<name>RT69-SG-2276-0100-14+300</name>
		<Camera>
			<gx:ViewerOptions>
				<gx:option name="streetview"></gx:option>
				<gx:streetViewPanoId>qyGkA_Cd5PluM8NrVMtDSA</gx:streetViewPanoId>
			</gx:ViewerOptions>
			<longitude>104.5262421220533</longitude>
			<latitude>17.19222610725552</latitude>
			<altitude>165.5507659912109</altitude>
			<heading>215.6262595780269</heading>
			<tilt>94.88037034006382</tilt>
			<roll>0</roll>
			<gx:fovy>59.99999999999999</gx:fovy>
			<altitudeMode>absolute</altitudeMode>
		</Camera>
		<styleUrl>#__managed_style_0A6B76B15B2A0E750C46</styleUrl>
		<Point>
			<altitudeMode>relativeToGround</altitudeMode>
			<coordinates>104.5261750506673,17.1922002057317,0</coordinates>
		</Point>
	</Placemark>
	<Placemark id="07A9781FDC29F866819D">
		<name>RT70-SG-2276-0100-14+345</name>
		<Camera>
			<gx:ViewerOptions>
				<gx:option name="streetview"></gx:option>
				<gx:streetViewPanoId>Ns_CjV7ZFku_fGlN_p3mAw</gx:streetViewPanoId>
			</gx:ViewerOptions>
			<longitude>104.5262476328714</longitude>
			<latitude>17.19185956041409</latitude>
			<altitude>165.5773620605469</altitude>
			<heading>215.5271691114926</heading>
			<tilt>94.88037034006386</tilt>
			<roll>0</roll>
			<gx:fovy>59.99999999999999</gx:fovy>
			<altitudeMode>absolute</altitudeMode>
		</Camera>
		<styleUrl>#__managed_style_0A6B76B15B2A0E750C46</styleUrl>
		<Point>
			<altitudeMode>relativeToGround</altitudeMode>
			<coordinates>104.5261902476503,17.19185311541269,0</coordinates>
		</Point>
	</Placemark>
	<Placemark id="0163FBE5C429F8685316">
		<name>RT71-SG-2276-0100-14+120</name>
		<Camera>
			<gx:ViewerOptions>
				<gx:option name="streetview"></gx:option>
				<gx:streetViewPanoId>nxOWegrmzLe07FQpFO1h9Q</gx:streetViewPanoId>
			</gx:ViewerOptions>
			<longitude>104.5262422109375</longitude>
			<latitude>17.19121977892274</latitude>
			<altitude>165.7370300294343</altitude>
			<heading>265.4679439222741</heading>
			<tilt>88.17591271019919</tilt>
			<roll>0</roll>
			<gx:fovy>59.99999999999999</gx:fovy>
			<altitudeMode>absolute</altitudeMode>
		</Camera>
		<styleUrl>#__managed_style_0A6B76B15B2A0E750C46</styleUrl>
		<Point>
			<altitudeMode>relativeToGround</altitudeMode>
			<coordinates>104.5261696160965,17.19124659227067,0</coordinates>
		</Point>
	</Placemark>
	<Placemark id="04609726EF29F86A2B47">
		<name>RT72-SG-2276-0100-14+210</name>
		<Camera>
			<gx:ViewerOptions>
				<gx:option name="streetview"></gx:option>
				<gx:streetViewPanoId>IYgwfPzjbhad6k1w2DFkvw</gx:streetViewPanoId>
			</gx:ViewerOptions>
			<longitude>104.5262319892594</longitude>
			<latitude>17.19085139360541</latitude>
			<altitude>165.6788177490234</altitude>
			<heading>210.2862066607731</heading>
			<tilt>97.06694953355139</tilt>
			<roll>0</roll>
			<gx:fovy>59.99999997397848</gx:fovy>
			<altitudeMode>absolute</altitudeMode>
		</Camera>
		<styleUrl>#__managed_style_0A6B76B15B2A0E750C46</styleUrl>
		<Point>
			<altitudeMode>relativeToGround</altitudeMode>
			<coordinates>104.5261688068342,17.19081243547591,0</coordinates>
		</Point>
	</Placemark>
	<Placemark id="0779E0366B29F86B1652">
		<name>RT73-SG-2276-0100-14+255</name>
		<Camera>
			<gx:ViewerOptions>
				<gx:option name="streetview"></gx:option>
				<gx:streetViewPanoId>B9j3EPnjprudQ-L-br233A</gx:streetViewPanoId>
			</gx:ViewerOptions>
			<longitude>104.5262159901124</longitude>
			<latitude>17.19034681038615</latitude>
			<altitude>165.2709197998047</altitude>
			<heading>240.0810206575094</heading>
			<tilt>94.5634217889217</tilt>
			<roll>0</roll>
			<gx:fovy>90</gx:fovy>
			<altitudeMode>absolute</altitudeMode>
		</Camera>
		<styleUrl>#__managed_style_0A6B76B15B2A0E750C46</styleUrl>
		<Point>
			<altitudeMode>relativeToGround</altitudeMode>
			<coordinates>104.5261504805779,17.19027382885507,0</coordinates>
		</Point>
	</Placemark>
	<Placemark id="0C216209CE29F86CFED5">
		<name>RT74-SG-2276-0100-14+345</name>
		<Camera>
			<gx:ViewerOptions>
				<gx:option name="streetview"></gx:option>
				<gx:streetViewPanoId>03dUEyH66fy6e4GNtCZ7iw</gx:streetViewPanoId>
			</gx:ViewerOptions>
			<longitude>104.5262080794237</longitude>
			<latitude>17.18988395112212</latitude>
			<altitude>164.7053527832031</altitude>
			<heading>243.2034620225394</heading>
			<tilt>98.95159927615772</tilt>
			<roll>0</roll>
			<gx:fovy>75.94991363442674</gx:fovy>
			<altitudeMode>absolute</altitudeMode>
		</Camera>
		<styleUrl>#__managed_style_0A6B76B15B2A0E750C46</styleUrl>
		<Point>
			<altitudeMode>relativeToGround</altitudeMode>
			<coordinates>104.5261228476125,17.18988373050301,0</coordinates>
		</Point>
	</Placemark>
	<Placemark id="01ACB3F7E129F86E35FD">
		<name>RT75-SG-2276-0100-14+390</name>
		<Camera>
			<gx:ViewerOptions>
				<gx:option name="streetview"></gx:option>
				<gx:streetViewPanoId>8sK7BBcqgnIC0YDaVlpLFA</gx:streetViewPanoId>
			</gx:ViewerOptions>
			<longitude>104.5261867472316</longitude>
			<latitude>17.18932917615065</latitude>
			<altitude>163.9667205810547</altitude>
			<heading>256.5784838369931</heading>
			<tilt>94.94083742709947</tilt>
			<roll>0</roll>
			<gx:fovy>59.99999999999999</gx:fovy>
			<altitudeMode>absolute</altitudeMode>
		</Camera>
		<styleUrl>#__managed_style_0A6B76B15B2A0E750C46</styleUrl>
		<Point>
			<altitudeMode>relativeToGround</altitudeMode>
			<coordinates>104.5260998468214,17.18933660565876,0</coordinates>
		</Point>
	</Placemark>
	<Placemark id="0BEC2470D329F86ED454">
		<name>RT76-SG-2276-0100-14+435</name>
		<Camera>
			<gx:ViewerOptions>
				<gx:option name="streetview"></gx:option>
				<gx:streetViewPanoId>cL0E_Shs9ISiyAqljxPyuw</gx:streetViewPanoId>
			</gx:ViewerOptions>
			<longitude>104.5261651483901</longitude>
			<latitude>17.18887488573456</latitude>
			<altitude>163.5272216796875</altitude>
			<heading>288.5986056803857</heading>
			<tilt>95.05834209001735</tilt>
			<roll>0</roll>
			<gx:fovy>59.99999999999999</gx:fovy>
			<altitudeMode>absolute</altitudeMode>
		</Camera>
		<styleUrl>#__managed_style_0A6B76B15B2A0E750C46</styleUrl>
		<Point>
			<altitudeMode>relativeToGround</altitudeMode>
			<coordinates>104.5260624122107,17.18889351728571,0</coordinates>
		</Point>
	</Placemark>
	<Placemark id="0176F0EEFE29F8703A1A">
		<name>RT77-SG-2276-0100-14+545</name>
		<Camera>
			<gx:ViewerOptions>
				<gx:option name="streetview"></gx:option>
				<gx:streetViewPanoId>GfgbOGFTlCLZzr9YYPv7fQ</gx:streetViewPanoId>
			</gx:ViewerOptions>
			<longitude>104.5261479048728</longitude>
			<latitude>17.1884192218929</latitude>
			<altitude>163.2011108398438</altitude>
			<heading>283.8438045807062</heading>
			<tilt>92.58419548475716</tilt>
			<roll>0</roll>
			<gx:fovy>42.46943997528633</gx:fovy>
			<altitudeMode>absolute</altitudeMode>
		</Camera>
		<styleUrl>#__managed_style_0A6B76B15B2A0E750C46</styleUrl>
		<Point>
			<altitudeMode>relativeToGround</altitudeMode>
			<coordinates>104.5260522694763,17.18840707091174,0</coordinates>
		</Point>
	</Placemark>
	<Placemark id="0EE01588E229F8710B53">
		<name>RT78-SG-2276-0100-14+570</name>
		<Camera>
			<gx:ViewerOptions>
				<gx:option name="streetview"></gx:option>
				<gx:streetViewPanoId>3R3KmYlk2SOAPf-Z9CvQZw</gx:streetViewPanoId>
			</gx:ViewerOptions>
			<longitude>104.5261287947915</longitude>
			<latitude>17.18806521454845</latitude>
			<altitude>163.1135559082031</altitude>
			<heading>217.9225082761123</heading>
			<tilt>96.11816964066902</tilt>
			<roll>0</roll>
			<gx:fovy>59.99999999993008</gx:fovy>
			<altitudeMode>absolute</altitudeMode>
		</Camera>
		<styleUrl>#__managed_style_0A6B76B15B2A0E750C46</styleUrl>
		<Point>
			<altitudeMode>relativeToGround</altitudeMode>
			<coordinates>104.5260498158173,17.18799596776117,0</coordinates>
		</Point>
	</Placemark>
	<Placemark id="08D43AB2B529F8722286">
		<name>RT79-SG-2276-0100-14+615</name>
		<Camera>
			<gx:ViewerOptions>
				<gx:option name="streetview"></gx:option>
				<gx:streetViewPanoId>UjE-SzndObhAD4WRIOQ52Q</gx:streetViewPanoId>
			</gx:ViewerOptions>
			<longitude>104.5260882636505</longitude>
			<latitude>17.18751457509017</latitude>
			<altitude>163.2144317626953</altitude>
			<heading>219.0300205408096</heading>
			<tilt>89.26417416533141</tilt>
			<roll>0</roll>
			<gx:fovy>59.99999999999999</gx:fovy>
			<altitudeMode>absolute</altitudeMode>
		</Camera>
		<styleUrl>#__managed_style_0A6B76B15B2A0E750C46</styleUrl>
		<Point>
			<altitudeMode>relativeToGround</altitudeMode>
			<coordinates>104.5260392129989,17.18751195259874,0</coordinates>
		</Point>
	</Placemark>
	<Placemark id="02487DA9CC29F872D067">
		<name>RT80-SG-2276-0100-14+660</name>
		<Camera>
			<gx:ViewerOptions>
				<gx:option name="streetview"></gx:option>
				<gx:streetViewPanoId>bFOaPs1PMRunpFZg5o1OXg</gx:streetViewPanoId>
			</gx:ViewerOptions>
			<longitude>104.5260740422</longitude>
			<latitude>17.1870601881899</latitude>
			<altitude>163.3572082530355</altitude>
			<heading>231.5640929950386</heading>
			<tilt>88.98764160439183</tilt>
			<roll>0</roll>
			<gx:fovy>59.99999999999999</gx:fovy>
			<altitudeMode>absolute</altitudeMode>
		</Camera>
		<styleUrl>#__managed_style_0A6B76B15B2A0E750C46</styleUrl>
		<Point>
			<altitudeMode>relativeToGround</altitudeMode>
			<coordinates>104.5260315311114,17.18703050641108,0</coordinates>
		</Point>
	</Placemark>
	<Placemark id="0F69BFE32329F87738A0">
		<name>RT81-SG-2276-0100-14+705</name>
		<Camera>
			<gx:ViewerOptions>
				<gx:option name="streetview"></gx:option>
				<gx:streetViewPanoId>AXVEVnKhk0wxHK5UDWc1Eg</gx:streetViewPanoId>
			</gx:ViewerOptions>
			<longitude>104.526178569892</longitude>
			<latitude>17.18660415419388</latitude>
			<altitude>163.0431213384771</altitude>
			<heading>248.2837590369123</heading>
			<tilt>101.5884877056878</tilt>
			<roll>0</roll>
			<gx:fovy>43.20155439966923</gx:fovy>
			<altitudeMode>absolute</altitudeMode>
		</Camera>
		<styleUrl>#__managed_style_0A6B76B15B2A0E750C46</styleUrl>
		<Point>
			<altitudeMode>relativeToGround</altitudeMode>
			<coordinates>104.5260487873301,17.18653297018022,0</coordinates>
		</Point>
	</Placemark>
	<Placemark id="0B6A903B9529F8787DE3">
		<name>RT82-SG-2276-0100-14+750</name>
		<Camera>
			<gx:ViewerOptions>
				<gx:option name="streetview"></gx:option>
				<gx:streetViewPanoId>qVw7_NJtOAzLnBMksg_l3w</gx:streetViewPanoId>
			</gx:ViewerOptions>
			<longitude>104.5262404332543</longitude>
			<latitude>17.18606291927582</latitude>
			<altitude>163.0439758299639</altitude>
			<heading>262.2380024295335</heading>
			<tilt>100.762962115175</tilt>
			<roll>0</roll>
			<gx:fovy>59.99999999999999</gx:fovy>
			<altitudeMode>absolute</altitudeMode>
		</Camera>
		<styleUrl>#__managed_style_0A6B76B15B2A0E750C46</styleUrl>
		<Point>
			<altitudeMode>relativeToGround</altitudeMode>
			<coordinates>104.5260993805195,17.18605422057989,0</coordinates>
		</Point>
	</Placemark>
	<Placemark id="02C35E2C7D29F8794F4F">
		<name>RT83-SG-2276-0100-14+795</name>
		<Camera>
			<gx:ViewerOptions>
				<gx:option name="streetview"></gx:option>
				<gx:streetViewPanoId>WdoLcwPnDyYnG1MLTqFteg</gx:streetViewPanoId>
			</gx:ViewerOptions>
			<longitude>104.5262112792528</longitude>
			<latitude>17.18557083255362</latitude>
			<altitude>163.1676940923816</altitude>
			<heading>308.7953089693131</heading>
			<tilt>93.1038492009679</tilt>
			<roll>0</roll>
			<gx:fovy>59.99999999999999</gx:fovy>
			<altitudeMode>absolute</altitudeMode>
		</Camera>
		<styleUrl>#__managed_style_0A6B76B15B2A0E750C46</styleUrl>
		<Point>
			<altitudeMode>relativeToGround</altitudeMode>
			<coordinates>104.5261657285627,17.18555918802396,0</coordinates>
		</Point>
	</Placemark>
	<Placemark id="0379D2ADC429F87A9D1A">
		<name>RT84-SG-2276-0100-14+840</name>
		<Camera>
			<gx:ViewerOptions>
				<gx:option name="streetview"></gx:option>
				<gx:streetViewPanoId>Neg8UTnpJ2ca0QH6Sgv_7A</gx:streetViewPanoId>
			</gx:ViewerOptions>
			<longitude>104.5262601655391</longitude>
			<latitude>17.18521273606214</latitude>
			<altitude>163.3869628923152</altitude>
			<heading>218.7872265625842</heading>
			<tilt>90.86987340405551</tilt>
			<roll>0</roll>
			<gx:fovy>59.99999999999999</gx:fovy>
			<altitudeMode>absolute</altitudeMode>
		</Camera>
		<styleUrl>#__managed_style_0A6B76B15B2A0E750C46</styleUrl>
		<Point>
			<altitudeMode>relativeToGround</altitudeMode>
			<coordinates>104.5262288604413,17.18517251887845,0</coordinates>
		</Point>
	</Placemark>
	<Placemark id="0A22FCDE4329F87E517B">
		<name>RT85-SG-2276-0100-14+885</name>
		<Camera>
			<gx:ViewerOptions>
				<gx:option name="streetview"></gx:option>
				<gx:streetViewPanoId>U66PPzA3RbqL0XTwy3iTkg</gx:streetViewPanoId>
			</gx:ViewerOptions>
			<longitude>104.5263254954191</longitude>
			<latitude>17.18476177262164</latitude>
			<altitude>163.633056640625</altitude>
			<heading>207.9738508010508</heading>
			<tilt>95.64956033585807</tilt>
			<roll>0</roll>
			<gx:fovy>59.99999999999999</gx:fovy>
			<altitudeMode>absolute</altitudeMode>
		</Camera>
		<styleUrl>#__managed_style_0A6B76B15B2A0E750C46</styleUrl>
		<Point>
			<altitudeMode>relativeToGround</altitudeMode>
			<coordinates>104.5262928408836,17.18475471887267,0</coordinates>
		</Point>
	</Placemark>
	<Placemark id="00FE2A7E1529F8808FCE">
		<name>RT86-SG-2276-0100-14+930</name>
		<Camera>
			<gx:ViewerOptions>
				<gx:option name="streetview"></gx:option>
				<gx:streetViewPanoId>LAhQmiKqq0juYV9xfsa0mw</gx:streetViewPanoId>
			</gx:ViewerOptions>
			<longitude>104.5264934866702</longitude>
			<latitude>17.18425210350179</latitude>
			<altitude>163.7140960693359</altitude>
			<heading>251.6132917057262</heading>
			<tilt>98.72000187292356</tilt>
			<roll>0</roll>
			<gx:fovy>59.99998032878487</gx:fovy>
			<altitudeMode>absolute</altitudeMode>
		</Camera>
		<styleUrl>#__managed_style_0A6B76B15B2A0E750C46</styleUrl>
		<Point>
			<altitudeMode>relativeToGround</altitudeMode>
			<coordinates>104.526363849653,17.1841841141878,0</coordinates>
		</Point>
	</Placemark>
	<Placemark id="0B11C8144929F881E00D">
		<name>RT87-SG-2276-0100-15+000</name>
		<Camera>
			<gx:ViewerOptions>
				<gx:option name="streetview"></gx:option>
				<gx:streetViewPanoId>AmxcutRrK6vqTAKJIQ5idg</gx:streetViewPanoId>
			</gx:ViewerOptions>
			<longitude>104.5265691272368</longitude>
			<latitude>17.18380065227166</latitude>
			<altitude>163.7761383069246</altitude>
			<heading>243.624495162993</heading>
			<tilt>97.49642181193744</tilt>
			<roll>0</roll>
			<gx:fovy>59.99999999997488</gx:fovy>
			<altitudeMode>absolute</altitudeMode>
		</Camera>
		<styleUrl>#__managed_style_0A6B76B15B2A0E750C46</styleUrl>
		<Point>
			<altitudeMode>relativeToGround</altitudeMode>
			<coordinates>104.5264355459549,17.18377286912513,0</coordinates>
		</Point>
	</Placemark>
	<Placemark id="0F6816C80629F8883E00">
		<name>RT88-SG-2276-0100-15+200</name>
		<Camera>
			<gx:ViewerOptions>
				<gx:option name="streetview"></gx:option>
				<gx:streetViewPanoId>hkKfT1g13ihk4XikOYmqrA</gx:streetViewPanoId>
			</gx:ViewerOptions>
			<longitude>104.5266638779887</longitude>
			<latitude>17.18344166808293</latitude>
			<altitude>163.8074645996094</altitude>
			<heading>214.5293657371953</heading>
			<tilt>102.3084096416369</tilt>
			<roll>0</roll>
			<gx:fovy>59.99999999999999</gx:fovy>
			<altitudeMode>absolute</altitudeMode>
		</Camera>
		<styleUrl>#__managed_style_0A6B76B15B2A0E750C46</styleUrl>
		<Point>
			<altitudeMode>relativeToGround</altitudeMode>
			<coordinates>104.5265428653525,17.18338849888429,0</coordinates>
		</Point>
	</Placemark>
	<Placemark id="048CC3A47A29F88B3D31">
		<name>RT89-SG-2276-0100-15+245</name>
		<Camera>
			<gx:ViewerOptions>
				<gx:option name="streetview"></gx:option>
				<gx:streetViewPanoId>O4Z9DimyNkHtrUgLiyoMdQ</gx:streetViewPanoId>
			</gx:ViewerOptions>
			<longitude>104.5267950714364</longitude>
			<latitude>17.18299644853686</latitude>
			<altitude>163.7149047855795</altitude>
			<heading>207.3622417991672</heading>
			<tilt>101.4711325294989</tilt>
			<roll>0</roll>
			<gx:fovy>42.46813803917046</gx:fovy>
			<altitudeMode>absolute</altitudeMode>
		</Camera>
		<styleUrl>#__managed_style_0A6B76B15B2A0E750C46</styleUrl>
		<Point>
			<altitudeMode>relativeToGround</altitudeMode>
			<coordinates>104.5266820514614,17.18294632977583,0</coordinates>
		</Point>
	</Placemark>
	<Placemark id="0084B3AD2029F88CB51E">
		<name>RT90-SG-2276-0100-15+290</name>
		<Camera>
			<gx:ViewerOptions>
				<gx:option name="streetview"></gx:option>
				<gx:streetViewPanoId>dmhbhVy5mR9OYCVfMdTYGQ</gx:streetViewPanoId>
			</gx:ViewerOptions>
			<longitude>104.5269147100058</longitude>
			<latitude>17.18264681801676</latitude>
			<altitude>163.4880828864292</altitude>
			<heading>240.2448778257532</heading>
			<tilt>96.45807739346871</tilt>
			<roll>0</roll>
			<gx:fovy>59.99999999999999</gx:fovy>
			<altitudeMode>absolute</altitudeMode>
		</Camera>
		<styleUrl>#__managed_style_0A6B76B15B2A0E750C46</styleUrl>
		<Point>
			<altitudeMode>relativeToGround</altitudeMode>
			<coordinates>104.526790892281,17.1825690711322,0</coordinates>
		</Point>
	</Placemark>
	<Placemark id="0DE702325F29F88F24DB">
		<name>RT91-SG-2276-0100-15+335</name>
		<Camera>
			<gx:ViewerOptions>
				<gx:option name="streetview"></gx:option>
				<gx:streetViewPanoId>NZBpha-kukiC6w_q5oYtPQ</gx:streetViewPanoId>
			</gx:ViewerOptions>
			<longitude>104.5270029723994</longitude>
			<latitude>17.18238490079068</latitude>
			<altitude>163.4508209228516</altitude>
			<heading>220.3683744923995</heading>
			<tilt>99.65972512784745</tilt>
			<roll>0</roll>
			<gx:fovy>59.99999999999999</gx:fovy>
			<altitudeMode>absolute</altitudeMode>
		</Camera>
		<styleUrl>#__managed_style_0A6B76B15B2A0E750C46</styleUrl>
		<Point>
			<altitudeMode>relativeToGround</altitudeMode>
			<coordinates>104.5269217155887,17.18226375336492,0</coordinates>
		</Point>
	</Placemark>
	<Placemark id="0E45F6200429F8942F93">
		<name>RT92-SG-2276-0100-15+380</name>
		<Camera>
			<gx:ViewerOptions>
				<gx:option name="streetview"></gx:option>
				<gx:streetViewPanoId>k8bndDgzfOlKxbWZ0w-CeQ</gx:streetViewPanoId>
			</gx:ViewerOptions>
			<longitude>104.5271505209278</longitude>
			<latitude>17.18199874666522</latitude>
			<altitude>163.3183593739395</altitude>
			<heading>234.4176584192116</heading>
			<tilt>101.8533365312587</tilt>
			<roll>0</roll>
			<gx:fovy>42.43267326539464</gx:fovy>
			<altitudeMode>absolute</altitudeMode>
		</Camera>
		<styleUrl>#__managed_style_0A6B76B15B2A0E750C46</styleUrl>
		<Point>
			<altitudeMode>relativeToGround</altitudeMode>
			<coordinates>104.5272176594114,17.18196997284847,0</coordinates>
		</Point>
	</Placemark>
	<Placemark id="0C8A7E347E29F8964EBC">
		<name>RT93-SG-2276-0100-15+425</name>
		<Camera>
			<gx:ViewerOptions>
				<gx:option name="streetview"></gx:option>
				<gx:streetViewPanoId>KX8QsXn3RZaZoIBKdVPd2Q</gx:streetViewPanoId>
			</gx:ViewerOptions>
			<longitude>104.5272653600034</longitude>
			<latitude>17.18163108377845</latitude>
			<altitude>163.4654083251953</altitude>
			<heading>215.7355679754874</heading>
			<tilt>101.7807172165589</tilt>
			<roll>0</roll>
			<gx:fovy>42.38587412499488</gx:fovy>
			<altitudeMode>absolute</altitudeMode>
		</Camera>
		<styleUrl>#__managed_style_0A6B76B15B2A0E750C46</styleUrl>
		<Point>
			<altitudeMode>relativeToGround</altitudeMode>
			<coordinates>104.5271527516724,17.18153630500813,0</coordinates>
		</Point>
	</Placemark>
	<Placemark id="03CB0C0E8229F89C5DF6">
		<name>RT94-SG-2276-0100-15+470</name>
		<Camera>
			<gx:ViewerOptions>
				<gx:option name="streetview"></gx:option>
				<gx:streetViewPanoId>FX7KFQVpW5oEDzhScOei5w</gx:streetViewPanoId>
			</gx:ViewerOptions>
			<longitude>104.5273109578961</longitude>
			<latitude>17.18112852727564</latitude>
			<altitude>163.8176727294922</altitude>
			<heading>222.6149451281036</heading>
			<tilt>88.96314540073054</tilt>
			<roll>0</roll>
			<gx:fovy>43.54052252055336</gx:fovy>
			<altitudeMode>absolute</altitudeMode>
		</Camera>
		<styleUrl>#__managed_style_0A6B76B15B2A0E750C46</styleUrl>
		<Point>
			<altitudeMode>relativeToGround</altitudeMode>
			<coordinates>104.5273379542257,17.18099005147548,0</coordinates>
		</Point>
	</Placemark>
	<Placemark id="088346217729F8A70980">
		<name>RT95-SG-2276-0100-15+515</name>
		<Camera>
			<gx:ViewerOptions>
				<gx:option name="streetview"></gx:option>
				<gx:streetViewPanoId>JhrXnXo0TZq0g86_16LzaA</gx:streetViewPanoId>
			</gx:ViewerOptions>
			<longitude>104.5275456139375</longitude>
			<latitude>17.18083699368289</latitude>
			<altitude>163.8509521484375</altitude>
			<heading>228.9602159634198</heading>
			<tilt>99.82632272303144</tilt>
			<roll>0</roll>
			<gx:fovy>60.00000267984385</gx:fovy>
			<altitudeMode>absolute</altitudeMode>
		</Camera>
		<styleUrl>#__managed_style_0A6B76B15B2A0E750C46</styleUrl>
		<Point>
			<altitudeMode>relativeToGround</altitudeMode>
			<coordinates>104.5274159187914,17.1807790773956,0</coordinates>
		</Point>
	</Placemark>
	<Placemark id="0D7D188E0F2A01275B8F">
		<name>RT96-SG-2276-0100-15+555</name>
		<LookAt>
			<longitude>104.5275456139383</longitude>
			<latitude>17.18083699368029</latitude>
			<altitude>162.9212658072648</altitude>
			<heading>239.2362334289322</heading>
			<tilt>0</tilt>
			<gx:fovy>35</gx:fovy>
			<range>500</range>
			<altitudeMode>absolute</altitudeMode>
		</LookAt>
		<styleUrl>#__managed_style_0A6B76B15B2A0E750C46</styleUrl>
		<Point>
			<altitudeMode>relativeToGround</altitudeMode>
			<coordinates>104.5275072810992,17.18050112649658,0</coordinates>
		</Point>
	</Placemark>
	<Placemark id="01CA3EB6B12A01338727">
		<name>RT97-2276-0100-15+600</name>
		<Camera>
			<gx:ViewerOptions>
				<gx:option name="streetview"></gx:option>
				<gx:streetViewPanoId>M5NbLlIXp2GXDOL7tCJ_Cw</gx:streetViewPanoId>
			</gx:ViewerOptions>
			<longitude>104.5278048026285</longitude>
			<latitude>17.1800543882301</latitude>
			<altitude>164.0458526611328</altitude>
			<heading>222.8332272032773</heading>
			<tilt>84.90568220987009</tilt>
			<roll>0</roll>
			<gx:fovy>59.99999999999999</gx:fovy>
			<altitudeMode>absolute</altitudeMode>
		</Camera>
		<styleUrl>#__managed_style_0A6B76B15B2A0E750C46</styleUrl>
		<Point>
			<altitudeMode>relativeToGround</altitudeMode>
			<coordinates>104.5276196081019,17.18013889861443,0</coordinates>
		</Point>
	</Placemark>
	<Placemark id="066721935D2A0136F868">
		<name>RT98-SG-2276-0100-15+645</name>
		<Camera>
			<gx:ViewerOptions>
				<gx:option name="streetview"></gx:option>
				<gx:streetViewPanoId>QxOJFYb0Zq-H1L3p4dt7jw</gx:streetViewPanoId>
			</gx:ViewerOptions>
			<longitude>104.5279179533876</longitude>
			<latitude>17.17966055070759</latitude>
			<altitude>164.1356964111328</altitude>
			<heading>222.7336370267959</heading>
			<tilt>84.99999999999999</tilt>
			<roll>0</roll>
			<gx:fovy>59.99999999999999</gx:fovy>
			<altitudeMode>absolute</altitudeMode>
		</Camera>
		<styleUrl>#__managed_style_0A6B76B15B2A0E750C46</styleUrl>
		<Point>
			<altitudeMode>relativeToGround</altitudeMode>
			<coordinates>104.5277860225264,17.17952904846556,0</coordinates>
		</Point>
	</Placemark>
	<Placemark id="0A703AAF082A020DF8FB">
		<name>RT99-SG-2276-0100-15+690</name>
		<Camera>
			<gx:ViewerOptions>
				<gx:option name="streetview"></gx:option>
				<gx:streetViewPanoId>6nM4alfQNdfFKeQVwFWVKg</gx:streetViewPanoId>
			</gx:ViewerOptions>
			<longitude>104.5279404413334</longitude>
			<latitude>17.17957357752361</latitude>
			<altitude>164.1194763183594</altitude>
			<heading>239.4326792080811</heading>
			<tilt>97.97420632288656</tilt>
			<roll>0</roll>
			<gx:fovy>58.28203381964576</gx:fovy>
			<altitudeMode>absolute</altitudeMode>
		</Camera>
		<styleUrl>#__managed_style_0A6B76B15B2A0E750C46</styleUrl>
		<Point>
			<altitudeMode>relativeToGround</altitudeMode>
			<coordinates>104.5278559718437,17.17927994210182,0</coordinates>
		</Point>
	</Placemark>
	<Placemark id="090DAE2E552A020F9726">
		<name>RT100-SG-2276-0100-15+735</name>
		<Camera>
			<gx:ViewerOptions>
				<gx:option name="streetview"></gx:option>
				<gx:streetViewPanoId>UPSZ3qEmrPxUTR0C37s4mA</gx:streetViewPanoId>
			</gx:ViewerOptions>
			<longitude>104.5280410593773</longitude>
			<latitude>17.17888306349153</latitude>
			<altitude>163.6588745122163</altitude>
			<heading>222.6222944846784</heading>
			<tilt>81.6623136659922</tilt>
			<roll>0</roll>
			<gx:fovy>47.22873868311588</gx:fovy>
			<altitudeMode>absolute</altitudeMode>
		</Camera>
		<styleUrl>#__managed_style_0A6B76B15B2A0E750C46</styleUrl>
		<Point>
			<altitudeMode>relativeToGround</altitudeMode>
			<coordinates>104.5279857805478,17.17886809032386,0</coordinates>
		</Point>
	</Placemark>
	<Placemark id="002FC8E65B2A0210833A">
		<name>RT101-SG-2276-0100-15+780</name>
		<Camera>
			<gx:ViewerOptions>
				<gx:option name="streetview"></gx:option>
				<gx:streetViewPanoId>LmQ9MSi506d1qgu1jlfKOg</gx:streetViewPanoId>
			</gx:ViewerOptions>
			<longitude>104.5281647876652</longitude>
			<latitude>17.1784838808361</latitude>
			<altitude>162.7542114257812</altitude>
			<heading>222.5481112255227</heading>
			<tilt>81.66231366599223</tilt>
			<roll>0</roll>
			<gx:fovy>59.99999999999999</gx:fovy>
			<altitudeMode>absolute</altitudeMode>
		</Camera>
		<styleUrl>#__managed_style_0A6B76B15B2A0E750C46</styleUrl>
		<Point>
			<altitudeMode>relativeToGround</altitudeMode>
			<coordinates>104.5282952102085,17.17847238027405,0</coordinates>
		</Point>
	</Placemark>
	<Placemark id="0245D3AC072A021162AA">
		<name>RT102-SG-2276-0100-15+825</name>
		<Camera>
			<gx:ViewerOptions>
				<gx:option name="streetview"></gx:option>
				<gx:streetViewPanoId>ftih2956Oz6A_P1ZXZsmYQ</gx:streetViewPanoId>
			</gx:ViewerOptions>
			<longitude>104.5283397140397</longitude>
			<latitude>17.17810162766006</latitude>
			<altitude>162.6421661376953</altitude>
			<heading>222.5481112255227</heading>
			<tilt>81.6623136659922</tilt>
			<roll>0</roll>
			<gx:fovy>59.99999999999999</gx:fovy>
			<altitudeMode>absolute</altitudeMode>
		</Camera>
		<styleUrl>#__managed_style_0A6B76B15B2A0E750C46</styleUrl>
		<Point>
			<altitudeMode>relativeToGround</altitudeMode>
			<coordinates>104.5283470365043,17.17809873743927,0</coordinates>
		</Point>
	</Placemark>
	<Placemark id="0FE7A932802A02171AF6">
		<name>RT103-SG-2276-0100-27+382</name>
		<Camera>
			<gx:ViewerOptions>
				<gx:option name="streetview"></gx:option>
				<gx:streetViewPanoId>nJNiZ5Q8SjT24l5k9cKHKA</gx:streetViewPanoId>
			</gx:ViewerOptions>
			<longitude>104.6028167396025</longitude>
			<latitude>17.10871876540644</latitude>
			<altitude>159.6713256835938</altitude>
			<heading>166.777689297246</heading>
			<tilt>83.70619426431351</tilt>
			<roll>0</roll>
			<gx:fovy>59.99999999999999</gx:fovy>
			<altitudeMode>absolute</altitudeMode>
		</Camera>
		<styleUrl>#__managed_style_0A6B76B15B2A0E750C46</styleUrl>
		<Point>
			<altitudeMode>relativeToGround</altitudeMode>
			<coordinates>104.6028167396025,17.10871876540644,0</coordinates>
		</Point>
	</Placemark>
	<Placemark id="02A3D9412E2A0217FCA6">
		<name>RT104-SG-2276-0100-27+427</name>
		<Camera>
			<gx:ViewerOptions>
				<gx:option name="streetview"></gx:option>
				<gx:streetViewPanoId>n_irTv7yFEaN99F--9ecaA</gx:streetViewPanoId>
			</gx:ViewerOptions>
			<longitude>104.6031872196812</longitude>
			<latitude>17.10864133716207</latitude>
			<altitude>159.7713470458984</altitude>
			<heading>166.777689297246</heading>
			<tilt>83.70619426431345</tilt>
			<roll>0</roll>
			<gx:fovy>59.99999999999999</gx:fovy>
			<altitudeMode>absolute</altitudeMode>
		</Camera>
		<styleUrl>#__managed_style_0A6B76B15B2A0E750C46</styleUrl>
		<Point>
			<altitudeMode>relativeToGround</altitudeMode>
			<coordinates>104.6031872196812,17.10864133716207,0</coordinates>
		</Point>
	</Placemark>
	<Placemark id="0F3F04E3142A0218E055">
		<name>RT105-SG-2276-0100-27+472</name>
		<Camera>
			<gx:ViewerOptions>
				<gx:option name="streetview"></gx:option>
				<gx:streetViewPanoId>eEqC1sp0ja5pBuQAwq8CBQ</gx:streetViewPanoId>
			</gx:ViewerOptions>
			<longitude>104.6035616135756</longitude>
			<latitude>17.10856494043863</latitude>
			<altitude>159.8818817138672</altitude>
			<heading>166.777689297246</heading>
			<tilt>83.70619426431345</tilt>
			<roll>0</roll>
			<gx:fovy>59.99999999999999</gx:fovy>
			<altitudeMode>absolute</altitudeMode>
		</Camera>
		<styleUrl>#__managed_style_0A6B76B15B2A0E750C46</styleUrl>
		<Point>
			<altitudeMode>relativeToGround</altitudeMode>
			<coordinates>104.6035616135756,17.10856494043863,0</coordinates>
		</Point>
	</Placemark>
	<Placemark id="0CAF45D23C2A02199706">
		<name>RT106-SG-2276-0100-27+517</name>
		<Camera>
			<gx:ViewerOptions>
				<gx:option name="streetview"></gx:option>
				<gx:streetViewPanoId>2NYy3lcwVMv74cYjz2DXmg</gx:streetViewPanoId>
			</gx:ViewerOptions>
			<longitude>104.6039341408647</longitude>
			<latitude>17.10849158118938</latitude>
			<altitude>159.9817657470859</altitude>
			<heading>177.6096172090763</heading>
			<tilt>83.12186083034176</tilt>
			<roll>0</roll>
			<gx:fovy>59.99999999999999</gx:fovy>
			<altitudeMode>absolute</altitudeMode>
		</Camera>
		<styleUrl>#__managed_style_0A6B76B15B2A0E750C46</styleUrl>
		<Point>
			<altitudeMode>relativeToGround</altitudeMode>
			<coordinates>104.6039341408647,17.10849158118938,0</coordinates>
		</Point>
	</Placemark>
	<Placemark id="04CCBFAA522A021A574D">
		<name>RT107-SG-2276-0100-27+562</name>
		<Camera>
			<gx:ViewerOptions>
				<gx:option name="streetview"></gx:option>
				<gx:streetViewPanoId>SLiT2TvDJuE3EkTlLiD9ug</gx:streetViewPanoId>
			</gx:ViewerOptions>
			<longitude>104.6042148041871</longitude>
			<latitude>17.10843541349984</latitude>
			<altitude>160.017333984375</altitude>
			<heading>177.6096172090763</heading>
			<tilt>83.12186083034177</tilt>
			<roll>0</roll>
			<gx:fovy>59.99999999999999</gx:fovy>
			<altitudeMode>absolute</altitudeMode>
		</Camera>
		<styleUrl>#__managed_style_0A6B76B15B2A0E750C46</styleUrl>
		<Point>
			<altitudeMode>relativeToGround</altitudeMode>
			<coordinates>104.6042148041871,17.10843541349984,0</coordinates>
		</Point>
	</Placemark>
	<Placemark id="0F573FD0C92A021B0616">
		<name>RT108-SG-2276-0100-27+607</name>
		<Camera>
			<gx:ViewerOptions>
				<gx:option name="streetview"></gx:option>
				<gx:streetViewPanoId>ZrR6ktPsU9n3iTr3EMMsuw</gx:streetViewPanoId>
			</gx:ViewerOptions>
			<longitude>104.6045877777333</longitude>
			<latitude>17.10835648180709</latitude>
			<altitude>160.0077819824219</altitude>
			<heading>177.6096172090763</heading>
			<tilt>83.12186083034176</tilt>
			<roll>0</roll>
			<gx:fovy>59.99999999999999</gx:fovy>
			<altitudeMode>absolute</altitudeMode>
		</Camera>
		<styleUrl>#__managed_style_0A6B76B15B2A0E750C46</styleUrl>
		<Point>
			<altitudeMode>relativeToGround</altitudeMode>
			<coordinates>104.6045877777333,17.10835648180709,0</coordinates>
		</Point>
	</Placemark>
	<Placemark id="03E2EF813E2A021BB074">
		<name>RT109-SG-2276-0100-27+652</name>
		<Camera>
			<gx:ViewerOptions>
				<gx:option name="streetview"></gx:option>
				<gx:streetViewPanoId>4wgn_ENf2q75YPAkeIBgkg</gx:streetViewPanoId>
			</gx:ViewerOptions>
			<longitude>104.6049632422537</longitude>
			<latitude>17.10827886167458</latitude>
			<altitude>159.8021697998047</altitude>
			<heading>177.6096172090763</heading>
			<tilt>83.12186083034176</tilt>
			<roll>0</roll>
			<gx:fovy>59.99999999999999</gx:fovy>
			<altitudeMode>absolute</altitudeMode>
		</Camera>
		<styleUrl>#__managed_style_0A6B76B15B2A0E750C46</styleUrl>
		<Point>
			<altitudeMode>relativeToGround</altitudeMode>
			<coordinates>104.6049632422537,17.10827886167458,0</coordinates>
		</Point>
	</Placemark>
	<Placemark id="0509ADB3EA2A021C7536">
		<name>RT110-SG-2276-0100-27+697</name>
		<Camera>
			<gx:ViewerOptions>
				<gx:option name="streetview"></gx:option>
				<gx:streetViewPanoId>eR8HyqWyiAmQ4N7oXdfp1w</gx:streetViewPanoId>
			</gx:ViewerOptions>
			<longitude>104.6053499129875</longitude>
			<latitude>17.1082035849849</latitude>
			<altitude>159.5060424804688</altitude>
			<heading>177.6096172090763</heading>
			<tilt>86.65961473212758</tilt>
			<roll>0</roll>
			<gx:fovy>59.99999999999999</gx:fovy>
			<altitudeMode>absolute</altitudeMode>
		</Camera>
		<styleUrl>#__managed_style_0A6B76B15B2A0E750C46</styleUrl>
		<Point>
			<altitudeMode>relativeToGround</altitudeMode>
			<coordinates>104.6053499129875,17.1082035849849,0</coordinates>
		</Point>
	</Placemark>
	<Placemark id="0C9FCC0C632A022370CD">
		<name>RT112-SG-2276-0100-28+093</name>
		<Camera>
			<gx:ViewerOptions>
				<gx:option name="streetview"></gx:option>
				<gx:streetViewPanoId>yt8-cW2mPW1y3gmF27CAiw</gx:streetViewPanoId>
			</gx:ViewerOptions>
			<longitude>104.6083107158458</longitude>
			<latitude>17.10932639616399</latitude>
			<altitude>161.1974029541016</altitude>
			<heading>177.116745085929</heading>
			<tilt>85.09487307192352</tilt>
			<roll>0</roll>
			<gx:fovy>59.99999999999999</gx:fovy>
			<altitudeMode>absolute</altitudeMode>
		</Camera>
		<styleUrl>#__managed_style_0A6B76B15B2A0E750C46</styleUrl>
		<Point>
			<altitudeMode>relativeToGround</altitudeMode>
			<coordinates>104.6082939401071,17.10929171901884,0</coordinates>
		</Point>
	</Placemark>
	<Placemark id="009556247A2A022440D2">
		<name>RT113-SG-2276-0100-28+138</name>
		<Camera>
			<gx:ViewerOptions>
				<gx:option name="streetview"></gx:option>
				<gx:streetViewPanoId>hBruiw-ztp6-JqKKKzgJAw</gx:streetViewPanoId>
			</gx:ViewerOptions>
			<longitude>104.6087471974837</longitude>
			<latitude>17.1091322027547</latitude>
			<altitude>160.9916839599609</altitude>
			<heading>177.116745085929</heading>
			<tilt>85.09487307192352</tilt>
			<roll>0</roll>
			<gx:fovy>59.99999999999999</gx:fovy>
			<altitudeMode>absolute</altitudeMode>
		</Camera>
		<styleUrl>#__managed_style_0A6B76B15B2A0E750C46</styleUrl>
		<Point>
			<altitudeMode>relativeToGround</altitudeMode>
			<coordinates>104.6086874687995,17.10909758964738,0</coordinates>
		</Point>
	</Placemark>
	<Placemark id="0E25F06D522A0224C5D0">
		<name>RT114-SG-2276-0100-28+183</name>
		<Camera>
			<gx:ViewerOptions>
				<gx:option name="streetview"></gx:option>
				<gx:streetViewPanoId>_euot6xri1zvWXcvVMxqGg</gx:streetViewPanoId>
			</gx:ViewerOptions>
			<longitude>104.6091010615754</longitude>
			<latitude>17.10898942858734</latitude>
			<altitude>160.489944457587</altitude>
			<heading>177.116745085929</heading>
			<tilt>85.00113052567417</tilt>
			<roll>0</roll>
			<gx:fovy>59.99999999999999</gx:fovy>
			<altitudeMode>absolute</altitudeMode>
		</Camera>
		<styleUrl>#__managed_style_0A6B76B15B2A0E750C46</styleUrl>
		<Point>
			<altitudeMode>relativeToGround</altitudeMode>
			<coordinates>104.6090992004552,17.10893941987476,0</coordinates>
		</Point>
	</Placemark>
	<Placemark id="0AF56D2D922A022560FE">
		<name>RT115-SG-2276-0100-28+228</name>
		<Camera>
			<gx:ViewerOptions>
				<gx:option name="streetview"></gx:option>
				<gx:streetViewPanoId>-pKbN1l7E8V_98M_N1Mm9A</gx:streetViewPanoId>
			</gx:ViewerOptions>
			<longitude>104.6094592842208</longitude>
			<latitude>17.10884809305594</latitude>
			<altitude>159.5898742675781</altitude>
			<heading>177.0188613801031</heading>
			<tilt>85.00113052567421</tilt>
			<roll>0</roll>
			<gx:fovy>59.99999999999999</gx:fovy>
			<altitudeMode>absolute</altitudeMode>
		</Camera>
		<styleUrl>#__managed_style_0A6B76B15B2A0E750C46</styleUrl>
		<Point>
			<altitudeMode>relativeToGround</altitudeMode>
			<coordinates>104.609409655856,17.10878860796587,0</coordinates>
		</Point>
	</Placemark>
	<Placemark id="08E9430BFC2A022D12B5">
		<name>RT111-SG-2276-0100-28+048</name>
		<Camera>
			<gx:ViewerOptions>
				<gx:option name="streetview"></gx:option>
				<gx:streetViewPanoId>zLUFozHJDdUWNsy3OcFX3w</gx:streetViewPanoId>
			</gx:ViewerOptions>
			<longitude>104.6079263498035</longitude>
			<latitude>17.10960996178557</latitude>
			<altitude>161.2142791742712</altitude>
			<heading>176.8409977429964</heading>
			<tilt>84.99472230263724</tilt>
			<roll>0</roll>
			<gx:fovy>59.99999999999999</gx:fovy>
			<altitudeMode>absolute</altitudeMode>
		</Camera>
		<styleUrl>#__managed_style_0A6B76B15B2A0E750C46</styleUrl>
		<Point>
			<altitudeMode>relativeToGround</altitudeMode>
			<coordinates>104.6078947344738,17.10957852449884,0</coordinates>
		</Point>
	</Placemark>
	<Placemark id="0A98EE00012A02326681">
		<name>RT117-SG-2276-0100-28+995</name>
		<Camera>
			<gx:ViewerOptions>
				<gx:option name="streetview"></gx:option>
				<gx:streetViewPanoId>yexLKzTbjFzMX0jfa0rPyw</gx:streetViewPanoId>
			</gx:ViewerOptions>
			<longitude>104.6217929572313</longitude>
			<latitude>17.10190327603586</latitude>
			<altitude>163.482208251976</altitude>
			<heading>221.4151569202888</heading>
			<tilt>89.094101388167</tilt>
			<roll>0</roll>
			<gx:fovy>59.99999999999999</gx:fovy>
			<altitudeMode>absolute</altitudeMode>
		</Camera>
		<styleUrl>#__managed_style_0A6B76B15B2A0E750C46</styleUrl>
		<Point>
			<altitudeMode>relativeToGround</altitudeMode>
			<coordinates>104.6217966268419,17.10189338676746,0</coordinates>
		</Point>
	</Placemark>
	<Placemark id="068133E2682A02330DEA">
		<name>RT118-SG-2276-0100-30+030</name>
		<Camera>
			<gx:ViewerOptions>
				<gx:option name="streetview"></gx:option>
				<gx:streetViewPanoId>bylt2MQkcdEkwog97l7PCg</gx:streetViewPanoId>
			</gx:ViewerOptions>
			<longitude>104.6217240283923</longitude>
			<latitude>17.10153963800966</latitude>
			<altitude>163.5571289068239</altitude>
			<heading>221.4151569202888</heading>
			<tilt>89.09410138816703</tilt>
			<roll>0</roll>
			<gx:fovy>59.99999999999999</gx:fovy>
			<altitudeMode>absolute</altitudeMode>
		</Camera>
		<styleUrl>#__managed_style_0A6B76B15B2A0E750C46</styleUrl>
		<Point>
			<altitudeMode>relativeToGround</altitudeMode>
			<coordinates>104.62173176085,17.10153279268609,0</coordinates>
		</Point>
	</Placemark>
	<Placemark id="09CB11E03B2A0234CF20">
		<name>RT116-SG-2276-0100-29+950</name>
		<Camera>
			<gx:ViewerOptions>
				<gx:option name="streetview"></gx:option>
				<gx:streetViewPanoId>-lunhIhcttqNxFv024s35w</gx:streetViewPanoId>
			</gx:ViewerOptions>
			<longitude>104.621877183868</longitude>
			<latitude>17.10236091093443</latitude>
			<altitude>163.4138336180526</altitude>
			<heading>221.4151569202888</heading>
			<tilt>89.09410138816703</tilt>
			<roll>0</roll>
			<gx:fovy>59.99999999999999</gx:fovy>
			<altitudeMode>absolute</altitudeMode>
		</Camera>
		<styleUrl>#__managed_style_0A6B76B15B2A0E750C46</styleUrl>
		<Point>
			<altitudeMode>relativeToGround</altitudeMode>
			<coordinates>104.621888535685,17.1023490191193,0</coordinates>
		</Point>
	</Placemark>
	<Placemark id="08B38E0A952A023CBFA3">
		<name>RT119-SG-2276-0100-30+075</name>
		<Camera>
			<gx:ViewerOptions>
				<gx:option name="streetview"></gx:option>
				<gx:streetViewPanoId>U55QUsb30wtwlWrletm3Eg</gx:streetViewPanoId>
			</gx:ViewerOptions>
			<longitude>104.6216448714416</longitude>
			<latitude>17.10108901687303</latitude>
			<altitude>163.6956176757812</altitude>
			<heading>236.2230588170717</heading>
			<tilt>90.62040284678494</tilt>
			<roll>0</roll>
			<gx:fovy>59.99999999999999</gx:fovy>
			<altitudeMode>absolute</altitudeMode>
		</Camera>
		<styleUrl>#__managed_style_0A6B76B15B2A0E750C46</styleUrl>
		<Point>
			<altitudeMode>relativeToGround</altitudeMode>
			<coordinates>104.6216448714416,17.10108901687303,0</coordinates>
		</Point>
	</Placemark>
	<Placemark id="05B866B8272A023D85AB">
		<name>RT120-SG-2276-0100-30+120</name>
		<Camera>
			<gx:ViewerOptions>
				<gx:option name="streetview"></gx:option>
				<gx:streetViewPanoId>R8V9qY2ppC6PADSOeqRr2A</gx:streetViewPanoId>
			</gx:ViewerOptions>
			<longitude>104.6216274391299</longitude>
			<latitude>17.10057321335308</latitude>
			<altitude>163.9710693359565</altitude>
			<heading>235.9269377066407</heading>
			<tilt>90.62040284678497</tilt>
			<roll>0</roll>
			<gx:fovy>59.99999999999999</gx:fovy>
			<altitudeMode>absolute</altitudeMode>
		</Camera>
		<styleUrl>#__managed_style_0A6B76B15B2A0E750C46</styleUrl>
		<Point>
			<altitudeMode>relativeToGround</altitudeMode>
			<coordinates>104.6216038984286,17.10052145746029,0</coordinates>
		</Point>
	</Placemark>
	<Placemark id="01B95DCCF72A023E407A">
		<name>RT121-2276-0100-30+165</name>
		<Camera>
			<gx:ViewerOptions>
				<gx:option name="streetview"></gx:option>
				<gx:streetViewPanoId>MIEK6sTw4mMeRt9PWmIivg</gx:streetViewPanoId>
			</gx:ViewerOptions>
			<longitude>104.6219564298802</longitude>
			<latitude>17.10040755766934</latitude>
			<altitude>163.8522491455078</altitude>
			<heading>184.3654847373908</heading>
			<tilt>87.65738040303832</tilt>
			<roll>0</roll>
			<gx:fovy>59.99999999999999</gx:fovy>
			<altitudeMode>absolute</altitudeMode>
		</Camera>
		<styleUrl>#__managed_style_0A6B76B15B2A0E750C46</styleUrl>
		<Point>
			<altitudeMode>relativeToGround</altitudeMode>
			<coordinates>104.6219039367828,17.10034654061948,0</coordinates>
		</Point>
	</Placemark>
	<Placemark id="0F7C4553C62A023EE1EE">
		<name>RT122-SG-2276-0100-30+210</name>
		<Camera>
			<gx:ViewerOptions>
				<gx:option name="streetview"></gx:option>
				<gx:streetViewPanoId>hnc5caSp3EIJqR9h2gCz5A</gx:streetViewPanoId>
			</gx:ViewerOptions>
			<longitude>104.6223367401615</longitude>
			<latitude>17.10033158594159</latitude>
			<altitude>163.8787384033203</altitude>
			<heading>153.2126302988488</heading>
			<tilt>87.67978669900877</tilt>
			<roll>0</roll>
			<gx:fovy>59.99999999999999</gx:fovy>
			<altitudeMode>absolute</altitudeMode>
		</Camera>
		<styleUrl>#__managed_style_0A6B76B15B2A0E750C46</styleUrl>
		<Point>
			<altitudeMode>relativeToGround</altitudeMode>
			<coordinates>104.6223276273901,17.10026884377245,0</coordinates>
		</Point>
	</Placemark>
	<Placemark id="00E9594F192A023F5C36">
		<name>RT123-SG-2276-0100-30+255</name>
		<Camera>
			<gx:ViewerOptions>
				<gx:option name="streetview"></gx:option>
				<gx:streetViewPanoId>6EIqvmI2tOZ1jCUDFjclYQ</gx:streetViewPanoId>
			</gx:ViewerOptions>
			<longitude>104.6227102029376</longitude>
			<latitude>17.10025664319465</latitude>
			<altitude>164.0388793950213</altitude>
			<heading>153.2126302988488</heading>
			<tilt>87.6797866990088</tilt>
			<roll>0</roll>
			<gx:fovy>59.99999999999999</gx:fovy>
			<altitudeMode>absolute</altitudeMode>
		</Camera>
		<styleUrl>#__managed_style_0A6B76B15B2A0E750C46</styleUrl>
		<Point>
			<altitudeMode>relativeToGround</altitudeMode>
			<coordinates>104.6226933621463,17.10019140497567,0</coordinates>
		</Point>
	</Placemark>
	<Placemark id="0BBBB873992A024727BF">
		<name>RT124-SG-2276-0100-38+625</name>
		<Camera>
			<gx:ViewerOptions>
				<gx:option name="streetview"></gx:option>
				<gx:streetViewPanoId>4dUT_JVxEDTyYF7yitd2Kg</gx:streetViewPanoId>
			</gx:ViewerOptions>
			<longitude>104.674222679527</longitude>
			<latitude>17.06127610988949</latitude>
			<altitude>154.9495849609375</altitude>
			<heading>260.2197631782735</heading>
			<tilt>80.48501791767457</tilt>
			<roll>0</roll>
			<gx:fovy>59.99999999999999</gx:fovy>
			<altitudeMode>absolute</altitudeMode>
		</Camera>
		<styleUrl>#__managed_style_0A6B76B15B2A0E750C46</styleUrl>
		<Point>
			<altitudeMode>relativeToGround</altitudeMode>
			<coordinates>104.6741486970767,17.06128104950679,0</coordinates>
		</Point>
	</Placemark>
	<Placemark id="03099B3ED52A024817A9">
		<name>RT125-SG-2276-0100-38+670</name>
		<Camera>
			<gx:ViewerOptions>
				<gx:option name="streetview"></gx:option>
				<gx:streetViewPanoId>9Fizpro_60zd5cMHpESHig</gx:streetViewPanoId>
			</gx:ViewerOptions>
			<longitude>104.6741451857897</longitude>
			<latitude>17.06091561510407</latitude>
			<altitude>154.8056182861328</altitude>
			<heading>257.1270519123678</heading>
			<tilt>82.51334303344446</tilt>
			<roll>0</roll>
			<gx:fovy>59.99999999999999</gx:fovy>
			<altitudeMode>absolute</altitudeMode>
		</Camera>
		<styleUrl>#__managed_style_0A6B76B15B2A0E750C46</styleUrl>
		<Point>
			<altitudeMode>relativeToGround</altitudeMode>
			<coordinates>104.6740472005088,17.06093447788125,0</coordinates>
		</Point>
	</Placemark>
	<Placemark id="0CBAB202FD2A0248FD58">
		<name>RT126-SG-2276-0100-38+715</name>
		<Camera>
			<gx:ViewerOptions>
				<gx:option name="streetview"></gx:option>
				<gx:streetViewPanoId>cz58s5EDhgaMdZNgvwEEBg</gx:streetViewPanoId>
			</gx:ViewerOptions>
			<longitude>104.6740469618667</longitude>
			<latitude>17.06054187976559</latitude>
			<altitude>154.7782287597656</altitude>
			<heading>240.9550201619408</heading>
			<tilt>81.39844450257573</tilt>
			<roll>0</roll>
			<gx:fovy>59.99999999999999</gx:fovy>
			<altitudeMode>absolute</altitudeMode>
		</Camera>
		<styleUrl>#__managed_style_0A6B76B15B2A0E750C46</styleUrl>
		<Point>
			<altitudeMode>relativeToGround</altitudeMode>
			<coordinates>104.6739898311161,17.06054249895561,0</coordinates>
		</Point>
	</Placemark>
	<Placemark id="0C44D7A1842A0249A2EC">
		<name>RT127-SG-2276-0100-38+760</name>
		<Camera>
			<gx:ViewerOptions>
				<gx:option name="streetview"></gx:option>
				<gx:streetViewPanoId>JOKh9Kc5YKPkXtosRR54sw</gx:streetViewPanoId>
			</gx:ViewerOptions>
			<longitude>104.6739381504748</longitude>
			<latitude>17.06001821255344</latitude>
			<altitude>154.7925262446027</altitude>
			<heading>238.5723772135469</heading>
			<tilt>75.49392975622186</tilt>
			<roll>0</roll>
			<gx:fovy>59.99999999999999</gx:fovy>
			<altitudeMode>absolute</altitudeMode>
		</Camera>
		<styleUrl>#__managed_style_0A6B76B15B2A0E750C46</styleUrl>
		<Point>
			<altitudeMode>relativeToGround</altitudeMode>
			<coordinates>104.673893359497,17.0600163042297,0</coordinates>
		</Point>
	</Placemark>
	<Placemark id="03DE2129C52A024A335E">
		<name>RT128-SG-2276-0100-38+805</name>
		<Camera>
			<gx:ViewerOptions>
				<gx:option name="streetview"></gx:option>
				<gx:streetViewPanoId>fuoIxG-AL62KltbZLZh20A</gx:streetViewPanoId>
			</gx:ViewerOptions>
			<longitude>104.6738855687097</longitude>
			<latitude>17.05961669618035</latitude>
			<altitude>154.7544708251953</altitude>
			<heading>238.5723772135468</heading>
			<tilt>75.49392975622186</tilt>
			<roll>0</roll>
			<gx:fovy>59.99999999999999</gx:fovy>
			<altitudeMode>absolute</altitudeMode>
		</Camera>
		<styleUrl>#__managed_style_0A6B76B15B2A0E750C46</styleUrl>
		<Point>
			<altitudeMode>relativeToGround</altitudeMode>
			<coordinates>104.6738360905608,17.05961084209063,0</coordinates>
		</Point>
	</Placemark>
	<Placemark id="0197DEEC732A024ACB15">
		<name>RT129-SG-2276-0100-38+850</name>
		<Camera>
			<gx:ViewerOptions>
				<gx:option name="streetview"></gx:option>
				<gx:streetViewPanoId>70r_oVAmr_eaEYxxpCQ-9w</gx:streetViewPanoId>
			</gx:ViewerOptions>
			<longitude>104.673885924593</longitude>
			<latitude>17.05924899196847</latitude>
			<altitude>154.2462768554688</altitude>
			<heading>238.5723772135468</heading>
			<tilt>75.49392975622189</tilt>
			<roll>0</roll>
			<gx:fovy>59.99999999999999</gx:fovy>
			<altitudeMode>absolute</altitudeMode>
		</Camera>
		<styleUrl>#__managed_style_0A6B76B15B2A0E750C46</styleUrl>
		<Point>
			<altitudeMode>relativeToGround</altitudeMode>
			<coordinates>104.6738340955958,17.05924660558742,0</coordinates>
		</Point>
	</Placemark>
	<Placemark id="051512E24B2A024C9867">
		<name>RT130-SG-2276-0100-39+180</name>
		<Camera>
			<gx:ViewerOptions>
				<gx:option name="streetview"></gx:option>
				<gx:streetViewPanoId>qiftIUbvoleRAGq3fuUfPQ</gx:streetViewPanoId>
			</gx:ViewerOptions>
			<longitude>104.674528562193</longitude>
			<latitude>17.05580353515294</latitude>
			<altitude>153.2789306640625</altitude>
			<heading>213.9949600062916</heading>
			<tilt>75.00219845892752</tilt>
			<roll>0</roll>
			<gx:fovy>59.99999999999999</gx:fovy>
			<altitudeMode>absolute</altitudeMode>
		</Camera>
		<styleUrl>#__managed_style_0A6B76B15B2A0E750C46</styleUrl>
		<Point>
			<altitudeMode>relativeToGround</altitudeMode>
			<coordinates>104.6744946150209,17.05578456723751,0</coordinates>
		</Point>
	</Placemark>
	<Placemark id="0D5A556B862A024D2163">
		<name>RT131-SG-2276-0100-39+225</name>
		<Camera>
			<gx:ViewerOptions>
				<gx:option name="streetview"></gx:option>
				<gx:streetViewPanoId>dLPtV-iIypOg1QkYaaqfOg</gx:streetViewPanoId>
			</gx:ViewerOptions>
			<longitude>104.6746222488909</longitude>
			<latitude>17.05535297273061</latitude>
			<altitude>153.2619018554688</altitude>
			<heading>213.9949600062916</heading>
			<tilt>74.90634993707765</tilt>
			<roll>0</roll>
			<gx:fovy>59.99999999999999</gx:fovy>
			<altitudeMode>absolute</altitudeMode>
		</Camera>
		<styleUrl>#__managed_style_0A6B76B15B2A0E750C46</styleUrl>
		<Point>
			<altitudeMode>relativeToGround</altitudeMode>
			<coordinates>104.6745917057751,17.05533047968468,0</coordinates>
		</Point>
	</Placemark>
	<Placemark id="0B0A6E176D2A024DC333">
		<name>RT132-SG-2276-0100-39+270</name>
		<Camera>
			<gx:ViewerOptions>
				<gx:option name="streetview"></gx:option>
				<gx:streetViewPanoId>Y6bEE07hyfTO1ha95j9eXw</gx:streetViewPanoId>
			</gx:ViewerOptions>
			<longitude>104.6747208290679</longitude>
			<latitude>17.05496031337028</latitude>
			<altitude>153.5609893798828</altitude>
			<heading>213.9949600062916</heading>
			<tilt>74.90634993707769</tilt>
			<roll>0</roll>
			<gx:fovy>59.99999999999999</gx:fovy>
			<altitudeMode>absolute</altitudeMode>
		</Camera>
		<styleUrl>#__managed_style_0A6B76B15B2A0E750C46</styleUrl>
		<Point>
			<altitudeMode>relativeToGround</altitudeMode>
			<coordinates>104.6746788293731,17.05495411243553,0</coordinates>
		</Point>
	</Placemark>
	<Placemark id="026B52E0C92A024E3EC8">
		<name>RT133-SG-2276-0100-39+315</name>
		<Camera>
			<gx:ViewerOptions>
				<gx:option name="streetview"></gx:option>
				<gx:streetViewPanoId>fzcaQOzQttOaW1n_aaJuyQ</gx:streetViewPanoId>
			</gx:ViewerOptions>
			<longitude>104.6747897818467</longitude>
			<latitude>17.05462114933239</latitude>
			<altitude>153.8730163574219</altitude>
			<heading>213.9949600062916</heading>
			<tilt>74.90634993707768</tilt>
			<roll>0</roll>
			<gx:fovy>59.99999999999999</gx:fovy>
			<altitudeMode>absolute</altitudeMode>
		</Camera>
		<styleUrl>#__managed_style_0A6B76B15B2A0E750C46</styleUrl>
		<Point>
			<altitudeMode>relativeToGround</altitudeMode>
			<coordinates>104.6747385088262,17.05466483498814,0</coordinates>
		</Point>
	</Placemark>
	<Placemark id="04EDDEC6AA2A024EC86A">
		<name>RT134-SG-2276-0100-39+360</name>
		<Camera>
			<gx:ViewerOptions>
				<gx:option name="streetview"></gx:option>
				<gx:streetViewPanoId>lbhCxEiB-TTFIjD2FwlJLQ</gx:streetViewPanoId>
			</gx:ViewerOptions>
			<longitude>104.6748654075108</longitude>
			<latitude>17.05424933379254</latitude>
			<altitude>153.7792205810547</altitude>
			<heading>213.8961416710839</heading>
			<tilt>74.90634993707769</tilt>
			<roll>0</roll>
			<gx:fovy>59.99999999999999</gx:fovy>
			<altitudeMode>absolute</altitudeMode>
		</Camera>
		<styleUrl>#__managed_style_0A6B76B15B2A0E750C46</styleUrl>
		<Point>
			<altitudeMode>relativeToGround</altitudeMode>
			<coordinates>104.6748288542582,17.05423598608568,0</coordinates>
		</Point>
	</Placemark>
	<Placemark id="0264289C2B2A024FA06C">
		<name>RT135-SG-2276-0100-39+405</name>
		<Camera>
			<gx:ViewerOptions>
				<gx:option name="streetview"></gx:option>
				<gx:streetViewPanoId>vdbq7Q0Q6qMcfnUkO_Ql8w</gx:streetViewPanoId>
			</gx:ViewerOptions>
			<longitude>104.6749501972703</longitude>
			<latitude>17.05379916497563</latitude>
			<altitude>153.4388427734375</altitude>
			<heading>213.6985192984428</heading>
			<tilt>74.90634993707774</tilt>
			<roll>0</roll>
			<gx:fovy>59.99999999999999</gx:fovy>
			<altitudeMode>absolute</altitudeMode>
		</Camera>
		<styleUrl>#__managed_style_0A6B76B15B2A0E750C46</styleUrl>
		<Point>
			<altitudeMode>relativeToGround</altitudeMode>
			<coordinates>104.6749354315512,17.05374122952372,0</coordinates>
		</Point>
	</Placemark>
	<Placemark id="0AFB168A2E2A02501804">
		<name>RT136-SG-2276-0100-39+450</name>
		<Camera>
			<gx:ViewerOptions>
				<gx:option name="streetview"></gx:option>
				<gx:streetViewPanoId>VEKukIO17tLt_yU4K-p3uA</gx:streetViewPanoId>
			</gx:ViewerOptions>
			<longitude>104.6750494894303</longitude>
			<latitude>17.05331489170118</latitude>
			<altitude>153.3992767333984</altitude>
			<heading>213.6985192984428</heading>
			<tilt>74.90634993707775</tilt>
			<roll>0</roll>
			<gx:fovy>59.99999999999999</gx:fovy>
			<altitudeMode>absolute</altitudeMode>
		</Camera>
		<styleUrl>#__managed_style_0A6B76B15B2A0E750C46</styleUrl>
		<Point>
			<altitudeMode>relativeToGround</altitudeMode>
			<coordinates>104.6750172219088,17.05325614113893,0</coordinates>
		</Point>
	</Placemark>
	<Placemark id="05AE4A11E12A025121BA">
		<name>RT137-SG-2276-0100-39+495</name>
		<Camera>
			<gx:ViewerOptions>
				<gx:option name="streetview"></gx:option>
				<gx:streetViewPanoId>XxQyp-jvuE78qDi37-K7YA</gx:streetViewPanoId>
			</gx:ViewerOptions>
			<longitude>104.6751127481786</longitude>
			<latitude>17.05296964617826</latitude>
			<altitude>153.1933441164819</altitude>
			<heading>214.2290586607376</heading>
			<tilt>76.96606922711482</tilt>
			<roll>0</roll>
			<gx:fovy>59.99999999999999</gx:fovy>
			<altitudeMode>absolute</altitudeMode>
		</Camera>
		<styleUrl>#__managed_style_0A6B76B15B2A0E750C46</styleUrl>
		<Point>
			<altitudeMode>relativeToGround</altitudeMode>
			<coordinates>104.6750838333005,17.05295197431469,0</coordinates>
		</Point>
	</Placemark>
	<Placemark id="00EF26E3D22A0251BA44">
		<name>RT138-SG-2276-0100-39+540</name>
		<Camera>
			<gx:ViewerOptions>
				<gx:option name="streetview"></gx:option>
				<gx:streetViewPanoId>8SjhgwpSGecKulpfHprJag</gx:streetViewPanoId>
			</gx:ViewerOptions>
			<longitude>104.6752035881428</longitude>
			<latitude>17.05252149684509</latitude>
			<altitude>152.9481658935547</altitude>
			<heading>214.2290586607375</heading>
			<tilt>76.96606922711482</tilt>
			<roll>0</roll>
			<gx:fovy>59.99999999999999</gx:fovy>
			<altitudeMode>absolute</altitudeMode>
		</Camera>
		<styleUrl>#__managed_style_0A6B76B15B2A0E750C46</styleUrl>
		<Point>
			<altitudeMode>relativeToGround</altitudeMode>
			<coordinates>104.6751662050044,17.05252439028526,0</coordinates>
		</Point>
	</Placemark>
	<Placemark id="0B6253E2E92A0252334F">
		<name>RT139-SG-2276-0100-39+585</name>
		<Camera>
			<gx:ViewerOptions>
				<gx:option name="streetview"></gx:option>
				<gx:streetViewPanoId>U_aIlnq-rdLzdceVxECTAA</gx:streetViewPanoId>
			</gx:ViewerOptions>
			<longitude>104.6752832177346</longitude>
			<latitude>17.05215598227731</latitude>
			<altitude>152.7514190673828</altitude>
			<heading>214.2290586607375</heading>
			<tilt>76.96606922711483</tilt>
			<roll>0</roll>
			<gx:fovy>59.99999999999999</gx:fovy>
			<altitudeMode>absolute</altitudeMode>
		</Camera>
		<styleUrl>#__managed_style_0A6B76B15B2A0E750C46</styleUrl>
		<Point>
			<altitudeMode>relativeToGround</altitudeMode>
			<coordinates>104.6752521811197,17.05213470682202,0</coordinates>
		</Point>
	</Placemark>
	<Placemark id="0180F400462A0252D08E">
		<name>RT140-SG-2276-0100-39+630</name>
		<Camera>
			<gx:ViewerOptions>
				<gx:option name="streetview"></gx:option>
				<gx:streetViewPanoId>DoWYJ5bnH7p7_teJ-vmmKA</gx:streetViewPanoId>
			</gx:ViewerOptions>
			<longitude>104.6753672959518</longitude>
			<latitude>17.05179576578008</latitude>
			<altitude>152.4596252441406</altitude>
			<heading>214.1301473805396</heading>
			<tilt>76.96606922711483</tilt>
			<roll>0</roll>
			<gx:fovy>59.99999999999999</gx:fovy>
			<altitudeMode>absolute</altitudeMode>
		</Camera>
		<styleUrl>#__managed_style_0A6B76B15B2A0E750C46</styleUrl>
		<Point>
			<altitudeMode>relativeToGround</altitudeMode>
			<coordinates>104.6753404466351,17.0517634317715,0</coordinates>
		</Point>
	</Placemark>
	<Placemark id="023AF435E22A02536FBE">
		<name>RT141-SG-2276-0100-39+675</name>
		<Camera>
			<gx:ViewerOptions>
				<gx:option name="streetview"></gx:option>
				<gx:streetViewPanoId>SCK8gR7v1-LidgDohckwJA</gx:streetViewPanoId>
			</gx:ViewerOptions>
			<longitude>104.6754192554233</longitude>
			<latitude>17.05153149347751</latitude>
			<altitude>152.3362579339834</altitude>
			<heading>202.2186921089913</heading>
			<tilt>77.24287180575742</tilt>
			<roll>0</roll>
			<gx:fovy>59.99999999999999</gx:fovy>
			<altitudeMode>absolute</altitudeMode>
		</Camera>
		<styleUrl>#__managed_style_0A6B76B15B2A0E750C46</styleUrl>
		<Point>
			<altitudeMode>relativeToGround</altitudeMode>
			<coordinates>104.6753907757612,17.05151399620625,0</coordinates>
		</Point>
	</Placemark>
	<Placemark id="045FD86B132A02541926">
		<name>RT142-SG-2276-0100-39+720</name>
		<Camera>
			<gx:ViewerOptions>
				<gx:option name="streetview"></gx:option>
				<gx:streetViewPanoId>vIOLMk81SRa92GPhFkkh4Q</gx:streetViewPanoId>
			</gx:ViewerOptions>
			<longitude>104.6755542255714</longitude>
			<latitude>17.05100207635701</latitude>
			<altitude>152.2649688720703</altitude>
			<heading>220.5209418899501</heading>
			<tilt>72.28956578555211</tilt>
			<roll>0</roll>
			<gx:fovy>59.99999999999999</gx:fovy>
			<altitudeMode>absolute</altitudeMode>
		</Camera>
		<styleUrl>#__managed_style_0A6B76B15B2A0E750C46</styleUrl>
		<Point>
			<altitudeMode>relativeToGround</altitudeMode>
			<coordinates>104.6755020345656,17.05099435124653,0</coordinates>
		</Point>
	</Placemark>
	<Placemark id="075430D7622A02632E5B">
		<name>LT2-SG-2276-0100-13+590</name>
		<Camera>
			<gx:ViewerOptions>
				<gx:option name="streetview"></gx:option>
				<gx:streetViewPanoId>MVqTvoCyu5kKAkItnrfEFg</gx:streetViewPanoId>
			</gx:ViewerOptions>
			<longitude>104.5263906475592</longitude>
			<latitude>17.19830041485834</latitude>
			<altitude>167.1283721923828</altitude>
			<heading>136.6715243130839</heading>
			<tilt>92.02921652559196</tilt>
			<roll>0</roll>
			<gx:fovy>59.99999999999999</gx:fovy>
			<altitudeMode>absolute</altitudeMode>
		</Camera>
		<styleUrl>#__managed_style_0A6B76B15B2A0E750C46</styleUrl>
		<Point>
			<altitudeMode>relativeToGround</altitudeMode>
			<coordinates>104.5265016591352,17.19890770063478,0</coordinates>
		</Point>
	</Placemark>
	<Placemark id="051703265F2A02640ABC">
		<name>LT4-SG-2276-0100-13+635</name>
		<Camera>
			<gx:ViewerOptions>
				<gx:option name="streetview"></gx:option>
				<gx:streetViewPanoId>WNwl5vnKBm7Lz27EAW_QpQ</gx:streetViewPanoId>
			</gx:ViewerOptions>
			<longitude>104.5263558049378</longitude>
			<latitude>17.19774089105017</latitude>
			<altitude>167.8240509033203</altitude>
			<heading>136.5718082597476</heading>
			<tilt>92.02921652559198</tilt>
			<roll>0</roll>
			<gx:fovy>59.99999999999999</gx:fovy>
			<altitudeMode>absolute</altitudeMode>
		</Camera>
		<styleUrl>#__managed_style_0A6B76B15B2A0E750C46</styleUrl>
		<Point>
			<altitudeMode>relativeToGround</altitudeMode>
			<coordinates>104.5264570800287,17.19772346676153,0</coordinates>
		</Point>
	</Placemark>
	<Placemark id="01DE670E452A0264B0FC">
		<name>LT5-SG-2276-0100-13+680</name>
		<Camera>
			<gx:ViewerOptions>
				<gx:option name="streetview"></gx:option>
				<gx:streetViewPanoId>gyzClu6yMUsR1deOJWotuw</gx:streetViewPanoId>
			</gx:ViewerOptions>
			<longitude>104.5263112739462</longitude>
			<latitude>17.19719773702066</latitude>
			<altitude>168.3027038574219</altitude>
			<heading>113.3396026547371</heading>
			<tilt>94.58024390618756</tilt>
			<roll>0</roll>
			<gx:fovy>59.99999999999999</gx:fovy>
			<altitudeMode>absolute</altitudeMode>
		</Camera>
		<styleUrl>#__managed_style_0A6B76B15B2A0E750C46</styleUrl>
		<Point>
			<altitudeMode>relativeToGround</altitudeMode>
			<coordinates>104.5264313359525,17.19718124966505,0</coordinates>
		</Point>
	</Placemark>
	<Placemark id="08F619705C2A0267FC12">
		<name>LT6-SG-2276-0100-13+725</name>
		<Camera>
			<gx:ViewerOptions>
				<gx:option name="streetview"></gx:option>
				<gx:streetViewPanoId>8XMQFQo4Ap8q7fbJW1d6vQ</gx:streetViewPanoId>
			</gx:ViewerOptions>
			<longitude>104.526277320185</longitude>
			<latitude>17.19671574427168</latitude>
			<altitude>168.2689361565656</altitude>
			<heading>133.4600138373793</heading>
			<tilt>93.57455450443098</tilt>
			<roll>0</roll>
			<gx:fovy>40.48447089023851</gx:fovy>
			<altitudeMode>absolute</altitudeMode>
		</Camera>
		<styleUrl>#__managed_style_0A6B76B15B2A0E750C46</styleUrl>
		<Point>
			<altitudeMode>relativeToGround</altitudeMode>
			<coordinates>104.5263892753063,17.19669207331762,0</coordinates>
		</Point>
	</Placemark>
	<Placemark id="061E1789532A026A73FC">
		<name>LT7-SG-2276-0100-13+770</name>
		<Camera>
			<gx:ViewerOptions>
				<gx:option name="streetview"></gx:option>
				<gx:streetViewPanoId>7isayls79QAWgpZ4unC13A</gx:streetViewPanoId>
			</gx:ViewerOptions>
			<longitude>104.5262442552732</longitude>
			<latitude>17.19619541841543</latitude>
			<altitude>167.4740600585938</altitude>
			<heading>124.0949308244553</heading>
			<tilt>95.36948864620369</tilt>
			<roll>0</roll>
			<gx:fovy>59.99999999999999</gx:fovy>
			<altitudeMode>absolute</altitudeMode>
		</Camera>
		<styleUrl>#__managed_style_0A6B76B15B2A0E750C46</styleUrl>
		<Point>
			<altitudeMode>relativeToGround</altitudeMode>
			<coordinates>104.5263615994966,17.19612693215614,0</coordinates>
		</Point>
	</Placemark>
	<Placemark id="01175BC6BA2A026B3846">
		<name>LT8-SG-2276-0100-13+815</name>
		<Camera>
			<gx:ViewerOptions>
				<gx:option name="streetview"></gx:option>
				<gx:streetViewPanoId>_z130DTYCfR67ZETNvpY9g</gx:streetViewPanoId>
			</gx:ViewerOptions>
			<longitude>104.526212612515</longitude>
			<latitude>17.19568897746712</latitude>
			<altitude>166.5557098390997</altitude>
			<heading>126.8150663321082</heading>
			<tilt>92.84636361448592</tilt>
			<roll>0</roll>
			<gx:fovy>59.99999999999999</gx:fovy>
			<altitudeMode>absolute</altitudeMode>
		</Camera>
		<styleUrl>#__managed_style_0A6B76B15B2A0E750C46</styleUrl>
		<Point>
			<altitudeMode>relativeToGround</altitudeMode>
			<coordinates>104.5263333705865,17.1956191283198,0</coordinates>
		</Point>
	</Placemark>
	<Placemark id="03EF32D9FC2A026C05F1">
		<name>LT8-SG-2276-0100-13+860</name>
		<Camera>
			<gx:ViewerOptions>
				<gx:option name="streetview"></gx:option>
				<gx:streetViewPanoId>xLHoXml0RWfXRPwOsiyktg</gx:streetViewPanoId>
			</gx:ViewerOptions>
			<longitude>104.5261924358159</longitude>
			<latitude>17.19514993979437</latitude>
			<altitude>165.9688873291016</altitude>
			<heading>125.7262671444241</heading>
			<tilt>93.94488069256536</tilt>
			<roll>0</roll>
			<gx:fovy>59.99999999999999</gx:fovy>
			<altitudeMode>absolute</altitudeMode>
		</Camera>
		<styleUrl>#__managed_style_0A6B76B15B2A0E750C46</styleUrl>
		<Point>
			<altitudeMode>relativeToGround</altitudeMode>
			<coordinates>104.5263148923878,17.19507628383965,0</coordinates>
		</Point>
	</Placemark>
	<Placemark id="0EDEBBE8872A026CD4CA">
		<name>LT9-SG-2276-0100-13+905</name>
		<Camera>
			<gx:ViewerOptions>
				<gx:option name="streetview"></gx:option>
				<gx:streetViewPanoId>N95Tm5VA2L7Mb_TL8_eEcw</gx:streetViewPanoId>
			</gx:ViewerOptions>
			<longitude>104.52618843603</longitude>
			<latitude>17.19467675578906</latitude>
			<altitude>165.6844482421875</altitude>
			<heading>125.430346257611</heading>
			<tilt>93.94488069256535</tilt>
			<roll>0</roll>
			<gx:fovy>59.99999999999999</gx:fovy>
			<altitudeMode>absolute</altitudeMode>
		</Camera>
		<styleUrl>#__managed_style_0A6B76B15B2A0E750C46</styleUrl>
		<Point>
			<altitudeMode>relativeToGround</altitudeMode>
			<coordinates>104.5263071566894,17.19458120591717,0</coordinates>
		</Point>
	</Placemark>
	<Placemark id="0AB7D453872A026D9992">
		<name>LT10-SG-2276-0100-13+950</name>
		<Camera>
			<gx:ViewerOptions>
				<gx:option name="streetview"></gx:option>
				<gx:streetViewPanoId>LXQUP4zl40rZSHby2K3TYA</gx:streetViewPanoId>
			</gx:ViewerOptions>
			<longitude>104.5261857695062</longitude>
			<latitude>17.19410195338661</latitude>
			<altitude>165.451416015625</altitude>
			<heading>125.430346257611</heading>
			<tilt>93.94488069256539</tilt>
			<roll>0</roll>
			<gx:fovy>59.99999999999999</gx:fovy>
			<altitudeMode>absolute</altitudeMode>
		</Camera>
		<styleUrl>#__managed_style_0A6B76B15B2A0E750C46</styleUrl>
		<Point>
			<altitudeMode>relativeToGround</altitudeMode>
			<coordinates>104.5263042538912,17.1940847031173,0</coordinates>
		</Point>
	</Placemark>
	<Placemark id="02F2C178EF2A026E563B">
		<name>LT11-SG-2276-0100-13+995</name>
		<Camera>
			<gx:ViewerOptions>
				<gx:option name="streetview"></gx:option>
				<gx:streetViewPanoId>A4GCtzEJIwshfW2ITzZSpA</gx:streetViewPanoId>
			</gx:ViewerOptions>
			<longitude>104.5262041685216</longitude>
			<latitude>17.1935708294877</latitude>
			<altitude>165.1965484619141</altitude>
			<heading>122.9708041002869</heading>
			<tilt>95.92620870198613</tilt>
			<roll>0</roll>
			<gx:fovy>59.99999999999999</gx:fovy>
			<altitudeMode>absolute</altitudeMode>
		</Camera>
		<styleUrl>#__managed_style_0A6B76B15B2A0E750C46</styleUrl>
		<Point>
			<altitudeMode>relativeToGround</altitudeMode>
			<coordinates>104.5263168061848,17.19350943500469,0</coordinates>
		</Point>
	</Placemark>
	<Placemark id="011E4BA7302A026F0C56">
		<name>LT12-SG-2276-0100-14+040</name>
		<Camera>
			<gx:ViewerOptions>
				<gx:option name="streetview"></gx:option>
				<gx:streetViewPanoId>EOBYWTu5h57BX5WU0WvyPw</gx:streetViewPanoId>
			</gx:ViewerOptions>
			<longitude>104.5262255007163</longitude>
			<latitude>17.19296594651843</latitude>
			<altitude>165.2545166015625</altitude>
			<heading>122.9708041002869</heading>
			<tilt>95.92620870198616</tilt>
			<roll>0</roll>
			<gx:fovy>59.99999999999999</gx:fovy>
			<altitudeMode>absolute</altitudeMode>
		</Camera>
		<styleUrl>#__managed_style_0A6B76B15B2A0E750C46</styleUrl>
		<Point>
			<altitudeMode>relativeToGround</altitudeMode>
			<coordinates>104.5263311348327,17.19295080453552,0</coordinates>
		</Point>
	</Placemark>
	<Placemark id="04E68720EB2A0270CE1E">
		<name>LT13-SG-2276-0100-14+085</name>
		<Camera>
			<gx:ViewerOptions>
				<gx:option name="streetview"></gx:option>
				<gx:streetViewPanoId>m2y41tWjEC8DHt2JNWLMRA</gx:streetViewPanoId>
			</gx:ViewerOptions>
			<longitude>104.526236877888</longitude>
			<latitude>17.19240877123069</latitude>
			<altitude>165.5671539306641</altitude>
			<heading>106.5515986059529</heading>
			<tilt>91.32987135876282</tilt>
			<roll>0</roll>
			<gx:fovy>59.99999999999999</gx:fovy>
			<altitudeMode>absolute</altitudeMode>
		</Camera>
		<styleUrl>#__managed_style_0A6B76B15B2A0E750C46</styleUrl>
		<Point>
			<altitudeMode>relativeToGround</altitudeMode>
			<coordinates>104.5263673744635,17.19243796985867,0</coordinates>
		</Point>
	</Placemark>
	<Placemark id="0AB1DBDF622A0273234A">
		<name>LT14-SG-2276-0100-14+130</name>
		<Camera>
			<gx:ViewerOptions>
				<gx:option name="streetview"></gx:option>
				<gx:streetViewPanoId>9Tc5hO4Z07N6vLwCYdoeUw</gx:streetViewPanoId>
			</gx:ViewerOptions>
			<longitude>104.5262455885356</longitude>
			<latitude>17.19204313362778</latitude>
			<altitude>165.5117645264519</altitude>
			<heading>128.3752901589124</heading>
			<tilt>92.35112118938626</tilt>
			<roll>0</roll>
			<gx:fovy>42.39984514675844</gx:fovy>
			<altitudeMode>absolute</altitudeMode>
		</Camera>
		<styleUrl>#__managed_style_0A6B76B15B2A0E750C46</styleUrl>
		<Point>
			<altitudeMode>relativeToGround</altitudeMode>
			<coordinates>104.5263704615423,17.1919907922909,0</coordinates>
		</Point>
	</Placemark>
	<Placemark id="03D5E02FAC2A0273AD20">
		<name>LT15-SG-2276-0100-175</name>
		<Camera>
			<gx:ViewerOptions>
				<gx:option name="streetview"></gx:option>
				<gx:streetViewPanoId>dtxuH-adcjVqlzJ4yiHk0A</gx:streetViewPanoId>
			</gx:ViewerOptions>
			<longitude>104.5262474551031</longitude>
			<latitude>17.19149369427198</latitude>
			<altitude>165.6745910644531</altitude>
			<heading>128.3752901589124</heading>
			<tilt>92.35112118938626</tilt>
			<roll>0</roll>
			<gx:fovy>59.99999999999999</gx:fovy>
			<altitudeMode>absolute</altitudeMode>
		</Camera>
		<styleUrl>#__managed_style_0A6B76B15B2A0E750C46</styleUrl>
		<Point>
			<altitudeMode>relativeToGround</altitudeMode>
			<coordinates>104.5263850325117,17.19151540848416,0</coordinates>
		</Point>
	</Placemark>
	<Placemark id="018258B3062A02746066">
		<name>LT16-SG-2276-0100-14+220</name>
		<Camera>
			<gx:ViewerOptions>
				<gx:option name="streetview"></gx:option>
				<gx:streetViewPanoId>R5XLRQ9Arrb8kTVF4_XcBw</gx:streetViewPanoId>
			</gx:ViewerOptions>
			<longitude>104.5262398999494</longitude>
			<latitude>17.19112696087691</latitude>
			<altitude>165.7386932373047</altitude>
			<heading>128.175847182987</heading>
			<tilt>92.35112118938629</tilt>
			<roll>0</roll>
			<gx:fovy>59.99999999999999</gx:fovy>
			<altitudeMode>absolute</altitudeMode>
		</Camera>
		<styleUrl>#__managed_style_0A6B76B15B2A0E750C46</styleUrl>
		<Point>
			<altitudeMode>relativeToGround</altitudeMode>
			<coordinates>104.5263690122716,17.19111881123363,0</coordinates>
		</Point>
	</Placemark>
	<Placemark id="049474BA612A0276D622">
		<name>LT17-SG-2276-0100-14+265</name>
		<Camera>
			<gx:ViewerOptions>
				<gx:option name="streetview"></gx:option>
				<gx:streetViewPanoId>rd3CxnEHn8j3SIljA7k1CQ</gx:streetViewPanoId>
			</gx:ViewerOptions>
			<longitude>104.5262215009304</longitude>
			<latitude>17.19053044549558</latitude>
			<altitude>165.5197741652296</altitude>
			<heading>128.1645473774251</heading>
			<tilt>88.49820954928025</tilt>
			<roll>0</roll>
			<gx:fovy>59.99999999999999</gx:fovy>
			<altitudeMode>absolute</altitudeMode>
		</Camera>
		<styleUrl>#__managed_style_0A6B76B15B2A0E750C46</styleUrl>
		<Point>
			<altitudeMode>relativeToGround</altitudeMode>
			<coordinates>104.5263440785658,17.19053174946925,0</coordinates>
		</Point>
	</Placemark>
	<Placemark id="0DDF92CE602A027976B3">
		<name>LT18-SG-2276-0100-14+310</name>
		<Camera>
			<gx:ViewerOptions>
				<gx:option name="streetview"></gx:option>
				<gx:streetViewPanoId>qWu1CJs47pdw6bfaU9DmGg</gx:streetViewPanoId>
			</gx:ViewerOptions>
			<longitude>104.5261837251713</longitude>
			<latitude>17.19009985720451</latitude>
			<altitude>164.8977966305036</altitude>
			<heading>127.0213514704152</heading>
			<tilt>95.41518235445011</tilt>
			<roll>0</roll>
			<gx:fovy>59.99999999999999</gx:fovy>
			<altitudeMode>absolute</altitudeMode>
		</Camera>
		<styleUrl>#__managed_style_0A6B76B15B2A0E750C46</styleUrl>
		<Point>
			<altitudeMode>relativeToGround</altitudeMode>
			<coordinates>104.5263022386758,17.19010299153898,0</coordinates>
		</Point>
	</Placemark>
	<Placemark id="04C39EA5B42A027B2A52">
		<name>LT19-SG-2276-0100-14+355</name>
		<Camera>
			<gx:ViewerOptions>
				<gx:option name="streetview"></gx:option>
				<gx:streetViewPanoId>07j9Ny162YZc2xtKGUvdew</gx:streetViewPanoId>
			</gx:ViewerOptions>
			<longitude>104.5262004353879</longitude>
			<latitude>17.18960599051534</latitude>
			<altitude>164.3485565185547</altitude>
			<heading>132.6642909880053</heading>
			<tilt>84.99999999999999</tilt>
			<roll>0</roll>
			<gx:fovy>59.99999999999999</gx:fovy>
			<altitudeMode>absolute</altitudeMode>
		</Camera>
		<styleUrl>#__managed_style_0A6B76B15B2A0E750C46</styleUrl>
		<Point>
			<altitudeMode>relativeToGround</altitudeMode>
			<coordinates>104.5262983377417,17.18958004666825,0</coordinates>
		</Point>
	</Placemark>
	<Placemark id="0F16CF64A92A027BC978">
		<name>LT20-SG-2276-0100-14+400</name>
		<Camera>
			<gx:ViewerOptions>
				<gx:option name="streetview"></gx:option>
				<gx:streetViewPanoId>TzQy9synWhAqsWMSntXk7w</gx:streetViewPanoId>
			</gx:ViewerOptions>
			<longitude>104.5261777699349</longitude>
			<latitude>17.18914817077428</latitude>
			<altitude>163.759765625</altitude>
			<heading>132.6642909880053</heading>
			<tilt>84.99999999999999</tilt>
			<roll>0</roll>
			<gx:fovy>59.99999999999999</gx:fovy>
			<altitudeMode>absolute</altitudeMode>
		</Camera>
		<styleUrl>#__managed_style_0A6B76B15B2A0E750C46</styleUrl>
		<Point>
			<altitudeMode>relativeToGround</altitudeMode>
			<coordinates>104.5262784960261,17.18911047175878,0</coordinates>
		</Point>
	</Placemark>
	<Placemark id="086FFD78132A027CDACD">
		<name>LT21-SG-2276-0100-14+445</name>
		<Camera>
			<gx:ViewerOptions>
				<gx:option name="streetview"></gx:option>
				<gx:streetViewPanoId>EtC_Nlt_OBckY5WWXBBI6g</gx:streetViewPanoId>
			</gx:ViewerOptions>
			<longitude>104.5261607041844</longitude>
			<latitude>17.18878178477514</latitude>
			<altitude>163.4438018798828</altitude>
			<heading>132.6645078285786</heading>
			<tilt>85</tilt>
			<roll>0</roll>
			<gx:fovy>59.99999999999999</gx:fovy>
			<altitudeMode>absolute</altitudeMode>
		</Camera>
		<styleUrl>#__managed_style_0A6B76B15B2A0E750C46</styleUrl>
		<Point>
			<altitudeMode>relativeToGround</altitudeMode>
			<coordinates>104.5262709988656,17.1887185588852,0</coordinates>
		</Point>
	</Placemark>
	<Placemark id="0CDE71955D2A027E0152">
		<name>LT22-SG-2276-0100-14+490</name>
		<Camera>
			<gx:ViewerOptions>
				<gx:option name="streetview"></gx:option>
				<gx:streetViewPanoId>fmdCIt9Hc8HpQsw4kRhQnA</gx:streetViewPanoId>
			</gx:ViewerOptions>
			<longitude>104.526139371999</longitude>
			<latitude>17.18824575022375</latitude>
			<altitude>163.1485443115234</altitude>
			<heading>132.6645078285785</heading>
			<tilt>85</tilt>
			<roll>0</roll>
			<gx:fovy>59.99999999999999</gx:fovy>
			<altitudeMode>absolute</altitudeMode>
		</Camera>
		<styleUrl>#__managed_style_0A6B76B15B2A0E750C46</styleUrl>
		<Point>
			<altitudeMode>relativeToGround</altitudeMode>
			<coordinates>104.5262249205064,17.18817961809851,0</coordinates>
		</Point>
	</Placemark>
	<Placemark id="05291831A62A027EDB05">
		<name>LT23-SG-2276-0100-14+535</name>
		<Camera>
			<gx:ViewerOptions>
				<gx:option name="streetview"></gx:option>
				<gx:streetViewPanoId>I-dAPwvlc8NIiLW5kTgXPQ</gx:streetViewPanoId>
			</gx:ViewerOptions>
			<longitude>104.5261026628703</longitude>
			<latitude>17.18769914141319</latitude>
			<altitude>163.1297912608166</altitude>
			<heading>111.8639273664042</heading>
			<tilt>86.0293013820682</tilt>
			<roll>0</roll>
			<gx:fovy>59.99999999999999</gx:fovy>
			<altitudeMode>absolute</altitudeMode>
		</Camera>
		<styleUrl>#__managed_style_0A6B76B15B2A0E750C46</styleUrl>
		<Point>
			<altitudeMode>relativeToGround</altitudeMode>
			<coordinates>104.5262220836864,17.18771760962833,0</coordinates>
		</Point>
	</Placemark>
	<Placemark id="085CDE55AA2A028004DD">
		<name>LT24-SG-2276-0100-14+580</name>
		<Camera>
			<gx:ViewerOptions>
				<gx:option name="streetview"></gx:option>
				<gx:streetViewPanoId>trvx6M9C-vr5w01Mya-CwA</gx:streetViewPanoId>
			</gx:ViewerOptions>
			<longitude>104.5260762643016</longitude>
			<latitude>17.18724010268769</latitude>
			<altitude>163.2815551757812</altitude>
			<heading>111.1963428993081</heading>
			<tilt>91.74627837809045</tilt>
			<roll>0</roll>
			<gx:fovy>59.99999999999999</gx:fovy>
			<altitudeMode>absolute</altitudeMode>
		</Camera>
		<styleUrl>#__managed_style_0A6B76B15B2A0E750C46</styleUrl>
		<Point>
			<altitudeMode>relativeToGround</altitudeMode>
			<coordinates>104.5262142306906,17.18723617433968,0</coordinates>
		</Point>
	</Placemark>
	<Placemark id="0F9F5DF01F2A0280C2C9">
		<name>LT25-SG-2276-0100-14+625</name>
		<Camera>
			<gx:ViewerOptions>
				<gx:option name="streetview"></gx:option>
				<gx:streetViewPanoId>pkuR2OTEQZtCTJeROjS4eg</gx:streetViewPanoId>
			</gx:ViewerOptions>
			<longitude>104.5261690592912</longitude>
			<latitude>17.18678457456185</latitude>
			<altitude>163.0169067382812</altitude>
			<heading>113.9417737064475</heading>
			<tilt>82.18249727735233</tilt>
			<roll>0</roll>
			<gx:fovy>48.19623751795819</gx:fovy>
			<altitudeMode>absolute</altitudeMode>
		</Camera>
		<styleUrl>#__managed_style_0A6B76B15B2A0E750C46</styleUrl>
		<Point>
			<altitudeMode>relativeToGround</altitudeMode>
			<coordinates>104.5262284292751,17.18675638219896,0</coordinates>
		</Point>
	</Placemark>
	<Placemark id="08CE20DB122A0281636F">
		<name>LT26-SG-2276-0100-14+670</name>
		<Camera>
			<gx:ViewerOptions>
				<gx:option name="streetview"></gx:option>
				<gx:streetViewPanoId>mY_GB9QZyie1TGqlAexn4w</gx:streetViewPanoId>
			</gx:ViewerOptions>
			<longitude>104.526203101912</longitude>
			<latitude>17.18633299296993</latitude>
			<altitude>163.0436553955078</altitude>
			<heading>113.9417737064475</heading>
			<tilt>82.27547225534752</tilt>
			<roll>0</roll>
			<gx:fovy>59.99999999999999</gx:fovy>
			<altitudeMode>absolute</altitudeMode>
		</Camera>
		<styleUrl>#__managed_style_0A6B76B15B2A0E750C46</styleUrl>
		<Point>
			<altitudeMode>relativeToGround</altitudeMode>
			<coordinates>104.5262496400736,17.18634719256648,0</coordinates>
		</Point>
	</Placemark>
	<Placemark id="02E944C8AC2A028218B6">
		<name>LT27-SG-2276-0100-14+715</name>
		<Camera>
			<gx:ViewerOptions>
				<gx:option name="streetview"></gx:option>
				<gx:streetViewPanoId>UT28TcZ0Fkt8QkxC83Ckaw</gx:streetViewPanoId>
			</gx:ViewerOptions>
			<longitude>104.5262841642672</longitude>
			<latitude>17.18584507228733</latitude>
			<altitude>162.9952392573992</altitude>
			<heading>132.9622190376058</heading>
			<tilt>65.17492880555021</tilt>
			<roll>0</roll>
			<gx:fovy>59.99999999999999</gx:fovy>
			<altitudeMode>absolute</altitudeMode>
		</Camera>
		<styleUrl>#__managed_style_0A6B76B15B2A0E750C46</styleUrl>
		<Point>
			<altitudeMode>relativeToGround</altitudeMode>
			<coordinates>104.5263171868244,17.18583330459675,0</coordinates>
		</Point>
	</Placemark>
	<Placemark id="04B1FA988F2A02839D5D">
		<name>LT28-SG-2276-0100-14+760</name>
		<Camera>
			<gx:ViewerOptions>
				<gx:option name="streetview"></gx:option>
				<gx:streetViewPanoId>gc4S4dV1LrFrT6noSqB8Qg</gx:streetViewPanoId>
			</gx:ViewerOptions>
			<longitude>104.5262350113207</longitude>
			<latitude>17.18539157232079</latitude>
			<altitude>163.2646942138672</altitude>
			<heading>117.4897472073325</heading>
			<tilt>87.24539045842357</tilt>
			<roll>0</roll>
			<gx:fovy>59.99999999999999</gx:fovy>
			<altitudeMode>absolute</altitudeMode>
		</Camera>
		<styleUrl>#__managed_style_0A6B76B15B2A0E750C46</styleUrl>
		<Point>
			<altitudeMode>relativeToGround</altitudeMode>
			<coordinates>104.5263790439868,17.18539802609341,0</coordinates>
		</Point>
	</Placemark>
	<Placemark id="02E18791982A028448AE">
		<name>LT29-SG-2276-0100-14+805</name>
		<Camera>
			<gx:ViewerOptions>
				<gx:option name="streetview"></gx:option>
				<gx:streetViewPanoId>itVN-ZpHcVGqq05WvQd2BA</gx:streetViewPanoId>
			</gx:ViewerOptions>
			<longitude>104.5262998967689</longitude>
			<latitude>17.18494354398505</latitude>
			<altitude>163.4759063724868</altitude>
			<heading>115.7924295565649</heading>
			<tilt>90.26363420113641</tilt>
			<roll>0</roll>
			<gx:fovy>59.99999999999999</gx:fovy>
			<altitudeMode>absolute</altitudeMode>
		</Camera>
		<styleUrl>#__managed_style_0A6B76B15B2A0E750C46</styleUrl>
		<Point>
			<altitudeMode>relativeToGround</altitudeMode>
			<coordinates>104.5264394833322,17.18494168517542,0</coordinates>
		</Point>
	</Placemark>
	<Placemark id="0C1F8ABFA32A02985955">
		<name>LT30-SG-2276-0100-14+850</name>
		<Camera>
			<gx:ViewerOptions>
				<gx:option name="streetview"></gx:option>
				<gx:streetViewPanoId>ZdAPFJd6-wbo4U9XjXlgUg</gx:streetViewPanoId>
			</gx:ViewerOptions>
			<longitude>104.5264667324954</longitude>
			<latitude>17.18443272726868</latitude>
			<altitude>163.7119445800781</altitude>
			<heading>115.7925163698587</heading>
			<tilt>85.00000000000006</tilt>
			<roll>0</roll>
			<gx:fovy>59.99999999999999</gx:fovy>
			<altitudeMode>absolute</altitudeMode>
		</Camera>
		<styleUrl>#__managed_style_0A6B76B15B2A0E750C46</styleUrl>
		<Point>
			<altitudeMode>relativeToGround</altitudeMode>
			<coordinates>104.5265239282678,17.18443925603428,0</coordinates>
		</Point>
	</Placemark>
	<Placemark id="0A017A6F7C2A0299E720">
		<name>LT31-SG-2276-0100-14+895</name>
		<Camera>
			<gx:ViewerOptions>
				<gx:option name="streetview"></gx:option>
				<gx:streetViewPanoId>SFEJPQ3ZdHlZUG0OVgdKbQ</gx:streetViewPanoId>
			</gx:ViewerOptions>
			<longitude>104.5265355289546</longitude>
			<latitude>17.18398080848393</latitude>
			<altitude>163.7598876953125</altitude>
			<heading>115.7925163670309</heading>
			<tilt>84.99999999999999</tilt>
			<roll>0</roll>
			<gx:fovy>59.99999999999999</gx:fovy>
			<altitudeMode>absolute</altitudeMode>
		</Camera>
		<styleUrl>#__managed_style_0A6B76B15B2A0E750C46</styleUrl>
		<Point>
			<altitudeMode>relativeToGround</altitudeMode>
			<coordinates>104.5265906025811,17.18397860136619,0</coordinates>
		</Point>
	</Placemark>
	<Placemark id="0FEE9C70A72A029B0B13">
		<name>LT32-SG-2276-0100-14+940</name>
		<Camera>
			<gx:ViewerOptions>
				<gx:option name="streetview"></gx:option>
				<gx:streetViewPanoId>2Udf5orotUNsXEByj53r3Q</gx:streetViewPanoId>
			</gx:ViewerOptions>
			<longitude>104.5266277020379</longitude>
			<latitude>17.18357459679484</latitude>
			<altitude>163.8007049560547</altitude>
			<heading>115.7926369550433</heading>
			<tilt>84.99999999999999</tilt>
			<roll>0</roll>
			<gx:fovy>59.99999999999999</gx:fovy>
			<altitudeMode>absolute</altitudeMode>
		</Camera>
		<styleUrl>#__managed_style_0A6B76B15B2A0E750C46</styleUrl>
		<Point>
			<altitudeMode>relativeToGround</altitudeMode>
			<coordinates>104.5266868729898,17.18357707839986,0</coordinates>
		</Point>
	</Placemark>
	<Placemark id="09301489142A029BC7E2">
		<name>LT33-SG-2276-0100-14+985</name>
		<Camera>
			<gx:ViewerOptions>
				<gx:option name="streetview"></gx:option>
				<gx:streetViewPanoId>ZLYB_TK15S3awOqbmLdCnA</gx:streetViewPanoId>
			</gx:ViewerOptions>
			<longitude>104.5267670728251</longitude>
			<latitude>17.18308505805674</latitude>
			<altitude>163.7705841064453</altitude>
			<heading>115.6937256748455</heading>
			<tilt>85.09439835784472</tilt>
			<roll>0</roll>
			<gx:fovy>59.99999999999999</gx:fovy>
			<altitudeMode>absolute</altitudeMode>
		</Camera>
		<styleUrl>#__managed_style_0A6B76B15B2A0E750C46</styleUrl>
		<Point>
			<altitudeMode>relativeToGround</altitudeMode>
			<coordinates>104.5268279787772,17.1831226378089,0</coordinates>
		</Point>
	</Placemark>
	<Placemark id="0A499E3D722A029D0ACC">
		<name>LT34-SG-2276-0100-15+030</name>
		<Camera>
			<gx:ViewerOptions>
				<gx:option name="streetview"></gx:option>
				<gx:streetViewPanoId>dmhbhVy5mR9OYCVfMdTYGQ</gx:streetViewPanoId>
			</gx:ViewerOptions>
			<longitude>104.5269147100058</longitude>
			<latitude>17.18264681801676</latitude>
			<altitude>163.4880828857422</altitude>
			<heading>115.6938218144428</heading>
			<tilt>85</tilt>
			<roll>0</roll>
			<gx:fovy>59.99999999999999</gx:fovy>
			<altitudeMode>absolute</altitudeMode>
		</Camera>
		<styleUrl>#__managed_style_0A6B76B15B2A0E750C46</styleUrl>
		<Point>
			<altitudeMode>relativeToGround</altitudeMode>
			<coordinates>104.5269439870904,17.18267171927546,0</coordinates>
		</Point>
	</Placemark>
	<Placemark id="06A27A1DCD2A029DECE4">
		<name>LT35-SG-2276-0100-15+075</name>
		<Camera>
			<gx:ViewerOptions>
				<gx:option name="streetview"></gx:option>
				<gx:streetViewPanoId>NZBpha-kukiC6w_q5oYtPQ</gx:streetViewPanoId>
			</gx:ViewerOptions>
			<longitude>104.5270029723994</longitude>
			<latitude>17.18238490079068</latitude>
			<altitude>163.4508209228516</altitude>
			<heading>115.6938218144428</heading>
			<tilt>85</tilt>
			<roll>0</roll>
			<gx:fovy>59.99999999999999</gx:fovy>
			<altitudeMode>absolute</altitudeMode>
		</Camera>
		<styleUrl>#__managed_style_0A6B76B15B2A0E750C46</styleUrl>
		<Point>
			<altitudeMode>relativeToGround</altitudeMode>
			<coordinates>104.5270645812126,17.18235693366621,0</coordinates>
		</Point>
	</Placemark>
	<Placemark id="0DEEBAC3462A029E8446">
		<name>LT36-SG-2276-0100-15+120</name>
		<Camera>
			<gx:ViewerOptions>
				<gx:option name="streetview"></gx:option>
				<gx:streetViewPanoId>k8bndDgzfOlKxbWZ0w-CeQ</gx:streetViewPanoId>
			</gx:ViewerOptions>
			<longitude>104.5271505209278</longitude>
			<latitude>17.18199874666521</latitude>
			<altitude>163.318359375</altitude>
			<heading>115.5950507840273</heading>
			<tilt>85.09471650575028</tilt>
			<roll>0</roll>
			<gx:fovy>59.99999999999999</gx:fovy>
			<altitudeMode>absolute</altitudeMode>
		</Camera>
		<styleUrl>#__managed_style_0A6B76B15B2A0E750C46</styleUrl>
		<Point>
			<altitudeMode>relativeToGround</altitudeMode>
			<coordinates>104.5270290626663,17.18194120129021,0</coordinates>
		</Point>
	</Placemark>
	<Placemark id="0A0D0B7B462A029F3D76">
		<name>LT37-SG-2276-0100-15+165</name>
		<Camera>
			<gx:ViewerOptions>
				<gx:option name="streetview"></gx:option>
				<gx:streetViewPanoId>KX8QsXn3RZaZoIBKdVPd2Q</gx:streetViewPanoId>
			</gx:ViewerOptions>
			<longitude>104.5272653600034</longitude>
			<latitude>17.18163108377845</latitude>
			<altitude>163.4654083251953</altitude>
			<heading>115.5950507840273</heading>
			<tilt>85.0947165057503</tilt>
			<roll>0</roll>
			<gx:fovy>59.99999999999999</gx:fovy>
			<altitudeMode>absolute</altitudeMode>
		</Camera>
		<styleUrl>#__managed_style_0A6B76B15B2A0E750C46</styleUrl>
		<Point>
			<altitudeMode>relativeToGround</altitudeMode>
			<coordinates>104.5273469341161,17.18159192909836,0</coordinates>
		</Point>
	</Placemark>
	<Placemark id="0DC08D19492A02A05809">
		<name>LT38-SG-2276-0100-15+210</name>
		<Camera>
			<gx:ViewerOptions>
				<gx:option name="streetview"></gx:option>
				<gx:streetViewPanoId>W10yeFx796lEdttDsxlYhw</gx:streetViewPanoId>
			</gx:ViewerOptions>
			<longitude>104.5274330856536</longitude>
			<latitude>17.18119384163974</latitude>
			<altitude>163.6271362304688</altitude>
			<heading>116.9945685737778</heading>
			<tilt>81.69077338461574</tilt>
			<roll>0</roll>
			<gx:fovy>59.99999999999999</gx:fovy>
			<altitudeMode>absolute</altitudeMode>
		</Camera>
		<styleUrl>#__managed_style_0A6B76B15B2A0E750C46</styleUrl>
		<Point>
			<altitudeMode>relativeToGround</altitudeMode>
			<coordinates>104.5274708627514,17.18115910988942,0</coordinates>
		</Point>
	</Placemark>
	<Placemark id="00AB45088C2A02A119F2">
		<name>LT39-SG-2276-0100-15+255</name>
		<Camera>
			<gx:ViewerOptions>
				<gx:option name="streetview"></gx:option>
				<gx:streetViewPanoId>JhrXnXo0TZq0g86_16LzaA</gx:streetViewPanoId>
			</gx:ViewerOptions>
			<longitude>104.5275456139375</longitude>
			<latitude>17.18083699368289</latitude>
			<altitude>163.8509521484375</altitude>
			<heading>116.9945685737777</heading>
			<tilt>81.69077338461575</tilt>
			<roll>0</roll>
			<gx:fovy>59.99999999999999</gx:fovy>
			<altitudeMode>absolute</altitudeMode>
		</Camera>
		<styleUrl>#__managed_style_0A6B76B15B2A0E750C46</styleUrl>
		<Point>
			<altitudeMode>relativeToGround</altitudeMode>
			<coordinates>104.5275776360181,17.18083599808824,0</coordinates>
		</Point>
	</Placemark>
	<Placemark id="02B48E4FE42A02A2606C">
		<name>LT40-SG-2276-0100-15+300</name>
		<Camera>
			<gx:ViewerOptions>
				<gx:option name="streetview"></gx:option>
				<gx:streetViewPanoId>NuZJELui0JLC704HW1YlbA</gx:streetViewPanoId>
			</gx:ViewerOptions>
			<longitude>104.5276906742196</longitude>
			<latitude>17.18040202691019</latitude>
			<altitude>164.0535430908203</altitude>
			<heading>122.1379266780236</heading>
			<tilt>82.20986191123691</tilt>
			<roll>0</roll>
			<gx:fovy>59.99999999999999</gx:fovy>
			<altitudeMode>absolute</altitudeMode>
		</Camera>
		<styleUrl>#__managed_style_0A6B76B15B2A0E750C46</styleUrl>
		<Point>
			<altitudeMode>relativeToGround</altitudeMode>
			<coordinates>104.5276906742196,17.18040202691019,0</coordinates>
		</Point>
	</Placemark>
	<Placemark id="02EEB458C42A02A31603">
		<name>LT41-SG-2276-0100-15+345</name>
		<Camera>
			<gx:ViewerOptions>
				<gx:option name="streetview"></gx:option>
				<gx:streetViewPanoId>M5NbLlIXp2GXDOL7tCJ_Cw</gx:streetViewPanoId>
			</gx:ViewerOptions>
			<longitude>104.5278048026285</longitude>
			<latitude>17.1800543882301</latitude>
			<altitude>164.0458526611328</altitude>
			<heading>125.8042116903278</heading>
			<tilt>77.75637832111605</tilt>
			<roll>0</roll>
			<gx:fovy>59.99999999999999</gx:fovy>
			<altitudeMode>absolute</altitudeMode>
		</Camera>
		<styleUrl>#__managed_style_0A6B76B15B2A0E750C46</styleUrl>
		<Point>
			<altitudeMode>relativeToGround</altitudeMode>
			<coordinates>104.5278048026285,17.1800543882301,0</coordinates>
		</Point>
	</Placemark>
	<Placemark id="06DD4039392A02A42D31">
		<name>LT42-SG-2276-0100-15+390</name>
		<Camera>
			<gx:ViewerOptions>
				<gx:option name="streetview"></gx:option>
				<gx:streetViewPanoId>QxOJFYb0Zq-H1L3p4dt7jw</gx:streetViewPanoId>
			</gx:ViewerOptions>
			<longitude>104.5279179533876</longitude>
			<latitude>17.17966055070759</latitude>
			<altitude>164.1356964111328</altitude>
			<heading>131.8097897226479</heading>
			<tilt>80.86397944976726</tilt>
			<roll>0</roll>
			<gx:fovy>59.99999999999999</gx:fovy>
			<altitudeMode>absolute</altitudeMode>
		</Camera>
		<styleUrl>#__managed_style_0A6B76B15B2A0E750C46</styleUrl>
		<Point>
			<altitudeMode>relativeToGround</altitudeMode>
			<coordinates>104.5279179533876,17.17966055070759,0</coordinates>
		</Point>
	</Placemark>
	<Placemark id="0E27B099252A02A4CD88">
		<name>LT43-SG-2276-0100-15+435</name>
		<Camera>
			<gx:ViewerOptions>
				<gx:option name="streetview"></gx:option>
				<gx:streetViewPanoId>TCSi0FBVkqIg5CD0bn78eA</gx:streetViewPanoId>
			</gx:ViewerOptions>
			<longitude>104.5280118161403</longitude>
			<latitude>17.17930894150399</latitude>
			<altitude>163.9978332519531</altitude>
			<heading>131.7114168839152</heading>
			<tilt>80.86397944976724</tilt>
			<roll>0</roll>
			<gx:fovy>59.99999999999999</gx:fovy>
			<altitudeMode>absolute</altitudeMode>
		</Camera>
		<styleUrl>#__managed_style_0A6B76B15B2A0E750C46</styleUrl>
		<Point>
			<altitudeMode>relativeToGround</altitudeMode>
			<coordinates>104.5280118161403,17.17930894150399,0</coordinates>
		</Point>
	</Placemark>
	<Placemark id="0C8BCD07892A02A5A177">
		<name>LT44-SG-2276-0100-15+480</name>
		<Camera>
			<gx:ViewerOptions>
				<gx:option name="streetview"></gx:option>
				<gx:streetViewPanoId>UPSZ3qEmrPxUTR0C37s4mA</gx:streetViewPanoId>
			</gx:ViewerOptions>
			<longitude>104.5280410593773</longitude>
			<latitude>17.17888306349153</latitude>
			<altitude>163.6588745117188</altitude>
			<heading>110.7281355956754</heading>
			<tilt>95.80818504046483</tilt>
			<roll>0</roll>
			<gx:fovy>59.99999999999999</gx:fovy>
			<altitudeMode>absolute</altitudeMode>
		</Camera>
		<styleUrl>#__managed_style_0A6B76B15B2A0E750C46</styleUrl>
		<Point>
			<altitudeMode>relativeToGround</altitudeMode>
			<coordinates>104.5281673635521,17.1788666360256,0</coordinates>
		</Point>
	</Placemark>
	<Placemark id="07273449632A02A67B89">
		<name>LT45-SG-2276-0100-15+525</name>
		<Camera>
			<gx:ViewerOptions>
				<gx:option name="streetview"></gx:option>
				<gx:streetViewPanoId>LmQ9MSi506d1qgu1jlfKOg</gx:streetViewPanoId>
			</gx:ViewerOptions>
			<longitude>104.5281647876652</longitude>
			<latitude>17.1784838808361</latitude>
			<altitude>162.7542114250803</altitude>
			<heading>112.6260729383126</heading>
			<tilt>86.26902745883585</tilt>
			<roll>0</roll>
			<gx:fovy>59.99999999999999</gx:fovy>
			<altitudeMode>absolute</altitudeMode>
		</Camera>
		<styleUrl>#__managed_style_0A6B76B15B2A0E750C46</styleUrl>
		<Point>
			<altitudeMode>relativeToGround</altitudeMode>
			<coordinates>104.5281647876652,17.1784838808361,0</coordinates>
		</Point>
	</Placemark>
	<Placemark id="06753D50F12A02A7A3BB">
		<name>LT46-SG-2276-0100-15+630</name>
		<Camera>
			<gx:ViewerOptions>
				<gx:option name="streetview"></gx:option>
				<gx:streetViewPanoId>-I3qpjREnMPJrsS0bzlVbw</gx:streetViewPanoId>
			</gx:ViewerOptions>
			<longitude>104.5285234402839</longitude>
			<latitude>17.17788771634012</latitude>
			<altitude>162.5477447509766</altitude>
			<heading>112.6261434490317</heading>
			<tilt>85.00000000000006</tilt>
			<roll>0</roll>
			<gx:fovy>59.99999999999999</gx:fovy>
			<altitudeMode>absolute</altitudeMode>
		</Camera>
		<styleUrl>#__managed_style_0A6B76B15B2A0E750C46</styleUrl>
		<Point>
			<altitudeMode>relativeToGround</altitudeMode>
			<coordinates>104.5285964464552,17.17793902891645,0</coordinates>
		</Point>
	</Placemark>
	<Placemark id="0AF035636B2A02A896DA">
		<name>LT47-SG-2276-0100-15+675</name>
		<Camera>
			<gx:ViewerOptions>
				<gx:option name="streetview"></gx:option>
				<gx:streetViewPanoId>xWn87mCZmdakS6QNtnaEiw</gx:streetViewPanoId>
			</gx:ViewerOptions>
			<longitude>104.5287320547298</longitude>
			<latitude>17.17769081029446</latitude>
			<altitude>163.1244049072266</altitude>
			<heading>112.6261434490317</heading>
			<tilt>85.00000000000009</tilt>
			<roll>0</roll>
			<gx:fovy>59.99999999999999</gx:fovy>
			<altitudeMode>absolute</altitudeMode>
		</Camera>
		<styleUrl>#__managed_style_0A6B76B15B2A0E750C46</styleUrl>
		<Point>
			<altitudeMode>relativeToGround</altitudeMode>
			<coordinates>104.5288929176469,17.1776648854956,0</coordinates>
		</Point>
	</Placemark>
	<Placemark id="0B9853C8062A02ADC0ED">
		<name>LT48-SG-2276-0100-16+583</name>
		<Camera>
			<gx:ViewerOptions>
				<gx:option name="streetview"></gx:option>
				<gx:streetViewPanoId>SqLiZaedinWaxvHVlmMesQ</gx:streetViewPanoId>
			</gx:ViewerOptions>
			<longitude>104.5307476389954</longitude>
			<latitude>17.17344378978049</latitude>
			<altitude>160.2230987548828</altitude>
			<heading>115.3044924475202</heading>
			<tilt>87.43278461941793</tilt>
			<roll>0</roll>
			<gx:fovy>59.99999999999999</gx:fovy>
			<altitudeMode>absolute</altitudeMode>
		</Camera>
		<styleUrl>#__managed_style_0A6B76B15B2A0E750C46</styleUrl>
		<Point>
			<altitudeMode>relativeToGround</altitudeMode>
			<coordinates>104.5307741088367,17.1734751523973,0</coordinates>
		</Point>
	</Placemark>
	<Placemark id="07D73D3FA62A02AEEEC6">
		<name>LT49-SG-2276-0100-16+628</name>
		<Camera>
			<gx:ViewerOptions>
				<gx:option name="streetview"></gx:option>
				<gx:streetViewPanoId>UjWEzdj3zPz8L0p7sPyhHQ</gx:streetViewPanoId>
			</gx:ViewerOptions>
			<longitude>104.5309703006763</longitude>
			<latitude>17.17327348336491</latitude>
			<altitude>159.9358520507812</altitude>
			<heading>115.3046310059906</heading>
			<tilt>84.99999999999999</tilt>
			<roll>0</roll>
			<gx:fovy>59.99999999999999</gx:fovy>
			<altitudeMode>absolute</altitudeMode>
		</Camera>
		<styleUrl>#__managed_style_0A6B76B15B2A0E750C46</styleUrl>
		<Point>
			<altitudeMode>relativeToGround</altitudeMode>
			<coordinates>104.530990045479,17.17329284032479,0</coordinates>
		</Point>
	</Placemark>
	<Placemark id="049E98DE3E2A02AF6F7E">
		<name>LT50-SG-2276-0100-16+673</name>
		<Camera>
			<gx:ViewerOptions>
				<gx:option name="streetview"></gx:option>
				<gx:streetViewPanoId>JHgNLV6IXumhnTzuaG2S4A</gx:streetViewPanoId>
			</gx:ViewerOptions>
			<longitude>104.5311952737524</longitude>
			<latitude>17.17310133673352</latitude>
			<altitude>159.5033721923828</altitude>
			<heading>115.3046310059906</heading>
			<tilt>84.99999999999999</tilt>
			<roll>0</roll>
			<gx:fovy>59.99999999999999</gx:fovy>
			<altitudeMode>absolute</altitudeMode>
		</Camera>
		<styleUrl>#__managed_style_0A6B76B15B2A0E750C46</styleUrl>
		<Point>
			<altitudeMode>relativeToGround</altitudeMode>
			<coordinates>104.531245280554,17.17315212409524,0</coordinates>
		</Point>
	</Placemark>
	<Placemark id="0200B1FFC32A02AFFF40">
		<name>LT51-SG-2276-0100-16+718</name>
		<Camera>
			<gx:ViewerOptions>
				<gx:option name="streetview"></gx:option>
				<gx:streetViewPanoId>qAYwUDj2QCAaOcEWbd3GUg</gx:streetViewPanoId>
			</gx:ViewerOptions>
			<longitude>104.5314962457682</longitude>
			<latitude>17.17287419736731</latitude>
			<altitude>159.0413665771484</altitude>
			<heading>115.3046310059906</heading>
			<tilt>84.99999999999999</tilt>
			<roll>0</roll>
			<gx:fovy>59.99999999999999</gx:fovy>
			<altitudeMode>absolute</altitudeMode>
		</Camera>
		<styleUrl>#__managed_style_0A6B76B15B2A0E750C46</styleUrl>
		<Point>
			<altitudeMode>relativeToGround</altitudeMode>
			<coordinates>104.5315576863367,17.17293825583645,0</coordinates>
		</Point>
	</Placemark>
	<Placemark id="0DF3D50F902A02B07A2A">
		<name>LT52-SG-2276-0100-16+763</name>
		<Camera>
			<gx:ViewerOptions>
				<gx:option name="streetview"></gx:option>
				<gx:streetViewPanoId>WiKBixQmSCrzSRXov79X2Q</gx:streetViewPanoId>
			</gx:ViewerOptions>
			<longitude>104.5317230862691</longitude>
			<latitude>17.17270508115671</latitude>
			<altitude>158.7314300537109</altitude>
			<heading>115.3046310059906</heading>
			<tilt>84.99999999999999</tilt>
			<roll>0</roll>
			<gx:fovy>59.99999999999999</gx:fovy>
			<altitudeMode>absolute</altitudeMode>
		</Camera>
		<styleUrl>#__managed_style_0A6B76B15B2A0E750C46</styleUrl>
		<Point>
			<altitudeMode>relativeToGround</altitudeMode>
			<coordinates>104.5318042644975,17.17276403331875,0</coordinates>
		</Point>
	</Placemark>
	<Placemark id="0965AFAD502A02B0F7E3">
		<name>LT53-SG-2276-0100-16+808</name>
		<Camera>
			<gx:ViewerOptions>
				<gx:option name="streetview"></gx:option>
				<gx:streetViewPanoId>EawjuoNW67ZtnG2xBcX59w</gx:streetViewPanoId>
			</gx:ViewerOptions>
			<longitude>104.5320265481968</longitude>
			<latitude>17.17248092675694</latitude>
			<altitude>158.3830261230469</altitude>
			<heading>115.3046310059906</heading>
			<tilt>84.99999999999999</tilt>
			<roll>0</roll>
			<gx:fovy>59.99999999999999</gx:fovy>
			<altitudeMode>absolute</altitudeMode>
		</Camera>
		<styleUrl>#__managed_style_0A6B76B15B2A0E750C46</styleUrl>
		<Point>
			<altitudeMode>relativeToGround</altitudeMode>
			<coordinates>104.5320938535397,17.17253548013063,0</coordinates>
		</Point>
	</Placemark>
	<Placemark id="0FAF3264732A02B169E7">
		<name>LT54-SG-2276-0100-16+853</name>
		<Camera>
			<gx:ViewerOptions>
				<gx:option name="streetview"></gx:option>
				<gx:streetViewPanoId>l-C0rgB4L94BS8zfrX2CcA</gx:streetViewPanoId>
			</gx:ViewerOptions>
			<longitude>104.5322501006541</longitude>
			<latitude>17.17230791691871</latitude>
			<altitude>158.2809600830078</altitude>
			<heading>115.2044904118864</heading>
			<tilt>85</tilt>
			<roll>0</roll>
			<gx:fovy>59.99999999999999</gx:fovy>
			<altitudeMode>absolute</altitudeMode>
		</Camera>
		<styleUrl>#__managed_style_0A6B76B15B2A0E750C46</styleUrl>
		<Point>
			<altitudeMode>relativeToGround</altitudeMode>
			<coordinates>104.53231250619,17.17235929989954,0</coordinates>
		</Point>
	</Placemark>
	<Placemark id="0C0D111DC22A02B1F0B8">
		<name>LT55-SG-2276-0100-16+898</name>
		<Camera>
			<gx:ViewerOptions>
				<gx:option name="streetview"></gx:option>
				<gx:streetViewPanoId>6qdWkTkxlYqBTSaD3hZNxQ</gx:streetViewPanoId>
			</gx:ViewerOptions>
			<longitude>104.5325498303564</longitude>
			<latitude>17.17208016535609</latitude>
			<altitude>158.2729949951172</altitude>
			<heading>115.2044904118864</heading>
			<tilt>85.00000000000004</tilt>
			<roll>0</roll>
			<gx:fovy>59.99999999999999</gx:fovy>
			<altitudeMode>absolute</altitudeMode>
		</Camera>
		<styleUrl>#__managed_style_0A6B76B15B2A0E750C46</styleUrl>
		<Point>
			<altitudeMode>relativeToGround</altitudeMode>
			<coordinates>104.5327709182678,17.17198231898984,0</coordinates>
		</Point>
	</Placemark>
	<Placemark id="0134AB3D9C2A02B28D31">
		<name>LT56-SG-2276-0100-16+943</name>
		<Camera>
			<gx:ViewerOptions>
				<gx:option name="streetview"></gx:option>
				<gx:streetViewPanoId>pr9mn-ZGhYg-e7YS2utCUw</gx:streetViewPanoId>
			</gx:ViewerOptions>
			<longitude>104.5326975621204</longitude>
			<latitude>17.17196371876006</latitude>
			<altitude>158.2894592285156</altitude>
			<heading>115.2044904118864</heading>
			<tilt>85.00000000000006</tilt>
			<roll>0</roll>
			<gx:fovy>59.99999999999999</gx:fovy>
			<altitudeMode>absolute</altitudeMode>
		</Camera>
		<styleUrl>#__managed_style_0A6B76B15B2A0E750C46</styleUrl>
		<Point>
			<altitudeMode>relativeToGround</altitudeMode>
			<coordinates>104.5325869128147,17.17216414509015,0</coordinates>
		</Point>
	</Placemark>
	<Placemark id="0FD324848C2A02B3250D">
		<name>LT57-SG-2276-0100-16+988</name>
		<Camera>
			<gx:ViewerOptions>
				<gx:option name="streetview"></gx:option>
				<gx:streetViewPanoId>f0aZBZwb-oUoWpsJzAZAsw</gx:streetViewPanoId>
			</gx:ViewerOptions>
			<longitude>104.5330392479373</longitude>
			<latitude>17.17166393638012</latitude>
			<altitude>158.3602905273438</altitude>
			<heading>95.08290022158926</heading>
			<tilt>82.71873588506494</tilt>
			<roll>0</roll>
			<gx:fovy>59.99999999999999</gx:fovy>
			<altitudeMode>absolute</altitudeMode>
		</Camera>
		<styleUrl>#__managed_style_0A6B76B15B2A0E750C46</styleUrl>
		<Point>
			<altitudeMode>relativeToGround</altitudeMode>
			<coordinates>104.5331333592782,17.1716928166212,0</coordinates>
		</Point>
	</Placemark>
	<Placemark id="0BAB70BF642A02B3C48A">
		<name>LT58-SG-2276-0100-17+035</name>
		<Camera>
			<gx:ViewerOptions>
				<gx:option name="streetview"></gx:option>
				<gx:streetViewPanoId>IgxLTzl_ylbs2_-j1z97qw</gx:streetViewPanoId>
			</gx:ViewerOptions>
			<longitude>104.5333374681145</longitude>
			<latitude>17.17143603192059</latitude>
			<altitude>158.4489135742188</altitude>
			<heading>95.08290022158928</heading>
			<tilt>82.71873588506492</tilt>
			<roll>0</roll>
			<gx:fovy>59.99999999999999</gx:fovy>
			<altitudeMode>absolute</altitudeMode>
		</Camera>
		<styleUrl>#__managed_style_0A6B76B15B2A0E750C46</styleUrl>
		<Point>
			<altitudeMode>relativeToGround</altitudeMode>
			<coordinates>104.5333904350268,17.17150041646379,0</coordinates>
		</Point>
	</Placemark>
	<Placemark id="059C6A32E22A02B450EC">
		<name>LT59-SG-2276-0100-17+080</name>
		<Camera>
			<gx:ViewerOptions>
				<gx:option name="streetview"></gx:option>
				<gx:streetViewPanoId>mWxR5iY_JOUl-P3RbPelYw</gx:streetViewPanoId>
			</gx:ViewerOptions>
			<longitude>104.5335231560295</longitude>
			<latitude>17.1712936758863</latitude>
			<altitude>158.4785766601562</altitude>
			<heading>94.98301919148892</heading>
			<tilt>82.71873588506493</tilt>
			<roll>0</roll>
			<gx:fovy>59.99999999999999</gx:fovy>
			<altitudeMode>absolute</altitudeMode>
		</Camera>
		<styleUrl>#__managed_style_0A6B76B15B2A0E750C46</styleUrl>
		<Point>
			<altitudeMode>relativeToGround</altitudeMode>
			<coordinates>104.533614908477,17.17132563060649,0</coordinates>
		</Point>
	</Placemark>
	<Placemark id="0A82BE7AC02A02B4EFC4">
		<name>LT60-SG-2276-0100-17+125</name>
		<Camera>
			<gx:ViewerOptions>
				<gx:option name="streetview"></gx:option>
				<gx:streetViewPanoId>v7ueaKFAjlQv7enMzwFBKQ</gx:streetViewPanoId>
			</gx:ViewerOptions>
			<longitude>104.5338229771647</longitude>
			<latitude>17.17106679819899</latitude>
			<altitude>158.4893951416016</altitude>
			<heading>94.68441358594771</heading>
			<tilt>82.71873588506494</tilt>
			<roll>0</roll>
			<gx:fovy>59.99999999999999</gx:fovy>
			<altitudeMode>absolute</altitudeMode>
		</Camera>
		<styleUrl>#__managed_style_0A6B76B15B2A0E750C46</styleUrl>
		<Point>
			<altitudeMode>relativeToGround</altitudeMode>
			<coordinates>104.5338764909362,17.17111786693126,0</coordinates>
		</Point>
	</Placemark>
	<Placemark id="09CFCAAE0F2A02B5A052">
		<name>LT61-SG-2276-0100-17+170</name>
		<Camera>
			<gx:ViewerOptions>
				<gx:option name="streetview"></gx:option>
				<gx:streetViewPanoId>Q03OqYfALOm9HDbP63r_7Q</gx:streetViewPanoId>
			</gx:ViewerOptions>
			<longitude>104.5341275988962</longitude>
			<latitude>17.17083640300661</latitude>
			<altitude>158.5140228271484</altitude>
			<heading>94.48478940737752</heading>
			<tilt>82.62378516545643</tilt>
			<roll>0</roll>
			<gx:fovy>59.99999999999999</gx:fovy>
			<altitudeMode>absolute</altitudeMode>
		</Camera>
		<styleUrl>#__managed_style_0A6B76B15B2A0E750C46</styleUrl>
		<Point>
			<altitudeMode>relativeToGround</altitudeMode>
			<coordinates>104.5341452804474,17.17090394150116,0</coordinates>
		</Point>
	</Placemark>
	<Placemark id="01EF1189CB2A0406FA24">
		<name>LT62-SG-2276-0100-17+907</name>
		<Camera>
			<gx:ViewerOptions>
				<gx:option name="streetview"></gx:option>
				<gx:streetViewPanoId>6dCOD5uW6CfdS-EzcTs6gA</gx:streetViewPanoId>
			</gx:ViewerOptions>
			<longitude>104.5404998192929</longitude>
			<latitude>17.16595976956111</latitude>
			<altitude>158.5160522460938</altitude>
			<heading>92.17533288828656</heading>
			<tilt>85.61763344238342</tilt>
			<roll>0</roll>
			<gx:fovy>61.07793834113579</gx:fovy>
			<altitudeMode>absolute</altitudeMode>
		</Camera>
		<styleUrl>#__managed_style_0A6B76B15B2A0E750C46</styleUrl>
		<Point>
			<altitudeMode>relativeToGround</altitudeMode>
			<coordinates>104.5406615133434,17.16598524127888,0</coordinates>
		</Point>
	</Placemark>
	<Placemark id="0678808B942A0408BD88">
		<name>LT63-SG-2276-0100-17+952</name>
		<Camera>
			<gx:ViewerOptions>
				<gx:option name="streetview"></gx:option>
				<gx:streetViewPanoId>SVg6UUAWsxhSegs9TjXC4g</gx:streetViewPanoId>
			</gx:ViewerOptions>
			<longitude>104.5408767244334</longitude>
			<latitude>17.16567703409744</latitude>
			<altitude>158.9520721442141</altitude>
			<heading>84.93169949706956</heading>
			<tilt>85.70959754310742</tilt>
			<roll>0</roll>
			<gx:fovy>59.99999999999999</gx:fovy>
			<altitudeMode>absolute</altitudeMode>
		</Camera>
		<styleUrl>#__managed_style_0A6B76B15B2A0E750C46</styleUrl>
		<Point>
			<altitudeMode>relativeToGround</altitudeMode>
			<coordinates>104.5409875427045,17.16572426035297,0</coordinates>
		</Point>
	</Placemark>
	<Placemark id="0F9F414A412A040C2BC1">
		<name>LT64-SG-2276-0100-17+997</name>
		<Camera>
			<gx:ViewerOptions>
				<gx:option name="streetview"></gx:option>
				<gx:streetViewPanoId>S1bznjq9cc2yF2YPlgSh9A</gx:streetViewPanoId>
			</gx:ViewerOptions>
			<longitude>104.5411738934696</longitude>
			<latitude>17.16544824426354</latitude>
			<altitude>159.1624450683594</altitude>
			<heading>84.24523206074763</heading>
			<tilt>84.99999999999999</tilt>
			<roll>0</roll>
			<gx:fovy>59.99999999999999</gx:fovy>
			<altitudeMode>absolute</altitudeMode>
		</Camera>
		<styleUrl>#__managed_style_0A6B76B15B2A0E750C46</styleUrl>
		<Point>
			<altitudeMode>relativeToGround</altitudeMode>
			<coordinates>104.5413119415597,17.16549291731041,0</coordinates>
		</Point>
	</Placemark>
	<Placemark id="0B6E4E443F2A040D06C7">
		<name>LT65-SG-2276-0100-18+042</name>
		<Camera>
			<gx:ViewerOptions>
				<gx:option name="streetview"></gx:option>
				<gx:streetViewPanoId>4IUy0zl-Qamwf1YH9g14RQ</gx:streetViewPanoId>
			</gx:ViewerOptions>
			<longitude>104.5415433332708</longitude>
			<latitude>17.16515919464939</latitude>
			<altitude>159.3936920167926</altitude>
			<heading>74.83962339487179</heading>
			<tilt>85.93209500357003</tilt>
			<roll>0</roll>
			<gx:fovy>59.99999999999999</gx:fovy>
			<altitudeMode>absolute</altitudeMode>
		</Camera>
		<styleUrl>#__managed_style_0A6B76B15B2A0E750C46</styleUrl>
		<Point>
			<altitudeMode>relativeToGround</altitudeMode>
			<coordinates>104.541617404098,17.16525203645046,0</coordinates>
		</Point>
	</Placemark>
	<Placemark id="0EB3A69F312A040E1418">
		<name>LT66-SG-2276-0100-18+087</name>
		<Camera>
			<gx:ViewerOptions>
				<gx:option name="streetview"></gx:option>
				<gx:streetViewPanoId>z5eFQY0msML1R4sPs7TdqQ</gx:streetViewPanoId>
			</gx:ViewerOptions>
			<longitude>104.5418324143266</longitude>
			<latitude>17.16491815501568</latitude>
			<altitude>159.6595764160156</altitude>
			<heading>69.22863810566187</heading>
			<tilt>86.60605066238585</tilt>
			<roll>0</roll>
			<gx:fovy>59.99999999999999</gx:fovy>
			<altitudeMode>absolute</altitudeMode>
		</Camera>
		<styleUrl>#__managed_style_0A6B76B15B2A0E750C46</styleUrl>
		<Point>
			<altitudeMode>relativeToGround</altitudeMode>
			<coordinates>104.5419177669358,17.16500527965186,0</coordinates>
		</Point>
	</Placemark>
	<Placemark id="05B2CF1AAC2A040EFDF1">
		<name>LT67-SG-2276-0100-18+132</name>
		<Camera>
			<gx:ViewerOptions>
				<gx:option name="streetview"></gx:option>
				<gx:streetViewPanoId>ZqF8x6FL7_M_yBR2ubX_qA</gx:streetViewPanoId>
			</gx:ViewerOptions>
			<longitude>104.5421903884715</longitude>
			<latitude>17.16466996548291</latitude>
			<altitude>159.9224090576172</altitude>
			<heading>69.02917182639746</heading>
			<tilt>86.51264546434714</tilt>
			<roll>0</roll>
			<gx:fovy>59.99999999999999</gx:fovy>
			<altitudeMode>absolute</altitudeMode>
		</Camera>
		<styleUrl>#__managed_style_0A6B76B15B2A0E750C46</styleUrl>
		<Point>
			<altitudeMode>relativeToGround</altitudeMode>
			<coordinates>104.5422438674999,17.16474129572013,0</coordinates>
		</Point>
	</Placemark>
	<Placemark id="05DA4885EA2A040FF7A5">
		<name>LT68-SG-2276-0100-18+177</name>
		<Camera>
			<gx:ViewerOptions>
				<gx:option name="streetview"></gx:option>
				<gx:streetViewPanoId>ZfA0MffdhQAtNU7X8ae6fQ</gx:streetViewPanoId>
			</gx:ViewerOptions>
			<longitude>104.5424853377625</longitude>
			<latitude>17.16437783355514</latitude>
			<altitude>160.1268157958984</altitude>
			<heading>68.93074730930937</heading>
			<tilt>84.90625745375063</tilt>
			<roll>0</roll>
			<gx:fovy>59.99999999999999</gx:fovy>
			<altitudeMode>absolute</altitudeMode>
		</Camera>
		<styleUrl>#__managed_style_0A6B76B15B2A0E750C46</styleUrl>
		<Point>
			<altitudeMode>relativeToGround</altitudeMode>
			<coordinates>104.5425657659679,17.16446727573576,0</coordinates>
		</Point>
	</Placemark>
	<Placemark id="073BA323372A0410AD92">
		<name>LT69-SG-2276-0100-18+222</name>
		<Camera>
			<gx:ViewerOptions>
				<gx:option name="streetview"></gx:option>
				<gx:streetViewPanoId>WgyBw8wamqz765DYJ0YI1Q</gx:streetViewPanoId>
			</gx:ViewerOptions>
			<longitude>104.5428443801917</longitude>
			<latitude>17.16408462019089</latitude>
			<altitude>160.2573699951172</altitude>
			<heading>58.06566333784865</heading>
			<tilt>83.80790191328182</tilt>
			<roll>0</roll>
			<gx:fovy>59.99999999999999</gx:fovy>
			<altitudeMode>absolute</altitudeMode>
		</Camera>
		<styleUrl>#__managed_style_0A6B76B15B2A0E750C46</styleUrl>
		<Point>
			<altitudeMode>relativeToGround</altitudeMode>
			<coordinates>104.5429044870413,17.16418721207808,0</coordinates>
		</Point>
	</Placemark>
	<Placemark id="0E4CB1D3ED2A04113706">
		<name>LT70-SG-2276-0100-18+267</name>
		<Camera>
			<gx:ViewerOptions>
				<gx:option name="streetview"></gx:option>
				<gx:streetViewPanoId>j8eGdKkFx7sz0VQsn14ujg</gx:streetViewPanoId>
			</gx:ViewerOptions>
			<longitude>104.5431345304818</longitude>
			<latitude>17.16385177151238</latitude>
			<altitude>160.2566833496094</altitude>
			<heading>58.0656633378486</heading>
			<tilt>83.80790191328187</tilt>
			<roll>0</roll>
			<gx:fovy>59.99999999999999</gx:fovy>
			<altitudeMode>absolute</altitudeMode>
		</Camera>
		<styleUrl>#__managed_style_0A6B76B15B2A0E750C46</styleUrl>
		<Point>
			<altitudeMode>relativeToGround</altitudeMode>
			<coordinates>104.5432178945573,17.16389970405866,0</coordinates>
		</Point>
	</Placemark>
	<Placemark id="0145E1482E2A0411F8AA">
		<name>LT71-SG-2276-0100-18+312</name>
		<Camera>
			<gx:ViewerOptions>
				<gx:option name="streetview"></gx:option>
				<gx:streetViewPanoId>jPahEwRgc7RBLPbHZJ2HWw</gx:streetViewPanoId>
			</gx:ViewerOptions>
			<longitude>104.5434509051653</longitude>
			<latitude>17.16357355407169</latitude>
			<altitude>160.2633361816406</altitude>
			<heading>57.87053569109825</heading>
			<tilt>83.80790191328187</tilt>
			<roll>0</roll>
			<gx:fovy>59.99999999999999</gx:fovy>
			<altitudeMode>absolute</altitudeMode>
		</Camera>
		<styleUrl>#__managed_style_0A6B76B15B2A0E750C46</styleUrl>
		<Point>
			<altitudeMode>relativeToGround</altitudeMode>
			<coordinates>104.5435856133714,17.16358972528718,0</coordinates>
		</Point>
	</Placemark>
	<Placemark id="0F167AA88A2A0412CAD7">
		<name>LT72-SG-2276-0100-18+357</name>
		<Camera>
			<gx:ViewerOptions>
				<gx:option name="streetview"></gx:option>
				<gx:streetViewPanoId>iymYJT8qbrDMf_A5PBSUpw</gx:streetViewPanoId>
			</gx:ViewerOptions>
			<longitude>104.5437971490851</longitude>
			<latitude>17.16325365955806</latitude>
			<altitude>160.1883087158203</altitude>
			<heading>57.77306172495048</heading>
			<tilt>85.00000000000003</tilt>
			<roll>0</roll>
			<gx:fovy>59.99999999999999</gx:fovy>
			<altitudeMode>absolute</altitudeMode>
		</Camera>
		<styleUrl>#__managed_style_0A6B76B15B2A0E750C46</styleUrl>
		<Point>
			<altitudeMode>relativeToGround</altitudeMode>
			<coordinates>104.5438569644894,17.16333980354603,0</coordinates>
		</Point>
	</Placemark>
	<Placemark id="072E212B682A04137DDC">
		<name>LT73-SG-2276-0100-18+402</name>
		<Camera>
			<gx:ViewerOptions>
				<gx:option name="streetview"></gx:option>
				<gx:streetViewPanoId>GL69dNhKsV6jidfPN9XSvw</gx:streetViewPanoId>
			</gx:ViewerOptions>
			<longitude>104.5440782339529</longitude>
			<latitude>17.1629465359345</latitude>
			<altitude>160.3011169433594</altitude>
			<heading>57.68597789058032</heading>
			<tilt>89.02528494004713</tilt>
			<roll>0</roll>
			<gx:fovy>59.99999999999999</gx:fovy>
			<altitudeMode>absolute</altitudeMode>
		</Camera>
		<styleUrl>#__managed_style_0A6B76B15B2A0E750C46</styleUrl>
		<Point>
			<altitudeMode>relativeToGround</altitudeMode>
			<coordinates>104.5441144752243,17.16301354421559,0</coordinates>
		</Point>
	</Placemark>
	<Placemark id="002552C2572A0414D598">
		<name>LT74-SG-2276-0100-18+447</name>
		<Camera>
			<gx:ViewerOptions>
				<gx:option name="streetview"></gx:option>
				<gx:streetViewPanoId>X9JEAftxU4_rZ8JxnZuwhA</gx:streetViewPanoId>
			</gx:ViewerOptions>
			<longitude>104.5442353999147</longitude>
			<latitude>17.16260098094049</latitude>
			<altitude>160.2037811279098</altitude>
			<heading>70.2825464415403</heading>
			<tilt>91.71771569921249</tilt>
			<roll>0</roll>
			<gx:fovy>59.99999999999999</gx:fovy>
			<altitudeMode>absolute</altitudeMode>
		</Camera>
		<styleUrl>#__managed_style_0A6B76B15B2A0E750C46</styleUrl>
		<Point>
			<altitudeMode>relativeToGround</altitudeMode>
			<coordinates>104.544304161291,17.16263152743525,0</coordinates>
		</Point>
	</Placemark>
	<Placemark id="0685B02BA12A0415CE2C">
		<name>LT75-SG-2276-0100-18+492</name>
		<Camera>
			<gx:ViewerOptions>
				<gx:option name="streetview"></gx:option>
				<gx:streetViewPanoId>fkun_KHq-5lHbHxczWn_bQ</gx:streetViewPanoId>
			</gx:ViewerOptions>
			<longitude>104.5443698978395</longitude>
			<latitude>17.16225849211396</latitude>
			<altitude>160.3572235107422</altitude>
			<heading>83.71999183051233</heading>
			<tilt>90.96159815021657</tilt>
			<roll>0</roll>
			<gx:fovy>59.99999999999999</gx:fovy>
			<altitudeMode>absolute</altitudeMode>
		</Camera>
		<styleUrl>#__managed_style_0A6B76B15B2A0E750C46</styleUrl>
		<Point>
			<altitudeMode>relativeToGround</altitudeMode>
			<coordinates>104.5444378512736,17.16223794103473,0</coordinates>
		</Point>
	</Placemark>
	<Placemark id="0B49E8CCE72A04187BF3">
		<name>LT76-SG-2276-0100-20+007</name>
		<Camera>
			<gx:ViewerOptions>
				<gx:option name="streetview"></gx:option>
				<gx:streetViewPanoId>9EbtPeXLcyQWiRc2k3aG6w</gx:streetViewPanoId>
			</gx:ViewerOptions>
			<longitude>104.5499826489051</longitude>
			<latitude>17.15011108919056</latitude>
			<altitude>163.8621826171875</altitude>
			<heading>83.13474497126673</heading>
			<tilt>85.00000000000007</tilt>
			<roll>0</roll>
			<gx:fovy>59.99999999999999</gx:fovy>
			<altitudeMode>absolute</altitudeMode>
		</Camera>
		<styleUrl>#__managed_style_0A6B76B15B2A0E750C46</styleUrl>
		<Point>
			<altitudeMode>relativeToGround</altitudeMode>
			<coordinates>104.5500652219922,17.1501377214066,0</coordinates>
		</Point>
	</Placemark>
	<Placemark id="02DA10CC012A04191342">
		<name>LT77-SG-2276-0100-20+052</name>
		<Camera>
			<gx:ViewerOptions>
				<gx:option name="streetview"></gx:option>
				<gx:streetViewPanoId>ZsKBbBPn-bAIJmni8rUhug</gx:streetViewPanoId>
			</gx:ViewerOptions>
			<longitude>104.55030659437</longitude>
			<latitude>17.14971677845749</latitude>
			<altitude>164.6133728027344</altitude>
			<heading>75.49315426059586</heading>
			<tilt>85.54213775566453</tilt>
			<roll>0</roll>
			<gx:fovy>59.99999999999999</gx:fovy>
			<altitudeMode>absolute</altitudeMode>
		</Camera>
		<styleUrl>#__managed_style_0A6B76B15B2A0E750C46</styleUrl>
		<Point>
			<altitudeMode>relativeToGround</altitudeMode>
			<coordinates>104.5503591353031,17.14977733709273,0</coordinates>
		</Point>
	</Placemark>
	<Placemark id="0035B82B502A041A07A9">
		<name>LT78-SG-2276-0100-20+097</name>
		<Camera>
			<gx:ViewerOptions>
				<gx:option name="streetview"></gx:option>
				<gx:streetViewPanoId>yx5w7YGGCec3EH5_pHYE1w</gx:streetViewPanoId>
			</gx:ViewerOptions>
			<longitude>104.5505736454373</longitude>
			<latitude>17.14941185243098</latitude>
			<altitude>165.1585235595703</altitude>
			<heading>66.97383058547996</heading>
			<tilt>84.49685401563799</tilt>
			<roll>0</roll>
			<gx:fovy>59.99999999999999</gx:fovy>
			<altitudeMode>absolute</altitudeMode>
		</Camera>
		<styleUrl>#__managed_style_0A6B76B15B2A0E750C46</styleUrl>
		<Point>
			<altitudeMode>relativeToGround</altitudeMode>
			<coordinates>104.5506623365843,17.14945851139736,0</coordinates>
		</Point>
	</Placemark>
	<Placemark id="02669D93E82A041AB045">
		<name>LT79-SG-2276-0100-20+142</name>
		<Camera>
			<gx:ViewerOptions>
				<gx:option name="streetview"></gx:option>
				<gx:streetViewPanoId>pbxFget-63LER9Qa1VDiTw</gx:streetViewPanoId>
			</gx:ViewerOptions>
			<longitude>104.5508070043646</longitude>
			<latitude>17.14915459684865</latitude>
			<altitude>165.566604613678</altitude>
			<heading>76.70733573545604</heading>
			<tilt>90.05806626065755</tilt>
			<roll>0</roll>
			<gx:fovy>59.99999999999999</gx:fovy>
			<altitudeMode>absolute</altitudeMode>
		</Camera>
		<styleUrl>#__managed_style_0A6B76B15B2A0E750C46</styleUrl>
		<Point>
			<altitudeMode>relativeToGround</altitudeMode>
			<coordinates>104.550960356379,17.14912661184346,0</coordinates>
		</Point>
	</Placemark>
	<Placemark id="02022BCB782A041B3D86">
		<name>LT80-SG-2276-0100-20+187</name>
		<Camera>
			<gx:ViewerOptions>
				<gx:option name="streetview"></gx:option>
				<gx:streetViewPanoId>vKo4k7t5gnONS5TTEobLqw</gx:streetViewPanoId>
			</gx:ViewerOptions>
			<longitude>104.5511481979929</longitude>
			<latitude>17.14881408311929</latitude>
			<altitude>166.1082153320312</altitude>
			<heading>76.70733573545598</heading>
			<tilt>90.05806626065757</tilt>
			<roll>0</roll>
			<gx:fovy>59.99999999999999</gx:fovy>
			<altitudeMode>absolute</altitudeMode>
		</Camera>
		<styleUrl>#__managed_style_0A6B76B15B2A0E750C46</styleUrl>
		<Point>
			<altitudeMode>relativeToGround</altitudeMode>
			<coordinates>104.5512648170148,17.14883597412713,0</coordinates>
		</Point>
	</Placemark>
	<Placemark id="09008DA3442A041BDA99">
		<name>LT81-SG-2276-0100-20+232</name>
		<Camera>
			<gx:ViewerOptions>
				<gx:option name="streetview"></gx:option>
				<gx:streetViewPanoId>GfbhuGUv8y2cip7jB-W4KA</gx:streetViewPanoId>
			</gx:ViewerOptions>
			<longitude>104.5514525881676</longitude>
			<latitude>17.14851557470686</latitude>
			<altitude>166.7116546620423</altitude>
			<heading>65.64932051255295</heading>
			<tilt>84.32648873826989</tilt>
			<roll>0</roll>
			<gx:fovy>59.99999999999999</gx:fovy>
			<altitudeMode>absolute</altitudeMode>
		</Camera>
		<styleUrl>#__managed_style_0A6B76B15B2A0E750C46</styleUrl>
		<Point>
			<altitudeMode>relativeToGround</altitudeMode>
			<coordinates>104.5515331043861,17.14854585868394,0</coordinates>
		</Point>
	</Placemark>
	<Placemark id="0F9111DA902A041C689A">
		<name>LT82-SG-2276-0100-20+277</name>
		<Camera>
			<gx:ViewerOptions>
				<gx:option name="streetview"></gx:option>
				<gx:streetViewPanoId>JQwfEYajCiTvwcg36iQNbA</gx:streetViewPanoId>
			</gx:ViewerOptions>
			<longitude>104.5517184855797</longitude>
			<latitude>17.14825101571417</latitude>
			<altitude>167.2091827393884</altitude>
			<heading>71.85081486457794</heading>
			<tilt>87.74527537587106</tilt>
			<roll>0</roll>
			<gx:fovy>59.99999999999999</gx:fovy>
			<altitudeMode>absolute</altitudeMode>
		</Camera>
		<styleUrl>#__managed_style_0A6B76B15B2A0E750C46</styleUrl>
		<Point>
			<altitudeMode>relativeToGround</altitudeMode>
			<coordinates>104.5517984702739,17.14829155137344,0</coordinates>
		</Point>
	</Placemark>
	<Placemark id="0F550562022A041CED81">
		<name>LT83-SG-2276-0100-20+322</name>
		<Camera>
			<gx:ViewerOptions>
				<gx:option name="streetview"></gx:option>
				<gx:streetViewPanoId>AWi5yo_Dt2OpMax5eZi-Kg</gx:streetViewPanoId>
			</gx:ViewerOptions>
			<longitude>104.551991851012</longitude>
			<latitude>17.14798731812734</latitude>
			<altitude>167.6453704833984</altitude>
			<heading>71.85081486457794</heading>
			<tilt>87.74527537587109</tilt>
			<roll>0</roll>
			<gx:fovy>59.99999999999999</gx:fovy>
			<altitudeMode>absolute</altitudeMode>
		</Camera>
		<styleUrl>#__managed_style_0A6B76B15B2A0E750C46</styleUrl>
		<Point>
			<altitudeMode>relativeToGround</altitudeMode>
			<coordinates>104.5520483570087,17.14805909499773,0</coordinates>
		</Point>
	</Placemark>
	<Placemark id="0E3F0E9E8C2A041D89BA">
		<name>LT84-SG-2276-0100-20+367</name>
		<Camera>
			<gx:ViewerOptions>
				<gx:option name="streetview"></gx:option>
				<gx:streetViewPanoId>hOd4nYdyFrERxgUEDaRjdg</gx:streetViewPanoId>
			</gx:ViewerOptions>
			<longitude>104.5523248685643</longitude>
			<latitude>17.14764678897406</latitude>
			<altitude>168.2648010253906</altitude>
			<heading>71.85081486457794</heading>
			<tilt>87.74527537587107</tilt>
			<roll>0</roll>
			<gx:fovy>59.99999999999999</gx:fovy>
			<altitudeMode>absolute</altitudeMode>
		</Camera>
		<styleUrl>#__managed_style_0A6B76B15B2A0E750C46</styleUrl>
		<Point>
			<altitudeMode>relativeToGround</altitudeMode>
			<coordinates>104.552413221988,17.14769817604026,0</coordinates>
		</Point>
	</Placemark>
	<Placemark id="000E88829F2A041E30AF">
		<name>LT85-SG-2276-0100-20+412</name>
		<Camera>
			<gx:ViewerOptions>
				<gx:option name="streetview"></gx:option>
				<gx:streetViewPanoId>8ycjuUI4eojZZqAuk-psdw</gx:streetViewPanoId>
			</gx:ViewerOptions>
			<longitude>104.5525478289393</longitude>
			<latitude>17.14724087295806</latitude>
			<altitude>169.0173034662965</altitude>
			<heading>60.82103907718661</heading>
			<tilt>93.26387219532128</tilt>
			<roll>0</roll>
			<gx:fovy>59.99999999999999</gx:fovy>
			<altitudeMode>absolute</altitudeMode>
		</Camera>
		<styleUrl>#__managed_style_0A6B76B15B2A0E750C46</styleUrl>
		<Point>
			<altitudeMode>relativeToGround</altitudeMode>
			<coordinates>104.5526337659687,17.14725333828443,0</coordinates>
		</Point>
	</Placemark>
	<Placemark id="05495341BA2A041EAC6C">
		<name>LT86-SG-2276-0100-20+457</name>
		<Camera>
			<gx:ViewerOptions>
				<gx:option name="streetview"></gx:option>
				<gx:streetViewPanoId>ZNrb0Lh9qlN0B4W7sy8J7w</gx:streetViewPanoId>
			</gx:ViewerOptions>
			<longitude>104.5526539752627</longitude>
			<latitude>17.1469785888601</latitude>
			<altitude>169.3462219238281</altitude>
			<heading>77.32893794565268</heading>
			<tilt>86.35660756282716</tilt>
			<roll>0</roll>
			<gx:fovy>59.99999999999999</gx:fovy>
			<altitudeMode>absolute</altitudeMode>
		</Camera>
		<styleUrl>#__managed_style_0A6B76B15B2A0E750C46</styleUrl>
		<Point>
			<altitudeMode>relativeToGround</altitudeMode>
			<coordinates>104.5527489120972,17.14696891746602,0</coordinates>
		</Point>
	</Placemark>
	<Placemark id="09823D40392A041F4B74">
		<name>LT87-SG-2276-0100-20+502</name>
		<Camera>
			<gx:ViewerOptions>
				<gx:option name="streetview"></gx:option>
				<gx:streetViewPanoId>FmAyLCZqO4Hcy8_IeZEVZA</gx:streetViewPanoId>
			</gx:ViewerOptions>
			<longitude>104.5528507106481</longitude>
			<latitude>17.14659886605859</latitude>
			<altitude>170.0917358398438</altitude>
			<heading>77.23170934081763</heading>
			<tilt>86.35660756282714</tilt>
			<roll>0</roll>
			<gx:fovy>59.99999999999999</gx:fovy>
			<altitudeMode>absolute</altitudeMode>
		</Camera>
		<styleUrl>#__managed_style_0A6B76B15B2A0E750C46</styleUrl>
		<Point>
			<altitudeMode>relativeToGround</altitudeMode>
			<coordinates>104.5529274223654,17.14670420161479,0</coordinates>
		</Point>
	</Placemark>
	<Placemark id="0797FA192F2A04214022">
		<name>LT88-SG-2276-0100-20+547</name>
		<Camera>
			<gx:ViewerOptions>
				<gx:option name="streetview"></gx:option>
				<gx:streetViewPanoId>fV9zfKWpPbrKzKimEReb5Q</gx:streetViewPanoId>
			</gx:ViewerOptions>
			<longitude>104.5533776213727</longitude>
			<latitude>17.14649903118712</latitude>
			<altitude>170.1744537352004</altitude>
			<heading>25.51095818449442</heading>
			<tilt>83.13982100526006</tilt>
			<roll>0</roll>
			<gx:fovy>59.99999999999999</gx:fovy>
			<altitudeMode>absolute</altitudeMode>
		</Camera>
		<styleUrl>#__managed_style_0A6B76B15B2A0E750C46</styleUrl>
		<Point>
			<altitudeMode>relativeToGround</altitudeMode>
			<coordinates>104.5533979181382,17.14662698779795,0</coordinates>
		</Point>
	</Placemark>
	<Placemark id="0321A0C19D2A0422074B">
		<name>LT89-SG-2276-0100-20+592</name>
		<Camera>
			<gx:ViewerOptions>
				<gx:option name="streetview"></gx:option>
				<gx:streetViewPanoId>z2fd1U9iRSaG6SVwry87Aw</gx:streetViewPanoId>
			</gx:ViewerOptions>
			<longitude>104.5537665603701</longitude>
			<latitude>17.14637349162564</latitude>
			<altitude>170.1170654296875</altitude>
			<heading>50.13110017423003</heading>
			<tilt>92.16350082592635</tilt>
			<roll>0</roll>
			<gx:fovy>75.62644095554519</gx:fovy>
			<altitudeMode>absolute</altitudeMode>
		</Camera>
		<styleUrl>#__managed_style_0A6B76B15B2A0E750C46</styleUrl>
		<Point>
			<altitudeMode>relativeToGround</altitudeMode>
			<coordinates>104.553839553899,17.1464735532517,0</coordinates>
		</Point>
	</Placemark>
	<Placemark id="049FC863CD2A0422A140">
		<name>LT90-SG-2276-0100-20+637</name>
		<Camera>
			<gx:ViewerOptions>
				<gx:option name="streetview"></gx:option>
				<gx:streetViewPanoId>QY3s1n3iH-2YzSi3u6nEuA</gx:streetViewPanoId>
			</gx:ViewerOptions>
			<longitude>104.5540852688467</longitude>
			<latitude>17.14618061980845</latitude>
			<altitude>170.0538940429688</altitude>
			<heading>49.75591593072629</heading>
			<tilt>84.0550199816833</tilt>
			<roll>0</roll>
			<gx:fovy>60.00000000000002</gx:fovy>
			<altitudeMode>absolute</altitudeMode>
		</Camera>
		<styleUrl>#__managed_style_0A6B76B15B2A0E750C46</styleUrl>
		<Point>
			<altitudeMode>relativeToGround</altitudeMode>
			<coordinates>104.5541517299444,17.14625816336041,0</coordinates>
		</Point>
	</Placemark>
	<Placemark id="0B14D31DE52A04239529">
		<name>LT91-SG-2276-0100-20+682</name>
		<Camera>
			<gx:ViewerOptions>
				<gx:option name="streetview"></gx:option>
				<gx:streetViewPanoId>uySF6YFD10sJCl0grvyDRQ</gx:streetViewPanoId>
			</gx:ViewerOptions>
			<longitude>104.5544764321953</longitude>
			<latitude>17.14591965463104</latitude>
			<altitude>169.9500274658203</altitude>
			<heading>60.89229498563819</heading>
			<tilt>86.20717169328549</tilt>
			<roll>0</roll>
			<gx:fovy>59.99999999999999</gx:fovy>
			<altitudeMode>absolute</altitudeMode>
		</Camera>
		<styleUrl>#__managed_style_0A6B76B15B2A0E750C46</styleUrl>
		<Point>
			<altitudeMode>relativeToGround</altitudeMode>
			<coordinates>104.5545334978677,17.14599840747604,0</coordinates>
		</Point>
	</Placemark>
	<Placemark id="0992ACEB932A04241CF8">
		<name>LT92-SG-2276-0100-20+727</name>
		<Camera>
			<gx:ViewerOptions>
				<gx:option name="streetview"></gx:option>
				<gx:streetViewPanoId>vAqBNsxZV0XjKwS79auHUQ</gx:streetViewPanoId>
			</gx:ViewerOptions>
			<longitude>104.5547941642639</longitude>
			<latitude>17.14574321241723</latitude>
			<altitude>169.7812652587891</altitude>
			<heading>60.89229498563814</heading>
			<tilt>86.20717169328552</tilt>
			<roll>0</roll>
			<gx:fovy>59.99999999999999</gx:fovy>
			<altitudeMode>absolute</altitudeMode>
		</Camera>
		<styleUrl>#__managed_style_0A6B76B15B2A0E750C46</styleUrl>
		<Point>
			<altitudeMode>relativeToGround</altitudeMode>
			<coordinates>104.554823859307,17.14579966665816,0</coordinates>
		</Point>
	</Placemark>
	<Placemark id="093D8DD6572A0424AB4E">
		<name>LT93-SG-2276-0100-20+772</name>
		<Camera>
			<gx:ViewerOptions>
				<gx:option name="streetview"></gx:option>
				<gx:streetViewPanoId>dFFultJ5j7vSWfPnFPdTNA</gx:streetViewPanoId>
			</gx:ViewerOptions>
			<longitude>104.5551017622609</longitude>
			<latitude>17.14549715416809</latitude>
			<altitude>169.7007446289062</altitude>
			<heading>60.89251345846649</heading>
			<tilt>86.20717169328553</tilt>
			<roll>0</roll>
			<gx:fovy>59.99999999999999</gx:fovy>
			<altitudeMode>absolute</altitudeMode>
		</Camera>
		<styleUrl>#__managed_style_0A6B76B15B2A0E750C46</styleUrl>
		<Point>
			<altitudeMode>relativeToGround</altitudeMode>
			<coordinates>104.555180039941,17.14556277764452,0</coordinates>
		</Point>
	</Placemark>
	<Placemark id="006A3D3C812A04254409">
		<name>LT94-SG-2276-0100-20+817</name>
		<Camera>
			<gx:ViewerOptions>
				<gx:option name="streetview"></gx:option>
				<gx:streetViewPanoId>xSglwyoxIR7ylvelM-2tWA</gx:streetViewPanoId>
			</gx:ViewerOptions>
			<longitude>104.5554958620009</longitude>
			<latitude>17.14523544695605</latitude>
			<altitude>169.5650482177734</altitude>
			<heading>60.89251345846645</heading>
			<tilt>86.20717169328552</tilt>
			<roll>0</roll>
			<gx:fovy>59.99999999999999</gx:fovy>
			<altitudeMode>absolute</altitudeMode>
		</Camera>
		<styleUrl>#__managed_style_0A6B76B15B2A0E750C46</styleUrl>
		<Point>
			<altitudeMode>relativeToGround</altitudeMode>
			<coordinates>104.5555656948649,17.14529787236083,0</coordinates>
		</Point>
	</Placemark>
	<Placemark id="0F566067AD2A0425C82D">
		<name>LT95-SG-2276-0100-20+862</name>
		<Camera>
			<gx:ViewerOptions>
				<gx:option name="streetview"></gx:option>
				<gx:streetViewPanoId>GbQFyFgoBsln1dmFDNPDwg</gx:streetViewPanoId>
			</gx:ViewerOptions>
			<longitude>104.5558073731053</longitude>
			<latitude>17.14501891670784</latitude>
			<altitude>169.3911590576172</altitude>
			<heading>60.79474424014724</heading>
			<tilt>86.20717169328552</tilt>
			<roll>0</roll>
			<gx:fovy>59.99999999999999</gx:fovy>
			<altitudeMode>absolute</altitudeMode>
		</Camera>
		<styleUrl>#__managed_style_0A6B76B15B2A0E750C46</styleUrl>
		<Point>
			<altitudeMode>relativeToGround</altitudeMode>
			<coordinates>104.5558762561291,17.1450897502485,0</coordinates>
		</Point>
	</Placemark>
	<Placemark id="0BEB138C952A0427BB1F">
		<name>LT96-SG-2276-0100-20+907</name>
		<Camera>
			<gx:ViewerOptions>
				<gx:option name="streetview"></gx:option>
				<gx:streetViewPanoId>KJdEFZW3l86V3NslRI2e7w</gx:streetViewPanoId>
			</gx:ViewerOptions>
			<longitude>104.5561968517946</longitude>
			<latitude>17.1447568442277</latitude>
			<altitude>169.264892578125</altitude>
			<heading>68.72029469994906</heading>
			<tilt>84.91067145321047</tilt>
			<roll>0</roll>
			<gx:fovy>59.99999999999999</gx:fovy>
			<altitudeMode>absolute</altitudeMode>
		</Camera>
		<styleUrl>#__managed_style_0A6B76B15B2A0E750C46</styleUrl>
		<Point>
			<altitudeMode>relativeToGround</altitudeMode>
			<coordinates>104.5562342363,17.14483065616903,0</coordinates>
		</Point>
	</Placemark>
	<Placemark id="0C68816F472A04283F4C">
		<name>LT97-SG-2276-0100-20+952</name>
		<Camera>
			<gx:ViewerOptions>
				<gx:option name="streetview"></gx:option>
				<gx:streetViewPanoId>EVlSDQiCPtDjjFmPcMZOUA</gx:streetViewPanoId>
			</gx:ViewerOptions>
			<longitude>104.5565051638753</longitude>
			<latitude>17.14454837542437</latitude>
			<altitude>169.1352691650391</altitude>
			<heading>68.72029469994901</heading>
			<tilt>84.91067145321045</tilt>
			<roll>0</roll>
			<gx:fovy>59.99999999999999</gx:fovy>
			<altitudeMode>absolute</altitudeMode>
		</Camera>
		<styleUrl>#__managed_style_0A6B76B15B2A0E750C46</styleUrl>
		<Point>
			<altitudeMode>relativeToGround</altitudeMode>
			<coordinates>104.5565629269244,17.14462598970049,0</coordinates>
		</Point>
	</Placemark>
	<Placemark id="03498E73AA2A0428CED3">
		<name>LT98-SG-2276-0100-20+997</name>
		<Camera>
			<gx:ViewerOptions>
				<gx:option name="streetview"></gx:option>
				<gx:streetViewPanoId>5xFa_WyPg9bIKH-mErSUww</gx:streetViewPanoId>
			</gx:ViewerOptions>
			<longitude>104.5568913549851</longitude>
			<latitude>17.14429533826765</latitude>
			<altitude>168.964111328125</altitude>
			<heading>57.20550112359753</heading>
			<tilt>83.95925964167924</tilt>
			<roll>0</roll>
			<gx:fovy>59.99999999999999</gx:fovy>
			<altitudeMode>absolute</altitudeMode>
		</Camera>
		<styleUrl>#__managed_style_0A6B76B15B2A0E750C46</styleUrl>
		<Point>
			<altitudeMode>relativeToGround</altitudeMode>
			<coordinates>104.5569661294006,17.14437257457917,0</coordinates>
		</Point>
	</Placemark>
	<Placemark id="0DE5B4B14F2A04297A06">
		<name>LT99-SG-2276-0100-21+042</name>
		<Camera>
			<gx:ViewerOptions>
				<gx:option name="streetview"></gx:option>
				<gx:streetViewPanoId>mjc9L0IwsrD3UWjeKt2GjQ</gx:streetViewPanoId>
			</gx:ViewerOptions>
			<longitude>104.5572020688555</longitude>
			<latitude>17.14408449537402</latitude>
			<altitude>168.8435821533203</altitude>
			<heading>65.04439179509107</heading>
			<tilt>82.05354889056456</tilt>
			<roll>0</roll>
			<gx:fovy>59.99999999999999</gx:fovy>
			<altitudeMode>absolute</altitudeMode>
		</Camera>
		<styleUrl>#__managed_style_0A6B76B15B2A0E750C46</styleUrl>
		<Point>
			<altitudeMode>relativeToGround</altitudeMode>
			<coordinates>104.5572742692679,17.14414070499016,0</coordinates>
		</Point>
	</Placemark>
	<Placemark id="0CFED111B02A042A9DCE">
		<name>LT100-SG-2276-0100-21+087</name>
		<Camera>
			<gx:ViewerOptions>
				<gx:option name="streetview"></gx:option>
				<gx:streetViewPanoId>g1LBq3hss3xNtpmWwTC6tA</gx:streetViewPanoId>
			</gx:ViewerOptions>
			<longitude>104.5575887951697</longitude>
			<latitude>17.1438140061856</latitude>
			<altitude>168.6549224854364</altitude>
			<heading>57.30616700085969</heading>
			<tilt>84.90512692807654</tilt>
			<roll>0</roll>
			<gx:fovy>59.99999999999999</gx:fovy>
			<altitudeMode>absolute</altitudeMode>
		</Camera>
		<styleUrl>#__managed_style_0A6B76B15B2A0E750C46</styleUrl>
		<Point>
			<altitudeMode>relativeToGround</altitudeMode>
			<coordinates>104.5576254873984,17.14386396484633,0</coordinates>
		</Point>
	</Placemark>
	<Placemark id="0052776CC82A042B314F">
		<name>LT101-SG-2276-0100-21+132</name>
		<Camera>
			<gx:ViewerOptions>
				<gx:option name="streetview"></gx:option>
				<gx:streetViewPanoId>sT9Tzv0428CiVd0yKJvOCw</gx:streetViewPanoId>
			</gx:ViewerOptions>
			<longitude>104.5579042223334</longitude>
			<latitude>17.14360959054912</latitude>
			<altitude>168.4962005615234</altitude>
			<heading>57.30616700085967</heading>
			<tilt>84.90512692807653</tilt>
			<roll>0</roll>
			<gx:fovy>59.99999999999999</gx:fovy>
			<altitudeMode>absolute</altitudeMode>
		</Camera>
		<styleUrl>#__managed_style_0A6B76B15B2A0E750C46</styleUrl>
		<Point>
			<altitudeMode>relativeToGround</altitudeMode>
			<coordinates>104.5579586759221,17.14368212742485,0</coordinates>
		</Point>
	</Placemark>
	<Placemark id="0DD1F808422A042BDB04">
		<name>LT102-SG-2276-0100-21+177</name>
		<Camera>
			<gx:ViewerOptions>
				<gx:option name="streetview"></gx:option>
				<gx:streetViewPanoId>hnoYHNuB7M5KhBdM9HdRAQ</gx:streetViewPanoId>
			</gx:ViewerOptions>
			<longitude>104.5583193105524</longitude>
			<latitude>17.143372292871</latitude>
			<altitude>168.155838013337</altitude>
			<heading>35.47060140950934</heading>
			<tilt>85.28951864093494</tilt>
			<roll>0</roll>
			<gx:fovy>59.99999999999999</gx:fovy>
			<altitudeMode>absolute</altitudeMode>
		</Camera>
		<styleUrl>#__managed_style_0A6B76B15B2A0E750C46</styleUrl>
		<Point>
			<altitudeMode>relativeToGround</altitudeMode>
			<coordinates>104.5583268417721,17.1434710288873,0</coordinates>
		</Point>
	</Placemark>
	<Placemark id="0AAB31FE772A042C5DD6">
		<name>LT103-SG-2276-0100-21+222</name>
		<Camera>
			<gx:ViewerOptions>
				<gx:option name="streetview"></gx:option>
				<gx:streetViewPanoId>8t2tIm3dNNbgyqbyhjyv2Q</gx:streetViewPanoId>
			</gx:ViewerOptions>
			<longitude>104.558668255807</longitude>
			<latitude>17.14319743728201</latitude>
			<altitude>167.3616638183594</altitude>
			<heading>52.07335583141872</heading>
			<tilt>88.85904088230829</tilt>
			<roll>0</roll>
			<gx:fovy>59.99999999999999</gx:fovy>
			<altitudeMode>absolute</altitudeMode>
		</Camera>
		<styleUrl>#__managed_style_0A6B76B15B2A0E750C46</styleUrl>
		<Point>
			<altitudeMode>relativeToGround</altitudeMode>
			<coordinates>104.5586782424987,17.14329916923653,0</coordinates>
		</Point>
	</Placemark>
	<Placemark id="08116184D62A042CDA3C">
		<name>LT104-SG-2276-0100-21+267</name>
		<Camera>
			<gx:ViewerOptions>
				<gx:option name="streetview"></gx:option>
				<gx:streetViewPanoId>uRdKJGeeOSy2MxG4w3Legg</gx:streetViewPanoId>
			</gx:ViewerOptions>
			<longitude>104.559024758673</longitude>
			<latitude>17.14302000599654</latitude>
			<altitude>166.2471160888672</altitude>
			<heading>51.97564463508792</heading>
			<tilt>88.76624058318627</tilt>
			<roll>0</roll>
			<gx:fovy>59.99999999999999</gx:fovy>
			<altitudeMode>absolute</altitudeMode>
		</Camera>
		<styleUrl>#__managed_style_0A6B76B15B2A0E750C46</styleUrl>
		<Point>
			<altitudeMode>relativeToGround</altitudeMode>
			<coordinates>104.5590514432379,17.14310214453031,0</coordinates>
		</Point>
	</Placemark>
	<Placemark id="0BE75021EA2A042D6739">
		<name>LT105-SG-2276-0100-21+312</name>
		<Camera>
			<gx:ViewerOptions>
				<gx:option name="streetview"></gx:option>
				<gx:streetViewPanoId>cr2bhpaNGaFHChAlTgPwfQ</gx:streetViewPanoId>
			</gx:ViewerOptions>
			<longitude>104.5593753947341</longitude>
			<latitude>17.14281398217612</latitude>
			<altitude>164.9031829833984</altitude>
			<heading>57.53122270559274</heading>
			<tilt>90.24745863991531</tilt>
			<roll>0</roll>
			<gx:fovy>59.99999999999999</gx:fovy>
			<altitudeMode>absolute</altitudeMode>
		</Camera>
		<styleUrl>#__managed_style_0A6B76B15B2A0E750C46</styleUrl>
		<Point>
			<altitudeMode>relativeToGround</altitudeMode>
			<coordinates>104.5594340799551,17.14285419119966,0</coordinates>
		</Point>
	</Placemark>
	<Placemark id="0B4AF05E9A2A04309275">
		<name>LT106-SG-2276-0100-22+007</name>
		<Camera>
			<gx:ViewerOptions>
				<gx:option name="streetview"></gx:option>
				<gx:streetViewPanoId>3dcR5YxD89bkfRbUj0xfNg</gx:streetViewPanoId>
			</gx:ViewerOptions>
			<longitude>104.5638578117192</longitude>
			<latitude>17.13826806985949</latitude>
			<altitude>164.0517730712891</altitude>
			<heading>82.86940519173828</heading>
			<tilt>84.72107543362161</tilt>
			<roll>0</roll>
			<gx:fovy>59.99999999999999</gx:fovy>
			<altitudeMode>absolute</altitudeMode>
		</Camera>
		<styleUrl>#__managed_style_0A6B76B15B2A0E750C46</styleUrl>
		<Point>
			<altitudeMode>relativeToGround</altitudeMode>
			<coordinates>104.5638578117192,17.13826806985949,0</coordinates>
		</Point>
	</Placemark>
	<Placemark id="0B8DABDED92A043172AF">
		<name>LT107-SG-2276-0100-22+052</name>
		<Camera>
			<gx:ViewerOptions>
				<gx:option name="streetview"></gx:option>
				<gx:streetViewPanoId>cr_5LQGR1ni2h5PV2KVfhA</gx:streetViewPanoId>
			</gx:ViewerOptions>
			<longitude>104.5641848987781</longitude>
			<latitude>17.13804240335723</latitude>
			<altitude>164.0303955078125</altitude>
			<heading>82.86940519173828</heading>
			<tilt>84.72107543362162</tilt>
			<roll>0</roll>
			<gx:fovy>59.99999999999999</gx:fovy>
			<altitudeMode>absolute</altitudeMode>
		</Camera>
		<styleUrl>#__managed_style_0A6B76B15B2A0E750C46</styleUrl>
		<Point>
			<altitudeMode>relativeToGround</altitudeMode>
			<coordinates>104.5641848987781,17.13804240335723,0</coordinates>
		</Point>
	</Placemark>
	<Placemark id="03681F21482A04322471">
		<name>LT108-SG-2276-0100-22+097</name>
		<Camera>
			<gx:ViewerOptions>
				<gx:option name="streetview"></gx:option>
				<gx:streetViewPanoId>ddFVpfhIrcKecyYi-8RQfA</gx:streetViewPanoId>
			</gx:ViewerOptions>
			<longitude>104.5645244334998</longitude>
			<latitude>17.13784326380754</latitude>
			<altitude>164.097488402657</altitude>
			<heading>86.78955649414661</heading>
			<tilt>89.63228465100201</tilt>
			<roll>0</roll>
			<gx:fovy>59.99999999999999</gx:fovy>
			<altitudeMode>absolute</altitudeMode>
		</Camera>
		<styleUrl>#__managed_style_0A6B76B15B2A0E750C46</styleUrl>
		<Point>
			<altitudeMode>relativeToGround</altitudeMode>
			<coordinates>104.5645244334998,17.13784326380754,0</coordinates>
		</Point>
	</Placemark>
	<Placemark id="0E94BC66D72A043305D1">
		<name>LT109-SG-2276-0100-22+142</name>
		<Camera>
			<gx:ViewerOptions>
				<gx:option name="streetview"></gx:option>
				<gx:streetViewPanoId>B9q8cpwspNgtceeAinJtvA</gx:streetViewPanoId>
			</gx:ViewerOptions>
			<longitude>104.5649584771671</longitude>
			<latitude>17.13763202119118</latitude>
			<altitude>164.216186523523</altitude>
			<heading>77.21830474755735</heading>
			<tilt>87.18782673931838</tilt>
			<roll>0</roll>
			<gx:fovy>59.99999999999999</gx:fovy>
			<altitudeMode>absolute</altitudeMode>
		</Camera>
		<styleUrl>#__managed_style_0A6B76B15B2A0E750C46</styleUrl>
		<Point>
			<altitudeMode>relativeToGround</altitudeMode>
			<coordinates>104.5649584771671,17.13763202119118,0</coordinates>
		</Point>
	</Placemark>
	<Placemark id="0079C481C22A0433C610">
		<name>LT110-SG-2276-0100-22+187</name>
		<Camera>
			<gx:ViewerOptions>
				<gx:option name="streetview"></gx:option>
				<gx:streetViewPanoId>xUFUC7xhEy_QF5VOjzYv9g</gx:streetViewPanoId>
			</gx:ViewerOptions>
			<longitude>104.5653055707495</longitude>
			<latitude>17.1374746278255</latitude>
			<altitude>164.5767669677734</altitude>
			<heading>77.11948641234956</heading>
			<tilt>87.18782673931841</tilt>
			<roll>0</roll>
			<gx:fovy>59.99999999999999</gx:fovy>
			<altitudeMode>absolute</altitudeMode>
		</Camera>
		<styleUrl>#__managed_style_0A6B76B15B2A0E750C46</styleUrl>
		<Point>
			<altitudeMode>relativeToGround</altitudeMode>
			<coordinates>104.5653055707495,17.1374746278255,0</coordinates>
		</Point>
	</Placemark>
	<Placemark id="0D6ED7E7CA2A04345BEA">
		<name>LT111-SG-2276-0100-22+232</name>
		<Camera>
			<gx:ViewerOptions>
				<gx:option name="streetview"></gx:option>
				<gx:streetViewPanoId>kpHmXSvGbcDxDwnmNdJlhw</gx:streetViewPanoId>
			</gx:ViewerOptions>
			<longitude>104.5656956963552</longitude>
			<latitude>17.13729385956049</latitude>
			<altitude>164.9553985595703</altitude>
			<heading>77.11948641234954</heading>
			<tilt>87.18782673931838</tilt>
			<roll>0</roll>
			<gx:fovy>59.99999999999999</gx:fovy>
			<altitudeMode>absolute</altitudeMode>
		</Camera>
		<styleUrl>#__managed_style_0A6B76B15B2A0E750C46</styleUrl>
		<Point>
			<altitudeMode>relativeToGround</altitudeMode>
			<coordinates>104.5656956963552,17.13729385956049,0</coordinates>
		</Point>
	</Placemark>
	<Placemark id="0EA8D3FBCE2A04350352">
		<name>LT112-SG-2276-0100-22+277</name>
		<Camera>
			<gx:ViewerOptions>
				<gx:option name="streetview"></gx:option>
				<gx:streetViewPanoId>LdUv5jd-co6qQ48Q116opg</gx:streetViewPanoId>
			</gx:ViewerOptions>
			<longitude>104.5661267205321</longitude>
			<latitude>17.13708943274828</latitude>
			<altitude>165.2457580566406</altitude>
			<heading>63.50727252939136</heading>
			<tilt>87.93607807730426</tilt>
			<roll>0</roll>
			<gx:fovy>59.99999999999999</gx:fovy>
			<altitudeMode>absolute</altitudeMode>
		</Camera>
		<styleUrl>#__managed_style_0A6B76B15B2A0E750C46</styleUrl>
		<Point>
			<altitudeMode>relativeToGround</altitudeMode>
			<coordinates>104.5661267205321,17.13708943274828,0</coordinates>
		</Point>
	</Placemark>
	<Placemark id="063706B0A52A04358B2C">
		<name>LT113-SG-2276-0100-22+322</name>
		<Camera>
			<gx:ViewerOptions>
				<gx:option name="streetview"></gx:option>
				<gx:streetViewPanoId>u0O2jBnwTbRaPOZCJGNvqw</gx:streetViewPanoId>
			</gx:ViewerOptions>
			<longitude>104.566463414574</longitude>
			<latitude>17.13693376706238</latitude>
			<altitude>165.3881072998047</altitude>
			<heading>67.77535742110921</heading>
			<tilt>89.79458517877383</tilt>
			<roll>0</roll>
			<gx:fovy>59.99999999999999</gx:fovy>
			<altitudeMode>absolute</altitudeMode>
		</Camera>
		<styleUrl>#__managed_style_0A6B76B15B2A0E750C46</styleUrl>
		<Point>
			<altitudeMode>relativeToGround</altitudeMode>
			<coordinates>104.566463414574,17.13693376706238,0</coordinates>
		</Point>
	</Placemark>
	<Placemark id="0A6D8D9FAF2A043632E7">
		<name>LT114-SG-2276-0100-22+367</name>
		<Camera>
			<gx:ViewerOptions>
				<gx:option name="streetview"></gx:option>
				<gx:streetViewPanoId>0saY1HXYASkB5HH4gqST_A</gx:streetViewPanoId>
			</gx:ViewerOptions>
			<longitude>104.5668858168505</longitude>
			<latitude>17.13672882747506</latitude>
			<altitude>165.422912596666</altitude>
			<heading>55.40381516708382</heading>
			<tilt>89.88781941173644</tilt>
			<roll>0</roll>
			<gx:fovy>59.99999999999999</gx:fovy>
			<altitudeMode>absolute</altitudeMode>
		</Camera>
		<styleUrl>#__managed_style_0A6B76B15B2A0E750C46</styleUrl>
		<Point>
			<altitudeMode>relativeToGround</altitudeMode>
			<coordinates>104.5668858168505,17.13672882747506,0</coordinates>
		</Point>
	</Placemark>
	<Placemark id="01E366ED822A0436B6FE">
		<name>LT115-SG-2276-0100-22+412</name>
		<Camera>
			<gx:ViewerOptions>
				<gx:option name="streetview"></gx:option>
				<gx:streetViewPanoId>ckJQ4s-2BSVqlnH8FT79aQ</gx:streetViewPanoId>
			</gx:ViewerOptions>
			<longitude>104.5672129993893</longitude>
			<latitude>17.136549234382</latitude>
			<altitude>165.4077911376953</altitude>
			<heading>55.30549454553274</heading>
			<tilt>89.88781941173644</tilt>
			<roll>0</roll>
			<gx:fovy>59.99999999999999</gx:fovy>
			<altitudeMode>absolute</altitudeMode>
		</Camera>
		<styleUrl>#__managed_style_0A6B76B15B2A0E750C46</styleUrl>
		<Point>
			<altitudeMode>relativeToGround</altitudeMode>
			<coordinates>104.5672129993893,17.136549234382,0</coordinates>
		</Point>
	</Placemark>
	<Placemark id="04B817EFB02A043B0914">
		<name>LT116-SG-2276-0100-27+317</name>
		<Camera>
			<gx:ViewerOptions>
				<gx:option name="streetview"></gx:option>
				<gx:streetViewPanoId>9u6ANGj3FomBXMmrg-1Shg</gx:streetViewPanoId>
			</gx:ViewerOptions>
			<longitude>104.6019776046835</longitude>
			<latitude>17.10889294430964</latitude>
			<altitude>159.5887451171875</altitude>
			<heading>47.72485323826569</heading>
			<tilt>93.73296801936185</tilt>
			<roll>0</roll>
			<gx:fovy>59.99999999999999</gx:fovy>
			<altitudeMode>absolute</altitudeMode>
		</Camera>
		<styleUrl>#__managed_style_0A6B76B15B2A0E750C46</styleUrl>
		<Point>
			<altitudeMode>relativeToGround</altitudeMode>
			<coordinates>104.6019776046835,17.10889294430964,0</coordinates>
		</Point>
	</Placemark>
	<Placemark id="0405E0B9602A043B9F5F">
		<name>LT117-SG-2276-0100-27+362</name>
		<Camera>
			<gx:ViewerOptions>
				<gx:option name="streetview"></gx:option>
				<gx:streetViewPanoId>WqEb0NIqDXfMocNxCdugKA</gx:streetViewPanoId>
			</gx:ViewerOptions>
			<longitude>104.6026305216812</longitude>
			<latitude>17.10875772679816</latitude>
			<altitude>159.625244140625</altitude>
			<heading>30.09308932498232</heading>
			<tilt>94.20703210935717</tilt>
			<roll>0</roll>
			<gx:fovy>59.99999999999999</gx:fovy>
			<altitudeMode>absolute</altitudeMode>
		</Camera>
		<styleUrl>#__managed_style_0A6B76B15B2A0E750C46</styleUrl>
		<Point>
			<altitudeMode>relativeToGround</altitudeMode>
			<coordinates>104.6026305216812,17.10875772679816,0</coordinates>
		</Point>
	</Placemark>
	<Placemark id="0698D66B2C2A043C58AC">
		<name>LT118-SG-2276-0100-27+407</name>
		<Camera>
			<gx:ViewerOptions>
				<gx:option name="streetview"></gx:option>
				<gx:streetViewPanoId>pMcUcNrStdyUC4IABRnMEg</gx:streetViewPanoId>
			</gx:ViewerOptions>
			<longitude>104.6029096707902</longitude>
			<latitude>17.10869912184717</latitude>
			<altitude>159.6953277587891</altitude>
			<heading>44.15880407566234</heading>
			<tilt>96.68437748961058</tilt>
			<roll>0</roll>
			<gx:fovy>59.99999999999999</gx:fovy>
			<altitudeMode>absolute</altitudeMode>
		</Camera>
		<styleUrl>#__managed_style_0A6B76B15B2A0E750C46</styleUrl>
		<Point>
			<altitudeMode>relativeToGround</altitudeMode>
			<coordinates>104.6029096707902,17.10869912184717,0</coordinates>
		</Point>
	</Placemark>
	<Placemark id="0CDEA61AA32A043CD758">
		<name>LT119-SG-2276-0100-27+452</name>
		<Camera>
			<gx:ViewerOptions>
				<gx:option name="streetview"></gx:option>
				<gx:streetViewPanoId>ruE5JzKuKuByxIiTj7uNyw</gx:streetViewPanoId>
			</gx:ViewerOptions>
			<longitude>104.6032805957441</longitude>
			<latitude>17.10862201255156</latitude>
			<altitude>159.7772064208984</altitude>
			<heading>50.03837505683265</heading>
			<tilt>94.39351297098021</tilt>
			<roll>0</roll>
			<gx:fovy>42.46049809341243</gx:fovy>
			<altitudeMode>absolute</altitudeMode>
		</Camera>
		<styleUrl>#__managed_style_0A6B76B15B2A0E750C46</styleUrl>
		<Point>
			<altitudeMode>relativeToGround</altitudeMode>
			<coordinates>104.6032805957441,17.10862201255156,0</coordinates>
		</Point>
	</Placemark>
	<Placemark id="0B7781520B2A043E4144">
		<name>LT120-SG-2276-0100-27+497</name>
		<Camera>
			<gx:ViewerOptions>
				<gx:option name="streetview"></gx:option>
				<gx:streetViewPanoId>zJNc6IB-S5GbWZTjqrBu4w</gx:streetViewPanoId>
			</gx:ViewerOptions>
			<longitude>104.6037488997994</longitude>
			<latitude>17.10852774638335</latitude>
			<altitude>159.9268341066447</altitude>
			<heading>20.36932994393222</heading>
			<tilt>96.21817896160435</tilt>
			<roll>0</roll>
			<gx:fovy>59.99999999999999</gx:fovy>
			<altitudeMode>absolute</altitudeMode>
		</Camera>
		<styleUrl>#__managed_style_0A6B76B15B2A0E750C46</styleUrl>
		<Point>
			<altitudeMode>relativeToGround</altitudeMode>
			<coordinates>104.6037488997994,17.10852774638335,0</coordinates>
		</Point>
	</Placemark>
	<Placemark id="06972E0A582A043EB67D">
		<name>LT121-SG-2276-0100-27+542</name>
		<Camera>
			<gx:ViewerOptions>
				<gx:option name="streetview"></gx:option>
				<gx:streetViewPanoId>Hm6mMxpWmuslIiz0pgGREw</gx:streetViewPanoId>
			</gx:ViewerOptions>
			<longitude>104.6040277841778</longitude>
			<latitude>17.10847294006745</latitude>
			<altitude>160.0136108398438</altitude>
			<heading>37.9789739841239</heading>
			<tilt>95.25342084118262</tilt>
			<roll>0</roll>
			<gx:fovy>59.99999999999999</gx:fovy>
			<altitudeMode>absolute</altitudeMode>
		</Camera>
		<styleUrl>#__managed_style_0A6B76B15B2A0E750C46</styleUrl>
		<Point>
			<altitudeMode>relativeToGround</altitudeMode>
			<coordinates>104.6040277841778,17.10847294006745,0</coordinates>
		</Point>
	</Placemark>
	<Placemark id="0EBC28B87B2A043F31A0">
		<name>LT122-SG-2276-0100-27+578</name>
		<Camera>
			<gx:ViewerOptions>
				<gx:option name="streetview"></gx:option>
				<gx:streetViewPanoId>noPIynnDuiT4FJe0pzkfow</gx:streetViewPanoId>
			</gx:ViewerOptions>
			<longitude>104.6044007572639</longitude>
			<latitude>17.10839532743926</latitude>
			<altitude>160.0302429199219</altitude>
			<heading>37.58015654615488</heading>
			<tilt>95.15870433543236</tilt>
			<roll>0</roll>
			<gx:fovy>59.99999999999999</gx:fovy>
			<altitudeMode>absolute</altitudeMode>
		</Camera>
		<styleUrl>#__managed_style_0A6B76B15B2A0E750C46</styleUrl>
		<Point>
			<altitudeMode>relativeToGround</altitudeMode>
			<coordinates>104.6044007572639,17.10839532743926,0</coordinates>
		</Point>
	</Placemark>
	<Placemark id="0FDA14699C2A0442C3B4">
		<name>LT123-SG-2276-0100-27+632</name>
		<Camera>
			<gx:ViewerOptions>
				<gx:option name="streetview"></gx:option>
				<gx:streetViewPanoId>5mysDK3iliSbmORoIgrE8A</gx:streetViewPanoId>
			</gx:ViewerOptions>
			<longitude>104.6047751541553</longitude>
			<latitude>17.10831655495556</latitude>
			<altitude>159.9073028564453</altitude>
			<heading>29.08151963520993</heading>
			<tilt>95.66607663553317</tilt>
			<roll>0</roll>
			<gx:fovy>59.99999999999999</gx:fovy>
			<altitudeMode>absolute</altitudeMode>
		</Camera>
		<styleUrl>#__managed_style_0A6B76B15B2A0E750C46</styleUrl>
		<Point>
			<altitudeMode>relativeToGround</altitudeMode>
			<coordinates>104.6047751541553,17.10831655495556,0</coordinates>
		</Point>
	</Placemark>
	<Placemark id="0DCDDD6B922A04434E3C">
		<name>LT124-SG-2276-0100-27+677</name>
		<Camera>
			<gx:ViewerOptions>
				<gx:option name="streetview"></gx:option>
				<gx:streetViewPanoId>ElH0LdqicF7O8amkd-Rucw</gx:streetViewPanoId>
			</gx:ViewerOptions>
			<longitude>104.605060087706</longitude>
			<latitude>17.10826016140967</latitude>
			<altitude>159.7265319824219</altitude>
			<heading>29.08151963520988</heading>
			<tilt>95.66607663553317</tilt>
			<roll>0</roll>
			<gx:fovy>59.99999999999999</gx:fovy>
			<altitudeMode>absolute</altitudeMode>
		</Camera>
		<styleUrl>#__managed_style_0A6B76B15B2A0E750C46</styleUrl>
		<Point>
			<altitudeMode>relativeToGround</altitudeMode>
			<coordinates>104.605060087706,17.10826016140967,0</coordinates>
		</Point>
	</Placemark>
	<Placemark id="06171E57F02A0443FAFD">
		<name>LT125-SG-2276-0100-27+722</name>
		<Camera>
			<gx:ViewerOptions>
				<gx:option name="streetview"></gx:option>
				<gx:streetViewPanoId>Nq7Djf3D2_ME9FIVHMw05w</gx:streetViewPanoId>
			</gx:ViewerOptions>
			<longitude>104.6054472033412</longitude>
			<latitude>17.10818274196876</latitude>
			<altitude>159.41938781762</altitude>
			<heading>28.41768693851527</heading>
			<tilt>98.01586971198175</tilt>
			<roll>0</roll>
			<gx:fovy>59.99999999999999</gx:fovy>
			<altitudeMode>absolute</altitudeMode>
		</Camera>
		<styleUrl>#__managed_style_0A6B76B15B2A0E750C46</styleUrl>
		<Point>
			<altitudeMode>relativeToGround</altitudeMode>
			<coordinates>104.6054472033412,17.10818274196876,0</coordinates>
		</Point>
	</Placemark>
	<Placemark id="0356DEB6F02A044687CC">
		<name>LT126-SG-2276-0100-28+013</name>
		<Camera>
			<gx:ViewerOptions>
				<gx:option name="streetview"></gx:option>
				<gx:streetViewPanoId>C-uHJd4oddnL6geAIr3NmQ</gx:streetViewPanoId>
			</gx:ViewerOptions>
			<longitude>104.6076985053304</longitude>
			<latitude>17.1097900962825</latitude>
			<altitude>161.1916656494141</altitude>
			<heading>108.6680084950804</heading>
			<tilt>84.94255137041091</tilt>
			<roll>0</roll>
			<gx:fovy>59.71792044024292</gx:fovy>
			<altitudeMode>absolute</altitudeMode>
		</Camera>
		<styleUrl>#__managed_style_0A6B76B15B2A0E750C46</styleUrl>
		<Point>
			<altitudeMode>relativeToGround</altitudeMode>
			<coordinates>104.6076630552546,17.10976101068809,0</coordinates>
		</Point>
	</Placemark>
	<Placemark id="037034AF4C2A044A05F1">
		<name>LT127-SG-2276-0100-29+527</name>
		<Camera>
			<gx:ViewerOptions>
				<gx:option name="streetview"></gx:option>
				<gx:streetViewPanoId>uoTsd94UPrJZ7HhVoh6WaQ</gx:streetViewPanoId>
			</gx:ViewerOptions>
			<longitude>104.6209648348867</longitude>
			<latitude>17.10508393875573</latitude>
			<altitude>161.3024139409783</altitude>
			<heading>315.8951613577034</heading>
			<tilt>83.74150900088313</tilt>
			<roll>0</roll>
			<gx:fovy>59.99999999999999</gx:fovy>
			<altitudeMode>absolute</altitudeMode>
		</Camera>
		<styleUrl>#__managed_style_0A6B76B15B2A0E750C46</styleUrl>
		<Point>
			<altitudeMode>relativeToGround</altitudeMode>
			<coordinates>104.6209699453854,17.1051116372651,0</coordinates>
		</Point>
	</Placemark>
	<Placemark id="0ADE43B3A92A044AE8A4">
		<name>LT128-SG-2276-0100-29+572</name>
		<Camera>
			<gx:ViewerOptions>
				<gx:option name="streetview"></gx:option>
				<gx:streetViewPanoId>jTXl1vz19bCHQ-pTjFZ_rw</gx:streetViewPanoId>
			</gx:ViewerOptions>
			<longitude>104.6212329002017</longitude>
			<latitude>17.10500520391308</latitude>
			<altitude>161.5031127929688</altitude>
			<heading>94.91115887408203</heading>
			<tilt>81.01233265815455</tilt>
			<roll>0</roll>
			<gx:fovy>59.99999998778124</gx:fovy>
			<altitudeMode>absolute</altitudeMode>
		</Camera>
		<styleUrl>#__managed_style_0A6B76B15B2A0E750C46</styleUrl>
		<Point>
			<altitudeMode>relativeToGround</altitudeMode>
			<coordinates>104.6212426595073,17.105029047041,0</coordinates>
		</Point>
	</Placemark>
	<Placemark id="0108DC0E032A044B9895">
		<name>LT129-SG-2276-0100-29+617</name>
		<Camera>
			<gx:ViewerOptions>
				<gx:option name="streetview"></gx:option>
				<gx:streetViewPanoId>r2Ed2ptzfGMrksmSZroOhw</gx:streetViewPanoId>
			</gx:ViewerOptions>
			<longitude>104.6216850724945</longitude>
			<latitude>17.10487235214471</latitude>
			<altitude>161.8784027099609</altitude>
			<heading>94.91115887408203</heading>
			<tilt>81.01233265815459</tilt>
			<roll>0</roll>
			<gx:fovy>59.99999999999999</gx:fovy>
			<altitudeMode>absolute</altitudeMode>
		</Camera>
		<styleUrl>#__managed_style_0A6B76B15B2A0E750C46</styleUrl>
		<Point>
			<altitudeMode>relativeToGround</altitudeMode>
			<coordinates>104.6217008595494,17.10488583538478,0</coordinates>
		</Point>
	</Placemark>
	<Placemark id="08F36145A82A044C1751">
		<name>LT130-SG-2276-0100-29+662</name>
		<Camera>
			<gx:ViewerOptions>
				<gx:option name="streetview"></gx:option>
				<gx:streetViewPanoId>ZmK-Y_-wAOmr7pTFRPFaFw</gx:streetViewPanoId>
			</gx:ViewerOptions>
			<longitude>104.622125239144</longitude>
			<latitude>17.10464693135699</latitude>
			<altitude>162.2692718511442</altitude>
			<heading>28.02588644717017</heading>
			<tilt>81.91834733644275</tilt>
			<roll>0</roll>
			<gx:fovy>59.99999999999999</gx:fovy>
			<altitudeMode>absolute</altitudeMode>
		</Camera>
		<styleUrl>#__managed_style_0A6B76B15B2A0E750C46</styleUrl>
		<Point>
			<altitudeMode>relativeToGround</altitudeMode>
			<coordinates>104.6221693885709,17.10467734162428,0</coordinates>
		</Point>
	</Placemark>
	<Placemark id="0A3CB883752A044CC5DD">
		<name>LT131-SG-2276-0100-29+707</name>
		<Camera>
			<gx:ViewerOptions>
				<gx:option name="streetview"></gx:option>
				<gx:streetViewPanoId>I8dWpYdWxwU5ruLVgc5sVw</gx:streetViewPanoId>
			</gx:ViewerOptions>
			<longitude>104.6222199609678</longitude>
			<latitude>17.10425238759337</latitude>
			<altitude>162.5439147949527</altitude>
			<heading>20.09734763456866</heading>
			<tilt>89.77395391088159</tilt>
			<roll>0</roll>
			<gx:fovy>59.99999999999999</gx:fovy>
			<altitudeMode>absolute</altitudeMode>
		</Camera>
		<styleUrl>#__managed_style_0A6B76B15B2A0E750C46</styleUrl>
		<Point>
			<altitudeMode>relativeToGround</altitudeMode>
			<coordinates>104.6222543259327,17.10425445561451,0</coordinates>
		</Point>
	</Placemark>
	<Placemark id="0891CF4CBD2A044DAB3B">
		<name>LT132-SG-2276-0100-29+752</name>
		<Camera>
			<gx:ViewerOptions>
				<gx:option name="streetview"></gx:option>
				<gx:streetViewPanoId>SReHhjrXrE_8d7-Jfrrkxg</gx:streetViewPanoId>
			</gx:ViewerOptions>
			<longitude>104.6221728224002</longitude>
			<latitude>17.10397725698294</latitude>
			<altitude>162.6642303466797</altitude>
			<heading>146.9668328459447</heading>
			<tilt>65.55527193765658</tilt>
			<roll>0</roll>
			<gx:fovy>59.99999999999999</gx:fovy>
			<altitudeMode>absolute</altitudeMode>
		</Camera>
		<styleUrl>#__managed_style_0A6B76B15B2A0E750C46</styleUrl>
		<Point>
			<altitudeMode>relativeToGround</altitudeMode>
			<coordinates>104.6221873487262,17.10396176029385,0</coordinates>
		</Point>
	</Placemark>
	<Placemark id="0D1F444CEC2A044F7F83">
		<name>LT133-SG-2276-0100-29+797</name>
		<Camera>
			<gx:ViewerOptions>
				<gx:option name="streetview"></gx:option>
				<gx:streetViewPanoId>u2cWYSh5jxVUg_UPo2fdrg</gx:streetViewPanoId>
			</gx:ViewerOptions>
			<longitude>104.6220914416999</longitude>
			<latitude>17.10352178475368</latitude>
			<altitude>163.0418548589373</altitude>
			<heading>135.4139237118917</heading>
			<tilt>64.07917258408996</tilt>
			<roll>0</roll>
			<gx:fovy>59.99999999999999</gx:fovy>
			<altitudeMode>absolute</altitudeMode>
		</Camera>
		<styleUrl>#__managed_style_0A6B76B15B2A0E750C46</styleUrl>
		<Point>
			<altitudeMode>relativeToGround</altitudeMode>
			<coordinates>104.6221001393233,17.10350411514911,0</coordinates>
		</Point>
	</Placemark>
	<Placemark id="0B2DC304952A04508F1D">
		<name>LT134-SG-2276-0100-29+842</name>
		<Camera>
			<gx:ViewerOptions>
				<gx:option name="streetview"></gx:option>
				<gx:streetViewPanoId>h_Q-_mssC_XT2hLn-WeI1w</gx:streetViewPanoId>
			</gx:ViewerOptions>
			<longitude>104.6220099721027</longitude>
			<latitude>17.103071945903</latitude>
			<altitude>163.2917175292969</altitude>
			<heading>118.5776160886519</heading>
			<tilt>56.76614579593723</tilt>
			<roll>0</roll>
			<gx:fovy>59.99999999999999</gx:fovy>
			<altitudeMode>absolute</altitudeMode>
		</Camera>
		<styleUrl>#__managed_style_0A6B76B15B2A0E750C46</styleUrl>
		<Point>
			<altitudeMode>relativeToGround</altitudeMode>
			<coordinates>104.6220396872756,17.10313806851863,0</coordinates>
		</Point>
	</Placemark>
	<Placemark id="023E5F89842A045187D1">
		<name>LT135-SG-2276-0100-29+887</name>
		<Camera>
			<gx:ViewerOptions>
				<gx:option name="streetview"></gx:option>
				<gx:streetViewPanoId>tPTt9S_lp6wGMvQaYrfUww</gx:streetViewPanoId>
			</gx:ViewerOptions>
			<longitude>104.6219255675114</longitude>
			<latitude>17.1026241689875</latitude>
			<altitude>163.4012145996094</altitude>
			<heading>106.1501083795467</heading>
			<tilt>65.73454271421437</tilt>
			<roll>0</roll>
			<gx:fovy>60.00000003895681</gx:fovy>
			<altitudeMode>absolute</altitudeMode>
		</Camera>
		<styleUrl>#__managed_style_0A6B76B15B2A0E750C46</styleUrl>
		<Point>
			<altitudeMode>relativeToGround</altitudeMode>
			<coordinates>104.6219262988197,17.102624740729,0</coordinates>
		</Point>
	</Placemark>
	<Placemark id="0A321A77D12A0455A3B2">
		<name>LT136-SG-2276-0100-34+835</name>
		<Camera>
			<gx:ViewerOptions>
				<gx:option name="streetview"></gx:option>
				<gx:streetViewPanoId>Dcr4gqYqA6TuReT60YgtPw</gx:streetViewPanoId>
			</gx:ViewerOptions>
			<longitude>104.6643283542717</longitude>
			<latitude>17.08997485545925</latitude>
			<altitude>164.6480255126953</altitude>
			<heading>52.70588169057338</heading>
			<tilt>85.93813815207469</tilt>
			<roll>0</roll>
			<gx:fovy>59.9999999617805</gx:fovy>
			<altitudeMode>absolute</altitudeMode>
		</Camera>
		<styleUrl>#__managed_style_0A6B76B15B2A0E750C46</styleUrl>
		<Point>
			<altitudeMode>relativeToGround</altitudeMode>
			<coordinates>104.6643380484817,17.09003605074238,0</coordinates>
		</Point>
	</Placemark>
	<Placemark id="0B0BEB24682A045699E0">
		<name>LT137-SG-2276-0100-34+880</name>
		<Camera>
			<gx:ViewerOptions>
				<gx:option name="streetview"></gx:option>
				<gx:streetViewPanoId>BH8KLJWz8JHWmhRmSjBFwQ</gx:streetViewPanoId>
			</gx:ViewerOptions>
			<longitude>104.664800315751</longitude>
			<latitude>17.08987424447955</latitude>
			<altitude>164.40576171875</altitude>
			<heading>47.38691731830937</heading>
			<tilt>87.51913729013394</tilt>
			<roll>0</roll>
			<gx:fovy>59.99999999999999</gx:fovy>
			<altitudeMode>absolute</altitudeMode>
		</Camera>
		<styleUrl>#__managed_style_0A6B76B15B2A0E750C46</styleUrl>
		<Point>
			<altitudeMode>relativeToGround</altitudeMode>
			<coordinates>104.6648205418042,17.089959832565,0</coordinates>
		</Point>
	</Placemark>
	<Placemark id="06EDA13E2F2A045741CC">
		<name>LT138-SG-2276-0100-34+925</name>
		<Camera>
			<gx:ViewerOptions>
				<gx:option name="streetview"></gx:option>
				<gx:streetViewPanoId>LQ0fhLDa_WOyy5r8GxeYmQ</gx:streetViewPanoId>
			</gx:ViewerOptions>
			<longitude>104.665165163879</longitude>
			<latitude>17.08975716044838</latitude>
			<altitude>164.2563323975394</altitude>
			<heading>45.66626961304716</heading>
			<tilt>90.96199120967779</tilt>
			<roll>0</roll>
			<gx:fovy>59.99999999999999</gx:fovy>
			<altitudeMode>absolute</altitudeMode>
		</Camera>
		<styleUrl>#__managed_style_0A6B76B15B2A0E750C46</styleUrl>
		<Point>
			<altitudeMode>relativeToGround</altitudeMode>
			<coordinates>104.6652323235456,17.08980965661584,0</coordinates>
		</Point>
	</Placemark>
	<Placemark id="0966CCF44C2A0458496A">
		<name>LT139-SG-2276-0100-34+970</name>
		<Camera>
			<gx:ViewerOptions>
				<gx:option name="streetview"></gx:option>
				<gx:streetViewPanoId>mVrCeADRYytvsCNEgYtiAQ</gx:streetViewPanoId>
			</gx:ViewerOptions>
			<longitude>104.6655028782594</longitude>
			<latitude>17.08958634742831</latitude>
			<altitude>164.265136719313</altitude>
			<heading>71.97572174399566</heading>
			<tilt>96.35772521288004</tilt>
			<roll>0</roll>
			<gx:fovy>59.99999999999999</gx:fovy>
			<altitudeMode>absolute</altitudeMode>
		</Camera>
		<styleUrl>#__managed_style_0A6B76B15B2A0E750C46</styleUrl>
		<Point>
			<altitudeMode>relativeToGround</altitudeMode>
			<coordinates>104.665647404822,17.08960631991034,0</coordinates>
		</Point>
	</Placemark>
	<Placemark id="0E00D365882A045941AF">
		<name>LT140-SG-2276-0100-35+015</name>
		<Camera>
			<gx:ViewerOptions>
				<gx:option name="streetview"></gx:option>
				<gx:streetViewPanoId>Mt6ybC9DVI9c3GI9G-Zo3w</gx:streetViewPanoId>
			</gx:ViewerOptions>
			<longitude>104.6659244884858</longitude>
			<latitude>17.08931198349767</latitude>
			<altitude>164.4202423091664</altitude>
			<heading>41.21152412148145</heading>
			<tilt>67.96632799276146</tilt>
			<roll>0</roll>
			<gx:fovy>59.99999999999999</gx:fovy>
			<altitudeMode>absolute</altitudeMode>
		</Camera>
		<styleUrl>#__managed_style_0A6B76B15B2A0E750C46</styleUrl>
		<Point>
			<altitudeMode>relativeToGround</altitudeMode>
			<coordinates>104.6659576789127,17.0893380292643,0</coordinates>
		</Point>
	</Placemark>
	<Placemark id="0532BE2D672A045A7AC4">
		<name>LT141-SG-2276-0100-35+060</name>
		<Camera>
			<gx:ViewerOptions>
				<gx:option name="streetview"></gx:option>
				<gx:streetViewPanoId>iaOfknW20FHQWKDNR3Z7hw</gx:streetViewPanoId>
			</gx:ViewerOptions>
			<longitude>104.6662062446908</longitude>
			<latitude>17.08905598661307</latitude>
			<altitude>164.3599700927734</altitude>
			<heading>90.32126452599681</heading>
			<tilt>69.26070322713909</tilt>
			<roll>0</roll>
			<gx:fovy>59.99999999999999</gx:fovy>
			<altitudeMode>absolute</altitudeMode>
		</Camera>
		<styleUrl>#__managed_style_0A6B76B15B2A0E750C46</styleUrl>
		<Point>
			<altitudeMode>relativeToGround</altitudeMode>
			<coordinates>104.666235446526,17.08906770403651,0</coordinates>
		</Point>
	</Placemark>
	<Placemark id="052F74D7EF2A045B3FAE">
		<name>LT142-SG-2276-0100-35+105</name>
		<Camera>
			<gx:ViewerOptions>
				<gx:option name="streetview"></gx:option>
				<gx:streetViewPanoId>rX_FJbal2xDy3sYG8r2e8w</gx:streetViewPanoId>
			</gx:ViewerOptions>
			<longitude>104.6664793716619</longitude>
			<latitude>17.08879649356046</latitude>
			<altitude>164.4292297363281</altitude>
			<heading>96.01603383476017</heading>
			<tilt>74.61883130261215</tilt>
			<roll>0</roll>
			<gx:fovy>59.99999999999999</gx:fovy>
			<altitudeMode>absolute</altitudeMode>
		</Camera>
		<styleUrl>#__managed_style_0A6B76B15B2A0E750C46</styleUrl>
		<Point>
			<altitudeMode>relativeToGround</altitudeMode>
			<coordinates>104.6664950498032,17.08882173193439,0</coordinates>
		</Point>
	</Placemark>
	<Placemark id="0D0C1747072A045C0432">
		<name>LT143-SG-2276-0100-35+150</name>
		<Camera>
			<gx:ViewerOptions>
				<gx:option name="streetview"></gx:option>
				<gx:streetViewPanoId>gHHnNN8gWVpVuxZL4mePaQ</gx:streetViewPanoId>
			</gx:ViewerOptions>
			<longitude>104.666818156543</longitude>
			<latitude>17.08847381480218</latitude>
			<altitude>164.5738677978516</altitude>
			<heading>66.78292437354233</heading>
			<tilt>64.6349942652764</tilt>
			<roll>0</roll>
			<gx:fovy>59.99999999999999</gx:fovy>
			<altitudeMode>absolute</altitudeMode>
		</Camera>
		<styleUrl>#__managed_style_0A6B76B15B2A0E750C46</styleUrl>
		<Point>
			<altitudeMode>relativeToGround</altitudeMode>
			<coordinates>104.6668170467033,17.08850998693817,0</coordinates>
		</Point>
	</Placemark>
	<Placemark id="08D365CE1D2A045CB4EB">
		<name>LT144-SG-2276-0100-35+195</name>
		<Camera>
			<gx:ViewerOptions>
				<gx:option name="streetview"></gx:option>
				<gx:streetViewPanoId>K-RId6ifPD9yUxwjudMOZQ</gx:streetViewPanoId>
			</gx:ViewerOptions>
			<longitude>104.6670896832024</longitude>
			<latitude>17.08821707695665</latitude>
			<altitude>164.6272888183594</altitude>
			<heading>101.1754506871216</heading>
			<tilt>67.74347328437156</tilt>
			<roll>0</roll>
			<gx:fovy>59.99999999999999</gx:fovy>
			<altitudeMode>absolute</altitudeMode>
		</Camera>
		<styleUrl>#__managed_style_0A6B76B15B2A0E750C46</styleUrl>
		<Point>
			<altitudeMode>relativeToGround</altitudeMode>
			<coordinates>104.6670992091143,17.08824216865463,0</coordinates>
		</Point>
	</Placemark>
	<Placemark id="068B501FB82A045DEBD1">
		<name>LT145-SG-2276-0100-35+285</name>
		<Camera>
			<gx:ViewerOptions>
				<gx:option name="streetview"></gx:option>
				<gx:streetViewPanoId>SAlTY_jqyb9TI3IT-XDchw</gx:streetViewPanoId>
			</gx:ViewerOptions>
			<longitude>104.6676975060942</longitude>
			<latitude>17.08763476903555</latitude>
			<altitude>164.5357818603516</altitude>
			<heading>75.40553365024589</heading>
			<tilt>65.67622850199125</tilt>
			<roll>0</roll>
			<gx:fovy>59.99999999999999</gx:fovy>
			<altitudeMode>absolute</altitudeMode>
		</Camera>
		<styleUrl>#__managed_style_0A6B76B15B2A0E750C46</styleUrl>
		<Point>
			<altitudeMode>relativeToGround</altitudeMode>
			<coordinates>104.667717432943,17.08765566855493,0</coordinates>
		</Point>
	</Placemark>
	<Placemark id="08FA7CA8D72A045F83C2">
		<name>LT146-SG-2276-0100-35+330</name>
		<Camera>
			<gx:ViewerOptions>
				<gx:option name="streetview"></gx:option>
				<gx:streetViewPanoId>QL4EPRVPKQ7CnbKyjlZSWw</gx:streetViewPanoId>
			</gx:ViewerOptions>
			<longitude>104.6679988383905</longitude>
			<latitude>17.08733444512864</latitude>
			<altitude>164.4397583007812</altitude>
			<heading>112.0620455640762</heading>
			<tilt>82.44897261940444</tilt>
			<roll>0</roll>
			<gx:fovy>59.99999999999999</gx:fovy>
			<altitudeMode>absolute</altitudeMode>
		</Camera>
		<styleUrl>#__managed_style_0A6B76B15B2A0E750C46</styleUrl>
		<Point>
			<altitudeMode>relativeToGround</altitudeMode>
			<coordinates>104.6680231729345,17.08733482578215,0</coordinates>
		</Point>
	</Placemark>
	<Placemark id="037ED48FFC2A0461A54D">
		<name>LT147-SG-2276-0100-35+375</name>
		<Camera>
			<gx:ViewerOptions>
				<gx:option name="streetview"></gx:option>
				<gx:streetViewPanoId>yL9e4IGLyzZVZ2AyByVMEA</gx:streetViewPanoId>
			</gx:ViewerOptions>
			<longitude>104.6682169866173</longitude>
			<latitude>17.08706669178155</latitude>
			<altitude>164.2610321044922</altitude>
			<heading>109.1871956395675</heading>
			<tilt>64.82547713201879</tilt>
			<roll>0</roll>
			<gx:fovy>59.99999999999999</gx:fovy>
			<altitudeMode>absolute</altitudeMode>
		</Camera>
		<styleUrl>#__managed_style_0A6B76B15B2A0E750C46</styleUrl>
		<Point>
			<altitudeMode>relativeToGround</altitudeMode>
			<coordinates>104.6682368492098,17.08707140706839,0</coordinates>
		</Point>
	</Placemark>
	<Placemark id="09D05E8C4A2A04627210">
		<name>LT148-SG-2276-0100-35+420</name>
		<Camera>
			<gx:ViewerOptions>
				<gx:option name="streetview"></gx:option>
				<gx:streetViewPanoId>efKbuWHiDMaC_TSezOnRlw</gx:streetViewPanoId>
			</gx:ViewerOptions>
			<longitude>104.668509690069</longitude>
			<latitude>17.08669748267738</latitude>
			<altitude>164.0778503417969</altitude>
			<heading>60.11888877682681</heading>
			<tilt>56.04581911191805</tilt>
			<roll>0</roll>
			<gx:fovy>59.99999999999999</gx:fovy>
			<altitudeMode>absolute</altitudeMode>
		</Camera>
		<styleUrl>#__managed_style_0A6B76B15B2A0E750C46</styleUrl>
		<Point>
			<altitudeMode>relativeToGround</altitudeMode>
			<coordinates>104.6685246127815,17.08670535030308,0</coordinates>
		</Point>
	</Placemark>
	<Placemark id="05F833E89D2A0463B9AC">
		<name>LT149-SG-2276-0100-35+465</name>
		<Camera>
			<gx:ViewerOptions>
				<gx:option name="streetview"></gx:option>
				<gx:streetViewPanoId>Svp6bdNsATVYLwMlDI_6ow</gx:streetViewPanoId>
			</gx:ViewerOptions>
			<longitude>104.6687428745872</longitude>
			<latitude>17.08640471915427</latitude>
			<altitude>163.9264373779297</altitude>
			<heading>116.3133188350872</heading>
			<tilt>71.63250794378433</tilt>
			<roll>0</roll>
			<gx:fovy>59.99999999999999</gx:fovy>
			<altitudeMode>absolute</altitudeMode>
		</Camera>
		<styleUrl>#__managed_style_0A6B76B15B2A0E750C46</styleUrl>
		<Point>
			<altitudeMode>relativeToGround</altitudeMode>
			<coordinates>104.6687670681425,17.08639877234996,0</coordinates>
		</Point>
	</Placemark>
	<Placemark id="03A61FDF682A046486A2">
		<name>LT150-SG-2275-0100-35+510</name>
		<Camera>
			<gx:ViewerOptions>
				<gx:option name="streetview"></gx:option>
				<gx:streetViewPanoId>SYzmhVr31EQdBLiaGCezHg</gx:streetViewPanoId>
			</gx:ViewerOptions>
			<longitude>104.6689797961153</longitude>
			<latitude>17.08603715152494</latitude>
			<altitude>163.6006622314453</altitude>
			<heading>50.68321368813657</heading>
			<tilt>54.00867735098347</tilt>
			<roll>0</roll>
			<gx:fovy>59.99999999999999</gx:fovy>
			<altitudeMode>absolute</altitudeMode>
		</Camera>
		<styleUrl>#__managed_style_0A6B76B15B2A0E750C46</styleUrl>
		<Point>
			<altitudeMode>relativeToGround</altitudeMode>
			<coordinates>104.6689948589617,17.08608480352098,0</coordinates>
		</Point>
	</Placemark>
	<Placemark id="05CBB47E452A04657ABA">
		<name>LT151-SG-2276-0100-35+555</name>
		<Camera>
			<gx:ViewerOptions>
				<gx:option name="streetview"></gx:option>
				<gx:streetViewPanoId>I3CptdUMWKC_2_Wuluw5SA</gx:streetViewPanoId>
			</gx:ViewerOptions>
			<longitude>104.6691862019513</longitude>
			<latitude>17.08574917033215</latitude>
			<altitude>163.0801696777344</altitude>
			<heading>86.82766081567728</heading>
			<tilt>87.61062369184557</tilt>
			<roll>0</roll>
			<gx:fovy>59.99999999999999</gx:fovy>
			<altitudeMode>absolute</altitudeMode>
		</Camera>
		<styleUrl>#__managed_style_0A6B76B15B2A0E750C46</styleUrl>
		<Point>
			<altitudeMode>relativeToGround</altitudeMode>
			<coordinates>104.6692333636229,17.08576026560598,0</coordinates>
		</Point>
	</Placemark>
	<Placemark id="03173267012A04667EF5">
		<name>LT152-SG-2276-0100-35+600</name>
		<Camera>
			<gx:ViewerOptions>
				<gx:option name="streetview"></gx:option>
				<gx:streetViewPanoId>K5B4zk7EH4Hz2qZgEPJA_A</gx:streetViewPanoId>
			</gx:ViewerOptions>
			<longitude>104.6694535513032</longitude>
			<latitude>17.08537875218865</latitude>
			<altitude>161.9905395507812</altitude>
			<heading>73.4710190016567</heading>
			<tilt>74.91502805699486</tilt>
			<roll>0</roll>
			<gx:fovy>59.99999999999999</gx:fovy>
			<altitudeMode>absolute</altitudeMode>
		</Camera>
		<styleUrl>#__managed_style_0A6B76B15B2A0E750C46</styleUrl>
		<Point>
			<altitudeMode>relativeToGround</altitudeMode>
			<coordinates>104.6694903323483,17.08541655643004,0</coordinates>
		</Point>
	</Placemark>
	<Placemark id="0E0EAC7DE62A04671600">
		<name>LT153-SG-2276-0100-35+645</name>
		<Camera>
			<gx:ViewerOptions>
				<gx:option name="streetview"></gx:option>
				<gx:streetViewPanoId>w9akUwGFqhaSKpa9yNsF1Q</gx:streetViewPanoId>
			</gx:ViewerOptions>
			<longitude>104.6696731250969</longitude>
			<latitude>17.08507495105167</latitude>
			<altitude>160.9583587646484</altitude>
			<heading>89.95825303956381</heading>
			<tilt>85.88046955781499</tilt>
			<roll>0</roll>
			<gx:fovy>59.99999999999999</gx:fovy>
			<altitudeMode>absolute</altitudeMode>
		</Camera>
		<styleUrl>#__managed_style_0A6B76B15B2A0E750C46</styleUrl>
		<Point>
			<altitudeMode>relativeToGround</altitudeMode>
			<coordinates>104.6697151548131,17.08510561633351,0</coordinates>
		</Point>
	</Placemark>
	<Placemark id="0A70590E172A0467C88C">
		<name>LT154-SG-2276-0100-35+690</name>
		<Camera>
			<gx:ViewerOptions>
				<gx:option name="streetview"></gx:option>
				<gx:streetViewPanoId>EPsXJ7NfvmrIPqBOmQPyyg</gx:streetViewPanoId>
			</gx:ViewerOptions>
			<longitude>104.6699410980788</longitude>
			<latitude>17.08469780919419</latitude>
			<altitude>159.3961639404297</altitude>
			<heading>57.14903659361681</heading>
			<tilt>86.0726658772499</tilt>
			<roll>0</roll>
			<gx:fovy>59.99999999999999</gx:fovy>
			<altitudeMode>absolute</altitudeMode>
		</Camera>
		<styleUrl>#__managed_style_0A6B76B15B2A0E750C46</styleUrl>
		<Point>
			<altitudeMode>relativeToGround</altitudeMode>
			<coordinates>104.6699804025906,17.08476793510688,0</coordinates>
		</Point>
	</Placemark>
	<Placemark id="0C6566A2072A0E94C083">
		<name>LT3-SG-2276-0100-</name>
		<LookAt>
			<longitude>104.5262973182462</longitude>
			<latitude>17.19887787129093</latitude>
			<altitude>164.5574588070863</altitude>
			<heading>138.7021584920399</heading>
			<tilt>0</tilt>
			<gx:fovy>35.00001874375001</gx:fovy>
			<range>219.0000836338004</range>
			<altitudeMode>absolute</altitudeMode>
		</LookAt>
		<styleUrl>#__managed_style_0A6B76B15B2A0E750C46</styleUrl>
		<Point>
			<coordinates>104.5265009267021,17.19832027119779,165.4764598267188</coordinates>
		</Point>
	</Placemark>
</Document>
</kml>
