<?xml version="1.0" encoding="UTF-8"?>
<kml xmlns="http://www.opengis.net/kml/2.2" xmlns:gx="http://www.google.com/kml/ext/2.2" xmlns:kml="http://www.opengis.net/kml/2.2" xmlns:atom="http://www.w3.org/2005/Atom">
<Document>
	<name>2185</name>
	<gx:CascadingStyle kml:id="__managed_style_2BE017F0082A01D8276C">
		<Style>
			<IconStyle>
				<scale>1.2</scale>
				<Icon>
					<href>https://earth.google.com/earth/rpc/cc/icon?color=1976d2&amp;id=2000&amp;scale=4</href>
				</Icon>
				<hotSpot x="64" y="128" xunits="pixels" yunits="insetPixels"/>
			</IconStyle>
			<LabelStyle>
			</LabelStyle>
			<LineStyle>
				<color>ff2dc0fb</color>
				<width>4.8</width>
			</LineStyle>
			<PolyStyle>
				<color>40ffffff</color>
			</PolyStyle>
			<BalloonStyle>
				<displayMode>hide</displayMode>
			</BalloonStyle>
		</Style>
	</gx:CascadingStyle>
	<gx:CascadingStyle kml:id="__managed_style_1F592349242A01D8276C">
		<Style>
			<IconStyle>
				<Icon>
					<href>https://earth.google.com/earth/rpc/cc/icon?color=1976d2&amp;id=2000&amp;scale=4</href>
				</Icon>
				<hotSpot x="64" y="128" xunits="pixels" yunits="insetPixels"/>
			</IconStyle>
			<LabelStyle>
			</LabelStyle>
			<LineStyle>
				<color>ff2dc0fb</color>
				<width>3.2</width>
			</LineStyle>
			<PolyStyle>
				<color>40ffffff</color>
			</PolyStyle>
			<BalloonStyle>
				<displayMode>hide</displayMode>
			</BalloonStyle>
		</Style>
	</gx:CascadingStyle>
	<StyleMap id="__managed_style_009937D4AC2A01D8276C">
		<Pair>
			<key>normal</key>
			<styleUrl>#__managed_style_1F592349242A01D8276C</styleUrl>
		</Pair>
		<Pair>
			<key>highlight</key>
			<styleUrl>#__managed_style_2BE017F0082A01D8276C</styleUrl>
		</Pair>
	</StyleMap>
	<Placemark id="05C52B02F329F771B803">
		<name>LT1-SG-2185-0200-7+567</name>
		<Camera>
			<gx:ViewerOptions>
				<gx:option name="streetview"></gx:option>
				<gx:streetViewPanoId>MpwDfncm5y83URJcnhBxxw</gx:streetViewPanoId>
			</gx:ViewerOptions>
			<longitude>104.0404102070993</longitude>
			<latitude>17.55248230114087</latitude>
			<altitude>154.7210540771484</altitude>
			<heading>346.1149912394748</heading>
			<tilt>62.77484975324381</tilt>
			<roll>0</roll>
			<gx:fovy>15</gx:fovy>
			<altitudeMode>absolute</altitudeMode>
		</Camera>
		<styleUrl>#__managed_style_009937D4AC2A01D8276C</styleUrl>
		<Point>
			<altitudeMode>relativeToGround</altitudeMode>
			<coordinates>104.0403889579838,17.55253138676974,0</coordinates>
		</Point>
	</Placemark>
	<Placemark id="08781BF63429F774B0A1">
		<name>LT2-SG-2185-0200-7+604</name>
		<Camera>
			<gx:ViewerOptions>
				<gx:option name="streetview"></gx:option>
				<gx:streetViewPanoId>RWqoTd5bXDoq5-B54p1UQA</gx:streetViewPanoId>
			</gx:ViewerOptions>
			<longitude>104.0407892666372</longitude>
			<latitude>17.55243104038829</latitude>
			<altitude>155.0330963134766</altitude>
			<heading>52.30628558886205</heading>
			<tilt>70.69588066300372</tilt>
			<roll>0</roll>
			<gx:fovy>15</gx:fovy>
			<altitudeMode>absolute</altitudeMode>
		</Camera>
		<styleUrl>#__managed_style_009937D4AC2A01D8276C</styleUrl>
		<Point>
			<altitudeMode>relativeToGround</altitudeMode>
			<coordinates>104.0408312326172,17.55245990581828,0</coordinates>
		</Point>
	</Placemark>
	<Placemark id="0C5FEA9D0E29F7752FCE">
		<name>LT3-SG-2185-0200-7+641</name>
		<Camera>
			<gx:ViewerOptions>
				<gx:option name="streetview"></gx:option>
				<gx:streetViewPanoId>8Ag-slOps5h08HgEBhRtyA</gx:streetViewPanoId>
			</gx:ViewerOptions>
			<longitude>104.0411660239587</longitude>
			<latitude>17.55238109174919</latitude>
			<altitude>155.5442047119141</altitude>
			<heading>14.0547807557935</heading>
			<tilt>76.36976589180206</tilt>
			<roll>0</roll>
			<gx:fovy>15</gx:fovy>
			<altitudeMode>absolute</altitudeMode>
		</Camera>
		<styleUrl>#__managed_style_009937D4AC2A01D8276C</styleUrl>
		<Point>
			<altitudeMode>relativeToGround</altitudeMode>
			<coordinates>104.0411721068074,17.55241326707012,0</coordinates>
		</Point>
	</Placemark>
	<Placemark id="0A23B0FDC529F7E2E7D9">
		<name>LT4-SG-2185-0200-7+678</name>
		<Camera>
			<gx:ViewerOptions>
				<gx:option name="streetview"></gx:option>
				<gx:streetViewPanoId>Ao6XuUws8VBhPWGMTITj-A</gx:streetViewPanoId>
			</gx:ViewerOptions>
			<longitude>104.0415525268244</longitude>
			<latitude>17.55232655872895</latitude>
			<altitude>156.2052459716797</altitude>
			<heading>320.9042052523315</heading>
			<tilt>81.23437792322915</tilt>
			<roll>0</roll>
			<gx:fovy>15</gx:fovy>
			<altitudeMode>absolute</altitudeMode>
		</Camera>
		<styleUrl>#__managed_style_009937D4AC2A01D8276C</styleUrl>
		<Point>
			<altitudeMode>relativeToGround</altitudeMode>
			<coordinates>104.0415243656025,17.55235833898723,0</coordinates>
		</Point>
	</Placemark>
	<Placemark id="00CB4285BC29F7E36FD5">
		<name>LT5-SG-2185-0200-7+715</name>
		<Camera>
			<gx:ViewerOptions>
				<gx:option name="streetview"></gx:option>
				<gx:streetViewPanoId>jH5GdzMiDNYW3jVJ-cDqDQ</gx:streetViewPanoId>
			</gx:ViewerOptions>
			<longitude>104.041744405564</longitude>
			<latitude>17.55229749335321</latitude>
			<altitude>156.48506164581</altitude>
			<heading>63.46530649850519</heading>
			<tilt>79.32818543378666</tilt>
			<roll>0</roll>
			<gx:fovy>15</gx:fovy>
			<altitudeMode>absolute</altitudeMode>
		</Camera>
		<styleUrl>#__managed_style_009937D4AC2A01D8276C</styleUrl>
		<Point>
			<altitudeMode>relativeToGround</altitudeMode>
			<coordinates>104.0418040544471,17.55233599196988,0</coordinates>
		</Point>
	</Placemark>
	<Placemark id="0D0EDA08C529F7E4627B">
		<name>LT6-SG-2185-0200-7+752</name>
		<Camera>
			<gx:ViewerOptions>
				<gx:option name="streetview"></gx:option>
				<gx:streetViewPanoId>nxvRCVaiaBFyNL_Q-AtN0w</gx:streetViewPanoId>
			</gx:ViewerOptions>
			<longitude>104.0420299209081</longitude>
			<latitude>17.55225639914308</latitude>
			<altitude>156.9712371824907</altitude>
			<heading>64.0021255857264</heading>
			<tilt>81.6805376358482</tilt>
			<roll>0</roll>
			<gx:fovy>15</gx:fovy>
			<altitudeMode>absolute</altitudeMode>
		</Camera>
		<styleUrl>#__managed_style_009937D4AC2A01D8276C</styleUrl>
		<Point>
			<altitudeMode>relativeToGround</altitudeMode>
			<coordinates>104.0421153652832,17.55230243449158,0</coordinates>
		</Point>
	</Placemark>
	<Placemark id="0B407D45DB29F858B5D2">
		<name>LT7-SG-2185-0200-7+789</name>
		<Camera>
			<gx:ViewerOptions>
				<gx:option name="streetview"></gx:option>
				<gx:streetViewPanoId>k8UmZGOHIXMB8miXOxCKEA</gx:streetViewPanoId>
			</gx:ViewerOptions>
			<longitude>104.0423666401887</longitude>
			<latitude>17.55222009393256</latitude>
			<altitude>157.4833221435547</altitude>
			<heading>44.54122892130899</heading>
			<tilt>73.81780483662847</tilt>
			<roll>0</roll>
			<gx:fovy>15</gx:fovy>
			<altitudeMode>absolute</altitudeMode>
		</Camera>
		<styleUrl>#__managed_style_009937D4AC2A01D8276C</styleUrl>
		<Point>
			<altitudeMode>relativeToGround</altitudeMode>
			<coordinates>104.0424181303941,17.55227018509495,0</coordinates>
		</Point>
	</Placemark>
	<Placemark id="0001822A8829F8598C3B">
		<name>LT8-SG-2185-0200-7+826</name>
		<Camera>
			<gx:ViewerOptions>
				<gx:option name="streetview"></gx:option>
				<gx:streetViewPanoId>_YnXIocr1P8WZBfdzHbWbw</gx:streetViewPanoId>
			</gx:ViewerOptions>
			<longitude>104.0427448191649</longitude>
			<latitude>17.55217789431574</latitude>
			<altitude>158.0564575195312</altitude>
			<heading>337.4985052058083</heading>
			<tilt>71.28670242665595</tilt>
			<roll>0</roll>
			<gx:fovy>15</gx:fovy>
			<altitudeMode>absolute</altitudeMode>
		</Camera>
		<styleUrl>#__managed_style_009937D4AC2A01D8276C</styleUrl>
		<Point>
			<altitudeMode>relativeToGround</altitudeMode>
			<coordinates>104.0427263628785,17.55221754580255,0</coordinates>
		</Point>
	</Placemark>
	<Placemark id="0CC5976F7029F85A0DA8">
		<name>LT9-SG-2185-0200-7+863</name>
		<Camera>
			<gx:ViewerOptions>
				<gx:option name="streetview"></gx:option>
				<gx:streetViewPanoId>JzrDmgXuuz6sy7Clg_cdWQ</gx:streetViewPanoId>
			</gx:ViewerOptions>
			<longitude>104.0430248441266</longitude>
			<latitude>17.55214760682132</latitude>
			<altitude>158.4168090820312</altitude>
			<heading>334.6201063182704</heading>
			<tilt>78.45569368557881</tilt>
			<roll>0</roll>
			<gx:fovy>19.08853167732013</gx:fovy>
			<altitudeMode>absolute</altitudeMode>
		</Camera>
		<styleUrl>#__managed_style_009937D4AC2A01D8276C</styleUrl>
		<Point>
			<altitudeMode>relativeToGround</altitudeMode>
			<coordinates>104.0430077120263,17.55217968963056,0</coordinates>
		</Point>
	</Placemark>
	<Placemark id="0CD866976229F85B4E8E">
		<name>LT10-SG-2185-0200-7+900</name>
		<Camera>
			<gx:ViewerOptions>
				<gx:option name="streetview"></gx:option>
				<gx:streetViewPanoId>H4WsJ__hQ_9A-c2D1QKsCw</gx:streetViewPanoId>
			</gx:ViewerOptions>
			<longitude>104.0433536814958</longitude>
			<latitude>17.55210321865708</latitude>
			<altitude>158.9954528808594</altitude>
			<heading>349.2893393241668</heading>
			<tilt>80.84153830733395</tilt>
			<roll>0</roll>
			<gx:fovy>16.45886874223171</gx:fovy>
			<altitudeMode>absolute</altitudeMode>
		</Camera>
		<styleUrl>#__managed_style_009937D4AC2A01D8276C</styleUrl>
		<Point>
			<altitudeMode>relativeToGround</altitudeMode>
			<coordinates>104.0433432755516,17.55213724358486,0</coordinates>
		</Point>
	</Placemark>
	<Placemark id="0F12D8AF6F29F85BE3F4">
		<name>LT11-SG-2185-0200-7+937</name>
		<Camera>
			<gx:ViewerOptions>
				<gx:option name="streetview"></gx:option>
				<gx:streetViewPanoId>K6UX3ECZlkHHOXq9Lr_IHg</gx:streetViewPanoId>
			</gx:ViewerOptions>
			<longitude>104.0436366310803</longitude>
			<latitude>17.55206574848958</latitude>
			<altitude>159.5099639892578</altitude>
			<heading>29.49283515068364</heading>
			<tilt>83.6142200619813</tilt>
			<roll>0</roll>
			<gx:fovy>29.74576491571671</gx:fovy>
			<altitudeMode>absolute</altitudeMode>
		</Camera>
		<styleUrl>#__managed_style_009937D4AC2A01D8276C</styleUrl>
		<Point>
			<altitudeMode>relativeToGround</altitudeMode>
			<coordinates>104.0436534987822,17.55209474254011,0</coordinates>
		</Point>
	</Placemark>
	<Placemark id="0FEF3E9ACA29F85C626D">
		<name>LT12-SG-2185-0200-7+974</name>
		<Camera>
			<gx:ViewerOptions>
				<gx:option name="streetview"></gx:option>
				<gx:streetViewPanoId>Za_fOpPxGaXjKnJMFhUq9w</gx:streetViewPanoId>
			</gx:ViewerOptions>
			<longitude>104.0439197584144</longitude>
			<latitude>17.55202976536504</latitude>
			<altitude>160.0515441894531</altitude>
			<heading>35.21122433624051</heading>
			<tilt>77.88320759861584</tilt>
			<roll>0</roll>
			<gx:fovy>15</gx:fovy>
			<altitudeMode>absolute</altitudeMode>
		</Camera>
		<styleUrl>#__managed_style_009937D4AC2A01D8276C</styleUrl>
		<Point>
			<altitudeMode>relativeToGround</altitudeMode>
			<coordinates>104.043933577282,17.5520483270343,0</coordinates>
		</Point>
	</Placemark>
	<Placemark id="0F9DDD52AA29F85CD2DA">
		<name>LT13-SG-2185-0200-8+011</name>
		<Camera>
			<gx:ViewerOptions>
				<gx:option name="streetview"></gx:option>
				<gx:streetViewPanoId>DmAR3oWFJ9U7kf2lmin2qg</gx:streetViewPanoId>
			</gx:ViewerOptions>
			<longitude>104.0442990932455</longitude>
			<latitude>17.5519767137143</latitude>
			<altitude>160.6986236572266</altitude>
			<heading>322.6556199439587</heading>
			<tilt>79.66321768200018</tilt>
			<roll>0</roll>
			<gx:fovy>15</gx:fovy>
			<altitudeMode>absolute</altitudeMode>
		</Camera>
		<styleUrl>#__managed_style_009937D4AC2A01D8276C</styleUrl>
		<Point>
			<altitudeMode>relativeToGround</altitudeMode>
			<coordinates>104.0442769866184,17.55200599745498,0</coordinates>
		</Point>
	</Placemark>
	<Placemark id="09E42E29E229F85FFF83">
		<name>LT114-SG-2185-0200-8+048</name>
		<Camera>
			<gx:ViewerOptions>
				<gx:option name="streetview"></gx:option>
				<gx:streetViewPanoId>y8t-2yTsYYwO_YxHuFOX3w</gx:streetViewPanoId>
			</gx:ViewerOptions>
			<longitude>104.0445839936933</longitude>
			<latitude>17.55193716056243</latitude>
			<altitude>161.2343292236328</altitude>
			<heading>323.4458647472948</heading>
			<tilt>76.88605349725279</tilt>
			<roll>0</roll>
			<gx:fovy>15</gx:fovy>
			<altitudeMode>absolute</altitudeMode>
		</Camera>
		<styleUrl>#__managed_style_009937D4AC2A01D8276C</styleUrl>
		<Point>
			<altitudeMode>relativeToGround</altitudeMode>
			<coordinates>104.0445603966765,17.55196926632531,0</coordinates>
		</Point>
	</Placemark>
	<Placemark id="08D8AF473429F860A435">
		<name>LT115-SG-2185-0200-8+085</name>
		<Camera>
			<gx:ViewerOptions>
				<gx:option name="streetview"></gx:option>
				<gx:streetViewPanoId>N1YGPf-sAuOEg0N1pK8TaA</gx:streetViewPanoId>
			</gx:ViewerOptions>
			<longitude>104.0449159353399</longitude>
			<latitude>17.55188725195239</latitude>
			<altitude>161.8284759521484</altitude>
			<heading>339.6670589535992</heading>
			<tilt>75.03710004699458</tilt>
			<roll>0</roll>
			<gx:fovy>15</gx:fovy>
			<altitudeMode>absolute</altitudeMode>
		</Camera>
		<styleUrl>#__managed_style_009937D4AC2A01D8276C</styleUrl>
		<Point>
			<altitudeMode>relativeToGround</altitudeMode>
			<coordinates>104.0449082502245,17.55190932718145,0</coordinates>
		</Point>
	</Placemark>
	<Placemark id="07A4CF4B8329F8611DAE">
		<name>LT116-SG-2185-0200-8+122</name>
		<Camera>
			<gx:ViewerOptions>
				<gx:option name="streetview"></gx:option>
				<gx:streetViewPanoId>4jRqRAV7zRk_m69rYakE7w</gx:streetViewPanoId>
			</gx:ViewerOptions>
			<longitude>104.0453185717826</longitude>
			<latitude>17.55178266323351</latitude>
			<altitude>162.6141357421875</altitude>
			<heading>2.801989435746624</heading>
			<tilt>84.97429651792838</tilt>
			<roll>0</roll>
			<gx:fovy>16.08158761875589</gx:fovy>
			<altitudeMode>absolute</altitudeMode>
		</Camera>
		<styleUrl>#__managed_style_009937D4AC2A01D8276C</styleUrl>
		<Point>
			<altitudeMode>relativeToGround</altitudeMode>
			<coordinates>104.0453239233799,17.55183628700907,0</coordinates>
		</Point>
	</Placemark>
	<Placemark id="0428B9FF8829F861F23E">
		<name>LT17-SG-2185-0200-8+159</name>
		<Camera>
			<gx:ViewerOptions>
				<gx:option name="streetview"></gx:option>
				<gx:streetViewPanoId>IKRgFym9bi3m7HUCHg_alA</gx:streetViewPanoId>
			</gx:ViewerOptions>
			<longitude>104.0456910004518</longitude>
			<latitude>17.55171960469543</latitude>
			<altitude>162.9800109863281</altitude>
			<heading>59.77497921643811</heading>
			<tilt>87.54328768039905</tilt>
			<roll>0</roll>
			<gx:fovy>15</gx:fovy>
			<altitudeMode>absolute</altitudeMode>
		</Camera>
		<styleUrl>#__managed_style_009937D4AC2A01D8276C</styleUrl>
		<Point>
			<altitudeMode>relativeToGround</altitudeMode>
			<coordinates>104.0457819842399,17.55175717231489,0</coordinates>
		</Point>
	</Placemark>
	<Placemark id="0E29121D7C29F862B21D">
		<name>LT18-SG-2185-0200-8+196</name>
		<Camera>
			<gx:ViewerOptions>
				<gx:option name="streetview"></gx:option>
				<gx:streetViewPanoId>LtzUip5VsNWqqH-ZCZ8fjw</gx:streetViewPanoId>
			</gx:ViewerOptions>
			<longitude>104.046103826921</longitude>
			<latitude>17.55168682014228</latitude>
			<altitude>162.8917999267578</altitude>
			<heading>68.53836413285129</heading>
			<tilt>74.56892131831778</tilt>
			<roll>0</roll>
			<gx:fovy>15</gx:fovy>
			<altitudeMode>absolute</altitudeMode>
		</Camera>
		<styleUrl>#__managed_style_009937D4AC2A01D8276C</styleUrl>
		<Point>
			<altitudeMode>relativeToGround</altitudeMode>
			<coordinates>104.0461615294766,17.55170515620826,0</coordinates>
		</Point>
	</Placemark>
	<Placemark id="0F46D8E26729F863374A">
		<name>LT19-SG-2185-0200-8+233</name>
		<Camera>
			<gx:ViewerOptions>
				<gx:option name="streetview"></gx:option>
				<gx:streetViewPanoId>XOucGYBtKWd7YO9xkPqLqg</gx:streetViewPanoId>
			</gx:ViewerOptions>
			<longitude>104.0465813251527</longitude>
			<latitude>17.55160781859387</latitude>
			<altitude>162.7297668457031</altitude>
			<heading>326.8683247919944</heading>
			<tilt>74.55957222882317</tilt>
			<roll>0</roll>
			<gx:fovy>15</gx:fovy>
			<altitudeMode>absolute</altitudeMode>
		</Camera>
		<styleUrl>#__managed_style_009937D4AC2A01D8276C</styleUrl>
		<Point>
			<altitudeMode>relativeToGround</altitudeMode>
			<coordinates>104.0465662893165,17.55162246162448,0</coordinates>
		</Point>
	</Placemark>
	<Placemark id="040A07123729F863AC9A">
		<name>LT20-SG-2185-0200-8+270</name>
		<Camera>
			<gx:ViewerOptions>
				<gx:option name="streetview"></gx:option>
				<gx:streetViewPanoId>D9embvaQjE3OyO1k8GHONw</gx:streetViewPanoId>
			</gx:ViewerOptions>
			<longitude>104.0470070884032</longitude>
			<latitude>17.55154559818245</latitude>
			<altitude>162.3711547851562</altitude>
			<heading>346.2934221279122</heading>
			<tilt>79.89135582680197</tilt>
			<roll>0</roll>
			<gx:fovy>17.28086615454945</gx:fovy>
			<altitudeMode>absolute</altitudeMode>
		</Camera>
		<styleUrl>#__managed_style_009937D4AC2A01D8276C</styleUrl>
		<Point>
			<altitudeMode>relativeToGround</altitudeMode>
			<coordinates>104.0469983840227,17.55157275910375,0</coordinates>
		</Point>
	</Placemark>
	<Placemark id="032E36D05129F8645402">
		<name>LT21-SG-2185-0200-8+307</name>
		<Camera>
			<gx:ViewerOptions>
				<gx:option name="streetview"></gx:option>
				<gx:streetViewPanoId>uI3wo3Ci1R0qyMh5Ri8W8w</gx:streetViewPanoId>
			</gx:ViewerOptions>
			<longitude>104.0472932346376</longitude>
			<latitude>17.55150586369001</latitude>
			<altitude>162.2747650146484</altitude>
			<heading>26.58750646150195</heading>
			<tilt>74.69877913553651</tilt>
			<roll>0</roll>
			<gx:fovy>15</gx:fovy>
			<altitudeMode>absolute</altitudeMode>
		</Camera>
		<styleUrl>#__managed_style_009937D4AC2A01D8276C</styleUrl>
		<Point>
			<altitudeMode>relativeToGround</altitudeMode>
			<coordinates>104.047306571996,17.55153596546111,0</coordinates>
		</Point>
	</Placemark>
	<Placemark id="0858B7FD6429F864C06B">
		<name>LT22-SG-2185-0200-8+344</name>
		<Camera>
			<gx:ViewerOptions>
				<gx:option name="streetview"></gx:option>
				<gx:streetViewPanoId>mbDAQZ9t6XKmmha9tQyQWw</gx:streetViewPanoId>
			</gx:ViewerOptions>
			<longitude>104.0476772739259</longitude>
			<latitude>17.55145246781764</latitude>
			<altitude>162.2185516357422</altitude>
			<heading>310.6151531787688</heading>
			<tilt>81.99333696750865</tilt>
			<roll>0</roll>
			<gx:fovy>15</gx:fovy>
			<altitudeMode>absolute</altitudeMode>
		</Camera>
		<styleUrl>#__managed_style_009937D4AC2A01D8276C</styleUrl>
		<Point>
			<altitudeMode>relativeToGround</altitudeMode>
			<coordinates>104.0476294042897,17.55149471745708,0</coordinates>
		</Point>
	</Placemark>
	<Placemark id="0BCDAEA5D229F8652E38">
		<name>LT23-SG-2185-0200-8+381</name>
		<Camera>
			<gx:ViewerOptions>
				<gx:option name="streetview"></gx:option>
				<gx:streetViewPanoId>FsMJMZEMYQF7Hyzuadizbw</gx:streetViewPanoId>
			</gx:ViewerOptions>
			<longitude>104.0479674081135</longitude>
			<latitude>17.5514148281708</latitude>
			<altitude>162.0973205566406</altitude>
			<heading>321.418631189071</heading>
			<tilt>78.02055171555313</tilt>
			<roll>0</roll>
			<gx:fovy>15</gx:fovy>
			<altitudeMode>absolute</altitudeMode>
		</Camera>
		<styleUrl>#__managed_style_009937D4AC2A01D8276C</styleUrl>
		<Point>
			<altitudeMode>relativeToGround</altitudeMode>
			<coordinates>104.0479275858042,17.55145753253689,0</coordinates>
		</Point>
	</Placemark>
	<Placemark id="0B76D3D67029F865978E">
		<name>LT24-SG-2185-0200-8+418</name>
		<Camera>
			<gx:ViewerOptions>
				<gx:option name="streetview"></gx:option>
				<gx:streetViewPanoId>Iox8mI-8G1PkwyN5ELWBtw</gx:streetViewPanoId>
			</gx:ViewerOptions>
			<longitude>104.0482110327059</longitude>
			<latitude>17.55138415230711</latitude>
			<altitude>162.0651092529297</altitude>
			<heading>55.91101760139166</heading>
			<tilt>78.31430611592903</tilt>
			<roll>0</roll>
			<gx:fovy>15</gx:fovy>
			<altitudeMode>absolute</altitudeMode>
		</Camera>
		<styleUrl>#__managed_style_009937D4AC2A01D8276C</styleUrl>
		<Point>
			<altitudeMode>relativeToGround</altitudeMode>
			<coordinates>104.0482725956388,17.55142672295967,0</coordinates>
		</Point>
	</Placemark>
	<Placemark id="07526BA8FF29F8663B25">
		<name>LT25-SG-2185-0200-8+455</name>
		<Camera>
			<gx:ViewerOptions>
				<gx:option name="streetview"></gx:option>
				<gx:streetViewPanoId>tV8PxntpVpAxCnAe8-igiA</gx:streetViewPanoId>
			</gx:ViewerOptions>
			<longitude>104.0484767168818</longitude>
			<latitude>17.55133715209638</latitude>
			<altitude>161.8727416993164</altitude>
			<heading>43.96624216398037</heading>
			<tilt>81.35245221021032</tilt>
			<roll>0</roll>
			<gx:fovy>15</gx:fovy>
			<altitudeMode>absolute</altitudeMode>
		</Camera>
		<styleUrl>#__managed_style_009937D4AC2A01D8276C</styleUrl>
		<Point>
			<altitudeMode>relativeToGround</altitudeMode>
			<coordinates>104.0485282700717,17.55139750898519,0</coordinates>
		</Point>
	</Placemark>
	<Placemark id="0037158FCB29F866E417">
		<name>LT26-SG-2185-0200-8+458</name>
		<Camera>
			<gx:ViewerOptions>
				<gx:option name="streetview"></gx:option>
				<gx:streetViewPanoId>Zv-Z_bgDxjtODjjx7eG9YA</gx:streetViewPanoId>
			</gx:ViewerOptions>
			<longitude>104.0489086872972</longitude>
			<latitude>17.55129398362912</latitude>
			<altitude>161.5190124511719</altitude>
			<heading>322.8008180617384</heading>
			<tilt>78.64733469256801</tilt>
			<roll>0</roll>
			<gx:fovy>15</gx:fovy>
			<altitudeMode>absolute</altitudeMode>
		</Camera>
		<styleUrl>#__managed_style_009937D4AC2A01D8276C</styleUrl>
		<Point>
			<altitudeMode>relativeToGround</altitudeMode>
			<coordinates>104.0488670577876,17.55135604229553,0</coordinates>
		</Point>
	</Placemark>
	<Placemark id="0AB94586B929F8678266">
		<name>LT27-SG-2185-0200-8+495</name>
		<Camera>
			<gx:ViewerOptions>
				<gx:option name="streetview"></gx:option>
				<gx:streetViewPanoId>8OH7mCztP_grerRJnOAPtQ</gx:streetViewPanoId>
			</gx:ViewerOptions>
			<longitude>104.049109966831</longitude>
			<latitude>17.55126838301361</latitude>
			<altitude>161.3740997314453</altitude>
			<heading>65.77832042885777</heading>
			<tilt>81.30851259972887</tilt>
			<roll>0</roll>
			<gx:fovy>15</gx:fovy>
			<altitudeMode>absolute</altitudeMode>
		</Camera>
		<styleUrl>#__managed_style_009937D4AC2A01D8276C</styleUrl>
		<Point>
			<altitudeMode>relativeToGround</altitudeMode>
			<coordinates>104.0492303450105,17.55132037274059,0</coordinates>
		</Point>
	</Placemark>
	<Placemark id="080E80EB3729F868572E">
		<name>LT28-SG-2185-0200-8+532</name>
		<Camera>
			<gx:ViewerOptions>
				<gx:option name="streetview"></gx:option>
				<gx:streetViewPanoId>q_CsHRiQopfG6tfGAqyQew</gx:streetViewPanoId>
			</gx:ViewerOptions>
			<longitude>104.0495031360525</longitude>
			<latitude>17.55122871096115</latitude>
			<altitude>160.9689025878906</altitude>
			<heading>350.3120139230295</heading>
			<tilt>74.24873893029741</tilt>
			<roll>0</roll>
			<gx:fovy>15</gx:fovy>
			<altitudeMode>absolute</altitudeMode>
		</Camera>
		<styleUrl>#__managed_style_009937D4AC2A01D8276C</styleUrl>
		<Point>
			<altitudeMode>relativeToGround</altitudeMode>
			<coordinates>104.0494939104273,17.55127224605751,0</coordinates>
		</Point>
	</Placemark>
	<Placemark id="0F8DE5672E29F868D0E0">
		<name>LT29-SG-2185-0200-8+569</name>
		<Camera>
			<gx:ViewerOptions>
				<gx:option name="streetview"></gx:option>
				<gx:streetViewPanoId>08MyCb_csVcUrden8aYMDQ</gx:streetViewPanoId>
			</gx:ViewerOptions>
			<longitude>104.0497962861535</longitude>
			<latitude>17.55120885380421</latitude>
			<altitude>160.6961517333984</altitude>
			<heading>15.35885785958347</heading>
			<tilt>73.14317341398899</tilt>
			<roll>0</roll>
			<gx:fovy>15</gx:fovy>
			<altitudeMode>absolute</altitudeMode>
		</Camera>
		<styleUrl>#__managed_style_009937D4AC2A01D8276C</styleUrl>
		<Point>
			<altitudeMode>relativeToGround</altitudeMode>
			<coordinates>104.0498147400146,17.55126016075152,0</coordinates>
		</Point>
	</Placemark>
	<Placemark id="030393CF4F29F8699E5F">
		<name>LT30-SG-2185-0200-8+606</name>
		<Camera>
			<gx:ViewerOptions>
				<gx:option name="streetview"></gx:option>
				<gx:streetViewPanoId>mGWAsYp76Uc_9Zc0iWAeGA</gx:streetViewPanoId>
			</gx:ViewerOptions>
			<longitude>104.050085627412</longitude>
			<latitude>17.55120312471185</latitude>
			<altitude>160.3567352294922</altitude>
			<heading>40.90040785420032</heading>
			<tilt>85.46117499206589</tilt>
			<roll>0</roll>
			<gx:fovy>15</gx:fovy>
			<altitudeMode>absolute</altitudeMode>
		</Camera>
		<styleUrl>#__managed_style_009937D4AC2A01D8276C</styleUrl>
		<Point>
			<altitudeMode>relativeToGround</altitudeMode>
			<coordinates>104.0501455417273,17.5512635478171,0</coordinates>
		</Point>
	</Placemark>
	<Placemark id="00166C937E29F86A78D0">
		<name>LT31-SG-2185-0200-8+643</name>
		<Camera>
			<gx:ViewerOptions>
				<gx:option name="streetview"></gx:option>
				<gx:streetViewPanoId>u0UbV7pmODko858zBseJPg</gx:streetViewPanoId>
			</gx:ViewerOptions>
			<longitude>104.0504282131978</longitude>
			<latitude>17.55125057005301</latitude>
			<altitude>159.6664733886719</altitude>
			<heading>79.27465002712341</heading>
			<tilt>76.19751034774191</tilt>
			<roll>0</roll>
			<gx:fovy>15</gx:fovy>
			<altitudeMode>absolute</altitudeMode>
		</Camera>
		<styleUrl>#__managed_style_009937D4AC2A01D8276C</styleUrl>
		<Point>
			<altitudeMode>relativeToGround</altitudeMode>
			<coordinates>104.0504941620087,17.55126926289539,0</coordinates>
		</Point>
	</Placemark>
	<Placemark id="0CD8A8368329F86B6164">
		<name>LT32-SG-2185-0200-8+680</name>
		<Camera>
			<gx:ViewerOptions>
				<gx:option name="streetview"></gx:option>
				<gx:streetViewPanoId>kfDoH5gUZgbmlCxgYonBdA</gx:streetViewPanoId>
			</gx:ViewerOptions>
			<longitude>104.0507101140009</longitude>
			<latitude>17.55120831253906</latitude>
			<altitude>159.6472473144531</altitude>
			<heading>30.30957051559185</heading>
			<tilt>73.5600338335511</tilt>
			<roll>0</roll>
			<gx:fovy>15</gx:fovy>
			<altitudeMode>absolute</altitudeMode>
		</Camera>
		<styleUrl>#__managed_style_009937D4AC2A01D8276C</styleUrl>
		<Point>
			<altitudeMode>relativeToGround</altitudeMode>
			<coordinates>104.0507633284973,17.55130151963122,0</coordinates>
		</Point>
	</Placemark>
	<Placemark id="0C61CF36E629F86CA6E6">
		<name>LT33-SG-2185-0200-8+717</name>
		<Camera>
			<gx:ViewerOptions>
				<gx:option name="streetview"></gx:option>
				<gx:streetViewPanoId>fahSPCoTmBBaVlioz7OPSw</gx:streetViewPanoId>
			</gx:ViewerOptions>
			<longitude>104.051006013004</longitude>
			<latitude>17.55128276567782</latitude>
			<altitude>159.2039489746094</altitude>
			<heading>47.68424770177485</heading>
			<tilt>77.83327968933219</tilt>
			<roll>0</roll>
			<gx:fovy>15</gx:fovy>
			<altitudeMode>absolute</altitudeMode>
		</Camera>
		<styleUrl>#__managed_style_009937D4AC2A01D8276C</styleUrl>
		<Point>
			<altitudeMode>relativeToGround</altitudeMode>
			<coordinates>104.051056471075,17.55133684432868,0</coordinates>
		</Point>
	</Placemark>
	<Placemark id="091C24406629F86D0F0B">
		<name>LT34-SG-2185-0200-8+754</name>
		<Camera>
			<gx:ViewerOptions>
				<gx:option name="streetview"></gx:option>
				<gx:streetViewPanoId>_cIe576Nq6FipRkOfLQSbA</gx:streetViewPanoId>
			</gx:ViewerOptions>
			<longitude>104.0513024441903</longitude>
			<latitude>17.55133397159081</latitude>
			<altitude>158.8775329589844</altitude>
			<heading>55.19745364899741</heading>
			<tilt>77.67401478915511</tilt>
			<roll>0</roll>
			<gx:fovy>15</gx:fovy>
			<altitudeMode>absolute</altitudeMode>
		</Camera>
		<styleUrl>#__managed_style_009937D4AC2A01D8276C</styleUrl>
		<Point>
			<altitudeMode>relativeToGround</altitudeMode>
			<coordinates>104.0513614743222,17.5513966520238,0</coordinates>
		</Point>
	</Placemark>
	<Placemark id="0DA18B798E29F86F8938">
		<name>LT35-SG-2185-0200-8+791</name>
		<Camera>
			<gx:ViewerOptions>
				<gx:option name="streetview"></gx:option>
				<gx:streetViewPanoId>YDgkILtaiClP18CH_XPUnA</gx:streetViewPanoId>
			</gx:ViewerOptions>
			<longitude>104.0517058963724</longitude>
			<latitude>17.55141656769536</latitude>
			<altitude>158.3763275146484</altitude>
			<heading>312.322899719168</heading>
			<tilt>75.69796543919637</tilt>
			<roll>0</roll>
			<gx:fovy>15</gx:fovy>
			<altitudeMode>absolute</altitudeMode>
		</Camera>
		<styleUrl>#__managed_style_009937D4AC2A01D8276C</styleUrl>
		<Point>
			<altitudeMode>relativeToGround</altitudeMode>
			<coordinates>104.0516558462193,17.55145306670113,0</coordinates>
		</Point>
	</Placemark>
	<Placemark id="02C891C0A829F888883A">
		<name>LT36-SG-2185-0200-10+086</name>
		<Camera>
			<gx:ViewerOptions>
				<gx:option name="streetview"></gx:option>
				<gx:streetViewPanoId>J7wmJMq6rjdruZuRt9D4Zw</gx:streetViewPanoId>
			</gx:ViewerOptions>
			<longitude>104.0692243201968</longitude>
			<latitude>17.5544191140007</latitude>
			<altitude>153.3797302246094</altitude>
			<heading>33.98756399454842</heading>
			<tilt>93.50427325209363</tilt>
			<roll>0</roll>
			<gx:fovy>48.10189724328207</gx:fovy>
			<altitudeMode>absolute</altitudeMode>
		</Camera>
		<styleUrl>#__managed_style_009937D4AC2A01D8276C</styleUrl>
		<Point>
			<altitudeMode>relativeToGround</altitudeMode>
			<coordinates>104.0692414276807,17.55444395707447,0</coordinates>
		</Point>
	</Placemark>
	<Placemark id="09B86EE39729F890A7F7">
		<name>LT37-SG-2185-0200-10+123</name>
		<Camera>
			<gx:ViewerOptions>
				<gx:option name="streetview"></gx:option>
				<gx:streetViewPanoId>-JEXekLL-bXd1jaeva8d5A</gx:streetViewPanoId>
			</gx:ViewerOptions>
			<longitude>104.0695870660198</longitude>
			<latitude>17.55430905501618</latitude>
			<altitude>153.8654174802124</altitude>
			<heading>67.80565257459688</heading>
			<tilt>78.9718850081163</tilt>
			<roll>0</roll>
			<gx:fovy>15</gx:fovy>
			<altitudeMode>absolute</altitudeMode>
		</Camera>
		<styleUrl>#__managed_style_009937D4AC2A01D8276C</styleUrl>
		<Point>
			<altitudeMode>relativeToGround</altitudeMode>
			<coordinates>104.0696444984532,17.55433089747127,0</coordinates>
		</Point>
	</Placemark>
	<Placemark id="0181B9F94029F8912D00">
		<name>LT38-SG-2185-0200-10+160</name>
		<Camera>
			<gx:ViewerOptions>
				<gx:option name="streetview"></gx:option>
				<gx:streetViewPanoId>deN0p5ly0tnUyB6CHS_uqw</gx:streetViewPanoId>
			</gx:ViewerOptions>
			<longitude>104.0701046051029</longitude>
			<latitude>17.55414336653073</latitude>
			<altitude>154.8454132080078</altitude>
			<heading>8.817714565221761</heading>
			<tilt>78.30241917681235</tilt>
			<roll>0</roll>
			<gx:fovy>15</gx:fovy>
			<altitudeMode>absolute</altitudeMode>
		</Camera>
		<styleUrl>#__managed_style_009937D4AC2A01D8276C</styleUrl>
		<Point>
			<altitudeMode>relativeToGround</altitudeMode>
			<coordinates>104.0701148059064,17.55419612214975,0</coordinates>
		</Point>
	</Placemark>
	<Placemark id="022566194329F8919897">
		<name>LT39-SG-2185-0200-10+197</name>
		<Camera>
			<gx:ViewerOptions>
				<gx:option name="streetview"></gx:option>
				<gx:streetViewPanoId>wfWqOxvXlhc-hiwrblp_vg</gx:streetViewPanoId>
			</gx:ViewerOptions>
			<longitude>104.0704709860061</longitude>
			<latitude>17.55402986790858</latitude>
			<altitude>155.2143402099609</altitude>
			<heading>28.0491394815068</heading>
			<tilt>85.47661479680454</tilt>
			<roll>0</roll>
			<gx:fovy>15</gx:fovy>
			<altitudeMode>absolute</altitudeMode>
		</Camera>
		<styleUrl>#__managed_style_009937D4AC2A01D8276C</styleUrl>
		<Point>
			<altitudeMode>relativeToGround</altitudeMode>
			<coordinates>104.070493875514,17.5540768731617,0</coordinates>
		</Point>
	</Placemark>
	<Placemark id="052220C69629F891FDF0">
		<name>LT39-SG-2185-0200-10+234</name>
		<Camera>
			<gx:ViewerOptions>
				<gx:option name="streetview"></gx:option>
				<gx:streetViewPanoId>5Rz6XdaIbDJfuKvVc8N9YQ</gx:streetViewPanoId>
			</gx:ViewerOptions>
			<longitude>104.0707932425038</longitude>
			<latitude>17.55394213847686</latitude>
			<altitude>155.3404846191406</altitude>
			<heading>66.27337547760588</heading>
			<tilt>84.78132395156491</tilt>
			<roll>0</roll>
			<gx:fovy>15</gx:fovy>
			<altitudeMode>absolute</altitudeMode>
		</Camera>
		<styleUrl>#__managed_style_009937D4AC2A01D8276C</styleUrl>
		<Point>
			<altitudeMode>relativeToGround</altitudeMode>
			<coordinates>104.0708519508631,17.55396661852781,0</coordinates>
		</Point>
	</Placemark>
	<Placemark id="09435B73C529F8927A9B">
		<name>LT40-SG-2185-0200-10+271</name>
		<Camera>
			<gx:ViewerOptions>
				<gx:option name="streetview"></gx:option>
				<gx:streetViewPanoId>pxn2Uon-1EFbXQ0KaK-iZQ</gx:streetViewPanoId>
			</gx:ViewerOptions>
			<longitude>104.071250711551</longitude>
			<latitude>17.55381422046405</latitude>
			<altitude>155.1899719238281</altitude>
			<heading>39.45423312390503</heading>
			<tilt>82.92374914757178</tilt>
			<roll>0</roll>
			<gx:fovy>15</gx:fovy>
			<altitudeMode>absolute</altitudeMode>
		</Camera>
		<styleUrl>#__managed_style_009937D4AC2A01D8276C</styleUrl>
		<Point>
			<altitudeMode>relativeToGround</altitudeMode>
			<coordinates>104.0712811817762,17.55384986869268,0</coordinates>
		</Point>
	</Placemark>
	<Placemark id="0F6E54AF6F29F8973F69">
		<name>LT41-SG-2185-0200-12+308</name>
		<Camera>
			<gx:ViewerOptions>
				<gx:option name="streetview"></gx:option>
				<gx:streetViewPanoId>E_gIjHCaTV_9y-P02i834A</gx:streetViewPanoId>
			</gx:ViewerOptions>
			<longitude>104.0906092302973</longitude>
			<latitude>17.54375430908661</latitude>
			<altitude>153.2475738525391</altitude>
			<heading>43.14932544927954</heading>
			<tilt>84.95387328697016</tilt>
			<roll>0</roll>
			<gx:fovy>15</gx:fovy>
			<altitudeMode>absolute</altitudeMode>
		</Camera>
		<styleUrl>#__managed_style_009937D4AC2A01D8276C</styleUrl>
		<Point>
			<altitudeMode>relativeToGround</altitudeMode>
			<coordinates>104.0906370544493,17.54378859909692,0</coordinates>
		</Point>
	</Placemark>
	<Placemark id="063C33B43729F899D185">
		<name>LT42-SG-2185-0200-12+345</name>
		<Camera>
			<gx:ViewerOptions>
				<gx:option name="streetview"></gx:option>
				<gx:streetViewPanoId>4-BkpMCCOGtLLxrgZwImmA</gx:streetViewPanoId>
			</gx:ViewerOptions>
			<longitude>104.0909288744908</longitude>
			<latitude>17.54345482306105</latitude>
			<altitude>152.8204650878906</altitude>
			<heading>15.99117014800531</heading>
			<tilt>71.67898101894346</tilt>
			<roll>0</roll>
			<gx:fovy>15</gx:fovy>
			<altitudeMode>absolute</altitudeMode>
		</Camera>
		<styleUrl>#__managed_style_009937D4AC2A01D8276C</styleUrl>
		<Point>
			<altitudeMode>relativeToGround</altitudeMode>
			<coordinates>104.0909412683157,17.5434880821159,0</coordinates>
		</Point>
	</Placemark>
	<Placemark id="02A73F0A3129F89AC570">
		<name>LT43-SG-2185-0200-10+382</name>
		<Camera>
			<gx:ViewerOptions>
				<gx:option name="streetview"></gx:option>
				<gx:streetViewPanoId>46ZdVXtF3CjofAe1HWqKgg</gx:streetViewPanoId>
			</gx:ViewerOptions>
			<longitude>104.0911476721135</longitude>
			<latitude>17.54325551927467</latitude>
			<altitude>152.6090850830078</altitude>
			<heading>98.22093883086457</heading>
			<tilt>79.8567389408238</tilt>
			<roll>0</roll>
			<gx:fovy>15</gx:fovy>
			<altitudeMode>absolute</altitudeMode>
		</Camera>
		<styleUrl>#__managed_style_009937D4AC2A01D8276C</styleUrl>
		<Point>
			<altitudeMode>relativeToGround</altitudeMode>
			<coordinates>104.0912071179475,17.54325053116002,0</coordinates>
		</Point>
	</Placemark>
	<Placemark id="0F2DF5F5E329F89D8A84">
		<name>LT44-SG-2185-0200-10+419</name>
		<Camera>
			<gx:ViewerOptions>
				<gx:option name="streetview"></gx:option>
				<gx:streetViewPanoId>53yVxBdIeTaHekeHCEKg-A</gx:streetViewPanoId>
			</gx:ViewerOptions>
			<longitude>104.091539629986</longitude>
			<latitude>17.5428836739022</latitude>
			<altitude>152.4797821044922</altitude>
			<heading>5.376441329129348</heading>
			<tilt>80.40438520345644</tilt>
			<roll>0</roll>
			<gx:fovy>15</gx:fovy>
			<altitudeMode>absolute</altitudeMode>
		</Camera>
		<styleUrl>#__managed_style_009937D4AC2A01D8276C</styleUrl>
		<Point>
			<altitudeMode>relativeToGround</altitudeMode>
			<coordinates>104.0915441320467,17.54292627204974,0</coordinates>
		</Point>
	</Placemark>
	<Placemark id="0B08911D6129F89EAC9B">
		<name>LT45-SG-2185-0200-10+456</name>
		<Camera>
			<gx:ViewerOptions>
				<gx:option name="streetview"></gx:option>
				<gx:streetViewPanoId>2PPjWVjp2i23T3gJckgCKA</gx:streetViewPanoId>
			</gx:ViewerOptions>
			<longitude>104.0918059280108</longitude>
			<latitude>17.54257674437718</latitude>
			<altitude>152.2512512207031</altitude>
			<heading>28.5235115476576</heading>
			<tilt>78.57591042414565</tilt>
			<roll>0</roll>
			<gx:fovy>15</gx:fovy>
			<altitudeMode>absolute</altitudeMode>
		</Camera>
		<styleUrl>#__managed_style_009937D4AC2A01D8276C</styleUrl>
		<Point>
			<altitudeMode>relativeToGround</altitudeMode>
			<coordinates>104.0918447226778,17.54265035353564,0</coordinates>
		</Point>
	</Placemark>
	<Placemark id="02ABE592A329F89F7B76">
		<name>LT46-SG-2185-0200-10+493</name>
		<Camera>
			<gx:ViewerOptions>
				<gx:option name="streetview"></gx:option>
				<gx:streetViewPanoId>COBCHHjUT_BwxaBTvgxMUg</gx:streetViewPanoId>
			</gx:ViewerOptions>
			<longitude>104.0920318164812</longitude>
			<latitude>17.54228120077738</latitude>
			<altitude>152.0606842041016</altitude>
			<heading>65.9770540871271</heading>
			<tilt>75.99076696411356</tilt>
			<roll>0</roll>
			<gx:fovy>15</gx:fovy>
			<altitudeMode>absolute</altitudeMode>
		</Camera>
		<styleUrl>#__managed_style_009937D4AC2A01D8276C</styleUrl>
		<Point>
			<altitudeMode>relativeToGround</altitudeMode>
			<coordinates>104.0921047740912,17.54230749525276,0</coordinates>
		</Point>
	</Placemark>
	<Placemark id="0773E6E88029F8A4509E">
		<name>LT47-SG-2185-0200-17+523</name>
		<Camera>
			<gx:ViewerOptions>
				<gx:option name="streetview"></gx:option>
				<gx:streetViewPanoId>8lXxbeuXS3XHeG4LfYX57g</gx:streetViewPanoId>
			</gx:ViewerOptions>
			<longitude>104.0996043857135</longitude>
			<latitude>17.51539448432387</latitude>
			<altitude>153.5701446533203</altitude>
			<heading>77.5963297789168</heading>
			<tilt>73.78587033492873</tilt>
			<roll>0</roll>
			<gx:fovy>15</gx:fovy>
			<altitudeMode>absolute</altitudeMode>
		</Camera>
		<styleUrl>#__managed_style_009937D4AC2A01D8276C</styleUrl>
		<Point>
			<altitudeMode>relativeToGround</altitudeMode>
			<coordinates>104.0996257037654,17.51539897925774,0</coordinates>
		</Point>
	</Placemark>
	<Placemark id="041862B92D29F8A6ACB6">
		<name>RT1-SG-2185-0200-17+542</name>
		<Camera>
			<gx:ViewerOptions>
				<gx:option name="streetview"></gx:option>
				<gx:streetViewPanoId>pIwxr_aGf9H4E-goTfSF_Q</gx:streetViewPanoId>
			</gx:ViewerOptions>
			<longitude>104.0996494949842</longitude>
			<latitude>17.51525643556223</latitude>
			<altitude>153.6423034667969</altitude>
			<heading>265.9034065022043</heading>
			<tilt>82.05434800713176</tilt>
			<roll>0</roll>
			<gx:fovy>15</gx:fovy>
			<altitudeMode>absolute</altitudeMode>
		</Camera>
		<styleUrl>#__managed_style_009937D4AC2A01D8276C</styleUrl>
		<Point>
			<altitudeMode>relativeToGround</altitudeMode>
			<coordinates>104.0995602751728,17.51524727728819,0</coordinates>
		</Point>
	</Placemark>
	<Placemark id="0229E8C2A229F8A8A44C">
		<name>LT48-SG-2185-0200-17+561</name>
		<Camera>
			<gx:ViewerOptions>
				<gx:option name="streetview"></gx:option>
				<gx:streetViewPanoId>Rb4YPtoXYwLGDSoFgW1pSg</gx:streetViewPanoId>
			</gx:ViewerOptions>
			<longitude>104.099679981415</longitude>
			<latitude>17.51516337349716</latitude>
			<altitude>153.6645202636719</altitude>
			<heading>111.5396132280729</heading>
			<tilt>73.69501858497661</tilt>
			<roll>0</roll>
			<gx:fovy>15</gx:fovy>
			<altitudeMode>absolute</altitudeMode>
		</Camera>
		<styleUrl>#__managed_style_009937D4AC2A01D8276C</styleUrl>
		<Point>
			<altitudeMode>relativeToGround</altitudeMode>
			<coordinates>104.0997158743223,17.5151526400217,0</coordinates>
		</Point>
	</Placemark>
	<Placemark id="07722D4C1929F8A9E6F6">
		<name>RT2-SG-2185-0200-17+580</name>
		<Camera>
			<gx:ViewerOptions>
				<gx:option name="streetview"></gx:option>
				<gx:streetViewPanoId>McJzCuyWMdbMJbaor_Q1cg</gx:streetViewPanoId>
			</gx:ViewerOptions>
			<longitude>104.0997420177772</longitude>
			<latitude>17.51497390879098</latitude>
			<altitude>153.7449340820312</altitude>
			<heading>273.6229417160137</heading>
			<tilt>75.16735629600646</tilt>
			<roll>0</roll>
			<gx:fovy>15</gx:fovy>
			<altitudeMode>absolute</altitudeMode>
		</Camera>
		<styleUrl>#__managed_style_009937D4AC2A01D8276C</styleUrl>
		<Point>
			<altitudeMode>relativeToGround</altitudeMode>
			<coordinates>104.0996663488247,17.51498150942684,0</coordinates>
		</Point>
	</Placemark>
	<Placemark id="04E511293729F8B8053C">
		<name>LT49-SG-2185-0200-17+599</name>
		<Camera>
			<gx:ViewerOptions>
				<gx:option name="streetview"></gx:option>
				<gx:streetViewPanoId>FEFCgff9sUdMfPAkEI9jOA</gx:streetViewPanoId>
			</gx:ViewerOptions>
			<longitude>104.0997730359686</longitude>
			<latitude>17.51487780913862</latitude>
			<altitude>153.7952423095703</altitude>
			<heading>65.98718733276124</heading>
			<tilt>81.90819091590561</tilt>
			<roll>0</roll>
			<gx:fovy>15</gx:fovy>
			<altitudeMode>absolute</altitudeMode>
		</Camera>
		<styleUrl>#__managed_style_009937D4AC2A01D8276C</styleUrl>
		<Point>
			<altitudeMode>relativeToGround</altitudeMode>
			<coordinates>104.0998087946579,17.51489179781393,0</coordinates>
		</Point>
	</Placemark>
	<Placemark id="029BDFF27029F8B98FA5">
		<name>RT3-SG-2185-0200-17+618</name>
		<Camera>
			<gx:ViewerOptions>
				<gx:option name="streetview"></gx:option>
				<gx:streetViewPanoId>JN9heQpWozCIc-dUAsSt3Q</gx:streetViewPanoId>
			</gx:ViewerOptions>
			<longitude>104.0998040541668</longitude>
			<latitude>17.51478056270825</latitude>
			<altitude>153.9027862548828</altitude>
			<heading>235.1969949917221</heading>
			<tilt>78.75198256727589</tilt>
			<roll>0</roll>
			<gx:fovy>15</gx:fovy>
			<altitudeMode>absolute</altitudeMode>
		</Camera>
		<styleUrl>#__managed_style_009937D4AC2A01D8276C</styleUrl>
		<Point>
			<altitudeMode>relativeToGround</altitudeMode>
			<coordinates>104.0997321920887,17.51473470588867,0</coordinates>
		</Point>
	</Placemark>
	<Placemark id="054CB3720D29F8BB80D7">
		<name>LT50-SG-2185-0200-17+637</name>
		<Camera>
			<gx:ViewerOptions>
				<gx:option name="streetview"></gx:option>
				<gx:streetViewPanoId>cOEM-jr9CVi-C4orlYWwnw</gx:streetViewPanoId>
			</gx:ViewerOptions>
			<longitude>104.0998353382422</longitude>
			<latitude>17.51468294429351</latitude>
			<altitude>153.9875793457031</altitude>
			<heading>110.2740342548565</heading>
			<tilt>77.4789071231783</tilt>
			<roll>0</roll>
			<gx:fovy>15</gx:fovy>
			<altitudeMode>absolute</altitudeMode>
		</Camera>
		<styleUrl>#__managed_style_009937D4AC2A01D8276C</styleUrl>
		<Point>
			<altitudeMode>relativeToGround</altitudeMode>
			<coordinates>104.0998816710552,17.51466768543585,0</coordinates>
		</Point>
	</Placemark>
	<Placemark id="012C73DD5629F8BCA986">
		<name>RT4-SG-2185-0200-17+656</name>
		<Camera>
			<gx:ViewerOptions>
				<gx:option name="streetview"></gx:option>
				<gx:streetViewPanoId>FoINU-ZZwK24E92zM3nPsQ</gx:streetViewPanoId>
			</gx:ViewerOptions>
			<longitude>104.0998993243897</longitude>
			<latitude>17.514486193923</latitude>
			<altitude>154.1013793945312</altitude>
			<heading>258.7375798897078</heading>
			<tilt>77.36939570510452</tilt>
			<roll>0</roll>
			<gx:fovy>15</gx:fovy>
			<altitudeMode>absolute</altitudeMode>
		</Camera>
		<styleUrl>#__managed_style_009937D4AC2A01D8276C</styleUrl>
		<Point>
			<altitudeMode>relativeToGround</altitudeMode>
			<coordinates>104.0997804785995,17.5144652069044,0</coordinates>
		</Point>
	</Placemark>
	<Placemark id="074C33BFB129F8C7873C">
		<name>LT51-SG-2185-0200-17+675</name>
		<Camera>
			<gx:ViewerOptions>
				<gx:option name="streetview"></gx:option>
				<gx:streetViewPanoId>OJiexf1o9aHse2ilj-5bzw</gx:streetViewPanoId>
			</gx:ViewerOptions>
			<longitude>104.0999314947213</longitude>
			<latitude>17.51438718851844</latitude>
			<altitude>154.1889190673828</altitude>
			<heading>90.32433776645134</heading>
			<tilt>86.97500070292189</tilt>
			<roll>0</roll>
			<gx:fovy>15</gx:fovy>
			<altitudeMode>absolute</altitudeMode>
		</Camera>
		<styleUrl>#__managed_style_009937D4AC2A01D8276C</styleUrl>
		<Point>
			<altitudeMode>relativeToGround</altitudeMode>
			<coordinates>104.0999623549911,17.51439030458933,0</coordinates>
		</Point>
	</Placemark>
	<Placemark id="09E7E77BD129FC9535A2">
		<name>RT5-SG-2185-0200-17+677</name>
		<Camera>
			<gx:ViewerOptions>
				<gx:option name="streetview"></gx:option>
				<gx:streetViewPanoId>dDu2p0IFk6SxBSNX6bNfOw</gx:streetViewPanoId>
			</gx:ViewerOptions>
			<longitude>104.0999927335824</longitude>
			<latitude>17.51418878395157</latitude>
			<altitude>154.3752746583065</altitude>
			<heading>287.3932496290352</heading>
			<tilt>81.20669588809926</tilt>
			<roll>0</roll>
			<gx:fovy>15</gx:fovy>
			<altitudeMode>absolute</altitudeMode>
		</Camera>
		<styleUrl>#__managed_style_009937D4AC2A01D8276C</styleUrl>
		<Point>
			<altitudeMode>relativeToGround</altitudeMode>
			<coordinates>104.0998748377078,17.51421759084579,0</coordinates>
		</Point>
	</Placemark>
	<Placemark id="0DE82AD0CE29FC98585B">
		<name>LT51-SG-2185-0200-17+696</name>
		<Camera>
			<gx:ViewerOptions>
				<gx:option name="streetview"></gx:option>
				<gx:streetViewPanoId>1EMyPw4mpbsJb8FDSJ_CpA</gx:streetViewPanoId>
			</gx:ViewerOptions>
			<longitude>104.1000210931219</longitude>
			<latitude>17.51408961233217</latitude>
			<altitude>154.47900390625</altitude>
			<heading>58.26560401393586</heading>
			<tilt>80.31911439085845</tilt>
			<roll>0</roll>
			<gx:fovy>15</gx:fovy>
			<altitudeMode>absolute</altitudeMode>
		</Camera>
		<styleUrl>#__managed_style_009937D4AC2A01D8276C</styleUrl>
		<Point>
			<altitudeMode>relativeToGround</altitudeMode>
			<coordinates>104.1000603037631,17.51411578637075,0</coordinates>
		</Point>
	</Placemark>
	<Placemark id="0F25F6BBCD29FC9ABB99">
		<name>RT6-SG-2185-0200-17+715</name>
		<Camera>
			<gx:ViewerOptions>
				<gx:option name="streetview"></gx:option>
				<gx:streetViewPanoId>bXqcagRQL00dFFhOsxKwIQ</gx:streetViewPanoId>
			</gx:ViewerOptions>
			<longitude>104.1000847248594</longitude>
			<latitude>17.51379549638075</latitude>
			<altitude>154.69873046875</altitude>
			<heading>286.2801706486162</heading>
			<tilt>83.70658993258128</tilt>
			<roll>0</roll>
			<gx:fovy>15</gx:fovy>
			<altitudeMode>absolute</altitudeMode>
		</Camera>
		<styleUrl>#__managed_style_009937D4AC2A01D8276C</styleUrl>
		<Point>
			<altitudeMode>relativeToGround</altitudeMode>
			<coordinates>104.1000029376995,17.51382114414388,0</coordinates>
		</Point>
	</Placemark>
	<Placemark id="0A50588E9429FC9BF4CA">
		<name>LT52-SG-2185-0200-17+733</name>
		<Camera>
			<gx:ViewerOptions>
				<gx:option name="streetview"></gx:option>
				<gx:streetViewPanoId>bXqcagRQL00dFFhOsxKwIQ</gx:streetViewPanoId>
			</gx:ViewerOptions>
			<longitude>104.1000847248581</longitude>
			<latitude>17.51379549638127</latitude>
			<altitude>154.6983443959837</altitude>
			<heading>93.44188611334611</heading>
			<tilt>83.2028699372873</tilt>
			<roll>0</roll>
			<gx:fovy>15</gx:fovy>
			<altitudeMode>absolute</altitudeMode>
		</Camera>
		<styleUrl>#__managed_style_009937D4AC2A01D8276C</styleUrl>
		<Point>
			<altitudeMode>relativeToGround</altitudeMode>
			<coordinates>104.1001471938727,17.51378622962628,0</coordinates>
		</Point>
	</Placemark>
	<Placemark id="0B9CC5445629FC9E2D83">
		<name>LT53-SG-2185-0200-17+770</name>
		<Camera>
			<gx:ViewerOptions>
				<gx:option name="streetview"></gx:option>
				<gx:streetViewPanoId>ZfPa_4Ur7SbEWLhGHnxWNA</gx:streetViewPanoId>
			</gx:ViewerOptions>
			<longitude>104.1000802050553</longitude>
			<latitude>17.51355895919898</latitude>
			<altitude>154.9093933105469</altitude>
			<heading>119.7466804043386</heading>
			<tilt>80.95081062324941</tilt>
			<roll>0</roll>
			<gx:fovy>15</gx:fovy>
			<altitudeMode>absolute</altitudeMode>
		</Camera>
		<styleUrl>#__managed_style_009937D4AC2A01D8276C</styleUrl>
		<Point>
			<altitudeMode>relativeToGround</altitudeMode>
			<coordinates>104.1001541504549,17.51352181781079,0</coordinates>
		</Point>
	</Placemark>
	<Placemark id="062F1BB66029FC9FE2D1">
		<name>RT7-SG-2185-0200-17+771</name>
		<Camera>
			<gx:ViewerOptions>
				<gx:option name="streetview"></gx:option>
				<gx:streetViewPanoId>ZfPa_4Ur7SbEWLhGHnxWNA</gx:streetViewPanoId>
			</gx:ViewerOptions>
			<longitude>104.1000802050575</longitude>
			<latitude>17.51355895919544</latitude>
			<altitude>154.9089549863811</altitude>
			<heading>227.4534111291146</heading>
			<tilt>76.40346355666925</tilt>
			<roll>0</roll>
			<gx:fovy>15</gx:fovy>
			<altitudeMode>absolute</altitudeMode>
		</Camera>
		<styleUrl>#__managed_style_009937D4AC2A01D8276C</styleUrl>
		<Point>
			<altitudeMode>relativeToGround</altitudeMode>
			<coordinates>104.1000227505679,17.51350270228345,0</coordinates>
		</Point>
	</Placemark>
	<Placemark id="031AA073AF29FCC17E8A">
		<name>LT54-SG-2185-0200-17+803</name>
		<Camera>
			<gx:ViewerOptions>
				<gx:option name="streetview"></gx:option>
				<gx:streetViewPanoId>zKDUOo92uWEOwdd92phiWg</gx:streetViewPanoId>
			</gx:ViewerOptions>
			<longitude>104.1000934099734</longitude>
			<latitude>17.51325030631421</latitude>
			<altitude>155.5032958984375</altitude>
			<heading>109.1002913342003</heading>
			<tilt>85.27841291487867</tilt>
			<roll>0</roll>
			<gx:fovy>15</gx:fovy>
			<altitudeMode>absolute</altitudeMode>
		</Camera>
		<styleUrl>#__managed_style_009937D4AC2A01D8276C</styleUrl>
		<Point>
			<altitudeMode>relativeToGround</altitudeMode>
			<coordinates>104.1001757784179,17.51322978819806,0</coordinates>
		</Point>
	</Placemark>
	<Placemark id="09BA849CAD29FCC313E7">
		<name>RT8-SG-2185-0200-17+803</name>
		<Camera>
			<gx:ViewerOptions>
				<gx:option name="streetview"></gx:option>
				<gx:streetViewPanoId>zKDUOo92uWEOwdd92phiWg</gx:streetViewPanoId>
			</gx:ViewerOptions>
			<longitude>104.100093409976</longitude>
			<latitude>17.5132503063115</latitude>
			<altitude>155.5029554669013</altitude>
			<heading>244.3611311498994</heading>
			<tilt>77.48592296410513</tilt>
			<roll>0</roll>
			<gx:fovy>15</gx:fovy>
			<altitudeMode>absolute</altitudeMode>
		</Camera>
		<styleUrl>#__managed_style_009937D4AC2A01D8276C</styleUrl>
		<Point>
			<altitudeMode>relativeToGround</altitudeMode>
			<coordinates>104.1000385259615,17.51323049287964,0</coordinates>
		</Point>
	</Placemark>
	<Placemark id="07F1F0836529FCC4AB17">
		<name>LT55-SG-2185-0200-17+863</name>
		<Camera>
			<gx:ViewerOptions>
				<gx:option name="streetview"></gx:option>
				<gx:streetViewPanoId>g3cFrovmP2XFGST5eThM1w</gx:streetViewPanoId>
			</gx:ViewerOptions>
			<longitude>104.1001072352581</longitude>
			<latitude>17.51285762667912</latitude>
			<altitude>156.5015258789062</altitude>
			<heading>71.246825999282</heading>
			<tilt>78.81960160554947</tilt>
			<roll>0</roll>
			<gx:fovy>15</gx:fovy>
			<altitudeMode>absolute</altitudeMode>
		</Camera>
		<styleUrl>#__managed_style_009937D4AC2A01D8276C</styleUrl>
		<Point>
			<altitudeMode>relativeToGround</altitudeMode>
			<coordinates>104.1001925940478,17.51288110260578,0</coordinates>
		</Point>
	</Placemark>
	<Placemark id="0C0802D70329FCC58179">
		<name>RT9-SG-2185-0200-17+863</name>
		<Camera>
			<gx:ViewerOptions>
				<gx:option name="streetview"></gx:option>
				<gx:streetViewPanoId>g3cFrovmP2XFGST5eThM1w</gx:streetViewPanoId>
			</gx:ViewerOptions>
			<longitude>104.1001072352588</longitude>
			<latitude>17.5128576266813</latitude>
			<altitude>156.5013111069056</altitude>
			<heading>305.8987133453376</heading>
			<tilt>78.56263691513038</tilt>
			<roll>0</roll>
			<gx:fovy>15</gx:fovy>
			<altitudeMode>absolute</altitudeMode>
		</Camera>
		<styleUrl>#__managed_style_009937D4AC2A01D8276C</styleUrl>
		<Point>
			<altitudeMode>relativeToGround</altitudeMode>
			<coordinates>104.1000492057535,17.51289148315508,0</coordinates>
		</Point>
	</Placemark>
	<Placemark id="0F09F919D429FCC65F03">
		<name>LT56-SG-2185-0200-17+869</name>
		<Camera>
			<gx:ViewerOptions>
				<gx:option name="streetview"></gx:option>
				<gx:streetViewPanoId>wDl_GqxLSGPV7cV2S0LgFA</gx:streetViewPanoId>
			</gx:ViewerOptions>
			<longitude>104.1001182245879</longitude>
			<latitude>17.51258380359532</latitude>
			<altitude>157.0592803955078</altitude>
			<heading>114.9156795427414</heading>
			<tilt>85.52204126789474</tilt>
			<roll>0</roll>
			<gx:fovy>15</gx:fovy>
			<altitudeMode>absolute</altitudeMode>
		</Camera>
		<styleUrl>#__managed_style_009937D4AC2A01D8276C</styleUrl>
		<Point>
			<altitudeMode>relativeToGround</altitudeMode>
			<coordinates>104.1002028161473,17.51254534183881,0</coordinates>
		</Point>
	</Placemark>
	<Placemark id="07262634B729FCC7429F">
		<name>LT10-SG-2185-0200-17+869</name>
		<Camera>
			<gx:ViewerOptions>
				<gx:option name="streetview"></gx:option>
				<gx:streetViewPanoId>wDl_GqxLSGPV7cV2S0LgFA</gx:streetViewPanoId>
			</gx:ViewerOptions>
			<longitude>104.1001182245911</longitude>
			<latitude>17.51258380359221</latitude>
			<altitude>157.0588615215383</altitude>
			<heading>245.2492502197606</heading>
			<tilt>77.80101647383408</tilt>
			<roll>0</roll>
			<gx:fovy>15</gx:fovy>
			<altitudeMode>absolute</altitudeMode>
		</Camera>
		<styleUrl>#__managed_style_009937D4AC2A01D8276C</styleUrl>
		<Point>
			<altitudeMode>relativeToGround</altitudeMode>
			<coordinates>104.1000604852818,17.51255818104433,0</coordinates>
		</Point>
	</Placemark>
	<Placemark id="019910408829FCCB9935">
		<name>LT57-SG-2185-0200-17+902</name>
		<Camera>
			<gx:ViewerOptions>
				<gx:option name="streetview"></gx:option>
				<gx:streetViewPanoId>2RzOwYBTw0hFJ3zdwyn1PA</gx:streetViewPanoId>
			</gx:ViewerOptions>
			<longitude>104.1001350630788</longitude>
			<latitude>17.51226306905631</latitude>
			<altitude>157.4932403564453</altitude>
			<heading>101.6817161600942</heading>
			<tilt>83.20462821181695</tilt>
			<roll>0</roll>
			<gx:fovy>15</gx:fovy>
			<altitudeMode>absolute</altitudeMode>
		</Camera>
		<styleUrl>#__managed_style_009937D4AC2A01D8276C</styleUrl>
		<Point>
			<altitudeMode>relativeToGround</altitudeMode>
			<coordinates>104.1002173831028,17.51225151765097,0</coordinates>
		</Point>
	</Placemark>
	<Placemark id="0A1B566BB129FCCD3FCC">
		<name>RT11-SG-2185-0200-17+902</name>
		<Camera>
			<gx:ViewerOptions>
				<gx:option name="streetview"></gx:option>
				<gx:streetViewPanoId>2RzOwYBTw0hFJ3zdwyn1PA</gx:streetViewPanoId>
			</gx:ViewerOptions>
			<longitude>104.1001350630795</longitude>
			<latitude>17.51226306905611</latitude>
			<altitude>157.4929580199789</altitude>
			<heading>252.4516258151446</heading>
			<tilt>77.94499199954545</tilt>
			<roll>0</roll>
			<gx:fovy>15</gx:fovy>
			<altitudeMode>absolute</altitudeMode>
		</Camera>
		<styleUrl>#__managed_style_009937D4AC2A01D8276C</styleUrl>
		<Point>
			<altitudeMode>relativeToGround</altitudeMode>
			<coordinates>104.1000830022064,17.51225212652368,0</coordinates>
		</Point>
	</Placemark>
	<Placemark id="088A6C724729FCCFBB77">
		<name>LT58-SG-2185-0200-17+935</name>
		<Camera>
			<gx:ViewerOptions>
				<gx:option name="streetview"></gx:option>
				<gx:streetViewPanoId>VfITs_RjzPiN-uF9GczT8A</gx:streetViewPanoId>
			</gx:ViewerOptions>
			<longitude>104.1001526991845</longitude>
			<latitude>17.51203402264517</latitude>
			<altitude>157.5899658203125</altitude>
			<heading>92.8575015177648</heading>
			<tilt>84.76567603057146</tilt>
			<roll>0</roll>
			<gx:fovy>15</gx:fovy>
			<altitudeMode>absolute</altitudeMode>
		</Camera>
		<styleUrl>#__managed_style_009937D4AC2A01D8276C</styleUrl>
		<Point>
			<altitudeMode>relativeToGround</altitudeMode>
			<coordinates>104.1002406991915,17.51202739661673,0</coordinates>
		</Point>
	</Placemark>
	<Placemark id="0522E9C5B329FCD11B29">
		<name>RT12-SG-2185-0200-17+935</name>
		<Camera>
			<gx:ViewerOptions>
				<gx:option name="streetview"></gx:option>
				<gx:streetViewPanoId>VfITs_RjzPiN-uF9GczT8A</gx:streetViewPanoId>
			</gx:ViewerOptions>
			<longitude>104.1001526991845</longitude>
			<latitude>17.51203402264516</latitude>
			<altitude>157.589907499863</altitude>
			<heading>270.2264463128532</heading>
			<tilt>77.92391950124888</tilt>
			<roll>0</roll>
			<gx:fovy>15</gx:fovy>
			<altitudeMode>absolute</altitudeMode>
		</Camera>
		<styleUrl>#__managed_style_009937D4AC2A01D8276C</styleUrl>
		<Point>
			<altitudeMode>relativeToGround</altitudeMode>
			<coordinates>104.1000891845672,17.51203094158577,0</coordinates>
		</Point>
	</Placemark>
	<Placemark id="01CE709E1D29FCD53810">
		<name>LT59-SG-2185-0200-17+968</name>
		<Camera>
			<gx:ViewerOptions>
				<gx:option name="streetview"></gx:option>
				<gx:streetViewPanoId>C8BhO-BeEOh4ct29fjKdLQ</gx:streetViewPanoId>
			</gx:ViewerOptions>
			<longitude>104.1001698035505</longitude>
			<latitude>17.5117570250561</latitude>
			<altitude>157.3352966308594</altitude>
			<heading>75.54953025809579</heading>
			<tilt>84.89840197553455</tilt>
			<roll>0</roll>
			<gx:fovy>15</gx:fovy>
			<altitudeMode>absolute</altitudeMode>
		</Camera>
		<styleUrl>#__managed_style_009937D4AC2A01D8276C</styleUrl>
		<Point>
			<altitudeMode>relativeToGround</altitudeMode>
			<coordinates>104.1002631110771,17.51177956499503,0</coordinates>
		</Point>
	</Placemark>
	<Placemark id="0C4176F7FA29FCD5F71F">
		<name>RT13-SG-2185-0200-17+968</name>
		<Camera>
			<gx:ViewerOptions>
				<gx:option name="streetview"></gx:option>
				<gx:streetViewPanoId>C8BhO-BeEOh4ct29fjKdLQ</gx:streetViewPanoId>
			</gx:ViewerOptions>
			<longitude>104.1001698035505</longitude>
			<latitude>17.5117570250561</latitude>
			<altitude>157.3352965589743</altitude>
			<heading>288.1072997372028</heading>
			<tilt>76.98947623608726</tilt>
			<roll>0</roll>
			<gx:fovy>41.82845703299774</gx:fovy>
			<altitudeMode>absolute</altitudeMode>
		</Camera>
		<styleUrl>#__managed_style_009937D4AC2A01D8276C</styleUrl>
		<Point>
			<altitudeMode>relativeToGround</altitudeMode>
			<coordinates>104.1001086286656,17.51177104109306,0</coordinates>
		</Point>
	</Placemark>
	<Placemark id="06A888F9E929FCD7B217">
		<name>LT60-SG-2185-0200-18+001</name>
		<Camera>
			<gx:ViewerOptions>
				<gx:option name="streetview"></gx:option>
				<gx:streetViewPanoId>nTMefoIXTkl3CXaRJ7lkwg</gx:streetViewPanoId>
			</gx:ViewerOptions>
			<longitude>104.1001757413361</longitude>
			<latitude>17.51134480313413</latitude>
			<altitude>156.4627990722656</altitude>
			<heading>75.61264080741257</heading>
			<tilt>86.06645052956857</tilt>
			<roll>0</roll>
			<gx:fovy>15</gx:fovy>
			<altitudeMode>absolute</altitudeMode>
		</Camera>
		<styleUrl>#__managed_style_009937D4AC2A01D8276C</styleUrl>
		<Point>
			<altitudeMode>relativeToGround</altitudeMode>
			<coordinates>104.1002639351138,17.51135765034742,0</coordinates>
		</Point>
	</Placemark>
	<Placemark id="0A4775AED729FCDE060C">
		<name>RT14-SG-2185-0200-18+001</name>
		<Camera>
			<gx:ViewerOptions>
				<gx:option name="streetview"></gx:option>
				<gx:streetViewPanoId>nTMefoIXTkl3CXaRJ7lkwg</gx:streetViewPanoId>
			</gx:ViewerOptions>
			<longitude>104.1001757413383</longitude>
			<latitude>17.51134480313432</latitude>
			<altitude>156.4624810818311</altitude>
			<heading>275.6709636544399</heading>
			<tilt>74.51504033824928</tilt>
			<roll>0</roll>
			<gx:fovy>15</gx:fovy>
			<altitudeMode>absolute</altitudeMode>
		</Camera>
		<styleUrl>#__managed_style_009937D4AC2A01D8276C</styleUrl>
		<Point>
			<altitudeMode>relativeToGround</altitudeMode>
			<coordinates>104.1001037686002,17.51134855448138,0</coordinates>
		</Point>
	</Placemark>
	<Placemark id="0BCF71E36529FCDFF350">
		<name>LT61-SG-2185-0200-18+047</name>
		<Camera>
			<gx:ViewerOptions>
				<gx:option name="streetview"></gx:option>
				<gx:streetViewPanoId>xvJSKsgueutE05aGWFWi5g</gx:streetViewPanoId>
			</gx:ViewerOptions>
			<longitude>104.1001726395078</longitude>
			<latitude>17.51106661628297</latitude>
			<altitude>155.9469909667969</altitude>
			<heading>84.10836628246091</heading>
			<tilt>83.45841029382429</tilt>
			<roll>0</roll>
			<gx:fovy>15</gx:fovy>
			<altitudeMode>absolute</altitudeMode>
		</Camera>
		<styleUrl>#__managed_style_009937D4AC2A01D8276C</styleUrl>
		<Point>
			<altitudeMode>relativeToGround</altitudeMode>
			<coordinates>104.1002614845595,17.51107550100469,0</coordinates>
		</Point>
	</Placemark>
	<Placemark id="04D0BE8E4929FCE13191">
		<name>RT15-SG-2185-0200-18+082</name>
		<Camera>
			<gx:ViewerOptions>
				<gx:option name="streetview"></gx:option>
				<gx:streetViewPanoId>xvJSKsgueutE05aGWFWi5g</gx:streetViewPanoId>
			</gx:ViewerOptions>
			<longitude>104.1001726395096</longitude>
			<latitude>17.5110666162835</latitude>
			<altitude>155.9466630648156</altitude>
			<heading>288.8540218729141</heading>
			<tilt>75.9936233899686</tilt>
			<roll>0</roll>
			<gx:fovy>15</gx:fovy>
			<altitudeMode>absolute</altitudeMode>
		</Camera>
		<styleUrl>#__managed_style_009937D4AC2A01D8276C</styleUrl>
		<Point>
			<altitudeMode>relativeToGround</altitudeMode>
			<coordinates>104.1001217245418,17.51107746226181,0</coordinates>
		</Point>
	</Placemark>
	<Placemark id="060066C67729FCE20074">
		<name>LT62-SG-2185-0200-18+177</name>
		<Camera>
			<gx:ViewerOptions>
				<gx:option name="streetview"></gx:option>
				<gx:streetViewPanoId>BWzzRgz1VH7_0QUtXMHrww</gx:streetViewPanoId>
			</gx:ViewerOptions>
			<longitude>104.1001682083246</longitude>
			<latitude>17.51078826090233</latitude>
			<altitude>155.5158386230469</altitude>
			<heading>87.97501313522599</heading>
			<tilt>85.95529176477403</tilt>
			<roll>0</roll>
			<gx:fovy>15</gx:fovy>
			<altitudeMode>absolute</altitudeMode>
		</Camera>
		<styleUrl>#__managed_style_009937D4AC2A01D8276C</styleUrl>
		<Point>
			<altitudeMode>relativeToGround</altitudeMode>
			<coordinates>104.100259186813,17.51078788629842,0</coordinates>
		</Point>
	</Placemark>
	<Placemark id="0F41803DDB29FCE31CE6">
		<name>RT16-SG-2185-0200-18+152</name>
		<Camera>
			<gx:ViewerOptions>
				<gx:option name="streetview"></gx:option>
				<gx:streetViewPanoId>BWzzRgz1VH7_0QUtXMHrww</gx:streetViewPanoId>
			</gx:ViewerOptions>
			<longitude>104.1001682083355</longitude>
			<latitude>17.51078826090435</latitude>
			<altitude>155.514621286339</altitude>
			<heading>296.3360352554001</heading>
			<tilt>80.28297567987637</tilt>
			<roll>0</roll>
			<gx:fovy>15</gx:fovy>
			<altitudeMode>absolute</altitudeMode>
		</Camera>
		<styleUrl>#__managed_style_009937D4AC2A01D8276C</styleUrl>
		<Point>
			<altitudeMode>relativeToGround</altitudeMode>
			<coordinates>104.1001117751467,17.51081060603502,0</coordinates>
		</Point>
	</Placemark>
	<Placemark id="05FEBB8F6B29FCE8F9D1">
		<name>LT63-SG-2185-0200-18+187</name>
		<Camera>
			<gx:ViewerOptions>
				<gx:option name="streetview"></gx:option>
				<gx:streetViewPanoId>CiULUguhEvGh33p3Q25ayg</gx:streetViewPanoId>
			</gx:ViewerOptions>
			<longitude>104.1001583710984</longitude>
			<latitude>17.51042102089859</latitude>
			<altitude>155.1370544433097</altitude>
			<heading>103.685599681099</heading>
			<tilt>85.74418515535258</tilt>
			<roll>0</roll>
			<gx:fovy>15</gx:fovy>
			<altitudeMode>absolute</altitudeMode>
		</Camera>
		<styleUrl>#__managed_style_009937D4AC2A01D8276C</styleUrl>
		<Point>
			<altitudeMode>relativeToGround</altitudeMode>
			<coordinates>104.100251976792,17.51040044932212,0</coordinates>
		</Point>
	</Placemark>
	<Placemark id="0658D88C2A29FCE9C496">
		<name>RT17-SG-2185-0200-18+222</name>
		<Camera>
			<gx:ViewerOptions>
				<gx:option name="streetview"></gx:option>
				<gx:streetViewPanoId>CiULUguhEvGh33p3Q25ayg</gx:streetViewPanoId>
			</gx:ViewerOptions>
			<longitude>104.1001583710984</longitude>
			<latitude>17.51042102089858</latitude>
			<altitude>155.137007505885</altitude>
			<heading>281.558539983923</heading>
			<tilt>77.15037190131305</tilt>
			<roll>0</roll>
			<gx:fovy>15</gx:fovy>
			<altitudeMode>absolute</altitudeMode>
		</Camera>
		<styleUrl>#__managed_style_009937D4AC2A01D8276C</styleUrl>
		<Point>
			<altitudeMode>relativeToGround</altitudeMode>
			<coordinates>104.1000970643186,17.51042764249116,0</coordinates>
		</Point>
	</Placemark>
	<Placemark id="08E670236029FCEAD8BF">
		<name>LT64-SG-2185-0200-18+257</name>
		<Camera>
			<gx:ViewerOptions>
				<gx:option name="streetview"></gx:option>
				<gx:streetViewPanoId>qwIGACUcSCDUlubz07JfWQ</gx:streetViewPanoId>
			</gx:ViewerOptions>
			<longitude>104.1001505722169</longitude>
			<latitude>17.51005239947953</latitude>
			<altitude>154.9056701658535</altitude>
			<heading>117.1787109121973</heading>
			<tilt>89.48308277215656</tilt>
			<roll>0</roll>
			<gx:fovy>15</gx:fovy>
			<altitudeMode>absolute</altitudeMode>
		</Camera>
		<styleUrl>#__managed_style_009937D4AC2A01D8276C</styleUrl>
		<Point>
			<altitudeMode>relativeToGround</altitudeMode>
			<coordinates>104.1002363889397,17.51001416836278,0</coordinates>
		</Point>
	</Placemark>
	<Placemark id="076BECBEF129FCEBE0F2">
		<name>RT18-SG-2185-0200-18+297</name>
		<Camera>
			<gx:ViewerOptions>
				<gx:option name="streetview"></gx:option>
				<gx:streetViewPanoId>qwIGACUcSCDUlubz07JfWQ</gx:streetViewPanoId>
			</gx:ViewerOptions>
			<longitude>104.1001505722207</longitude>
			<latitude>17.51005239947862</latitude>
			<altitude>154.9050669973222</altitude>
			<heading>251.0004266255837</heading>
			<tilt>89.57903000061505</tilt>
			<roll>0</roll>
			<gx:fovy>15</gx:fovy>
			<altitudeMode>absolute</altitudeMode>
		</Camera>
		<styleUrl>#__managed_style_009937D4AC2A01D8276C</styleUrl>
		<Point>
			<altitudeMode>relativeToGround</altitudeMode>
			<coordinates>104.1000881321303,17.51002953495274,0</coordinates>
		</Point>
	</Placemark>
	<Placemark id="0DE0FE571829FCECF08B">
		<name>LT65-SG-2185-0200-18+327</name>
		<Camera>
			<gx:ViewerOptions>
				<gx:option name="streetview"></gx:option>
				<gx:streetViewPanoId>qXid_ekX8eBoA_aX0US32w</gx:streetViewPanoId>
			</gx:ViewerOptions>
			<longitude>104.1001420643466</longitude>
			<latitude>17.50968638793923</latitude>
			<altitude>154.9190368652344</altitude>
			<heading>91.65570525286692</heading>
			<tilt>84.34958959995873</tilt>
			<roll>0</roll>
			<gx:fovy>15</gx:fovy>
			<altitudeMode>absolute</altitudeMode>
		</Camera>
		<styleUrl>#__managed_style_009937D4AC2A01D8276C</styleUrl>
		<Point>
			<altitudeMode>relativeToGround</altitudeMode>
			<coordinates>104.100232821195,17.50968020389969,0</coordinates>
		</Point>
	</Placemark>
	<Placemark id="0652084A1D29FCEE4CD3">
		<name>RT19-SG-2185-0200-18+362</name>
		<Camera>
			<gx:ViewerOptions>
				<gx:option name="streetview"></gx:option>
				<gx:streetViewPanoId>qXid_ekX8eBoA_aX0US32w</gx:streetViewPanoId>
			</gx:ViewerOptions>
			<longitude>104.1001420643744</longitude>
			<latitude>17.50968638794264</latitude>
			<altitude>154.9177254102062</altitude>
			<heading>296.6892269392524</heading>
			<tilt>73.93118048112071</tilt>
			<roll>0</roll>
			<gx:fovy>15</gx:fovy>
			<altitudeMode>absolute</altitudeMode>
		</Camera>
		<styleUrl>#__managed_style_009937D4AC2A01D8276C</styleUrl>
		<Point>
			<altitudeMode>relativeToGround</altitudeMode>
			<coordinates>104.1000797348644,17.50971179956676,0</coordinates>
		</Point>
	</Placemark>
	<Placemark id="03BBF1A8E829FCF4ED46">
		<name>LT66-SG-2185-0200-18+397</name>
		<Camera>
			<gx:ViewerOptions>
				<gx:option name="streetview"></gx:option>
				<gx:streetViewPanoId>GwPCTbC1lFQtQqdzhCwXiQ</gx:streetViewPanoId>
			</gx:ViewerOptions>
			<longitude>104.1001281504349</longitude>
			<latitude>17.50927701160805</latitude>
			<altitude>154.7769317632987</altitude>
			<heading>73.81099955806386</heading>
			<tilt>85.91858915533382</tilt>
			<roll>0</roll>
			<gx:fovy>15</gx:fovy>
			<altitudeMode>absolute</altitudeMode>
		</Camera>
		<styleUrl>#__managed_style_009937D4AC2A01D8276C</styleUrl>
		<Point>
			<altitudeMode>relativeToGround</altitudeMode>
			<coordinates>104.1002423398077,17.50931655177773,0</coordinates>
		</Point>
	</Placemark>
	<Placemark id="0A7F84A8AA29FCF722B1">
		<name>RT20-SG-2185-0200-18+432</name>
		<Camera>
			<gx:ViewerOptions>
				<gx:option name="streetview"></gx:option>
				<gx:streetViewPanoId>GwPCTbC1lFQtQqdzhCwXiQ</gx:streetViewPanoId>
			</gx:ViewerOptions>
			<longitude>104.1001281504411</longitude>
			<latitude>17.5092770116093</latitude>
			<altitude>154.7761321226903</altitude>
			<heading>304.7067689978511</heading>
			<tilt>76.28560417232784</tilt>
			<roll>0</roll>
			<gx:fovy>15</gx:fovy>
			<altitudeMode>absolute</altitudeMode>
		</Camera>
		<styleUrl>#__managed_style_009937D4AC2A01D8276C</styleUrl>
		<Point>
			<altitudeMode>relativeToGround</altitudeMode>
			<coordinates>104.1000682983258,17.50931007273436,0</coordinates>
		</Point>
	</Placemark>
	<Placemark id="08E601412E29FCF893F8">
		<name>LT67-SG-2185-0200-18+467</name>
		<Camera>
			<gx:ViewerOptions>
				<gx:option name="streetview"></gx:option>
				<gx:streetViewPanoId>ymf1iez9Q6Fz7dvwydEUfA</gx:streetViewPanoId>
			</gx:ViewerOptions>
			<longitude>104.1001189335769</longitude>
			<latitude>17.5089090232965</latitude>
			<altitude>154.6601715087891</altitude>
			<heading>86.70454030944502</heading>
			<tilt>90.84460545003159</tilt>
			<roll>0</roll>
			<gx:fovy>15</gx:fovy>
			<altitudeMode>absolute</altitudeMode>
		</Camera>
		<styleUrl>#__managed_style_009937D4AC2A01D8276C</styleUrl>
		<Point>
			<altitudeMode>relativeToGround</altitudeMode>
			<coordinates>104.1002274620475,17.50892011555348,0</coordinates>
		</Point>
	</Placemark>
	<Placemark id="0FB81FD59B29FCFE053B">
		<name>RT21-SG-2185-0200-18+467</name>
		<Camera>
			<gx:ViewerOptions>
				<gx:option name="streetview"></gx:option>
				<gx:streetViewPanoId>ymf1iez9Q6Fz7dvwydEUfA</gx:streetViewPanoId>
			</gx:ViewerOptions>
			<longitude>104.1001189335843</longitude>
			<latitude>17.5089090232992</latitude>
			<altitude>154.6586141084524</altitude>
			<heading>315.3135354999835</heading>
			<tilt>83.38155268132157</tilt>
			<roll>0</roll>
			<gx:fovy>15</gx:fovy>
			<altitudeMode>absolute</altitudeMode>
		</Camera>
		<styleUrl>#__managed_style_009937D4AC2A01D8276C</styleUrl>
		<Point>
			<altitudeMode>relativeToGround</altitudeMode>
			<coordinates>104.1000515364931,17.50897296433163,0</coordinates>
		</Point>
	</Placemark>
	<Placemark id="0903D364A029FCFF7C2C">
		<name>LT68-SG-2185-0200-18+502</name>
		<Camera>
			<gx:ViewerOptions>
				<gx:option name="streetview"></gx:option>
				<gx:streetViewPanoId>UY4YYlPAq8PwGrmP0sTzYA</gx:streetViewPanoId>
			</gx:ViewerOptions>
			<longitude>104.1001102484613</longitude>
			<latitude>17.50854064432248</latitude>
			<altitude>154.7079620361328</altitude>
			<heading>105.3379916123882</heading>
			<tilt>86.08181839039524</tilt>
			<roll>0</roll>
			<gx:fovy>15</gx:fovy>
			<altitudeMode>absolute</altitudeMode>
		</Camera>
		<styleUrl>#__managed_style_009937D4AC2A01D8276C</styleUrl>
		<Point>
			<altitudeMode>relativeToGround</altitudeMode>
			<coordinates>104.1001965156666,17.50851623564971,0</coordinates>
		</Point>
	</Placemark>
	<Placemark id="014993A35E29FD00C305">
		<name>RT22-SG-2185-0200-18+502</name>
		<Camera>
			<gx:ViewerOptions>
				<gx:option name="streetview"></gx:option>
				<gx:streetViewPanoId>UY4YYlPAq8PwGrmP0sTzYA</gx:streetViewPanoId>
			</gx:ViewerOptions>
			<longitude>104.1001102484613</longitude>
			<latitude>17.50854064432248</latitude>
			<altitude>154.7079519736769</altitude>
			<heading>283.5862235486608</heading>
			<tilt>78.88790350816294</tilt>
			<roll>0</roll>
			<gx:fovy>15</gx:fovy>
			<altitudeMode>absolute</altitudeMode>
		</Camera>
		<styleUrl>#__managed_style_009937D4AC2A01D8276C</styleUrl>
		<Point>
			<altitudeMode>relativeToGround</altitudeMode>
			<coordinates>104.1000496968488,17.50854963417896,0</coordinates>
		</Point>
	</Placemark>
	<Placemark id="09D6A6672C29FD126531">
		<name>LT69-SG-2185-0200-18+537</name>
		<Camera>
			<gx:ViewerOptions>
				<gx:option name="streetview"></gx:option>
				<gx:streetViewPanoId>i54Q658R7V3rpKg7f96eNw</gx:streetViewPanoId>
			</gx:ViewerOptions>
			<longitude>104.100098284273</longitude>
			<latitude>17.50807564193322</latitude>
			<altitude>154.7114431099817</altitude>
			<heading>122.2624449802116</heading>
			<tilt>81.8500503184373</tilt>
			<roll>0</roll>
			<gx:fovy>15</gx:fovy>
			<altitudeMode>absolute</altitudeMode>
		</Camera>
		<styleUrl>#__managed_style_009937D4AC2A01D8276C</styleUrl>
		<Point>
			<altitudeMode>relativeToGround</altitudeMode>
			<coordinates>104.1001864814939,17.50803032971691,0</coordinates>
		</Point>
	</Placemark>
	<Placemark id="08BD61E8CC29FD13507A">
		<name>RT23-SG-2185-0200-18+537</name>
		<Camera>
			<gx:ViewerOptions>
				<gx:option name="streetview"></gx:option>
				<gx:streetViewPanoId>zslCnlkogVkC3G6wo3fcNA</gx:streetViewPanoId>
			</gx:ViewerOptions>
			<longitude>104.1001004998628</longitude>
			<latitude>17.50816996070232</latitude>
			<altitude>154.6858673095703</altitude>
			<heading>297.5104772878834</heading>
			<tilt>72.98831723146547</tilt>
			<roll>0</roll>
			<gx:fovy>15</gx:fovy>
			<altitudeMode>absolute</altitudeMode>
		</Camera>
		<styleUrl>#__managed_style_009937D4AC2A01D8276C</styleUrl>
		<Point>
			<altitudeMode>relativeToGround</altitudeMode>
			<coordinates>104.1000436371748,17.50819793979876,0</coordinates>
		</Point>
	</Placemark>
	<Placemark id="03DC32A87829FD15F727">
		<name>LT70-SG-2185-0200-18+607</name>
		<Camera>
			<gx:ViewerOptions>
				<gx:option name="streetview"></gx:option>
				<gx:streetViewPanoId>lgfOq4PMEde-XVCiSxSx7Q</gx:streetViewPanoId>
			</gx:ViewerOptions>
			<longitude>104.1000785212068</longitude>
			<latitude>17.50751134304516</latitude>
			<altitude>154.9740142822266</altitude>
			<heading>104.7155295371644</heading>
			<tilt>86.89415659913875</tilt>
			<roll>0</roll>
			<gx:fovy>15</gx:fovy>
			<altitudeMode>absolute</altitudeMode>
		</Camera>
		<styleUrl>#__managed_style_009937D4AC2A01D8276C</styleUrl>
		<Point>
			<altitudeMode>relativeToGround</altitudeMode>
			<coordinates>104.1001695703247,17.50748589616176,0</coordinates>
		</Point>
	</Placemark>
	<Placemark id="0DCC14641E29FD1880AF">
		<name>RT24-SG-2185-0200-18+642</name>
		<Camera>
			<gx:ViewerOptions>
				<gx:option name="streetview"></gx:option>
				<gx:streetViewPanoId>lgfOq4PMEde-XVCiSxSx7Q</gx:streetViewPanoId>
			</gx:ViewerOptions>
			<longitude>104.1000785212073</longitude>
			<latitude>17.5075113430451</latitude>
			<altitude>154.9739315135315</altitude>
			<heading>279.925041564838</heading>
			<tilt>76.67605757618969</tilt>
			<roll>0</roll>
			<gx:fovy>17.3976395793538</gx:fovy>
			<altitudeMode>absolute</altitudeMode>
		</Camera>
		<styleUrl>#__managed_style_009937D4AC2A01D8276C</styleUrl>
		<Point>
			<altitudeMode>relativeToGround</altitudeMode>
			<coordinates>104.1000252971585,17.50752412330973,0</coordinates>
		</Point>
	</Placemark>
	<Placemark id="0EFFF2F0D929FD1A577B">
		<name>LT71-SG-2185-0200-18+677</name>
		<Camera>
			<gx:ViewerOptions>
				<gx:option name="streetview"></gx:option>
				<gx:streetViewPanoId>Q6V2gB2o15dpMeTi-7a61Q</gx:streetViewPanoId>
			</gx:ViewerOptions>
			<longitude>104.1000697474701</longitude>
			<latitude>17.50711183260018</latitude>
			<altitude>155.0980377197266</altitude>
			<heading>75.65935535745066</heading>
			<tilt>79.37041395096946</tilt>
			<roll>0</roll>
			<gx:fovy>15</gx:fovy>
			<altitudeMode>absolute</altitudeMode>
		</Camera>
		<styleUrl>#__managed_style_009937D4AC2A01D8276C</styleUrl>
		<Point>
			<altitudeMode>relativeToGround</altitudeMode>
			<coordinates>104.1001600496734,17.50713918021342,0</coordinates>
		</Point>
	</Placemark>
	<Placemark id="051579B2A929FD1BAE5F">
		<name>RT25-SG-2185-0200-18+712</name>
		<Camera>
			<gx:ViewerOptions>
				<gx:option name="streetview"></gx:option>
				<gx:streetViewPanoId>Q6V2gB2o15dpMeTi-7a61Q</gx:streetViewPanoId>
			</gx:ViewerOptions>
			<longitude>104.1000697474746</longitude>
			<latitude>17.50711183260157</latitude>
			<altitude>155.0974318130513</altitude>
			<heading>276.4408544675472</heading>
			<tilt>78.70844983274914</tilt>
			<roll>0</roll>
			<gx:fovy>15</gx:fovy>
			<altitudeMode>absolute</altitudeMode>
		</Camera>
		<styleUrl>#__managed_style_009937D4AC2A01D8276C</styleUrl>
		<Point>
			<altitudeMode>relativeToGround</altitudeMode>
			<coordinates>104.1000150991371,17.50712278420275,0</coordinates>
		</Point>
	</Placemark>
	<Placemark id="0BB6DB238E29FD559470">
		<name>LT72-SG-2185-0200-18+747</name>
		<Camera>
			<gx:ViewerOptions>
				<gx:option name="streetview"></gx:option>
				<gx:streetViewPanoId>IHOpRqkzSrgNYY95QNl4qw</gx:streetViewPanoId>
			</gx:ViewerOptions>
			<longitude>104.1000907512649</longitude>
			<latitude>17.50671996880931</latitude>
			<altitude>155.2041168210858</altitude>
			<heading>130.4425415018106</heading>
			<tilt>85.10594632113408</tilt>
			<roll>0</roll>
			<gx:fovy>15</gx:fovy>
			<altitudeMode>absolute</altitudeMode>
		</Camera>
		<styleUrl>#__managed_style_009937D4AC2A01D8276C</styleUrl>
		<Point>
			<altitudeMode>relativeToGround</altitudeMode>
			<coordinates>104.1001470481811,17.5066737773424,0</coordinates>
		</Point>
	</Placemark>
	<Placemark id="0E76AF40F029FD56DE01">
		<name>RT26-SG-2185-0200-18+782</name>
		<Camera>
			<gx:ViewerOptions>
				<gx:option name="streetview"></gx:option>
				<gx:streetViewPanoId>IHOpRqkzSrgNYY95QNl4qw</gx:streetViewPanoId>
			</gx:ViewerOptions>
			<longitude>104.100090751265</longitude>
			<latitude>17.50671996880931</latitude>
			<altitude>155.2041113673216</altitude>
			<heading>253.8753598024947</heading>
			<tilt>85.66078067077683</tilt>
			<roll>0</roll>
			<gx:fovy>15</gx:fovy>
			<altitudeMode>absolute</altitudeMode>
		</Camera>
		<styleUrl>#__managed_style_009937D4AC2A01D8276C</styleUrl>
		<Point>
			<altitudeMode>relativeToGround</altitudeMode>
			<coordinates>104.0999920142558,17.50669702437553,0</coordinates>
		</Point>
	</Placemark>
	<Placemark id="033299B7A629FD57CB08">
		<name>LT73-SG-2185-0200-18+817</name>
		<Camera>
			<gx:ViewerOptions>
				<gx:option name="streetview"></gx:option>
				<gx:streetViewPanoId>w1Fp8AhbIjHQibdwtenZCQ</gx:streetViewPanoId>
			</gx:ViewerOptions>
			<longitude>104.1000413879208</longitude>
			<latitude>17.50636096388083</latitude>
			<altitude>154.87255859375</altitude>
			<heading>132.4297497581614</heading>
			<tilt>88.29104446687882</tilt>
			<roll>0</roll>
			<gx:fovy>15</gx:fovy>
			<altitudeMode>absolute</altitudeMode>
		</Camera>
		<styleUrl>#__managed_style_009937D4AC2A01D8276C</styleUrl>
		<Point>
			<altitudeMode>relativeToGround</altitudeMode>
			<coordinates>104.1001127110832,17.50630422692829,0</coordinates>
		</Point>
	</Placemark>
	<Placemark id="023688B30A29FD59828F">
		<name>RT27-SG-2185-0200-17+852</name>
		<Camera>
			<gx:ViewerOptions>
				<gx:option name="streetview"></gx:option>
				<gx:streetViewPanoId>w1Fp8AhbIjHQibdwtenZCQ</gx:streetViewPanoId>
			</gx:ViewerOptions>
			<longitude>104.1000413879208</longitude>
			<latitude>17.50636096388083</latitude>
			<altitude>154.872552917431</altitude>
			<heading>216.3424521300777</heading>
			<tilt>86.75261502533087</tilt>
			<roll>0</roll>
			<gx:fovy>15</gx:fovy>
			<altitudeMode>absolute</altitudeMode>
		</Camera>
		<styleUrl>#__managed_style_009937D4AC2A01D8276C</styleUrl>
		<Point>
			<altitudeMode>relativeToGround</altitudeMode>
			<coordinates>104.1000061220189,17.50630264538707,0</coordinates>
		</Point>
	</Placemark>
	<Placemark id="035D89316629FD6622E4">
		<name>RT28-SG-2185-0200-17+887</name>
		<LookAt>
			<longitude>104.0999846419571</longitude>
			<latitude>17.50605034153596</latitude>
			<altitude>154.2110237810492</altitude>
			<heading>204.2575210860816</heading>
			<tilt>0</tilt>
			<gx:fovy>35</gx:fovy>
			<range>101.1549239898159</range>
			<altitudeMode>absolute</altitudeMode>
		</LookAt>
		<styleUrl>#__managed_style_009937D4AC2A01D8276C</styleUrl>
		<Point>
			<coordinates>104.0999881447854,17.50592304388401,154.8015656097767</coordinates>
		</Point>
	</Placemark>
	<Placemark id="0819B3DCF429FD676A47">
		<name>LT74-SG-2185-0200-17+922</name>
		<LookAt>
			<longitude>104.0999846420015</longitude>
			<latitude>17.50605034152011</latitude>
			<altitude>154.2110049167128</altitude>
			<heading>204.2575210860816</heading>
			<tilt>0</tilt>
			<gx:fovy>35</gx:fovy>
			<range>101.1549471674152</range>
			<altitudeMode>absolute</altitudeMode>
		</LookAt>
		<styleUrl>#__managed_style_009937D4AC2A01D8276C</styleUrl>
		<Point>
			<coordinates>104.1001242925262,17.50590813185961,155.3274384745122</coordinates>
		</Point>
	</Placemark>
	<Placemark id="04E69B11BF29FD687F11">
		<name>LT75-SG-2185-0200-17+957</name>
		<LookAt>
			<longitude>104.0999152101672</longitude>
			<latitude>17.50563303241288</latitude>
			<altitude>153.9213347825839</altitude>
			<heading>204.2575126286319</heading>
			<tilt>0</tilt>
			<gx:fovy>35</gx:fovy>
			<range>169.2910631093036</range>
			<altitudeMode>absolute</altitudeMode>
		</LookAt>
		<styleUrl>#__managed_style_009937D4AC2A01D8276C</styleUrl>
		<Point>
			<coordinates>104.1001064688025,17.50548454294909,154.1304135873512</coordinates>
		</Point>
	</Placemark>
	<Placemark id="003410A30C29FD69A84A">
		<name>RT29-SG-2185-0200-17+992</name>
		<LookAt>
			<longitude>104.0999152101672</longitude>
			<latitude>17.50563303245514</latitude>
			<altitude>153.9213347825839</altitude>
			<heading>204.2575126286319</heading>
			<tilt>0</tilt>
			<gx:fovy>35</gx:fovy>
			<range>169.2910631093036</range>
			<altitudeMode>absolute</altitudeMode>
		</LookAt>
		<styleUrl>#__managed_style_009937D4AC2A01D8276C</styleUrl>
		<Point>
			<coordinates>104.0999831754648,17.50548766627921,154.1303665897284</coordinates>
		</Point>
	</Placemark>
	<Placemark id="0596C0523329FD6E3AC8">
		<name>LT76-SG-2185-0200-18+027</name>
		<Camera>
			<gx:ViewerOptions>
				<gx:option name="streetview"></gx:option>
				<gx:streetViewPanoId>QfkB0KvbKCG7-EbrLZPL4A</gx:streetViewPanoId>
			</gx:ViewerOptions>
			<longitude>104.0999755406144</longitude>
			<latitude>17.50496195418192</latitude>
			<altitude>153.4301300048828</altitude>
			<heading>109.8237202395809</heading>
			<tilt>83.68339711502637</tilt>
			<roll>0</roll>
			<gx:fovy>15</gx:fovy>
			<altitudeMode>absolute</altitudeMode>
		</Camera>
		<styleUrl>#__managed_style_009937D4AC2A01D8276C</styleUrl>
		<Point>
			<altitudeMode>relativeToGround</altitudeMode>
			<coordinates>104.1000974594952,17.50492636442453,0</coordinates>
		</Point>
	</Placemark>
	<Placemark id="0AF6A4543A29FD70120E">
		<name>RT30-SG-2185-0200-18+062</name>
		<Camera>
			<gx:ViewerOptions>
				<gx:option name="streetview"></gx:option>
				<gx:streetViewPanoId>QfkB0KvbKCG7-EbrLZPL4A</gx:streetViewPanoId>
			</gx:ViewerOptions>
			<longitude>104.0999755406144</longitude>
			<latitude>17.50496195418194</latitude>
			<altitude>153.4301180913279</altitude>
			<heading>250.8189291574729</heading>
			<tilt>83.47912490294836</tilt>
			<roll>0</roll>
			<gx:fovy>15</gx:fovy>
			<altitudeMode>absolute</altitudeMode>
		</Camera>
		<styleUrl>#__managed_style_009937D4AC2A01D8276C</styleUrl>
		<Point>
			<altitudeMode>relativeToGround</altitudeMode>
			<coordinates>104.0999497606996,17.50495053896333,0</coordinates>
		</Point>
	</Placemark>
	<Placemark id="0B9A82776429FD7FAF7A">
		<name>LT77-SG-2185-0200-18+097</name>
		<Camera>
			<gx:ViewerOptions>
				<gx:option name="streetview"></gx:option>
				<gx:streetViewPanoId>MqeyhEbEijOzUinmFDGvlA</gx:streetViewPanoId>
			</gx:ViewerOptions>
			<longitude>104.0999564865546</longitude>
			<latitude>17.50380490242661</latitude>
			<altitude>153.5259133379259</altitude>
			<heading>119.4962930594288</heading>
			<tilt>78.72935652192383</tilt>
			<roll>0</roll>
			<gx:fovy>16.49305180084101</gx:fovy>
			<altitudeMode>absolute</altitudeMode>
		</Camera>
		<styleUrl>#__managed_style_009937D4AC2A01D8276C</styleUrl>
		<Point>
			<coordinates>104.100051105957,17.50436360601662,151.8568878945432</coordinates>
		</Point>
	</Placemark>
	<Placemark id="0D68F4D0E129FD80CF83">
		<name>RT31-SG-2185-0200-18+132</name>
		<LookAt>
			<longitude>104.0998477169127</longitude>
			<latitude>17.50456796574526</latitude>
			<altitude>152.3050652664112</altitude>
			<heading>261.6904829291748</heading>
			<tilt>0</tilt>
			<gx:fovy>35</gx:fovy>
			<range>292.4486675921435</range>
			<altitudeMode>absolute</altitudeMode>
		</LookAt>
		<styleUrl>#__managed_style_009937D4AC2A01D8276C</styleUrl>
		<Point>
			<coordinates>104.099933757995,17.50434665477532,151.7713246527708</coordinates>
		</Point>
	</Placemark>
	<Placemark id="09C84DAF7029FDC26817">
		<name>LT78-SG-2185-0200-18+167</name>
		<Camera>
			<gx:ViewerOptions>
				<gx:option name="streetview"></gx:option>
				<gx:streetViewPanoId>MqeyhEbEijOzUinmFDGvlA</gx:streetViewPanoId>
			</gx:ViewerOptions>
			<longitude>104.0999564865546</longitude>
			<latitude>17.50380490242661</latitude>
			<altitude>153.5259133379259</altitude>
			<heading>119.4161012454654</heading>
			<tilt>83.4663716744048</tilt>
			<roll>0</roll>
			<gx:fovy>15</gx:fovy>
			<altitudeMode>absolute</altitudeMode>
		</Camera>
		<styleUrl>#__managed_style_009937D4AC2A01D8276C</styleUrl>
		<Point>
			<altitudeMode>relativeToGround</altitudeMode>
			<coordinates>104.100094866452,17.5037456859191,0</coordinates>
		</Point>
	</Placemark>
	<Placemark id="06D389B13329FDC4EA2E">
		<name>RT32-SG-2185-0200-18+202</name>
		<Camera>
			<gx:ViewerOptions>
				<gx:option name="streetview"></gx:option>
				<gx:streetViewPanoId>ukMUSWb-6kv11BIPBHRSfg</gx:streetViewPanoId>
			</gx:ViewerOptions>
			<longitude>104.0999530302367</longitude>
			<latitude>17.50343147859902</latitude>
			<altitude>153.4836273196166</altitude>
			<heading>309.4454355370507</heading>
			<tilt>77.42266559367093</tilt>
			<roll>0</roll>
			<gx:fovy>15</gx:fovy>
			<altitudeMode>absolute</altitudeMode>
		</Camera>
		<styleUrl>#__managed_style_009937D4AC2A01D8276C</styleUrl>
		<Point>
			<altitudeMode>relativeToGround</altitudeMode>
			<coordinates>104.0999043498646,17.5034700601176,0</coordinates>
		</Point>
	</Placemark>
	<Placemark id="0FE1A1D9F529FDC73A4B">
		<name>LT79-SG-2185-0200-18+237</name>
		<Camera>
			<gx:ViewerOptions>
				<gx:option name="streetview"></gx:option>
				<gx:streetViewPanoId>bcXOLGazeeEhS938Yb8skg</gx:streetViewPanoId>
			</gx:ViewerOptions>
			<longitude>104.0999260000636</longitude>
			<latitude>17.50322400718946</latitude>
			<altitude>153.4342041015625</altitude>
			<heading>89.80651826714099</heading>
			<tilt>88.22987067339933</tilt>
			<roll>0</roll>
			<gx:fovy>15</gx:fovy>
			<altitudeMode>absolute</altitudeMode>
		</Camera>
		<styleUrl>#__managed_style_009937D4AC2A01D8276C</styleUrl>
		<Point>
			<altitudeMode>relativeToGround</altitudeMode>
			<coordinates>104.1000451901834,17.50323997662988,0</coordinates>
		</Point>
	</Placemark>
	<Placemark id="015AF442CF29FDC94E83">
		<name>RT33-SG-2185-0200-18+272</name>
		<Camera>
			<gx:ViewerOptions>
				<gx:option name="streetview"></gx:option>
				<gx:streetViewPanoId>GDFUEXc73fv9fgW_eO_IVA</gx:streetViewPanoId>
			</gx:ViewerOptions>
			<longitude>104.099918910183</longitude>
			<latitude>17.5029473513951</latitude>
			<altitude>153.3915252685547</altitude>
			<heading>281.7890807485451</heading>
			<tilt>77.00391504540396</tilt>
			<roll>0</roll>
			<gx:fovy>15</gx:fovy>
			<altitudeMode>absolute</altitudeMode>
		</Camera>
		<styleUrl>#__managed_style_009937D4AC2A01D8276C</styleUrl>
		<Point>
			<altitudeMode>relativeToGround</altitudeMode>
			<coordinates>104.0999015227482,17.50294983290395,0</coordinates>
		</Point>
	</Placemark>
	<Placemark id="056FF550A029FDCAA3D0">
		<name>LT80-SG-2185-0200-18+307</name>
		<Camera>
			<gx:ViewerOptions>
				<gx:option name="streetview"></gx:option>
				<gx:streetViewPanoId>C40f7Zn2rBS_3IKxeuQ9xA</gx:streetViewPanoId>
			</gx:ViewerOptions>
			<longitude>104.0999138586433</longitude>
			<latitude>17.50258154185236</latitude>
			<altitude>153.3913269042969</altitude>
			<heading>81.10486914584109</heading>
			<tilt>88.36322896976151</tilt>
			<roll>0</roll>
			<gx:fovy>15</gx:fovy>
			<altitudeMode>absolute</altitudeMode>
		</Camera>
		<styleUrl>#__managed_style_009937D4AC2A01D8276C</styleUrl>
		<Point>
			<altitudeMode>relativeToGround</altitudeMode>
			<coordinates>104.1000672276643,17.50261490231641,0</coordinates>
		</Point>
	</Placemark>
	<Placemark id="0D51DFE91029FDCCC8A2">
		<name>RT34-SG-2185-0200-18+342</name>
		<Camera>
			<gx:ViewerOptions>
				<gx:option name="streetview"></gx:option>
				<gx:streetViewPanoId>urW-FFQR7K5ZCxrc_fJyFQ</gx:streetViewPanoId>
			</gx:ViewerOptions>
			<longitude>104.0999068573868</longitude>
			<latitude>17.50235419152067</latitude>
			<altitude>153.3468627929688</altitude>
			<heading>214.6160134076257</heading>
			<tilt>82.93185876685604</tilt>
			<roll>0</roll>
			<gx:fovy>15</gx:fovy>
			<altitudeMode>absolute</altitudeMode>
		</Camera>
		<styleUrl>#__managed_style_009937D4AC2A01D8276C</styleUrl>
		<Point>
			<altitudeMode>relativeToGround</altitudeMode>
			<coordinates>104.0998754282208,17.50230896233581,0</coordinates>
		</Point>
	</Placemark>
	<Placemark id="0629AE60B429FDCE74BB">
		<name>LT81-SG-2185-0200-18+377</name>
		<Camera>
			<gx:ViewerOptions>
				<gx:option name="streetview"></gx:option>
				<gx:streetViewPanoId>Iy9ZhCx2wvWOFfMoXAfbmA</gx:streetViewPanoId>
			</gx:ViewerOptions>
			<longitude>104.0999004764951</longitude>
			<latitude>17.50217099145818</latitude>
			<altitude>153.3635711669922</altitude>
			<heading>119.8023389483425</heading>
			<tilt>86.89432655471589</tilt>
			<roll>0</roll>
			<gx:fovy>15</gx:fovy>
			<altitudeMode>absolute</altitudeMode>
		</Camera>
		<styleUrl>#__managed_style_009937D4AC2A01D8276C</styleUrl>
		<Point>
			<altitudeMode>relativeToGround</altitudeMode>
			<coordinates>104.1000430457062,17.5020905251712,0</coordinates>
		</Point>
	</Placemark>
	<Placemark id="0E58F34F5729FDD0A972">
		<name>RT35-SG-2185-0200-18+412</name>
		<Camera>
			<gx:ViewerOptions>
				<gx:option name="streetview"></gx:option>
				<gx:streetViewPanoId>3i1X65a3lyKwt9c4NM01hg</gx:streetViewPanoId>
			</gx:ViewerOptions>
			<longitude>104.0998893985588</longitude>
			<latitude>17.50180782249932</latitude>
			<altitude>153.3868103025609</altitude>
			<heading>310.99372829419</heading>
			<tilt>80.46010266174719</tilt>
			<roll>0</roll>
			<gx:fovy>15</gx:fovy>
			<altitudeMode>absolute</altitudeMode>
		</Camera>
		<styleUrl>#__managed_style_009937D4AC2A01D8276C</styleUrl>
		<Point>
			<altitudeMode>relativeToGround</altitudeMode>
			<coordinates>104.0998556138515,17.50184018907453,0</coordinates>
		</Point>
	</Placemark>
	<Placemark id="03766BE71F29FDD6EAB9">
		<name>LT82-SG-2185-0200-18+447</name>
		<Camera>
			<gx:ViewerOptions>
				<gx:option name="streetview"></gx:option>
				<gx:streetViewPanoId>ptwG18-ot5Xdyc74StWzOg</gx:streetViewPanoId>
			</gx:ViewerOptions>
			<longitude>104.0998791182347</longitude>
			<latitude>17.50144424373089</latitude>
			<altitude>153.4790801997084</altitude>
			<heading>81.87385205936557</heading>
			<tilt>88.5805783365788</tilt>
			<roll>0</roll>
			<gx:fovy>15</gx:fovy>
			<altitudeMode>absolute</altitudeMode>
		</Camera>
		<styleUrl>#__managed_style_009937D4AC2A01D8276C</styleUrl>
		<Point>
			<altitudeMode>relativeToGround</altitudeMode>
			<coordinates>104.1000266887198,17.50146405010503,0</coordinates>
		</Point>
	</Placemark>
	<Placemark id="01F98CAD5229FDF540BC">
		<name>RT36-SG-2185-0200-18+482</name>
		<Camera>
			<gx:ViewerOptions>
				<gx:option name="streetview"></gx:option>
				<gx:streetViewPanoId>RvkoUxG66NIcONl7dKY5yQ</gx:streetViewPanoId>
			</gx:ViewerOptions>
			<longitude>104.0998728259677</longitude>
			<latitude>17.50117159015494</latitude>
			<altitude>153.6332550048828</altitude>
			<heading>245.0532314394598</heading>
			<tilt>81.87520268625234</tilt>
			<roll>0</roll>
			<gx:fovy>15</gx:fovy>
			<altitudeMode>absolute</altitudeMode>
		</Camera>
		<styleUrl>#__managed_style_009937D4AC2A01D8276C</styleUrl>
		<Point>
			<altitudeMode>relativeToGround</altitudeMode>
			<coordinates>104.0998411743198,17.50115692750039,0</coordinates>
		</Point>
	</Placemark>
	<Placemark id="081C1B95BF29FDF69FBD">
		<name>LT83-SG-2185-0200-18+517</name>
		<Camera>
			<gx:ViewerOptions>
				<gx:option name="streetview"></gx:option>
				<gx:streetViewPanoId>mUA6dO8sI6uNls2D45LCrg</gx:streetViewPanoId>
			</gx:ViewerOptions>
			<longitude>104.0998716738625</longitude>
			<latitude>17.50089874300054</latitude>
			<altitude>153.7729034423828</altitude>
			<heading>101.1546966785491</heading>
			<tilt>85.73716169781268</tilt>
			<roll>0</roll>
			<gx:fovy>15</gx:fovy>
			<altitudeMode>absolute</altitudeMode>
		</Camera>
		<styleUrl>#__managed_style_009937D4AC2A01D8276C</styleUrl>
		<Point>
			<altitudeMode>relativeToGround</altitudeMode>
			<coordinates>104.0999960268444,17.50087542365172,0</coordinates>
		</Point>
	</Placemark>
	<Placemark id="0B15B8ED1B29FDF87A66">
		<name>RT37-SG-2185-0200-18+552</name>
		<Camera>
			<gx:ViewerOptions>
				<gx:option name="streetview"></gx:option>
				<gx:streetViewPanoId>X_1uc83EJfMVrElfh3mnuA</gx:streetViewPanoId>
			</gx:ViewerOptions>
			<longitude>104.0998744211903</longitude>
			<latitude>17.50053237456463</latitude>
			<altitude>154.0494995117188</altitude>
			<heading>296.3293092478606</heading>
			<tilt>79.23032362103339</tilt>
			<roll>0</roll>
			<gx:fovy>15</gx:fovy>
			<altitudeMode>absolute</altitudeMode>
		</Camera>
		<styleUrl>#__managed_style_009937D4AC2A01D8276C</styleUrl>
		<Point>
			<altitudeMode>relativeToGround</altitudeMode>
			<coordinates>104.0998219813041,17.50055205636565,0</coordinates>
		</Point>
	</Placemark>
	<Placemark id="07280D82B529FDFA28EA">
		<name>LT84-SG-2185-0200-18+587</name>
		<Camera>
			<gx:ViewerOptions>
				<gx:option name="streetview"></gx:option>
				<gx:streetViewPanoId>yCJcvoHiSIYd9AEjV6Kn0A</gx:streetViewPanoId>
			</gx:ViewerOptions>
			<longitude>104.0998647612316</longitude>
			<latitude>17.50025449538905</latitude>
			<altitude>154.2583312988281</altitude>
			<heading>68.79142331225219</heading>
			<tilt>87.85718439081217</tilt>
			<roll>0</roll>
			<gx:fovy>15</gx:fovy>
			<altitudeMode>absolute</altitudeMode>
		</Camera>
		<styleUrl>#__managed_style_009937D4AC2A01D8276C</styleUrl>
		<Point>
			<altitudeMode>relativeToGround</altitudeMode>
			<coordinates>104.099952215869,17.50028944014134,0</coordinates>
		</Point>
	</Placemark>
	<Placemark id="081A04718829FDFB6B74">
		<name>RT38-SG-2185-0200-18+622</name>
		<Camera>
			<gx:ViewerOptions>
				<gx:option name="streetview"></gx:option>
				<gx:streetViewPanoId>Mv5weVwMPD_12FpI6cqesg</gx:streetViewPanoId>
			</gx:ViewerOptions>
			<longitude>104.0998477455261</longitude>
			<latitude>17.49997397073465</latitude>
			<altitude>154.4394226074219</altitude>
			<heading>273.230229247023</heading>
			<tilt>77.04054942936492</tilt>
			<roll>0</roll>
			<gx:fovy>15</gx:fovy>
			<altitudeMode>absolute</altitudeMode>
		</Camera>
		<styleUrl>#__managed_style_009937D4AC2A01D8276C</styleUrl>
		<Point>
			<altitudeMode>relativeToGround</altitudeMode>
			<coordinates>104.0997997147282,17.49996751041612,0</coordinates>
		</Point>
	</Placemark>
	<Placemark id="03ADE1DD1429FDFD05F2">
		<name>LT85-SG-2185-0200-18+657</name>
		<Camera>
			<gx:ViewerOptions>
				<gx:option name="streetview"></gx:option>
				<gx:streetViewPanoId>FtLMBoIU24duhnIPFiJXpw</gx:streetViewPanoId>
			</gx:ViewerOptions>
			<longitude>104.0998303753289</longitude>
			<latitude>17.4996908255312</latitude>
			<altitude>154.6623382568359</altitude>
			<heading>80.09267047805091</heading>
			<tilt>86.30301764895682</tilt>
			<roll>0</roll>
			<gx:fovy>15</gx:fovy>
			<altitudeMode>absolute</altitudeMode>
		</Camera>
		<styleUrl>#__managed_style_009937D4AC2A01D8276C</styleUrl>
		<Point>
			<altitudeMode>relativeToGround</altitudeMode>
			<coordinates>104.0999254599581,17.49970996989738,0</coordinates>
		</Point>
	</Placemark>
	<Placemark id="0F0F1A9F2D29FDFEA188">
		<name>RT39-SG-2185-0200-18+772</name>
		<Camera>
			<gx:ViewerOptions>
				<gx:option name="streetview"></gx:option>
				<gx:streetViewPanoId>NZZ242fP-x7wwlltAlankA</gx:streetViewPanoId>
			</gx:ViewerOptions>
			<longitude>104.099815663837</longitude>
			<latitude>17.49931557204913</latitude>
			<altitude>154.9352722167969</altitude>
			<heading>312.6899967235345</heading>
			<tilt>75.18447775396446</tilt>
			<roll>0</roll>
			<gx:fovy>15</gx:fovy>
			<altitudeMode>absolute</altitudeMode>
		</Camera>
		<styleUrl>#__managed_style_009937D4AC2A01D8276C</styleUrl>
		<Point>
			<altitudeMode>relativeToGround</altitudeMode>
			<coordinates>104.0997871853872,17.49933959056679,0</coordinates>
		</Point>
	</Placemark>
	<Placemark id="0BA4AC279A29FDFFBA43">
		<name>LT86-SG-2185-0200-18+767</name>
		<Camera>
			<gx:ViewerOptions>
				<gx:option name="streetview"></gx:option>
				<gx:streetViewPanoId>h_528QYf314vsk60kPuhbA</gx:streetViewPanoId>
			</gx:ViewerOptions>
			<longitude>104.0998099033135</longitude>
			<latitude>17.49912933020405</latitude>
			<altitude>155.0772705078125</altitude>
			<heading>94.71587484383649</heading>
			<tilt>89.43599977435835</tilt>
			<roll>0</roll>
			<gx:fovy>15</gx:fovy>
			<altitudeMode>absolute</altitudeMode>
		</Camera>
		<styleUrl>#__managed_style_009937D4AC2A01D8276C</styleUrl>
		<Point>
			<altitudeMode>relativeToGround</altitudeMode>
			<coordinates>104.0999169806577,17.49912058015515,0</coordinates>
		</Point>
	</Placemark>
	<Placemark id="0D64693D4B29FE018621">
		<name>RT40-SG-2185-0200-18+812</name>
		<Camera>
			<gx:ViewerOptions>
				<gx:option name="streetview"></gx:option>
				<gx:streetViewPanoId>5rRK2Bto2FVglGmHSHgAiA</gx:streetViewPanoId>
			</gx:ViewerOptions>
			<longitude>104.099801838581</longitude>
			<latitude>17.49885107294601</latitude>
			<altitude>155.2971496582031</altitude>
			<heading>216.4294150391876</heading>
			<tilt>81.84619795725108</tilt>
			<roll>0</roll>
			<gx:fovy>15</gx:fovy>
			<altitudeMode>absolute</altitudeMode>
		</Camera>
		<styleUrl>#__managed_style_009937D4AC2A01D8276C</styleUrl>
		<Point>
			<altitudeMode>relativeToGround</altitudeMode>
			<coordinates>104.0997768729539,17.49881531836574,0</coordinates>
		</Point>
	</Placemark>
	<Placemark id="0645FE25382A01E747CD">
		<name>LT87-SG-2185-0200-18+847</name>
		<Camera>
			<gx:ViewerOptions>
				<gx:option name="streetview"></gx:option>
				<gx:streetViewPanoId>7hx_j3ijmPgsm3E5O2Axow</gx:streetViewPanoId>
			</gx:ViewerOptions>
			<longitude>104.0997957235643</longitude>
			<latitude>17.49857320481717</latitude>
			<altitude>155.5050048828125</altitude>
			<heading>106.2781856066435</heading>
			<tilt>84.4733930891275</tilt>
			<roll>0</roll>
			<gx:fovy>15</gx:fovy>
			<altitudeMode>absolute</altitudeMode>
		</Camera>
		<styleUrl>#__managed_style_009937D4AC2A01D8276C</styleUrl>
		<Point>
			<altitudeMode>relativeToGround</altitudeMode>
			<coordinates>104.0998979091824,17.49853902840937,0</coordinates>
		</Point>
	</Placemark>
	<Placemark id="05F80522A02A01EBA213">
		<name>RT41-SG-2185-0200-18+867</name>
		<Camera>
			<gx:ViewerOptions>
				<gx:option name="streetview"></gx:option>
				<gx:streetViewPanoId>MK4iOowk6h4X5MqgTD6yaw</gx:streetViewPanoId>
			</gx:ViewerOptions>
			<longitude>104.0997885450668</longitude>
			<latitude>17.49820358515119</latitude>
			<altitude>155.8006896967122</altitude>
			<heading>322.3272691057441</heading>
			<tilt>77.08439496067651</tilt>
			<roll>0</roll>
			<gx:fovy>15</gx:fovy>
			<altitudeMode>absolute</altitudeMode>
		</Camera>
		<styleUrl>#__managed_style_009937D4AC2A01D8276C</styleUrl>
		<Point>
			<altitudeMode>relativeToGround</altitudeMode>
			<coordinates>104.0997570422698,17.4982493833827,0</coordinates>
		</Point>
	</Placemark>
	<Placemark id="0929F373EA2A01ECA5F6">
		<name>LT88-SG-2185-0200-18+882</name>
		<Camera>
			<gx:ViewerOptions>
				<gx:option name="streetview"></gx:option>
				<gx:streetViewPanoId>v877ZpHxReL7bEmWt9ZJkw</gx:streetViewPanoId>
			</gx:ViewerOptions>
			<longitude>104.0997858863641</longitude>
			<latitude>17.49801738531701</latitude>
			<altitude>155.9545135498047</altitude>
			<heading>119.5934893140011</heading>
			<tilt>87.2450010890152</tilt>
			<roll>0</roll>
			<gx:fovy>15</gx:fovy>
			<altitudeMode>absolute</altitudeMode>
		</Camera>
		<styleUrl>#__managed_style_009937D4AC2A01D8276C</styleUrl>
		<Point>
			<altitudeMode>relativeToGround</altitudeMode>
			<coordinates>104.0999042910108,17.497950227453,0</coordinates>
		</Point>
	</Placemark>
	<Placemark id="0F4A7C4DDF2A01FEB4C5">
		<name>RT42-SG-2185-0200-18+897</name>
		<Camera>
			<gx:ViewerOptions>
				<gx:option name="streetview"></gx:option>
				<gx:streetViewPanoId>ZobQhHUjhPW-w-8QUy7eKA</gx:streetViewPanoId>
			</gx:ViewerOptions>
			<longitude>104.0997794168545</longitude>
			<latitude>17.49764842107768</latitude>
			<altitude>156.2566833496094</altitude>
			<heading>260.3854289534232</heading>
			<tilt>76.68539486652119</tilt>
			<roll>0</roll>
			<gx:fovy>15</gx:fovy>
			<altitudeMode>absolute</altitudeMode>
		</Camera>
		<styleUrl>#__managed_style_009937D4AC2A01D8276C</styleUrl>
		<Point>
			<altitudeMode>relativeToGround</altitudeMode>
			<coordinates>104.0997483332574,17.49763529208089,0</coordinates>
		</Point>
	</Placemark>
	<Placemark id="0B2A1FBDD72A02004102">
		<name>LT89-SG-2185-0200-18+912</name>
		<Camera>
			<gx:ViewerOptions>
				<gx:option name="streetview"></gx:option>
				<gx:streetViewPanoId>UIHm-G7_PmgJPII5ENECQg</gx:streetViewPanoId>
			</gx:ViewerOptions>
			<longitude>104.0997650598616</longitude>
			<latitude>17.49737026576493</latitude>
			<altitude>156.5516510009766</altitude>
			<heading>91.92771169790336</heading>
			<tilt>88.85589547050344</tilt>
			<roll>0</roll>
			<gx:fovy>15</gx:fovy>
			<altitudeMode>absolute</altitudeMode>
		</Camera>
		<styleUrl>#__managed_style_009937D4AC2A01D8276C</styleUrl>
		<Point>
			<altitudeMode>relativeToGround</altitudeMode>
			<coordinates>104.0998891297359,17.49736517681909,0</coordinates>
		</Point>
	</Placemark>
	<Placemark id="08F7F0F3302A020287E5">
		<name>RT43-SG-2185-0200-18+927</name>
		<Camera>
			<gx:ViewerOptions>
				<gx:option name="streetview"></gx:option>
				<gx:streetViewPanoId>bduxJogOBVUMuMJHBCAMHg</gx:streetViewPanoId>
			</gx:ViewerOptions>
			<longitude>104.09975486817</longitude>
			<latitude>17.49709842658384</latitude>
			<altitude>156.8650665283203</altitude>
			<heading>227.0085276567764</heading>
			<tilt>81.41223585135738</tilt>
			<roll>0</roll>
			<gx:fovy>15</gx:fovy>
			<altitudeMode>absolute</altitudeMode>
		</Camera>
		<styleUrl>#__managed_style_009937D4AC2A01D8276C</styleUrl>
		<Point>
			<altitudeMode>relativeToGround</altitudeMode>
			<coordinates>104.0997306308464,17.49707841263912,0</coordinates>
		</Point>
	</Placemark>
	<Placemark id="0F0657FE612A0203CD7D">
		<name>LT90-SG-2185-0200-18+942</name>
		<Camera>
			<gx:ViewerOptions>
				<gx:option name="streetview"></gx:option>
				<gx:streetViewPanoId>zASG3Aji_vSWW-Cgnggp9Q</gx:streetViewPanoId>
			</gx:ViewerOptions>
			<longitude>104.099746892064</longitude>
			<latitude>17.49682607526178</latitude>
			<altitude>157.2306976318359</altitude>
			<heading>112.4710491962548</heading>
			<tilt>88.57737042238733</tilt>
			<roll>0</roll>
			<gx:fovy>15</gx:fovy>
			<altitudeMode>absolute</altitudeMode>
		</Camera>
		<styleUrl>#__managed_style_009937D4AC2A01D8276C</styleUrl>
		<Point>
			<altitudeMode>relativeToGround</altitudeMode>
			<coordinates>104.0998943862513,17.49676980657561,0</coordinates>
		</Point>
	</Placemark>
	<Placemark id="0ACB6A2A312A0204F4FF">
		<name>RT44-SG-2185-0200-18+957</name>
		<Camera>
			<gx:ViewerOptions>
				<gx:option name="streetview"></gx:option>
				<gx:streetViewPanoId>v7_V9StLICQR8FvU9vUTig</gx:streetViewPanoId>
			</gx:ViewerOptions>
			<longitude>104.0997368776205</longitude>
			<latitude>17.49645886761829</latitude>
			<altitude>157.6316070556641</altitude>
			<heading>304.4569639548236</heading>
			<tilt>77.2750713532546</tilt>
			<roll>0</roll>
			<gx:fovy>15</gx:fovy>
			<altitudeMode>absolute</altitudeMode>
		</Camera>
		<styleUrl>#__managed_style_009937D4AC2A01D8276C</styleUrl>
		<Point>
			<altitudeMode>relativeToGround</altitudeMode>
			<coordinates>104.0997055031444,17.49648027223969,0</coordinates>
		</Point>
	</Placemark>
	<Placemark id="0911DF1B302A0205EC5B">
		<name>LT91-SG-2185-0200-18+972</name>
		<Camera>
			<gx:ViewerOptions>
				<gx:option name="streetview"></gx:option>
				<gx:streetViewPanoId>fjvm4RE--NoRZasvNCWnkw</gx:streetViewPanoId>
			</gx:ViewerOptions>
			<longitude>104.0997295218792</longitude>
			<latitude>17.49618082677695</latitude>
			<altitude>157.9263458251953</altitude>
			<heading>79.27410089002784</heading>
			<tilt>88.40918733272095</tilt>
			<roll>0</roll>
			<gx:fovy>15</gx:fovy>
			<altitudeMode>absolute</altitudeMode>
		</Camera>
		<styleUrl>#__managed_style_009937D4AC2A01D8276C</styleUrl>
		<Point>
			<altitudeMode>relativeToGround</altitudeMode>
			<coordinates>104.0998496252454,17.49620204840027,0</coordinates>
		</Point>
	</Placemark>
	<Placemark id="03AE204B862A02073C2D">
		<name>RT45-SG-2185-0200-18+987</name>
		<Camera>
			<gx:ViewerOptions>
				<gx:option name="streetview"></gx:option>
				<gx:streetViewPanoId>dT2kpuU0jEx599R2evPQWA</gx:streetViewPanoId>
			</gx:ViewerOptions>
			<longitude>104.0997258883204</longitude>
			<latitude>17.49599646283123</latitude>
			<altitude>158.0968475341797</altitude>
			<heading>256.4416213817312</heading>
			<tilt>67.58322145697235</tilt>
			<roll>0</roll>
			<gx:fovy>15</gx:fovy>
			<altitudeMode>absolute</altitudeMode>
		</Camera>
		<styleUrl>#__managed_style_009937D4AC2A01D8276C</styleUrl>
		<Point>
			<altitudeMode>relativeToGround</altitudeMode>
			<coordinates>104.0997014789831,17.49599186974682,0</coordinates>
		</Point>
	</Placemark>
	<Placemark id="0B0BF7ABB02A02081ECE">
		<name>LT92-SG-2185-0200-18+992</name>
		<Camera>
			<gx:ViewerOptions>
				<gx:option name="streetview"></gx:option>
				<gx:streetViewPanoId>Vw6UNk6E4JhJ0lEIGsKgoQ</gx:streetViewPanoId>
			</gx:ViewerOptions>
			<longitude>104.099717646346</longitude>
			<latitude>17.49562780554464</latitude>
			<altitude>158.4979858398438</altitude>
			<heading>98.42037932537005</heading>
			<tilt>89.05087312872547</tilt>
			<roll>0</roll>
			<gx:fovy>15</gx:fovy>
			<altitudeMode>absolute</altitudeMode>
		</Camera>
		<styleUrl>#__managed_style_009937D4AC2A01D8276C</styleUrl>
		<Point>
			<altitudeMode>relativeToGround</altitudeMode>
			<coordinates>104.0998319676302,17.49562050340674,0</coordinates>
		</Point>
	</Placemark>
	<Placemark id="04DFC527BD2A021595E2">
		<name>RT46-SG-2185-0200-19+020</name>
		<Camera>
			<gx:ViewerOptions>
				<gx:option name="streetview"></gx:option>
				<gx:streetViewPanoId>7eHEjiHdWBRiHjMNU82nGg</gx:streetViewPanoId>
			</gx:ViewerOptions>
			<longitude>104.0997094929954</longitude>
			<latitude>17.49535696810708</latitude>
			<altitude>158.7164154052734</altitude>
			<heading>216.5754863589851</heading>
			<tilt>80.08162092979543</tilt>
			<roll>0</roll>
			<gx:fovy>15.05191295108627</gx:fovy>
			<altitudeMode>absolute</altitudeMode>
		</Camera>
		<styleUrl>#__managed_style_009937D4AC2A01D8276C</styleUrl>
		<Point>
			<altitudeMode>relativeToGround</altitudeMode>
			<coordinates>104.0996856527896,17.49533192807889,0</coordinates>
		</Point>
	</Placemark>
	<Placemark id="0521A3F3B12A0216E446">
		<name>LT93-SG-2185-0200-19+059</name>
		<Camera>
			<gx:ViewerOptions>
				<gx:option name="streetview"></gx:option>
				<gx:streetViewPanoId>L5UGTuVStFfcJgO3TqCHCQ</gx:streetViewPanoId>
			</gx:ViewerOptions>
			<longitude>104.0996977060872</longitude>
			<latitude>17.49499297755612</latitude>
			<altitude>159.0718688964844</altitude>
			<heading>72.86837737420093</heading>
			<tilt>88.88710963980972</tilt>
			<roll>0</roll>
			<gx:fovy>15</gx:fovy>
			<altitudeMode>absolute</altitudeMode>
		</Camera>
		<styleUrl>#__managed_style_009937D4AC2A01D8276C</styleUrl>
		<Point>
			<altitudeMode>relativeToGround</altitudeMode>
			<coordinates>104.0998366443942,17.4950351413887,0</coordinates>
		</Point>
	</Placemark>
	<Placemark id="094A8FA1522A023E5104">
		<name>RT47-SG-2185-0200-19+094</name>
		<Camera>
			<gx:ViewerOptions>
				<gx:option name="streetview"></gx:option>
				<gx:streetViewPanoId>SSc8p0JKTCBKdWjR9LEjAg</gx:streetViewPanoId>
			</gx:ViewerOptions>
			<longitude>104.0996898186078</longitude>
			<latitude>17.49471338878488</latitude>
			<altitude>159.3532257080078</altitude>
			<heading>325.3256378016669</heading>
			<tilt>81.7118230222251</tilt>
			<roll>0</roll>
			<gx:fovy>15</gx:fovy>
			<altitudeMode>absolute</altitudeMode>
		</Camera>
		<styleUrl>#__managed_style_009937D4AC2A01D8276C</styleUrl>
		<Point>
			<altitudeMode>relativeToGround</altitudeMode>
			<coordinates>104.0996564273509,17.49474812593898,0</coordinates>
		</Point>
	</Placemark>
	<Placemark id="07223017D62A023FE567">
		<name>LT94-SG-2185-0200-19+129</name>
		<Camera>
			<gx:ViewerOptions>
				<gx:option name="streetview"></gx:option>
				<gx:streetViewPanoId>TmtGdJ0KyZ0XwptWhO3Hpg</gx:streetViewPanoId>
			</gx:ViewerOptions>
			<longitude>104.0996872485303</longitude>
			<latitude>17.49452842003553</latitude>
			<altitude>159.5531921386719</altitude>
			<heading>124.3480529436715</heading>
			<tilt>86.15468997770608</tilt>
			<roll>0</roll>
			<gx:fovy>15</gx:fovy>
			<altitudeMode>absolute</altitudeMode>
		</Camera>
		<styleUrl>#__managed_style_009937D4AC2A01D8276C</styleUrl>
		<Point>
			<altitudeMode>relativeToGround</altitudeMode>
			<coordinates>104.0998015956341,17.49445693640634,0</coordinates>
		</Point>
	</Placemark>
	<Placemark id="021620EC2A2A02414230">
		<name>RT48-SG-2185-0200-10+164</name>
		<Camera>
			<gx:ViewerOptions>
				<gx:option name="streetview"></gx:option>
				<gx:streetViewPanoId>3PX8IGt2gfdzPfPy2dnZWg</gx:streetViewPanoId>
			</gx:ViewerOptions>
			<longitude>104.0996774999611</longitude>
			<latitude>17.49415687418107</latitude>
			<altitude>159.9248046874185</altitude>
			<heading>275.0506578126889</heading>
			<tilt>70.85776402601832</tilt>
			<roll>0</roll>
			<gx:fovy>15</gx:fovy>
			<altitudeMode>absolute</altitudeMode>
		</Camera>
		<styleUrl>#__managed_style_009937D4AC2A01D8276C</styleUrl>
		<Point>
			<altitudeMode>relativeToGround</altitudeMode>
			<coordinates>104.0996674908948,17.49415687680528,0</coordinates>
		</Point>
	</Placemark>
	<Placemark id="086D4BE6B22A0243E2D7">
		<name>LT95-SG-2185-0200-19+199</name>
		<Camera>
			<gx:ViewerOptions>
				<gx:option name="streetview"></gx:option>
				<gx:streetViewPanoId>2jQ1ja6GoBiVCvOJ0RzLMw</gx:streetViewPanoId>
			</gx:ViewerOptions>
			<longitude>104.0996691693661</longitude>
			<latitude>17.49388022915679</latitude>
			<altitude>160.1131591796875</altitude>
			<heading>98.32413249895581</heading>
			<tilt>88.67951644474613</tilt>
			<roll>0</roll>
			<gx:fovy>15</gx:fovy>
			<altitudeMode>absolute</altitudeMode>
		</Camera>
		<styleUrl>#__managed_style_009937D4AC2A01D8276C</styleUrl>
		<Point>
			<altitudeMode>relativeToGround</altitudeMode>
			<coordinates>104.0997723378427,17.49387545375048,0</coordinates>
		</Point>
	</Placemark>
	<Placemark id="017A278BF32A02453776">
		<name>RT49-SG-2185-0200-19+234</name>
		<Camera>
			<gx:ViewerOptions>
				<gx:option name="streetview"></gx:option>
				<gx:streetViewPanoId>tGZdQpJtukezhxEu06TiLg</gx:streetViewPanoId>
			</gx:ViewerOptions>
			<longitude>104.099664029212</longitude>
			<latitude>17.49369571071389</latitude>
			<altitude>160.2349090576172</altitude>
			<heading>195.236213162374</heading>
			<tilt>87.09075875716461</tilt>
			<roll>0</roll>
			<gx:fovy>15</gx:fovy>
			<altitudeMode>absolute</altitudeMode>
		</Camera>
		<styleUrl>#__managed_style_009937D4AC2A01D8276C</styleUrl>
		<Point>
			<altitudeMode>relativeToGround</altitudeMode>
			<coordinates>104.0996420523616,17.49362699869949,0</coordinates>
		</Point>
	</Placemark>
	<Placemark id="085E7C45052A02466ED0">
		<name>LT96-SG-2185-0200-19+271</name>
		<Camera>
			<gx:ViewerOptions>
				<gx:option name="streetview"></gx:option>
				<gx:streetViewPanoId>tiIAMx0dGAAeDRzcGTnP_g</gx:streetViewPanoId>
			</gx:ViewerOptions>
			<longitude>104.0996482542575</longitude>
			<latitude>17.49335159228666</latitude>
			<altitude>160.3054504394531</altitude>
			<heading>119.7860123262935</heading>
			<tilt>89.96218852192995</tilt>
			<roll>0</roll>
			<gx:fovy>15</gx:fovy>
			<altitudeMode>absolute</altitudeMode>
		</Camera>
		<styleUrl>#__managed_style_009937D4AC2A01D8276C</styleUrl>
		<Point>
			<altitudeMode>relativeToGround</altitudeMode>
			<coordinates>104.0997470019517,17.49329658194928,0</coordinates>
		</Point>
	</Placemark>
	<Placemark id="0AF4C99DEA2A02470F55">
		<name>RT50-SG-2185-0200-19+271</name>
		<Camera>
			<gx:ViewerOptions>
				<gx:option name="streetview"></gx:option>
				<gx:streetViewPanoId>DI1fiQv5meSMBrfgBqFJdg</gx:streetViewPanoId>
			</gx:ViewerOptions>
			<longitude>104.0996562303579</longitude>
			<latitude>17.49304660520657</latitude>
			<altitude>160.4585723876953</altitude>
			<heading>207.3489691509581</heading>
			<tilt>84.61886263568638</tilt>
			<roll>0</roll>
			<gx:fovy>15</gx:fovy>
			<altitudeMode>absolute</altitudeMode>
		</Camera>
		<styleUrl>#__managed_style_009937D4AC2A01D8276C</styleUrl>
		<Point>
			<altitudeMode>relativeToGround</altitudeMode>
			<coordinates>104.0996195264177,17.492980650327,0</coordinates>
		</Point>
	</Placemark>
	<Placemark id="090E10D32E2A0247C1D6">
		<name>LT97-SG-2185-0200-19+269</name>
		<Camera>
			<gx:ViewerOptions>
				<gx:option name="streetview"></gx:option>
				<gx:streetViewPanoId>6NDSKmynFoe1H_IuV3wxhA</gx:streetViewPanoId>
			</gx:ViewerOptions>
			<longitude>104.0996455955574</longitude>
			<latitude>17.49264169377672</latitude>
			<altitude>160.5579681398772</altitude>
			<heading>96.74785636434775</heading>
			<tilt>86.33987980266895</tilt>
			<roll>0</roll>
			<gx:fovy>15</gx:fovy>
			<altitudeMode>absolute</altitudeMode>
		</Camera>
		<styleUrl>#__managed_style_009937D4AC2A01D8276C</styleUrl>
		<Point>
			<altitudeMode>relativeToGround</altitudeMode>
			<coordinates>104.0997344355328,17.49262852963452,0</coordinates>
		</Point>
	</Placemark>
	<Placemark id="098AB5D3822A024B1EB6">
		<name>RT51-SG-2185-0200-19+304</name>
		<Camera>
			<gx:ViewerOptions>
				<gx:option name="streetview"></gx:option>
				<gx:streetViewPanoId>TU9ZvL5h09oxBaOpyVwxwg</gx:streetViewPanoId>
			</gx:ViewerOptions>
			<longitude>104.0996442662075</longitude>
			<latitude>17.49227369024515</latitude>
			<altitude>160.6189117431641</altitude>
			<heading>280.0299473621185</heading>
			<tilt>82.76430795061184</tilt>
			<roll>0</roll>
			<gx:fovy>15</gx:fovy>
			<altitudeMode>absolute</altitudeMode>
		</Camera>
		<styleUrl>#__managed_style_009937D4AC2A01D8276C</styleUrl>
		<Point>
			<altitudeMode>relativeToGround</altitudeMode>
			<coordinates>104.0995957220371,17.49228722207332,0</coordinates>
		</Point>
	</Placemark>
	<Placemark id="0723567B2E2A024C5AB4">
		<name>LT98-SG-2185-0200-19+339</name>
		<Camera>
			<gx:ViewerOptions>
				<gx:option name="streetview"></gx:option>
				<gx:streetViewPanoId>t-2ZfOxsBo-PDyt1NNwrww</gx:streetViewPanoId>
			</gx:ViewerOptions>
			<longitude>104.0996364673544</longitude>
			<latitude>17.49199665610721</latitude>
			<altitude>160.6892547607422</altitude>
			<heading>118.0825345046631</heading>
			<tilt>89.96184907071101</tilt>
			<roll>0</roll>
			<gx:fovy>15</gx:fovy>
			<altitudeMode>absolute</altitudeMode>
		</Camera>
		<styleUrl>#__managed_style_009937D4AC2A01D8276C</styleUrl>
		<Point>
			<altitudeMode>relativeToGround</altitudeMode>
			<coordinates>104.0997423052869,17.49193819486118,0</coordinates>
		</Point>
	</Placemark>
	<Placemark id="0D2079E44D2A024D7AD1">
		<name>RT52-SG-2185-0200-19+339</name>
		<Camera>
			<gx:ViewerOptions>
				<gx:option name="streetview"></gx:option>
				<gx:streetViewPanoId>t-2ZfOxsBo-PDyt1NNwrww</gx:streetViewPanoId>
			</gx:ViewerOptions>
			<longitude>104.0996364673545</longitude>
			<latitude>17.49199665610719</latitude>
			<altitude>160.6891457405672</altitude>
			<heading>235.1743555682903</heading>
			<tilt>84.35279804218899</tilt>
			<roll>0</roll>
			<gx:fovy>15</gx:fovy>
			<altitudeMode>absolute</altitudeMode>
		</Camera>
		<styleUrl>#__managed_style_009937D4AC2A01D8276C</styleUrl>
		<Point>
			<altitudeMode>relativeToGround</altitudeMode>
			<coordinates>104.0995942734606,17.4919705066565,0</coordinates>
		</Point>
	</Placemark>
	<Placemark id="0920B647142A024E5610">
		<name>LT99-SG-2185-0200-19+374</name>
		<Camera>
			<gx:ViewerOptions>
				<gx:option name="streetview"></gx:option>
				<gx:streetViewPanoId>HnvcEViVD0sgPuTVuYK9LQ</gx:streetViewPanoId>
			</gx:ViewerOptions>
			<longitude>104.099627605022</longitude>
			<latitude>17.49162910771411</latitude>
			<altitude>160.7726898193359</altitude>
			<heading>95.4829727710939</heading>
			<tilt>89.19944073097372</tilt>
			<roll>0</roll>
			<gx:fovy>15</gx:fovy>
			<altitudeMode>absolute</altitudeMode>
		</Camera>
		<styleUrl>#__managed_style_009937D4AC2A01D8276C</styleUrl>
		<Point>
			<altitudeMode>relativeToGround</altitudeMode>
			<coordinates>104.0997492331636,17.49162393346969,0</coordinates>
		</Point>
	</Placemark>
	<Placemark id="09923878682A024FB5EF">
		<name>LT53-SG-2185-0200-19+374</name>
		<Camera>
			<gx:ViewerOptions>
				<gx:option name="streetview"></gx:option>
				<gx:streetViewPanoId>HnvcEViVD0sgPuTVuYK9LQ</gx:streetViewPanoId>
			</gx:ViewerOptions>
			<longitude>104.099627605022</longitude>
			<latitude>17.4916291077141</latitude>
			<altitude>160.7726280736348</altitude>
			<heading>267.0775085204897</heading>
			<tilt>78.23747452669534</tilt>
			<roll>0</roll>
			<gx:fovy>16.35188716155254</gx:fovy>
			<altitudeMode>absolute</altitudeMode>
		</Camera>
		<styleUrl>#__managed_style_009937D4AC2A01D8276C</styleUrl>
		<Point>
			<altitudeMode>relativeToGround</altitudeMode>
			<coordinates>104.0995699794246,17.49162660151247,0</coordinates>
		</Point>
	</Placemark>
	<Placemark id="0EEDD8232F2A02509D1A">
		<name>LT100-SG-2185-0200-19+409</name>
		<Camera>
			<gx:ViewerOptions>
				<gx:option name="streetview"></gx:option>
				<gx:streetViewPanoId>H8sWp2zgS6CdA5MBrX7Z1g</gx:streetViewPanoId>
			</gx:ViewerOptions>
			<longitude>104.0996196289232</longitude>
			<latitude>17.49126114319433</latitude>
			<altitude>160.9749908445504</altitude>
			<heading>114.0663417090477</heading>
			<tilt>87.09152225990199</tilt>
			<roll>0</roll>
			<gx:fovy>15</gx:fovy>
			<altitudeMode>absolute</altitudeMode>
		</Camera>
		<styleUrl>#__managed_style_009937D4AC2A01D8276C</styleUrl>
		<Point>
			<altitudeMode>relativeToGround</altitudeMode>
			<coordinates>104.0997227876015,17.49121129875787,0</coordinates>
		</Point>
	</Placemark>
	<Placemark id="0A49D807652A0251A7D0">
		<name>RT54-SG-2185-0200-19+409</name>
		<Camera>
			<gx:ViewerOptions>
				<gx:option name="streetview"></gx:option>
				<gx:streetViewPanoId>H8sWp2zgS6CdA5MBrX7Z1g</gx:streetViewPanoId>
			</gx:ViewerOptions>
			<longitude>104.0996196289232</longitude>
			<latitude>17.49126114319431</latitude>
			<altitude>160.9749213263566</altitude>
			<heading>244.4274204533836</heading>
			<tilt>79.13387789668884</tilt>
			<roll>0</roll>
			<gx:fovy>15</gx:fovy>
			<altitudeMode>absolute</altitudeMode>
		</Camera>
		<styleUrl>#__managed_style_009937D4AC2A01D8276C</styleUrl>
		<Point>
			<altitudeMode>relativeToGround</altitudeMode>
			<coordinates>104.0995616495917,17.49124231790558,0</coordinates>
		</Point>
	</Placemark>
	<Placemark id="0C2B7594FF2A0252B63E">
		<name>LT101-SG-2185-0200-19+444</name>
		<Camera>
			<gx:ViewerOptions>
				<gx:option name="streetview"></gx:option>
				<gx:streetViewPanoId>X7icZLj2W93WYjYfRBYOIA</gx:streetViewPanoId>
			</gx:ViewerOptions>
			<longitude>104.0996097917353</longitude>
			<latitude>17.49084550382094</latitude>
			<altitude>161.3455505371094</altitude>
			<heading>73.01024571839596</heading>
			<tilt>89.41343202460099</tilt>
			<roll>0</roll>
			<gx:fovy>15</gx:fovy>
			<altitudeMode>absolute</altitudeMode>
		</Camera>
		<styleUrl>#__managed_style_009937D4AC2A01D8276C</styleUrl>
		<Point>
			<altitudeMode>relativeToGround</altitudeMode>
			<coordinates>104.0997243003584,17.4908770427802,0</coordinates>
		</Point>
	</Placemark>
	<Placemark id="09AFAA42CF2A0253BC0E">
		<name>RT55-SG-2185-0200-19+449</name>
		<Camera>
			<gx:ViewerOptions>
				<gx:option name="streetview"></gx:option>
				<gx:streetViewPanoId>X7icZLj2W93WYjYfRBYOIA</gx:streetViewPanoId>
			</gx:ViewerOptions>
			<longitude>104.0996097917369</longitude>
			<latitude>17.49084550382138</latitude>
			<altitude>161.3452450043886</altitude>
			<heading>246.1338469572416</heading>
			<tilt>84.40681748012355</tilt>
			<roll>0</roll>
			<gx:fovy>15</gx:fovy>
			<altitudeMode>absolute</altitudeMode>
		</Camera>
		<styleUrl>#__managed_style_009937D4AC2A01D8276C</styleUrl>
		<Point>
			<altitudeMode>relativeToGround</altitudeMode>
			<coordinates>104.0995447998365,17.49083377039907,0</coordinates>
		</Point>
	</Placemark>
	<Placemark id="052462CADF2A0266B60B">
		<name>LT102-SG-2185-0200-19+479</name>
		<Camera>
			<gx:ViewerOptions>
				<gx:option name="streetview"></gx:option>
				<gx:streetViewPanoId>HkVy1QIfYWQu-VMsXcfO3w</gx:streetViewPanoId>
			</gx:ViewerOptions>
			<longitude>104.0996035881037</longitude>
			<latitude>17.49056650395912</latitude>
			<altitude>161.6347503659307</altitude>
			<heading>123.4836950710613</heading>
			<tilt>87.04077470273268</tilt>
			<roll>0</roll>
			<gx:fovy>15</gx:fovy>
			<altitudeMode>absolute</altitudeMode>
		</Camera>
		<styleUrl>#__managed_style_009937D4AC2A01D8276C</styleUrl>
		<Point>
			<altitudeMode>relativeToGround</altitudeMode>
			<coordinates>104.0997009959116,17.49049593294135,0</coordinates>
		</Point>
	</Placemark>
	<Placemark id="0774F42AF62A026824AC">
		<name>RT56-SG-2185-0200-19+479</name>
		<Camera>
			<gx:ViewerOptions>
				<gx:option name="streetview"></gx:option>
				<gx:streetViewPanoId>HkVy1QIfYWQu-VMsXcfO3w</gx:streetViewPanoId>
			</gx:ViewerOptions>
			<longitude>104.0996035881091</longitude>
			<latitude>17.49056650395478</latitude>
			<altitude>161.6340376058699</altitude>
			<heading>233.6093378199637</heading>
			<tilt>83.62027575440831</tilt>
			<roll>0</roll>
			<gx:fovy>15.26571310033911</gx:fovy>
			<altitudeMode>absolute</altitudeMode>
		</Camera>
		<styleUrl>#__managed_style_009937D4AC2A01D8276C</styleUrl>
		<Point>
			<altitudeMode>relativeToGround</altitudeMode>
			<coordinates>104.0995319018545,17.4905158422218,0</coordinates>
		</Point>
	</Placemark>
	<Placemark id="04CFA387762A028BD74B">
		<name>LT103-SG-2185-0200-19+519</name>
		<Camera>
			<gx:ViewerOptions>
				<gx:option name="streetview"></gx:option>
				<gx:streetViewPanoId>6oHC6ZRxnyVd4iAFlnjsjQ</gx:streetViewPanoId>
			</gx:ViewerOptions>
			<longitude>104.0995917125811</longitude>
			<latitude>17.49005901055452</latitude>
			<altitude>161.76171875</altitude>
			<heading>94.378789506155</heading>
			<tilt>83.82312105060954</tilt>
			<roll>0</roll>
			<gx:fovy>15</gx:fovy>
			<altitudeMode>absolute</altitudeMode>
		</Camera>
		<styleUrl>#__managed_style_009937D4AC2A01D8276C</styleUrl>
		<Point>
			<altitudeMode>relativeToGround</altitudeMode>
			<coordinates>104.0996888542768,17.49004866034063,0</coordinates>
		</Point>
	</Placemark>
	<Placemark id="07886077032A028DB225">
		<name>RT57-SG-2185-0200-19+517</name>
		<Camera>
			<gx:ViewerOptions>
				<gx:option name="streetview"></gx:option>
				<gx:streetViewPanoId>KWxN_OWDgRtbMIw-YDRIew</gx:streetViewPanoId>
			</gx:ViewerOptions>
			<longitude>104.0995933964238</longitude>
			<latitude>17.49015194973314</latitude>
			<altitude>161.7790985107422</altitude>
			<heading>299.4328796704997</heading>
			<tilt>84.72312281212179</tilt>
			<roll>0</roll>
			<gx:fovy>15</gx:fovy>
			<altitudeMode>absolute</altitudeMode>
		</Camera>
		<styleUrl>#__managed_style_009937D4AC2A01D8276C</styleUrl>
		<Point>
			<altitudeMode>relativeToGround</altitudeMode>
			<coordinates>104.0995201825292,17.49018166634691,0</coordinates>
		</Point>
	</Placemark>
	<Placemark id="00821743722A0293C72F">
		<name>LT104-SG-2185-0200-19+557</name>
		<Camera>
			<gx:ViewerOptions>
				<gx:option name="streetview"></gx:option>
				<gx:streetViewPanoId>cMOmiH2DsbK1bp8e4LRDvg</gx:streetViewPanoId>
			</gx:ViewerOptions>
			<longitude>104.0995861293134</longitude>
			<latitude>17.48973506859913</latitude>
			<altitude>161.6486663824711</altitude>
			<heading>113.0017079106653</heading>
			<tilt>84.33594289699248</tilt>
			<roll>0</roll>
			<gx:fovy>15</gx:fovy>
			<altitudeMode>absolute</altitudeMode>
		</Camera>
		<styleUrl>#__managed_style_009937D4AC2A01D8276C</styleUrl>
		<Point>
			<altitudeMode>relativeToGround</altitudeMode>
			<coordinates>104.0996871150357,17.48969017374257,0</coordinates>
		</Point>
	</Placemark>
	<Placemark id="033042CCB82A0295F527">
		<name>RT58-SG-2185-0200-10+584</name>
		<Camera>
			<gx:ViewerOptions>
				<gx:option name="streetview"></gx:option>
				<gx:streetViewPanoId>b-lAaFgQ-Jqvl6WPdvCCqQ</gx:streetViewPanoId>
			</gx:ViewerOptions>
			<longitude>104.0995810777856</longitude>
			<latitude>17.48955107598375</latitude>
			<altitude>161.5217590332031</altitude>
			<heading>296.5987402563177</heading>
			<tilt>83.86774709848019</tilt>
			<roll>0</roll>
			<gx:fovy>15</gx:fovy>
			<altitudeMode>absolute</altitudeMode>
		</Camera>
		<styleUrl>#__managed_style_009937D4AC2A01D8276C</styleUrl>
		<Point>
			<altitudeMode>relativeToGround</altitudeMode>
			<coordinates>104.099507377409,17.48957866108466,0</coordinates>
		</Point>
	</Placemark>
	<Placemark id="0A3D25F5362A02981CC2">
		<name>LT105-SG-2185-0200-19+602</name>
		<Camera>
			<gx:ViewerOptions>
				<gx:option name="streetview"></gx:option>
				<gx:streetViewPanoId>Cin__UKxFk9yd-tTtxmGCg</gx:streetViewPanoId>
			</gx:ViewerOptions>
			<longitude>104.0995781532169</longitude>
			<latitude>17.48936216709856</latitude>
			<altitude>161.3438415527344</altitude>
			<heading>121.9940162928303</heading>
			<tilt>86.27685538603173</tilt>
			<roll>0</roll>
			<gx:fovy>15</gx:fovy>
			<altitudeMode>absolute</altitudeMode>
		</Camera>
		<styleUrl>#__managed_style_009937D4AC2A01D8276C</styleUrl>
		<Point>
			<altitudeMode>relativeToGround</altitudeMode>
			<coordinates>104.0996563442594,17.48930343330764,0</coordinates>
		</Point>
	</Placemark>
	<Placemark id="01D72A83852A029AEE71">
		<name>RT59-SG-2185-0200-19+637</name>
		<Camera>
			<gx:ViewerOptions>
				<gx:option name="streetview"></gx:option>
				<gx:streetViewPanoId>QZ_qcIUQc1cxcbhTgE51Tw</gx:streetViewPanoId>
			</gx:ViewerOptions>
			<longitude>104.0995684046554</longitude>
			<latitude>17.48893558654709</latitude>
			<altitude>161.0791530364496</altitude>
			<heading>91.83717659784783</heading>
			<tilt>80.60508427486249</tilt>
			<roll>0</roll>
			<gx:fovy>16.90768166823193</gx:fovy>
			<altitudeMode>absolute</altitudeMode>
		</Camera>
		<styleUrl>#__managed_style_009937D4AC2A01D8276C</styleUrl>
		<Point>
			<altitudeMode>relativeToGround</altitudeMode>
			<coordinates>104.0995004073101,17.4891037217786,0</coordinates>
		</Point>
	</Placemark>
	<Placemark id="0EBD4C64F32A029D18B6">
		<name>LT106-SG-2185-0200-19+655</name>
		<Camera>
			<gx:ViewerOptions>
				<gx:option name="streetview"></gx:option>
				<gx:streetViewPanoId>QZ_qcIUQc1cxcbhTgE51Tw</gx:streetViewPanoId>
			</gx:ViewerOptions>
			<longitude>104.0995684046554</longitude>
			<latitude>17.48893558654709</latitude>
			<altitude>161.0791530364496</altitude>
			<heading>91.83717659784783</heading>
			<tilt>80.60508427486249</tilt>
			<roll>0</roll>
			<gx:fovy>16.90768166823193</gx:fovy>
			<altitudeMode>absolute</altitudeMode>
		</Camera>
		<styleUrl>#__managed_style_009937D4AC2A01D8276C</styleUrl>
		<Point>
			<altitudeMode>relativeToGround</altitudeMode>
			<coordinates>104.0996504714815,17.48893121053952,0</coordinates>
		</Point>
	</Placemark>
	<Placemark id="07FFCBE8592A029E2198">
		<name>RT60-SG-2185-0200-19+690</name>
		<Camera>
			<gx:ViewerOptions>
				<gx:option name="streetview"></gx:option>
				<gx:streetViewPanoId>zmhLlhYWjKwe-GNrdx-8pA</gx:streetViewPanoId>
			</gx:ViewerOptions>
			<longitude>104.0995582129779</longitude>
			<latitude>17.48856646225304</latitude>
			<altitude>160.8102111816406</altitude>
			<heading>211.7931091430777</heading>
			<tilt>87.42285609909941</tilt>
			<roll>0</roll>
			<gx:fovy>15</gx:fovy>
			<altitudeMode>absolute</altitudeMode>
		</Camera>
		<styleUrl>#__managed_style_009937D4AC2A01D8276C</styleUrl>
		<Point>
			<altitudeMode>relativeToGround</altitudeMode>
			<coordinates>104.099496131241,17.48848283561668,0</coordinates>
		</Point>
	</Placemark>
	<Placemark id="00DACF08A92A02A28821">
		<name>LT107-SG-2185-0200-19+708</name>
		<Camera>
			<gx:ViewerOptions>
				<gx:option name="streetview"></gx:option>
				<gx:streetViewPanoId>BNX52BILBSKlMyWZgm0teQ</gx:streetViewPanoId>
			</gx:ViewerOptions>
			<longitude>104.0995554656563</longitude>
			<latitude>17.48847298275205</latitude>
			<altitude>160.7666778564453</altitude>
			<heading>111.4633052594927</heading>
			<tilt>84.04221631049791</tilt>
			<roll>0</roll>
			<gx:fovy>15</gx:fovy>
			<altitudeMode>absolute</altitudeMode>
		</Camera>
		<styleUrl>#__managed_style_009937D4AC2A01D8276C</styleUrl>
		<Point>
			<altitudeMode>relativeToGround</altitudeMode>
			<coordinates>104.0996539014063,17.48844005789388,0</coordinates>
		</Point>
	</Placemark>
	<Placemark id="0723A9AACC2A02A4CD65">
		<name>LT108-SG-2185-0200-19+741</name>
		<Camera>
			<gx:ViewerOptions>
				<gx:option name="streetview"></gx:option>
				<gx:streetViewPanoId>t2rgh8T4RMUNp6KbAoWF2g</gx:streetViewPanoId>
			</gx:ViewerOptions>
			<longitude>104.099546957822</longitude>
			<latitude>17.48810223835286</latitude>
			<altitude>160.54833984375</altitude>
			<heading>65.90299009344488</heading>
			<tilt>85.51069413936597</tilt>
			<roll>0</roll>
			<gx:fovy>15</gx:fovy>
			<altitudeMode>absolute</altitudeMode>
		</Camera>
		<styleUrl>#__managed_style_009937D4AC2A01D8276C</styleUrl>
		<Point>
			<altitudeMode>relativeToGround</altitudeMode>
			<coordinates>104.0996428963579,17.48814201149265,0</coordinates>
		</Point>
	</Placemark>
	<Placemark id="0669010E4A2A02A6C9D3">
		<name>RT61-SG-2185-0200-19+755</name>
		<Camera>
			<gx:ViewerOptions>
				<gx:option name="streetview"></gx:option>
				<gx:streetViewPanoId>zkqtr-bnu3uy4KCVRalffA</gx:streetViewPanoId>
			</gx:ViewerOptions>
			<longitude>104.0995428811515</longitude>
			<latitude>17.48791694180109</latitude>
			<altitude>160.4698333745847</altitude>
			<heading>254.9249085638412</heading>
			<tilt>74.63878649390881</tilt>
			<roll>0</roll>
			<gx:fovy>15</gx:fovy>
			<altitudeMode>absolute</altitudeMode>
		</Camera>
		<styleUrl>#__managed_style_009937D4AC2A01D8276C</styleUrl>
		<Point>
			<altitudeMode>relativeToGround</altitudeMode>
			<coordinates>104.0994871830076,17.48790346128081,0</coordinates>
		</Point>
	</Placemark>
	<Placemark id="0DC4032B882A02A92086">
		<name>LT109-SG-2185-0200-19+796</name>
		<Camera>
			<gx:ViewerOptions>
				<gx:option name="streetview"></gx:option>
				<gx:streetViewPanoId>eJ719b1b5A6Iybl81dai_g</gx:streetViewPanoId>
			</gx:ViewerOptions>
			<longitude>104.0995715950936</longitude>
			<latitude>17.48768077035203</latitude>
			<altitude>160.2985687255859</altitude>
			<heading>128.7414179861207</heading>
			<tilt>80.03136113026514</tilt>
			<roll>0</roll>
			<gx:fovy>15</gx:fovy>
			<altitudeMode>absolute</altitudeMode>
		</Camera>
		<styleUrl>#__managed_style_009937D4AC2A01D8276C</styleUrl>
		<Point>
			<altitudeMode>relativeToGround</altitudeMode>
			<coordinates>104.0996169005603,17.48764293474582,0</coordinates>
		</Point>
	</Placemark>
	<Placemark id="029810790A2A02AF0CD7">
		<name>RT62-SG-2185-0200-19+817</name>
		<Camera>
			<gx:ViewerOptions>
				<gx:option name="streetview"></gx:option>
				<gx:streetViewPanoId>HUzNdADRuJr4XB5ZA62geQ</gx:streetViewPanoId>
			</gx:ViewerOptions>
			<longitude>104.0995274607036</longitude>
			<latitude>17.48740891492575</latitude>
			<altitude>160.3133544921875</altitude>
			<heading>225.6873873891259</heading>
			<tilt>74.55984066435481</tilt>
			<roll>0</roll>
			<gx:fovy>15</gx:fovy>
			<altitudeMode>absolute</altitudeMode>
		</Camera>
		<styleUrl>#__managed_style_009937D4AC2A01D8276C</styleUrl>
		<Point>
			<altitudeMode>relativeToGround</altitudeMode>
			<coordinates>104.0994823796604,17.48737469441905,0</coordinates>
		</Point>
	</Placemark>
	<Placemark id="0004FB4A2F2A02B1FF55">
		<name>LT110-SG-2185-0200-19+838</name>
		<Camera>
			<gx:ViewerOptions>
				<gx:option name="streetview"></gx:option>
				<gx:streetViewPanoId>HUzNdADRuJr4XB5ZA62geQ</gx:streetViewPanoId>
			</gx:ViewerOptions>
			<longitude>104.0995274607013</longitude>
			<latitude>17.48740891492515</latitude>
			<altitude>160.312627153102</altitude>
			<heading>113.9957985923265</heading>
			<tilt>93.3961800597899</tilt>
			<roll>0</roll>
			<gx:fovy>15</gx:fovy>
			<altitudeMode>absolute</altitudeMode>
		</Camera>
		<styleUrl>#__managed_style_009937D4AC2A01D8276C</styleUrl>
		<Point>
			<altitudeMode>relativeToGround</altitudeMode>
			<coordinates>104.0997752627654,17.48730341578578,0</coordinates>
		</Point>
	</Placemark>
</Document>
</kml>
