<?xml version="1.0" encoding="UTF-8"?>
<kml xmlns="http://www.opengis.net/kml/2.2" xmlns:gx="http://www.google.com/kml/ext/2.2" xmlns:kml="http://www.opengis.net/kml/2.2" xmlns:atom="http://www.w3.org/2005/Atom">
<Document>
	<name>ไฟฟ้า 240</name>
	<gx:CascadingStyle kml:id="__managed_style_272F9A42B829FEE14857">
		<Style>
			<IconStyle>
				<scale>1.2</scale>
				<Icon>
					<href>https://earth.google.com/earth/rpc/cc/icon?color=1976d2&amp;id=2000&amp;scale=4</href>
				</Icon>
				<hotSpot x="64" y="128" xunits="pixels" yunits="insetPixels"/>
			</IconStyle>
			<LabelStyle>
			</LabelStyle>
			<LineStyle>
				<color>ff2dc0fb</color>
				<width>6</width>
			</LineStyle>
			<PolyStyle>
				<color>40ffffff</color>
			</PolyStyle>
			<BalloonStyle>
				<displayMode>hide</displayMode>
			</BalloonStyle>
		</Style>
	</gx:CascadingStyle>
	<StyleMap id="__managed_style_084E5B89E929FEE14857">
		<Pair>
			<key>normal</key>
			<styleUrl>#__managed_style_1213A7B6C829FEE14857</styleUrl>
		</Pair>
		<Pair>
			<key>highlight</key>
			<styleUrl>#__managed_style_272F9A42B829FEE14857</styleUrl>
		</Pair>
	</StyleMap>
	<gx:CascadingStyle kml:id="__managed_style_2EABEAD74229FEE14855">
		<Style>
			<IconStyle>
				<scale>1.2</scale>
				<Icon>
					<href>https://earth.google.com/earth/rpc/cc/icon?color=1976d2&amp;id=2000&amp;scale=4</href>
				</Icon>
				<hotSpot x="64" y="128" xunits="pixels" yunits="insetPixels"/>
			</IconStyle>
			<LabelStyle>
			</LabelStyle>
			<LineStyle>
				<color>ff2dc0fb</color>
				<width>4.8</width>
			</LineStyle>
			<PolyStyle>
				<color>40ffffff</color>
			</PolyStyle>
			<BalloonStyle>
				<displayMode>hide</displayMode>
			</BalloonStyle>
		</Style>
	</gx:CascadingStyle>
	<gx:CascadingStyle kml:id="__managed_style_1213A7B6C829FEE14857">
		<Style>
			<IconStyle>
				<Icon>
					<href>https://earth.google.com/earth/rpc/cc/icon?color=1976d2&amp;id=2000&amp;scale=4</href>
				</Icon>
				<hotSpot x="64" y="128" xunits="pixels" yunits="insetPixels"/>
			</IconStyle>
			<LabelStyle>
			</LabelStyle>
			<LineStyle>
				<color>ff2dc0fb</color>
				<width>4</width>
			</LineStyle>
			<PolyStyle>
				<color>40ffffff</color>
			</PolyStyle>
			<BalloonStyle>
				<displayMode>hide</displayMode>
			</BalloonStyle>
		</Style>
	</gx:CascadingStyle>
	<gx:CascadingStyle kml:id="__managed_style_19DF8AB1EB29FEE14855">
		<Style>
			<IconStyle>
				<Icon>
					<href>https://earth.google.com/earth/rpc/cc/icon?color=1976d2&amp;id=2000&amp;scale=4</href>
				</Icon>
				<hotSpot x="64" y="128" xunits="pixels" yunits="insetPixels"/>
			</IconStyle>
			<LabelStyle>
			</LabelStyle>
			<LineStyle>
				<color>ff2dc0fb</color>
				<width>3.2</width>
			</LineStyle>
			<PolyStyle>
				<color>40ffffff</color>
			</PolyStyle>
			<BalloonStyle>
				<displayMode>hide</displayMode>
			</BalloonStyle>
		</Style>
	</gx:CascadingStyle>
	<StyleMap id="__managed_style_0FB0F0B50C29FEE14855">
		<Pair>
			<key>normal</key>
			<styleUrl>#__managed_style_19DF8AB1EB29FEE14855</styleUrl>
		</Pair>
		<Pair>
			<key>highlight</key>
			<styleUrl>#__managed_style_2EABEAD74229FEE14855</styleUrl>
		</Pair>
	</StyleMap>
	<Placemark id="085421F1AE29E9D9EF23">
		<name>MD1 - DB - 240 - 0100 - 0+225</name>
		<Camera>
			<gx:ViewerOptions>
				<gx:option name="streetview"></gx:option>
				<gx:streetViewPanoId>1XdcvHtoQGY7uJ70JHnNZw</gx:streetViewPanoId>
			</gx:ViewerOptions>
			<longitude>104.79288574571</longitude>
			<latitude>17.37233805476285</latitude>
			<altitude>148.3462366062721</altitude>
			<heading>24.85289876214576</heading>
			<tilt>79.75901267969886</tilt>
			<roll>0</roll>
			<gx:fovy>23.17985061600983</gx:fovy>
			<altitudeMode>absolute</altitudeMode>
		</Camera>
		<styleUrl>#__managed_style_0FB0F0B50C29FEE14855</styleUrl>
		<Point>
			<altitudeMode>relativeToGround</altitudeMode>
			<coordinates>104.7929405689914,17.37240391677699,0</coordinates>
		</Point>
	</Placemark>
	<Placemark id="085F493B5529E9DBDC08">
		<name>MD2 - DB - 240 - 0100 - 0+267</name>
		<LookAt>
			<longitude>104.792955296811</longitude>
			<latitude>17.3724301663902</latitude>
			<altitude>143.3915604611756</altitude>
			<heading>211.3503055901348</heading>
			<tilt>0</tilt>
			<gx:fovy>35</gx:fovy>
			<range>263.7812684032178</range>
			<altitudeMode>absolute</altitudeMode>
		</LookAt>
		<styleUrl>#__managed_style_0FB0F0B50C29FEE14855</styleUrl>
		<Point>
			<coordinates>104.7926151846015,17.37258612492922,144.4036927387026</coordinates>
		</Point>
	</Placemark>
	<Placemark id="069A6EF59829E9DC6E88">
		<name>MD3 - DB - 240 - 0100 - 0+329</name>
		<LookAt>
			<longitude>104.7923602438842</longitude>
			<latitude>17.37267625955651</latitude>
			<altitude>146.0248794952744</altitude>
			<heading>24.85268567753173</heading>
			<tilt>0</tilt>
			<gx:fovy>34.99999806994614</gx:fovy>
			<range>90.11335901961502</range>
			<altitudeMode>absolute</altitudeMode>
		</LookAt>
		<styleUrl>#__managed_style_0FB0F0B50C29FEE14855</styleUrl>
		<Point>
			<coordinates>104.7922841449673,17.37278058083547,147.5896977872338</coordinates>
		</Point>
	</Placemark>
	<Placemark id="0F323DBF0A29E9DDB624">
		<name>LT1 - SG - 240 - 0100 - 0+247</name>
		<Camera>
			<gx:ViewerOptions>
				<gx:option name="streetview"></gx:option>
				<gx:streetViewPanoId>61zGnYT65rVTeYEe88GQsQ</gx:streetViewPanoId>
			</gx:ViewerOptions>
			<longitude>104.7927069548539</longitude>
			<latitude>17.37242284428367</latitude>
			<altitude>148.4015283488961</altitude>
			<heading>213.5009590611508</heading>
			<tilt>63.99079768286341</tilt>
			<roll>0</roll>
			<gx:fovy>15</gx:fovy>
			<altitudeMode>absolute</altitudeMode>
		</Camera>
		<styleUrl>#__managed_style_0FB0F0B50C29FEE14855</styleUrl>
		<Point>
			<altitudeMode>relativeToGround</altitudeMode>
			<coordinates>104.7927063263015,17.37239874892348,0</coordinates>
		</Point>
	</Placemark>
	<Placemark id="0F4FF736A729E9DE6DE0">
		<name>LT2 - SG - 240 - 0100 - 0+312</name>
		<Camera>
			<gx:ViewerOptions>
				<gx:option name="streetview"></gx:option>
				<gx:streetViewPanoId>pKNUWlXivx_Wpjt-C1HmMQ</gx:streetViewPanoId>
			</gx:ViewerOptions>
			<longitude>104.7923687842619</longitude>
			<latitude>17.37261004978671</latitude>
			<altitude>148.5136566156523</altitude>
			<heading>190.0551805696414</heading>
			<tilt>65.25445453310977</tilt>
			<roll>0</roll>
			<gx:fovy>15</gx:fovy>
			<altitudeMode>absolute</altitudeMode>
		</Camera>
		<styleUrl>#__managed_style_0FB0F0B50C29FEE14855</styleUrl>
		<Point>
			<altitudeMode>relativeToGround</altitudeMode>
			<coordinates>104.792370436673,17.37260433709216,0</coordinates>
		</Point>
	</Placemark>
	<Placemark id="04BB4B301529E9DFB59C">
		<name>LT3 - SG - 240 - 0100 - 0+349</name>
		<Camera>
			<gx:ViewerOptions>
				<gx:option name="streetview"></gx:option>
				<gx:streetViewPanoId>xD6wTcYTYQ1dyS9VJFGU_Q</gx:streetViewPanoId>
			</gx:ViewerOptions>
			<longitude>104.7921161807464</longitude>
			<latitude>17.37275088256193</latitude>
			<altitude>148.4649879430814</altitude>
			<heading>233.6714615533264</heading>
			<tilt>65.91912311883661</tilt>
			<roll>0</roll>
			<gx:fovy>15</gx:fovy>
			<altitudeMode>absolute</altitudeMode>
		</Camera>
		<styleUrl>#__managed_style_0FB0F0B50C29FEE14855</styleUrl>
		<Point>
			<altitudeMode>relativeToGround</altitudeMode>
			<coordinates>104.7921161807464,17.37275088256193,0</coordinates>
		</Point>
	</Placemark>
	<Placemark id="010094691D29E9E05E24">
		<name>MD4 - DB - 240 - 0100 - 0+369</name>
		<LookAt>
			<longitude>104.7920063635727</longitude>
			<latitude>17.37288985202895</latitude>
			<altitude>149.0654399405277</altitude>
			<heading>233.671638015173</heading>
			<tilt>0</tilt>
			<gx:fovy>35</gx:fovy>
			<range>108.0691147764264</range>
			<altitudeMode>absolute</altitudeMode>
		</LookAt>
		<styleUrl>#__managed_style_0FB0F0B50C29FEE14855</styleUrl>
		<Point>
			<coordinates>104.7919675776746,17.37298370118499,150.0177180763413</coordinates>
		</Point>
	</Placemark>
	<Placemark id="0168BCFBD029E9E159D0">
		<name>RT1 - SG - 240 - 0100 - 0+292</name>
		<LookAt>
			<longitude>104.7925750778597</longitude>
			<latitude>17.37279895569354</latitude>
			<altitude>145.0767220825826</altitude>
			<heading>233.6717649570139</heading>
			<tilt>0</tilt>
			<gx:fovy>35</gx:fovy>
			<range>55.00554814699173</range>
			<altitudeMode>absolute</altitudeMode>
		</LookAt>
		<styleUrl>#__managed_style_0FB0F0B50C29FEE14855</styleUrl>
		<Point>
			<coordinates>104.7925346996086,17.37281801414769,145.6186011553278</coordinates>
		</Point>
	</Placemark>
	<Placemark id="00ED78293429E9E1D3DA">
		<name>RT2 - SG - 240 - 0100 - 0+350</name>
		<LookAt>
			<longitude>104.7922499012984</longitude>
			<latitude>17.37300935558499</latitude>
			<altitude>150.2050416078063</altitude>
			<heading>233.671714561847</heading>
			<tilt>0</tilt>
			<gx:fovy>35</gx:fovy>
			<range>40.55239120542865</range>
			<altitudeMode>absolute</altitudeMode>
		</LookAt>
		<styleUrl>#__managed_style_0FB0F0B50C29FEE14855</styleUrl>
		<Point>
			<coordinates>104.7922154659144,17.37300286501155,150.5318492991649</coordinates>
		</Point>
	</Placemark>
	<Placemark id="02FA41754429EA0C777E">
		<name>MD5 - DB - 240 - 0100 - 0+400</name>
		<LookAt>
			<longitude>104.7918188627315</longitude>
			<latitude>17.3731026523283</latitude>
			<altitude>150.3273367707161</altitude>
			<heading>0</heading>
			<tilt>0</tilt>
			<gx:fovy>30.00281807092079</gx:fovy>
			<range>106.047251662676</range>
			<altitudeMode>absolute</altitudeMode>
		</LookAt>
		<styleUrl>#__managed_style_0FB0F0B50C29FEE14855</styleUrl>
		<Point>
			<coordinates>104.7916526308031,17.37314110717614,149.4874718112459</coordinates>
		</Point>
	</Placemark>
	<Placemark id="0E419D069029EA0D7A19">
		<name>MD6 - DB - 240 - 0100 - 0+440</name>
		<LookAt>
			<longitude>104.7912978586623</longitude>
			<latitude>17.37333772497902</latitude>
			<altitude>146.0733826126578</altitude>
			<heading>321.6053972065786</heading>
			<tilt>0</tilt>
			<gx:fovy>35</gx:fovy>
			<range>98.84349153846415</range>
			<altitudeMode>absolute</altitudeMode>
		</LookAt>
		<styleUrl>#__managed_style_0FB0F0B50C29FEE14855</styleUrl>
		<Point>
			<coordinates>104.7913256951786,17.37331705611831,146.4002470658478</coordinates>
		</Point>
	</Placemark>
	<Placemark id="012C6F201429EA0E5D94">
		<name>MD7 - DB - 240 - 0100 - 0+470</name>
		<LookAt>
			<longitude>104.7910720419788</longitude>
			<latitude>17.37350973750957</latitude>
			<altitude>145.3481385288609</altitude>
			<heading>353.1132626403104</heading>
			<tilt>0</tilt>
			<gx:fovy>35</gx:fovy>
			<range>112.290277115826</range>
			<altitudeMode>absolute</altitudeMode>
		</LookAt>
		<styleUrl>#__managed_style_0FB0F0B50C29FEE14855</styleUrl>
		<Point>
			<coordinates>104.7910781035571,17.37346183949554,145.2111990213964</coordinates>
		</Point>
	</Placemark>
	<Placemark id="01F4A8D10F29EA0EAFCF">
		<name>MD8 - DB - 240 - 0100 - 0+500</name>
		<LookAt>
			<longitude>104.7909547722755</longitude>
			<latitude>17.37360368175525</latitude>
			<altitude>146.2122757957136</altitude>
			<heading>353.1132265924284</heading>
			<tilt>0</tilt>
			<gx:fovy>35</gx:fovy>
			<range>111.4261350900961</range>
			<altitudeMode>absolute</altitudeMode>
		</LookAt>
		<styleUrl>#__managed_style_0FB0F0B50C29FEE14855</styleUrl>
		<Point>
			<coordinates>104.7908581064142,17.37358821567213,146.0525814044258</coordinates>
		</Point>
	</Placemark>
	<Placemark id="09AFF8FCEB29EA114C86">
		<name>LT4 - SG - 240 - 0100 - 0+350</name>
		<LookAt>
			<longitude>104.7919860770683</longitude>
			<latitude>17.37268604306336</latitude>
			<altitude>147.3163933067214</altitude>
			<heading>126.1498087042032</heading>
			<tilt>0</tilt>
			<gx:fovy>35.00000833173905</gx:fovy>
			<range>94.12309529765481</range>
			<altitudeMode>absolute</altitudeMode>
		</LookAt>
		<styleUrl>#__managed_style_0FB0F0B50C29FEE14855</styleUrl>
		<Point>
			<coordinates>104.7920438343717,17.37267764261852,147.5210415298961</coordinates>
		</Point>
	</Placemark>
	<Placemark id="0A61C4B2D929EA11ADD1">
		<name>LT5 - SG - 240 - 0100 - 0+380</name>
		<LookAt>
			<longitude>104.7917497638435</longitude>
			<latitude>17.37283457646306</latitude>
			<altitude>147.2553214075412</altitude>
			<heading>126.1497432330211</heading>
			<tilt>0</tilt>
			<gx:fovy>35.00000833173905</gx:fovy>
			<range>82.09590291467977</range>
			<altitudeMode>absolute</altitudeMode>
		</LookAt>
		<styleUrl>#__managed_style_0FB0F0B50C29FEE14855</styleUrl>
		<Point>
			<coordinates>104.791725380002,17.37291468376006,148.1227473227984</coordinates>
		</Point>
	</Placemark>
	<Placemark id="0BB79284F829EA1241B6">
		<name>LT6 - SG - 240 - 0100 - 0+420</name>
		<LookAt>
			<longitude>104.7914668397824</longitude>
			<latitude>17.37307181954837</latitude>
			<altitude>146.8595095349498</altitude>
			<heading>126.1496443985994</heading>
			<tilt>0</tilt>
			<gx:fovy>35.00000833173905</gx:fovy>
			<range>108.9571413182966</range>
			<altitudeMode>absolute</altitudeMode>
		</LookAt>
		<styleUrl>#__managed_style_0FB0F0B50C29FEE14855</styleUrl>
		<Point>
			<coordinates>104.7913774495817,17.37310936533934,146.2550999051272</coordinates>
		</Point>
	</Placemark>
	<Placemark id="000DE036C729EA13A182">
		<name>RT3 - SG - 240 - 0100 - 0+380</name>
		<LookAt>
			<longitude>104.7919324403289</longitude>
			<latitude>17.37318814432986</latitude>
			<altitude>151.6986393915681</altitude>
			<heading>312.4997898865519</heading>
			<tilt>0</tilt>
			<gx:fovy>35</gx:fovy>
			<range>91.71133860747432</range>
			<altitudeMode>absolute</altitudeMode>
		</LookAt>
		<styleUrl>#__managed_style_0FB0F0B50C29FEE14855</styleUrl>
		<Point>
			<coordinates>104.7918866432043,17.37316901242858,151.5436359573701</coordinates>
		</Point>
	</Placemark>
	<Placemark id="0D9D709E1029EA13FBEC">
		<name>RT4 - SG - 240 - 0100 - 0+420</name>
		<LookAt>
			<longitude>104.7916902849206</longitude>
			<latitude>17.3732655990623</latitude>
			<altitude>150.5823998418985</altitude>
			<heading>312.4997877876694</heading>
			<tilt>0</tilt>
			<gx:fovy>35</gx:fovy>
			<range>104.0125481588802</range>
			<altitudeMode>absolute</altitudeMode>
		</LookAt>
		<styleUrl>#__managed_style_0FB0F0B50C29FEE14855</styleUrl>
		<Point>
			<coordinates>104.791627238992,17.3733926577734,149.605727933499</coordinates>
		</Point>
	</Placemark>
	<Placemark id="0A557D19AC29EA14AEAC">
		<name>RT5 - SG - 240 - 0100 - 0+460</name>
		<LookAt>
			<longitude>104.7914297214153</longitude>
			<latitude>17.37345694039131</latitude>
			<altitude>147.4785307841503</altitude>
			<heading>312.499631190453</heading>
			<tilt>0</tilt>
			<gx:fovy>35</gx:fovy>
			<range>177.8335497837361</range>
			<altitudeMode>absolute</altitudeMode>
		</LookAt>
		<styleUrl>#__managed_style_0FB0F0B50C29FEE14855</styleUrl>
		<Point>
			<coordinates>104.7912055887194,17.37350767948728,146.0438355978999</coordinates>
		</Point>
	</Placemark>
	<Placemark id="0D157B479629EA150B53">
		<name>RT6 - SG - 240 - 0100 - 0+480</name>
		<LookAt>
			<longitude>104.7911163285928</longitude>
			<latitude>17.37364593759967</latitude>
			<altitude>146.6577610747957</altitude>
			<heading>312.4995360860598</heading>
			<tilt>0</tilt>
			<gx:fovy>35</gx:fovy>
			<range>178.6543149322642</range>
			<altitudeMode>absolute</altitudeMode>
		</LookAt>
		<styleUrl>#__managed_style_0FB0F0B50C29FEE14855</styleUrl>
		<Point>
			<coordinates>104.7910059420992,17.37358872008916,146.0957925808932</coordinates>
		</Point>
	</Placemark>
	<Placemark id="08F382964A29EA155E09">
		<name>RT7 - SG - 240 - 0100 - 0+525</name>
		<LookAt>
			<longitude>104.7909063924997</longitude>
			<latitude>17.37375187476216</latitude>
			<altitude>148.2582308187181</altitude>
			<heading>312.4994728431701</heading>
			<tilt>0</tilt>
			<gx:fovy>35</gx:fovy>
			<range>177.0538437524738</range>
			<altitudeMode>absolute</altitudeMode>
		</LookAt>
		<styleUrl>#__managed_style_0FB0F0B50C29FEE14855</styleUrl>
		<Point>
			<coordinates>104.7907222681851,17.37375979840173,148.617729997638</coordinates>
		</Point>
	</Placemark>
	<Placemark id="0D661A497929F79FCE47">
		<name>MD9 - DB 240 - 0100 - 0+525</name>
		<LookAt>
			<longitude>104.7906570765849</longitude>
			<latitude>17.37375822552526</latitude>
			<altitude>148.2266212471897</altitude>
			<heading>315.8269276479595</heading>
			<tilt>0</tilt>
			<gx:fovy>34.99989657209704</gx:fovy>
			<range>100.2160342061507</range>
			<altitudeMode>absolute</altitudeMode>
		</LookAt>
		<styleUrl>#__managed_style_084E5B89E929FEE14857</styleUrl>
		<Point>
			<coordinates>104.7906660797328,17.37369281280182,147.7575700412305</coordinates>
		</Point>
	</Placemark>
	<Placemark id="0C502687D729F7A06719">
		<name>MD10 - DB - 240 - 0100 - 0+553</name>
		<LookAt>
			<longitude>104.7906570765849</longitude>
			<latitude>17.37375822552526</latitude>
			<altitude>148.2266212471897</altitude>
			<heading>315.8269276365004</heading>
			<tilt>0</tilt>
			<gx:fovy>34.99989657209704</gx:fovy>
			<range>100.2160342061507</range>
			<altitudeMode>absolute</altitudeMode>
		</LookAt>
		<styleUrl>#__managed_style_084E5B89E929FEE14857</styleUrl>
		<Point>
			<coordinates>104.7904119533436,17.37378134826462,148.0655164700915</coordinates>
		</Point>
	</Placemark>
	<Placemark id="03C096A2CF29F7A16FD3">
		<name>RT8 - SG - 240 - 0100 - 0+560</name>
		<LookAt>
			<longitude>104.7905140718983</longitude>
			<latitude>17.37385504748275</latitude>
			<altitude>148.6402896648989</altitude>
			<heading>315.8268841807254</heading>
			<tilt>0</tilt>
			<gx:fovy>34.99989657209704</gx:fovy>
			<range>99.80236041277752</range>
			<altitudeMode>absolute</altitudeMode>
		</LookAt>
		<styleUrl>#__managed_style_084E5B89E929FEE14857</styleUrl>
		<Point>
			<coordinates>104.790437804913,17.37392606346405,149.4486509194434</coordinates>
		</Point>
	</Placemark>
	<Placemark id="08EE4EC34329F7A20D0A">
		<name>MD11 - DB - 240 - 0100 - 0+575</name>
		<LookAt>
			<longitude>104.7902507095272</longitude>
			<latitude>17.37394811837907</latitude>
			<altitude>148.5081760668768</altitude>
			<heading>315.8268050986333</heading>
			<tilt>0</tilt>
			<gx:fovy>34.99989657209704</gx:fovy>
			<range>99.9344727291282</range>
			<altitudeMode>absolute</altitudeMode>
		</LookAt>
		<styleUrl>#__managed_style_084E5B89E929FEE14857</styleUrl>
		<Point>
			<coordinates>104.7901840434865,17.37391079532345,148.150670962131</coordinates>
		</Point>
	</Placemark>
	<Placemark id="0FE17BC52F29F7A2AC25">
		<name>RT9 - SG - 240 - 0100 - 0+582</name>
		<LookAt>
			<longitude>104.7900904282226</longitude>
			<latitude>17.37406769703816</latitude>
			<altitude>147.9233225417577</altitude>
			<heading>315.8267570376204</heading>
			<tilt>0</tilt>
			<gx:fovy>34.99989657209704</gx:fovy>
			<range>100.5193246825729</range>
			<altitudeMode>absolute</altitudeMode>
		</LookAt>
		<styleUrl>#__managed_style_084E5B89E929FEE14857</styleUrl>
		<Point>
			<coordinates>104.7901408747809,17.37409680009335,148.6940188402758</coordinates>
		</Point>
	</Placemark>
	<Placemark id="070A50404729F7A33976">
		<name>MD12 - DB - 240 - 0100 - 0+597</name>
		<LookAt>
			<longitude>104.7900143462074</longitude>
			<latitude>17.3740978136182</latitude>
			<altitude>147.2042053341258</altitude>
			<heading>315.8267329299026</heading>
			<tilt>0</tilt>
			<gx:fovy>34.99989657209704</gx:fovy>
			<range>105.8480981401772</range>
			<altitudeMode>absolute</altitudeMode>
		</LookAt>
		<styleUrl>#__managed_style_084E5B89E929FEE14857</styleUrl>
		<Point>
			<coordinates>104.7899478445704,17.3740448000895,146.7949713768349</coordinates>
		</Point>
	</Placemark>
	<Placemark id="029F8E7CCE29F7A3E79F">
		<name>RT10 - SG - 240 - 0100 - 0+616</name>
		<LookAt>
			<longitude>104.7899173477126</longitude>
			<latitude>17.37417303549271</latitude>
			<altitude>146.4063777261975</altitude>
			<heading>315.8267036903771</heading>
			<tilt>0</tilt>
			<gx:fovy>34.99989657209704</gx:fovy>
			<range>106.6459174653392</range>
			<altitudeMode>absolute</altitudeMode>
		</LookAt>
		<styleUrl>#__managed_style_084E5B89E929FEE14857</styleUrl>
		<Point>
			<coordinates>104.7898476969578,17.37424568711151,145.6947541318531</coordinates>
		</Point>
	</Placemark>
	<Placemark id="0F07BB525729F7A4CBD8">
		<name>MD13 - DB - 240 - 0100 - 0+619</name>
		<LookAt>
			<longitude>104.7897781678521</longitude>
			<latitude>17.37424605653903</latitude>
			<altitude>145.1510181164059</altitude>
			<heading>315.8266612940993</heading>
			<tilt>0</tilt>
			<gx:fovy>34.99989657209704</gx:fovy>
			<range>107.9012741906627</range>
			<altitudeMode>absolute</altitudeMode>
		</LookAt>
		<styleUrl>#__managed_style_084E5B89E929FEE14857</styleUrl>
		<Point>
			<coordinates>104.7897251731594,17.37416900528754,145.2720325856779</coordinates>
		</Point>
	</Placemark>
	<Placemark id="070C2D2A3229F7A556E0">
		<name>LT7 - SG - 240 - 0100 - 0+634</name>
		<LookAt>
			<longitude>104.7895293320497</longitude>
			<latitude>17.37433467976145</latitude>
			<altitude>144.6579176508859</altitude>
			<heading>315.8265858485086</heading>
			<tilt>0</tilt>
			<gx:fovy>34.99989657209704</gx:fovy>
			<range>108.3943660282421</range>
			<altitudeMode>absolute</altitudeMode>
		</LookAt>
		<styleUrl>#__managed_style_084E5B89E929FEE14857</styleUrl>
		<Point>
			<coordinates>104.7894734230237,17.37417734123289,144.4110918484235</coordinates>
		</Point>
	</Placemark>
	<Placemark id="0F60DC24C429F7A5D8CC">
		<name>MD14 - DB - 240 - 0100 - 0+641</name>
		<LookAt>
			<longitude>104.7895293320497</longitude>
			<latitude>17.37433467977202</latitude>
			<altitude>144.657908219425</altitude>
			<heading>315.8265858485086</heading>
			<tilt>0</tilt>
			<gx:fovy>34.99989657209704</gx:fovy>
			<range>108.3943660282421</range>
			<altitudeMode>absolute</altitudeMode>
		</LookAt>
		<styleUrl>#__managed_style_084E5B89E929FEE14857</styleUrl>
		<Point>
			<coordinates>104.7894825895925,17.37431564799478,145.0181227715172</coordinates>
		</Point>
	</Placemark>
	<Placemark id="08698D6EF229F7A6930B">
		<name>RT11 - SG - 240 - 0100 - 0+641</name>
		<LookAt>
			<longitude>104.7893062404751</longitude>
			<latitude>17.37456577916995</latitude>
			<altitude>144.6517812612103</altitude>
			<heading>315.8264841019214</heading>
			<tilt>0</tilt>
			<gx:fovy>34.99989657209704</gx:fovy>
			<range>171.8554327024686</range>
			<altitudeMode>absolute</altitudeMode>
		</LookAt>
		<styleUrl>#__managed_style_084E5B89E929FEE14857</styleUrl>
		<Point>
			<coordinates>104.7895752009153,17.37440596180311,144.9408554379488</coordinates>
		</Point>
	</Placemark>
	<Placemark id="099F9BFF6429F7A97F82">
		<name>LT8 - SG - 240 - 0100 - 0+650</name>
		<LookAt>
			<longitude>104.7894376386574</longitude>
			<latitude>17.37439913913886</latitude>
			<altitude>144.8188032507757</altitude>
			<heading>315.8266147483482</heading>
			<tilt>0</tilt>
			<gx:fovy>34.99989657209704</gx:fovy>
			<range>181.8034090020774</range>
			<altitudeMode>absolute</altitudeMode>
		</LookAt>
		<styleUrl>#__managed_style_084E5B89E929FEE14857</styleUrl>
		<Point>
			<coordinates>104.7891904880338,17.37434329026082,144.4414779210131</coordinates>
		</Point>
	</Placemark>
	<Placemark id="0289D7C84A29F7AC9574">
		<name>LT9 - SG - 240 - 0100 - 0+681</name>
		<LookAt>
			<longitude>104.7892610535925</longitude>
			<latitude>17.374561432508</latitude>
			<altitude>144.8406787568223</altitude>
			<heading>315.8264703562909</heading>
			<tilt>0</tilt>
			<gx:fovy>34.99989657209704</gx:fovy>
			<range>171.6665236788867</range>
			<altitudeMode>absolute</altitudeMode>
		</LookAt>
		<styleUrl>#__managed_style_084E5B89E929FEE14857</styleUrl>
		<Point>
			<coordinates>104.7889172582198,17.37448295644101,145.8428002521005</coordinates>
		</Point>
	</Placemark>
	<Placemark id="04D4722BC729F7AE2247">
		<name>LT10 - SG - 240 - 0100 - 0+712</name>
		<LookAt>
			<longitude>104.7886650705768</longitude>
			<latitude>17.37463507677135</latitude>
			<altitude>144.2077590058432</altitude>
			<heading>275.8755063176976</heading>
			<tilt>0</tilt>
			<gx:fovy>35</gx:fovy>
			<range>137.2389811418725</range>
			<altitudeMode>absolute</altitudeMode>
		</LookAt>
		<styleUrl>#__managed_style_084E5B89E929FEE14857</styleUrl>
		<Point>
			<coordinates>104.7885891738787,17.37465486336931,143.9905264429977</coordinates>
		</Point>
	</Placemark>
	<Placemark id="0C12E2F50229F7AE9AA2">
		<name>LT11 - SG - 240 - 0100 - 0+743</name>
		<LookAt>
			<longitude>104.7884836076458</longitude>
			<latitude>17.374771437216</latitude>
			<altitude>143.146567003002</altitude>
			<heading>275.8754516947051</heading>
			<tilt>0</tilt>
			<gx:fovy>35</gx:fovy>
			<range>138.3001791173592</range>
			<altitudeMode>absolute</altitudeMode>
		</LookAt>
		<styleUrl>#__managed_style_084E5B89E929FEE14857</styleUrl>
		<Point>
			<coordinates>104.7883556396218,17.37475729468404,143.2235914058779</coordinates>
		</Point>
	</Placemark>
	<Placemark id="07F253FD2F29F7AF5BCD">
		<name>RT12 - SG 240 - 0100 - 0+816</name>
		<LookAt>
			<longitude>104.7882441654216</longitude>
			<latitude>17.37489349667806</latitude>
			<altitude>142.5391027691612</altitude>
			<heading>275.8753790403109</heading>
			<tilt>0</tilt>
			<gx:fovy>35</gx:fovy>
			<range>138.9076639965788</range>
			<altitudeMode>absolute</altitudeMode>
		</LookAt>
		<styleUrl>#__managed_style_084E5B89E929FEE14857</styleUrl>
		<Point>
			<coordinates>104.7882680373225,17.37496114796089,142.511494676371</coordinates>
		</Point>
	</Placemark>
	<Placemark id="0DBCB5C21B29F7B088E4">
		<name>LT12 - SG -  240 - 0100 - 0+777</name>
		<LookAt>
			<longitude>104.7881136286002</longitude>
			<latitude>17.37513156620484</latitude>
			<altitude>142.5974268849999</altitude>
			<heading>275.8752271618275</heading>
			<tilt>0</tilt>
			<gx:fovy>35</gx:fovy>
			<range>94.54281844446086</range>
			<altitudeMode>absolute</altitudeMode>
		</LookAt>
		<styleUrl>#__managed_style_084E5B89E929FEE14857</styleUrl>
		<Point>
			<coordinates>104.788061966908,17.37488306027958,142.9785510706074</coordinates>
		</Point>
	</Placemark>
	<Placemark id="025A84B9D529F7B1953F">
		<name>RT13 - SG - 240 - 0100 - 0+856</name>
		<LookAt>
			<longitude>104.7880444523181</longitude>
			<latitude>17.37524480107992</latitude>
			<altitude>142.9613576994741</altitude>
			<heading>275.8752260439579</heading>
			<tilt>0</tilt>
			<gx:fovy>35</gx:fovy>
			<range>94.23668291771719</range>
			<altitudeMode>absolute</altitudeMode>
		</LookAt>
		<styleUrl>#__managed_style_084E5B89E929FEE14857</styleUrl>
		<Point>
			<coordinates>104.787934684741,17.37514506367126,142.4925090841643</coordinates>
		</Point>
	</Placemark>
	<Placemark id="06F94B7BE129F7B2632F">
		<name>LT12 - SG - 240 - 0100 - 0+807</name>
		<LookAt>
			<longitude>104.7879419107603</longitude>
			<latitude>17.37538328122269</latitude>
			<altitude>143.3920403297174</altitude>
			<heading>275.8752248399757</heading>
			<tilt>0</tilt>
			<gx:fovy>35</gx:fovy>
			<range>184.3835509516066</range>
			<altitudeMode>absolute</altitudeMode>
		</LookAt>
		<styleUrl>#__managed_style_084E5B89E929FEE14857</styleUrl>
		<Point>
			<coordinates>104.7877857335583,17.37500165904389,142.4095903732033</coordinates>
		</Point>
	</Placemark>
	<Placemark id="07377EBC3D29F7B40757">
		<name>RT14 - SG - 240 - 0100 - 0+896</name>
		<LookAt>
			<longitude>104.7877936668467</longitude>
			<latitude>17.37501712568331</latitude>
			<altitude>142.1816708253803</altitude>
			<heading>252.3391224738297</heading>
			<tilt>0</tilt>
			<gx:fovy>35</gx:fovy>
			<range>157.7316642142068</range>
			<altitudeMode>absolute</altitudeMode>
		</LookAt>
		<styleUrl>#__managed_style_084E5B89E929FEE14857</styleUrl>
		<Point>
			<coordinates>104.787578372983,17.37535331038134,143.7551598429078</coordinates>
		</Point>
	</Placemark>
	<Placemark id="008113DEA129F7B48E1F">
		<name>LT13 - SG - 240 - 0100 - 0+900</name>
		<LookAt>
			<longitude>104.7877936668467</longitude>
			<latitude>17.37501712567274</latitude>
			<altitude>142.1816708253803</altitude>
			<heading>252.3391224738297</heading>
			<tilt>0</tilt>
			<gx:fovy>35</gx:fovy>
			<range>157.7316642142068</range>
			<altitudeMode>absolute</altitudeMode>
		</LookAt>
		<styleUrl>#__managed_style_084E5B89E929FEE14857</styleUrl>
		<Point>
			<coordinates>104.7874866331978,17.37513674534512,144.3580670967191</coordinates>
		</Point>
	</Placemark>
	<Placemark id="0C05320E9E29F7B52042">
		<name>LT14 - SG - 240 - 0100 - 0+933</name>
		<LookAt>
			<longitude>104.7874344265643</longitude>
			<latitude>17.3753823836905</latitude>
			<altitude>144.3909665917899</altitude>
			<heading>252.3390148758818</heading>
			<tilt>0</tilt>
			<gx:fovy>35</gx:fovy>
			<range>155.522363854434</range>
			<altitudeMode>absolute</altitudeMode>
		</LookAt>
		<styleUrl>#__managed_style_084E5B89E929FEE14857</styleUrl>
		<Point>
			<coordinates>104.7872070562565,17.3752711324459,145.8999487014119</coordinates>
		</Point>
	</Placemark>
	<Placemark id="0C776892ED29F7B5C870">
		<name>RT15 - SG - 240 - 0100 - 0+948</name>
		<LookAt>
			<longitude>104.7872939618616</longitude>
			<latitude>17.37550920891849</latitude>
			<altitude>144.3789126288383</altitude>
			<heading>252.3389723503624</heading>
			<tilt>0</tilt>
			<gx:fovy>35</gx:fovy>
			<range>155.5344046173013</range>
			<altitudeMode>absolute</altitudeMode>
		</LookAt>
		<styleUrl>#__managed_style_084E5B89E929FEE14857</styleUrl>
		<Point>
			<coordinates>104.7872201267181,17.37555286158144,144.4226294185424</coordinates>
		</Point>
	</Placemark>
	<Placemark id="0E2D3E6F0A29F7B81453">
		<name>LT15 - SG -240 - 0100 - 0+965</name>
		<LookAt>
			<longitude>104.7872905642662</longitude>
			<latitude>17.37551065305648</latitude>
			<altitude>144.3728394484824</altitude>
			<heading>252.3389723370897</heading>
			<tilt>0</tilt>
			<gx:fovy>35</gx:fovy>
			<range>155.5383679867919</range>
			<altitudeMode>absolute</altitudeMode>
		</LookAt>
		<styleUrl>#__managed_style_084E5B89E929FEE14857</styleUrl>
		<Point>
			<coordinates>104.7869160965046,17.37541243423441,145.5501399129864</coordinates>
		</Point>
	</Placemark>
	<Placemark id="0E9651A79529F7B8ABB7">
		<name>RT16 - SG - 240 - 0100 - 0+995</name>
		<LookAt>
			<longitude>104.7872905642662</longitude>
			<latitude>17.37551065307761</latitude>
			<altitude>144.3728394484824</altitude>
			<heading>252.3389723370897</heading>
			<tilt>0</tilt>
			<gx:fovy>35</gx:fovy>
			<range>155.5383679867919</range>
			<altitudeMode>absolute</altitudeMode>
		</LookAt>
		<styleUrl>#__managed_style_084E5B89E929FEE14857</styleUrl>
		<Point>
			<coordinates>104.7868660885223,17.37576291741877,144.7152037442884</coordinates>
		</Point>
	</Placemark>
	<Placemark id="0EE66771D929F7B92B8F">
		<name>LT16 - SG - 240 - 0100 - 1+003</name>
		<LookAt>
			<longitude>104.7869020007723</longitude>
			<latitude>17.37562455024143</latitude>
			<altitude>144.7848889977358</altitude>
			<heading>252.338855657687</heading>
			<tilt>0</tilt>
			<gx:fovy>35</gx:fovy>
			<range>155.1263050365742</range>
			<altitudeMode>absolute</altitudeMode>
		</LookAt>
		<styleUrl>#__managed_style_084E5B89E929FEE14857</styleUrl>
		<Point>
			<coordinates>104.7866495184875,17.37556009535047,145.126907631458</coordinates>
		</Point>
	</Placemark>
	<Placemark id="05FE18B08029F7BA194B">
		<name>RT17 - SG - 240 - 0100 - 1+028</name>
		<LookAt>
			<longitude>104.7869041222764</longitude>
			<latitude>17.37562392838441</latitude>
			<altitude>144.78712516924</altitude>
			<heading>252.3388562958574</heading>
			<tilt>0</tilt>
			<gx:fovy>34.99999999999999</gx:fovy>
			<range>155.1262934477745</range>
			<altitudeMode>absolute</altitudeMode>
		</LookAt>
		<styleUrl>#__managed_style_084E5B89E929FEE14857</styleUrl>
		<Point>
			<coordinates>104.7865629042858,17.37592430080981,144.5444198682443</coordinates>
		</Point>
	</Placemark>
	<Placemark id="0248E794C829F7BB2C7E">
		<name>LT17 - SG - 240 - 0100 - 1+029</name>
		<LookAt>
			<longitude>104.7864774321146</longitude>
			<latitude>17.37582390418595</latitude>
			<altitude>144.358881921914</altitude>
			<heading>252.3387880917407</heading>
			<tilt>0</tilt>
			<gx:fovy>34.99999999999999</gx:fovy>
			<range>172.1774275015741</range>
			<altitudeMode>absolute</altitudeMode>
		</LookAt>
		<styleUrl>#__managed_style_084E5B89E929FEE14857</styleUrl>
		<Point>
			<coordinates>104.7864189560257,17.3756787664456,144.8649824913451</coordinates>
		</Point>
	</Placemark>
	<Placemark id="0E0FAEB45529F7BBD4CC">
		<name>LT18 - SG - 240 - 0100 - 2+064</name>
		<LookAt>
			<longitude>104.7862820230239</longitude>
			<latitude>17.3759423170299</latitude>
			<altitude>142.9657301230369</altitude>
			<heading>252.3387295171558</heading>
			<tilt>0</tilt>
			<gx:fovy>34.99999999999999</gx:fovy>
			<range>173.5705750550915</range>
			<altitudeMode>absolute</altitudeMode>
		</LookAt>
		<styleUrl>#__managed_style_084E5B89E929FEE14857</styleUrl>
		<Point>
			<coordinates>104.7861053062111,17.3758536150961,142.9821728743908</coordinates>
		</Point>
	</Placemark>
	<Placemark id="03A5781F1729F7BDB009">
		<name>RT18 - SG - 240 - 0100 - 1+078</name>
		<LookAt>
			<longitude>104.7864457369043</longitude>
			<latitude>17.37604144695631</latitude>
			<altitude>143.4843415188875</altitude>
			<heading>252.3387781337738</heading>
			<tilt>0</tilt>
			<gx:fovy>35</gx:fovy>
			<range>173.0519762694166</range>
			<altitudeMode>absolute</altitudeMode>
		</LookAt>
		<styleUrl>#__managed_style_084E5B89E929FEE14857</styleUrl>
		<Point>
			<coordinates>104.7861401526043,17.37613808424278,141.1506002555435</coordinates>
		</Point>
	</Placemark>
	<Placemark id="0C44899D5529F7BE3B9C">
		<name>LT19 - SG - 240 - 0100 - 1+103</name>
		<LookAt>
			<longitude>104.7858576148818</longitude>
			<latitude>17.37621166200642</latitude>
			<altitude>140.6885646772058</altitude>
			<heading>252.3386016710431</heading>
			<tilt>0</tilt>
			<gx:fovy>35</gx:fovy>
			<range>175.8477510145894</range>
			<altitudeMode>absolute</altitudeMode>
		</LookAt>
		<styleUrl>#__managed_style_084E5B89E929FEE14857</styleUrl>
		<Point>
			<coordinates>104.7858625660837,17.37609543581078,140.7850078299602</coordinates>
		</Point>
	</Placemark>
	<Placemark id="07A65BD32F29F7BF1348">
		<name>RT19 - SG - 240 - 0100 - 1+118</name>
		<LookAt>
			<longitude>104.7858576148818</longitude>
			<latitude>17.37621166200642</latitude>
			<altitude>140.6885835401275</altitude>
			<heading>252.3386016710431</heading>
			<tilt>0</tilt>
			<gx:fovy>35</gx:fovy>
			<range>175.8477278369901</range>
			<altitudeMode>absolute</altitudeMode>
		</LookAt>
		<styleUrl>#__managed_style_084E5B89E929FEE14857</styleUrl>
		<Point>
			<coordinates>104.7857747790017,17.37635129564357,141.8797094291198</coordinates>
		</Point>
	</Placemark>
	<Placemark id="0A5D273C4729F7BFA5D5">
		<name>LT20 - SG - 240 - 0100 - 1+139</name>
		<LookAt>
			<longitude>104.7856138877342</longitude>
			<latitude>17.37636290640817</latitude>
			<altitude>142.9952530330063</altitude>
			<heading>252.3385283686592</heading>
			<tilt>0</tilt>
			<gx:fovy>35</gx:fovy>
			<range>173.5410467935071</range>
			<altitudeMode>absolute</altitudeMode>
		</LookAt>
		<styleUrl>#__managed_style_084E5B89E929FEE14857</styleUrl>
		<Point>
			<coordinates>104.7855685686134,17.37626187225078,143.4707477190055</coordinates>
		</Point>
	</Placemark>
	<Placemark id="00B061A59129F7C0C8E1">
		<name>RT20 - SG - 240 - 0100 - 1+158</name>
		<LookAt>
			<longitude>104.7854198145434</longitude>
			<latitude>17.37660786412075</latitude>
			<altitude>145.6199775475915</altitude>
			<heading>252.3385263729632</heading>
			<tilt>0</tilt>
			<gx:fovy>35</gx:fovy>
			<range>140.1485347223024</range>
			<altitudeMode>absolute</altitudeMode>
		</LookAt>
		<styleUrl>#__managed_style_084E5B89E929FEE14857</styleUrl>
		<Point>
			<coordinates>104.7854376543657,17.37654963162199,145.5328457621779</coordinates>
		</Point>
	</Placemark>
	<Placemark id="0522FA7ADC29F7C147B0">
		<name>LT21 - SG - 240 - 0100 - 1+176</name>
		<LookAt>
			<longitude>104.7854198145656</longitude>
			<latitude>17.37660786411811</latitude>
			<altitude>145.6199775475915</altitude>
			<heading>252.3385263729632</heading>
			<tilt>0</tilt>
			<gx:fovy>35</gx:fovy>
			<range>140.1485347223024</range>
			<altitudeMode>absolute</altitudeMode>
		</LookAt>
		<styleUrl>#__managed_style_084E5B89E929FEE14857</styleUrl>
		<Point>
			<coordinates>104.7852809267181,17.37643785140592,146.0897453188093</coordinates>
		</Point>
	</Placemark>
	<Placemark id="0E8858A5ED29F7C22075">
		<name>RT21 - SG - 240 - 0100 - 1+198</name>
		<LookAt>
			<longitude>104.7853624662463</longitude>
			<latitude>17.37664782995293</latitude>
			<altitude>146.0270284664367</altitude>
			<heading>252.3384615833496</heading>
			<tilt>0</tilt>
			<gx:fovy>35</gx:fovy>
			<range>133.9743003840522</range>
			<altitudeMode>absolute</altitudeMode>
		</LookAt>
		<styleUrl>#__managed_style_084E5B89E929FEE14857</styleUrl>
		<Point>
			<coordinates>104.7850817055436,17.37675972280067,146.4900000115012</coordinates>
		</Point>
	</Placemark>
	<Placemark id="0E49CD6E5529F7C2B436">
		<name>LT22 - SG - 240 - 0100 - 1+200</name>
		<LookAt>
			<longitude>104.7852277835744</longitude>
			<latitude>17.37665593937292</latitude>
			<altitude>146.3918514614602</altitude>
			<heading>252.338420999253</heading>
			<tilt>0</tilt>
			<gx:fovy>35</gx:fovy>
			<range>133.6094733813298</range>
			<altitudeMode>absolute</altitudeMode>
		</LookAt>
		<styleUrl>#__managed_style_084E5B89E929FEE14857</styleUrl>
		<Point>
			<coordinates>104.7850027346894,17.37659710401444,147.4543155655483</coordinates>
		</Point>
	</Placemark>
	<Placemark id="082D8983B729F7C3D5B3">
		<name>RT22 - SG - 240 - 0100 - 1+238</name>
		<LookAt>
			<longitude>104.7849089647641</longitude>
			<latitude>17.3768123585101</latitude>
			<altitude>146.3218404598803</altitude>
			<heading>252.3383252224268</heading>
			<tilt>0</tilt>
			<gx:fovy>35</gx:fovy>
			<range>133.6794697313962</range>
			<altitudeMode>absolute</altitudeMode>
		</LookAt>
		<styleUrl>#__managed_style_084E5B89E929FEE14857</styleUrl>
		<Point>
			<coordinates>104.7847129309546,17.37696441859078,145.88420998285</coordinates>
		</Point>
	</Placemark>
	<Placemark id="02E8C9099529F7C4552E">
		<name>LT23 - SG - 240 - 0100 - 1+236</name>
		<LookAt>
			<longitude>104.7849089647697</longitude>
			<latitude>17.3768123585101</latitude>
			<altitude>146.3218404598803</altitude>
			<heading>252.3383252109676</heading>
			<tilt>0</tilt>
			<gx:fovy>35</gx:fovy>
			<range>133.6794697313962</range>
			<altitudeMode>absolute</altitudeMode>
		</LookAt>
		<styleUrl>#__managed_style_084E5B89E929FEE14857</styleUrl>
		<Point>
			<coordinates>104.7846889380091,17.37677416244202,147.3968946461558</coordinates>
		</Point>
	</Placemark>
	<Placemark id="0241CB23E629F7C4DB66">
		<name>LT24 - SG - 240 - 0100 - 1+268</name>
		<LookAt>
			<longitude>104.7845873510316</longitude>
			<latitude>17.37698122276394</latitude>
			<altitude>145.2046370904517</altitude>
			<heading>252.3382286437964</heading>
			<tilt>0</tilt>
			<gx:fovy>35</gx:fovy>
			<range>134.7966763757358</range>
			<altitudeMode>absolute</altitudeMode>
		</LookAt>
		<styleUrl>#__managed_style_084E5B89E929FEE14857</styleUrl>
		<Point>
			<coordinates>104.7844274162082,17.37691320281828,145.237428889631</coordinates>
		</Point>
	</Placemark>
	<Placemark id="04249B61AA29F7C56D95">
		<name>RT23 - SG - 240 - 0100 - 1+278</name>
		<LookAt>
			<longitude>104.7845873510316</longitude>
			<latitude>17.37698122276394</latitude>
			<altitude>145.2046370904517</altitude>
			<heading>252.3382286437964</heading>
			<tilt>0</tilt>
			<gx:fovy>35</gx:fovy>
			<range>134.7966763757358</range>
			<altitudeMode>absolute</altitudeMode>
		</LookAt>
		<styleUrl>#__managed_style_084E5B89E929FEE14857</styleUrl>
		<Point>
			<coordinates>104.784379116034,17.37714695944559,143.5823200867653</coordinates>
		</Point>
	</Placemark>
	<Placemark id="04B448D94829F7C5ECA6">
		<name>LT24 - SG - 240 - 0100 - 1+303</name>
		<LookAt>
			<longitude>104.7842488686826</longitude>
			<latitude>17.37714304027633</latitude>
			<altitude>142.9459370996779</altitude>
			<heading>252.3381271751265</heading>
			<tilt>0</tilt>
			<gx:fovy>35</gx:fovy>
			<range>137.0553681997444</range>
			<altitudeMode>absolute</altitudeMode>
		</LookAt>
		<styleUrl>#__managed_style_084E5B89E929FEE14857</styleUrl>
		<Point>
			<coordinates>104.7841103555861,17.37707627933269,143.037740298747</coordinates>
		</Point>
	</Placemark>
	<Placemark id="021838AD2729F7C66E49">
		<name>RT24 - SG - 240 - 0100 - 1+318</name>
		<LookAt>
			<longitude>104.7842488686937</longitude>
			<latitude>17.37714304027633</latitude>
			<altitude>142.9459371010926</altitude>
			<heading>252.3381271693969</heading>
			<tilt>0</tilt>
			<gx:fovy>35</gx:fovy>
			<range>137.0553681997444</range>
			<altitudeMode>absolute</altitudeMode>
		</LookAt>
		<styleUrl>#__managed_style_084E5B89E929FEE14857</styleUrl>
		<Point>
			<coordinates>104.7840095017256,17.37735874449199,145.2109798483332</coordinates>
		</Point>
	</Placemark>
	<Placemark id="0E426F164029F7C6FAFA">
		<name>LT25 - SG - 240 - 0100 - 1+339</name>
		<LookAt>
			<longitude>104.7839842969193</longitude>
			<latitude>17.37726313960384</latitude>
			<altitude>144.4987421600296</altitude>
			<heading>252.338047808302</heading>
			<tilt>0</tilt>
			<gx:fovy>35</gx:fovy>
			<range>135.5025617530373</range>
			<altitudeMode>absolute</altitudeMode>
		</LookAt>
		<styleUrl>#__managed_style_084E5B89E929FEE14857</styleUrl>
		<Point>
			<coordinates>104.7838160931262,17.37725554297084,145.7881726711498</coordinates>
		</Point>
	</Placemark>
	<Placemark id="0DB5D0C27329F7C78538">
		<name>RT25 - SG - 240 - 0100 - 1+358</name>
		<LookAt>
			<longitude>104.7839842969304</longitude>
			<latitude>17.37726313960384</latitude>
			<altitude>144.4987421600296</altitude>
			<heading>252.338047808302</heading>
			<tilt>0</tilt>
			<gx:fovy>35</gx:fovy>
			<range>135.5025617530373</range>
			<altitudeMode>absolute</altitudeMode>
		</LookAt>
		<styleUrl>#__managed_style_084E5B89E929FEE14857</styleUrl>
		<Point>
			<coordinates>104.7836826041381,17.37754844248763,147.548753506438</coordinates>
		</Point>
	</Placemark>
	<Placemark id="0333F25B3F29F7C834F0">
		<name>LT26 - SG - 240 - 0100 - 1+375</name>
		<LookAt>
			<longitude>104.7835197553792</longitude>
			<latitude>17.37760687943538</latitude>
			<altitude>146.856339179156</altitude>
			<heading>252.3379487921994</heading>
			<tilt>0</tilt>
			<gx:fovy>35</gx:fovy>
			<range>172.1739508616702</range>
			<altitudeMode>absolute</altitudeMode>
		</LookAt>
		<styleUrl>#__managed_style_084E5B89E929FEE14857</styleUrl>
		<Point>
			<coordinates>104.7835206000575,17.37743065535032,146.4956591144335</coordinates>
		</Point>
	</Placemark>
	<Placemark id="0DA10C2EC229F7C8EDE9">
		<name>RT26 - SG - 240 - 0100 - 1+398</name>
		<LookAt>
			<longitude>104.7835197554014</longitude>
			<latitude>17.3776068794565</latitude>
			<altitude>146.856339179156</altitude>
			<heading>252.3379487921994</heading>
			<tilt>0</tilt>
			<gx:fovy>35</gx:fovy>
			<range>172.1739508616702</range>
			<altitudeMode>absolute</altitudeMode>
		</LookAt>
		<styleUrl>#__managed_style_084E5B89E929FEE14857</styleUrl>
		<Point>
			<coordinates>104.7833141619308,17.37775306286172,146.6077877267106</coordinates>
		</Point>
	</Placemark>
	<Placemark id="04678A770029F7C96995">
		<name>LT27 - SG - 240 - 0100 - 1+411</name>
		<LookAt>
			<longitude>104.7835197554235</longitude>
			<latitude>17.37760687947764</latitude>
			<altitude>146.856339179156</altitude>
			<heading>252.3379487921994</heading>
			<tilt>0</tilt>
			<gx:fovy>35</gx:fovy>
			<range>172.1739508616702</range>
			<altitudeMode>absolute</altitudeMode>
		</LookAt>
		<styleUrl>#__managed_style_084E5B89E929FEE14857</styleUrl>
		<Point>
			<coordinates>104.7832280802068,17.37757364255806,144.2423468123874</coordinates>
		</Point>
	</Placemark>
	<Placemark id="08132380F029F7CA109B">
		<name>LT28 - SG - 240 - 0100 - 1+442</name>
		<LookAt>
			<longitude>104.783215654437</longitude>
			<latitude>17.37767001394624</latitude>
			<altitude>144.3332746469542</altitude>
			<heading>252.3378576627969</heading>
			<tilt>0</tilt>
			<gx:fovy>35</gx:fovy>
			<range>174.7605361838214</range>
			<altitudeMode>absolute</altitudeMode>
		</LookAt>
		<styleUrl>#__managed_style_084E5B89E929FEE14857</styleUrl>
		<Point>
			<coordinates>104.7829370458214,17.37773126391133,141.3955207946738</coordinates>
		</Point>
	</Placemark>
	<Placemark id="04A3C9B77529F7CA8CEF">
		<name>RT27 - SG - 240 - 0100 - 1+445</name>
		<LookAt>
			<longitude>104.783215654448</longitude>
			<latitude>17.37767001396208</latitude>
			<altitude>144.3332746469542</altitude>
			<heading>252.3378576627969</heading>
			<tilt>0</tilt>
			<gx:fovy>35</gx:fovy>
			<range>174.7605361838214</range>
			<altitudeMode>absolute</altitudeMode>
		</LookAt>
		<styleUrl>#__managed_style_084E5B89E929FEE14857</styleUrl>
		<Point>
			<coordinates>104.7829264220429,17.37794972066369,143.1153058395608</coordinates>
		</Point>
	</Placemark>
	<Placemark id="04B14A381129F7CBDBFE">
		<name>LT29 - SG - 240 - 0100 - 1+478</name>
		<LookAt>
			<longitude>104.7828163432702</longitude>
			<latitude>17.37774294049905</latitude>
			<altitude>140.4377115190222</altitude>
			<heading>252.3377379069788</heading>
			<tilt>0</tilt>
			<gx:fovy>35</gx:fovy>
			<range>178.6560996074149</range>
			<altitudeMode>absolute</altitudeMode>
		</LookAt>
		<styleUrl>#__managed_style_084E5B89E929FEE14857</styleUrl>
		<Point>
			<coordinates>104.7826504545663,17.37789551032759,142.9698172029081</coordinates>
		</Point>
	</Placemark>
	<Placemark id="018C2AE8CC29F7CCBC1E">
		<name>RT28 - SG - 240 - 0100 - 1+485</name>
		<LookAt>
			<longitude>104.7828163432647</longitude>
			<latitude>17.37774294049905</latitude>
			<altitude>140.4377115176075</altitude>
			<heading>252.3377379012492</heading>
			<tilt>0</tilt>
			<gx:fovy>35</gx:fovy>
			<range>178.6560996074149</range>
			<altitudeMode>absolute</altitudeMode>
		</LookAt>
		<styleUrl>#__managed_style_084E5B89E929FEE14857</styleUrl>
		<Point>
			<coordinates>104.7825759424873,17.37816191280969,144.8423378286548</coordinates>
		</Point>
	</Placemark>
	<Placemark id="0E2D5A785129F7CD3CF2">
		<name>LT30 - SG - 240 - 0100 - 1+514</name>
		<LookAt>
			<longitude>104.7824185643408</longitude>
			<latitude>17.37813603549594</latitude>
			<altitude>145.7272121556984</altitude>
			<heading>252.3376186072618</heading>
			<tilt>0</tilt>
			<gx:fovy>35</gx:fovy>
			<range>173.3666121807255</range>
			<altitudeMode>absolute</altitudeMode>
		</LookAt>
		<styleUrl>#__managed_style_084E5B89E929FEE14857</styleUrl>
		<Point>
			<coordinates>104.7823652011651,17.37807129533596,146.3672525862486</coordinates>
		</Point>
	</Placemark>
	<Placemark id="01601190D329F7D3E013">
		<name>RT29 - SG - 240 - 0100 - 1+540</name>
		<LookAt>
			<longitude>104.7824185643408</longitude>
			<latitude>17.37813603547481</latitude>
			<altitude>145.7271932927766</altitude>
			<heading>252.3376186072618</heading>
			<tilt>0</tilt>
			<gx:fovy>35</gx:fovy>
			<range>173.3666353583249</range>
			<altitudeMode>absolute</altitudeMode>
		</LookAt>
		<styleUrl>#__managed_style_084E5B89E929FEE14857</styleUrl>
		<Point>
			<coordinates>104.7822119843086,17.37836978302325,146.1317930205131</coordinates>
		</Point>
	</Placemark>
	<Placemark id="0F35C3A03A29F7D49338">
		<name>LT31 - SG - 240 - 0100 - 1+550</name>
		<LookAt>
			<longitude>104.7822215807501</longitude>
			<latitude>17.37824264438697</latitude>
			<altitude>146.4954763084195</altitude>
			<heading>252.3375594632847</heading>
			<tilt>0</tilt>
			<gx:fovy>35</gx:fovy>
			<range>172.5983790611463</range>
			<altitudeMode>absolute</altitudeMode>
		</LookAt>
		<styleUrl>#__managed_style_084E5B89E929FEE14857</styleUrl>
		<Point>
			<coordinates>104.782071039945,17.37825633606514,147.1878625326941</coordinates>
		</Point>
	</Placemark>
	<Placemark id="0E7DA2029C29F7D5E30B">
		<name>RT30 - SG - 240 - 0100 - 1+580</name>
		<LookAt>
			<longitude>104.7820269476717</longitude>
			<latitude>17.37841841788867</latitude>
			<altitude>146.6817794421382</altitude>
			<heading>252.3375014413827</heading>
			<tilt>0</tilt>
			<gx:fovy>35</gx:fovy>
			<range>172.4192393956946</range>
			<altitudeMode>absolute</altitudeMode>
		</LookAt>
		<styleUrl>#__managed_style_084E5B89E929FEE14857</styleUrl>
		<Point>
			<coordinates>104.781894125719,17.37854637325496,147.2889312808682</coordinates>
		</Point>
	</Placemark>
	<Placemark id="0381D5363D29F7D6AA6B">
		<name>LT32 - SG - 240 - 0100 - 1+583</name>
		<LookAt>
			<longitude>104.7820269476494</longitude>
			<latitude>17.37841841785697</latitude>
			<altitude>146.6817794421382</altitude>
			<heading>252.3375014413827</heading>
			<tilt>0</tilt>
			<gx:fovy>35</gx:fovy>
			<range>172.419262573294</range>
			<altitudeMode>absolute</altitudeMode>
		</LookAt>
		<styleUrl>#__managed_style_084E5B89E929FEE14857</styleUrl>
		<Point>
			<coordinates>104.7818075118772,17.37842851879059,147.1744591704058</coordinates>
		</Point>
	</Placemark>
	<Placemark id="0D3B25FC0A29F7D72934">
		<name>LT33 - SG - 240 - 0100 - 1+618</name>
		<LookAt>
			<longitude>104.7816007240112</longitude>
			<latitude>17.37869434827503</latitude>
			<altitude>147.388368384918</altitude>
			<heading>252.3373738332028</heading>
			<tilt>0</tilt>
			<gx:fovy>35</gx:fovy>
			<range>171.712670279212</range>
			<altitudeMode>absolute</altitudeMode>
		</LookAt>
		<styleUrl>#__managed_style_084E5B89E929FEE14857</styleUrl>
		<Point>
			<coordinates>104.7814940971871,17.37860007858261,147.3291734255358</coordinates>
		</Point>
	</Placemark>
	<Placemark id="021C6A99ED29F7D7A93D">
		<name>RT31 - SG - 240 - 0100 - 1+620</name>
		<LookAt>
			<longitude>104.7816007240334</longitude>
			<latitude>17.37869434828031</latitude>
			<altitude>147.388368384918</altitude>
			<heading>252.3373738332028</heading>
			<tilt>0</tilt>
			<gx:fovy>35</gx:fovy>
			<range>171.712670279212</range>
			<altitudeMode>absolute</altitudeMode>
		</LookAt>
		<styleUrl>#__managed_style_084E5B89E929FEE14857</styleUrl>
		<Point>
			<coordinates>104.7814948787873,17.37877324388338,147.7934247790144</coordinates>
		</Point>
	</Placemark>
	<Placemark id="052BBCE85C29F7D9D913">
		<name>LT34 - SG - 240 - 0100 - 1+663</name>
		<LookAt>
			<longitude>104.7814250959395</longitude>
			<latitude>17.37881986679657</latitude>
			<altitude>147.7636249027629</altitude>
			<heading>252.3373207653099</heading>
			<tilt>0</tilt>
			<gx:fovy>35</gx:fovy>
			<range>171.3404843886929</range>
			<altitudeMode>absolute</altitudeMode>
		</LookAt>
		<styleUrl>#__managed_style_084E5B89E929FEE14857</styleUrl>
		<Point>
			<coordinates>104.7811326671351,17.37880746226283,147.9026408090396</coordinates>
		</Point>
	</Placemark>
	<Placemark id="02DD27C25329F7DD8688">
		<name>RT32 - SG - 240 - 0100 - 1+665</name>
		<LookAt>
			<longitude>104.781173954688</longitude>
			<latitude>17.37906533966541</latitude>
			<altitude>148.0766504801897</altitude>
			<heading>252.3372453689157</heading>
			<tilt>0</tilt>
			<gx:fovy>35</gx:fovy>
			<range>171.0274477317398</range>
			<altitudeMode>absolute</altitudeMode>
		</LookAt>
		<styleUrl>#__managed_style_084E5B89E929FEE14857</styleUrl>
		<Point>
			<coordinates>104.7811226692296,17.37897337420625,148.0837187223219</coordinates>
		</Point>
	</Placemark>
	<Placemark id="055576813729F7E11BA3">
		<name>LT35 - SG - 240 - 0100 - 1+730</name>
		<LookAt>
			<longitude>104.7811718304302</longitude>
			<latitude>17.37906596803375</latitude>
			<altitude>148.0823287939821</altitude>
			<heading>252.3372438309341</heading>
			<tilt>0</tilt>
			<gx:fovy>35</gx:fovy>
			<range>171.0333464307769</range>
			<altitudeMode>absolute</altitudeMode>
		</LookAt>
		<styleUrl>#__managed_style_084E5B89E929FEE14857</styleUrl>
		<Point>
			<coordinates>104.7807560305585,17.37898381180641,148.6708930301285</coordinates>
		</Point>
	</Placemark>
	<Placemark id="087728302829F7E1A10C">
		<name>LT36 - SG - 240 - 0100 - 1+755</name>
		<LookAt>
			<longitude>104.7808395039912</longitude>
			<latitude>17.37904272308894</latitude>
			<altitude>148.5222869540634</altitude>
			<heading>252.3371442426937</heading>
			<tilt>0</tilt>
			<gx:fovy>35</gx:fovy>
			<range>170.5933776509301</range>
			<altitudeMode>absolute</altitudeMode>
		</LookAt>
		<styleUrl>#__managed_style_084E5B89E929FEE14857</styleUrl>
		<Point>
			<coordinates>104.7805666579275,17.37908958197453,149.1604997391681</coordinates>
		</Point>
	</Placemark>
	<Placemark id="090480773429F7E25B07">
		<name>RT33 - SG - 240 - 0100 - 1+786</name>
		<LookAt>
			<longitude>104.7803372282192</longitude>
			<latitude>17.37928213611519</latitude>
			<altitude>149.4683588835984</altitude>
			<heading>252.336993709209</heading>
			<tilt>0</tilt>
			<gx:fovy>35</gx:fovy>
			<range>169.6473028114633</range>
			<altitudeMode>absolute</altitudeMode>
		</LookAt>
		<styleUrl>#__managed_style_084E5B89E929FEE14857</styleUrl>
		<Point>
			<coordinates>104.780451620708,17.37948167451885,149.6790795783753</coordinates>
		</Point>
	</Placemark>
	<Placemark id="0FC7FDEE7629F7E2EB02">
		<name>LT37 - SG - 240 - 0100 - 1+786</name>
		<LookAt>
			<longitude>104.7802977813629</longitude>
			<latitude>17.37933127386962</latitude>
			<altitude>149.2152431226198</altitude>
			<heading>252.3369931358745</heading>
			<tilt>0</tilt>
			<gx:fovy>35</gx:fovy>
			<range>170.9890192720013</range>
			<altitudeMode>absolute</altitudeMode>
		</LookAt>
		<styleUrl>#__managed_style_084E5B89E929FEE14857</styleUrl>
		<Point>
			<coordinates>104.7803152267067,17.37923463194626,149.7011588661077</coordinates>
		</Point>
	</Placemark>
	<Placemark id="09CD9DFDBD29F7E3585A">
		<name>LT38 - SG - 240 - 0100 - 1+822</name>
		<LookAt>
			<longitude>104.7800956728906</longitude>
			<latitude>17.37951576646739</latitude>
			<altitude>146.5302058261608</altitude>
			<heading>252.3369323194885</heading>
			<tilt>0</tilt>
			<gx:fovy>35</gx:fovy>
			<range>173.6740630362328</range>
			<altitudeMode>absolute</altitudeMode>
		</LookAt>
		<styleUrl>#__managed_style_084E5B89E929FEE14857</styleUrl>
		<Point>
			<coordinates>104.7800479092777,17.37937554722255,147.4251905502805</coordinates>
		</Point>
	</Placemark>
	<Placemark id="0C5F3B9F5C29F7E3D796">
		<name>RT34 - SG - 240 - 0100 - 1+826</name>
		<LookAt>
			<longitude>104.780095672885</longitude>
			<latitude>17.37951576646739</latitude>
			<altitude>146.5302058275754</altitude>
			<heading>252.3369323194885</heading>
			<tilt>0</tilt>
			<gx:fovy>35</gx:fovy>
			<range>173.6740630362329</range>
			<altitudeMode>absolute</altitudeMode>
		</LookAt>
		<styleUrl>#__managed_style_084E5B89E929FEE14857</styleUrl>
		<Point>
			<coordinates>104.7800800667397,17.37966335296462,145.432865660791</coordinates>
		</Point>
	</Placemark>
	<Placemark id="0F94D6DDB829F7E4B3D1">
		<name>LT39 - SG - 240 - 0100 - 1+858</name>
		<LookAt>
			<longitude>104.7800956728795</longitude>
			<latitude>17.37951576646739</latitude>
			<altitude>146.5302058261608</altitude>
			<heading>252.3369323194885</heading>
			<tilt>0</tilt>
			<gx:fovy>35</gx:fovy>
			<range>173.6740630362329</range>
			<altitudeMode>absolute</altitudeMode>
		</LookAt>
		<styleUrl>#__managed_style_084E5B89E929FEE14857</styleUrl>
		<Point>
			<coordinates>104.7797893076437,17.37950963926728,145.2110239667585</coordinates>
		</Point>
	</Placemark>
	<Placemark id="006AAD740029F7E53A34">
		<name>RT35 - SG - 240 - 0100 - 1+866</name>
		<LookAt>
			<longitude>104.7797836077507</longitude>
			<latitude>17.37968404788801</latitude>
			<altitude>144.3852207794639</altitude>
			<heading>252.3368386646819</heading>
			<tilt>0</tilt>
			<gx:fovy>35</gx:fovy>
			<range>175.8190571465821</range>
			<altitudeMode>absolute</altitudeMode>
		</LookAt>
		<styleUrl>#__managed_style_084E5B89E929FEE14857</styleUrl>
		<Point>
			<coordinates>104.7797121072888,17.37988060696963,146.0438127356843</coordinates>
		</Point>
	</Placemark>
	<Placemark id="044B99049D29F7E5B8C7">
		<name>LT40 - SG - 240 - 0100 - 1+894</name>
		<LookAt>
			<longitude>104.7793676874914</longitude>
			<latitude>17.37992569910727</latitude>
			<altitude>148.2476106783093</altitude>
			<heading>252.3367141502646</heading>
			<tilt>0</tilt>
			<gx:fovy>34.99999999999999</gx:fovy>
			<range>171.9635909698809</range>
			<altitudeMode>absolute</altitudeMode>
		</LookAt>
		<styleUrl>#__managed_style_084E5B89E929FEE14857</styleUrl>
		<Point>
			<coordinates>104.7794735308783,17.37969287973445,146.6905504398369</coordinates>
		</Point>
	</Placemark>
	<Placemark id="04CB7E533529F7E6422F">
		<name>RT36 - SG - 240 - 0100 - 1+902</name>
		<LookAt>
			<longitude>104.7793676875011</longitude>
			<latitude>17.37992569912841</latitude>
			<altitude>148.2476106783093</altitude>
			<heading>252.336714144535</heading>
			<tilt>0</tilt>
			<gx:fovy>34.99999999999999</gx:fovy>
			<range>171.9635909698809</range>
			<altitudeMode>absolute</altitudeMode>
		</LookAt>
		<styleUrl>#__managed_style_084E5B89E929FEE14857</styleUrl>
		<Point>
			<coordinates>104.7794127301981,17.38004649548486,148.840172759896</coordinates>
		</Point>
	</Placemark>
	<Placemark id="0C79D15E0429F7E6E39D">
		<name>LT41 - SG - 240 - 0100 - 1+930</name>
		<LookAt>
			<longitude>104.7793676875109</longitude>
			<latitude>17.37992569914954</latitude>
			<altitude>148.2476106783093</altitude>
			<heading>252.3367141273463</heading>
			<tilt>0</tilt>
			<gx:fovy>34.99999999999999</gx:fovy>
			<range>171.9635909698809</range>
			<altitudeMode>absolute</altitudeMode>
		</LookAt>
		<styleUrl>#__managed_style_084E5B89E929FEE14857</styleUrl>
		<Point>
			<coordinates>104.7791533725556,17.37987669203071,148.0434198703525</coordinates>
		</Point>
	</Placemark>
	<Placemark id="0D2BCFADAC29F7E746F9">
		<name>RT37 - SG - 240 - 0100 - 1+938</name>
		<LookAt>
			<longitude>104.7793676875206</longitude>
			<latitude>17.37992569917067</latitude>
			<altitude>148.2476106783093</altitude>
			<heading>252.3367141273463</heading>
			<tilt>0</tilt>
			<gx:fovy>34.99999999999999</gx:fovy>
			<range>171.9635909698809</range>
			<altitudeMode>absolute</altitudeMode>
		</LookAt>
		<styleUrl>#__managed_style_084E5B89E929FEE14857</styleUrl>
		<Point>
			<coordinates>104.7791026216711,17.38020324540027,146.7330222460492</coordinates>
		</Point>
	</Placemark>
	<Placemark id="02B0915B8929F7E858AD">
		<name>LT42 - SG - 240 - 0100 - 1+966</name>
		<LookAt>
			<longitude>104.7790040073506</longitude>
			<latitude>17.3801191996291</latitude>
			<altitude>146.1931628249621</altitude>
			<heading>-26.71669103342449</heading>
			<tilt>30.07488327970509</tilt>
			<gx:fovy>35</gx:fovy>
			<range>168.1158892889653</range>
			<altitudeMode>absolute</altitudeMode>
		</LookAt>
		<styleUrl>#__managed_style_084E5B89E929FEE14857</styleUrl>
		<Point>
			<coordinates>104.7788642495527,17.38002286398761,146.1619361571011</coordinates>
		</Point>
	</Placemark>
	<Placemark id="0FBD2802D329F7E90724">
		<name>LT43 - SG - 240 - 0100 - 1+997</name>
		<LookAt>
			<longitude>104.779004007395</longitude>
			<latitude>17.38011919954457</latitude>
			<altitude>146.1931628249621</altitude>
			<heading>-3.173373761768815e-15</heading>
			<tilt>30.07488327960597</tilt>
			<gx:fovy>35</gx:fovy>
			<range>168.1158777001656</range>
			<altitudeMode>absolute</altitudeMode>
		</LookAt>
		<styleUrl>#__managed_style_084E5B89E929FEE14857</styleUrl>
		<Point>
			<coordinates>104.7785651926021,17.38018049394174,145.2169417343529</coordinates>
		</Point>
	</Placemark>
	<Placemark id="07EA109A1D29F7E9C095">
		<name>RT38 - SG - 240 - 0100 - 1+997</name>
		<LookAt>
			<longitude>104.779004007395</longitude>
			<latitude>17.38011919954457</latitude>
			<altitude>146.1931628249621</altitude>
			<heading>-1.586686880884409e-14</heading>
			<tilt>30.07488327960593</tilt>
			<gx:fovy>35</gx:fovy>
			<range>168.1158777001656</range>
			<altitudeMode>absolute</altitudeMode>
		</LookAt>
		<styleUrl>#__managed_style_084E5B89E929FEE14857</styleUrl>
		<Point>
			<coordinates>104.7787301502641,17.38040834700374,144.7700804275102</coordinates>
		</Point>
	</Placemark>
	<Placemark id="0EEF7E9C6729F7EECC8A">
		<name>LT44 - SG - 240 - 0100 - 2+034</name>
		<LookAt>
			<longitude>104.7783607281286</longitude>
			<latitude>17.38053696568658</latitude>
			<altitude>147.6338689662495</altitude>
			<heading>251.0927158822446</heading>
			<tilt>0</tilt>
			<gx:fovy>35</gx:fovy>
			<range>166.2559101179432</range>
			<altitudeMode>absolute</altitudeMode>
		</LookAt>
		<styleUrl>#__managed_style_084E5B89E929FEE14857</styleUrl>
		<Point>
			<coordinates>104.7782864208277,17.38035083177525,147.4246544445668</coordinates>
		</Point>
	</Placemark>
	<Placemark id="0811A176C529F7EFC1E2">
		<name>RT39 - SG - 240 - 0100 - 2+035</name>
		<LookAt>
			<longitude>104.7783607281341</longitude>
			<latitude>17.38053696568658</latitude>
			<altitude>147.6338689662495</altitude>
			<heading>251.0927158822446</heading>
			<tilt>0</tilt>
			<gx:fovy>35</gx:fovy>
			<range>166.2558985291435</range>
			<altitudeMode>absolute</altitudeMode>
		</LookAt>
		<styleUrl>#__managed_style_084E5B89E929FEE14857</styleUrl>
		<Point>
			<coordinates>104.7783680853707,17.38062354876528,148.1494452765922</coordinates>
		</Point>
	</Placemark>
	<Placemark id="0C3409CE6C29F7F02BE3">
		<name>LT45 - SG - 240 - 0100 - 2+070</name>
		<LookAt>
			<longitude>104.7779535193532</longitude>
			<latitude>17.3807184749216</latitude>
			<altitude>152.1750339615138</altitude>
			<heading>251.0925939381285</heading>
			<tilt>0</tilt>
			<gx:fovy>35</gx:fovy>
			<range>161.7147230753835</range>
			<altitudeMode>absolute</altitudeMode>
		</LookAt>
		<styleUrl>#__managed_style_084E5B89E929FEE14857</styleUrl>
		<Point>
			<coordinates>104.778005038962,17.38052524899907,152.1532154318901</coordinates>
		</Point>
	</Placemark>
	<Placemark id="078C8C5A5C29F7F09B3B">
		<name>RT40 - SG - 240 - 0100 - 2+073</name>
		<LookAt>
			<longitude>104.7779535193532</longitude>
			<latitude>17.38071847491764</latitude>
			<altitude>152.1750339615138</altitude>
			<heading>251.092593932399</heading>
			<tilt>0</tilt>
			<gx:fovy>35</gx:fovy>
			<range>161.7147230753835</range>
			<altitudeMode>absolute</altitudeMode>
		</LookAt>
		<styleUrl>#__managed_style_084E5B89E929FEE14857</styleUrl>
		<Point>
			<coordinates>104.7780199120941,17.38074135432398,151.7017552621426</coordinates>
		</Point>
	</Placemark>
	<Placemark id="0252936B1729F7F13FDA">
		<name>LT46 - SG - 240 - 0100 - 2+106</name>
		<LookAt>
			<longitude>104.7779535193532</longitude>
			<latitude>17.38071847491367</latitude>
			<altitude>152.1750339615138</altitude>
			<heading>251.0925939266694</heading>
			<tilt>0</tilt>
			<gx:fovy>35</gx:fovy>
			<range>161.7147230753835</range>
			<altitudeMode>absolute</altitudeMode>
		</LookAt>
		<styleUrl>#__managed_style_084E5B89E929FEE14857</styleUrl>
		<Point>
			<coordinates>104.7777489988563,17.38067838952621,153.4929124222323</coordinates>
		</Point>
	</Placemark>
	<Placemark id="088ECD9A1829F7F1C6D8">
		<name>RT41 - SG - 240 - 0100 - 2+123</name>
		<LookAt>
			<longitude>104.7776973436527</longitude>
			<latitude>17.3809061274601</latitude>
			<altitude>152.4331595936967</altitude>
			<heading>251.0925166508652</heading>
			<tilt>0</tilt>
			<gx:fovy>35</gx:fovy>
			<range>161.4565825625141</range>
			<altitudeMode>absolute</altitudeMode>
		</LookAt>
		<styleUrl>#__managed_style_084E5B89E929FEE14857</styleUrl>
		<Point>
			<coordinates>104.7776021470874,17.38097810882148,152.4256024396853</coordinates>
		</Point>
	</Placemark>
	<Placemark id="0013133F8D29F7F288A8">
		<name>LT47 - SG - 240 - 0100 - 2+144</name>
		<LookAt>
			<longitude>104.7776973436583</longitude>
			<latitude>17.3809061274601</latitude>
			<altitude>152.4331595936967</altitude>
			<heading>251.0925166508652</heading>
			<tilt>0</tilt>
			<gx:fovy>35</gx:fovy>
			<range>161.4565825625141</range>
			<altitudeMode>absolute</altitudeMode>
		</LookAt>
		<styleUrl>#__managed_style_084E5B89E929FEE14857</styleUrl>
		<Point>
			<coordinates>104.7774289145011,17.38084770135989,152.2634502049609</coordinates>
		</Point>
	</Placemark>
	<Placemark id="0D3991C4AC29F7F34EAB">
		<name>RT42 - SG - 240 - 0100 - 2+179</name>
		<LookAt>
			<longitude>104.7772219047091</longitude>
			<latitude>17.38105611930607</latitude>
			<altitude>151.8940788975763</altitude>
			<heading>251.0923738486233</heading>
			<tilt>0</tilt>
			<gx:fovy>35</gx:fovy>
			<range>161.9956587572233</range>
			<altitudeMode>absolute</altitudeMode>
		</LookAt>
		<styleUrl>#__managed_style_084E5B89E929FEE14857</styleUrl>
		<Point>
			<coordinates>104.7772339590889,17.38117910800922,151.4436239058138</coordinates>
		</Point>
	</Placemark>
	<Placemark id="029F7C14D129F7F543E4">
		<name>LT48 - SG - 240 - 0100 - 2+179</name>
		<LookAt>
			<longitude>104.7771331488348</longitude>
			<latitude>17.38111663872231</latitude>
			<altitude>151.3274640607909</altitude>
			<heading>251.0923525275007</heading>
			<tilt>0</tilt>
			<gx:fovy>35</gx:fovy>
			<range>159.9613608614163</range>
			<altitudeMode>absolute</altitudeMode>
		</LookAt>
		<styleUrl>#__managed_style_084E5B89E929FEE14857</styleUrl>
		<Point>
			<coordinates>104.7771299222008,17.38089130405886,151.8684716564494</coordinates>
		</Point>
	</Placemark>
	<Placemark id="0327F2DDB129F7F6AF0B">
		<name>LT49 - SG - 240 - 0100 - 2+219</name>
		<LookAt>
			<longitude>104.7770954735639</longitude>
			<latitude>17.38122713987641</latitude>
			<altitude>150.5593531371257</altitude>
			<heading>251.0923727109376</heading>
			<tilt>0</tilt>
			<gx:fovy>35</gx:fovy>
			<range>158.7384875415955</range>
			<altitudeMode>absolute</altitudeMode>
		</LookAt>
		<styleUrl>#__managed_style_084E5B89E929FEE14857</styleUrl>
		<Point>
			<coordinates>104.7767983217214,17.38118702608991,148.9190068116551</coordinates>
		</Point>
	</Placemark>
	<Placemark id="06E1AEA03129F7F781AF">
		<name>RT43 - SG - 240 - 0100 - 2+219</name>
		<LookAt>
			<longitude>104.7770954735861</longitude>
			<latitude>17.38122713993981</latitude>
			<altitude>150.5593531371257</altitude>
			<heading>251.0923727109376</heading>
			<tilt>0</tilt>
			<gx:fovy>35</gx:fovy>
			<range>158.7384875415955</range>
			<altitudeMode>absolute</altitudeMode>
		</LookAt>
		<styleUrl>#__managed_style_084E5B89E929FEE14857</styleUrl>
		<Point>
			<coordinates>104.7768629734445,17.38137457903349,148.0695071595401</coordinates>
		</Point>
	</Placemark>
	<Placemark id="04657CE05229F7F84D73">
		<name>LT50 - SG - 240 - 0100 - 2+255</name>
		<LookAt>
			<longitude>104.7767145928466</longitude>
			<latitude>17.38137478665028</latitude>
			<altitude>147.5375169002682</altitude>
			<heading>251.0922580810324</heading>
			<tilt>0</tilt>
			<gx:fovy>35</gx:fovy>
			<range>161.8286873314355</range>
			<altitudeMode>absolute</altitudeMode>
		</LookAt>
		<styleUrl>#__managed_style_084E5B89E929FEE14857</styleUrl>
		<Point>
			<coordinates>104.7765238134726,17.38133463578455,148.2435651730902</coordinates>
		</Point>
	</Placemark>
	<Placemark id="0B516DE32B29F7F8D100">
		<name>RT44 - SG - 240 - 0100 - 2+264</name>
		<LookAt>
			<longitude>104.7767145928466</longitude>
			<latitude>17.38137478665028</latitude>
			<altitude>147.5375169002682</altitude>
			<heading>251.0922580810324</heading>
			<tilt>0</tilt>
			<gx:fovy>35</gx:fovy>
			<range>161.8286873314355</range>
			<altitudeMode>absolute</altitudeMode>
		</LookAt>
		<styleUrl>#__managed_style_084E5B89E929FEE14857</styleUrl>
		<Point>
			<coordinates>104.7764945534759,17.38157436560092,147.3768026801997</coordinates>
		</Point>
	</Placemark>
	<Placemark id="026876556929F7F97C15">
		<name>LT51 - SG - 240 - 0100 - 2+291</name>
		<LookAt>
			<longitude>104.7763960253134</longitude>
			<latitude>17.38152367365711</latitude>
			<altitude>148.2016526039321</altitude>
			<heading>251.0921622902998</heading>
			<tilt>0</tilt>
			<gx:fovy>35</gx:fovy>
			<range>161.164544810581</range>
			<altitudeMode>absolute</altitudeMode>
		</LookAt>
		<styleUrl>#__managed_style_084E5B89E929FEE14857</styleUrl>
		<Point>
			<coordinates>104.776249926723,17.3814967386949,149.9346711610771</coordinates>
		</Point>
	</Placemark>
	<Placemark id="0CB8A68DC729F7F9FBC3">
		<name>RT45 - SG - 240 - 0100 - 2+304</name>
		<LookAt>
			<longitude>104.7763960253245</longitude>
			<latitude>17.38152367365711</latitude>
			<altitude>148.2016526025175</altitude>
			<heading>251.0921622788406</heading>
			<tilt>0</tilt>
			<gx:fovy>35</gx:fovy>
			<range>161.164544810581</range>
			<altitudeMode>absolute</altitudeMode>
		</LookAt>
		<styleUrl>#__managed_style_084E5B89E929FEE14857</styleUrl>
		<Point>
			<coordinates>104.7761775982886,17.38175701425841,149.0643218665501</coordinates>
		</Point>
	</Placemark>
	<Placemark id="0B5B01E96B29F7FB83EF">
		<name>LT52 - SG - 240 - 0100 - 2+327</name>
		<LookAt>
			<longitude>104.7761026021409</longitude>
			<latitude>17.38156379250782</latitude>
			<altitude>150.7393933337962</altitude>
			<heading>251.0920738610576</heading>
			<tilt>0</tilt>
			<gx:fovy>35</gx:fovy>
			<range>158.6268062790805</range>
			<altitudeMode>absolute</altitudeMode>
		</LookAt>
		<styleUrl>#__managed_style_084E5B89E929FEE14857</styleUrl>
		<Point>
			<coordinates>104.7759573572737,17.38166895688298,150.707598170626</coordinates>
		</Point>
	</Placemark>
	<Placemark id="03A1F6656D29F7FEBD2F">
		<name>RT46 - SG - 240 - 0100 - 2+336</name>
		<LookAt>
			<longitude>104.7761021788261</longitude>
			<latitude>17.38156418812551</latitude>
			<altitude>150.7395065084974</altitude>
			<heading>251.092073676926</heading>
			<tilt>0</tilt>
			<gx:fovy>35</gx:fovy>
			<range>158.7538542899711</range>
			<altitudeMode>absolute</altitudeMode>
		</LookAt>
		<styleUrl>#__managed_style_084E5B89E929FEE14857</styleUrl>
		<Point>
			<coordinates>104.7759203544727,17.38190538787353,148.5151653201591</coordinates>
		</Point>
	</Placemark>
	<Placemark id="0CAD395B4A29F7FF6EE5">
		<name>LT53 - SG - 240 - 0100 - 2+363</name>
		<LookAt>
			<longitude>104.7758328118359</longitude>
			<latitude>17.38171941870685</latitude>
			<altitude>150.2572288812819</altitude>
			<heading>251.0919926799438</heading>
			<tilt>0</tilt>
			<gx:fovy>35</gx:fovy>
			<range>159.2361105998498</range>
			<altitudeMode>absolute</altitudeMode>
		</LookAt>
		<styleUrl>#__managed_style_084E5B89E929FEE14857</styleUrl>
		<Point>
			<coordinates>104.7756734436077,17.38181167687221,149.0521642238031</coordinates>
		</Point>
	</Placemark>
	<Placemark id="0D9E532D0829F800235F">
		<name>RT47 - SG - 240 - 0100 - 2+372</name>
		<LookAt>
			<longitude>104.7756851357271</longitude>
			<latitude>17.38183722090018</latitude>
			<altitude>148.6493297194377</altitude>
			<heading>251.0919482596688</heading>
			<tilt>0</tilt>
			<gx:fovy>35</gx:fovy>
			<range>160.8440217890347</range>
			<altitudeMode>absolute</altitudeMode>
		</LookAt>
		<styleUrl>#__managed_style_084E5B89E929FEE14857</styleUrl>
		<Point>
			<coordinates>104.7756208232891,17.38206605956316,147.8212694139057</coordinates>
		</Point>
	</Placemark>
	<Placemark id="0CFA7D0EBA29F800C587">
		<name>LT54 - SG - 240 - 0100 - 2+399</name>
		<LookAt>
			<longitude>104.7756851357271</longitude>
			<latitude>17.38183722090018</latitude>
			<altitude>148.6493297194377</altitude>
			<heading>251.0919482596688</heading>
			<tilt>0</tilt>
			<gx:fovy>35</gx:fovy>
			<range>160.8440449666341</range>
			<altitudeMode>absolute</altitudeMode>
		</LookAt>
		<styleUrl>#__managed_style_084E5B89E929FEE14857</styleUrl>
		<Point>
			<coordinates>104.7753527856885,17.38198862056921,148.0559089592844</coordinates>
		</Point>
	</Placemark>
	<Placemark id="09B7A2D99829F8014080">
		<name>RT48 - SG - 240 - 0100 - 2+403</name>
		<LookAt>
			<longitude>104.7756851357271</longitude>
			<latitude>17.38183722090018</latitude>
			<altitude>148.6493108551013</altitude>
			<heading>251.0919482596688</heading>
			<tilt>0</tilt>
			<gx:fovy>35</gx:fovy>
			<range>160.8440681442335</range>
			<altitudeMode>absolute</altitudeMode>
		</LookAt>
		<styleUrl>#__managed_style_084E5B89E929FEE14857</styleUrl>
		<Point>
			<coordinates>104.7753986305486,17.38219298193337,148.1947524903854</coordinates>
		</Point>
	</Placemark>
	<Placemark id="0CBAF0AE4729F801F702">
		<name>LT55 - SG - 240 - 0100 - 2+435</name>
		<LookAt>
			<longitude>104.7752150582103</longitude>
			<latitude>17.38211961028187</latitude>
			<altitude>148.3708639061883</altitude>
			<heading>251.0918075074344</heading>
			<tilt>0</tilt>
			<gx:fovy>35</gx:fovy>
			<range>161.1225238229417</range>
			<altitudeMode>absolute</altitudeMode>
		</LookAt>
		<styleUrl>#__managed_style_084E5B89E929FEE14857</styleUrl>
		<Point>
			<coordinates>104.7750915265883,17.38215355468386,149.4392732714105</coordinates>
		</Point>
	</Placemark>
	<Placemark id="0F64503D2B29F802735A">
		<name>RT49 - SG - 240 - 0100 - 2+442</name>
		<LookAt>
			<longitude>104.7752150582103</longitude>
			<latitude>17.38211961028715</latitude>
			<altitude>148.3708639061883</altitude>
			<heading>251.0918075074344</heading>
			<tilt>0</tilt>
			<gx:fovy>35</gx:fovy>
			<range>161.1225238229417</range>
			<altitudeMode>absolute</altitudeMode>
		</LookAt>
		<styleUrl>#__managed_style_084E5B89E929FEE14857</styleUrl>
		<Point>
			<coordinates>104.7750500831885,17.38242283978673,150.7128849067975</coordinates>
		</Point>
	</Placemark>
	<Placemark id="01FD6E4E2F29F80381D2">
		<name>LT56 - SG - 240 - 0100 - 2+471</name>
		<LookAt>
			<longitude>104.7752122069779</longitude>
			<latitude>17.38212167901251</latitude>
			<altitude>148.386255908867</altitude>
			<heading>251.0918066495458</heading>
			<tilt>0</tilt>
			<gx:fovy>35</gx:fovy>
			<range>161.1295350467481</range>
			<altitudeMode>absolute</altitudeMode>
		</LookAt>
		<styleUrl>#__managed_style_084E5B89E929FEE14857</styleUrl>
		<Point>
			<coordinates>104.7748235311905,17.3823431699926,150.9847305943167</coordinates>
		</Point>
	</Placemark>
	<Placemark id="069696FA1D29F8041C84">
		<name>RT50 - SG - 240 - 0100 - 2+480</name>
		<LookAt>
			<longitude>104.7748134656567</longitude>
			<latitude>17.38253184569338</latitude>
			<altitude>150.8463668388335</altitude>
			<heading>251.0916869788874</heading>
			<tilt>0</tilt>
			<gx:fovy>35</gx:fovy>
			<range>158.6694067067037</range>
			<altitudeMode>absolute</altitudeMode>
		</LookAt>
		<styleUrl>#__managed_style_084E5B89E929FEE14857</styleUrl>
		<Point>
			<coordinates>104.7747181356,17.38267293010353,150.5655187912379</coordinates>
		</Point>
	</Placemark>
	<Placemark id="0762CC22EA29F804D44E">
		<name>LT57 - SG - 240 - 0100 - 2+514</name>
		<LookAt>
			<longitude>104.7746823634979</longitude>
			<latitude>17.38264879955457</latitude>
			<altitude>150.2319656092025</altitude>
			<heading>251.091646700745</heading>
			<tilt>0</tilt>
			<gx:fovy>35</gx:fovy>
			<range>159.2837985105325</range>
			<altitudeMode>absolute</altitudeMode>
		</LookAt>
		<styleUrl>#__managed_style_084E5B89E929FEE14857</styleUrl>
		<Point>
			<coordinates>104.7745177823249,17.38258108791201,149.7554022519371</coordinates>
		</Point>
	</Placemark>
	<Placemark id="0860A3DE5A29F8058642">
		<name>RT51 - SG - 240 - 0100 - 2+525</name>
		<LookAt>
			<longitude>104.774530971131</longitude>
			<latitude>17.38286734223997</latitude>
			<altitude>149.8607556973452</altitude>
			<heading>251.0916011914366</heading>
			<tilt>0</tilt>
			<gx:fovy>35</gx:fovy>
			<range>159.6549993530789</range>
			<altitudeMode>absolute</altitudeMode>
		</LookAt>
		<styleUrl>#__managed_style_084E5B89E929FEE14857</styleUrl>
		<Point>
			<coordinates>104.7744025618829,17.38295359926875,150.3028166402847</coordinates>
		</Point>
	</Placemark>
	<Placemark id="06585E0B9A29F8075470">
		<name>LT58 - SG - 240 - 0100 - 2+525</name>
		<LookAt>
			<longitude>104.774231990246</longitude>
			<latitude>17.38295479471215</latitude>
			<altitude>149.8495057809331</altitude>
			<heading>251.0915101413912</heading>
			<tilt>0</tilt>
			<gx:fovy>35</gx:fovy>
			<range>159.7278001926679</range>
			<altitudeMode>absolute</altitudeMode>
		</LookAt>
		<styleUrl>#__managed_style_084E5B89E929FEE14857</styleUrl>
		<Point>
			<coordinates>104.7742177549301,17.38275974211366,150.2326283709111</coordinates>
		</Point>
	</Placemark>
	<Placemark id="077F6F1A4729F808D17F">
		<name>RT52 - SG - 240 - 0100 - 2+565</name>
		<LookAt>
			<longitude>104.7740731841614</longitude>
			<latitude>17.38317219871657</latitude>
			<altitude>150.4973795254952</altitude>
			<heading>251.0914343890684</heading>
			<tilt>0</tilt>
			<gx:fovy>35</gx:fovy>
			<range>250.722313595943</range>
			<altitudeMode>absolute</altitudeMode>
		</LookAt>
		<styleUrl>#__managed_style_084E5B89E929FEE14857</styleUrl>
		<Point>
			<coordinates>104.7741198361025,17.38327466126961,150.7638803044084</coordinates>
		</Point>
	</Placemark>
	<Placemark id="0D4AC8AD1829F80C169C">
		<name>RT53 - SG - 240 - 0100 - 2+605</name>
		<LookAt>
			<longitude>104.774073184117</longitude>
			<latitude>17.38317219862147</latitude>
			<altitude>150.4973795254952</altitude>
			<heading>251.0914343776092</heading>
			<tilt>0</tilt>
			<gx:fovy>35</gx:fovy>
			<range>250.722313595943</range>
			<altitudeMode>absolute</altitudeMode>
		</LookAt>
		<styleUrl>#__managed_style_084E5B89E929FEE14857</styleUrl>
		<Point>
			<coordinates>104.7738737735898,17.38354962287838,150.0986389259357</coordinates>
		</Point>
	</Placemark>
	<Placemark id="0444DC66D029F80C9BFD">
		<name>LT59 - SG - 240 - 0100 - 2+589</name>
		<LookAt>
			<longitude>104.7736480951354</longitude>
			<latitude>17.3836505711275</latitude>
			<altitude>147.5919276855596</altitude>
			<heading>251.0913186177048</heading>
			<tilt>0</tilt>
			<gx:fovy>35</gx:fovy>
			<range>110.0854963879283</range>
			<altitudeMode>absolute</altitudeMode>
		</LookAt>
		<styleUrl>#__managed_style_084E5B89E929FEE14857</styleUrl>
		<Point>
			<coordinates>104.7740486315033,17.38304382250718,147.6483566907143</coordinates>
		</Point>
	</Placemark>
	<Placemark id="0A01D1036E29F80D81A6">
		<name>RT54 - SG - 240 - 0100 - 2+645</name>
		<LookAt>
			<longitude>104.7737455390035</longitude>
			<latitude>17.38346300707476</latitude>
			<altitude>148.9887188923708</altitude>
			<heading>251.0913459001124</heading>
			<tilt>0</tilt>
			<gx:fovy>35</gx:fovy>
			<range>164.3170691650994</range>
			<altitudeMode>absolute</altitudeMode>
		</LookAt>
		<styleUrl>#__managed_style_084E5B89E929FEE14857</styleUrl>
		<Point>
			<coordinates>104.7736298384667,17.38389190043708,148.3726585874289</coordinates>
		</Point>
	</Placemark>
	<Placemark id="06B8CF57E129F80E1B93">
		<name>LT60 - SG - 240 - 0100 - 2+592</name>
		<LookAt>
			<longitude>104.77354199529</longitude>
			<latitude>17.38385810727018</latitude>
			<altitude>147.5903454465947</altitude>
			<heading>251.091284726716</heading>
			<tilt>0</tilt>
			<gx:fovy>35</gx:fovy>
			<range>165.7154316784727</range>
			<altitudeMode>absolute</altitudeMode>
		</LookAt>
		<styleUrl>#__managed_style_084E5B89E929FEE14857</styleUrl>
		<Point>
			<coordinates>104.7737692904398,17.38323702893393,148.2639448251123</coordinates>
		</Point>
	</Placemark>
	<Placemark id="0B325F42BD29F80EE33F">
		<name>RT55 - SG - 240 - 0100 - 2+685</name>
		<LookAt>
			<longitude>104.7734412341033</longitude>
			<latitude>17.38415917384497</latitude>
			<altitude>149.7507660034819</altitude>
			<heading>251.0912541695444</heading>
			<tilt>0</tilt>
			<gx:fovy>35</gx:fovy>
			<range>163.5550128757495</range>
			<altitudeMode>absolute</altitudeMode>
		</LookAt>
		<styleUrl>#__managed_style_084E5B89E929FEE14857</styleUrl>
		<Point>
			<coordinates>104.7734287507283,17.38425756190881,150.983402526613</coordinates>
		</Point>
	</Placemark>
	<Placemark id="04F1CD9C1729F80F6206">
		<name>RT56 - SG - 240 - 0100 - 2+725</name>
		<LookAt>
			<longitude>104.7734412341033</longitude>
			<latitude>17.38415917384629</latitude>
			<altitude>149.7507660034819</altitude>
			<heading>251.0912541695444</heading>
			<tilt>0</tilt>
			<gx:fovy>35</gx:fovy>
			<range>163.5550128757495</range>
			<altitudeMode>absolute</altitudeMode>
		</LookAt>
		<styleUrl>#__managed_style_084E5B89E929FEE14857</styleUrl>
		<Point>
			<coordinates>104.7732464283971,17.38461139265191,152.0830281935326</coordinates>
		</Point>
	</Placemark>
	<Placemark id="0A023F1F6629F80FEA69">
		<name>LT61 - SG - 240 - 0100 - 2+623</name>
		<LookAt>
			<longitude>104.7731573494707</longitude>
			<latitude>17.38469866724725</latitude>
			<altitude>151.3406977697744</altitude>
			<heading>251.0911689784396</heading>
			<tilt>0</tilt>
			<gx:fovy>35</gx:fovy>
			<range>161.9650759148681</range>
			<altitudeMode>absolute</altitudeMode>
		</LookAt>
		<styleUrl>#__managed_style_084E5B89E929FEE14857</styleUrl>
		<Point>
			<coordinates>104.7736135965427,17.38354827199192,150.6325973630928</coordinates>
		</Point>
	</Placemark>
	<Placemark id="0FABBCCC9929F810A5A8">
		<name>RT57 - SG - 240 - 0100 - 2+802</name>
		<LookAt>
			<longitude>104.772923321889</longitude>
			<latitude>17.38526346279388</latitude>
			<altitude>148.2462945021712</altitude>
			<heading>251.0911047094492</heading>
			<tilt>0</tilt>
			<gx:fovy>35</gx:fovy>
			<range>227.3757727144402</range>
			<altitudeMode>absolute</altitudeMode>
		</LookAt>
		<styleUrl>#__managed_style_084E5B89E929FEE14857</styleUrl>
		<Point>
			<coordinates>104.7730245766524,17.38501252871312,149.282172178597</coordinates>
		</Point>
	</Placemark>
	<Placemark id="012DD60AD529F811E4CE">
		<name>RT58 - SG - 240 - 0100 - 2+840</name>
		<LookAt>
			<longitude>104.7726506858337</longitude>
			<latitude>17.38554374505537</latitude>
			<altitude>147.7552463519617</altitude>
			<heading>251.0910228558413</heading>
			<tilt>0</tilt>
			<gx:fovy>35</gx:fovy>
			<range>227.8668133344763</range>
			<altitudeMode>absolute</altitudeMode>
		</LookAt>
		<styleUrl>#__managed_style_084E5B89E929FEE14857</styleUrl>
		<Point>
			<coordinates>104.7728428122333,17.38535753256681,148.2719935896925</coordinates>
		</Point>
	</Placemark>
	<Placemark id="03BD3FE41129F8126238">
		<name>LT62 - SG - 240 - 0100 - 2+650</name>
		<LookAt>
			<longitude>104.7726506858226</longitude>
			<latitude>17.38554374504744</latitude>
			<altitude>147.7552274862107</altitude>
			<heading>251.0910228558413</heading>
			<tilt>0</tilt>
			<gx:fovy>35</gx:fovy>
			<range>227.8668133344763</range>
			<altitudeMode>absolute</altitudeMode>
		</LookAt>
		<styleUrl>#__managed_style_084E5B89E929FEE14857</styleUrl>
		<Point>
			<coordinates>104.7733586199164,17.38379403488917,148.5136517332873</coordinates>
		</Point>
	</Placemark>
	<Placemark id="025A57199329F813A9BA">
		<name>LT63 - SG - 240 - 0100 - 2+683</name>
		<LookAt>
			<longitude>104.772540036836</longitude>
			<latitude>17.38566245300928</latitude>
			<altitude>147.2857055526263</altitude>
			<heading>251.0909769517109</heading>
			<tilt>0</tilt>
			<gx:fovy>35</gx:fovy>
			<range>158.5617351688779</range>
			<altitudeMode>absolute</altitudeMode>
		</LookAt>
		<styleUrl>#__managed_style_084E5B89E929FEE14857</styleUrl>
		<Point>
			<coordinates>104.7732719067669,17.38410565175787,147.3921687954903</coordinates>
		</Point>
	</Placemark>
	<Placemark id="01CA3CAE1B29F81C9AE6">
		<name>LT64 - SG - 240 - 0100 - 2+688</name>
		<LookAt>
			<longitude>104.7730611571974</longitude>
			<latitude>17.38438203639327</latitude>
			<altitude>149.1374017068829</altitude>
			<heading>251.091007210534</heading>
			<tilt>0</tilt>
			<gx:fovy>35</gx:fovy>
			<range>208.4994258886582</range>
			<altitudeMode>absolute</altitudeMode>
		</LookAt>
		<styleUrl>#__managed_style_084E5B89E929FEE14857</styleUrl>
		<Point>
			<coordinates>104.7731021220116,17.38426044815872,148.7820986025799</coordinates>
		</Point>
	</Placemark>
	<Placemark id="0F182112D329F81D312E">
		<name>LT65 - SG - 240 - 0100 - 2+767</name>
		<LookAt>
			<longitude>104.7730611571753</longitude>
			<latitude>17.38438203637214</latitude>
			<altitude>149.1374017068829</altitude>
			<heading>251.091007210534</heading>
			<tilt>0</tilt>
			<gx:fovy>35</gx:fovy>
			<range>208.4994258886582</range>
			<altitudeMode>absolute</altitudeMode>
		</LookAt>
		<styleUrl>#__managed_style_084E5B89E929FEE14857</styleUrl>
		<Point>
			<coordinates>104.7729997113223,17.38470884979953,150.6247597613738</coordinates>
		</Point>
	</Placemark>
	<Placemark id="05D5C472ED29F81F3EC2">
		<name>LT66 - SG - 240 - 0100 - 2+810</name>
		<LookAt>
			<longitude>104.7728172353321</longitude>
			<latitude>17.38483246660039</latitude>
			<altitude>149.7916420595863</altitude>
			<heading>251.090930700215</heading>
			<tilt>0</tilt>
			<gx:fovy>35</gx:fovy>
			<range>200.938475780713</range>
			<altitudeMode>absolute</altitudeMode>
		</LookAt>
		<styleUrl>#__managed_style_084E5B89E929FEE14857</styleUrl>
		<Point>
			<coordinates>104.7727418450948,17.38495518181112,149.6101256689547</coordinates>
		</Point>
	</Placemark>
	<Placemark id="056DF9B17729F8202821">
		<name>LT67 - SG - 240 - 0100 - 2+842</name>
		<LookAt>
			<longitude>104.7727608722011</longitude>
			<latitude>17.38512592877908</latitude>
			<altitude>148.6996524368115</altitude>
			<heading>251.090841325624</heading>
			<tilt>0</tilt>
			<gx:fovy>35</gx:fovy>
			<range>135.3288340570361</range>
			<altitudeMode>absolute</altitudeMode>
		</LookAt>
		<styleUrl>#__managed_style_084E5B89E929FEE14857</styleUrl>
		<Point>
			<coordinates>104.7727044670478,17.38528450207564,148.5235011349176</coordinates>
		</Point>
	</Placemark>
	<Placemark id="0CB6BE947929F820BFA2">
		<name>LT68 - SG - 240 - 0100 - 2+900</name>
		<LookAt>
			<longitude>104.7725014378568</longitude>
			<latitude>17.38542239003853</latitude>
			<altitude>147.9629580092173</altitude>
			<heading>251.0908407792718</heading>
			<tilt>0</tilt>
			<gx:fovy>35</gx:fovy>
			<range>87.14319022245947</range>
			<altitudeMode>absolute</altitudeMode>
		</LookAt>
		<styleUrl>#__managed_style_084E5B89E929FEE14857</styleUrl>
		<Point>
			<coordinates>104.7724534587664,17.38551612585205,147.5051320478759</coordinates>
		</Point>
	</Placemark>
	<Placemark id="0CA8D749C129F8227145">
		<name>RT59 - SG - 240 - 0100 - 2+915</name>
		<LookAt>
			<longitude>104.7723832370196</longitude>
			<latitude>17.38565429121021</latitude>
			<altitude>147.0353478410927</altitude>
			<heading>251.0908393918522</heading>
			<tilt>0</tilt>
			<gx:fovy>35</gx:fovy>
			<range>140.1754902703578</range>
			<altitudeMode>absolute</altitudeMode>
		</LookAt>
		<styleUrl>#__managed_style_084E5B89E929FEE14857</styleUrl>
		<Point>
			<coordinates>104.7725511135357,17.38584983790089,147.7606824550802</coordinates>
		</Point>
	</Placemark>
	<Placemark id="0268A3D4B929F822F099">
		<name>LT69 - SG - 240 - 0100 - 2+916</name>
		<LookAt>
			<longitude>104.7723832370196</longitude>
			<latitude>17.38565429119964</latitude>
			<altitude>147.0353478410927</altitude>
			<heading>251.0908393861226</heading>
			<tilt>0</tilt>
			<gx:fovy>35</gx:fovy>
			<range>140.1754902703579</range>
			<altitudeMode>absolute</altitudeMode>
		</LookAt>
		<styleUrl>#__managed_style_084E5B89E929FEE14857</styleUrl>
		<Point>
			<coordinates>104.7724045459742,17.38578301655921,147.3921785561537</coordinates>
		</Point>
	</Placemark>
	<Placemark id="008B1295FA29F823AD5E">
		<name>LT70 - SG - 240 - 0100 - 2+920</name>
		<LookAt>
			<longitude>104.7722995330806</longitude>
			<latitude>17.38589407296302</latitude>
			<altitude>147.5808245035526</altitude>
			<heading>251.0908154126473</heading>
			<tilt>0</tilt>
			<gx:fovy>35</gx:fovy>
			<range>89.60930997193827</range>
			<altitudeMode>absolute</altitudeMode>
		</LookAt>
		<styleUrl>#__managed_style_084E5B89E929FEE14857</styleUrl>
		<Point>
			<coordinates>104.7722784164707,17.38582271941661,147.5406784169576</coordinates>
		</Point>
	</Placemark>
	<Placemark id="064E4DCD2B29F824C53E">
		<name>LT71 - SG - 240 - 0100 - 2+950</name>
		<LookAt>
			<longitude>104.7723185910621</longitude>
			<latitude>17.38627750970422</latitude>
			<altitude>150.190545036539</altitude>
			<heading>251.0908147481471</heading>
			<tilt>0</tilt>
			<gx:fovy>35</gx:fovy>
			<range>173.6143923066811</range>
			<altitudeMode>absolute</altitudeMode>
		</LookAt>
		<styleUrl>#__managed_style_084E5B89E929FEE14857</styleUrl>
		<Point>
			<coordinates>104.7721822648245,17.38613043827712,149.330463181316</coordinates>
		</Point>
	</Placemark>
	<Placemark id="06295ED11D29F827C169">
		<name>RT60 - SG - 240 - 0100 - 2+950</name>
		<LookAt>
			<longitude>104.7722084100239</longitude>
			<latitude>17.38638942929056</latitude>
			<altitude>149.9202011582859</altitude>
			<heading>251.0907663781447</heading>
			<tilt>0</tilt>
			<gx:fovy>35</gx:fovy>
			<range>208.4693877198879</range>
			<altitudeMode>absolute</altitudeMode>
		</LookAt>
		<styleUrl>#__managed_style_084E5B89E929FEE14857</styleUrl>
		<Point>
			<coordinates>104.7723598442784,17.38624281029638,150.4241370528611</coordinates>
		</Point>
	</Placemark>
	<Placemark id="0A65C84D5D29F8287177">
		<name>LT72 - SG - 240 - 0100 - 3+005</name>
		<LookAt>
			<longitude>104.7722088868476</longitude>
			<latitude>17.3863889449597</latitude>
			<altitude>149.9233702635306</altitude>
			<heading>251.0907665758035</heading>
			<tilt>0</tilt>
			<gx:fovy>35.00000000000001</gx:fovy>
			<range>208.4667222959615</range>
			<altitudeMode>absolute</altitudeMode>
		</LookAt>
		<styleUrl>#__managed_style_084E5B89E929FEE14857</styleUrl>
		<Point>
			<coordinates>104.7719967625714,17.38641388377065,148.7592346917662</coordinates>
		</Point>
	</Placemark>
	<Placemark id="094C08BBBD29F8299243">
		<name>RT61 - SG - 240 - 0100 - 3+040</name>
		<LookAt>
			<longitude>104.7721234026971</longitude>
			<latitude>17.38670174835875</latitude>
			<altitude>150.8556558092459</altitude>
			<heading>251.0907499790889</heading>
			<tilt>0</tilt>
			<gx:fovy>35.00000000000001</gx:fovy>
			<range>146.5906557539529</range>
			<altitudeMode>absolute</altitudeMode>
		</LookAt>
		<styleUrl>#__managed_style_084E5B89E929FEE14857</styleUrl>
		<Point>
			<coordinates>104.7720905242565,17.38680414675816,151.7300462661084</coordinates>
		</Point>
	</Placemark>
	<Placemark id="05615836F329F82A796B">
		<name>LT73 - SG - 240 - 0100 - 3+030</name>
		<LookAt>
			<longitude>104.7720418183961</longitude>
			<latitude>17.38691806815782</latitude>
			<altitude>152.1935762843212</altitude>
			<heading>251.0907138294158</heading>
			<tilt>0</tilt>
			<gx:fovy>35.00000000000001</gx:fovy>
			<range>215.2003479947598</range>
			<altitudeMode>absolute</altitudeMode>
		</LookAt>
		<styleUrl>#__managed_style_084E5B89E929FEE14857</styleUrl>
		<Point>
			<coordinates>104.7719339326648,17.38669225222812,150.305350668263</coordinates>
		</Point>
	</Placemark>
	<Placemark id="0AF4E26EE129F82AE7C4">
		<name>RT62 - SG - 240 - 0100 - 3+090</name>
		<LookAt>
			<longitude>104.7720418183739</longitude>
			<latitude>17.3869180681499</latitude>
			<altitude>152.1935762843212</altitude>
			<heading>251.0907138294158</heading>
			<tilt>0</tilt>
			<gx:fovy>35.00000000000001</gx:fovy>
			<range>215.2003479947599</range>
			<altitudeMode>absolute</altitudeMode>
		</LookAt>
		<styleUrl>#__managed_style_084E5B89E929FEE14857</styleUrl>
		<Point>
			<coordinates>104.7719268383969,17.38719761531171,153.742953314478</coordinates>
		</Point>
	</Placemark>
	<Placemark id="031A645AD429F82BBDF8">
		<name>LT74 - SG - 240 - 0100 -3+075</name>
		<LookAt>
			<longitude>104.7719381960263</longitude>
			<latitude>17.38693431511979</latitude>
			<altitude>151.9064258780654</altitude>
			<heading>251.0907135305674</heading>
			<tilt>0</tilt>
			<gx:fovy>35.00000000000001</gx:fovy>
			<range>149.6318928651454</range>
			<altitudeMode>absolute</altitudeMode>
		</LookAt>
		<styleUrl>#__managed_style_084E5B89E929FEE14857</styleUrl>
		<Point>
			<coordinates>104.7716962773027,17.38697720242618,151.4634714303148</coordinates>
		</Point>
	</Placemark>
	<Placemark id="043B8C649F29F82C3BD3">
		<name>LT75 - SG - 240 - 0100 - 3+120</name>
		<LookAt>
			<longitude>104.771774215389</longitude>
			<latitude>17.38722101255879</latitude>
			<altitude>153.2447805186366</altitude>
			<heading>251.0906818640066</heading>
			<tilt>0</tilt>
			<gx:fovy>35.00000000000001</gx:fovy>
			<range>155.5003103686431</range>
			<altitudeMode>absolute</altitudeMode>
		</LookAt>
		<styleUrl>#__managed_style_084E5B89E929FEE14857</styleUrl>
		<Point>
			<coordinates>104.7716568032076,17.38727883184926,152.7734840550776</coordinates>
		</Point>
	</Placemark>
	<Placemark id="0C15655AEE29F82F3FA3">
		<name>RT63 - SG - 240 - 0100 - 3+140</name>
		<LookAt>
			<longitude>104.7717741773489</longitude>
			<latitude>17.38722251381734</latitude>
			<altitude>153.2527228527017</altitude>
			<heading>251.0906818495267</heading>
			<tilt>0</tilt>
			<gx:fovy>35.00000000000001</gx:fovy>
			<range>155.7014455758872</range>
			<altitudeMode>absolute</altitudeMode>
		</LookAt>
		<styleUrl>#__managed_style_084E5B89E929FEE14857</styleUrl>
		<Point>
			<coordinates>104.7717129227625,17.38759242902511,148.319281722482</coordinates>
		</Point>
	</Placemark>
	<Placemark id="0D01C4224329F82FCF74">
		<name>LT76 - SG - 240 - 0100 - 3+148</name>
		<LookAt>
			<longitude>104.7716814619033</longitude>
			<latitude>17.38749621768432</latitude>
			<altitude>151.4500227783559</altitude>
			<heading>251.0906808336362</heading>
			<tilt>0</tilt>
			<gx:fovy>35.00000000000001</gx:fovy>
			<range>166.9610885784641</range>
			<altitudeMode>absolute</altitudeMode>
		</LookAt>
		<styleUrl>#__managed_style_084E5B89E929FEE14857</styleUrl>
		<Point>
			<coordinates>104.7714042531707,17.3875509730366,148.6091825413322</coordinates>
		</Point>
	</Placemark>
	<Placemark id="048032B2DE29F830281B">
		<name>LT77 - SG - 240 - 0100 - 3+190</name>
		<LookAt>
			<longitude>104.7716814619033</longitude>
			<latitude>17.38749621768432</latitude>
			<altitude>151.4500227783559</altitude>
			<heading>251.0906808336362</heading>
			<tilt>0</tilt>
			<gx:fovy>35.00000000000001</gx:fovy>
			<range>166.9610885784641</range>
			<altitudeMode>absolute</altitudeMode>
		</LookAt>
		<styleUrl>#__managed_style_084E5B89E929FEE14857</styleUrl>
		<Point>
			<coordinates>104.7713126730001,17.38788850879149,145.5835898850196</coordinates>
		</Point>
	</Placemark>
	<Placemark id="0143CA2A9D29F858091A">
		<name>RT64 - SG - 240 - 0100 - 3+180</name>
		<LookAt>
			<longitude>104.7715063178315</longitude>
			<latitude>17.38790061081848</latitude>
			<altitude>145.739678778661</altitude>
			<heading>-115.3759637551635</heading>
			<tilt>0.09457752297889441</tilt>
			<gx:fovy>35</gx:fovy>
			<range>30.70521718263535</range>
			<altitudeMode>absolute</altitudeMode>
		</LookAt>
		<styleUrl>#__managed_style_0FB0F0B50C29FEE14855</styleUrl>
		<Point>
			<coordinates>104.7715172598231,17.38790072083844,145.9267776169105</coordinates>
		</Point>
	</Placemark>
	<Placemark id="072BA911DF29F86227B6">
		<name>RT65 - SG - 240 - 0100 - 3+230</name>
		<LookAt>
			<longitude>104.7713334018315</longitude>
			<latitude>17.38827297621191</latitude>
			<altitude>146.0227888613827</altitude>
			<heading>-114.6090856828253</heading>
			<tilt>0.5533126353806664</tilt>
			<gx:fovy>35</gx:fovy>
			<range>73.07476984146888</range>
			<altitudeMode>absolute</altitudeMode>
		</LookAt>
		<styleUrl>#__managed_style_0FB0F0B50C29FEE14855</styleUrl>
		<Point>
			<coordinates>104.7713360980046,17.3882668277415,146.1971468270565</coordinates>
		</Point>
	</Placemark>
	<Placemark id="029AD0E91C29F8640E98">
		<name>RT66 - SG - 240 - 0100 - 3+280</name>
		<LookAt>
			<longitude>104.7711734389311</longitude>
			<latitude>17.38865262454251</latitude>
			<altitude>147.4155067706203</altitude>
			<heading>-114.3532427930294</heading>
			<tilt>0.5332491491553168</tilt>
			<gx:fovy>35</gx:fovy>
			<range>83.74421265954879</range>
			<altitudeMode>absolute</altitudeMode>
		</LookAt>
		<styleUrl>#__managed_style_0FB0F0B50C29FEE14855</styleUrl>
		<Point>
			<coordinates>104.7711401562563,17.38863432912147,147.4503539697312</coordinates>
		</Point>
	</Placemark>
	<Placemark id="0550CC5C8129F8646870">
		<name>RT67 - SG - 240 - 0100 - 3+325</name>
		<LookAt>
			<longitude>104.7709674200559</longitude>
			<latitude>17.38902990067778</latitude>
			<altitude>147.9932077202651</altitude>
			<heading>-114.3532447246722</heading>
			<tilt>0.5332559181580691</tilt>
			<gx:fovy>35</gx:fovy>
			<range>164.6339069483474</range>
			<altitudeMode>absolute</altitudeMode>
		</LookAt>
		<styleUrl>#__managed_style_0FB0F0B50C29FEE14855</styleUrl>
		<Point>
			<coordinates>104.7709562167569,17.38898445778216,148.3411488276669</coordinates>
		</Point>
	</Placemark>
	<Placemark id="0117E960BD29F864C28E">
		<name>RT68 - SG - 240 - 0100 - 3+370</name>
		<LookAt>
			<longitude>104.770803043152</longitude>
			<latitude>17.38934849597758</latitude>
			<altitude>147.5930416759046</altitude>
			<heading>-108.6589289059103</heading>
			<tilt>2.842479287424352</tilt>
			<gx:fovy>35</gx:fovy>
			<range>81.00223312249001</range>
			<altitudeMode>absolute</altitudeMode>
		</LookAt>
		<styleUrl>#__managed_style_0FB0F0B50C29FEE14855</styleUrl>
		<Point>
			<coordinates>104.7707702564955,17.38934938085957,147.7938479516429</coordinates>
		</Point>
	</Placemark>
	<Placemark id="0F489A5F4029F8674ACA">
		<name>RT69 - SG - 240 - 0100 - 3+460</name>
		<LookAt>
			<longitude>104.7705275787287</longitude>
			<latitude>17.39028829739299</latitude>
			<altitude>151.0249845740025</altitude>
			<heading>-115.0138269762786</heading>
			<tilt>6.575768246352348</tilt>
			<gx:fovy>35</gx:fovy>
			<range>109.0760655806116</range>
			<altitudeMode>absolute</altitudeMode>
		</LookAt>
		<styleUrl>#__managed_style_0FB0F0B50C29FEE14855</styleUrl>
		<Point>
			<coordinates>104.7704710637202,17.39030731347412,151.0058658182755</coordinates>
		</Point>
	</Placemark>
	<Placemark id="0C63D7BE8329F8676FB5">
		<name>RT70 - SG - 240 - 0100 - 3+505</name>
		<LookAt>
			<longitude>104.7703661816635</longitude>
			<latitude>17.39062297430996</latitude>
			<altitude>151.8376439909171</altitude>
			<heading>-115.0138266170063</heading>
			<tilt>6.575766972079983</tilt>
			<gx:fovy>35</gx:fovy>
			<range>107.8387873827887</range>
			<altitudeMode>absolute</altitudeMode>
		</LookAt>
		<styleUrl>#__managed_style_0FB0F0B50C29FEE14855</styleUrl>
		<Point>
			<coordinates>104.7703084796214,17.39067939951932,152.3982335776547</coordinates>
		</Point>
	</Placemark>
	<Placemark id="0819BC042629F86791F8">
		<name>RT71 - SG - 240 - 0100 - 3+555</name>
		<LookAt>
			<longitude>104.7701144434293</longitude>
			<latitude>17.39109679093136</latitude>
			<altitude>153.4345974182918</altitude>
			<heading>-115.0138237905808</heading>
			<tilt>6.575756998931888</tilt>
			<gx:fovy>35</gx:fovy>
			<range>98.15461851909279</range>
			<altitudeMode>absolute</altitudeMode>
		</LookAt>
		<styleUrl>#__managed_style_0FB0F0B50C29FEE14855</styleUrl>
		<Point>
			<coordinates>104.7700814607717,17.39105609496665,153.6536525047913</coordinates>
		</Point>
	</Placemark>
	<Placemark id="095850109129F867A6C0">
		<name>RT72 - SG - 240 - 0100 - 3+610</name>
		<LookAt>
			<longitude>104.7699438758796</longitude>
			<latitude>17.39141408080243</latitude>
			<altitude>151.6272664627062</altitude>
			<heading>-115.0138243468274</heading>
			<tilt>6.575758951247587</tilt>
			<gx:fovy>35</gx:fovy>
			<range>100.0503839035264</range>
			<altitudeMode>absolute</altitudeMode>
		</LookAt>
		<styleUrl>#__managed_style_0FB0F0B50C29FEE14855</styleUrl>
		<Point>
			<coordinates>104.7698929108122,17.39151298671537,150.2935559091946</coordinates>
		</Point>
	</Placemark>
	<Placemark id="0F5C9AFA3029F867BBBF">
		<name>RT73 - SG - 240 - 0100 - 3+650</name>
		<LookAt>
			<longitude>104.7697659248553</longitude>
			<latitude>17.39172995453175</latitude>
			<altitude>147.7674970967495</altitude>
			<heading>-115.0138248192603</heading>
			<tilt>6.575760608965078</tilt>
			<gx:fovy>35</gx:fovy>
			<range>101.660045001463</range>
			<altitudeMode>absolute</altitudeMode>
		</LookAt>
		<styleUrl>#__managed_style_0FB0F0B50C29FEE14855</styleUrl>
		<Point>
			<coordinates>104.7696955243861,17.39182395602382,147.7381506659934</coordinates>
		</Point>
	</Placemark>
	<Placemark id="059010F19629F869ECA3">
		<name>RT74 - SG - 240 - 0100 - 3+715</name>
		<LookAt>
			<longitude>104.7693105458919</longitude>
			<latitude>17.3924658899658</latitude>
			<altitude>150.2964165729134</altitude>
			<heading>-115.0141073667977</heading>
			<tilt>6.575751257509758</tilt>
			<gx:fovy>35</gx:fovy>
			<range>92.57978587228536</range>
			<altitudeMode>absolute</altitudeMode>
		</LookAt>
		<styleUrl>#__managed_style_0FB0F0B50C29FEE14855</styleUrl>
		<Point>
			<coordinates>104.7693977172498,17.39242656076755,150.5598521723682</coordinates>
		</Point>
	</Placemark>
	<Placemark id="08A05EE03829F86A188E">
		<name>RT75 - SG - 240 - 0100 - 3+755</name>
		<LookAt>
			<longitude>104.7692550953832</longitude>
			<latitude>17.39266336936777</latitude>
			<altitude>150.7774730671434</altitude>
			<heading>-115.014096870399</heading>
			<tilt>6.575714280855556</tilt>
			<gx:fovy>35</gx:fovy>
			<range>56.67436427289431</range>
			<altitudeMode>absolute</altitudeMode>
		</LookAt>
		<styleUrl>#__managed_style_0FB0F0B50C29FEE14855</styleUrl>
		<Point>
			<coordinates>104.7692261494392,17.39275106616522,151.0907157795986</coordinates>
		</Point>
	</Placemark>
	<Placemark id="0E217720C829F86AAB2D">
		<name>RT76 - SG - 240 - 0100 - 3+795</name>
		<LookAt>
			<longitude>104.7690127121254</longitude>
			<latitude>17.39311306850631</latitude>
			<altitude>150.6674960810666</altitude>
			<heading>-112.6788080033234</heading>
			<tilt>0.3572265388237651</tilt>
			<gx:fovy>35</gx:fovy>
			<range>97.96572108431064</range>
			<altitudeMode>absolute</altitudeMode>
		</LookAt>
		<styleUrl>#__managed_style_0FB0F0B50C29FEE14855</styleUrl>
		<Point>
			<coordinates>104.7690563620514,17.39305725821192,151.2958815061987</coordinates>
		</Point>
	</Placemark>
	<Placemark id="0C50B579DD29F86AC0EF">
		<name>RT77 - SG - 240 - 0100 - 3+820</name>
		<LookAt>
			<longitude>104.7689607793351</longitude>
			<latitude>17.3932259641814</latitude>
			<altitude>149.9320058828241</altitude>
			<heading>-112.67880793685</heading>
			<tilt>0.3572263134912149</tilt>
			<gx:fovy>35</gx:fovy>
			<range>93.95294274635492</range>
			<altitudeMode>absolute</altitudeMode>
		</LookAt>
		<styleUrl>#__managed_style_0FB0F0B50C29FEE14855</styleUrl>
		<Point>
			<coordinates>104.7689446241006,17.39327099217687,149.9146121083273</coordinates>
		</Point>
	</Placemark>
	<Placemark id="0B02758D1529F86AD55C">
		<name>RT78 - SG - 240 - 0100 - 3+850</name>
		<LookAt>
			<longitude>104.7687713846471</longitude>
			<latitude>17.3935310871888</latitude>
			<altitude>148.8925424394271</altitude>
			<heading>-112.6788079429252</heading>
			<tilt>0.357226326144596</tilt>
			<gx:fovy>35</gx:fovy>
			<range>94.18596453591817</range>
			<altitudeMode>absolute</altitudeMode>
		</LookAt>
		<styleUrl>#__managed_style_0FB0F0B50C29FEE14855</styleUrl>
		<Point>
			<coordinates>104.7688208124352,17.39351369763473,149.3565711375614</coordinates>
		</Point>
	</Placemark>
	<Placemark id="0A4FCB328F29F86AE88A">
		<name>RT79 - SG - 240 - 0100 - 3+890</name>
		<LookAt>
			<longitude>104.7686666877616</longitude>
			<latitude>17.39376763792093</latitude>
			<altitude>149.0019325996406</altitude>
			<heading>-112.6788079284464</heading>
			<tilt>0.3572262773369462</tilt>
			<gx:fovy>35</gx:fovy>
			<range>93.32133578060167</range>
			<altitudeMode>absolute</altitudeMode>
		</LookAt>
		<styleUrl>#__managed_style_0FB0F0B50C29FEE14855</styleUrl>
		<Point>
			<coordinates>104.7686734501167,17.39381019889802,149.3750133460437</coordinates>
		</Point>
	</Placemark>
	<Placemark id="095890E25129F86D80F9">
		<name>MD29 - SG - 240 - 0100 - 3+955</name>
		<LookAt>
			<longitude>104.7682642043527</longitude>
			<latitude>17.39427600853608</latitude>
			<altitude>148.5497556927036</altitude>
			<heading>248.5775538822122</heading>
			<tilt>0</tilt>
			<gx:fovy>35.00001173268441</gx:fovy>
			<range>37.41331565293876</range>
			<altitudeMode>absolute</altitudeMode>
		</LookAt>
		<styleUrl>#__managed_style_0FB0F0B50C29FEE14855</styleUrl>
		<Point>
			<coordinates>104.7682602876911,17.39424470276573,148.6695668686716</coordinates>
		</Point>
	</Placemark>
	<Placemark id="0615D12EB129F86E01CD">
		<name>RT80 - SG - 240 - 0100 - 3+995</name>
		<LookAt>
			<longitude>104.7680841976804</longitude>
			<latitude>17.39451049948091</latitude>
			<altitude>148.3397599328268</altitude>
			<heading>67.31527265974535</heading>
			<tilt>0.1029730769366933</tilt>
			<gx:fovy>35</gx:fovy>
			<range>128.5230564914309</range>
			<altitudeMode>absolute</altitudeMode>
		</LookAt>
		<styleUrl>#__managed_style_0FB0F0B50C29FEE14855</styleUrl>
		<Point>
			<coordinates>104.7681149738936,17.39452023584041,148.5320302000488</coordinates>
		</Point>
	</Placemark>
	<Placemark id="02967FE0D529F8724449">
		<name>RT81 - SG - 240 - 0100 - 4+030</name>
		<LookAt>
			<longitude>104.7680321937126</longitude>
			<latitude>17.39485482148675</latitude>
			<altitude>148.5363290270932</altitude>
			<heading>243.912219461574</heading>
			<tilt>0</tilt>
			<gx:fovy>35</gx:fovy>
			<range>150.5070326617715</range>
			<altitudeMode>absolute</altitudeMode>
		</LookAt>
		<styleUrl>#__managed_style_0FB0F0B50C29FEE14855</styleUrl>
		<Point>
			<coordinates>104.7679801390125,17.39480826126551,148.7666910214645</coordinates>
		</Point>
	</Placemark>
	<Placemark id="078A7E918D29F87277B3">
		<name>RT82 - SG - 240 - 0100 - 4+065</name>
		<LookAt>
			<longitude>104.7678583626194</longitude>
			<latitude>17.39510270778638</latitude>
			<altitude>148.8582367644925</altitude>
			<heading>-116.0877602462877</heading>
			<tilt>9.330461522942601</tilt>
			<gx:fovy>35</gx:fovy>
			<range>68.03258739994817</range>
			<altitudeMode>absolute</altitudeMode>
		</LookAt>
		<styleUrl>#__managed_style_0FB0F0B50C29FEE14855</styleUrl>
		<Point>
			<coordinates>104.7678245011176,17.39509706972413,149.2330645233182</coordinates>
		</Point>
	</Placemark>
	<Placemark id="09C00EFB0429F8729273">
		<name>RT83 - SG - 240 - 0100 - 4+100</name>
		<LookAt>
			<longitude>104.7677196273378</longitude>
			<latitude>17.39537560248319</latitude>
			<altitude>150.8379332780147</altitude>
			<heading>-116.0877697881712</heading>
			<tilt>9.330495430964623</tilt>
			<gx:fovy>35</gx:fovy>
			<range>91.28910069113772</range>
			<altitudeMode>absolute</altitudeMode>
		</LookAt>
		<styleUrl>#__managed_style_0FB0F0B50C29FEE14855</styleUrl>
		<Point>
			<coordinates>104.7676876820189,17.39539378510073,151.5719210471556</coordinates>
		</Point>
	</Placemark>
	<Placemark id="024410105329F872A83B">
		<name>RT84 - SG - 240 - 0100 - 4+135</name>
		<LookAt>
			<longitude>104.7675742239654</longitude>
			<latitude>17.39568668788546</latitude>
			<altitude>152.6596480121216</altitude>
			<heading>-116.0877698522948</heading>
			<tilt>9.330495652824885</tilt>
			<gx:fovy>35</gx:fovy>
			<range>91.44129639733366</range>
			<altitudeMode>absolute</altitudeMode>
		</LookAt>
		<styleUrl>#__managed_style_0FB0F0B50C29FEE14855</styleUrl>
		<Point>
			<coordinates>104.7675331958063,17.39569028811349,153.34858933937</coordinates>
		</Point>
	</Placemark>
	<Placemark id="0C05994B7529F872D574">
		<name>RT85 - SG - 240 - 0100 - 4+170</name>
		<LookAt>
			<longitude>104.767425957306</longitude>
			<latitude>17.39600988098558</latitude>
			<altitude>151.163471072522</altitude>
			<heading>-116.0877704562978</heading>
			<tilt>3.094259219302012</tilt>
			<gx:fovy>35</gx:fovy>
			<range>168.5827324952698</range>
			<altitudeMode>absolute</altitudeMode>
		</LookAt>
		<styleUrl>#__managed_style_0FB0F0B50C29FEE14855</styleUrl>
		<Point>
			<coordinates>104.7673856772691,17.39599334908718,151.1006658540032</coordinates>
		</Point>
	</Placemark>
	<Placemark id="0DD4C0EA3B29F872E8A2">
		<name>RT86 - SG - 240 - 0100 - 4+205</name>
		<LookAt>
			<longitude>104.767254776322</longitude>
			<latitude>17.3963363950564</latitude>
			<altitude>150.1532656221328</altitude>
			<heading>-116.0877696062026</heading>
			<tilt>3.09425619057938</tilt>
			<gx:fovy>35</gx:fovy>
			<range>162.3433459252192</range>
			<altitudeMode>absolute</altitudeMode>
		</LookAt>
		<styleUrl>#__managed_style_0FB0F0B50C29FEE14855</styleUrl>
		<Point>
			<coordinates>104.767234431336,17.39626183091565,150.0317248606309</coordinates>
		</Point>
	</Placemark>
	<Placemark id="0670B2990029F872FD4D">
		<name>RT87 - SG - 240 - 0100 - 4+240</name>
		<LookAt>
			<longitude>104.7670864580072</longitude>
			<latitude>17.39664924493724</latitude>
			<altitude>151.2565769801896</altitude>
			<heading>-116.0877679039452</heading>
			<tilt>3.094250131985905</tilt>
			<gx:fovy>35</gx:fovy>
			<range>149.862185492384</range>
			<altitudeMode>absolute</altitudeMode>
		</LookAt>
		<styleUrl>#__managed_style_0FB0F0B50C29FEE14855</styleUrl>
		<Point>
			<coordinates>104.7670798820403,17.3965505367997,151.2496251117897</coordinates>
		</Point>
	</Placemark>
	<Placemark id="01B2C014F329F8730F0B">
		<name>RT88 - SG - 240 - 0100 - 4+275</name>
		<LookAt>
			<longitude>104.7669929417476</longitude>
			<latitude>17.39680548454208</latitude>
			<altitude>150.8849803939978</altitude>
			<heading>-116.0877604226661</heading>
			<tilt>3.094223540980971</tilt>
			<gx:fovy>35</gx:fovy>
			<range>95.08256678955149</range>
			<altitudeMode>absolute</altitudeMode>
		</LookAt>
		<styleUrl>#__managed_style_0FB0F0B50C29FEE14855</styleUrl>
		<Point>
			<coordinates>104.766933459019,17.39684721062857,151.2203933566145</coordinates>
		</Point>
	</Placemark>
	<Placemark id="00EA1908F129F873259D">
		<name>RT89 - SG - 240 - 0100 - 4+310</name>
		<LookAt>
			<longitude>104.766843803201</longitude>
			<latitude>17.39706367161874</latitude>
			<altitude>150.3928114136182</altitude>
			<heading>-116.0877606971772</heading>
			<tilt>3.094224510960121</tilt>
			<gx:fovy>35</gx:fovy>
			<range>97.0809220231513</range>
			<altitudeMode>absolute</altitudeMode>
		</LookAt>
		<styleUrl>#__managed_style_0FB0F0B50C29FEE14855</styleUrl>
		<Point>
			<coordinates>104.7667871841046,17.39710969213163,150.5275270006648</coordinates>
		</Point>
	</Placemark>
	<Placemark id="0486F1174E29F8733A34">
		<name>RT90 - SG - 240 - 0100 - 4+345</name>
		<LookAt>
			<longitude>104.7666840340914</longitude>
			<latitude>17.39735007742886</latitude>
			<altitude>150.4043717774506</altitude>
			<heading>-116.0877606007807</heading>
			<tilt>3.094224163805507</tilt>
			<gx:fovy>35</gx:fovy>
			<range>96.36585252210354</range>
			<altitudeMode>absolute</altitudeMode>
		</LookAt>
		<styleUrl>#__managed_style_0FB0F0B50C29FEE14855</styleUrl>
		<Point>
			<coordinates>104.7666690468337,17.39736002779159,150.6441179058675</coordinates>
		</Point>
	</Placemark>
	<Placemark id="05DB3FC6A729F8737F23">
		<name>RT91 - SG - 240 - 0100 - 4+380</name>
		<LookAt>
			<longitude>104.7664656912351</longitude>
			<latitude>17.39786990241739</latitude>
			<altitude>147.7296311578002</altitude>
			<heading>242.9814097818501</heading>
			<tilt>0</tilt>
			<gx:fovy>35</gx:fovy>
			<range>183.6068811858604</range>
			<altitudeMode>absolute</altitudeMode>
		</LookAt>
		<styleUrl>#__managed_style_0FB0F0B50C29FEE14855</styleUrl>
		<Point>
			<coordinates>104.7664820595992,17.39771584606439,148.8346805215383</coordinates>
		</Point>
	</Placemark>
	<Placemark id="0C71D6C19A29F8739640">
		<name>RT92 - SG - 240 - 0100 - 4+415</name>
		<LookAt>
			<longitude>104.7663121525508</longitude>
			<latitude>17.39809794129495</latitude>
			<altitude>146.7622151631825</altitude>
			<heading>242.9814089725448</heading>
			<tilt>0</tilt>
			<gx:fovy>35</gx:fovy>
			<range>116.932564846793</range>
			<altitudeMode>absolute</altitudeMode>
		</LookAt>
		<styleUrl>#__managed_style_0FB0F0B50C29FEE14855</styleUrl>
		<Point>
			<coordinates>104.7663248742373,17.39800476205514,147.3454567925163</coordinates>
		</Point>
	</Placemark>
	<Placemark id="08FD4D362E29F873C7F2">
		<name>RT93 - SG - 240 - 0100 - 4+450</name>
		<LookAt>
			<longitude>104.7662805719098</longitude>
			<latitude>17.39835901177072</latitude>
			<altitude>145.3351086834434</altitude>
			<heading>242.9814067442055</heading>
			<tilt>0</tilt>
			<gx:fovy>35</gx:fovy>
			<range>127.8347165568448</range>
			<altitudeMode>absolute</altitudeMode>
		</LookAt>
		<styleUrl>#__managed_style_0FB0F0B50C29FEE14855</styleUrl>
		<Point>
			<coordinates>104.7661847139538,17.3982864081638,146.5113318522136</coordinates>
		</Point>
	</Placemark>
	<Placemark id="0F13F1F8D629F873DD37">
		<name>RT94 - SG - 240 - 0100 - 4+500</name>
		<LookAt>
			<longitude>104.7660617766218</longitude>
			<latitude>17.39866618757654</latitude>
			<altitude>144.5506543551242</altitude>
			<heading>242.9814054418261</heading>
			<tilt>0</tilt>
			<gx:fovy>35</gx:fovy>
			<range>126.4594968764322</range>
			<altitudeMode>absolute</altitudeMode>
		</LookAt>
		<styleUrl>#__managed_style_0FB0F0B50C29FEE14855</styleUrl>
		<Point>
			<coordinates>104.7660313267287,17.39857928779431,145.4000390286306</coordinates>
		</Point>
	</Placemark>
	<Placemark id="04D3621CE629F873EFC5">
		<name>RT95 - SG - 240 - 0100 - 4+540</name>
		<LookAt>
			<longitude>104.7659448951327</longitude>
			<latitude>17.39890272094497</latitude>
			<altitude>144.8043575955336</altitude>
			<heading>242.9814041517866</heading>
			<tilt>0</tilt>
			<gx:fovy>35</gx:fovy>
			<range>122.2834845005855</range>
			<altitudeMode>absolute</altitudeMode>
		</LookAt>
		<styleUrl>#__managed_style_0FB0F0B50C29FEE14855</styleUrl>
		<Point>
			<coordinates>104.7658831899848,17.39886937768317,145.6971418235239</coordinates>
		</Point>
	</Placemark>
	<Placemark id="0F1312927829F87405BE">
		<name>RT96 - SG - 240 - 0100 - 4+580</name>
		<LookAt>
			<longitude>104.7657688763172</longitude>
			<latitude>17.39915463803524</latitude>
			<altitude>143.7468411038682</altitude>
			<heading>242.9814028498412</heading>
			<tilt>0</tilt>
			<gx:fovy>35</gx:fovy>
			<range>120.6065851869062</range>
			<altitudeMode>absolute</altitudeMode>
		</LookAt>
		<styleUrl>#__managed_style_0FB0F0B50C29FEE14855</styleUrl>
		<Point>
			<coordinates>104.7657284106612,17.39915711246869,144.1939144386664</coordinates>
		</Point>
	</Placemark>
	<Placemark id="0C1ADCEA6729F8741A7F">
		<name>RT97 - SG - 240 - 0100 - 4+620</name>
		<LookAt>
			<longitude>104.7656176511889</longitude>
			<latitude>17.39942360299315</latitude>
			<altitude>141.947662593001</altitude>
			<heading>242.9814015595296</heading>
			<tilt>0</tilt>
			<gx:fovy>35</gx:fovy>
			<range>119.6126833711605</range>
			<altitudeMode>absolute</altitudeMode>
		</LookAt>
		<styleUrl>#__managed_style_0FB0F0B50C29FEE14855</styleUrl>
		<Point>
			<coordinates>104.7655694597518,17.39944096070448,142.0984819624109</coordinates>
		</Point>
	</Placemark>
	<Placemark id="0B89CD1D1229F8742F85">
		<name>RT98 - SG - 240 - 0100 - 4+660</name>
		<LookAt>
			<longitude>104.765455879217</longitude>
			<latitude>17.39972025751952</latitude>
			<altitude>139.8829665088942</altitude>
			<heading>242.9814000628681</heading>
			<tilt>0</tilt>
			<gx:fovy>35</gx:fovy>
			<range>123.5746042617211</range>
			<altitudeMode>absolute</altitudeMode>
		</LookAt>
		<styleUrl>#__managed_style_0FB0F0B50C29FEE14855</styleUrl>
		<Point>
			<coordinates>104.7654132767866,17.39972480301683,140.1278236058197</coordinates>
		</Point>
	</Placemark>
	<Placemark id="011730F72F29F87442A4">
		<name>RT99 - SG - 240 - 0100 - 4+700</name>
		<LookAt>
			<longitude>104.7652994939763</longitude>
			<latitude>17.40002090903718</latitude>
			<altitude>141.9473178955282</altitude>
			<heading>242.9813987954144</heading>
			<tilt>0</tilt>
			<gx:fovy>35</gx:fovy>
			<range>117.93003601284</range>
			<altitudeMode>absolute</altitudeMode>
		</LookAt>
		<styleUrl>#__managed_style_0FB0F0B50C29FEE14855</styleUrl>
		<Point>
			<coordinates>104.7652736540045,17.40002119414299,142.2445230962339</coordinates>
		</Point>
	</Placemark>
	<Placemark id="0042EC8FBE29F87477F2">
		<name>RT100 - SG - 240 - 0100 - 3+740</name>
		<LookAt>
			<longitude>104.7651597333169</longitude>
			<latitude>17.4003425386667</latitude>
			<altitude>144.7182971815297</altitude>
			<heading>-117.0186008390337</heading>
			<tilt>0.3510808630758496</tilt>
			<gx:fovy>35</gx:fovy>
			<range>141.6414270746645</range>
			<altitudeMode>absolute</altitudeMode>
		</LookAt>
		<styleUrl>#__managed_style_0FB0F0B50C29FEE14855</styleUrl>
		<Point>
			<coordinates>104.7651263858355,17.4003263118246,144.9298490592223</coordinates>
		</Point>
	</Placemark>
	<Placemark id="01D03F8DD429F874D140">
		<name>RT101 - SG - 240 - 0100 - 4+770</name>
		<LookAt>
			<longitude>104.7650374240803</longitude>
			<latitude>17.40066995807172</latitude>
			<altitude>146.0994653085049</altitude>
			<heading>-111.4327897916638</heading>
			<tilt>1.568572593012745</tilt>
			<gx:fovy>35</gx:fovy>
			<range>187.7130942212352</range>
			<altitudeMode>absolute</altitudeMode>
		</LookAt>
		<styleUrl>#__managed_style_0FB0F0B50C29FEE14855</styleUrl>
		<Point>
			<coordinates>104.764987473577,17.40060215816391,146.2434061601446</coordinates>
		</Point>
	</Placemark>
	<Placemark id="024D4A706529F8752B20">
		<name>RT102 - SG - 240 - 0100 - 4+810</name>
		<LookAt>
			<longitude>104.7648903499057</longitude>
			<latitude>17.40093522063392</latitude>
			<altitude>146.4245556030405</altitude>
			<heading>-111.4327735255696</heading>
			<tilt>0.7232494756230174</tilt>
			<gx:fovy>35</gx:fovy>
			<range>74.10927301689298</range>
			<altitudeMode>absolute</altitudeMode>
		</LookAt>
		<styleUrl>#__managed_style_0FB0F0B50C29FEE14855</styleUrl>
		<Point>
			<coordinates>104.7648373009313,17.40090324658804,146.6433612477713</coordinates>
		</Point>
	</Placemark>
	<Placemark id="017F8F824A29F875417A">
		<name>RT103 - SG - 240 - 0100 - 4+850</name>
		<LookAt>
			<longitude>104.764716370822</longitude>
			<latitude>17.40129681267731</latitude>
			<altitude>145.0821338242747</altitude>
			<heading>-111.4327748731948</heading>
			<tilt>0.7232540795187646</tilt>
			<gx:fovy>35</gx:fovy>
			<range>114.6695504005038</range>
			<altitudeMode>absolute</altitudeMode>
		</LookAt>
		<styleUrl>#__managed_style_0FB0F0B50C29FEE14855</styleUrl>
		<Point>
			<coordinates>104.7646940455743,17.40118562363792,145.054595114855</coordinates>
		</Point>
	</Placemark>
	<Placemark id="01F64E917E29F8755A3E">
		<name>RT104 - SG - 240 - 0100 - 4+890</name>
		<LookAt>
			<longitude>104.7646823243584</longitude>
			<latitude>17.4013805542147</latitude>
			<altitude>145.1456999254123</altitude>
			<heading>-111.4327747281894</heading>
			<tilt>0.7232535821591051</tilt>
			<gx:fovy>35</gx:fovy>
			<range>110.2895751502911</range>
			<altitudeMode>absolute</altitudeMode>
		</LookAt>
		<styleUrl>#__managed_style_0FB0F0B50C29FEE14855</styleUrl>
		<Point>
			<coordinates>104.7645420353975,17.40148372521503,145.3120948152031</coordinates>
		</Point>
	</Placemark>
	<Placemark id="0ED0C5769929F875C03E">
		<name>RT105 - SG - 240 - 0100 - 4+915</name>
		<LookAt>
			<longitude>104.7645156808235</longitude>
			<latitude>17.40174006063576</latitude>
			<altitude>145.0839735603703</altitude>
			<heading>-118.0029834724769</heading>
			<tilt>0.1492504812521465</tilt>
			<gx:fovy>35</gx:fovy>
			<range>87.61743867175939</range>
			<altitudeMode>absolute</altitudeMode>
		</LookAt>
		<styleUrl>#__managed_style_0FB0F0B50C29FEE14855</styleUrl>
		<Point>
			<coordinates>104.7645378628312,17.40172121118457,145.3983938158418</coordinates>
		</Point>
	</Placemark>
	<Placemark id="09B3F711C329F875D770">
		<name>RT106 - SG - 240 - 0100 - 4+930</name>
		<LookAt>
			<longitude>104.7645156808235</longitude>
			<latitude>17.40174006062519</latitude>
			<altitude>145.0839735603703</altitude>
			<heading>-118.0029834760554</heading>
			<tilt>0.1492504812545885</tilt>
			<gx:fovy>35</gx:fovy>
			<range>87.61743287735953</range>
			<altitudeMode>absolute</altitudeMode>
		</LookAt>
		<styleUrl>#__managed_style_0FB0F0B50C29FEE14855</styleUrl>
		<Point>
			<coordinates>104.7643884560638,17.40177379429361,144.7538335695463</coordinates>
		</Point>
	</Placemark>
	<Placemark id="07D7BCE48529F8765AA7">
		<name>RT107 - SG - 240 - 0100 - 4+950</name>
		<LookAt>
			<longitude>104.7643143852669</longitude>
			<latitude>17.40199092164636</latitude>
			<altitude>143.4783840652586</altitude>
			<heading>-117.571495105941</heading>
			<tilt>0.4421518289234366</tilt>
			<gx:fovy>35</gx:fovy>
			<range>110.092565555733</range>
			<altitudeMode>absolute</altitudeMode>
		</LookAt>
		<styleUrl>#__managed_style_0FB0F0B50C29FEE14855</styleUrl>
		<Point>
			<coordinates>104.7642920350547,17.40196167272774,143.6950966204352</coordinates>
		</Point>
	</Placemark>
	<Placemark id="0B2AEF18D629F876748F">
		<name>RT108 - SG - 240 - 0100 - 4+990</name>
		<LookAt>
			<longitude>104.7641779242133</longitude>
			<latitude>17.40223352040017</latitude>
			<altitude>142.366278327577</altitude>
			<heading>-117.5714951299522</heading>
			<tilt>0.442151904058908</tilt>
			<gx:fovy>35</gx:fovy>
			<range>111.1791198249193</range>
			<altitudeMode>absolute</altitudeMode>
		</LookAt>
		<styleUrl>#__managed_style_0FB0F0B50C29FEE14855</styleUrl>
		<Point>
			<coordinates>104.7642187915522,17.40229800685567,142.7015799796933</coordinates>
		</Point>
	</Placemark>
	<Placemark id="08CBDD6F5729F8768747">
		<name>RT109 - SG - 240 - 0100 - 5+025</name>
		<LookAt>
			<longitude>104.7640217571856</longitude>
			<latitude>17.40250630864515</latitude>
			<altitude>142.0427172424966</altitude>
			<heading>-117.5714950922849</heading>
			<tilt>0.4421517726340597</tilt>
			<gx:fovy>35</gx:fovy>
			<range>109.2891951955244</range>
			<altitudeMode>absolute</altitudeMode>
		</LookAt>
		<styleUrl>#__managed_style_0FB0F0B50C29FEE14855</styleUrl>
		<Point>
			<coordinates>104.763979473914,17.4025413465895,142.4097674034833</coordinates>
		</Point>
	</Placemark>
	<Placemark id="08B73F86AF29F8769CCA">
		<name>RT110 - SG - 240 - 0100 - 5+065</name>
		<LookAt>
			<longitude>104.7638789392506</longitude>
			<latitude>17.40279282895404</latitude>
			<altitude>143.4507154410435</altitude>
			<heading>-117.57149503848</heading>
			<tilt>0.4421515759480218</tilt>
			<gx:fovy>35</gx:fovy>
			<range>106.4585961073135</range>
			<altitudeMode>absolute</altitudeMode>
		</LookAt>
		<styleUrl>#__managed_style_0FB0F0B50C29FEE14855</styleUrl>
		<Point>
			<coordinates>104.7639074993162,17.40290947899264,143.768207789303</coordinates>
		</Point>
	</Placemark>
	<Placemark id="02F945590829F8770503">
		<name>RT111 - SG - 240 - 0100 - 5+100</name>
		<LookAt>
			<longitude>104.7636865621892</longitude>
			<latitude>17.40319532266918</latitude>
			<altitude>141.5108934026572</altitude>
			<heading>-117.9296958131047</heading>
			<tilt>5.613887520230589</tilt>
			<gx:fovy>35</gx:fovy>
			<range>81.6291929795716</range>
			<altitudeMode>absolute</altitudeMode>
		</LookAt>
		<styleUrl>#__managed_style_0FB0F0B50C29FEE14855</styleUrl>
		<Point>
			<coordinates>104.7636421431517,17.40314564760517,141.5734462374314</coordinates>
		</Point>
	</Placemark>
	<Placemark id="016F6ECA0429F8772B0C">
		<name>RT112 - SG - 240 - 0100 - 5+140</name>
		<LookAt>
			<longitude>104.7635097170613</longitude>
			<latitude>17.40359850119232</latitude>
			<altitude>142.7806553596449</altitude>
			<heading>-117.929701767792</heading>
			<tilt>5.613909012315185</tilt>
			<gx:fovy>35</gx:fovy>
			<range>106.0597907439296</range>
			<altitudeMode>absolute</altitudeMode>
		</LookAt>
		<styleUrl>#__managed_style_0FB0F0B50C29FEE14855</styleUrl>
		<Point>
			<coordinates>104.763606624198,17.40349986828119,142.3579439738973</coordinates>
		</Point>
	</Placemark>
	<Placemark id="0336F52A0E29F8779B15">
		<name>RT113 - SG - 240 - 0100 - 5+180</name>
		<LookAt>
			<longitude>104.7633583447566</longitude>
			<latitude>17.40375394993596</latitude>
			<altitude>142.6085087878657</altitude>
			<heading>-113.8625372427737</heading>
			<tilt>2.070783978460317</tilt>
			<gx:fovy>35</gx:fovy>
			<range>61.2905192605831</range>
			<altitudeMode>absolute</altitudeMode>
		</LookAt>
		<styleUrl>#__managed_style_0FB0F0B50C29FEE14855</styleUrl>
		<Point>
			<coordinates>104.7633377833067,17.40375058427629,142.6392242787541</coordinates>
		</Point>
	</Placemark>
	<Placemark id="0535B8187229F8780262">
		<name>RT114 - SG - 240 - 0100 - 5+220</name>
		<LookAt>
			<longitude>104.7631987944343</longitude>
			<latitude>17.40420163679208</latitude>
			<altitude>142.9966112142993</altitude>
			<heading>-113.569411522841</heading>
			<tilt>5.319622390719791</tilt>
			<gx:fovy>35</gx:fovy>
			<range>80.51516166634428</range>
			<altitudeMode>absolute</altitudeMode>
		</LookAt>
		<styleUrl>#__managed_style_0FB0F0B50C29FEE14855</styleUrl>
		<Point>
			<coordinates>104.7631482105791,17.40417409792045,142.7866957788881</coordinates>
		</Point>
	</Placemark>
	<Placemark id="027914A23329F8781B8F">
		<name>RT115 - SG - 240 - 0100 - 5+260</name>
		<LookAt>
			<longitude>104.76303983101</longitude>
			<latitude>17.40448639773742</latitude>
			<altitude>145.0342722824768</altitude>
			<heading>-113.5694110513888</heading>
			<tilt>5.319620743306012</tilt>
			<gx:fovy>35</gx:fovy>
			<range>78.5393350593222</range>
			<altitudeMode>absolute</altitudeMode>
		</LookAt>
		<styleUrl>#__managed_style_0FB0F0B50C29FEE14855</styleUrl>
		<Point>
			<coordinates>104.7629756083302,17.40454618048872,144.9971643823985</coordinates>
		</Point>
	</Placemark>
	<Placemark id="0360633DEC29F8788204">
		<name>RT116 - SG - 240 - 0100 - 5+300</name>
		<LookAt>
			<longitude>104.7627838504068</longitude>
			<latitude>17.40492370530728</latitude>
			<altitude>144.3370573771614</altitude>
			<heading>-115.3535785316591</heading>
			<tilt>3.02329231900596</tilt>
			<gx:fovy>35</gx:fovy>
			<range>74.91086449635077</range>
			<altitudeMode>absolute</altitudeMode>
		</LookAt>
		<styleUrl>#__managed_style_0FB0F0B50C29FEE14855</styleUrl>
		<Point>
			<coordinates>104.7627455441962,17.40492467455225,144.0668672598936</coordinates>
		</Point>
	</Placemark>
	<Placemark id="0957CA030F29F878B364">
		<name>RT117 - SG - 240 - 0100 - 5+340</name>
		<LookAt>
			<longitude>104.7625898080739</longitude>
			<latitude>17.40528935457437</latitude>
			<altitude>142.4709299532222</altitude>
			<heading>-115.3535668369246</heading>
			<tilt>2.605666450484405</tilt>
			<gx:fovy>35</gx:fovy>
			<range>76.01779766977415</range>
			<altitudeMode>absolute</altitudeMode>
		</LookAt>
		<styleUrl>#__managed_style_0FB0F0B50C29FEE14855</styleUrl>
		<Point>
			<coordinates>104.7625586816991,17.40526631516694,142.2988045007821</coordinates>
		</Point>
	</Placemark>
	<Placemark id="0BD81F2F3E29F878F518">
		<name>RT118 - SG - 240 - 0100 - 5+380</name>
		<LookAt>
			<longitude>104.7624555017691</longitude>
			<latitude>17.40568628216468</latitude>
			<altitude>146.1411861685839</altitude>
			<heading>-111.3693976623239</heading>
			<tilt>1.90718624040707</tilt>
			<gx:fovy>35</gx:fovy>
			<range>80.04622668169759</range>
			<altitudeMode>absolute</altitudeMode>
		</LookAt>
		<styleUrl>#__managed_style_0FB0F0B50C29FEE14855</styleUrl>
		<Point>
			<coordinates>104.7623874712675,17.40563514328713,146.1642239959953</coordinates>
		</Point>
	</Placemark>
	<Placemark id="06106FC2FB29F8794ED4">
		<name>RT119 - SG - 240 - 0100 - 5+420</name>
		<LookAt>
			<longitude>104.7622335307871</longitude>
			<latitude>17.40602792676902</latitude>
			<altitude>148.0193460018918</altitude>
			<heading>-113.3048827788479</heading>
			<tilt>0.5966618975000807</tilt>
			<gx:fovy>35</gx:fovy>
			<range>87.12346608540429</range>
			<altitudeMode>absolute</altitudeMode>
		</LookAt>
		<styleUrl>#__managed_style_0FB0F0B50C29FEE14855</styleUrl>
		<Point>
			<coordinates>104.7622149285529,17.40599958527432,148.1027059162858</coordinates>
		</Point>
	</Placemark>
	<Placemark id="0A058D842529F879B099">
		<name>RT120 - SG - 240 - 0100 - 5+460</name>
		<LookAt>
			<longitude>104.7620536889919</longitude>
			<latitude>17.40641065710331</latitude>
			<altitude>147.253098062654</altitude>
			<heading>-115.266593499641</heading>
			<tilt>0.07708465425630556</tilt>
			<gx:fovy>35</gx:fovy>
			<range>84.53955198157928</range>
			<altitudeMode>absolute</altitudeMode>
		</LookAt>
		<styleUrl>#__managed_style_0FB0F0B50C29FEE14855</styleUrl>
		<Point>
			<coordinates>104.762019631403,17.40638849067113,147.3072538589093</coordinates>
		</Point>
	</Placemark>
	<Placemark id="0ECD632FD929F892E276">
		<name>LT78 - SG - 240 - 0100 - 3+230</name>
		<LookAt>
			<longitude>104.7710148877274</longitude>
			<latitude>17.38830780680432</latitude>
			<altitude>146.4158203599628</altitude>
			<heading>-116.3124569680052</heading>
			<tilt>4.7510033389149</tilt>
			<gx:fovy>35</gx:fovy>
			<range>153.9060623742807</range>
			<altitudeMode>absolute</altitudeMode>
		</LookAt>
		<styleUrl>#__managed_style_0FB0F0B50C29FEE14855</styleUrl>
		<Point>
			<coordinates>104.7710793607303,17.38814139353638,146.2461942103802</coordinates>
		</Point>
	</Placemark>
	<Placemark id="069D287ECE29F8930E1C">
		<name>LT79 - SG - 240 - 0100 - 3+270</name>
		<LookAt>
			<longitude>104.7709355293678</longitude>
			<latitude>17.38848525736617</latitude>
			<altitude>147.2336271957602</altitude>
			<heading>-116.2877011289753</heading>
			<tilt>4.751000563808608</tilt>
			<gx:fovy>35.00000000000001</gx:fovy>
			<range>159.7387168419664</range>
			<altitudeMode>absolute</altitudeMode>
		</LookAt>
		<styleUrl>#__managed_style_0FB0F0B50C29FEE14855</styleUrl>
		<Point>
			<coordinates>104.771025428075,17.38848550639707,147.0866896462286</coordinates>
		</Point>
	</Placemark>
	<Placemark id="087FD84B6E29F8934411">
		<name>LT80 - SG - 240 - 0100 - 3+300</name>
		<LookAt>
			<longitude>104.7708143198843</longitude>
			<latitude>17.38875003820885</latitude>
			<altitude>148.4931677790882</altitude>
			<heading>-116.2876869059957</heading>
			<tilt>0.4865967516832186</tilt>
			<gx:fovy>35</gx:fovy>
			<range>149.5268403960472</range>
			<altitudeMode>absolute</altitudeMode>
		</LookAt>
		<styleUrl>#__managed_style_0FB0F0B50C29FEE14855</styleUrl>
		<Point>
			<coordinates>104.7707968217072,17.38874178975248,148.7077934915731</coordinates>
		</Point>
	</Placemark>
	<Placemark id="0035A76FA229F893879E">
		<name>LT81 - SG - 240 - 0100 - 3+340</name>
		<LookAt>
			<longitude>104.7707911160984</longitude>
			<latitude>17.38882562337221</latitude>
			<altitude>148.6713387131217</altitude>
			<heading>-116.2876862638023</heading>
			<tilt>0.4865944647837536</tilt>
			<gx:fovy>35</gx:fovy>
			<range>119.5960534436199</range>
			<altitudeMode>absolute</altitudeMode>
		</LookAt>
		<styleUrl>#__managed_style_0FB0F0B50C29FEE14855</styleUrl>
		<Point>
			<coordinates>104.7707797878626,17.38908851759604,148.4336278974431</coordinates>
		</Point>
	</Placemark>
	<Placemark id="0C59A8B96C29F893F132">
		<name>LT82 - SG - 240 - 0100 - 3+365</name>
		<LookAt>
			<longitude>104.7706185509458</longitude>
			<latitude>17.38921765146555</latitude>
			<altitude>147.9371940308251</altitude>
			<heading>-113.2890681520043</heading>
			<tilt>3.947883780694025</tilt>
			<gx:fovy>35</gx:fovy>
			<range>51.34619922727326</range>
			<altitudeMode>absolute</altitudeMode>
		</LookAt>
		<styleUrl>#__managed_style_0FB0F0B50C29FEE14855</styleUrl>
		<Point>
			<coordinates>104.7705952542166,17.38924207698478,148.1589690130923</coordinates>
		</Point>
	</Placemark>
	<Placemark id="0F84E3661B29F8941041">
		<name>LT83 - SG - 240 - 0100 - 3+400</name>
		<LookAt>
			<longitude>104.7705710197368</longitude>
			<latitude>17.38948173383921</latitude>
			<altitude>148.0730041093562</altitude>
			<heading>-113.289079479713</heading>
			<tilt>3.947923158246432</tilt>
			<gx:fovy>35</gx:fovy>
			<range>114.9452247672889</range>
			<altitudeMode>absolute</altitudeMode>
		</LookAt>
		<styleUrl>#__managed_style_0FB0F0B50C29FEE14855</styleUrl>
		<Point>
			<coordinates>104.7705653917182,17.38970422329755,150.0665336934765</coordinates>
		</Point>
	</Placemark>
	<Placemark id="048DC75D7F29F894A886">
		<name>MD15 - DB - 240 - 0100 - 3+460</name>
		<LookAt>
			<longitude>104.7703558919309</longitude>
			<latitude>17.39018490778698</latitude>
			<altitude>150.5312491449635</altitude>
			<heading>-113.109859062483</heading>
			<tilt>3.947885236678322</tilt>
			<gx:fovy>34.99999999999801</gx:fovy>
			<range>58.79090788002941</range>
			<altitudeMode>absolute</altitudeMode>
		</LookAt>
		<styleUrl>#__managed_style_0FB0F0B50C29FEE14855</styleUrl>
		<Point>
			<coordinates>104.7703640867971,17.39027593381406,150.7078629633193</coordinates>
		</Point>
	</Placemark>
	<Placemark id="01AB93B79D29F894C6EF">
		<name>MD16 - DB - 240 - 0100 - 3+495</name>
		<LookAt>
			<longitude>104.7701793324453</longitude>
			<latitude>17.39054360269003</latitude>
			<altitude>151.4997331920488</altitude>
			<heading>-113.109859979327</heading>
			<tilt>3.94788841473989</tilt>
			<gx:fovy>34.99999999999801</gx:fovy>
			<range>63.92392333344107</range>
			<altitudeMode>absolute</altitudeMode>
		</LookAt>
		<styleUrl>#__managed_style_0FB0F0B50C29FEE14855</styleUrl>
		<Point>
			<coordinates>104.7702356361222,17.39056769042796,151.8870458902259</coordinates>
		</Point>
	</Placemark>
	<Placemark id="0AF71798A329F894F59E">
		<name>MD17 - DB - 240 - 0100 - 3+530</name>
		<LookAt>
			<longitude>104.7700228572158</longitude>
			<latitude>17.39083599766703</latitude>
			<altitude>152.8786951012849</altitude>
			<heading>-113.1098733358647</heading>
			<tilt>3.947934776130356</tilt>
			<gx:fovy>34.99999999999801</gx:fovy>
			<range>138.8027390042771</range>
			<altitudeMode>absolute</altitudeMode>
		</LookAt>
		<styleUrl>#__managed_style_0FB0F0B50C29FEE14855</styleUrl>
		<Point>
			<coordinates>104.7700822152986,17.39084189870184,153.1937963899533</coordinates>
		</Point>
	</Placemark>
	<Placemark id="0B021E948629F8950CF3">
		<name>MD18 - DB - 240 - 0100 - 3+565</name>
		<LookAt>
			<longitude>104.7698953344933</longitude>
			<latitude>17.3911132270021</latitude>
			<altitude>152.9344263123181</altitude>
			<heading>-113.1098718218013</heading>
			<tilt>3.947929514932191</tilt>
			<gx:fovy>34.99999999999801</gx:fovy>
			<range>130.3054370597966</range>
			<altitudeMode>absolute</altitudeMode>
		</LookAt>
		<styleUrl>#__managed_style_0FB0F0B50C29FEE14855</styleUrl>
		<Point>
			<coordinates>104.7699339643333,17.39114696892472,153.2708652203487</coordinates>
		</Point>
	</Placemark>
	<Placemark id="0FC4ABA28A29F8952207">
		<name>MD19 - DB - 240 - 0100 - 3+600</name>
		<LookAt>
			<longitude>104.7697205891199</longitude>
			<latitude>17.39150314550177</latitude>
			<altitude>148.2922839378888</altitude>
			<heading>-113.1098631185807</heading>
			<tilt>3.947899297288008</tilt>
			<gx:fovy>34.99999999999801</gx:fovy>
			<range>81.50062683592296</range>
			<altitudeMode>absolute</altitudeMode>
		</LookAt>
		<styleUrl>#__managed_style_0FB0F0B50C29FEE14855</styleUrl>
		<Point>
			<coordinates>104.769789319488,17.39141930854329,149.9354358705357</coordinates>
		</Point>
	</Placemark>
	<Placemark id="0EC79C553329F895388B">
		<name>MD20 - DB - 240 - 0100 - 3+635</name>
		<LookAt>
			<longitude>104.7696367272293</longitude>
			<latitude>17.39169548339457</latitude>
			<altitude>146.9356888590637</altitude>
			<heading>-113.1098626955263</heading>
			<tilt>3.947897827999761</tilt>
			<gx:fovy>34.99999999999801</gx:fovy>
			<range>79.12761729747218</range>
			<altitudeMode>absolute</altitudeMode>
		</LookAt>
		<styleUrl>#__managed_style_0FB0F0B50C29FEE14855</styleUrl>
		<Point>
			<coordinates>104.769627175604,17.39169159365885,147.0762480094049</coordinates>
		</Point>
	</Placemark>
	<Placemark id="006C8BB23429F8958013">
		<name>MD21 - DB - 240 - 0100 - 3+670</name>
		<LookAt>
			<longitude>104.7694857625285</longitude>
			<latitude>17.39184857868274</latitude>
			<altitude>146.9668008336766</altitude>
			<heading>-131.0845772986136</heading>
			<tilt>0.919693900641161</tilt>
			<gx:fovy>35</gx:fovy>
			<range>63.25116454002455</range>
			<altitudeMode>absolute</altitudeMode>
		</LookAt>
		<styleUrl>#__managed_style_0FB0F0B50C29FEE14855</styleUrl>
		<Point>
			<coordinates>104.7695169298661,17.39190086528208,147.4319538686264</coordinates>
		</Point>
	</Placemark>
	<Placemark id="0F487EF72229F895984D">
		<name>MD22 - DB - 240 - 0100 - 3+685</name>
		<LookAt>
			<longitude>104.7693140823342</longitude>
			<latitude>17.39226013589494</latitude>
			<altitude>149.1923892754486</altitude>
			<heading>-131.0845778312187</heading>
			<tilt>0.9196961524849606</tilt>
			<gx:fovy>35</gx:fovy>
			<range>78.85237171627523</range>
			<altitudeMode>absolute</altitudeMode>
		</LookAt>
		<styleUrl>#__managed_style_0FB0F0B50C29FEE14855</styleUrl>
		<Point>
			<coordinates>104.7693362964725,17.3922244631486,149.2171266926039</coordinates>
		</Point>
	</Placemark>
	<Placemark id="061C4BA87C29F896105E">
		<name>MD22 - DB - 240 - 0100 - 3+720</name>
		<LookAt>
			<longitude>104.7692044536433</longitude>
			<latitude>17.39238140604302</latitude>
			<altitude>149.7698552916046</altitude>
			<heading>62.5724999137594</heading>
			<tilt>0</tilt>
			<gx:fovy>35</gx:fovy>
			<range>64.6430952695755</range>
			<altitudeMode>absolute</altitudeMode>
		</LookAt>
		<styleUrl>#__managed_style_0FB0F0B50C29FEE14855</styleUrl>
		<Point>
			<coordinates>104.7692244249548,17.39243103080037,150.1098851263721</coordinates>
		</Point>
	</Placemark>
	<Placemark id="055B6E2D7829F89629D0">
		<name>MD23 - DB - 240 - 0100 - 3+755</name>
		<LookAt>
			<longitude>104.7691562091158</longitude>
			<latitude>17.3924817326629</latitude>
			<altitude>150.0736439704119</altitude>
			<heading>62.57249991334213</heading>
			<tilt>0</tilt>
			<gx:fovy>35</gx:fovy>
			<range>96.13499204368054</range>
			<altitudeMode>absolute</altitudeMode>
		</LookAt>
		<styleUrl>#__managed_style_0FB0F0B50C29FEE14855</styleUrl>
		<Point>
			<coordinates>104.7691050913894,17.3926659383655,150.7640999816498</coordinates>
		</Point>
	</Placemark>
	<Placemark id="07C70380AB29F8964139">
		<name>MD24 - DB - 240 - 0100 - 3+785</name>
		<LookAt>
			<longitude>104.7690548062108</longitude>
			<latitude>17.39283640663075</latitude>
			<altitude>150.934065261486</altitude>
			<heading>62.57248501703232</heading>
			<tilt>0</tilt>
			<gx:fovy>35</gx:fovy>
			<range>66.89580727294924</range>
			<altitudeMode>absolute</altitudeMode>
		</LookAt>
		<styleUrl>#__managed_style_0FB0F0B50C29FEE14855</styleUrl>
		<Point>
			<coordinates>104.7689886718041,17.39290455087469,151.026898909326</coordinates>
		</Point>
	</Placemark>
	<Placemark id="04A9A3D2A729F8965A9C">
		<name>MD25 - DB - 240 - 0100 - 3+815</name>
		<LookAt>
			<longitude>104.7689252772099</longitude>
			<latitude>17.39304968004666</latitude>
			<altitude>150.341491616687</altitude>
			<heading>62.57245913806639</heading>
			<tilt>0</tilt>
			<gx:fovy>35</gx:fovy>
			<range>70.64717705652583</range>
			<altitudeMode>absolute</altitudeMode>
		</LookAt>
		<styleUrl>#__managed_style_0FB0F0B50C29FEE14855</styleUrl>
		<Point>
			<coordinates>104.768863714886,17.39313413585358,149.7300584627339</coordinates>
		</Point>
	</Placemark>
	<Placemark id="008D31E0AE29F89672CF">
		<name>MD26 - DB - 240 - 0100 - 3+845</name>
		<LookAt>
			<longitude>104.768881644132</longitude>
			<latitude>17.39320069459318</latitude>
			<altitude>149.4519428240172</altitude>
			<heading>62.57244163563023</heading>
			<tilt>0</tilt>
			<gx:fovy>35</gx:fovy>
			<range>100.41299744551</range>
			<altitudeMode>absolute</altitudeMode>
		</LookAt>
		<styleUrl>#__managed_style_0FB0F0B50C29FEE14855</styleUrl>
		<Point>
			<coordinates>104.7687360877205,17.393361739629,148.4079699924727</coordinates>
		</Point>
	</Placemark>
	<Placemark id="03F6F0C51A29F89685B1">
		<name>MD27 - DB - 240 - 0100 - 3+875</name>
		<LookAt>
			<longitude>104.768729639394</longitude>
			<latitude>17.39347885991229</latitude>
			<altitude>148.3650762825142</altitude>
			<heading>62.57239619717486</heading>
			<tilt>0</tilt>
			<gx:fovy>35</gx:fovy>
			<range>101.499853023488</range>
			<altitudeMode>absolute</altitudeMode>
		</LookAt>
		<styleUrl>#__managed_style_0FB0F0B50C29FEE14855</styleUrl>
		<Point>
			<coordinates>104.7686040555191,17.39360972971796,148.251531209958</coordinates>
		</Point>
	</Placemark>
	<Placemark id="0D68673B1929F89697AD">
		<name>MD28 - DB - 240 - 0100 - 3+905</name>
		<LookAt>
			<longitude>104.7685742414996</longitude>
			<latitude>17.3937646069446</latitude>
			<altitude>148.5032327435624</altitude>
			<heading>62.57234974365979</heading>
			<tilt>0</tilt>
			<gx:fovy>35</gx:fovy>
			<range>101.3616913537044</range>
			<altitudeMode>absolute</altitudeMode>
		</LookAt>
		<styleUrl>#__managed_style_0FB0F0B50C29FEE14855</styleUrl>
		<Point>
			<coordinates>104.7684697535963,17.39386366916874,148.5454785673229</coordinates>
		</Point>
	</Placemark>
	<Placemark id="0A2F369B3729F8B27B8F">
		<name>LT84 - SG - 240 - 0100 - 3+715</name>
		<LookAt>
			<longitude>104.7690095439831</longitude>
			<latitude>17.39241139222965</latitude>
			<altitude>149.9462116646253</altitude>
			<heading>-125.8762649022229</heading>
			<tilt>0.8688263006444392</tilt>
			<gx:fovy>35</gx:fovy>
			<range>116.582780106055</range>
			<altitudeMode>absolute</altitudeMode>
		</LookAt>
		<styleUrl>#__managed_style_0FB0F0B50C29FEE14855</styleUrl>
		<Point>
			<coordinates>104.7690587255152,17.39224483180598,149.5629031303161</coordinates>
		</Point>
	</Placemark>
	<Placemark id="0F05CB8FF229F8B31AA2">
		<name>LT83 - SG - 240 - 0100 - 3+715</name>
		<LookAt>
			<longitude>104.7689904813403</longitude>
			<latitude>17.39236969984741</latitude>
			<altitude>149.9319456654858</altitude>
			<heading>-125.8637364100532</heading>
			<tilt>0.8708520826964334</tilt>
			<gx:fovy>35</gx:fovy>
			<range>124.9700927527738</range>
			<altitudeMode>absolute</altitudeMode>
		</LookAt>
		<styleUrl>#__managed_style_0FB0F0B50C29FEE14855</styleUrl>
		<Point>
			<coordinates>104.769158203826,17.39229652639034,149.5246285099328</coordinates>
		</Point>
	</Placemark>
	<Placemark id="03740AE34129F8B3CC58">
		<name>LT85 - SG - 240 - 0100 - 3+740</name>
		<LookAt>
			<longitude>104.7689969747686</longitude>
			<latitude>17.39252854227697</latitude>
			<altitude>150.2368693874355</altitude>
			<heading>239.0000470986928</heading>
			<tilt>0</tilt>
			<gx:fovy>35</gx:fovy>
			<range>114.6781377010666</range>
			<altitudeMode>absolute</altitudeMode>
		</LookAt>
		<styleUrl>#__managed_style_0FB0F0B50C29FEE14855</styleUrl>
		<Point>
			<coordinates>104.7689925357961,17.39251460933389,150.3738954413197</coordinates>
		</Point>
	</Placemark>
	<Placemark id="0C70D3354C29F8B3EEA2">
		<name>LT86 - SG - 240 - 0100 - 3+755</name>
		<LookAt>
			<longitude>104.7689362461498</longitude>
			<latitude>17.39262499092033</latitude>
			<altitude>150.5635943775132</altitude>
			<heading>239.0000287910681</heading>
			<tilt>0</tilt>
			<gx:fovy>35</gx:fovy>
			<range>114.3514030828919</range>
			<altitudeMode>absolute</altitudeMode>
		</LookAt>
		<styleUrl>#__managed_style_0FB0F0B50C29FEE14855</styleUrl>
		<Point>
			<coordinates>104.7689958808498,17.39263080745478,150.7446298387833</coordinates>
		</Point>
	</Placemark>
	<Placemark id="093CC31BDA29F8B403F4">
		<name>LT87 - SG - 240 - 0100 - 3+775</name>
		<LookAt>
			<longitude>104.7688390123332</longitude>
			<latitude>17.39276589216213</latitude>
			<altitude>150.718860883622</altitude>
			<heading>238.999999514095</heading>
			<tilt>0</tilt>
			<gx:fovy>35</gx:fovy>
			<range>114.1961363447809</range>
			<altitudeMode>absolute</altitudeMode>
		</LookAt>
		<styleUrl>#__managed_style_0FB0F0B50C29FEE14855</styleUrl>
		<Point>
			<coordinates>104.7688622828524,17.39275656168751,150.8874652857889</coordinates>
		</Point>
	</Placemark>
	<Placemark id="0568A7B47B29F8B432B2">
		<name>LT88 - SG - 240 - 0100 - 3+795</name>
		<LookAt>
			<longitude>104.7687541879572</longitude>
			<latitude>17.39297903574488</latitude>
			<altitude>149.4995180395646</altitude>
			<heading>238.9999980236918</heading>
			<tilt>0</tilt>
			<gx:fovy>35</gx:fovy>
			<range>121.3553259454238</range>
			<altitudeMode>absolute</altitudeMode>
		</LookAt>
		<styleUrl>#__managed_style_0FB0F0B50C29FEE14855</styleUrl>
		<Point>
			<coordinates>104.7688284056987,17.39295308619979,150.2626057815742</coordinates>
		</Point>
	</Placemark>
	<Placemark id="0695D42A2129F8B44897">
		<name>LT89 - SG - 240 - 0100 - 3+805</name>
		<LookAt>
			<longitude>104.7687541879627</longitude>
			<latitude>17.39297903578714</latitude>
			<altitude>149.4995180395646</altitude>
			<heading>238.9999980236918</heading>
			<tilt>0</tilt>
			<gx:fovy>35</gx:fovy>
			<range>121.3553259454239</range>
			<altitudeMode>absolute</altitudeMode>
		</LookAt>
		<styleUrl>#__managed_style_0FB0F0B50C29FEE14855</styleUrl>
		<Point>
			<coordinates>104.7687171884746,17.39298110522755,149.4050718500887</coordinates>
		</Point>
	</Placemark>
	<Placemark id="0D4C01A59129F8B69475">
		<name>LT90 - SG - 240 - 0100 - 3+835</name>
		<LookAt>
			<longitude>104.7686272821818</longitude>
			<latitude>17.39333225701169</latitude>
			<altitude>147.6402590957497</altitude>
			<heading>238.9999307910754</heading>
			<tilt>0</tilt>
			<gx:fovy>35</gx:fovy>
			<range>95.68359670734935</range>
			<altitudeMode>absolute</altitudeMode>
		</LookAt>
		<styleUrl>#__managed_style_0FB0F0B50C29FEE14855</styleUrl>
		<Point>
			<coordinates>104.7686674226214,17.39326794354907,148.0204298569222</coordinates>
		</Point>
	</Placemark>
	<Placemark id="0AA61EE0C629F8B6DEFA">
		<name>LT91 - SG - 240 - 0100 - 3+875</name>
		<LookAt>
			<longitude>104.7685039332807</longitude>
			<latitude>17.39353820270463</latitude>
			<altitude>147.4244990595559</altitude>
			<heading>238.9999275759816</heading>
			<tilt>0</tilt>
			<gx:fovy>35</gx:fovy>
			<range>102.2285915137581</range>
			<altitudeMode>absolute</altitudeMode>
		</LookAt>
		<styleUrl>#__managed_style_0FB0F0B50C29FEE14855</styleUrl>
		<Point>
			<coordinates>104.7685037524873,17.39355838332735,147.6554862562871</coordinates>
		</Point>
	</Placemark>
	<Placemark id="0C01C448D429F8B74261">
		<name>LT92 - SG - 240 - 0100 - 3+920</name>
		<LookAt>
			<longitude>104.7682626727342</longitude>
			<latitude>17.39392489265898</latitude>
			<altitude>147.6309590698601</altitude>
			<heading>238.9998713270921</heading>
			<tilt>0</tilt>
			<gx:fovy>35</gx:fovy>
			<range>104.0505594218303</range>
			<altitudeMode>absolute</altitudeMode>
		</LookAt>
		<styleUrl>#__managed_style_0FB0F0B50C29FEE14855</styleUrl>
		<Point>
			<coordinates>104.7682544073364,17.39398276630536,147.9660880189687</coordinates>
		</Point>
	</Placemark>
	<Placemark id="0C50E522D329F8B84044">
		<name>LT93 - SG - 240 - 0100 - 3+970</name>
		<LookAt>
			<longitude>104.7680602233882</longitude>
			<latitude>17.39430765385902</latitude>
			<altitude>147.6363211474909</altitude>
			<heading>-123.0479113659709</heading>
			<tilt>4.304001591965322</tilt>
			<gx:fovy>35</gx:fovy>
			<range>72.30278195079337</range>
			<altitudeMode>absolute</altitudeMode>
		</LookAt>
		<styleUrl>#__managed_style_0FB0F0B50C29FEE14855</styleUrl>
		<Point>
			<coordinates>104.7680580285097,17.39427466138563,147.7163263720527</coordinates>
		</Point>
	</Placemark>
	<Placemark id="057057C11C29F8BA52CC">
		<name>LT94 - SG - 240 - 0100 - 4+005</name>
		<LookAt>
			<longitude>104.7678873698532</longitude>
			<latitude>17.39459309076566</latitude>
			<altitude>147.9391070145855</altitude>
			<heading>-119.8044690874516</heading>
			<tilt>1.052892745260454</tilt>
			<gx:fovy>35</gx:fovy>
			<range>86.42013024403241</range>
			<altitudeMode>absolute</altitudeMode>
		</LookAt>
		<styleUrl>#__managed_style_0FB0F0B50C29FEE14855</styleUrl>
		<Point>
			<coordinates>104.7678918185375,17.39454277634408,148.0157310251101</coordinates>
		</Point>
	</Placemark>
	<Placemark id="090021DC4129F8BAEB48">
		<name>LT95 - SG - 240 - 0100 - 4+055</name>
		<LookAt>
			<longitude>104.7676880010331</longitude>
			<latitude>17.39490286588581</latitude>
			<altitude>148.8856798131178</altitude>
			<heading>-119.8044760856981</heading>
			<tilt>0.2788105895302957</tilt>
			<gx:fovy>35</gx:fovy>
			<range>164.4214031286174</range>
			<altitudeMode>absolute</altitudeMode>
		</LookAt>
		<styleUrl>#__managed_style_0FB0F0B50C29FEE14855</styleUrl>
		<Point>
			<coordinates>104.7676358739147,17.39491235536835,149.1778456787085</coordinates>
		</Point>
	</Placemark>
	<Placemark id="044B4A70F929F8C38263">
		<name>LT96 - SG - 240 - 0100 - 4+085</name>
		<LookAt>
			<longitude>104.767524022949</longitude>
			<latitude>17.39514799322647</latitude>
			<altitude>151.9342516866932</altitude>
			<heading>-119.8045415355976</heading>
			<tilt>1.218506821248309</tilt>
			<gx:fovy>35</gx:fovy>
			<range>59.41779240991309</range>
			<altitudeMode>absolute</altitudeMode>
		</LookAt>
		<styleUrl>#__managed_style_0FB0F0B50C29FEE14855</styleUrl>
		<Point>
			<coordinates>104.7674981343605,17.39513906204995,152.0468854722742</coordinates>
		</Point>
	</Placemark>
	<Placemark id="09D5E74D2129F8C3E22D">
		<name>LT97 - SG - 240 - 0100 - 4+115</name>
		<LookAt>
			<longitude>104.7673684802852</longitude>
			<latitude>17.39543969423195</latitude>
			<altitude>153.8079265017429</altitude>
			<heading>-118.78727392359</heading>
			<tilt>1.755918579539169</tilt>
			<gx:fovy>35</gx:fovy>
			<range>72.08314522486035</range>
			<altitudeMode>absolute</altitudeMode>
		</LookAt>
		<styleUrl>#__managed_style_0FB0F0B50C29FEE14855</styleUrl>
		<Point>
			<coordinates>104.7673736476815,17.39540837418381,153.9422862969064</coordinates>
		</Point>
	</Placemark>
	<Placemark id="048DF305BB29F8C420EC">
		<name>LT98 - SG - 240 - 0100 - 4+160</name>
		<LookAt>
			<longitude>104.7671790846254</longitude>
			<latitude>17.39577105294628</latitude>
			<altitude>151.252357016114</altitude>
			<heading>-120.568814615449</heading>
			<tilt>1.57929134370616</tilt>
			<gx:fovy>35</gx:fovy>
			<range>104.4320279408931</range>
			<altitudeMode>absolute</altitudeMode>
		</LookAt>
		<styleUrl>#__managed_style_0FB0F0B50C29FEE14855</styleUrl>
		<Point>
			<coordinates>104.767187267782,17.39575360432397,151.6905860706783</coordinates>
		</Point>
	</Placemark>
	<Placemark id="094FD7C56029F8C43BC7">
		<name>LT99 - SG - 240 - 0100 - 4+195</name>
		<LookAt>
			<longitude>104.7670631434457</longitude>
			<latitude>17.39603240503105</latitude>
			<altitude>149.3593183494926</altitude>
			<heading>-120.5688150117148</heading>
			<tilt>1.57929281116834</tilt>
			<gx:fovy>35</gx:fovy>
			<range>110.3531976605336</range>
			<altitudeMode>absolute</altitudeMode>
		</LookAt>
		<styleUrl>#__managed_style_0FB0F0B50C29FEE14855</styleUrl>
		<Point>
			<coordinates>104.7670362187736,17.39603511208402,149.4950995063006</coordinates>
		</Point>
	</Placemark>
	<Placemark id="0C5278FA0E29F8C4C37F">
		<name>LT100 - SG - 240 - 0100 - 4+225</name>
		<LookAt>
			<longitude>104.7669221562439</longitude>
			<latitude>17.39629121460626</latitude>
			<altitude>150.5442988081904</altitude>
			<heading>-119.8753141352257</heading>
			<tilt>2.614433774880517</tilt>
			<gx:fovy>35</gx:fovy>
			<range>110.8715762590145</range>
			<altitudeMode>absolute</altitudeMode>
		</LookAt>
		<styleUrl>#__managed_style_0FB0F0B50C29FEE14855</styleUrl>
		<Point>
			<coordinates>104.766910756798,17.39630824956626,150.8673756622787</coordinates>
		</Point>
	</Placemark>
	<Placemark id="07E548879129F8C50DFC">
		<name>LT101 - SG - 240 - 0100 - 4+260</name>
		<LookAt>
			<longitude>104.7667428034197</longitude>
			<latitude>17.39662928798196</latitude>
			<altitude>153.3405912340421</altitude>
			<heading>-126.2859699469826</heading>
			<tilt>1.324965292418929</tilt>
			<gx:fovy>35</gx:fovy>
			<range>55.54019162582335</range>
			<altitudeMode>absolute</altitudeMode>
		</LookAt>
		<styleUrl>#__managed_style_0FB0F0B50C29FEE14855</styleUrl>
		<Point>
			<coordinates>104.7667360720045,17.39662750201605,153.5558436595863</coordinates>
		</Point>
	</Placemark>
	<Placemark id="0B10CCC67429F8C6007B">
		<name>LT102 - SG - 240 - 0100 - 4+290</name>
		<LookAt>
			<longitude>104.7666231772043</longitude>
			<latitude>17.39688368805133</latitude>
			<altitude>153.5880032034106</altitude>
			<heading>-122.0109695988887</heading>
			<tilt>4.266435091318575</tilt>
			<gx:fovy>35</gx:fovy>
			<range>85.89622378810418</range>
			<altitudeMode>absolute</altitudeMode>
		</LookAt>
		<styleUrl>#__managed_style_0FB0F0B50C29FEE14855</styleUrl>
		<Point>
			<coordinates>104.7666204372675,17.39687473161129,153.7930570885136</coordinates>
		</Point>
	</Placemark>
	<Placemark id="07F9431A6929F8C630BD">
		<name>LT103 - SG - 240 - 0100 - 4+325</name>
		<LookAt>
			<longitude>104.7664630743552</longitude>
			<latitude>17.39719418058273</latitude>
			<altitude>152.0274611452089</altitude>
			<heading>-122.0109903520114</heading>
			<tilt>3.736568123340402</tilt>
			<gx:fovy>35</gx:fovy>
			<range>84.59791317676718</range>
			<altitudeMode>absolute</altitudeMode>
		</LookAt>
		<styleUrl>#__managed_style_0FB0F0B50C29FEE14855</styleUrl>
		<Point>
			<coordinates>104.7664645332707,17.39716662741826,152.5268169831667</coordinates>
		</Point>
	</Placemark>
	<Placemark id="06A728472329F8C66721">
		<name>LT104 - SG - 240 - 0100 - 4+360</name>
		<LookAt>
			<longitude>104.7663115635603</longitude>
			<latitude>17.39747822225366</latitude>
			<altitude>151.4533158761181</altitude>
			<heading>-122.0109788847385</heading>
			<tilt>2.967181348258135</tilt>
			<gx:fovy>35</gx:fovy>
			<range>106.1077915522037</range>
			<altitudeMode>absolute</altitudeMode>
		</LookAt>
		<styleUrl>#__managed_style_0FB0F0B50C29FEE14855</styleUrl>
		<Point>
			<coordinates>104.7663059573538,17.39745587519523,151.7850834210384</coordinates>
		</Point>
	</Placemark>
	<Placemark id="05A2977CAC29F8C67C27">
		<name>LT105 - SG - 240 - 0100 - 4+395</name>
		<LookAt>
			<longitude>104.7661481677984</longitude>
			<latitude>17.39773734468869</latitude>
			<altitude>149.5874143913331</altitude>
			<heading>-122.0109788589106</heading>
			<tilt>2.967181246706621</tilt>
			<gx:fovy>35</gx:fovy>
			<range>105.8897135198276</range>
			<altitudeMode>absolute</altitudeMode>
		</LookAt>
		<styleUrl>#__managed_style_0FB0F0B50C29FEE14855</styleUrl>
		<Point>
			<coordinates>104.7661518634004,17.39775293945851,149.6465676426369</coordinates>
		</Point>
	</Placemark>
	<Placemark id="0E9044AF8129F8C690D3">
		<name>LT106 - SG - 240 - 0100 - 4+430</name>
		<LookAt>
			<longitude>104.7659755772821</longitude>
			<latitude>17.39807269985097</latitude>
			<altitude>148.9518714323652</altitude>
			<heading>-122.0110304648531</heading>
			<tilt>2.967181542943277</tilt>
			<gx:fovy>35</gx:fovy>
			<range>106.5261124542485</range>
			<altitudeMode>absolute</altitudeMode>
		</LookAt>
		<styleUrl>#__managed_style_0FB0F0B50C29FEE14855</styleUrl>
		<Point>
			<coordinates>104.7660044575686,17.39803636398083,148.8701843782005</coordinates>
		</Point>
	</Placemark>
	<Placemark id="07665101F429F8C6A4EE">
		<name>LT107 - SG - 240 - 0100 - 4+465</name>
		<LookAt>
			<longitude>104.7658899741442</longitude>
			<latitude>17.39823781649812</latitude>
			<altitude>149.3074053438045</altitude>
			<heading>-122.0110560614434</heading>
			<tilt>2.967181377210531</tilt>
			<gx:fovy>35</gx:fovy>
			<range>106.1701045280824</range>
			<altitudeMode>absolute</altitudeMode>
		</LookAt>
		<styleUrl>#__managed_style_0FB0F0B50C29FEE14855</styleUrl>
		<Point>
			<coordinates>104.7658563641305,17.39833587165667,149.20226521296</coordinates>
		</Point>
	</Placemark>
	<Placemark id="0DCDC68B9229F8C6BC26">
		<name>LT108 - SG - 240 - 0100 - 4+515</name>
		<LookAt>
			<longitude>104.7657272409029</longitude>
			<latitude>17.39854255262247</latitude>
			<altitude>149.4046351198967</altitude>
			<heading>-122.0111047210018</heading>
			<tilt>2.967181331868711</tilt>
			<gx:fovy>35</gx:fovy>
			<range>106.0727470219717</range>
			<altitudeMode>absolute</altitudeMode>
		</LookAt>
		<styleUrl>#__managed_style_0FB0F0B50C29FEE14855</styleUrl>
		<Point>
			<coordinates>104.7657209608879,17.39860125878752,149.2439613608325</coordinates>
		</Point>
	</Placemark>
	<Placemark id="04B2C4C34029F8C6D4FF">
		<name>LT109 - SG - 240 - 0100 - 4+565</name>
		<LookAt>
			<longitude>104.7655754254164</longitude>
			<latitude>17.39878065001417</latitude>
			<altitude>149.7044915189413</altitude>
			<heading>-122.0111501170789</heading>
			<tilt>2.967181192082783</tilt>
			<gx:fovy>35</gx:fovy>
			<range>105.7724812222659</range>
			<altitudeMode>absolute</altitudeMode>
		</LookAt>
		<styleUrl>#__managed_style_0FB0F0B50C29FEE14855</styleUrl>
		<Point>
			<coordinates>104.7655499598089,17.39891217793784,148.7538305528847</coordinates>
		</Point>
	</Placemark>
	<Placemark id="02C217194729F8C6EA66">
		<name>LT110 - SG - 240 - 0100 - 4+605</name>
		<LookAt>
			<longitude>104.7654062818747</longitude>
			<latitude>17.39905820942504</latitude>
			<altitude>147.694039882938</altitude>
			<heading>-122.0112006955102</heading>
			<tilt>2.967182129206045</tilt>
			<gx:fovy>35</gx:fovy>
			<range>107.7856411474568</range>
			<altitudeMode>absolute</altitudeMode>
		</LookAt>
		<styleUrl>#__managed_style_0FB0F0B50C29FEE14855</styleUrl>
		<Point>
			<coordinates>104.7654078734486,17.39917897011265,146.0202978047645</coordinates>
		</Point>
	</Placemark>
	<Placemark id="025ED7D05C29F8C7F112">
		<name>LT111 - SG - 240 - 0100 - 4+645</name>
		<LookAt>
			<longitude>104.7652591947246</longitude>
			<latitude>17.3995047291143</latitude>
			<altitude>141.8131245875294</altitude>
			<heading>-122.0111904614473</heading>
			<tilt>3.196888006780603</tilt>
			<gx:fovy>35</gx:fovy>
			<range>78.58895250515162</range>
			<altitudeMode>absolute</altitudeMode>
		</LookAt>
		<styleUrl>#__managed_style_0FB0F0B50C29FEE14855</styleUrl>
		<Point>
			<coordinates>104.7652487032021,17.39946757560016,142.3725216748564</coordinates>
		</Point>
	</Placemark>
	<Placemark id="0CD56DDAAD29F8C81518">
		<name>LT112 - SG - 240 - 0100 - 4+685</name>
		<LookAt>
			<longitude>104.76514732403</longitude>
			<latitude>17.39966913141334</latitude>
			<altitude>141.5491968824536</altitude>
			<heading>-122.0111975312771</heading>
			<tilt>3.196914609320286</tilt>
			<gx:fovy>35</gx:fovy>
			<range>131.6340349990969</range>
			<altitudeMode>absolute</altitudeMode>
		</LookAt>
		<styleUrl>#__managed_style_0FB0F0B50C29FEE14855</styleUrl>
		<Point>
			<coordinates>104.7650885024781,17.39976883361178,141.8116001952199</coordinates>
		</Point>
	</Placemark>
	<Placemark id="0289E7BB7E29F8C84157">
		<name>LT112 - SG - 240 - 0100 - 4+725</name>
		<LookAt>
			<longitude>104.7650589523935</longitude>
			<latitude>17.39995244897901</latitude>
			<altitude>142.3962590616223</altitude>
			<heading>-122.0111891782437</heading>
			<tilt>0.4099287641950964</tilt>
			<gx:fovy>35</gx:fovy>
			<range>106.0835130168743</range>
			<altitudeMode>absolute</altitudeMode>
		</LookAt>
		<styleUrl>#__managed_style_0FB0F0B50C29FEE14855</styleUrl>
		<Point>
			<coordinates>104.7649463261502,17.40006238840514,143.5175947765916</coordinates>
		</Point>
	</Placemark>
	<Placemark id="0E5056282629F8C856AA">
		<name>LT113 - SG - 240 - 0100 - 4+755</name>
		<LookAt>
			<longitude>104.7648793002938</longitude>
			<latitude>17.40026455921845</latitude>
			<altitude>144.4508287996609</altitude>
			<heading>-122.0111892973015</heading>
			<tilt>0.4099292107188569</tilt>
			<gx:fovy>35</gx:fovy>
			<range>113.0286227210309</range>
			<altitudeMode>absolute</altitudeMode>
		</LookAt>
		<styleUrl>#__managed_style_0FB0F0B50C29FEE14855</styleUrl>
		<Point>
			<coordinates>104.7647991681993,17.4003565404293,144.9345645062556</coordinates>
		</Point>
	</Placemark>
	<Placemark id="0117F157D129F8C86B33">
		<name>LT114 - SG - 240 - 0100 - 4+790</name>
		<LookAt>
			<longitude>104.7647344138009</longitude>
			<latitude>17.40060790977917</latitude>
			<altitude>146.0839052894506</altitude>
			<heading>-122.0111892723101</heading>
			<tilt>0.4099291186472657</tilt>
			<gx:fovy>35</gx:fovy>
			<range>111.6033626036005</range>
			<altitudeMode>absolute</altitudeMode>
		</LookAt>
		<styleUrl>#__managed_style_0FB0F0B50C29FEE14855</styleUrl>
		<Point>
			<coordinates>104.7646552330274,17.40065121414604,146.1078251378775</coordinates>
		</Point>
	</Placemark>
	<Placemark id="04C5F14AD829F8C882B9">
		<name>LT115 - SG - 240 - 0100 - 4+830</name>
		<LookAt>
			<longitude>104.7645371072292</longitude>
			<latitude>17.40091134863215</latitude>
			<altitude>145.1873398463832</altitude>
			<heading>-122.0111892593438</heading>
			<tilt>0.4099290674795786</tilt>
			<gx:fovy>35</gx:fovy>
			<range>110.8140494574036</range>
			<altitudeMode>absolute</altitudeMode>
		</LookAt>
		<styleUrl>#__managed_style_0FB0F0B50C29FEE14855</styleUrl>
		<Point>
			<coordinates>104.7645015348907,17.40094587038027,145.0818395270105</coordinates>
		</Point>
	</Placemark>
	<Placemark id="01F8B4E21629F8C8EC92">
		<name>LT116 - SG - 240 - 0100 - 4+870</name>
		<LookAt>
			<longitude>104.7643537234015</longitude>
			<latitude>17.40127542686718</latitude>
			<altitude>144.5514335774136</altitude>
			<heading>-114.2476335798268</heading>
			<tilt>3.553281760351746</tilt>
			<gx:fovy>35</gx:fovy>
			<range>75.49175887470484</range>
			<altitudeMode>absolute</altitudeMode>
		</LookAt>
		<styleUrl>#__managed_style_0FB0F0B50C29FEE14855</styleUrl>
		<Point>
			<coordinates>104.7643158255802,17.40128041109776,144.5997352544827</coordinates>
		</Point>
	</Placemark>
	<Placemark id="011D1AF5C729F8CA0FD6">
		<name>LT117 - SG - 240 - 0100 - 4+915</name>
		<LookAt>
			<longitude>104.7641684337042</longitude>
			<latitude>17.40170984760432</latitude>
			<altitude>144.7741418459499</altitude>
			<heading>56.77530023666946</heading>
			<tilt>0.3738421147892947</tilt>
			<gx:fovy>35</gx:fovy>
			<range>120.6466592561992</range>
			<altitudeMode>absolute</altitudeMode>
		</LookAt>
		<styleUrl>#__managed_style_0FB0F0B50C29FEE14855</styleUrl>
		<Point>
			<coordinates>104.7643037688492,17.4015975115626,145.1632234812802</coordinates>
		</Point>
	</Placemark>
	<Placemark id="0AEB45CAB129F8CA53FB">
		<name>LT118 - SG - 240 - 0100 - 4+950</name>
		<LookAt>
			<longitude>104.7640542085218</longitude>
			<latitude>17.4018619759611</latitude>
			<altitude>143.7948656258934</altitude>
			<heading>64.29846228603898</heading>
			<tilt>1.108398371244222</tilt>
			<gx:fovy>35</gx:fovy>
			<range>89.61840717968698</range>
			<altitudeMode>absolute</altitudeMode>
		</LookAt>
		<styleUrl>#__managed_style_0FB0F0B50C29FEE14855</styleUrl>
		<Point>
			<coordinates>104.7640081985926,17.4018547248387,144.0199845954299</coordinates>
		</Point>
	</Placemark>
	<Placemark id="08471B7A9A29F8CA7496">
		<name>LT119 - SG - 240 - 0100 - 4+990</name>
		<LookAt>
			<longitude>104.7640994883139</longitude>
			<latitude>17.40196216835155</latitude>
			<altitude>143.0690855671844</altitude>
			<heading>64.29846300870757</heading>
			<tilt>1.108400931264945</tilt>
			<gx:fovy>35</gx:fovy>
			<range>104.335516417159</range>
			<altitudeMode>absolute</altitudeMode>
		</LookAt>
		<styleUrl>#__managed_style_0FB0F0B50C29FEE14855</styleUrl>
		<Point>
			<coordinates>104.7639990107173,17.40218489846655,141.8562222180877</coordinates>
		</Point>
	</Placemark>
	<Placemark id="021449FB4529F8CAF8DC">
		<name>LT120 - SG - 240 - 0100 - 5+025</name>
		<LookAt>
			<longitude>104.7637483865331</longitude>
			<latitude>17.40245509766106</latitude>
			<altitude>142.3087053730621</altitude>
			<heading>66.81823951950302</heading>
			<tilt>0.8659626148873186</tilt>
			<gx:fovy>35</gx:fovy>
			<range>82.51072979362108</range>
			<altitudeMode>absolute</altitudeMode>
		</LookAt>
		<styleUrl>#__managed_style_0FB0F0B50C29FEE14855</styleUrl>
		<Point>
			<coordinates>104.7637344789545,17.40244341335716,142.4379118473771</coordinates>
		</Point>
	</Placemark>
	<Placemark id="0E0D3762CD29F8CC06AC">
		<name>LT121 - SG - 240 - 0100 - 5+065</name>
		<LookAt>
			<longitude>104.7636232034475</longitude>
			<latitude>17.4027507734572</latitude>
			<altitude>142.354103465944</altitude>
			<heading>69.16443926835169</heading>
			<tilt>0.6830257966415725</tilt>
			<gx:fovy>35</gx:fovy>
			<range>107.9606783778218</range>
			<altitudeMode>absolute</altitudeMode>
		</LookAt>
		<styleUrl>#__managed_style_0FB0F0B50C29FEE14855</styleUrl>
		<Point>
			<coordinates>104.7636545210986,17.40280431634784,142.4668774431962</coordinates>
		</Point>
	</Placemark>
	<Placemark id="04A0E6558929F8CC5130">
		<name>LT122 - SG - 240 - 0100 - 5+100</name>
		<LookAt>
			<longitude>104.7633715725219</longitude>
			<latitude>17.40310830024386</latitude>
			<altitude>141.2175690845916</altitude>
			<heading>75.04862096516028</heading>
			<tilt>2.826046986836973</tilt>
			<gx:fovy>35</gx:fovy>
			<range>97.33384178176496</range>
			<altitudeMode>absolute</altitudeMode>
		</LookAt>
		<styleUrl>#__managed_style_0FB0F0B50C29FEE14855</styleUrl>
		<Point>
			<coordinates>104.7634391253884,17.40304335282536,141.3308113986867</coordinates>
		</Point>
	</Placemark>
	<Placemark id="019A347C8629F8CEB5C1">
		<name>LT122 - SG - 240 - 0100 - 5+140</name>
		<LookAt>
			<longitude>104.7633331532256</longitude>
			<latitude>17.40333302375801</latitude>
			<altitude>141.393074887531</altitude>
			<heading>63.40710942761653</heading>
			<tilt>0.937879360457811</tilt>
			<gx:fovy>35</gx:fovy>
			<range>99.17355214214695</range>
			<altitudeMode>absolute</altitudeMode>
		</LookAt>
		<styleUrl>#__managed_style_0FB0F0B50C29FEE14855</styleUrl>
		<Point>
			<coordinates>104.7633466736683,17.40338328309237,141.650694607668</coordinates>
		</Point>
	</Placemark>
	<Placemark id="0154D8648229F8CF78B1">
		<name>LT123- SG - 240 - 0100 - 5+190</name>
		<LookAt>
			<longitude>104.7630014657344</longitude>
			<latitude>17.40390998525539</latitude>
			<altitude>141.1758812056254</altitude>
			<heading>-117.5689778208544</heading>
			<tilt>0.1981788100304083</tilt>
			<gx:fovy>35</gx:fovy>
			<range>120.2801634663229</range>
			<altitudeMode>absolute</altitudeMode>
		</LookAt>
		<styleUrl>#__managed_style_0FB0F0B50C29FEE14855</styleUrl>
		<Point>
			<coordinates>104.7629803578614,17.4038829650355,141.2747939471316</coordinates>
		</Point>
	</Placemark>
	<Placemark id="05DB35B2AF29F8D034D2">
		<name>LT124 - SG - 240 - 0100 - 5+230</name>
		<LookAt>
			<longitude>104.762844947802</longitude>
			<latitude>17.40418392522091</latitude>
			<altitude>141.5577321961024</altitude>
			<heading>-119.9518932616834</heading>
			<tilt>3.932383027623704</tilt>
			<gx:fovy>35</gx:fovy>
			<range>57.81147468068411</range>
			<altitudeMode>absolute</altitudeMode>
		</LookAt>
		<styleUrl>#__managed_style_0FB0F0B50C29FEE14855</styleUrl>
		<Point>
			<coordinates>104.7628359318491,17.40415941876642,141.6211037104962</coordinates>
		</Point>
	</Placemark>
	<Placemark id="01BF4CB7AF29F8D09464">
		<name>LT125 - SG - 240 - 0100 - 5+270</name>
		<LookAt>
			<longitude>104.762640758192</longitude>
			<latitude>17.40457929033806</latitude>
			<altitude>142.2357671781868</altitude>
			<heading>-113.7472898933613</heading>
			<tilt>1.661832660402128</tilt>
			<gx:fovy>35</gx:fovy>
			<range>104.0022225383655</range>
			<altitudeMode>absolute</altitudeMode>
		</LookAt>
		<styleUrl>#__managed_style_0FB0F0B50C29FEE14855</styleUrl>
		<Point>
			<coordinates>104.7626480304146,17.40454224797737,142.320387311774</coordinates>
		</Point>
	</Placemark>
	<Placemark id="0C779704E029F8D0F5C7">
		<name>LT126 - SG - 240 - 0100 - 5+310</name>
		<LookAt>
			<longitude>104.7624628467142</longitude>
			<latitude>17.40490857122786</latitude>
			<altitude>142.1703332686707</altitude>
			<heading>-111.7921213975565</heading>
			<tilt>4.674283424377049</tilt>
			<gx:fovy>35</gx:fovy>
			<range>25.11806274456831</range>
			<altitudeMode>absolute</altitudeMode>
		</LookAt>
		<styleUrl>#__managed_style_0FB0F0B50C29FEE14855</styleUrl>
		<Point>
			<coordinates>104.7624543074137,17.40491518442306,142.3614892105728</coordinates>
		</Point>
	</Placemark>
	<Placemark id="0B770F65FB29F8D13C4F">
		<name>LT127 - SG - 240 - 0100 - 5+340</name>
		<LookAt>
			<longitude>104.7622998386414</longitude>
			<latitude>17.40522971289531</latitude>
			<altitude>143.8537159909363</altitude>
			<heading>-123.3459460457765</heading>
			<tilt>2.304574958354748</tilt>
			<gx:fovy>35</gx:fovy>
			<range>89.34703805198298</range>
			<altitudeMode>absolute</altitudeMode>
		</LookAt>
		<styleUrl>#__managed_style_0FB0F0B50C29FEE14855</styleUrl>
		<Point>
			<coordinates>104.7623267657452,17.40518194145537,143.5920049181152</coordinates>
		</Point>
	</Placemark>
	<Placemark id="0A6344BD2229F8D26E17">
		<name>LT128 - SG - 240 - 0100 - 5+375</name>
		<LookAt>
			<longitude>104.7621925229921</longitude>
			<latitude>17.40546705085876</latitude>
			<altitude>146.470965625044</altitude>
			<heading>-127.4715702098828</heading>
			<tilt>3.967269173099738</tilt>
			<gx:fovy>35</gx:fovy>
			<range>75.69583184266777</range>
			<altitudeMode>absolute</altitudeMode>
		</LookAt>
		<styleUrl>#__managed_style_0FB0F0B50C29FEE14855</styleUrl>
		<Point>
			<coordinates>104.7621656593506,17.40548903153674,146.8882565709102</coordinates>
		</Point>
	</Placemark>
	<Placemark id="0FD3F0027129F8D2AC97">
		<name>LT129 - SG - 240 - 0100 - 5+410</name>
		<LookAt>
			<longitude>104.7620171521488</longitude>
			<latitude>17.40580470048584</latitude>
			<altitude>147.8978539207313</altitude>
			<heading>-121.3663269835357</heading>
			<tilt>2.727958935210327</tilt>
			<gx:fovy>35</gx:fovy>
			<range>62.64720265590768</range>
			<altitudeMode>absolute</altitudeMode>
		</LookAt>
		<styleUrl>#__managed_style_0FB0F0B50C29FEE14855</styleUrl>
		<Point>
			<coordinates>104.762012943373,17.4058379505635,148.0058448963635</coordinates>
		</Point>
	</Placemark>
	<Placemark id="08841A6C6C29F8D2CE17">
		<name>LT130 - SG - 240 - 0100 - 5+445</name>
		<LookAt>
			<longitude>104.7617879086284</longitude>
			<latitude>17.40621601058911</latitude>
			<altitude>145.9536108061944</altitude>
			<heading>-121.3663361315507</heading>
			<tilt>2.727993101458347</tilt>
			<gx:fovy>35</gx:fovy>
			<range>142.4737926116723</range>
			<altitudeMode>absolute</altitudeMode>
		</LookAt>
		<styleUrl>#__managed_style_0FB0F0B50C29FEE14855</styleUrl>
		<Point>
			<coordinates>104.7618287409323,17.40619025569044,146.3785740791851</coordinates>
		</Point>
	</Placemark>
	<Placemark id="0D5E07693B29F8D6C48D">
		<name>LT131 - SG - 240 - 0100 - 5+480</name>
		<LookAt>
			<longitude>104.7616749674173</longitude>
			<latitude>17.40646730516173</latitude>
			<altitude>144.6736301209395</altitude>
			<heading>-117.8274387279102</heading>
			<tilt>1.946561313467064</tilt>
			<gx:fovy>35</gx:fovy>
			<range>96.6975761185404</range>
			<altitudeMode>absolute</altitudeMode>
		</LookAt>
		<styleUrl>#__managed_style_0FB0F0B50C29FEE14855</styleUrl>
		<Point>
			<coordinates>104.7616679732935,17.40645912688653,144.8042802258313</coordinates>
		</Point>
	</Placemark>
	<Placemark id="0054B66C0129F8D6EACC">
		<name>LT132 - SG - 240 - 0100 - 5+515</name>
		<LookAt>
			<longitude>104.7615519465598</longitude>
			<latitude>17.40670426669549</latitude>
			<altitude>142.8329512979226</altitude>
			<heading>-117.8274389537413</heading>
			<tilt>1.946562124773043</tilt>
			<gx:fovy>35</gx:fovy>
			<range>99.35379274356819</range>
			<altitudeMode>absolute</altitudeMode>
		</LookAt>
		<styleUrl>#__managed_style_0FB0F0B50C29FEE14855</styleUrl>
		<Point>
			<coordinates>104.7615211247471,17.40673324284946,142.7831450968048</coordinates>
		</Point>
	</Placemark>
	<Placemark id="06DCB0D07729F8D704BC">
		<name>LT133 - SG - 240 - 0100 - 5+550</name>
		<LookAt>
			<longitude>104.7614394317528</longitude>
			<latitude>17.4069579109362</latitude>
			<altitude>141.8807372239223</altitude>
			<heading>-117.8274391166421</heading>
			<tilt>1.946562709651893</tilt>
			<gx:fovy>35</gx:fovy>
			<range>101.2687955354704</range>
			<altitudeMode>absolute</altitudeMode>
		</LookAt>
		<styleUrl>#__managed_style_0FB0F0B50C29FEE14855</styleUrl>
		<Point>
			<coordinates>104.7613926953502,17.4070220196837,142.1331861018026</coordinates>
		</Point>
	</Placemark>
	<Placemark id="0D505C729929F8D71B93">
		<name>LT134 - SG - 240 - 0100 - 5+585</name>
		<LookAt>
			<longitude>104.7612955939433</longitude>
			<latitude>17.40726449512697</latitude>
			<altitude>143.4496684357148</altitude>
			<heading>-117.8274391963025</heading>
			<tilt>1.946562993856477</tilt>
			<gx:fovy>35</gx:fovy>
			<range>102.199526804161</range>
			<altitudeMode>absolute</altitudeMode>
		</LookAt>
		<styleUrl>#__managed_style_0FB0F0B50C29FEE14855</styleUrl>
		<Point>
			<coordinates>104.7612868024021,17.40732773520159,144.2273703362098</coordinates>
		</Point>
	</Placemark>
	<Placemark id="0D52D782DF29F8D737A7">
		<name>LT135 - SG - 240 - 0100 - 5+620</name>
		<LookAt>
			<longitude>104.7612264372024</longitude>
			<latitude>17.407476700253</latitude>
			<altitude>145.7636443003979</altitude>
			<heading>-117.8274390721958</heading>
			<tilt>1.946562544378443</tilt>
			<gx:fovy>35</gx:fovy>
			<range>100.7283055072003</range>
			<altitudeMode>absolute</altitudeMode>
		</LookAt>
		<styleUrl>#__managed_style_0FB0F0B50C29FEE14855</styleUrl>
		<Point>
			<coordinates>104.7611983979385,17.40763758730766,146.9964086348043</coordinates>
		</Point>
	</Placemark>
	<Placemark id="00E3A2024629F8D7C0DD">
		<name>LT136 - SG - 240 - 0100 - 5+655</name>
		<LookAt>
			<longitude>104.7611740280168</longitude>
			<latitude>17.4079271362273</latitude>
			<altitude>145.840994384697</altitude>
			<heading>242.172509153554</heading>
			<tilt>0</tilt>
			<gx:fovy>35</gx:fovy>
			<range>102.1661047058842</range>
			<altitudeMode>absolute</altitudeMode>
		</LookAt>
		<styleUrl>#__managed_style_0FB0F0B50C29FEE14855</styleUrl>
		<Point>
			<coordinates>104.7611194029488,17.40793839849747,145.5928730095529</coordinates>
		</Point>
	</Placemark>
	<Placemark id="027A13D03229F8D7D48E">
		<name>LT137 - SG - 240 - 0100 - 5+690</name>
		<LookAt>
			<longitude>104.7611127874115</longitude>
			<latitude>17.40816196167355</latitude>
			<altitude>143.4992486522424</altitude>
			<heading>242.1724901327504</heading>
			<tilt>0</tilt>
			<gx:fovy>35</gx:fovy>
			<range>104.5078534571985</range>
			<altitudeMode>absolute</altitudeMode>
		</LookAt>
		<styleUrl>#__managed_style_0FB0F0B50C29FEE14855</styleUrl>
		<Point>
			<coordinates>104.7610527719563,17.40824513596847,143.0734264965551</coordinates>
		</Point>
	</Placemark>
	<Placemark id="06C766E63229F8D809D6">
		<name>LT138 - SG - 240 - 0100 - 5+725</name>
		<LookAt>
			<longitude>104.7610280725929</longitude>
			<latitude>17.40851108566648</latitude>
			<altitude>142.082997189815</altitude>
			<heading>-117.8275325848115</heading>
			<tilt>1.1375494327573</tilt>
			<gx:fovy>35</gx:fovy>
			<range>72.18050852537091</range>
			<altitudeMode>absolute</altitudeMode>
		</LookAt>
		<styleUrl>#__managed_style_0FB0F0B50C29FEE14855</styleUrl>
		<Point>
			<coordinates>104.7610076153104,17.40855321794757,142.1741251623714</coordinates>
		</Point>
	</Placemark>
	<Placemark id="0CF89AD78029F8D824A3">
		<name>LT139 - SG - 240 - 0100 - 5+760</name>
		<LookAt>
			<longitude>104.7609489973652</longitude>
			<latitude>17.40884019316945</latitude>
			<altitude>140.7434641329813</altitude>
			<heading>-117.8275491851396</heading>
			<tilt>1.137557923592865</tilt>
			<gx:fovy>35</gx:fovy>
			<range>119.739916802846</range>
			<altitudeMode>absolute</altitudeMode>
		</LookAt>
		<styleUrl>#__managed_style_0FB0F0B50C29FEE14855</styleUrl>
		<Point>
			<coordinates>104.7609645488123,17.40887462190544,140.7411544097698</coordinates>
		</Point>
	</Placemark>
	<Placemark id="03FE30A72A29F8D88ACC">
		<name>LT140 - SG - 240 - 0100 - 5+795</name>
		<LookAt>
			<longitude>104.7609242920756</longitude>
			<latitude>17.40919234611157</latitude>
			<altitude>144.9521757783592</altitude>
			<heading>-103.7628409292988</heading>
			<tilt>4.644625039115198</tilt>
			<gx:fovy>35</gx:fovy>
			<range>75.72786328498296</range>
			<altitudeMode>absolute</altitudeMode>
		</LookAt>
		<styleUrl>#__managed_style_0FB0F0B50C29FEE14855</styleUrl>
		<Point>
			<coordinates>104.7609118451912,17.40920363274418,145.3078051608255</coordinates>
		</Point>
	</Placemark>
	<Placemark id="0D966B060729F8D90329">
		<name>LT141 - SG - 240 - 0100 - 5+830</name>
		<LookAt>
			<longitude>104.7608745921858</longitude>
			<latitude>17.40953750071112</latitude>
			<altitude>145.7358222787838</altitude>
			<heading>-98.37494054475535</heading>
			<tilt>4.592795598164552</tilt>
			<gx:fovy>35</gx:fovy>
			<range>52.44693818726773</range>
			<altitudeMode>absolute</altitudeMode>
		</LookAt>
		<styleUrl>#__managed_style_0FB0F0B50C29FEE14855</styleUrl>
		<Point>
			<coordinates>104.7608657188654,17.40953045064885,145.9499928422126</coordinates>
		</Point>
	</Placemark>
	<Placemark id="0C38A3A73A29F8D96C78">
		<name>LT142 - SG - 240 - 0100 - 5+865</name>
		<LookAt>
			<longitude>104.7608477837501</longitude>
			<latitude>17.40968345806177</latitude>
			<altitude>144.6268468920541</altitude>
			<heading>-98.37495024894312</heading>
			<tilt>4.592826878790836</tilt>
			<gx:fovy>35</gx:fovy>
			<range>95.88653976734351</range>
			<altitudeMode>absolute</altitudeMode>
		</LookAt>
		<styleUrl>#__managed_style_0FB0F0B50C29FEE14855</styleUrl>
		<Point>
			<coordinates>104.7608250614901,17.4098114104519,144.545666971443</coordinates>
		</Point>
	</Placemark>
	<Placemark id="029503CFB029F8DA5D33">
		<name>LT143 - SG - 240 - 0100 - 5+900</name>
		<LookAt>
			<longitude>104.760796994504</longitude>
			<latitude>17.41040805095258</latitude>
			<altitude>144.7558333022782</altitude>
			<heading>-99.20592114355809</heading>
			<tilt>0.09825485875566893</tilt>
			<gx:fovy>35</gx:fovy>
			<range>144.5006968532835</range>
			<altitudeMode>absolute</altitudeMode>
		</LookAt>
		<styleUrl>#__managed_style_0FB0F0B50C29FEE14855</styleUrl>
		<Point>
			<coordinates>104.7608652447634,17.41030555652117,144.846043313274</coordinates>
		</Point>
	</Placemark>
	<Placemark id="012EC85DBC29F8DAAABA">
		<name>LT144 - SG - 240 - 0100 - 5+935</name>
		<LookAt>
			<longitude>104.7607278050553</longitude>
			<latitude>17.41057413421911</latitude>
			<altitude>144.5033500560623</altitude>
			<heading>-99.20591153723728</heading>
			<tilt>2.030415260607056</tilt>
			<gx:fovy>35</gx:fovy>
			<range>45.57749175622121</range>
			<altitudeMode>absolute</altitudeMode>
		</LookAt>
		<styleUrl>#__managed_style_0FB0F0B50C29FEE14855</styleUrl>
		<Point>
			<coordinates>104.7606933129147,17.41061953168316,144.8418134904037</coordinates>
		</Point>
	</Placemark>
	<Placemark id="01946BD10F29F8DAD233">
		<name>LT145 - SG - 240 - 0100 - 5+970</name>
		<LookAt>
			<longitude>104.760744078816</longitude>
			<latitude>17.4109115494078</latitude>
			<altitude>144.8464880274462</altitude>
			<heading>-99.20592026320314</heading>
			<tilt>2.030443450909697</tilt>
			<gx:fovy>35</gx:fovy>
			<range>134.0544021674396</range>
			<altitudeMode>absolute</altitudeMode>
		</LookAt>
		<styleUrl>#__managed_style_0FB0F0B50C29FEE14855</styleUrl>
		<Point>
			<coordinates>104.76079435367,17.41089294448749,145.0085182843631</coordinates>
		</Point>
	</Placemark>
	<Placemark id="0D22E6AE6529F8DB72D1">
		<name>LT146 - SG - 240 - 0100 - 6+020</name>
		<LookAt>
			<longitude>104.7606095023686</longitude>
			<latitude>17.41128381836048</latitude>
			<altitude>144.9991222619138</altitude>
			<heading>257.2117745745435</heading>
			<tilt>0</tilt>
			<gx:fovy>35</gx:fovy>
			<range>132.7035305551544</range>
			<altitudeMode>absolute</altitudeMode>
		</LookAt>
		<styleUrl>#__managed_style_0FB0F0B50C29FEE14855</styleUrl>
		<Point>
			<coordinates>104.7606086049277,17.41128941269714,145.1862920459578</coordinates>
		</Point>
	</Placemark>
	<Placemark id="0A1B3835F729FDA0D22B">
		<name>RT121 - SG - 240 - 0100 - 5+875</name>
		<LookAt>
			<longitude>104.7611286941847</longitude>
			<latitude>17.40984291447047</latitude>
			<altitude>144.1136436560058</altitude>
			<heading>83.79033367704463</heading>
			<tilt>0.9519186103293135</tilt>
			<gx:fovy>35.00001163657112</gx:fovy>
			<range>107.9677823120255</range>
			<altitudeMode>absolute</altitudeMode>
		</LookAt>
		<styleUrl>#__managed_style_0FB0F0B50C29FEE14855</styleUrl>
		<Point>
			<coordinates>104.76108630571,17.41000540707764,144.3092783341544</coordinates>
		</Point>
	</Placemark>
	<Placemark id="0A08B8EF7929FDA0EC87">
		<name>RT122 - SG - 240 - 0100 - 5+935</name>
		<LookAt>
			<longitude>104.7610198588551</longitude>
			<latitude>17.41048337639744</latitude>
			<altitude>144.2283054242557</altitude>
			<heading>83.7903011121689</heading>
			<tilt>0.9519185930865632</tilt>
			<gx:fovy>35.00001163657112</gx:fovy>
			<range>107.8531111391931</range>
			<altitudeMode>absolute</altitudeMode>
		</LookAt>
		<styleUrl>#__managed_style_0FB0F0B50C29FEE14855</styleUrl>
		<Point>
			<coordinates>104.7609832326048,17.41065006139001,144.5502259079659</coordinates>
		</Point>
	</Placemark>
	<Placemark id="0963C371B529FDA183E9">
		<name>RT123 - SG - 240 - 0100 - 6+020</name>
		<LookAt>
			<longitude>104.7609341106032</longitude>
			<latitude>17.41133266123742</latitude>
			<altitude>146.7221048350363</altitude>
			<heading>-103.6308953991561</heading>
			<tilt>4.756734201585889</tilt>
			<gx:fovy>35</gx:fovy>
			<range>74.57394332325748</range>
			<altitudeMode>absolute</altitudeMode>
		</LookAt>
		<styleUrl>#__managed_style_0FB0F0B50C29FEE14855</styleUrl>
		<Point>
			<coordinates>104.7608800892056,17.41134266522951,146.9403592005065</coordinates>
		</Point>
	</Placemark>
	<Placemark id="0A3D7D67EB29FDA30BD3">
		<name>RT124 - SG - 240 - 0100 - 6+060</name>
		<LookAt>
			<longitude>104.7609241344296</longitude>
			<latitude>17.411683630197</latitude>
			<altitude>150.620019126997</altitude>
			<heading>-100.830578698186</heading>
			<tilt>1.654072373602935</tilt>
			<gx:fovy>35</gx:fovy>
			<range>68.69853777355274</range>
			<altitudeMode>absolute</altitudeMode>
		</LookAt>
		<styleUrl>#__managed_style_0FB0F0B50C29FEE14855</styleUrl>
		<Point>
			<coordinates>104.760930010098,17.41169997303976,150.9167120629254</coordinates>
		</Point>
	</Placemark>
	<Placemark id="093E819B2429FDA395B0">
		<name>RT125 - SG - 240 - 0100 - 6+125</name>
		<LookAt>
			<longitude>104.7607985944752</longitude>
			<latitude>17.41207155260461</latitude>
			<altitude>150.2403997372953</altitude>
			<heading>-105.4586443900272</heading>
			<tilt>2.244875293427922</tilt>
			<gx:fovy>35</gx:fovy>
			<range>53.33344080198003</range>
			<altitudeMode>absolute</altitudeMode>
		</LookAt>
		<styleUrl>#__managed_style_0FB0F0B50C29FEE14855</styleUrl>
		<Point>
			<coordinates>104.7607552095441,17.41203650169889,149.7131668245773</coordinates>
		</Point>
	</Placemark>
	<Placemark id="004D19CD6A29FDA3AF76">
		<name>RT126 - SG - 240 - 0100 - 6+150</name>
		<LookAt>
			<longitude>104.7608509547265</longitude>
			<latitude>17.41219993943004</latitude>
			<altitude>150.9233813473128</altitude>
			<heading>-105.4586476297438</heading>
			<tilt>2.244886010763762</tilt>
			<gx:fovy>35</gx:fovy>
			<range>83.75841473355651</range>
			<altitudeMode>absolute</altitudeMode>
		</LookAt>
		<styleUrl>#__managed_style_0FB0F0B50C29FEE14855</styleUrl>
		<Point>
			<coordinates>104.7608164131247,17.41228035159667,151.2475305742524</coordinates>
		</Point>
	</Placemark>
	<Placemark id="09DDB8DD7729FDA3C6AD">
		<name>RT127 - SG - 240 - 0100 - 6+195</name>
		<LookAt>
			<longitude>104.7607872902444</longitude>
			<latitude>17.41235959873806</latitude>
			<altitude>150.9586176543549</altitude>
			<heading>-105.4586475811641</heading>
			<tilt>2.244885847851814</tilt>
			<gx:fovy>35</gx:fovy>
			<range>83.29615489752541</range>
			<altitudeMode>absolute</altitudeMode>
		</LookAt>
		<styleUrl>#__managed_style_0FB0F0B50C29FEE14855</styleUrl>
		<Point>
			<coordinates>104.7606784884677,17.41258737688371,151.3788462290858</coordinates>
		</Point>
	</Placemark>
	<Placemark id="031A1BAE8029FDA45FA6">
		<name>RT128 - SG - 240 - 0100 - 6+230</name>
		<LookAt>
			<longitude>104.7607501444561</longitude>
			<latitude>17.41286225569819</latitude>
			<altitude>146.9348911699541</altitude>
			<heading>-99.5710403960426</heading>
			<tilt>1.126061254190938</tilt>
			<gx:fovy>35</gx:fovy>
			<range>97.84985626511116</range>
			<altitudeMode>absolute</altitudeMode>
		</LookAt>
		<styleUrl>#__managed_style_0FB0F0B50C29FEE14855</styleUrl>
		<Point>
			<coordinates>104.7607333176407,17.41297276253927,146.1951683397287</coordinates>
		</Point>
	</Placemark>
	<Placemark id="041EAFDE9729FDA4BE47">
		<name>RT129 - SG - 240 - 0100 - 6+275</name>
		<LookAt>
			<longitude>104.7606732850258</longitude>
			<latitude>17.41309613751415</latitude>
			<altitude>145.8853112221978</altitude>
			<heading>-15.12662871584909</heading>
			<tilt>0.318456841494325</tilt>
			<gx:fovy>35</gx:fovy>
			<range>106.4043605248116</range>
			<altitudeMode>absolute</altitudeMode>
		</LookAt>
		<styleUrl>#__managed_style_0FB0F0B50C29FEE14855</styleUrl>
		<Point>
			<coordinates>104.7606134330618,17.4132287886272,146.4115082953265</coordinates>
		</Point>
	</Placemark>
	<Placemark id="0CB03FE3A729FDA4D6D9">
		<name>RT130 - SG - 240 - 0100 - 6+305</name>
		<LookAt>
			<longitude>104.7606631674193</longitude>
			<latitude>17.4134504449159</latitude>
			<altitude>146.2949954609386</altitude>
			<heading>-15.12663174558337</heading>
			<tilt>0.3184568207941651</tilt>
			<gx:fovy>35</gx:fovy>
			<range>105.9946732785284</range>
			<altitudeMode>absolute</altitudeMode>
		</LookAt>
		<styleUrl>#__managed_style_0FB0F0B50C29FEE14855</styleUrl>
		<Point>
			<coordinates>104.7606296902533,17.41359565977007,146.9794314945391</coordinates>
		</Point>
	</Placemark>
	<Placemark id="065EC7E4EF29FDA4FFF3">
		<name>RT131 - SG - 240 - 0100 - 6+345</name>
		<LookAt>
			<longitude>104.7605709344356</longitude>
			<latitude>17.41382389550149</latitude>
			<altitude>147.7244524978221</altitude>
			<heading>-15.1266664583041</heading>
			<tilt>0.3184567059538607</tilt>
			<gx:fovy>35</gx:fovy>
			<range>103.7083653448826</range>
			<altitudeMode>absolute</altitudeMode>
		</LookAt>
		<styleUrl>#__managed_style_0FB0F0B50C29FEE14855</styleUrl>
		<Point>
			<coordinates>104.7604835391034,17.41390289361262,147.9479983939176</coordinates>
		</Point>
	</Placemark>
	<Placemark id="0F05A4277E29FDA59911">
		<name>RT132 - SG - 240 - 0100 - 6+370</name>
		<LookAt>
			<longitude>104.760564773221</longitude>
			<latitude>17.41427937951691</latitude>
			<altitude>147.790690537342</altitude>
			<heading>-103.5233823352512</heading>
			<tilt>1.837417236406492</tilt>
			<gx:fovy>35</gx:fovy>
			<range>70.0336602070729</range>
			<altitudeMode>absolute</altitudeMode>
		</LookAt>
		<styleUrl>#__managed_style_0FB0F0B50C29FEE14855</styleUrl>
		<Point>
			<coordinates>104.7605529585816,17.41421862787506,148.2739965112522</coordinates>
		</Point>
	</Placemark>
	<Placemark id="0D9C3C078329FDA5D2CF">
		<name>RT133 - SG - 240 - 0100 - 6+415</name>
		<LookAt>
			<longitude>104.7604342712549</longitude>
			<latitude>17.41459632479803</latitude>
			<altitude>146.7601637857839</altitude>
			<heading>-103.5233907171434</heading>
			<tilt>2.827693831597474</tilt>
			<gx:fovy>35</gx:fovy>
			<range>64.46714252403582</range>
			<altitudeMode>absolute</altitudeMode>
		</LookAt>
		<styleUrl>#__managed_style_0FB0F0B50C29FEE14855</styleUrl>
		<Point>
			<coordinates>104.760388765532,17.41460285339454,146.9770306800727</coordinates>
		</Point>
	</Placemark>
	<Placemark id="06A31247A029FDA5EFF4">
		<name>RT134 - SG - 240 - 0100 - 6+450</name>
		<LookAt>
			<longitude>104.7603925739398</longitude>
			<latitude>17.4148036540573</latitude>
			<altitude>146.4452016367493</altitude>
			<heading>-103.5233959274599</heading>
			<tilt>2.82771091605728</tilt>
			<gx:fovy>35</gx:fovy>
			<range>102.9768803090883</range>
			<altitudeMode>absolute</altitudeMode>
		</LookAt>
		<styleUrl>#__managed_style_0FB0F0B50C29FEE14855</styleUrl>
		<Point>
			<coordinates>104.7604393754442,17.41493475450399,146.2218992251399</coordinates>
		</Point>
	</Placemark>
	<Placemark id="06F31F5FB929FDA633B5">
		<name>RT135 - SG - 240 - 0100 - 6+485</name>
		<LookAt>
			<longitude>104.7603517775488</longitude>
			<latitude>17.41530645314218</latitude>
			<altitude>146.0716050630911</altitude>
			<heading>-101.6998374673663</heading>
			<tilt>6.723532372102145</tilt>
			<gx:fovy>35</gx:fovy>
			<range>73.63358176203292</range>
			<altitudeMode>absolute</altitudeMode>
		</LookAt>
		<styleUrl>#__managed_style_0FB0F0B50C29FEE14855</styleUrl>
		<Point>
			<coordinates>104.760277483549,17.41527555263826,146.2952340919287</coordinates>
		</Point>
	</Placemark>
	<Placemark id="083126F86229FDA66C98">
		<name>RT136 - SG - 240 - 0100 - 6+520</name>
		<LookAt>
			<longitude>104.760337243612</longitude>
			<latitude>17.41566073323724</latitude>
			<altitude>147.4492890595991</altitude>
			<heading>-98.3345669191976</heading>
			<tilt>9.382939178815876</tilt>
			<gx:fovy>35</gx:fovy>
			<range>56.66198743483619</range>
			<altitudeMode>absolute</altitudeMode>
		</LookAt>
		<styleUrl>#__managed_style_0FB0F0B50C29FEE14855</styleUrl>
		<Point>
			<coordinates>104.7603296973503,17.4156351921648,147.5286271317356</coordinates>
		</Point>
	</Placemark>
	<Placemark id="0DD48EDC5E29FDAE5E68">
		<name>LT147 - SG - 240 - 0100 - 6+060</name>
		<LookAt>
			<longitude>104.7606432342649</longitude>
			<latitude>17.41160816931543</latitude>
			<altitude>146.6475747688552</altitude>
			<heading>-99.02586416833167</heading>
			<tilt>0.3416220080005297</tilt>
			<gx:fovy>35</gx:fovy>
			<range>141.872125309892</range>
			<altitudeMode>absolute</altitudeMode>
		</LookAt>
		<styleUrl>#__managed_style_0FB0F0B50C29FEE14855</styleUrl>
		<Point>
			<coordinates>104.7606549570974,17.41164477761214,147.183111385312</coordinates>
		</Point>
	</Placemark>
	<Placemark id="0F5F38789629FDAEBABA">
		<name>LT148 - SG - 240 - 0100 - 6+120</name>
		<LookAt>
			<longitude>104.7605055555507</longitude>
			<latitude>17.4119721144009</latitude>
			<altitude>146.857441782996</altitude>
			<heading>-99.68838585379945</heading>
			<tilt>3.969066456558991</tilt>
			<gx:fovy>35</gx:fovy>
			<range>58.68191521904009</range>
			<altitudeMode>absolute</altitudeMode>
		</LookAt>
		<styleUrl>#__managed_style_0FB0F0B50C29FEE14855</styleUrl>
		<Point>
			<coordinates>104.7604920463189,17.41195827413136,146.8292670752322</coordinates>
		</Point>
	</Placemark>
	<Placemark id="0057BEB2F629FDAEFD31">
		<name>LT148 - SG - 240 - 0100 - 6+155</name>
		<LookAt>
			<longitude>104.7605058853673</longitude>
			<latitude>17.41228199408257</latitude>
			<altitude>150.5224953982848</altitude>
			<heading>86.33882504153443</heading>
			<tilt>0.5135142865908902</tilt>
			<gx:fovy>35</gx:fovy>
			<range>97.53366745464518</range>
			<altitudeMode>absolute</altitudeMode>
		</LookAt>
		<styleUrl>#__managed_style_0FB0F0B50C29FEE14855</styleUrl>
		<Point>
			<coordinates>104.760563519841,17.41229856529482,150.8700201760953</coordinates>
		</Point>
	</Placemark>
	<Placemark id="029CAC78B229FDAF454A">
		<name>LT149 - SG - 240 - 0100 - 6+200</name>
		<LookAt>
			<longitude>104.7604032686686</longitude>
			<latitude>17.41262668025622</latitude>
			<altitude>151.6291260081234</altitude>
			<heading>81.15844749646044</heading>
			<tilt>3.154593622045342</tilt>
			<gx:fovy>35</gx:fovy>
			<range>161.757532101401</range>
			<altitudeMode>absolute</altitudeMode>
		</LookAt>
		<styleUrl>#__managed_style_0FB0F0B50C29FEE14855</styleUrl>
		<Point>
			<coordinates>104.7604280714206,17.41261795630709,151.6778092531935</coordinates>
		</Point>
	</Placemark>
	<Placemark id="0C871F82FF29FDAF5EA2">
		<name>LT150 - SG - 240 - 0100 - 6+235</name>
		<LookAt>
			<longitude>104.7603625873972</longitude>
			<latitude>17.41294476592397</latitude>
			<altitude>149.7398386990517</altitude>
			<heading>81.15843812736351</heading>
			<tilt>3.154563388210585</tilt>
			<gx:fovy>35</gx:fovy>
			<range>100.6635588833888</range>
			<altitudeMode>absolute</altitudeMode>
		</LookAt>
		<styleUrl>#__managed_style_0FB0F0B50C29FEE14855</styleUrl>
		<Point>
			<coordinates>104.7604468937471,17.41296169239593,148.5701258725754</coordinates>
		</Point>
	</Placemark>
	<Placemark id="0396D7FBE129FDAF79D0">
		<name>LT151 - SG - 240 - 0100 - 6+280</name>
		<LookAt>
			<longitude>104.760343803797</longitude>
			<latitude>17.41314129143971</latitude>
			<altitude>148.8311721003622</altitude>
			<heading>81.15843811221283</heading>
			<tilt>3.154563339260529</tilt>
			<gx:fovy>35</gx:fovy>
			<range>100.564718010919</range>
			<altitudeMode>absolute</altitudeMode>
		</LookAt>
		<styleUrl>#__managed_style_0FB0F0B50C29FEE14855</styleUrl>
		<Point>
			<coordinates>104.7603068211483,17.41327035642954,149.1308450209666</coordinates>
		</Point>
	</Placemark>
	<Placemark id="0B396DAA8B29FDB0E1BE">
		<name>LT152 - SG - 240 - 0100 - 6+315</name>
		<LookAt>
			<longitude>104.7603026317285</longitude>
			<latitude>17.41363959372937</latitude>
			<altitude>147.8741354517761</altitude>
			<heading>84.9826755391914</heading>
			<tilt>1.782742091977992</tilt>
			<gx:fovy>35</gx:fovy>
			<range>41.9942551756003</range>
			<altitudeMode>absolute</altitudeMode>
		</LookAt>
		<styleUrl>#__managed_style_0FB0F0B50C29FEE14855</styleUrl>
		<Point>
			<coordinates>104.760356778391,17.4136552170474,147.9571142134285</coordinates>
		</Point>
	</Placemark>
	<Placemark id="0778B634A429FDB13E39">
		<name>LT153 - SG - 240 - 0100 - 6+350</name>
		<LookAt>
			<longitude>104.7602006903025</longitude>
			<latitude>17.41400754604446</latitude>
			<altitude>146.0056150651921</altitude>
			<heading>91.78543299812465</heading>
			<tilt>3.39056507655879</tilt>
			<gx:fovy>35</gx:fovy>
			<range>69.0160013519835</range>
			<altitudeMode>absolute</altitudeMode>
		</LookAt>
		<styleUrl>#__managed_style_0FB0F0B50C29FEE14855</styleUrl>
		<Point>
			<coordinates>104.7601879406648,17.41394936084007,146.3282366638713</coordinates>
		</Point>
	</Placemark>
	<Placemark id="011090DC0629FDB1770D">
		<name>LT154 - SG - 240 - 0100 - 6+385</name>
		<LookAt>
			<longitude>104.7601445730219</longitude>
			<latitude>17.41435850209152</latitude>
			<altitude>145.7058523229446</altitude>
			<heading>76.24886928397321</heading>
			<tilt>5.678323268226254</tilt>
			<gx:fovy>35</gx:fovy>
			<range>130.5797207706201</range>
			<altitudeMode>absolute</altitudeMode>
		</LookAt>
		<styleUrl>#__managed_style_0FB0F0B50C29FEE14855</styleUrl>
		<Point>
			<coordinates>104.7602345773418,17.41429351522709,146.3049243162858</coordinates>
		</Point>
	</Placemark>
	<Placemark id="045416E22629FDB1AB5B">
		<name>LT155 - SG - 240 - 0100 - 6+420</name>
		<LookAt>
			<longitude>104.7601059489561</longitude>
			<latitude>17.41463074961199</latitude>
			<altitude>146.6257981509757</altitude>
			<heading>76.248869711005</heading>
			<tilt>11.69592226701434</tilt>
			<gx:fovy>35</gx:fovy>
			<range>110.9649588068351</range>
			<altitudeMode>absolute</altitudeMode>
		</LookAt>
		<styleUrl>#__managed_style_0FB0F0B50C29FEE14855</styleUrl>
		<Point>
			<coordinates>104.7600977825202,17.41460606921841,146.7682741325727</coordinates>
		</Point>
	</Placemark>
	<Placemark id="01FD382ABC29FDB1D1A1">
		<name>LT156 - SG - 240 - 0100 - 6+455</name>
		<LookAt>
			<longitude>104.7600678672998</longitude>
			<latitude>17.41514259693387</latitude>
			<altitude>146.8104944407499</altitude>
			<heading>76.24890714738167</heading>
			<tilt>11.69604513668555</tilt>
			<gx:fovy>35</gx:fovy>
			<range>178.364421108272</range>
			<altitudeMode>absolute</altitudeMode>
		</LookAt>
		<styleUrl>#__managed_style_0FB0F0B50C29FEE14855</styleUrl>
		<Point>
			<coordinates>104.7601460236333,17.41496223871821,146.8308180746759</coordinates>
		</Point>
	</Placemark>
	<Placemark id="07381F9DFE29FDB20EFE">
		<name>LT157 - SG - 240 - 0100 - 6+490</name>
		<LookAt>
			<longitude>104.7600106162625</longitude>
			<latitude>17.41525526286679</latitude>
			<altitude>146.8119251609687</altitude>
			<heading>82.21039506664889</heading>
			<tilt>2.332917969809988</tilt>
			<gx:fovy>35</gx:fovy>
			<range>112.1265969091474</range>
			<altitudeMode>absolute</altitudeMode>
		</LookAt>
		<styleUrl>#__managed_style_0FB0F0B50C29FEE14855</styleUrl>
		<Point>
			<coordinates>104.7599978354709,17.41529698246161,146.8129913063305</coordinates>
		</Point>
	</Placemark>
	<Placemark id="0FA68EDDC729FDB22597">
		<name>LT158 - SG - 240 - 0100 - 6+525</name>
		<LookAt>
			<longitude>104.7599649105264</longitude>
			<latitude>17.41563803804116</latitude>
			<altitude>144.9065547425483</altitude>
			<heading>82.2103935429616</heading>
			<tilt>2.332913067743472</tilt>
			<gx:fovy>35</gx:fovy>
			<range>98.73539121505019</range>
			<altitudeMode>absolute</altitudeMode>
		</LookAt>
		<styleUrl>#__managed_style_0FB0F0B50C29FEE14855</styleUrl>
		<Point>
			<coordinates>104.7600398135711,17.41564660664222,145.6550750281949</coordinates>
		</Point>
	</Placemark>
	<Placemark id="01D4BA5A4D29FDB23FBD">
		<name>LT159 - SG - 240 - 0100 - 6+560</name>
		<LookAt>
			<longitude>104.7599132504438</longitude>
			<latitude>17.41579955771841</latitude>
			<altitude>143.0248149108806</altitude>
			<heading>82.21039411454716</heading>
			<tilt>2.332914906157589</tilt>
			<gx:fovy>35</gx:fovy>
			<range>103.7576525099212</range>
			<altitudeMode>absolute</altitudeMode>
		</LookAt>
		<styleUrl>#__managed_style_0FB0F0B50C29FEE14855</styleUrl>
		<Point>
			<coordinates>104.7598931692703,17.41594483639372,142.1250191414231</coordinates>
		</Point>
	</Placemark>
	<Placemark id="09FA5CB7C729FDB27B09">
		<name>LT160 - SG - 240 - 0100 - 595</name>
		<LookAt>
			<longitude>104.7598862091635</longitude>
			<latitude>17.41624765554234</latitude>
			<altitude>140.7581235614016</altitude>
			<heading>87.16568128551324</heading>
			<tilt>0.6635537838824807</tilt>
			<gx:fovy>35</gx:fovy>
			<range>94.79484586549916</range>
			<altitudeMode>absolute</altitudeMode>
		</LookAt>
		<styleUrl>#__managed_style_0FB0F0B50C29FEE14855</styleUrl>
		<Point>
			<coordinates>104.7599337809759,17.41631021172812,141.3921579033929</coordinates>
		</Point>
	</Placemark>
	<Placemark id="069A1CE3F529FDB2BB0E">
		<name>LT161 - SG - 240 - 0100 - 6+630</name>
		<LookAt>
			<longitude>104.7597992516366</longitude>
			<latitude>17.4165965225391</latitude>
			<altitude>139.1475996071622</altitude>
			<heading>85.18734565083717</heading>
			<tilt>3.342107414408387</tilt>
			<gx:fovy>35</gx:fovy>
			<range>74.92332245600664</range>
			<altitudeMode>absolute</altitudeMode>
		</LookAt>
		<styleUrl>#__managed_style_0FB0F0B50C29FEE14855</styleUrl>
		<Point>
			<coordinates>104.759777247269,17.41658331642917,139.0736530383575</coordinates>
		</Point>
	</Placemark>
	<Placemark id="0459493D6F29FDB2D134">
		<name>LT162 - SG - 240 - 0100 - 6+665</name>
		<LookAt>
			<longitude>104.7597903342592</longitude>
			<latitude>17.41703240545261</latitude>
			<altitude>142.6104720736938</altitude>
			<heading>85.18734727415256</heading>
			<tilt>3.34211260669192</tilt>
			<gx:fovy>35</gx:fovy>
			<range>84.82740038242811</range>
			<altitudeMode>absolute</altitudeMode>
		</LookAt>
		<styleUrl>#__managed_style_0FB0F0B50C29FEE14855</styleUrl>
		<Point>
			<coordinates>104.7598256174503,17.41698473234064,142.4238560232598</coordinates>
		</Point>
	</Placemark>
	<Placemark id="095041B34A29FDB2E614">
		<name>LT163 - SG - 240 - 0100 - 6+700</name>
		<LookAt>
			<longitude>104.7597150508678</longitude>
			<latitude>17.41721014683309</latitude>
			<altitude>144.2330570259313</altitude>
			<heading>85.18734719855453</heading>
			<tilt>3.342112366133813</tilt>
			<gx:fovy>35</gx:fovy>
			<range>84.36868092469923</range>
			<altitudeMode>absolute</altitudeMode>
		</LookAt>
		<styleUrl>#__managed_style_0FB0F0B50C29FEE14855</styleUrl>
		<Point>
			<coordinates>104.7596981857108,17.41728543543815,144.9342477138119</coordinates>
		</Point>
	</Placemark>
	<Placemark id="0619DF057F29FDB32A6A">
		<name>LT164 - SG - 240 - 0100 - 6+735</name>
		<LookAt>
			<longitude>104.7596714401239</longitude>
			<latitude>17.4175009873516</latitude>
			<altitude>146.2408113603213</altitude>
			<heading>77.83562638129709</heading>
			<tilt>0.3780234935592999</tilt>
			<gx:fovy>35</gx:fovy>
			<range>104.6756592765633</range>
			<altitudeMode>absolute</altitudeMode>
		</LookAt>
		<styleUrl>#__managed_style_0FB0F0B50C29FEE14855</styleUrl>
		<Point>
			<coordinates>104.7597359349272,17.41767783111393,147.9841903065403</coordinates>
		</Point>
	</Placemark>
	<Placemark id="015C47BE9529FDB38620">
		<name>LT165 - SG - 240 - 0100 - 6+770</name>
		<LookAt>
			<longitude>104.759594306092</longitude>
			<latitude>17.41798192583328</latitude>
			<altitude>150.3163905255585</altitude>
			<heading>78.88166792655251</heading>
			<tilt>2.25345671366688</tilt>
			<gx:fovy>35</gx:fovy>
			<range>112.4605745271219</range>
			<altitudeMode>absolute</altitudeMode>
		</LookAt>
		<styleUrl>#__managed_style_0FB0F0B50C29FEE14855</styleUrl>
		<Point>
			<coordinates>104.7595904723053,17.41799513315794,150.5321451328073</coordinates>
		</Point>
	</Placemark>
	<Placemark id="0EAABC8F7529FDB39BA5">
		<name>LT166 - SG - 240 - 0100 - 6+805</name>
		<LookAt>
			<longitude>104.7595504371085</longitude>
			<latitude>17.4183565402695</latitude>
			<altitude>150.8154704212703</altitude>
			<heading>78.88166683868181</heading>
			<tilt>2.253453181223061</tilt>
			<gx:fovy>35</gx:fovy>
			<range>102.4708090158674</range>
			<altitudeMode>absolute</altitudeMode>
		</LookAt>
		<styleUrl>#__managed_style_0FB0F0B50C29FEE14855</styleUrl>
		<Point>
			<coordinates>104.7596252839677,17.41837057497614,151.0421672041314</coordinates>
		</Point>
	</Placemark>
	<Placemark id="08F349A19C29FDB3B897">
		<name>LT167 - SG - 240 - 0100 - 6+840</name>
		<LookAt>
			<longitude>104.7594594091454</longitude>
			<latitude>17.41858423751767</latitude>
			<altitude>150.1163393789433</altitude>
			<heading>78.88166565295549</heading>
			<tilt>2.253449330504322</tilt>
			<gx:fovy>35</gx:fovy>
			<range>91.58097619987531</range>
			<altitudeMode>absolute</altitudeMode>
		</LookAt>
		<styleUrl>#__managed_style_0FB0F0B50C29FEE14855</styleUrl>
		<Point>
			<coordinates>104.7594951359866,17.41863813281088,150.2607903604896</coordinates>
		</Point>
	</Placemark>
	<Placemark id="03969EA88029FDB3D2BE">
		<name>LT168 - SG - 240 - 0100 - 6+875</name>
		<LookAt>
			<longitude>104.7594901490713</longitude>
			<latitude>17.41879596293328</latitude>
			<altitude>149.0506911346216</altitude>
			<heading>78.88166589128303</heading>
			<tilt>2.253450102820111</tilt>
			<gx:fovy>35</gx:fovy>
			<range>93.76527951873869</range>
			<altitudeMode>absolute</altitudeMode>
		</LookAt>
		<styleUrl>#__managed_style_0FB0F0B50C29FEE14855</styleUrl>
		<Point>
			<coordinates>104.7595296483205,17.41901357184373,148.5391884117242</coordinates>
		</Point>
	</Placemark>
	<Placemark id="0F2174C85B29FDB43A71">
		<name>LT169 - SG - 240 - 0100 - 6+910</name>
		<LookAt>
			<longitude>104.7594158067952</longitude>
			<latitude>17.41920055353428</latitude>
			<altitude>146.9589597714611</altitude>
			<heading>84.44987392925482</heading>
			<tilt>4.015524839740591</tilt>
			<gx:fovy>35</gx:fovy>
			<range>103.9006003539725</range>
			<altitudeMode>absolute</altitudeMode>
		</LookAt>
		<styleUrl>#__managed_style_0FB0F0B50C29FEE14855</styleUrl>
		<Point>
			<coordinates>104.7593966594258,17.41922857674866,147.0834974221023</coordinates>
		</Point>
	</Placemark>
	<Placemark id="00F8B9D36C29FDB454E0">
		<name>LT170 - SG - 240 - 0100 - 6+955</name>
		<LookAt>
			<longitude>104.7593939289763</longitude>
			<latitude>17.41959494624454</latitude>
			<altitude>147.1127155844478</altitude>
			<heading>84.44987460309227</heading>
			<tilt>4.015526995381485</tilt>
			<gx:fovy>35</gx:fovy>
			<range>107.323769536215</range>
			<altitudeMode>absolute</altitudeMode>
		</LookAt>
		<styleUrl>#__managed_style_0FB0F0B50C29FEE14855</styleUrl>
		<Point>
			<coordinates>104.7594274482934,17.41967628803874,147.255397565685</coordinates>
		</Point>
	</Placemark>
	<Placemark id="0B9FAB084829FDB4A8EA">
		<name>LT171 - SG - 240 - 0100 - 6+985</name>
		<LookAt>
			<longitude>104.7593156132929</longitude>
			<latitude>17.41997440618349</latitude>
			<altitude>147.4899481326883</altitude>
			<heading>84.27206301882086</heading>
			<tilt>0.5460736676170586</tilt>
			<gx:fovy>35</gx:fovy>
			<range>116.4646670597176</range>
			<altitudeMode>absolute</altitudeMode>
		</LookAt>
		<styleUrl>#__managed_style_0FB0F0B50C29FEE14855</styleUrl>
		<Point>
			<coordinates>104.7593012507542,17.4199108084547,147.6385630602572</coordinates>
		</Point>
	</Placemark>
	<Placemark id="0FC990145329FDC3AD2B">
		<name>RT137 - SG - 240 - 0100 - 6+920</name>
		<LookAt>
			<longitude>104.7597136378537</longitude>
			<latitude>17.41931105025414</latitude>
			<altitude>148.3615336917019</altitude>
			<heading>82.13465019303135</heading>
			<tilt>0</tilt>
			<gx:fovy>35.00000000000004</gx:fovy>
			<range>203.5896918386788</range>
			<altitudeMode>absolute</altitudeMode>
		</LookAt>
		<styleUrl>#__managed_style_0FB0F0B50C29FEE14855</styleUrl>
		<Point>
			<coordinates>104.7597680615211,17.41939194860099,148.4683080303047</coordinates>
		</Point>
	</Placemark>
	<Placemark id="069E85EAB429FDC3C362">
		<name>RT138 - SG - 240 - 0100 - 6+960</name>
		<LookAt>
			<longitude>104.7597044931667</longitude>
			<latitude>17.41943775244338</latitude>
			<altitude>147.9447898043254</altitude>
			<heading>82.13464745545559</heading>
			<tilt>0</tilt>
			<gx:fovy>35.00000000000004</gx:fovy>
			<range>204.0064250751675</range>
			<altitudeMode>absolute</altitudeMode>
		</LookAt>
		<styleUrl>#__managed_style_0FB0F0B50C29FEE14855</styleUrl>
		<Point>
			<coordinates>104.7597079208866,17.41974582821959,147.4838351611587</coordinates>
		</Point>
	</Placemark>
	<Placemark id="03E77DBB8629FDC3D62F">
		<name>RT139 - SG - 240 - 0100 - 7+000</name>
		<LookAt>
			<longitude>104.759704917107</longitude>
			<latitude>17.41994492072502</latitude>
			<altitude>147.6095113888555</altitude>
			<heading>82.13464758070604</heading>
			<tilt>0</tilt>
			<gx:fovy>35.00000000000004</gx:fovy>
			<range>204.341712227506</range>
			<altitudeMode>absolute</altitudeMode>
		</LookAt>
		<styleUrl>#__managed_style_0FB0F0B50C29FEE14855</styleUrl>
		<Point>
			<coordinates>104.7596657598283,17.42008385381952,147.9101696554254</coordinates>
		</Point>
	</Placemark>
	<Placemark id="0348B430C429FDC3EBD0">
		<name>RT140 - SG - 240 - 0100 - 7+035</name>
		<LookAt>
			<longitude>104.7597192145866</longitude>
			<latitude>17.42022609572667</latitude>
			<altitude>147.6197508643561</altitude>
			<heading>82.13465186061325</heading>
			<tilt>0</tilt>
			<gx:fovy>35.00000000000004</gx:fovy>
			<range>204.3314677285889</range>
			<altitudeMode>absolute</altitudeMode>
		</LookAt>
		<styleUrl>#__managed_style_0FB0F0B50C29FEE14855</styleUrl>
		<Point>
			<coordinates>104.7596141844625,17.42039293137647,147.6287520455657</coordinates>
		</Point>
	</Placemark>
	<Placemark id="09175BC69029FDC4128B">
		<name>RT141- SG - 240 - 0100 - 7+070</name>
		<LookAt>
			<longitude>104.7596827759808</longitude>
			<latitude>17.42050516757825</latitude>
			<altitude>147.1390618561698</altitude>
			<heading>82.13464095099476</heading>
			<tilt>0</tilt>
			<gx:fovy>35.00000000000004</gx:fovy>
			<range>204.8121479617112</range>
			<altitudeMode>absolute</altitudeMode>
		</LookAt>
		<styleUrl>#__managed_style_0FB0F0B50C29FEE14855</styleUrl>
		<Point>
			<coordinates>104.7595588965924,17.42070633171268,146.7295597271724</coordinates>
		</Point>
	</Placemark>
	<Placemark id="0DE615692329FDC53A12">
		<name>RT142 - SG - 240 - 0100 - 7+105</name>
		<LookAt>
			<longitude>104.7594743690913</longitude>
			<latitude>17.42107248540779</latitude>
			<altitude>145.0602911649493</altitude>
			<heading>85.13208244381804</heading>
			<tilt>0.5154215658078629</tilt>
			<gx:fovy>35</gx:fovy>
			<range>96.0238612491503</range>
			<altitudeMode>absolute</altitudeMode>
		</LookAt>
		<styleUrl>#__managed_style_0FB0F0B50C29FEE14855</styleUrl>
		<Point>
			<coordinates>104.7595242955769,17.42101749523113,145.4524759963553</coordinates>
		</Point>
	</Placemark>
	<Placemark id="010548C02A29FDC565A2">
		<name>RT143 - SG - 240 - 0100 - 7+140</name>
		<LookAt>
			<longitude>104.7595066509682</longitude>
			<latitude>17.42134429157808</latitude>
			<altitude>143.5873599202249</altitude>
			<heading>85.12630355735122</heading>
			<tilt>0.5154209369115256</tilt>
			<gx:fovy>35</gx:fovy>
			<range>91.35111815262462</range>
			<altitudeMode>absolute</altitudeMode>
		</LookAt>
		<styleUrl>#__managed_style_0FB0F0B50C29FEE14855</styleUrl>
		<Point>
			<coordinates>104.7594647040037,17.42135874664632,143.528563945267</coordinates>
		</Point>
	</Placemark>
	<Placemark id="0B6599F58329FDC57A0B">
		<name>RT144 - SG - 240 - 0100 - 6+175</name>
		<LookAt>
			<longitude>104.7594753570259</longitude>
			<latitude>17.42151695593538</latitude>
			<altitude>142.701319677683</altitude>
			<heading>85.12629418896522</heading>
			<tilt>0.5154210084928817</tilt>
			<gx:fovy>35</gx:fovy>
			<range>92.23719777614861</range>
			<altitudeMode>absolute</altitudeMode>
		</LookAt>
		<styleUrl>#__managed_style_0FB0F0B50C29FEE14855</styleUrl>
		<Point>
			<coordinates>104.7594221005798,17.42167736568802,141.9365884461654</coordinates>
		</Point>
	</Placemark>
	<Placemark id="0E5363068529FDC5962B">
		<name>RT145 - SG - 240 - 0100 - 7+250</name>
		<LookAt>
			<longitude>104.7592838048876</longitude>
			<latitude>17.42232310705574</latitude>
			<altitude>145.4511025808214</altitude>
			<heading>85.12626929874159</heading>
			<tilt>0.5154185089570866</tilt>
			<gx:fovy>35</gx:fovy>
			<range>61.34495185267953</range>
			<altitudeMode>absolute</altitudeMode>
		</LookAt>
		<styleUrl>#__managed_style_0FB0F0B50C29FEE14855</styleUrl>
		<Point>
			<coordinates>104.7593244567844,17.4223353919609,145.6787079821338</coordinates>
		</Point>
	</Placemark>
	<Placemark id="0B7AE34DFD29FDC5B7A4">
		<name>RT146 - SG - 240 - 0100 - 7+285</name>
		<LookAt>
			<longitude>104.7592550541608</longitude>
			<latitude>17.42256458340039</latitude>
			<altitude>147.2174400432657</altitude>
			<heading>85.12628630368492</heading>
			<tilt>0.5154200754467883</tilt>
			<gx:fovy>35</gx:fovy>
			<range>80.71254210249208</range>
			<altitudeMode>absolute</altitudeMode>
		</LookAt>
		<styleUrl>#__managed_style_0FB0F0B50C29FEE14855</styleUrl>
		<Point>
			<coordinates>104.7592766745801,17.4226584659385,147.7960605022857</coordinates>
		</Point>
	</Placemark>
	<Placemark id="06B018AE0C29FDC5CF5A">
		<name>RT147 - SG - 240 - 0100 - 7+320</name>
		<LookAt>
			<longitude>104.7591818846112</longitude>
			<latitude>17.42293388705387</latitude>
			<altitude>147.6616241103605</altitude>
			<heading>85.12628652319037</heading>
			<tilt>0.5154207789365257</tilt>
			<gx:fovy>35</gx:fovy>
			<range>89.41118205821112</range>
			<altitudeMode>absolute</altitudeMode>
		</LookAt>
		<styleUrl>#__managed_style_0FB0F0B50C29FEE14855</styleUrl>
		<Point>
			<coordinates>104.7592240622784,17.42297117671705,147.7602061511328</coordinates>
		</Point>
	</Placemark>
	<Placemark id="01B0FAA13F29FDC6DA12">
		<name>RT148 - SG - 240 - 0100 - 7+330</name>
		<LookAt>
			<longitude>104.7591461690155</longitude>
			<latitude>17.42306495773441</latitude>
			<altitude>147.4735960251173</altitude>
			<heading>-97.45543340116544</heading>
			<tilt>0.1264674097202428</tilt>
			<gx:fovy>35</gx:fovy>
			<range>128.7372754535136</range>
			<altitudeMode>absolute</altitudeMode>
		</LookAt>
		<styleUrl>#__managed_style_0FB0F0B50C29FEE14855</styleUrl>
		<Point>
			<coordinates>104.7591067646934,17.42305372402573,147.638580434578</coordinates>
		</Point>
	</Placemark>
	<Placemark id="0FFB7702E229FDC6ECB4">
		<name>RT149 - SG - 240 - 0100 - 7+355</name>
		<LookAt>
			<longitude>104.7591461082326</longitude>
			<latitude>17.42330838433504</latitude>
			<altitude>147.31907042979</altitude>
			<heading>-97.45543337526865</heading>
			<tilt>0.1264673373790487</tilt>
			<gx:fovy>35</gx:fovy>
			<range>125.141212968847</range>
			<altitudeMode>absolute</altitudeMode>
		</LookAt>
		<styleUrl>#__managed_style_0FB0F0B50C29FEE14855</styleUrl>
		<Point>
			<coordinates>104.759174478831,17.42330962537211,147.4838644587275</coordinates>
		</Point>
	</Placemark>
	<Placemark id="0381B5232B29FDC70362">
		<name>RT150 - SG - 240 - 0100 - 7+390</name>
		<LookAt>
			<longitude>104.7591034185691</longitude>
			<latitude>17.42356692949384</latitude>
			<altitude>147.1261170183893</altitude>
			<heading>-97.45543337015167</heading>
			<tilt>0.126467281657684</tilt>
			<gx:fovy>35</gx:fovy>
			<range>122.3863930417428</range>
			<altitudeMode>absolute</altitudeMode>
		</LookAt>
		<styleUrl>#__managed_style_0FB0F0B50C29FEE14855</styleUrl>
		<Point>
			<coordinates>104.7591216365281,17.42362625332265,147.2166526405086</coordinates>
		</Point>
	</Placemark>
	<Placemark id="060739F06229FDC71908">
		<name>RT151 - SG - 240 - 0100 - 7+400</name>
		<LookAt>
			<longitude>104.7590300842347</longitude>
			<latitude>17.42379269771428</latitude>
			<altitude>146.3918419762427</altitude>
			<heading>-97.45543331155466</heading>
			<tilt>0.1264670837176763</tilt>
			<gx:fovy>35</gx:fovy>
			<range>112.4671917317391</range>
			<altitudeMode>absolute</altitudeMode>
		</LookAt>
		<styleUrl>#__managed_style_0FB0F0B50C29FEE14855</styleUrl>
		<Point>
			<coordinates>104.7589702813921,17.42371093143332,146.8119373614493</coordinates>
		</Point>
	</Placemark>
	<Placemark id="0D011539B229FDC75A7D">
		<name>RT152 - SG - 240 - 0100 - 7+425</name>
		<LookAt>
			<longitude>104.7590817971519</longitude>
			<latitude>17.42387605211889</latitude>
			<altitude>146.2554413810306</altitude>
			<heading>262.5445655711255</heading>
			<tilt>0</tilt>
			<gx:fovy>35</gx:fovy>
			<range>95.94631479609234</range>
			<altitudeMode>absolute</altitudeMode>
		</LookAt>
		<styleUrl>#__managed_style_0FB0F0B50C29FEE14855</styleUrl>
		<Point>
			<coordinates>104.7590770186279,17.42392662251921,146.4233660979139</coordinates>
		</Point>
	</Placemark>
	<Placemark id="0769075D1429FDC77451">
		<name>RT154 - SG - 240 - 0100 - 7+460</name>
		<LookAt>
			<longitude>104.7590511737179</longitude>
			<latitude>17.42409000315616</latitude>
			<altitude>146.1176644503427</altitude>
			<heading>262.5445644479457</heading>
			<tilt>0</tilt>
			<gx:fovy>35</gx:fovy>
			<range>91.40447298635081</range>
			<altitudeMode>absolute</altitudeMode>
		</LookAt>
		<styleUrl>#__managed_style_0FB0F0B50C29FEE14855</styleUrl>
		<Point>
			<coordinates>104.7590286085054,17.42425238700657,146.3313411921472</coordinates>
		</Point>
	</Placemark>
	<Placemark id="06B7DDD7CA29FDC85BD5">
		<name>RT153 - SG - 240 - 0100 - 7+460</name>
		<LookAt>
			<longitude>104.7589349972236</longitude>
			<latitude>17.42435718796529</latitude>
			<altitude>145.0686560403444</altitude>
			<heading>264.9773226125951</heading>
			<tilt>0</tilt>
			<gx:fovy>35</gx:fovy>
			<range>136.5691253427758</range>
			<altitudeMode>absolute</altitudeMode>
		</LookAt>
		<styleUrl>#__managed_style_0FB0F0B50C29FEE14855</styleUrl>
		<Point>
			<coordinates>104.7589009941843,17.42423865545752,145.404121414782</coordinates>
		</Point>
	</Placemark>
	<Placemark id="0B7C2C519529FDC8D191">
		<name>RT155 - SG - 240 - 0100 - 7+495</name>
		<LookAt>
			<longitude>104.7589113639777</longitude>
			<latitude>17.42452120589982</latitude>
			<altitude>145.2370050436693</altitude>
			<heading>264.966599678831</heading>
			<tilt>0</tilt>
			<gx:fovy>35</gx:fovy>
			<range>137.1048291967782</range>
			<altitudeMode>absolute</altitudeMode>
		</LookAt>
		<styleUrl>#__managed_style_0FB0F0B50C29FEE14855</styleUrl>
		<Point>
			<coordinates>104.7588552302618,17.42455495059549,145.4731277757306</coordinates>
		</Point>
	</Placemark>
	<Placemark id="08808E440C29FDC8EAE7">
		<name>RT156 - SG - 240 - 0100 - 7+495</name>
		<LookAt>
			<longitude>104.7589113639555</longitude>
			<latitude>17.42452120592096</latitude>
			<altitude>145.237005045084</altitude>
			<heading>264.9665996788311</heading>
			<tilt>0</tilt>
			<gx:fovy>35</gx:fovy>
			<range>137.1048291967782</range>
			<altitudeMode>absolute</altitudeMode>
		</LookAt>
		<styleUrl>#__managed_style_0FB0F0B50C29FEE14855</styleUrl>
		<Point>
			<coordinates>104.7589889865911,17.42457629578537,146.4506864851928</coordinates>
		</Point>
	</Placemark>
	<Placemark id="01F1AE843329FDC8FF93">
		<name>RT157 - SG - 240 - 0100 - 7+530</name>
		<LookAt>
			<longitude>104.758859496394</longitude>
			<latitude>17.42487792042967</latitude>
			<altitude>147.0985262040801</altitude>
			<heading>264.9665986527835</heading>
			<tilt>0</tilt>
			<gx:fovy>35</gx:fovy>
			<range>129.8768832476344</range>
			<altitudeMode>absolute</altitudeMode>
		</LookAt>
		<styleUrl>#__managed_style_0FB0F0B50C29FEE14855</styleUrl>
		<Point>
			<coordinates>104.7588058930068,17.42488534264399,146.8296118863881</coordinates>
		</Point>
	</Placemark>
	<Placemark id="08496049FB29FDC91773">
		<name>RT158 - SG - 240 - 0100 - 7+530</name>
		<LookAt>
			<longitude>104.758859496394</longitude>
			<latitude>17.42487792042967</latitude>
			<altitude>147.0985262040801</altitude>
			<heading>264.9665986527835</heading>
			<tilt>0</tilt>
			<gx:fovy>35</gx:fovy>
			<range>129.8768832476344</range>
			<altitudeMode>absolute</altitudeMode>
		</LookAt>
		<styleUrl>#__managed_style_0FB0F0B50C29FEE14855</styleUrl>
		<Point>
			<coordinates>104.7589355032411,17.42490791839513,148.1568231187735</coordinates>
		</Point>
	</Placemark>
	<Placemark id="0C9A28AB3D29FDC93E1A">
		<name>RT159 - SG - 240 - 0100 - 7+565</name>
		<LookAt>
			<longitude>104.7587990570842</longitude>
			<latitude>17.42523015726842</latitude>
			<altitude>148.8339906189528</altitude>
			<heading>264.9665803246226</heading>
			<tilt>0</tilt>
			<gx:fovy>35</gx:fovy>
			<range>128.141414140373</range>
			<altitudeMode>absolute</altitudeMode>
		</LookAt>
		<styleUrl>#__managed_style_0FB0F0B50C29FEE14855</styleUrl>
		<Point>
			<coordinates>104.7588958955986,17.42522826189628,150.6584998284817</coordinates>
		</Point>
	</Placemark>
	<Placemark id="09D50F6B8229FDC9BD20">
		<name>RT160 - SG - 240 - 0100 - 7+600</name>
		<LookAt>
			<longitude>104.75886992772</longitude>
			<latitude>17.42556581904208</latitude>
			<altitude>150.6173368220713</altitude>
			<heading>-96.94455528226516</heading>
			<tilt>1.356278666265859</tilt>
			<gx:fovy>35</gx:fovy>
			<range>79.23131387700778</range>
			<altitudeMode>absolute</altitudeMode>
		</LookAt>
		<styleUrl>#__managed_style_0FB0F0B50C29FEE14855</styleUrl>
		<Point>
			<coordinates>104.7588382470387,17.42554991013431,150.2246674862913</coordinates>
		</Point>
	</Placemark>
	<Placemark id="07237368F629FDC9DC65">
		<name>RT161 - SG - 240 - 0100 - 7+635</name>
		<LookAt>
			<longitude>104.7588020517634</longitude>
			<latitude>17.42585122623661</latitude>
			<altitude>149.7657262922502</altitude>
			<heading>-96.94455535260684</heading>
			<tilt>1.356278892102483</tilt>
			<gx:fovy>35</gx:fovy>
			<range>80.29293484368283</range>
			<altitudeMode>absolute</altitudeMode>
		</LookAt>
		<styleUrl>#__managed_style_0FB0F0B50C29FEE14855</styleUrl>
		<Point>
			<coordinates>104.7587987984558,17.42587053075785,149.8662963159024</coordinates>
		</Point>
	</Placemark>
	<Placemark id="08EEC2111B29FDC9EF2B">
		<name>RT162 - SG - 240 - 0100 - 7+675</name>
		<LookAt>
			<longitude>104.7587376117736</longitude>
			<latitude>17.42622801762902</latitude>
			<altitude>149.7537904467813</altitude>
			<heading>-96.94455398071281</heading>
			<tilt>1.356274487719186</tilt>
			<gx:fovy>35</gx:fovy>
			<range>59.6014517072399</range>
			<altitudeMode>absolute</altitudeMode>
		</LookAt>
		<styleUrl>#__managed_style_0FB0F0B50C29FEE14855</styleUrl>
		<Point>
			<coordinates>104.7587468799181,17.42621085582974,149.9314152207221</coordinates>
		</Point>
	</Placemark>
	<Placemark id="0C4204502529FDCA205B">
		<name>RT163 - SG - 240 - 0100 - 7+715</name>
		<LookAt>
			<longitude>104.7586440167195</longitude>
			<latitude>17.42671781013458</latitude>
			<altitude>151.8510528390308</altitude>
			<heading>-96.94455945635931</heading>
			<tilt>1.356295731011066</tilt>
			<gx:fovy>35</gx:fovy>
			<range>142.2462581187574</range>
			<altitudeMode>absolute</altitudeMode>
		</LookAt>
		<styleUrl>#__managed_style_0FB0F0B50C29FEE14855</styleUrl>
		<Point>
			<coordinates>104.7587030175222,17.42653818971446,151.196884542396</coordinates>
		</Point>
	</Placemark>
	<Placemark id="093C1CBC2129FDCA36ED">
		<name>RT164 - SG - 240 - 0100 - 7+755</name>
		<LookAt>
			<longitude>104.7585747386267</longitude>
			<latitude>17.42725638834567</latitude>
			<altitude>149.5289547465192</altitude>
			<heading>-96.94458020520899</heading>
			<tilt>1.35629622542152</tilt>
			<gx:fovy>35</gx:fovy>
			<range>144.5690128273964</range>
			<altitudeMode>absolute</altitudeMode>
		</LookAt>
		<styleUrl>#__managed_style_0FB0F0B50C29FEE14855</styleUrl>
		<Point>
			<coordinates>104.7586497762945,17.42692647787853,152.0177324354617</coordinates>
		</Point>
	</Placemark>
	<Placemark id="0F765D524E29FDCA525A">
		<name>RT165 - SG - 240 - 0100 - 7+800</name>
		<LookAt>
			<longitude>104.7585773589984</longitude>
			<latitude>17.42721504233935</latitude>
			<altitude>149.8118160279539</altitude>
			<heading>-96.94457942057255</heading>
			<tilt>1.356296165179486</tilt>
			<gx:fovy>35</gx:fovy>
			<range>144.286072283212</range>
			<altitudeMode>absolute</altitudeMode>
		</LookAt>
		<styleUrl>#__managed_style_0FB0F0B50C29FEE14855</styleUrl>
		<Point>
			<coordinates>104.7585782953186,17.42730878879704,149.5516848027203</coordinates>
		</Point>
	</Placemark>
	<Placemark id="0D13F778B429FDCA6EAE">
		<name>RT166 - SG - 240 - 0100 - 7+850</name>
		<LookAt>
			<longitude>104.7585026881638</longitude>
			<latitude>17.42769777098816</latitude>
			<altitude>149.2012247506092</altitude>
			<heading>-96.94460178754511</heading>
			<tilt>1.356296295177686</tilt>
			<gx:fovy>35</gx:fovy>
			<range>144.896836792741</range>
			<altitudeMode>absolute</altitudeMode>
		</LookAt>
		<styleUrl>#__managed_style_0FB0F0B50C29FEE14855</styleUrl>
		<Point>
			<coordinates>104.7585135698017,17.42772561323535,149.5444033393012</coordinates>
		</Point>
	</Placemark>
	<Placemark id="09E8B71ABD29FDCC5596">
		<name>LT199 - SG - 240 - 0100 - 7+980</name>
		<LookAt>
			<longitude>104.7580540561968</longitude>
			<latitude>17.42876345239298</latitude>
			<altitude>143.2047176928496</altitude>
			<heading>259.5272803215067</heading>
			<tilt>0</tilt>
			<gx:fovy>35</gx:fovy>
			<range>130.178678768898</range>
			<altitudeMode>absolute</altitudeMode>
		</LookAt>
		<styleUrl>#__managed_style_0FB0F0B50C29FEE14855</styleUrl>
		<Point>
			<coordinates>104.7580412908785,17.42880541935963,143.4764461421727</coordinates>
		</Point>
	</Placemark>
	<Placemark id="0519F53DA029FDD859DB">
		<name>LT172 - SG - 240 - 0100 - 7+040</name>
		<LookAt>
			<longitude>104.7592115131103</longitude>
			<latitude>17.42036846499706</latitude>
			<altitude>146.0857150491467</altitude>
			<heading>81.35744817231628</heading>
			<tilt>0</tilt>
			<gx:fovy>35</gx:fovy>
			<range>172.0234934754262</range>
			<altitudeMode>absolute</altitudeMode>
		</LookAt>
		<styleUrl>#__managed_style_0FB0F0B50C29FEE14855</styleUrl>
		<Point>
			<coordinates>104.7593308554655,17.42037944168989,146.6513572195119</coordinates>
		</Point>
	</Placemark>
	<Placemark id="0EECC3769D29FDD89E4C">
		<name>LT173 - SG - 240 - 0100 - 7+065</name>
		<LookAt>
			<longitude>104.7592164885291</longitude>
			<latitude>17.42059807284098</latitude>
			<altitude>145.5874719207918</altitude>
			<heading>79.49770102213368</heading>
			<tilt>0.6962561786016541</tilt>
			<gx:fovy>35</gx:fovy>
			<range>133.908058805082</range>
			<altitudeMode>absolute</altitudeMode>
		</LookAt>
		<styleUrl>#__managed_style_0FB0F0B50C29FEE14855</styleUrl>
		<Point>
			<coordinates>104.7592082083185,17.42062062510818,145.6839112768125</coordinates>
		</Point>
	</Placemark>
	<Placemark id="015111022929FDD8B44C">
		<name>LT174 - SG - 240 - 0100 - 7+105</name>
		<LookAt>
			<longitude>104.7591896388472</longitude>
			<latitude>17.42091091274037</latitude>
			<altitude>144.90448000789</altitude>
			<heading>79.49769298339352</heading>
			<tilt>0.6962562532033214</tilt>
			<gx:fovy>35</gx:fovy>
			<range>134.5910910694147</range>
			<altitudeMode>absolute</altitudeMode>
		</LookAt>
		<styleUrl>#__managed_style_0FB0F0B50C29FEE14855</styleUrl>
		<Point>
			<coordinates>104.7592392909167,17.42099056299976,144.8689875626186</coordinates>
		</Point>
	</Placemark>
	<Placemark id="0CF7F5E54629FDD8F6E0">
		<name>LT175 - SG - 240 - 0100 - 7+130</name>
		<LookAt>
			<longitude>104.7591208178698</longitude>
			<latitude>17.42120118243623</latitude>
			<altitude>142.8972817151995</altitude>
			<heading>80.82020041413085</heading>
			<tilt>0.2644773603571542</tilt>
			<gx:fovy>35</gx:fovy>
			<range>113.946409300479</range>
			<altitudeMode>absolute</altitudeMode>
		</LookAt>
		<styleUrl>#__managed_style_0FB0F0B50C29FEE14855</styleUrl>
		<Point>
			<coordinates>104.7590936867038,17.42122441291777,142.8273190879429</coordinates>
		</Point>
	</Placemark>
	<Placemark id="05E6D5D33D29FDD93AE8">
		<name>LT176 - SG - 240 - 0100 - 7+145</name>
		<LookAt>
			<longitude>104.7591169317426</longitude>
			<latitude>17.42148435824929</latitude>
			<altitude>140.5473724443538</altitude>
			<heading>83.50978199901688</heading>
			<tilt>2.928025091192124</tilt>
			<gx:fovy>35</gx:fovy>
			<range>75.5781417875187</range>
			<altitudeMode>absolute</altitudeMode>
		</LookAt>
		<styleUrl>#__managed_style_0FB0F0B50C29FEE14855</styleUrl>
		<Point>
			<coordinates>104.7591730358063,17.42137460718432,141.6698980345997</coordinates>
		</Point>
	</Placemark>
	<Placemark id="0BA55D9FF029FDD9505F">
		<name>LT177 - SG - 240 - 0100 - 7+180</name>
		<LookAt>
			<longitude>104.7591209801182</longitude>
			<latitude>17.42154398810857</latitude>
			<altitude>140.2973520642186</altitude>
			<heading>83.50978555160606</heading>
			<tilt>2.928036486239805</tilt>
			<gx:fovy>35</gx:fovy>
			<range>100.3840254463103</range>
			<altitudeMode>absolute</altitudeMode>
		</LookAt>
		<styleUrl>#__managed_style_0FB0F0B50C29FEE14855</styleUrl>
		<Point>
			<coordinates>104.7591232079001,17.42168584689885,140.2896352511724</coordinates>
		</Point>
	</Placemark>
	<Placemark id="037E0DBA5F29FDD96D03">
		<name>LT178 - SG - 240 - 0100 - 7+210</name>
		<LookAt>
			<longitude>104.7590690573126</longitude>
			<latitude>17.42191576994249</latitude>
			<altitude>142.127620383573</altitude>
			<heading>83.50978651508206</heading>
			<tilt>2.928039576934708</tilt>
			<gx:fovy>35</gx:fovy>
			<range>107.1123318860555</range>
			<altitudeMode>absolute</altitudeMode>
		</LookAt>
		<styleUrl>#__managed_style_0FB0F0B50C29FEE14855</styleUrl>
		<Point>
			<coordinates>104.7589837814072,17.42197706637762,144.1372989467874</coordinates>
		</Point>
	</Placemark>
	<Placemark id="0CAF4118B729FDD9C4A4">
		<name>LT179 - SG - 240 - 0100 - 7+255</name>
		<LookAt>
			<longitude>104.7590214413684</longitude>
			<latitude>17.42219989218651</latitude>
			<altitude>145.6491062035402</altitude>
			<heading>80.93097440942562</heading>
			<tilt>0</tilt>
			<gx:fovy>35</gx:fovy>
			<range>106.132035321134</range>
			<altitudeMode>absolute</altitudeMode>
		</LookAt>
		<styleUrl>#__managed_style_0FB0F0B50C29FEE14855</styleUrl>
		<Point>
			<coordinates>104.7590772829064,17.42233645019187,146.3390826671932</coordinates>
		</Point>
	</Placemark>
	<Placemark id="01BDD7722029FDD9E149">
		<name>LT180 - SG - 240 - 0100 - 7+290</name>
		<LookAt>
			<longitude>104.7589031143957</longitude>
			<latitude>17.42253007070933</latitude>
			<altitude>147.1525391859979</altitude>
			<heading>80.93097440854346</heading>
			<tilt>0</tilt>
			<gx:fovy>35</gx:fovy>
			<range>105.7510071764591</range>
			<altitudeMode>absolute</altitudeMode>
		</LookAt>
		<styleUrl>#__managed_style_0FB0F0B50C29FEE14855</styleUrl>
		<Point>
			<coordinates>104.7588804112075,17.42264341861968,147.6413187765248</coordinates>
		</Point>
	</Placemark>
	<Placemark id="0AD276989129FDD9F935">
		<name>LT181 - SG - 240 - 0100 - 7+330</name>
		<LookAt>
			<longitude>104.7588800355239</longitude>
			<latitude>17.42283324326462</latitude>
			<altitude>147.9275182573451</altitude>
			<heading>80.93097440837467</heading>
			<tilt>0</tilt>
			<gx:fovy>35</gx:fovy>
			<range>107.9062805521244</range>
			<altitudeMode>absolute</altitudeMode>
		</LookAt>
		<styleUrl>#__managed_style_0FB0F0B50C29FEE14855</styleUrl>
		<Point>
			<coordinates>104.7589621386523,17.42303193753505,147.9650987533532</coordinates>
		</Point>
	</Placemark>
	<Placemark id="02A72DEA7929FDDA1E6D">
		<name>LT182 - SG - 240 - 0100 - 7+365</name>
		<LookAt>
			<longitude>104.7588383751604</longitude>
			<latitude>17.42312556966255</latitude>
			<altitude>147.9372064896335</altitude>
			<heading>80.93097440808052</heading>
			<tilt>0</tilt>
			<gx:fovy>35</gx:fovy>
			<range>111.6722580176975</range>
			<altitudeMode>absolute</altitudeMode>
		</LookAt>
		<styleUrl>#__managed_style_0FB0F0B50C29FEE14855</styleUrl>
		<Point>
			<coordinates>104.7587821349339,17.42330883000617,148.0721837835601</coordinates>
		</Point>
	</Placemark>
	<Placemark id="09375F565229FDDA645C">
		<name>LT183 - SG - 240 - 0100 - 7+400</name>
		<LookAt>
			<longitude>104.7588222860542</longitude>
			<latitude>17.42365175504104</latitude>
			<altitude>147.4339217892183</altitude>
			<heading>89.03605484248538</heading>
			<tilt>1.236749066021889</tilt>
			<gx:fovy>35</gx:fovy>
			<range>100.3980942491216</range>
			<altitudeMode>absolute</altitudeMode>
		</LookAt>
		<styleUrl>#__managed_style_0FB0F0B50C29FEE14855</styleUrl>
		<Point>
			<coordinates>104.7588315767623,17.42369168280139,147.3495413030141</coordinates>
		</Point>
	</Placemark>
	<Placemark id="025515E71F29FDDA775C">
		<name>LT184 - SG - 240 - 0100 - 7+425</name>
		<LookAt>
			<longitude>104.7587699172076</longitude>
			<latitude>17.4237174281998</latitude>
			<altitude>147.4051511991697</altitude>
			<heading>89.03603916158525</heading>
			<tilt>1.236749071597376</tilt>
			<gx:fovy>35</gx:fovy>
			<range>100.4268808275265</range>
			<altitudeMode>absolute</altitudeMode>
		</LookAt>
		<styleUrl>#__managed_style_0FB0F0B50C29FEE14855</styleUrl>
		<Point>
			<coordinates>104.7586828502841,17.42387516727169,147.1192550970845</coordinates>
		</Point>
	</Placemark>
	<Placemark id="0D5010833229FDDA923D">
		<name>LT185 - SG - 240 - 0100 - 7+455</name>
		<LookAt>
			<longitude>104.7586846181487</longitude>
			<latitude>17.42398870098934</latitude>
			<altitude>146.3613797057852</altitude>
			<heading>89.03601361920812</heading>
			<tilt>1.236749274202583</tilt>
			<gx:fovy>35</gx:fovy>
			<range>101.4708926130879</range>
			<altitudeMode>absolute</altitudeMode>
		</LookAt>
		<styleUrl>#__managed_style_0FB0F0B50C29FEE14855</styleUrl>
		<Point>
			<coordinates>104.7587467751669,17.4241985096208,145.610753760372</coordinates>
		</Point>
	</Placemark>
	<Placemark id="02FF5CA5FB29FDDADDEA">
		<name>LT186 - SG - 240 - 0100 - 7+495</name>
		<LookAt>
			<longitude>104.7586007319613</longitude>
			<latitude>17.42452320577481</latitude>
			<altitude>145.7082364100854</altitude>
			<heading>78.8187283751267</heading>
			<tilt>0.1947307662036322</tilt>
			<gx:fovy>35</gx:fovy>
			<range>73.47818175272552</range>
			<altitudeMode>absolute</altitudeMode>
		</LookAt>
		<styleUrl>#__managed_style_0FB0F0B50C29FEE14855</styleUrl>
		<Point>
			<coordinates>104.7585885580827,17.424516359942,145.9097885803056</coordinates>
		</Point>
	</Placemark>
	<Placemark id="0B52DEA4E829FDDAF6C3">
		<name>LT187 - SG - 240 - 0100 - 7+530</name>
		<LookAt>
			<longitude>104.758588295482</longitude>
			<latitude>17.42471898370995</latitude>
			<altitude>145.2422049615689</altitude>
			<heading>78.81872847536653</heading>
			<tilt>0.1947310966353527</tilt>
			<gx:fovy>35</gx:fovy>
			<range>84.30830327836703</range>
			<altitudeMode>absolute</altitudeMode>
		</LookAt>
		<styleUrl>#__managed_style_0FB0F0B50C29FEE14855</styleUrl>
		<Point>
			<coordinates>104.7586374139704,17.42486601947055,145.5125843569395</coordinates>
		</Point>
	</Placemark>
	<Placemark id="0BCA71496329FDDB0B30">
		<name>LT188 - SG - 240 - 0100 - 7+565</name>
		<LookAt>
			<longitude>104.7585357850469</longitude>
			<latitude>17.42520799294133</latitude>
			<altitude>145.5422330465871</altitude>
			<heading>78.818712758488</heading>
			<tilt>0.1947310873220997</tilt>
			<gx:fovy>35</gx:fovy>
			<range>84.00827504905465</range>
			<altitudeMode>absolute</altitudeMode>
		</LookAt>
		<styleUrl>#__managed_style_0FB0F0B50C29FEE14855</styleUrl>
		<Point>
			<coordinates>104.7584882372841,17.42517503873334,145.5313329414871</coordinates>
		</Point>
	</Placemark>
	<Placemark id="0E7AE6FCA029FDDB225B">
		<name>LT189 - SG - 240 - 0100 - 7+600</name>
		<LookAt>
			<longitude>104.7585246080264</longitude>
			<latitude>17.42544567486524</latitude>
			<altitude>145.8375120423453</altitude>
			<heading>78.8187094139971</heading>
			<tilt>0.1947310781754217</tilt>
			<gx:fovy>35</gx:fovy>
			<range>83.7129924332112</range>
			<altitudeMode>absolute</altitudeMode>
		</LookAt>
		<styleUrl>#__managed_style_0FB0F0B50C29FEE14855</styleUrl>
		<Point>
			<coordinates>104.7585469587869,17.42552234436144,146.1982461097378</coordinates>
		</Point>
	</Placemark>
	<Placemark id="065FBD581429FDDB34F0">
		<name>LT190 - SG - 240 - 0100 - 7+635</name>
		<LookAt>
			<longitude>104.7584456700193</longitude>
			<latitude>17.42583443011034</latitude>
			<altitude>146.5358132207996</altitude>
			<heading>78.8186857727902</heading>
			<tilt>0.1947310567002852</tilt>
			<gx:fovy>35</gx:fovy>
			<range>83.01468613090039</range>
			<altitudeMode>absolute</altitudeMode>
		</LookAt>
		<styleUrl>#__managed_style_0FB0F0B50C29FEE14855</styleUrl>
		<Point>
			<coordinates>104.7583939817545,17.42583756601002,146.5171928855977</coordinates>
		</Point>
	</Placemark>
	<Placemark id="0D1E3D4D5129FDDB4E01">
		<name>LT191 - SG - 240 - 0100 - 7+675</name>
		<LookAt>
			<longitude>104.7584477939806</longitude>
			<latitude>17.42610685853072</latitude>
			<altitude>147.8805671125241</altitude>
			<heading>78.81868641078022</heading>
			<tilt>0.1947310155037274</tilt>
			<gx:fovy>35</gx:fovy>
			<range>81.66993340484623</range>
			<altitudeMode>absolute</altitudeMode>
		</LookAt>
		<styleUrl>#__managed_style_0FB0F0B50C29FEE14855</styleUrl>
		<Point>
			<coordinates>104.7584528824286,17.42618036235015,148.4138549134236</coordinates>
		</Point>
	</Placemark>
	<Placemark id="0CD66FB8F529FDDB635E">
		<name>LT192 - SG - 240 - 0100 - 7+715</name>
		<LookAt>
			<longitude>104.7583359209828</longitude>
			<latitude>17.42636038300386</latitude>
			<altitude>148.6562640259813</altitude>
			<heading>78.81868615294991</heading>
			<tilt>0.1947301761409146</tilt>
			<gx:fovy>35</gx:fovy>
			<range>54.23061090679768</range>
			<altitudeMode>absolute</altitudeMode>
		</LookAt>
		<styleUrl>#__managed_style_0FB0F0B50C29FEE14855</styleUrl>
		<Point>
			<coordinates>104.7582974835962,17.42649064231479,148.9491818814177</coordinates>
		</Point>
	</Placemark>
	<Placemark id="000D0C14DC29FDDBFC23">
		<name>LT193 - SG - 240 - 0100 - 7+750</name>
		<LookAt>
			<longitude>104.7583189358238</longitude>
			<latitude>17.42673972738132</latitude>
			<altitude>149.4676521450636</altitude>
			<heading>79.46457717670023</heading>
			<tilt>3.297464089314765</tilt>
			<gx:fovy>35</gx:fovy>
			<range>127.9261985415178</range>
			<altitudeMode>absolute</altitudeMode>
		</LookAt>
		<styleUrl>#__managed_style_0FB0F0B50C29FEE14855</styleUrl>
		<Point>
			<coordinates>104.7583546134351,17.42684912808197,149.6611295597024</coordinates>
		</Point>
	</Placemark>
	<Placemark id="07A186191A29FDDC7844">
		<name>LT194 - SG - 240 - 0100 - 7+790</name>
		<LookAt>
			<longitude>104.7582011346104</longitude>
			<latitude>17.42714180030564</latitude>
			<altitude>146.5329958226105</altitude>
			<heading>79.82146603078418</heading>
			<tilt>2.871966265862182</tilt>
			<gx:fovy>35</gx:fovy>
			<range>90.25596499407584</range>
			<altitudeMode>absolute</altitudeMode>
		</LookAt>
		<styleUrl>#__managed_style_0FB0F0B50C29FEE14855</styleUrl>
		<Point>
			<coordinates>104.7581734334243,17.42717618664372,146.3166746864289</coordinates>
		</Point>
	</Placemark>
	<Placemark id="0C82D0CB3929FDDC8E3C">
		<name>LT195 - SG - 240 - 0100 - 7+825</name>
		<LookAt>
			<longitude>104.7581484993741</longitude>
			<latitude>17.42721101409414</latitude>
			<altitude>145.8230631235093</altitude>
			<heading>79.82146817165797</heading>
			<tilt>2.871992369595495</tilt>
			<gx:fovy>35</gx:fovy>
			<range>148.1895276793876</range>
			<altitudeMode>absolute</altitudeMode>
		</LookAt>
		<styleUrl>#__managed_style_0FB0F0B50C29FEE14855</styleUrl>
		<Point>
			<coordinates>104.7582439712556,17.42749201988037,147.1760746834162</coordinates>
		</Point>
	</Placemark>
	<Placemark id="0ABB2EE2DC29FDDCAA94">
		<name>LT196 - SG - 240 - 0100 - 7+860</name>
		<LookAt>
			<longitude>104.758138349489</longitude>
			<latitude>17.42776889365766</latitude>
			<altitude>148.1047090196988</altitude>
			<heading>79.82146513236663</heading>
			<tilt>2.871991340198212</tilt>
			<gx:fovy>35</gx:fovy>
			<range>145.9050160096922</range>
			<altitudeMode>absolute</altitudeMode>
		</LookAt>
		<styleUrl>#__managed_style_0FB0F0B50C29FEE14855</styleUrl>
		<Point>
			<coordinates>104.758081946557,17.4278204817363,148.0719403320504</coordinates>
		</Point>
	</Placemark>
	<Placemark id="00050FCBA829FDDCC9FA">
		<name>LT197 - SG - 240 - 0100 - 7+900</name>
		<LookAt>
			<longitude>104.7581209603176</longitude>
			<latitude>17.42796211303811</latitude>
			<altitude>148.0832334786086</altitude>
			<heading>79.82145992386751</heading>
			<tilt>2.87199134988739</tilt>
			<gx:fovy>35</gx:fovy>
			<range>145.9265248218981</range>
			<altitudeMode>absolute</altitudeMode>
		</LookAt>
		<styleUrl>#__managed_style_0FB0F0B50C29FEE14855</styleUrl>
		<Point>
			<coordinates>104.7581934866929,17.42815171791485,147.5376453502772</coordinates>
		</Point>
	</Placemark>
	<Placemark id="069906298329FDDCE705">
		<name>LT198 - SG - 240 - 0100 - 7+940</name>
		<LookAt>
			<longitude>104.7580616190414</longitude>
			<latitude>17.42828379179896</latitude>
			<altitude>145.6011656720198</altitude>
			<heading>79.82144215090786</heading>
			<tilt>2.87199246969504</tilt>
			<gx:fovy>35</gx:fovy>
			<range>148.4117081468503</range>
			<altitudeMode>absolute</altitudeMode>
		</LookAt>
		<styleUrl>#__managed_style_0FB0F0B50C29FEE14855</styleUrl>
		<Point>
			<coordinates>104.7579927756492,17.42846503707425,144.4250707272992</coordinates>
		</Point>
	</Placemark>
	<Placemark id="09E8F41FBC29FDDD53B2">
		<name>LT200 - SG - 240 - 0100 - 8+020</name>
		<LookAt>
			<longitude>104.7578973921575</longitude>
			<latitude>17.42912821953999</latitude>
			<altitude>144.8674220934714</altitude>
			<heading>82.25704412681834</heading>
			<tilt>0.3988794573434816</tilt>
			<gx:fovy>35</gx:fovy>
			<range>138.4403340606878</range>
			<altitudeMode>absolute</altitudeMode>
		</LookAt>
		<styleUrl>#__managed_style_0FB0F0B50C29FEE14855</styleUrl>
		<Point>
			<coordinates>104.7578853152506,17.42912240749049,145.0424935591007</coordinates>
		</Point>
	</Placemark>
	<Placemark id="0409258AFA29FDECD8B4">
		<name>LT201 - SG - 240 - 0100 - 8+055</name>
		<LookAt>
			<longitude>104.7579234694999</longitude>
			<latitude>17.42928628820512</latitude>
			<altitude>145.7013127275513</altitude>
			<heading>78.79909185228524</heading>
			<tilt>0.8141902669950957</tilt>
			<gx:fovy>35</gx:fovy>
			<range>160.7525745707608</range>
			<altitudeMode>absolute</altitudeMode>
		</LookAt>
		<styleUrl>#__managed_style_0FB0F0B50C29FEE14855</styleUrl>
		<Point>
			<coordinates>104.7579593568488,17.42946542872,146.858406994914</coordinates>
		</Point>
	</Placemark>
	<Placemark id="020980F08129FDED3116">
		<name>LT202 - SG - 240 - 0100 - 8+090</name>
		<LookAt>
			<longitude>104.7578231120322</longitude>
			<latitude>17.42980428931711</latitude>
			<altitude>149.3819013113006</altitude>
			<heading>79.73660268467499</heading>
			<tilt>3.996790646842799</tilt>
			<gx:fovy>35</gx:fovy>
			<range>151.4670835936522</range>
			<altitudeMode>absolute</altitudeMode>
		</LookAt>
		<styleUrl>#__managed_style_0FB0F0B50C29FEE14855</styleUrl>
		<Point>
			<coordinates>104.7578034835863,17.42979622763044,149.6333329874396</coordinates>
		</Point>
	</Placemark>
	<Placemark id="0ECEE1AB0629FDED47AF">
		<name>LT203 - SG - 240 - 0100 - 8+125</name>
		<LookAt>
			<longitude>104.7578646508203</longitude>
			<latitude>17.42998729695379</latitude>
			<altitude>150.8272369644482</altitude>
			<heading>79.73661512735838</heading>
			<tilt>3.996789738679992</tilt>
			<gx:fovy>35</gx:fovy>
			<range>150.0182286800737</range>
			<altitudeMode>absolute</altitudeMode>
		</LookAt>
		<styleUrl>#__managed_style_0FB0F0B50C29FEE14855</styleUrl>
		<Point>
			<coordinates>104.7578686145136,17.43015177764191,151.4587207559539</coordinates>
		</Point>
	</Placemark>
	<Placemark id="046185C8BD29FDED878A">
		<name>LT204 - SG - 240 - 0100 - 8+180</name>
		<LookAt>
			<longitude>104.7577266048841</longitude>
			<latitude>17.43044243104107</latitude>
			<altitude>151.0589379222656</altitude>
			<heading>87.68734345596553</heading>
			<tilt>2.249782633057637</tilt>
			<gx:fovy>35</gx:fovy>
			<range>181.3889008151273</range>
			<altitudeMode>absolute</altitudeMode>
		</LookAt>
		<styleUrl>#__managed_style_0FB0F0B50C29FEE14855</styleUrl>
		<Point>
			<coordinates>104.7577000703572,17.43048338302241,150.9313294381772</coordinates>
		</Point>
	</Placemark>
	<Placemark id="054D26C54F29FDED9EA7">
		<name>LT205 - SG - 240 - 0100 - 8+210</name>
		<LookAt>
			<longitude>104.7577280487295</longitude>
			<latitude>17.43067435306058</latitude>
			<altitude>149.4374207169317</altitude>
			<heading>87.68734388854114</heading>
			<tilt>2.24978320590527</tilt>
			<gx:fovy>35</gx:fovy>
			<range>183.0116456679025</range>
			<altitudeMode>absolute</altitudeMode>
		</LookAt>
		<styleUrl>#__managed_style_0FB0F0B50C29FEE14855</styleUrl>
		<Point>
			<coordinates>104.7577569096431,17.43079194430585,148.6414592354516</coordinates>
		</Point>
	</Placemark>
	<Placemark id="06D6DF6F2D29FDEDBEAF">
		<name>LT206 - SG - 240 - 0100 - 8+250</name>
		<LookAt>
			<longitude>104.7576617492505</longitude>
			<latitude>17.43104927907099</latitude>
			<altitude>146.0376566095115</altitude>
			<heading>81.95776742779206</heading>
			<tilt>0</tilt>
			<gx:fovy>35</gx:fovy>
			<range>117.4948765848603</range>
			<altitudeMode>absolute</altitudeMode>
		</LookAt>
		<styleUrl>#__managed_style_0FB0F0B50C29FEE14855</styleUrl>
		<Point>
			<coordinates>104.7576040060423,17.43110311638565,145.5965746774298</coordinates>
		</Point>
	</Placemark>
	<Placemark id="0CA408C3C729FDEDD51F">
		<name>LT207 - SG - 240 - 0100 - 8+285</name>
		<LookAt>
			<longitude>104.7576696114996</longitude>
			<latitude>17.43123583076704</latitude>
			<altitude>144.690256291174</altitude>
			<heading>81.95776978360512</heading>
			<tilt>0</tilt>
			<gx:fovy>35</gx:fovy>
			<range>118.8422715572415</range>
			<altitudeMode>absolute</altitudeMode>
		</LookAt>
		<styleUrl>#__managed_style_0FB0F0B50C29FEE14855</styleUrl>
		<Point>
			<coordinates>104.7576923999848,17.43142769518677,144.0238533502297</coordinates>
		</Point>
	</Placemark>
	<Placemark id="0E68FA39C629FDEE25F0">
		<name>LT208 - SG - 240 - 0100 - 8+320</name>
		<LookAt>
			<longitude>104.7575400967777</longitude>
			<latitude>17.43171488623948</latitude>
			<altitude>143.2069749765666</altitude>
			<heading>87.91398848426527</heading>
			<tilt>2.300305109870935</tilt>
			<gx:fovy>35</gx:fovy>
			<range>177.3693488237587</range>
			<altitudeMode>absolute</altitudeMode>
		</LookAt>
		<styleUrl>#__managed_style_0FB0F0B50C29FEE14855</styleUrl>
		<Point>
			<coordinates>104.75750073477,17.43175451252193,143.2070506502593</coordinates>
		</Point>
	</Placemark>
	<Placemark id="0F183B319B29FDEE3DC1">
		<name>LT209 - SG - 240 - 0100 - 8+355</name>
		<LookAt>
			<longitude>104.7575346161572</longitude>
			<latitude>17.43199426410947</latitude>
			<altitude>143.3712016774827</altitude>
			<heading>87.91399202151788</heading>
			<tilt>2.300281892695971</tilt>
			<gx:fovy>35</gx:fovy>
			<range>113.0458552661549</range>
			<altitudeMode>absolute</altitudeMode>
		</LookAt>
		<styleUrl>#__managed_style_0FB0F0B50C29FEE14855</styleUrl>
		<Point>
			<coordinates>104.7575922544598,17.43209378055619,143.9346681998728</coordinates>
		</Point>
	</Placemark>
	<Placemark id="07999CC94029FDEE8C9D">
		<name>LT210 - SG - 240 - 0100 - 8+390</name>
		<LookAt>
			<longitude>104.7574865238749</longitude>
			<latitude>17.43240222910695</latitude>
			<altitude>144.5467915034756</altitude>
			<heading>83.00522608519097</heading>
			<tilt>4.230138388245431</tilt>
			<gx:fovy>35</gx:fovy>
			<range>83.58680778789676</range>
			<altitudeMode>absolute</altitudeMode>
		</LookAt>
		<styleUrl>#__managed_style_0FB0F0B50C29FEE14855</styleUrl>
		<Point>
			<coordinates>104.7574617546866,17.43242941820727,144.8528843458748</coordinates>
		</Point>
	</Placemark>
	<Placemark id="0F4707037C29FDEEAC69">
		<name>LT211 - SG - 240 - 0100 - 8+425</name>
		<LookAt>
			<longitude>104.7574968958083</longitude>
			<latitude>17.43258807626537</latitude>
			<altitude>145.6311872611108</altitude>
			<heading>83.00523227187907</heading>
			<tilt>4.230172971129864</tilt>
			<gx:fovy>35</gx:fovy>
			<range>135.7213582909935</range>
			<altitudeMode>absolute</altitudeMode>
		</LookAt>
		<styleUrl>#__managed_style_0FB0F0B50C29FEE14855</styleUrl>
		<Point>
			<coordinates>104.7575736281694,17.43273199411493,147.0777302777464</coordinates>
		</Point>
	</Placemark>
	<Placemark id="0D709F3E3B29FDEEC0BA">
		<name>LT212 - SG - 240 - 0100 - 8+480</name>
		<LookAt>
			<longitude>104.7575037822669</longitude>
			<latitude>17.43300665065185</latitude>
			<altitude>146.2528266029315</altitude>
			<heading>83.00523433549235</heading>
			<tilt>4.230172557622669</tilt>
			<gx:fovy>35</gx:fovy>
			<range>135.0980315226116</range>
			<altitudeMode>absolute</altitudeMode>
		</LookAt>
		<styleUrl>#__managed_style_0FB0F0B50C29FEE14855</styleUrl>
		<Point>
			<coordinates>104.7574352895296,17.43306469789513,146.1866425418422</coordinates>
		</Point>
	</Placemark>
	<Placemark id="0DD3A0214F29FDEF1ABC">
		<name>LT213 - SG - 240 - 0100 - 8+500</name>
		<LookAt>
			<longitude>104.7574764896183</longitude>
			<latitude>17.43313830351172</latitude>
			<altitude>145.53206145299</altitude>
			<heading>81.36830259000615</heading>
			<tilt>0.3486093889009691</tilt>
			<gx:fovy>35</gx:fovy>
			<range>125.6351739664024</range>
			<altitudeMode>absolute</altitudeMode>
		</LookAt>
		<styleUrl>#__managed_style_0FB0F0B50C29FEE14855</styleUrl>
		<Point>
			<coordinates>104.7575424561407,17.43328944211471,144.9228555127148</coordinates>
		</Point>
	</Placemark>
	<Placemark id="0CF44ECDC629FDEF30FA">
		<name>LT214 - SG - 240 - 0100 - 8+550</name>
		<LookAt>
			<longitude>104.7574881066439</longitude>
			<latitude>17.4335884335668</latitude>
			<altitude>145.0310001158524</altitude>
			<heading>81.36830607324517</heading>
			<tilt>0.3486094161746162</tilt>
			<gx:fovy>35</gx:fovy>
			<range>126.1362388981616</range>
			<altitudeMode>absolute</altitudeMode>
		</LookAt>
		<styleUrl>#__managed_style_0FB0F0B50C29FEE14855</styleUrl>
		<Point>
			<coordinates>104.7574037229425,17.43369843545913,146.4806351506172</coordinates>
		</Point>
	</Placemark>
	<Placemark id="0697FAE70129FDEF8AFD">
		<name>LT215 - SG - 240 - 0100 - 8+625</name>
		<LookAt>
			<longitude>104.757365422202</longitude>
			<latitude>17.43424726920488</latitude>
			<altitude>148.9570840821003</altitude>
			<heading>82.71516943172416</heading>
			<tilt>0</tilt>
			<gx:fovy>35</gx:fovy>
			<range>81.86876244095401</range>
			<altitudeMode>absolute</altitudeMode>
		</LookAt>
		<styleUrl>#__managed_style_0FB0F0B50C29FEE14855</styleUrl>
		<Point>
			<coordinates>104.7573429580257,17.43437749899026,148.5175953939561</coordinates>
		</Point>
	</Placemark>
	<Placemark id="059CBBEBED29FDF010AC">
		<name>LT215 - SG - 240 - 0100 - 8+680</name>
		<LookAt>
			<longitude>104.7572576132333</longitude>
			<latitude>17.43479710321314</latitude>
			<altitude>147.0286098339901</altitude>
			<heading>80.72151873645799</heading>
			<tilt>3.223152060987922</tilt>
			<gx:fovy>35</gx:fovy>
			<range>59.88332028745391</range>
			<altitudeMode>absolute</altitudeMode>
		</LookAt>
		<styleUrl>#__managed_style_0FB0F0B50C29FEE14855</styleUrl>
		<Point>
			<coordinates>104.7572772505725,17.43485204431234,147.0770964464349</coordinates>
		</Point>
	</Placemark>
	<Placemark id="047DFC60E429FDF1FD8D">
		<name>LT216 - SG - 240 - 0100 - 8+720</name>
		<LookAt>
			<longitude>104.7572465032019</longitude>
			<latitude>17.43519198353448</latitude>
			<altitude>146.3445480988956</altitude>
			<heading>85.64438560035359</heading>
			<tilt>2.704408047389119</tilt>
			<gx:fovy>35</gx:fovy>
			<range>74.29410278298747</range>
			<altitudeMode>absolute</altitudeMode>
		</LookAt>
		<styleUrl>#__managed_style_0FB0F0B50C29FEE14855</styleUrl>
		<Point>
			<coordinates>104.7572214147651,17.43521237615377,146.3087588577793</coordinates>
		</Point>
	</Placemark>
	<Placemark id="0CF7C5A5E529FDF2140A">
		<name>LT217 - SG - 240 - 0100 - 8+815</name>
		<LookAt>
			<longitude>104.7571310014236</longitude>
			<latitude>17.43557565839536</latitude>
			<altitude>148.4665955611386</altitude>
			<heading>85.64435099265691</heading>
			<tilt>2.704407145917395</tilt>
			<gx:fovy>35</gx:fovy>
			<range>72.1696845864699</range>
			<altitudeMode>absolute</altitudeMode>
		</LookAt>
		<styleUrl>#__managed_style_0FB0F0B50C29FEE14855</styleUrl>
		<Point>
			<coordinates>104.7571492327105,17.43559596633127,148.8196790063982</coordinates>
		</Point>
	</Placemark>
	<Placemark id="08143F46C429FDF4D5AD">
		<name>LT218 - SG - 240 - 0100 - 8+905</name>
		<LookAt>
			<longitude>104.756825527104</longitude>
			<latitude>17.43635214321302</latitude>
			<altitude>149.8144233848074</altitude>
			<heading>68.0303568258166</heading>
			<tilt>7.099101292128758</tilt>
			<gx:fovy>35</gx:fovy>
			<range>57.34260343443566</range>
			<altitudeMode>absolute</altitudeMode>
		</LookAt>
		<styleUrl>#__managed_style_0FB0F0B50C29FEE14855</styleUrl>
		<Point>
			<coordinates>104.7568149785071,17.43634395856521,149.9414571504473</coordinates>
		</Point>
	</Placemark>
	<Placemark id="08A057A92B29FDF633BB">
		<name>LT219 - SG - 240 - 0100 - 8+945</name>
		<LookAt>
			<longitude>104.756643880335</longitude>
			<latitude>17.4366228215841</latitude>
			<altitude>148.9856483951927</altitude>
			<heading>66.45588665931803</heading>
			<tilt>0.1762374937705587</tilt>
			<gx:fovy>35</gx:fovy>
			<range>78.91152094984137</range>
			<altitudeMode>absolute</altitudeMode>
		</LookAt>
		<styleUrl>#__managed_style_0FB0F0B50C29FEE14855</styleUrl>
		<Point>
			<coordinates>104.756619377417,17.43666505382457,149.0015147434244</coordinates>
		</Point>
	</Placemark>
	<Placemark id="04CCE0107029FDF64CD9">
		<name>LT220 - SG - 240 - 0100 - 8+985</name>
		<LookAt>
			<longitude>104.7564743608905</longitude>
			<latitude>17.43688861021018</latitude>
			<altitude>147.7793275212051</altitude>
			<heading>66.45584187633563</heading>
			<tilt>0.1762388693723971</tilt>
			<gx:fovy>35</gx:fovy>
			<range>128.6837815541912</range>
			<altitudeMode>absolute</altitudeMode>
		</LookAt>
		<styleUrl>#__managed_style_0FB0F0B50C29FEE14855</styleUrl>
		<Point>
			<coordinates>104.7563757548805,17.43697963034507,147.3199450213324</coordinates>
		</Point>
	</Placemark>
	<Placemark id="0D5C29C60F29FDF66C9F">
		<name>LT221 - SG - 240 - 0100 - 9+025</name>
		<LookAt>
			<longitude>104.7563249831345</longitude>
			<latitude>17.4371068707051</latitude>
			<altitude>146.8673883555457</altitude>
			<heading>66.45579711590031</heading>
			<tilt>0.1762388945174358</tilt>
			<gx:fovy>35</gx:fovy>
			<range>129.5957273786007</range>
			<altitudeMode>absolute</altitudeMode>
		</LookAt>
		<styleUrl>#__managed_style_0FB0F0B50C29FEE14855</styleUrl>
		<Point>
			<coordinates>104.7561134719841,17.43727646999341,146.681732058558</coordinates>
		</Point>
	</Placemark>
	<Placemark id="07304E8ABB29FDFABB9F">
		<name>RT167 - SG - 240 - 0100 - 8+250</name>
		<LookAt>
			<longitude>104.75791904801</longitude>
			<latitude>17.43104766494201</latitude>
			<altitude>147.1932105891625</altitude>
			<heading>-95.41181349521629</heading>
			<tilt>1.254282011105399</tilt>
			<gx:fovy>35</gx:fovy>
			<range>88.91550012390326</range>
			<altitudeMode>absolute</altitudeMode>
		</LookAt>
		<styleUrl>#__managed_style_0FB0F0B50C29FEE14855</styleUrl>
		<Point>
			<coordinates>104.757864497221,17.43113440871763,146.46664219299</coordinates>
		</Point>
	</Placemark>
	<Placemark id="049D70E87529FDFB0528">
		<name>RT168 - SG - 240 - 0100 - 8+285</name>
		<LookAt>
			<longitude>104.7577763393502</longitude>
			<latitude>17.4315986921423</latitude>
			<altitude>144.2916216121927</altitude>
			<heading>-71.25040693522915</heading>
			<tilt>0.3710075757162576</tilt>
			<gx:fovy>35</gx:fovy>
			<range>132.9257805554153</range>
			<altitudeMode>absolute</altitudeMode>
		</LookAt>
		<styleUrl>#__managed_style_0FB0F0B50C29FEE14855</styleUrl>
		<Point>
			<coordinates>104.757811741086,17.431447161999,145.0399038463392</coordinates>
		</Point>
	</Placemark>
	<Placemark id="06A512050829FDFB5449">
		<name>RT169 - SG - 240 - 0100 - 8+315</name>
		<LookAt>
			<longitude>104.7577701880585</longitude>
			<latitude>17.43167497667811</latitude>
			<altitude>144.2988389545146</altitude>
			<heading>-94.66306254341555</heading>
			<tilt>7.986602275453256</tilt>
			<gx:fovy>35</gx:fovy>
			<range>181.167137544453</range>
			<altitudeMode>absolute</altitudeMode>
		</LookAt>
		<styleUrl>#__managed_style_0FB0F0B50C29FEE14855</styleUrl>
		<Point>
			<coordinates>104.757785658622,17.43176213355869,144.5950082042696</coordinates>
		</Point>
	</Placemark>
	<Placemark id="0EAD60AA9629FDFB6872">
		<name>RT170 - SG - 240 - 0100 - 8+350</name>
		<LookAt>
			<longitude>104.7577247189541</longitude>
			<latitude>17.43195175404331</latitude>
			<altitude>143.9050643863996</altitude>
			<heading>-94.66307616558093</heading>
			<tilt>7.986602772258668</tilt>
			<gx:fovy>35</gx:fovy>
			<range>181.5647608502695</range>
			<altitudeMode>absolute</altitudeMode>
		</LookAt>
		<styleUrl>#__managed_style_0FB0F0B50C29FEE14855</styleUrl>
		<Point>
			<coordinates>104.7577398719436,17.43204241628534,144.1442209849638</coordinates>
		</Point>
	</Placemark>
	<Placemark id="01D6FDD64029FDFDBD46">
		<name>MD30 - SG - 240 - 0100 - 8+750</name>
		<LookAt>
			<longitude>104.7573302355327</longitude>
			<latitude>17.43537837286339</latitude>
			<altitude>147.4304483888592</altitude>
			<heading>264.0224351363058</heading>
			<tilt>0</tilt>
			<gx:fovy>35</gx:fovy>
			<range>109.3531653697573</range>
			<altitudeMode>absolute</altitudeMode>
		</LookAt>
		<styleUrl>#__managed_style_0FB0F0B50C29FEE14855</styleUrl>
		<Point>
			<coordinates>104.7573180786479,17.43554754021008,148.4849489361084</coordinates>
		</Point>
	</Placemark>
	<Placemark id="09664B37EB29FDFEC027">
		<name>MD31 - SG - 240 - 0100 - 8+790</name>
		<LookAt>
			<longitude>104.7574427222507</longitude>
			<latitude>17.43587885579343</latitude>
			<altitude>149.3905143174395</altitude>
			<heading>263.9597490320716</heading>
			<tilt>0</tilt>
			<gx:fovy>35.00000000000068</gx:fovy>
			<range>90.01066487125173</range>
			<altitudeMode>absolute</altitudeMode>
		</LookAt>
		<styleUrl>#__managed_style_0FB0F0B50C29FEE14855</styleUrl>
		<Point>
			<coordinates>104.7574314567807,17.4358738683317,149.5785868651292</coordinates>
		</Point>
	</Placemark>
	<Placemark id="0DD48AC8BB29FDFEF623">
		<name>MD32 - SG - 240 - 0100 - 8+830</name>
		<LookAt>
			<longitude>104.7576190769481</longitude>
			<latitude>17.43603386612882</latitude>
			<altitude>149.2147210084329</altitude>
			<heading>263.9598372693772</heading>
			<tilt>0</tilt>
			<gx:fovy>35.00000000000068</gx:fovy>
			<range>90.20790044740352</range>
			<altitudeMode>absolute</altitudeMode>
		</LookAt>
		<styleUrl>#__managed_style_0FB0F0B50C29FEE14855</styleUrl>
		<Point>
			<coordinates>104.7576292932963,17.43618331162754,149.6568925239681</coordinates>
		</Point>
	</Placemark>
	<Placemark id="0BA584A1B329FE005803">
		<name>RT171 - SG - 240 - 0100 - 8+590</name>
		<LookAt>
			<longitude>104.7575796202515</longitude>
			<latitude>17.43377428589028</latitude>
			<altitude>147.2862764283289</altitude>
			<heading>265.3923638975469</heading>
			<tilt>0</tilt>
			<gx:fovy>35.00000000000068</gx:fovy>
			<range>205.5544105812078</range>
			<altitudeMode>absolute</altitudeMode>
		</LookAt>
		<styleUrl>#__managed_style_0FB0F0B50C29FEE14855</styleUrl>
		<Point>
			<coordinates>104.7575813261242,17.4340699807457,149.3534276303621</coordinates>
		</Point>
	</Placemark>
	<Placemark id="0E1379D49929FE008CD4">
		<name>RT172 - SG - 240 - 0100 - 8+660</name>
		<LookAt>
			<longitude>104.7574261334929</longitude>
			<latitude>17.43472859137663</latitude>
			<altitude>147.8149677160236</altitude>
			<heading>265.3922506704517</heading>
			<tilt>0</tilt>
			<gx:fovy>35.00000000000068</gx:fovy>
			<range>172.884854189233</range>
			<altitudeMode>absolute</altitudeMode>
		</LookAt>
		<styleUrl>#__managed_style_0FB0F0B50C29FEE14855</styleUrl>
		<Point>
			<coordinates>104.7575062453013,17.43468741220747,148.350678397622</coordinates>
		</Point>
	</Placemark>
	<Placemark id="00963335E229FE00A1EC">
		<name>RT173 - SG - 240 - 0100 - 8+700</name>
		<LookAt>
			<longitude>104.7574084792662</longitude>
			<latitude>17.43492455668101</latitude>
			<altitude>147.5606392378029</altitude>
			<heading>265.3922452083602</heading>
			<tilt>0</tilt>
			<gx:fovy>35.00000000000068</gx:fovy>
			<range>173.1391819870078</range>
			<altitudeMode>absolute</altitudeMode>
		</LookAt>
		<styleUrl>#__managed_style_0FB0F0B50C29FEE14855</styleUrl>
		<Point>
			<coordinates>104.757451304816,17.43505230663779,147.9007548355798</coordinates>
		</Point>
	</Placemark>
</Document>
</kml>
