<?xml version="1.0" encoding="UTF-8"?>
<kml xmlns="http://www.opengis.net/kml/2.2" xmlns:gx="http://www.google.com/kml/ext/2.2" xmlns:kml="http://www.opengis.net/kml/2.2" xmlns:atom="http://www.w3.org/2005/Atom">
<Document>
	<name>212 C.S.0303</name>
	<gx:CascadingStyle kml:id="__managed_style_062C253C2B29F82A74A5">
		<styleUrl>https://earth.google.com/balloon_components/base/1.0.26.0/card_template.kml#main</styleUrl>
		<Style>
			<IconStyle>
				<scale>1.2</scale>
				<Icon>
					<href>https://earth.google.com/earth/rpc/cc/icon?color=1976d2&amp;id=2000&amp;scale=4</href>
				</Icon>
				<hotSpot x="64" y="128" xunits="pixels" yunits="insetPixels"/>
			</IconStyle>
			<LabelStyle>
			</LabelStyle>
			<LineStyle>
				<color>ff2dc0fb</color>
				<width>4.8</width>
			</LineStyle>
			<PolyStyle>
				<color>40ffffff</color>
			</PolyStyle>
			<BalloonStyle>
			</BalloonStyle>
		</Style>
	</gx:CascadingStyle>
	<gx:CascadingStyle kml:id="__managed_style_150094C94229F82A74A4">
		<styleUrl>https://earth.google.com/balloon_components/base/1.0.26.0/card_template.kml#main</styleUrl>
		<Style>
			<IconStyle>
				<Icon>
					<href>https://earth.google.com/earth/rpc/cc/icon?color=1976d2&amp;id=2000&amp;scale=4</href>
				</Icon>
				<hotSpot x="64" y="128" xunits="pixels" yunits="insetPixels"/>
			</IconStyle>
			<LabelStyle>
			</LabelStyle>
			<LineStyle>
				<color>ff2dc0fb</color>
				<width>3.2</width>
			</LineStyle>
			<PolyStyle>
				<color>40ffffff</color>
			</PolyStyle>
			<BalloonStyle>
			</BalloonStyle>
		</Style>
	</gx:CascadingStyle>
	<StyleMap id="__managed_style_00D23748AB29F82A74A4">
		<Pair>
			<key>normal</key>
			<styleUrl>#__managed_style_150094C94229F82A74A4</styleUrl>
		</Pair>
		<Pair>
			<key>highlight</key>
			<styleUrl>#__managed_style_062C253C2B29F82A74A5</styleUrl>
		</Pair>
	</StyleMap>
	<gx:CascadingStyle kml:id="__managed_style_22CFA0807829F82A74A0">
		<Style>
			<IconStyle>
				<scale>1.2</scale>
				<Icon>
					<href>https://earth.google.com/earth/rpc/cc/icon?color=1976d2&amp;id=2000&amp;scale=4</href>
				</Icon>
				<hotSpot x="64" y="128" xunits="pixels" yunits="insetPixels"/>
			</IconStyle>
			<LabelStyle>
			</LabelStyle>
			<LineStyle>
				<color>ff2dc0fb</color>
				<width>4.8</width>
			</LineStyle>
			<PolyStyle>
				<color>40ffffff</color>
			</PolyStyle>
			<BalloonStyle>
				<displayMode>hide</displayMode>
			</BalloonStyle>
		</Style>
	</gx:CascadingStyle>
	<gx:CascadingStyle kml:id="__managed_style_13552B8DD729F82A74A0">
		<Style>
			<IconStyle>
				<Icon>
					<href>https://earth.google.com/earth/rpc/cc/icon?color=1976d2&amp;id=2000&amp;scale=4</href>
				</Icon>
				<hotSpot x="64" y="128" xunits="pixels" yunits="insetPixels"/>
			</IconStyle>
			<LabelStyle>
			</LabelStyle>
			<LineStyle>
				<color>ff2dc0fb</color>
				<width>3.2</width>
			</LineStyle>
			<PolyStyle>
				<color>40ffffff</color>
			</PolyStyle>
			<BalloonStyle>
				<displayMode>hide</displayMode>
			</BalloonStyle>
		</Style>
	</gx:CascadingStyle>
	<StyleMap id="__managed_style_03F37AB66D29F82A74A0">
		<Pair>
			<key>normal</key>
			<styleUrl>#__managed_style_13552B8DD729F82A74A0</styleUrl>
		</Pair>
		<Pair>
			<key>highlight</key>
			<styleUrl>#__managed_style_22CFA0807829F82A74A0</styleUrl>
		</Pair>
	</StyleMap>
	<Placemark id="0401A19FF029EDDC1530">
		<name>LT1 - SG - 212 - 0303 - 309+710</name>
		<LookAt>
			<longitude>104.7556246742944</longitude>
			<latitude>17.43793785090038</latitude>
			<altitude>148.6801144957785</altitude>
			<heading>37.20926039015865</heading>
			<tilt>0</tilt>
			<gx:fovy>35.00000208310185</gx:fovy>
			<range>93.01034454679211</range>
			<altitudeMode>absolute</altitudeMode>
		</LookAt>
		<styleUrl>#__managed_style_03F37AB66D29F82A74A0</styleUrl>
		<Point>
			<coordinates>104.7555524844613,17.43813045785191,148.4214336309647</coordinates>
		</Point>
	</Placemark>
	<Placemark id="0A3826891729EDDF162F">
		<name>LT2 - SG - 212 - 0303 - 309+745</name>
		<Camera>
			<gx:ViewerOptions>
				<gx:option name="streetview"></gx:option>
				<gx:streetViewPanoId>q4XtnzeBqEg4A45OD5bHWg</gx:streetViewPanoId>
			</gx:ViewerOptions>
			<longitude>104.7555124129635</longitude>
			<latitude>17.43781963673292</latitude>
			<altitude>149.5981140136719</altitude>
			<heading>200.7464315773086</heading>
			<tilt>79.89277304400906</tilt>
			<roll>0</roll>
			<gx:fovy>30.32977980865752</gx:fovy>
			<altitudeMode>absolute</altitudeMode>
		</Camera>
		<styleUrl>#__managed_style_03F37AB66D29F82A74A0</styleUrl>
		<Point>
			<coordinates>104.7558427189219,17.4379364085533,149.1856426969146</coordinates>
		</Point>
	</Placemark>
	<Placemark id="0E4922B9D829EDE06902">
		<name>MD1 - DB - 212 - 0303 - 309+745</name>
		<LookAt>
			<longitude>104.7558689136451</longitude>
			<latitude>17.43775731643555</latitude>
			<altitude>148.6490225865385</altitude>
			<heading>37.20925570241707</heading>
			<tilt>0</tilt>
			<gx:fovy>35.00000208310185</gx:fovy>
			<range>113.7691006653768</range>
			<altitudeMode>absolute</altitudeMode>
		</LookAt>
		<styleUrl>#__managed_style_03F37AB66D29F82A74A0</styleUrl>
		<Point>
			<coordinates>104.7557661465256,17.43780507262253,149.0153408251472</coordinates>
		</Point>
	</Placemark>
	<Placemark id="077DABE56C29EDE3A3DC">
		<name>RT1 - SG - 212 - 0303 - 309+725</name>
		<Camera>
			<gx:ViewerOptions>
				<gx:option name="streetview"></gx:option>
				<gx:streetViewPanoId>q4XtnzeBqEg4A45OD5bHWg</gx:streetViewPanoId>
			</gx:ViewerOptions>
			<longitude>104.7555124129635</longitude>
			<latitude>17.43781963673292</latitude>
			<altitude>149.5981140136719</altitude>
			<heading>208.0134041929755</heading>
			<tilt>76.64337974198736</tilt>
			<roll>0</roll>
			<gx:fovy>30.32977980865752</gx:fovy>
			<altitudeMode>absolute</altitudeMode>
		</Camera>
		<styleUrl>#__managed_style_03F37AB66D29F82A74A0</styleUrl>
		<Point>
			<altitudeMode>relativeToGround</altitudeMode>
			<coordinates>104.7555124129635,17.43781963673292,0</coordinates>
		</Point>
	</Placemark>
	<Placemark id="0958EA6C9529EDEAE8B5">
		<name>RT2 - SG - 212 - 0303 - 309+760</name>
		<LookAt>
			<longitude>104.7557622993019</longitude>
			<latitude>17.43759897269618</latitude>
			<altitude>148.0450048747373</altitude>
			<heading>208.013392300235</heading>
			<tilt>0</tilt>
			<gx:fovy>35</gx:fovy>
			<range>76.47764124107198</range>
			<altitudeMode>absolute</altitudeMode>
		</LookAt>
		<styleUrl>#__managed_style_03F37AB66D29F82A74A0</styleUrl>
		<Point>
			<coordinates>104.755830843745,17.43755543247695,147.6650122658377</coordinates>
		</Point>
	</Placemark>
	<Placemark id="0D1D88CBEF29EDED6687">
		<name>MD2 - DB - 212 - 0303 - 309+785</name>
		<LookAt>
			<longitude>104.7559564616122</longitude>
			<latitude>17.43767699901022</latitude>
			<altitude>148.2662821372957</altitude>
			<heading>208.0134020501806</heading>
			<tilt>0</tilt>
			<gx:fovy>34.99994215501069</gx:fovy>
			<range>152.1794702875741</range>
			<altitudeMode>absolute</altitudeMode>
		</LookAt>
		<styleUrl>#__managed_style_03F37AB66D29F82A74A0</styleUrl>
		<Point>
			<coordinates>104.7560620106367,17.43757980698821,147.9461271620053</coordinates>
		</Point>
	</Placemark>
	<Placemark id="070E8BD84229EDEEC620">
		<name>MD3 - DB - 212 - 0303 - 309+825</name>
		<LookAt>
			<longitude>104.7564373457231</longitude>
			<latitude>17.43735526505278</latitude>
			<altitude>148.600041323655</altitude>
			<heading>208.0133974200614</heading>
			<tilt>0</tilt>
			<gx:fovy>34.99994215501069</gx:fovy>
			<range>185.9505305003222</range>
			<altitudeMode>absolute</altitudeMode>
		</LookAt>
		<styleUrl>#__managed_style_03F37AB66D29F82A74A0</styleUrl>
		<Point>
			<coordinates>104.7563895604399,17.43734678504736,148.265137145667</coordinates>
		</Point>
	</Placemark>
	<Placemark id="0E7F6A50BC29EDEF78E5">
		<name>MD4 - DB - 212 - 0303 - 309+865</name>
		<LookAt>
			<longitude>104.756619850727</longitude>
			<latitude>17.43716222642401</latitude>
			<altitude>149.1532606496318</altitude>
			<heading>208.0133966808725</heading>
			<tilt>0</tilt>
			<gx:fovy>34.99994215501069</gx:fovy>
			<range>79.37933761531895</range>
			<altitudeMode>absolute</altitudeMode>
		</LookAt>
		<styleUrl>#__managed_style_03F37AB66D29F82A74A0</styleUrl>
		<Point>
			<coordinates>104.7566904060369,17.43713157365701,149.8322950759873</coordinates>
		</Point>
	</Placemark>
	<Placemark id="0E5BCCB24829EDEFD0F1">
		<name>MD5 - DB - 212 - 0303 - 309+905</name>
		<LookAt>
			<longitude>104.7569820682501</longitude>
			<latitude>17.43694487704413</latitude>
			<altitude>150.2273216707579</altitude>
			<heading>208.0133945460108</heading>
			<tilt>0</tilt>
			<gx:fovy>34.99994215501069</gx:fovy>
			<range>112.7535046166304</range>
			<altitudeMode>absolute</altitudeMode>
		</LookAt>
		<styleUrl>#__managed_style_03F37AB66D29F82A74A0</styleUrl>
		<Point>
			<coordinates>104.7570001402593,17.4369058394904,150.479120522726</coordinates>
		</Point>
	</Placemark>
	<Placemark id="0BF4459B9929EDF01319">
		<name>MD6 - DB - 212 - 0303 - 309+945</name>
		<LookAt>
			<longitude>104.7569820682501</longitude>
			<latitude>17.43694487706526</latitude>
			<altitude>150.2273216707579</altitude>
			<heading>208.0133945460108</heading>
			<tilt>0</tilt>
			<gx:fovy>34.99994215501069</gx:fovy>
			<range>112.7535046166304</range>
			<altitudeMode>absolute</altitudeMode>
		</LookAt>
		<styleUrl>#__managed_style_03F37AB66D29F82A74A0</styleUrl>
		<Point>
			<coordinates>104.7573003855765,17.43667874441632,151.0616504712098</coordinates>
		</Point>
	</Placemark>
	<Placemark id="082BD1B70E29EDF08982">
		<name>MD7 - DB - 212 - 0303 - 309+985</name>
		<LookAt>
			<longitude>104.757464809294</longitude>
			<latitude>17.43660959982574</latitude>
			<altitude>151.0333926923699</altitude>
			<heading>208.0133931124439</heading>
			<tilt>0</tilt>
			<gx:fovy>34.99994215501069</gx:fovy>
			<range>85.75793464152412</range>
			<altitudeMode>absolute</altitudeMode>
		</LookAt>
		<styleUrl>#__managed_style_03F37AB66D29F82A74A0</styleUrl>
		<Point>
			<coordinates>104.7575818346331,17.43648972767588,150.8874546583922</coordinates>
		</Point>
	</Placemark>
	<Placemark id="0C3E71D11729EDF14327">
		<name>MD8 - DB - 212 - 0303 - 310+030</name>
		<LookAt>
			<longitude>104.7579077096387</longitude>
			<latitude>17.43628719450926</latitude>
			<altitude>149.6552468555993</altitude>
			<heading>208.0133880055611</heading>
			<tilt>0</tilt>
			<gx:fovy>34.99994215501069</gx:fovy>
			<range>110.6304133376761</range>
			<altitudeMode>absolute</altitudeMode>
		</LookAt>
		<styleUrl>#__managed_style_03F37AB66D29F82A74A0</styleUrl>
		<Point>
			<coordinates>104.7579145835217,17.43621742644431,149.1593723414708</coordinates>
		</Point>
	</Placemark>
	<Placemark id="0362FA416629EDF19FCD">
		<name>MD9 - DB - 212 - 0303 - 310+070</name>
		<LookAt>
			<longitude>104.7581747099561</longitude>
			<latitude>17.4360732905204</latitude>
			<altitude>148.5374266768346</altitude>
			<heading>208.0133859847111</heading>
			<tilt>0</tilt>
			<gx:fovy>34.99994215501069</gx:fovy>
			<range>108.0808078753035</range>
			<altitudeMode>absolute</altitudeMode>
		</LookAt>
		<styleUrl>#__managed_style_03F37AB66D29F82A74A0</styleUrl>
		<Point>
			<coordinates>104.7581920241277,17.43598653150363,148.4105062453498</coordinates>
		</Point>
	</Placemark>
	<Placemark id="06FEAF2A6329EDF281A3">
		<name>MD10 - DB - 212 - 0303 - 310+110</name>
		<LookAt>
			<longitude>104.7584329290949</longitude>
			<latitude>17.43582628429582</latitude>
			<altitude>148.8367002704468</altitude>
			<heading>208.0133833626174</heading>
			<tilt>0</tilt>
			<gx:fovy>34.99994215501069</gx:fovy>
			<range>134.9787016523078</range>
			<altitudeMode>absolute</altitudeMode>
		</LookAt>
		<styleUrl>#__managed_style_03F37AB66D29F82A74A0</styleUrl>
		<Point>
			<coordinates>104.7584799054653,17.43574184157508,149.6033250456705</coordinates>
		</Point>
	</Placemark>
	<Placemark id="008190A25F29EDF2EA3B">
		<name>MD11 - DB - 212 - 0303 - 310+150</name>
		<LookAt>
			<longitude>104.7588486456919</longitude>
			<latitude>17.43547181621623</latitude>
			<altitude>150.0329492297926</altitude>
			<heading>208.01338143703</heading>
			<tilt>0</tilt>
			<gx:fovy>34.99994215501069</gx:fovy>
			<range>93.06539134527156</range>
			<altitudeMode>absolute</altitudeMode>
		</LookAt>
		<styleUrl>#__managed_style_03F37AB66D29F82A74A0</styleUrl>
		<Point>
			<coordinates>104.7587646816757,17.43550516050838,150.3788565406855</coordinates>
		</Point>
	</Placemark>
	<Placemark id="0898D0D22F29EDF35B1C">
		<name>MD12 - DB - 212 - 0303 - 310+190</name>
		<LookAt>
			<longitude>104.7590092029911</longitude>
			<latitude>17.43533789289475</latitude>
			<altitude>149.9822310318979</altitude>
			<heading>208.0133756577757</heading>
			<tilt>0</tilt>
			<gx:fovy>34.99994215501069</gx:fovy>
			<range>96.98027909233134</range>
			<altitudeMode>absolute</altitudeMode>
		</LookAt>
		<styleUrl>#__managed_style_03F37AB66D29F82A74A0</styleUrl>
		<Point>
			<coordinates>104.7590306758693,17.43525728865144,150.2453351147067</coordinates>
		</Point>
	</Placemark>
	<Placemark id="0746FA097329EDF666F9">
		<name>RT3 - SG - 212 - 0303 - 309+835</name>
		<LookAt>
			<longitude>104.7564644324182</longitude>
			<latitude>17.43718660635574</latitude>
			<altitude>147.8271206350453</altitude>
			<heading>222.2713234891833</heading>
			<tilt>0</tilt>
			<gx:fovy>35</gx:fovy>
			<range>64.50836388449716</range>
			<altitudeMode>absolute</altitudeMode>
		</LookAt>
		<styleUrl>#__managed_style_03F37AB66D29F82A74A0</styleUrl>
		<Point>
			<coordinates>104.7564477995172,17.43714868934425,147.8087280575558</coordinates>
		</Point>
	</Placemark>
	<Placemark id="013F03D11929EDF7321B">
		<name>RT4 - SG - 212 - 0303 - 309+875</name>
		<LookAt>
			<longitude>104.7566757617639</longitude>
			<latitude>17.4369930262386</latitude>
			<altitude>149.1625586242812</altitude>
			<heading>222.2713168149815</heading>
			<tilt>0</tilt>
			<gx:fovy>35</gx:fovy>
			<range>52.78674497148133</range>
			<altitudeMode>absolute</altitudeMode>
		</LookAt>
		<styleUrl>#__managed_style_03F37AB66D29F82A74A0</styleUrl>
		<Point>
			<coordinates>104.756753009658,17.43692323022449,149.6131282328538</coordinates>
		</Point>
	</Placemark>
	<Placemark id="0F96FE657F29EDF7A728">
		<name>RT5 - SG - 212 - 0303 - 309+915</name>
		<LookAt>
			<longitude>104.7569920095523</longitude>
			<latitude>17.4367996871034</latitude>
			<altitude>150.2321600441369</altitude>
			<heading>222.2713129332541</heading>
			<tilt>0</tilt>
			<gx:fovy>35</gx:fovy>
			<range>72.82671158432096</range>
			<altitudeMode>absolute</altitudeMode>
		</LookAt>
		<styleUrl>#__managed_style_03F37AB66D29F82A74A0</styleUrl>
		<Point>
			<coordinates>104.7569501097233,17.43676383739772,150.6714069958595</coordinates>
		</Point>
	</Placemark>
	<Placemark id="0A56009BED29EDF847C7">
		<name>RT6 - SG - 212 - 0303 - 309+955</name>
		<LookAt>
			<longitude>104.757414850267</longitude>
			<latitude>17.43655661336154</latitude>
			<altitude>151.1291032577419</altitude>
			<heading>222.2713110523491</heading>
			<tilt>0</tilt>
			<gx:fovy>35</gx:fovy>
			<range>52.45562399262782</range>
			<altitudeMode>absolute</altitudeMode>
		</LookAt>
		<styleUrl>#__managed_style_03F37AB66D29F82A74A0</styleUrl>
		<Point>
			<coordinates>104.7573654794462,17.43648398460338,151.4094814889204</coordinates>
		</Point>
	</Placemark>
	<Placemark id="056FEA2AE329EDF977C5">
		<name>RT7 - SG - 212 - 0303 - 310+085</name>
		<LookAt>
			<longitude>104.7582603617192</longitude>
			<latitude>17.43584150798106</latitude>
			<altitude>148.2098603628175</altitude>
			<heading>222.2713082055207</heading>
			<tilt>0</tilt>
			<gx:fovy>35</gx:fovy>
			<range>75.688727908464</range>
			<altitudeMode>absolute</altitudeMode>
		</LookAt>
		<styleUrl>#__managed_style_03F37AB66D29F82A74A0</styleUrl>
		<Point>
			<coordinates>104.7582262407244,17.43577159573387,148.5898241943175</coordinates>
		</Point>
	</Placemark>
	<Placemark id="0A6ACBE57929EDFC87ED">
		<name>RT8 - SG - 212 - 0303 - 310+125</name>
		<LookAt>
			<longitude>104.7584855379177</longitude>
			<latitude>17.43564364658778</latitude>
			<altitude>149.7010719883932</altitude>
			<heading>222.2712998060028</heading>
			<tilt>0</tilt>
			<gx:fovy>35</gx:fovy>
			<range>69.31403630775094</range>
			<altitudeMode>absolute</altitudeMode>
		</LookAt>
		<styleUrl>#__managed_style_03F37AB66D29F82A74A0</styleUrl>
		<Point>
			<coordinates>104.7585216720168,17.43553853706252,150.3621918436187</coordinates>
		</Point>
	</Placemark>
	<Placemark id="05AB99962C29EDFD2DF6">
		<name>RT9 - SG - 212 - 0303 - 310+165</name>
		<LookAt>
			<longitude>104.7588010576081</longitude>
			<latitude>17.43532560677959</latitude>
			<altitude>150.3761688730725</altitude>
			<heading>-137.7287038788247</heading>
			<tilt>0.3422507224529314</tilt>
			<gx:fovy>35</gx:fovy>
			<range>69.20616196593073</range>
			<altitudeMode>absolute</altitudeMode>
		</LookAt>
		<styleUrl>#__managed_style_03F37AB66D29F82A74A0</styleUrl>
		<Point>
			<coordinates>104.7588066625188,17.43529774192932,150.6017056535812</coordinates>
		</Point>
	</Placemark>
	<Placemark id="0DD441C9E229EE070347">
		<name>LT3 - SG - 212 - 0303 - 309+785</name>
		<LookAt>
			<longitude>104.7561359570991</longitude>
			<latitude>17.43773548355068</latitude>
			<altitude>148.9878466654371</altitude>
			<heading>208.0145292373547</heading>
			<tilt>0</tilt>
			<gx:fovy>35</gx:fovy>
			<range>48.62009055137605</range>
			<altitudeMode>absolute</altitudeMode>
		</LookAt>
		<styleUrl>#__managed_style_03F37AB66D29F82A74A0</styleUrl>
		<Point>
			<coordinates>104.756133779309,17.43774478873088,149.1633166012053</coordinates>
		</Point>
	</Placemark>
	<Placemark id="03943C019729EE077F33">
		<name>LT4 - SG - 212 - 0303 - 309+820</name>
		<LookAt>
			<longitude>104.7560420985909</longitude>
			<latitude>17.43772574565999</latitude>
			<altitude>148.6492267047413</altitude>
			<heading>208.0145288013627</heading>
			<tilt>0</tilt>
			<gx:fovy>35</gx:fovy>
			<range>178.1817120925189</range>
			<altitudeMode>absolute</altitudeMode>
		</LookAt>
		<styleUrl>#__managed_style_03F37AB66D29F82A74A0</styleUrl>
		<Point>
			<coordinates>104.7563801620589,17.43756010265556,149.795270252474</coordinates>
		</Point>
	</Placemark>
	<Placemark id="0B30D94E0929EE083B0E">
		<name>LT5 - SG - 212 - 0303 - 309+860</name>
		<LookAt>
			<longitude>104.756707572898</longitude>
			<latitude>17.43737793053355</latitude>
			<altitude>150.9561898107245</altitude>
			<heading>208.0145183904487</heading>
			<tilt>0</tilt>
			<gx:fovy>35</gx:fovy>
			<range>27.26598882123654</range>
			<altitudeMode>absolute</altitudeMode>
		</LookAt>
		<styleUrl>#__managed_style_03F37AB66D29F82A74A0</styleUrl>
		<Point>
			<coordinates>104.7567003087683,17.43738077341306,151.1404279063058</coordinates>
		</Point>
	</Placemark>
	<Placemark id="0AC103018B29EE087C22">
		<name>LT6 - SG - 212 - 0303 - 309+890</name>
		<LookAt>
			<longitude>104.7569838045038</longitude>
			<latitude>17.43716848504328</latitude>
			<altitude>150.1007255509078</altitude>
			<heading>208.0145143926744</heading>
			<tilt>0</tilt>
			<gx:fovy>35</gx:fovy>
			<range>73.22094516623112</range>
			<altitudeMode>absolute</altitudeMode>
		</LookAt>
		<styleUrl>#__managed_style_03F37AB66D29F82A74A0</styleUrl>
		<Point>
			<coordinates>104.7569390341439,17.4372141300502,150.323572635844</coordinates>
		</Point>
	</Placemark>
	<Placemark id="0ABD99BC7C29EE09F543">
		<name>MDL1 - SG - 212 - 0303 - 309+895</name>
		<LookAt>
			<longitude>104.7570144555686</longitude>
			<latitude>17.43711471606508</latitude>
			<altitude>150.193663469078</altitude>
			<heading>208.0141671825081</heading>
			<tilt>0</tilt>
			<gx:fovy>35</gx:fovy>
			<range>73.5272719081695</range>
			<altitudeMode>absolute</altitudeMode>
		</LookAt>
		<styleUrl>#__managed_style_03F37AB66D29F82A74A0</styleUrl>
		<Point>
			<coordinates>104.756921310074,17.43711651850355,150.2395773812051</coordinates>
		</Point>
	</Placemark>
	<Placemark id="0E589C5E8929EE0B6660">
		<name>MDL2 - SG - 212 - 0303 - 309+935</name>
		<LookAt>
			<longitude>104.7572328040281</longitude>
			<latitude>17.43688531406322</latitude>
			<altitude>150.8733895529802</altitude>
			<heading>42.72598665389584</heading>
			<tilt>0</tilt>
			<gx:fovy>35</gx:fovy>
			<range>57.20132437753819</range>
			<altitudeMode>absolute</altitudeMode>
		</LookAt>
		<styleUrl>#__managed_style_03F37AB66D29F82A74A0</styleUrl>
		<Point>
			<coordinates>104.7572280512522,17.43690346408355,151.0421624979961</coordinates>
		</Point>
	</Placemark>
	<Placemark id="081FBF364929EE0B8EA9">
		<name>LT7 - SG - 212 - 0303 - 309+930</name>
		<LookAt>
			<longitude>104.7571873495841</longitude>
			<latitude>17.43693577508621</latitude>
			<altitude>150.7639592351426</altitude>
			<heading>42.72598665368399</heading>
			<tilt>0</tilt>
			<gx:fovy>35</gx:fovy>
			<range>65.90121592362266</range>
			<altitudeMode>absolute</altitudeMode>
		</LookAt>
		<styleUrl>#__managed_style_03F37AB66D29F82A74A0</styleUrl>
		<Point>
			<coordinates>104.757241994787,17.43697452410483,150.9857600242408</coordinates>
		</Point>
	</Placemark>
	<Placemark id="0CA4C93DFA29EE0C0E11">
		<name>MDL3 - SG - 212 - 0303 - 309+975</name>
		<LookAt>
			<longitude>104.7574981151029</longitude>
			<latitude>17.43670441344847</latitude>
			<altitude>151.0279477375626</altitude>
			<heading>42.72598665571142</heading>
			<tilt>0</tilt>
			<gx:fovy>35</gx:fovy>
			<range>53.20033184885689</range>
			<altitudeMode>absolute</altitudeMode>
		</LookAt>
		<styleUrl>#__managed_style_03F37AB66D29F82A74A0</styleUrl>
		<Point>
			<coordinates>104.7575261579393,17.43669048737247,151.1968939560829</coordinates>
		</Point>
	</Placemark>
	<Placemark id="08B56E229C29EE0C211C">
		<name>LT8 - SG - 212 - 0303 - 309+970</name>
		<LookAt>
			<longitude>104.7574981151029</longitude>
			<latitude>17.43670441344054</latitude>
			<altitude>151.0279477375626</altitude>
			<heading>42.72598665571142</heading>
			<tilt>0</tilt>
			<gx:fovy>35</gx:fovy>
			<range>53.20033184885688</range>
			<altitudeMode>absolute</altitudeMode>
		</LookAt>
		<styleUrl>#__managed_style_03F37AB66D29F82A74A0</styleUrl>
		<Point>
			<coordinates>104.7575571944082,17.4367511461052,151.2128363711367</coordinates>
		</Point>
	</Placemark>
	<Placemark id="088A078A4429EE0CFEC7">
		<name>LT9 - SG - 212 - 0303 - 309+995</name>
		<LookAt>
			<longitude>104.7578000806316</longitude>
			<latitude>17.43650163241409</latitude>
			<altitude>150.6571811524644</altitude>
			<heading>42.72598665726646</heading>
			<tilt>0</tilt>
			<gx:fovy>35</gx:fovy>
			<range>77.24558464065922</range>
			<altitudeMode>absolute</altitudeMode>
		</LookAt>
		<styleUrl>#__managed_style_03F37AB66D29F82A74A0</styleUrl>
		<Point>
			<coordinates>104.7578425439901,17.43655399253644,151.0496311007515</coordinates>
		</Point>
	</Placemark>
	<Placemark id="00D778940E29EE0D0E8D">
		<name>MDL4 - SG - 212 - 0303 - 310+015</name>
		<LookAt>
			<longitude>104.7578468590985</longitude>
			<latitude>17.43645888657657</latitude>
			<altitude>150.552828819737</altitude>
			<heading>42.72598665739292</heading>
			<tilt>0</tilt>
			<gx:fovy>35</gx:fovy>
			<range>35.95521577441559</range>
			<altitudeMode>absolute</altitudeMode>
		</LookAt>
		<styleUrl>#__managed_style_03F37AB66D29F82A74A0</styleUrl>
		<Point>
			<coordinates>104.7578825660558,17.43642608160103,150.6618062418901</coordinates>
		</Point>
	</Placemark>
	<Placemark id="08C318D74529EE0D32DF">
		<name>LT10 - SG - 212 - 0303 - 310+025</name>
		<LookAt>
			<longitude>104.7580266101823</longitude>
			<latitude>17.43637670705062</latitude>
			<altitude>150.5654748257751</altitude>
			<heading>42.72598665805081</heading>
			<tilt>0</tilt>
			<gx:fovy>35</gx:fovy>
			<range>42.94969955960823</range>
			<altitudeMode>absolute</altitudeMode>
		</LookAt>
		<styleUrl>#__managed_style_03F37AB66D29F82A74A0</styleUrl>
		<Point>
			<coordinates>104.7580663809888,17.43637553977542,150.8099877523963</coordinates>
		</Point>
	</Placemark>
	<Placemark id="0C29D792DB29EE0D61EE">
		<name>MDL5 - SG - 212 - 0303 - 310+055</name>
		<LookAt>
			<longitude>104.7581414370023</longitude>
			<latitude>17.43616111808481</latitude>
			<altitude>148.7586322690612</altitude>
			<heading>42.72598665863975</heading>
			<tilt>0</tilt>
			<gx:fovy>35</gx:fovy>
			<range>58.27711844622172</range>
			<altitudeMode>absolute</altitudeMode>
		</LookAt>
		<styleUrl>#__managed_style_03F37AB66D29F82A74A0</styleUrl>
		<Point>
			<coordinates>104.7581403887326,17.43620823836806,149.3447505351113</coordinates>
		</Point>
	</Placemark>
	<Placemark id="050037590A29EE0D7270">
		<name>LT11 - SG - 212 - 0303 - 310+065</name>
		<LookAt>
			<longitude>104.7581414370078</longitude>
			<latitude>17.43616111808481</latitude>
			<altitude>148.7586322690612</altitude>
			<heading>42.72598665863975</heading>
			<tilt>0</tilt>
			<gx:fovy>35</gx:fovy>
			<range>58.27711844622172</range>
			<altitudeMode>absolute</altitudeMode>
		</LookAt>
		<styleUrl>#__managed_style_03F37AB66D29F82A74A0</styleUrl>
		<Point>
			<coordinates>104.7583213630447,17.43614839193943,149.3250139298152</coordinates>
		</Point>
	</Placemark>
	<Placemark id="05F21B0D7E29EE0E5341">
		<name>MDL6 - SG - 212 - 0303 - 310+095</name>
		<LookAt>
			<longitude>104.7584041663349</longitude>
			<latitude>17.43593640288944</latitude>
			<altitude>148.8161581129552</altitude>
			<heading>42.72598665928297</heading>
			<tilt>0</tilt>
			<gx:fovy>35</gx:fovy>
			<range>60.89288436596691</range>
			<altitudeMode>absolute</altitudeMode>
		</LookAt>
		<styleUrl>#__managed_style_03F37AB66D29F82A74A0</styleUrl>
		<Point>
			<coordinates>104.7584228331564,17.43597090176209,149.2107652226977</coordinates>
		</Point>
	</Placemark>
	<Placemark id="0BC2102E1929EE0E67A1">
		<name>LT12 - SG - 212 - 0303 - 310+105</name>
		<LookAt>
			<longitude>104.7585733939724</longitude>
			<latitude>17.4358593412663</latitude>
			<altitude>149.8484136723695</altitude>
			<heading>42.72598665997872</heading>
			<tilt>0</tilt>
			<gx:fovy>35</gx:fovy>
			<range>40.39381007060911</range>
			<altitudeMode>absolute</altitudeMode>
		</LookAt>
		<styleUrl>#__managed_style_03F37AB66D29F82A74A0</styleUrl>
		<Point>
			<coordinates>104.7585761634372,17.43593056014886,150.0361290965865</coordinates>
		</Point>
	</Placemark>
	<Placemark id="0A9C28983C29EE0ED3EB">
		<name>LT13 - SG - 212 - 0303 - 310+145</name>
		<LookAt>
			<longitude>104.7588674054968</longitude>
			<latitude>17.4356443643137</latitude>
			<altitude>149.9461991860118</altitude>
			<heading>42.72598666117653</heading>
			<tilt>0</tilt>
			<gx:fovy>35</gx:fovy>
			<range>43.3481398758022</range>
			<altitudeMode>absolute</altitudeMode>
		</LookAt>
		<styleUrl>#__managed_style_03F37AB66D29F82A74A0</styleUrl>
		<Point>
			<coordinates>104.7588686800434,17.43568637123721,150.2035370605228</coordinates>
		</Point>
	</Placemark>
	<Placemark id="0AA821773629EE0EF16F">
		<name>LT14 - SG - 212 - 0303 - 310+175</name>
		<LookAt>
			<longitude>104.7590402247193</longitude>
			<latitude>17.43543879814926</latitude>
			<altitude>149.6985564068545</altitude>
			<heading>42.72598666181987</heading>
			<tilt>0</tilt>
			<gx:fovy>35</gx:fovy>
			<range>49.89018822989237</range>
			<altitudeMode>absolute</altitudeMode>
		</LookAt>
		<styleUrl>#__managed_style_03F37AB66D29F82A74A0</styleUrl>
		<Point>
			<coordinates>104.7590778905927,17.43549070795654,149.7066328676599</coordinates>
		</Point>
	</Placemark>
	<Placemark id="07DF533D8E29EE0F14D6">
		<name>LT15 - SG - 212 - 0303 - 310+220</name>
		<LookAt>
			<longitude>104.7592942598146</longitude>
			<latitude>17.43519228290019</latitude>
			<altitude>150.1570223624197</altitude>
			<heading>42.72598666315663</heading>
			<tilt>0</tilt>
			<gx:fovy>35</gx:fovy>
			<range>66.17162897535309</range>
			<altitudeMode>absolute</altitudeMode>
		</LookAt>
		<styleUrl>#__managed_style_03F37AB66D29F82A74A0</styleUrl>
		<Point>
			<coordinates>104.759393645315,17.43519898907136,150.4751585756837</coordinates>
		</Point>
	</Placemark>
	<Placemark id="08D8E531EA29EE0F3A23">
		<name>LT16 - SG - 212 - 0303 - 310+250</name>
		<LookAt>
			<longitude>104.7595836358282</longitude>
			<latitude>17.43494837574993</latitude>
			<altitude>150.3297862471498</altitude>
			<heading>42.72598666513261</heading>
			<tilt>0</tilt>
			<gx:fovy>35</gx:fovy>
			<range>60.31685148907856</range>
			<altitudeMode>absolute</altitudeMode>
		</LookAt>
		<styleUrl>#__managed_style_03F37AB66D29F82A74A0</styleUrl>
		<Point>
			<coordinates>104.7595778303465,17.43498016436286,150.5593097672594</coordinates>
		</Point>
	</Placemark>
	<Placemark id="0572BFF4B129EE0F4D81">
		<name>LT17 - SG - 212 - 0303 - 310+290</name>
		<LookAt>
			<longitude>104.7597903294985</longitude>
			<latitude>17.43471419293466</latitude>
			<altitude>149.6303715635749</altitude>
			<heading>42.72598666628896</heading>
			<tilt>0</tilt>
			<gx:fovy>35</gx:fovy>
			<range>66.87502855512322</range>
			<altitudeMode>absolute</altitudeMode>
		</LookAt>
		<styleUrl>#__managed_style_03F37AB66D29F82A74A0</styleUrl>
		<Point>
			<coordinates>104.7598462776422,17.43469568802517,149.6106764227447</coordinates>
		</Point>
	</Placemark>
	<Placemark id="06FB26795629EE0F633C">
		<name>LT18 - SG - 212 - 0303 - 310+345</name>
		<LookAt>
			<longitude>104.7601679387748</longitude>
			<latitude>17.4342971751778</latitude>
			<altitude>149.1972908100493</altitude>
			<heading>42.72598666849571</heading>
			<tilt>0</tilt>
			<gx:fovy>35</gx:fovy>
			<range>82.18048376914339</range>
			<altitudeMode>absolute</altitudeMode>
		</LookAt>
		<styleUrl>#__managed_style_03F37AB66D29F82A74A0</styleUrl>
		<Point>
			<coordinates>104.760192217505,17.43437186095409,148.8954717773376</coordinates>
		</Point>
	</Placemark>
	<Placemark id="02F39B31CB29EE0F78C0">
		<name>LT19 - SG - 212 - 0303 - 310+390</name>
		<LookAt>
			<longitude>104.7604310438225</longitude>
			<latitude>17.43407614541157</latitude>
			<altitude>149.3973513881254</altitude>
			<heading>42.72598667017735</heading>
			<tilt>0</tilt>
			<gx:fovy>35</gx:fovy>
			<range>82.85833004561937</range>
			<altitudeMode>absolute</altitudeMode>
		</LookAt>
		<styleUrl>#__managed_style_03F37AB66D29F82A74A0</styleUrl>
		<Point>
			<coordinates>104.7605126867928,17.43409008931075,149.7123600757204</coordinates>
		</Point>
	</Placemark>
	<Placemark id="0D4F01E6BF29EE0F8BA1">
		<name>LT20 - SG - 212 - 0303 - 310+435</name>
		<LookAt>
			<longitude>104.7606581326079</longitude>
			<latitude>17.43388051580712</latitude>
			<altitude>150.9876728249779</altitude>
			<heading>42.7259866714926</heading>
			<tilt>0</tilt>
			<gx:fovy>35</gx:fovy>
			<range>87.57082272504704</range>
			<altitudeMode>absolute</altitudeMode>
		</LookAt>
		<styleUrl>#__managed_style_03F37AB66D29F82A74A0</styleUrl>
		<Point>
			<coordinates>104.7608439399261,17.43380477496331,152.620336774476</coordinates>
		</Point>
	</Placemark>
	<Placemark id="04E484E20F29EE0FA6D2">
		<name>LT21 - SG - 212 - 0303 - 310+485</name>
		<LookAt>
			<longitude>104.7611145975597</longitude>
			<latitude>17.43353171333881</latitude>
			<altitude>151.132987000918</altitude>
			<heading>42.72598667513156</heading>
			<tilt>0</tilt>
			<gx:fovy>35</gx:fovy>
			<range>101.3133197038406</range>
			<altitudeMode>absolute</altitudeMode>
		</LookAt>
		<styleUrl>#__managed_style_03F37AB66D29F82A74A0</styleUrl>
		<Point>
			<coordinates>104.7611705338588,17.43349378805696,150.8683521959783</coordinates>
		</Point>
	</Placemark>
	<Placemark id="01E43FF76729EE0FC66A">
		<name>LT22 - SG - 212 - 0303 - 310+515</name>
		<LookAt>
			<longitude>104.7613339066846</longitude>
			<latitude>17.4333371995014</latitude>
			<altitude>148.6178872744711</altitude>
			<heading>42.72598667661971</heading>
			<tilt>0</tilt>
			<gx:fovy>35</gx:fovy>
			<range>102.214951496535</range>
			<altitudeMode>absolute</altitudeMode>
		</LookAt>
		<styleUrl>#__managed_style_03F37AB66D29F82A74A0</styleUrl>
		<Point>
			<coordinates>104.7613681834009,17.43330572594678,148.7294265178644</coordinates>
		</Point>
	</Placemark>
	<Placemark id="0D916563E729EE106AF1">
		<name>LT23 - SG - 212 - 0303 - 310+575</name>
		<LookAt>
			<longitude>104.7617398941195</longitude>
			<latitude>17.43294650924392</latitude>
			<altitude>148.461826666801</altitude>
			<heading>42.72598667978506</heading>
			<tilt>0</tilt>
			<gx:fovy>35</gx:fovy>
			<range>105.2298356772553</range>
			<altitudeMode>absolute</altitudeMode>
		</LookAt>
		<styleUrl>#__managed_style_03F37AB66D29F82A74A0</styleUrl>
		<Point>
			<coordinates>104.7618086336663,17.43292542629145,148.9636868999902</coordinates>
		</Point>
	</Placemark>
	<Placemark id="07DFB4365829EE108DA3">
		<name>LT24 - SG - 212 - 0303 - 310+625</name>
		<LookAt>
			<longitude>104.7620351233155</longitude>
			<latitude>17.4327044123634</latitude>
			<altitude>150.20309155177</altitude>
			<heading>42.7259866818719</heading>
			<tilt>0</tilt>
			<gx:fovy>35</gx:fovy>
			<range>110.0732586154663</range>
			<altitudeMode>absolute</altitudeMode>
		</LookAt>
		<styleUrl>#__managed_style_03F37AB66D29F82A74A0</styleUrl>
		<Point>
			<coordinates>104.762132717279,17.43263693858332,151.2284317642981</coordinates>
		</Point>
	</Placemark>
	<Placemark id="0A8B4D9CFD29EE10A162">
		<name>LT25 - SG - 212 - 0303 - 310+675</name>
		<LookAt>
			<longitude>104.7623339696801</longitude>
			<latitude>17.43243652689003</latitude>
			<altitude>152.0258034319227</altitude>
			<heading>42.72598668409027</heading>
			<tilt>0</tilt>
			<gx:fovy>35</gx:fovy>
			<range>111.7277567793644</range>
			<altitudeMode>absolute</altitudeMode>
		</LookAt>
		<styleUrl>#__managed_style_03F37AB66D29F82A74A0</styleUrl>
		<Point>
			<coordinates>104.7625063142354,17.43231289038752,152.0497338256219</coordinates>
		</Point>
	</Placemark>
	<Placemark id="03773C14BA29EE10BA42">
		<name>LT26 - SG - 212 - 0303 - 310+725</name>
		<LookAt>
			<longitude>104.7628153607105</longitude>
			<latitude>17.43202277692488</latitude>
			<altitude>153.2991352781928</altitude>
			<heading>42.72598668847303</heading>
			<tilt>0</tilt>
			<gx:fovy>35</gx:fovy>
			<range>114.4813830601015</range>
			<altitudeMode>absolute</altitudeMode>
		</LookAt>
		<styleUrl>#__managed_style_03F37AB66D29F82A74A0</styleUrl>
		<Point>
			<coordinates>104.7628629835908,17.43200021955226,153.5327706805169</coordinates>
		</Point>
	</Placemark>
	<Placemark id="0AA033EE7929EE10DDF6">
		<name>LT27 - SG - 212 - 0303 - 310+775</name>
		<LookAt>
			<longitude>104.7631556514714</longitude>
			<latitude>17.43167512352454</latitude>
			<altitude>154.2802215352165</altitude>
			<heading>42.72598669202566</heading>
			<tilt>0</tilt>
			<gx:fovy>35</gx:fovy>
			<range>85.25890933850862</range>
			<altitudeMode>absolute</altitudeMode>
		</LookAt>
		<styleUrl>#__managed_style_03F37AB66D29F82A74A0</styleUrl>
		<Point>
			<coordinates>104.7632014654896,17.43165711480439,153.9107041068469</coordinates>
		</Point>
	</Placemark>
	<Placemark id="05951ACE8C29EE11D160">
		<name>LT28 - SG - 212 - 0303 - 310+825</name>
		<LookAt>
			<longitude>104.7634062580443</longitude>
			<latitude>17.43135068106454</latitude>
			<altitude>151.2353469428411</altitude>
			<heading>42.72598662795957</heading>
			<tilt>0</tilt>
			<gx:fovy>35</gx:fovy>
			<range>84.14433335169633</range>
			<altitudeMode>absolute</altitudeMode>
		</LookAt>
		<styleUrl>#__managed_style_03F37AB66D29F82A74A0</styleUrl>
		<Point>
			<coordinates>104.7635158923423,17.43125317444485,150.343216180607</coordinates>
		</Point>
	</Placemark>
	<Placemark id="09113923A229EE12CCAD">
		<name>LT29 - SG - 212 - 0303 - 310+875</name>
		<LookAt>
			<longitude>104.7636458566444</longitude>
			<latitude>17.43083815483558</latitude>
			<altitude>150.5259694239186</altitude>
			<heading>56.70678756038609</heading>
			<tilt>0</tilt>
			<gx:fovy>35</gx:fovy>
			<range>145.8616275436907</range>
			<altitudeMode>absolute</altitudeMode>
		</LookAt>
		<styleUrl>#__managed_style_03F37AB66D29F82A74A0</styleUrl>
		<Point>
			<coordinates>104.7638143002297,17.43071858939853,152.575517817619</coordinates>
		</Point>
	</Placemark>
	<Placemark id="0400D4A81B29EE131BF3">
		<name>LT30 - SG - 212 - 0303 - 310+925</name>
		<LookAt>
			<longitude>104.7639867599846</longitude>
			<latitude>17.43029668870379</latitude>
			<altitude>153.1891442503161</altitude>
			<heading>56.7067875643114</heading>
			<tilt>0</tilt>
			<gx:fovy>35</gx:fovy>
			<range>80.7443012080148</range>
			<altitudeMode>absolute</altitudeMode>
		</LookAt>
		<styleUrl>#__managed_style_03F37AB66D29F82A74A0</styleUrl>
		<Point>
			<coordinates>104.7640070794828,17.43033815142955,153.469240366158</coordinates>
		</Point>
	</Placemark>
	<Placemark id="0351F5D9A229EE13AC8A">
		<name>LT31 - SG - 212 - 0303 - 310+975</name>
		<LookAt>
			<longitude>104.7641697689116</longitude>
			<latitude>17.42995478666794</latitude>
			<altitude>151.2045162342814</altitude>
			<heading>63.63351323233503</heading>
			<tilt>0</tilt>
			<gx:fovy>35</gx:fovy>
			<range>69.43309384126223</range>
			<altitudeMode>absolute</altitudeMode>
		</LookAt>
		<styleUrl>#__managed_style_03F37AB66D29F82A74A0</styleUrl>
		<Point>
			<coordinates>104.7641759223463,17.42996146294836,151.4107781545361</coordinates>
		</Point>
	</Placemark>
	<Placemark id="0B4603678F29EE13C222">
		<name>LT32 - SG - 212 - 0303 - 311+025</name>
		<LookAt>
			<longitude>104.7643830575118</longitude>
			<latitude>17.42958794602636</latitude>
			<altitude>150.8342010069012</altitude>
			<heading>63.63351323424217</heading>
			<tilt>0</tilt>
			<gx:fovy>35</gx:fovy>
			<range>83.28664628738808</range>
			<altitudeMode>absolute</altitudeMode>
		</LookAt>
		<styleUrl>#__managed_style_03F37AB66D29F82A74A0</styleUrl>
		<Point>
			<coordinates>104.7643818358958,17.42955963586108,150.6702164640045</coordinates>
		</Point>
	</Placemark>
	<Placemark id="0F97885EA529EE13E06D">
		<name>LT33 - SG - 212 - 0303 - 311+075</name>
		<LookAt>
			<longitude>104.7646168519856</longitude>
			<latitude>17.42907752055456</latitude>
			<altitude>149.5293190637506</altitude>
			<heading>63.63351323627726</heading>
			<tilt>0</tilt>
			<gx:fovy>35</gx:fovy>
			<range>85.91042586211189</range>
			<altitudeMode>absolute</altitudeMode>
		</LookAt>
		<styleUrl>#__managed_style_03F37AB66D29F82A74A0</styleUrl>
		<Point>
			<coordinates>104.7645454897325,17.42916259054036,149.7505601924442</coordinates>
		</Point>
	</Placemark>
	<Placemark id="0D3FF6A7E829EE13F426">
		<name>LT34 - SG - 212 - 0303 - 311+125</name>
		<LookAt>
			<longitude>104.7647746453405</longitude>
			<latitude>17.42875564185291</latitude>
			<altitude>149.0189682851227</altitude>
			<heading>63.63351323772173</heading>
			<tilt>0</tilt>
			<gx:fovy>35</gx:fovy>
			<range>68.62048720770873</range>
			<altitudeMode>absolute</altitudeMode>
		</LookAt>
		<styleUrl>#__managed_style_03F37AB66D29F82A74A0</styleUrl>
		<Point>
			<coordinates>104.7647508086358,17.42875973103697,149.1856618769298</coordinates>
		</Point>
	</Placemark>
	<Placemark id="03823F722F29EE141025">
		<name>LT35 - SG - 212 - 0303 - 311+170</name>
		<LookAt>
			<longitude>104.7649205160467</longitude>
			<latitude>17.42840529632007</latitude>
			<altitude>149.2517834171894</altitude>
			<heading>63.63351323868932</heading>
			<tilt>0</tilt>
			<gx:fovy>35</gx:fovy>
			<range>86.02299946220229</range>
			<altitudeMode>absolute</altitudeMode>
		</LookAt>
		<styleUrl>#__managed_style_03F37AB66D29F82A74A0</styleUrl>
		<Point>
			<coordinates>104.7649045960205,17.42840593325815,149.4630091187737</coordinates>
		</Point>
	</Placemark>
	<Placemark id="02487C611C29EE14347E">
		<name>LT36 - SG - 212 - 0303 - 311+215</name>
		<LookAt>
			<longitude>104.7651012430002</longitude>
			<latitude>17.42797448085667</latitude>
			<altitude>148.8307251195663</altitude>
			<heading>63.63351324128978</heading>
			<tilt>0</tilt>
			<gx:fovy>35</gx:fovy>
			<range>64.59226679417952</range>
			<altitudeMode>absolute</altitudeMode>
		</LookAt>
		<styleUrl>#__managed_style_03F37AB66D29F82A74A0</styleUrl>
		<Point>
			<coordinates>104.765089466783,17.42805299994834,148.9409411608999</coordinates>
		</Point>
	</Placemark>
	<Placemark id="0DFB4BC54D29EE1448AE">
		<name>LT37 - SG - 212 - 0303 - 311+260</name>
		<LookAt>
			<longitude>104.7652545485347</longitude>
			<latitude>17.42767570192207</latitude>
			<altitude>148.0934134978517</altitude>
			<heading>63.63351324211767</heading>
			<tilt>0</tilt>
			<gx:fovy>35</gx:fovy>
			<range>65.92156585586054</range>
			<altitudeMode>absolute</altitudeMode>
		</LookAt>
		<styleUrl>#__managed_style_03F37AB66D29F82A74A0</styleUrl>
		<Point>
			<coordinates>104.7652783424016,17.42765263510974,148.2412110928276</coordinates>
		</Point>
	</Placemark>
	<Placemark id="03BB0CCC7429EE162430">
		<name>LT38 - SG - 212 - 0303 - 311+310</name>
		<LookAt>
			<longitude>104.7655014603912</longitude>
			<latitude>17.42704448033702</latitude>
			<altitude>148.0917425929691</altitude>
			<heading>59.23291601445507</heading>
			<tilt>0.1018077222768024</tilt>
			<gx:fovy>35</gx:fovy>
			<range>41.38261860889543</range>
			<altitudeMode>absolute</altitudeMode>
		</LookAt>
		<styleUrl>#__managed_style_03F37AB66D29F82A74A0</styleUrl>
		<Point>
			<coordinates>104.7655609138656,17.42706946559921,148.2545620814805</coordinates>
		</Point>
	</Placemark>
	<Placemark id="05949DD9C629EE54225B">
		<name>RT10 - SG - 212 - 0303 - 311+310</name>
		<LookAt>
			<longitude>104.7653447838928</longitude>
			<latitude>17.42699210616079</latitude>
			<altitude>148.246279447483</altitude>
			<heading>58.65464895751134</heading>
			<tilt>0</tilt>
			<gx:fovy>35</gx:fovy>
			<range>59.08398282953385</range>
			<altitudeMode>absolute</altitudeMode>
		</LookAt>
		<styleUrl>#__managed_style_03F37AB66D29F82A74A0</styleUrl>
		<Point>
			<coordinates>104.7653454853393,17.42696097652649,148.4121162336434</coordinates>
		</Point>
	</Placemark>
	<Placemark id="0C549EF4A829EE583506">
		<name>LT39 - SG - 212 - 0303 - 311+345</name>
		<Camera>
			<gx:ViewerOptions>
				<gx:option name="streetview"></gx:option>
				<gx:streetViewPanoId>DNxQ-P-_1GVbZ2Nsp1x2uw</gx:streetViewPanoId>
			</gx:ViewerOptions>
			<longitude>104.7657956607483</longitude>
			<latitude>17.42651859784436</latitude>
			<altitude>151.0750632381811</altitude>
			<heading>52.8554208965036</heading>
			<tilt>80.13263219811087</tilt>
			<roll>0</roll>
			<gx:fovy>59.99999999999999</gx:fovy>
			<altitudeMode>absolute</altitudeMode>
		</Camera>
		<styleUrl>#__managed_style_03F37AB66D29F82A74A0</styleUrl>
		<Point>
			<coordinates>104.7657149137927,17.42677857651595,148.8676054132155</coordinates>
		</Point>
	</Placemark>
	<Placemark id="019D88D24729EE58B3CA">
		<name>RT11 - SG - 212 - 0303 - 311+345</name>
		<LookAt>
			<longitude>104.7654772383253</longitude>
			<latitude>17.42666611432909</latitude>
			<altitude>149.2539868876812</altitude>
			<heading>-53.52855871430349</heading>
			<tilt>0.2362007603768607</tilt>
			<gx:fovy>35</gx:fovy>
			<range>48.32305802678093</range>
			<altitudeMode>absolute</altitudeMode>
		</LookAt>
		<styleUrl>#__managed_style_03F37AB66D29F82A74A0</styleUrl>
		<Point>
			<coordinates>104.7654690107271,17.42667283163384,149.3165838634733</coordinates>
		</Point>
	</Placemark>
	<Placemark id="0DF4EDDC5929EE5B18EF">
		<name>LT40 - SG - 212 - 0303 - 311+380</name>
		<Camera>
			<gx:ViewerOptions>
				<gx:option name="streetview"></gx:option>
				<gx:streetViewPanoId>DNxQ-P-_1GVbZ2Nsp1x2uw</gx:streetViewPanoId>
			</gx:ViewerOptions>
			<longitude>104.7657956607518</longitude>
			<latitude>17.42651859784644</latitude>
			<altitude>151.0742845753537</altitude>
			<heading>62.13661972065544</heading>
			<tilt>76.18387733224829</tilt>
			<roll>0</roll>
			<gx:fovy>59.99999999999999</gx:fovy>
			<altitudeMode>absolute</altitudeMode>
		</Camera>
		<styleUrl>#__managed_style_03F37AB66D29F82A74A0</styleUrl>
		<Point>
			<altitudeMode>relativeToGround</altitudeMode>
			<coordinates>104.7658342728472,17.42654204206644,0</coordinates>
		</Point>
	</Placemark>
	<Placemark id="09897663E329EE5D708B">
		<name>RT12 - SG - 212 - 0303 - 311+380</name>
		<LookAt>
			<longitude>104.7655929207765</longitude>
			<latitude>17.42642143631922</latitude>
			<altitude>150.8211018974689</altitude>
			<heading>280.7762732115085</heading>
			<tilt>0</tilt>
			<gx:fovy>35</gx:fovy>
			<range>32.3683692826944</range>
			<altitudeMode>absolute</altitudeMode>
		</LookAt>
		<styleUrl>#__managed_style_03F37AB66D29F82A74A0</styleUrl>
		<Point>
			<coordinates>104.7655827949148,17.42642167407537,151.0127817949836</coordinates>
		</Point>
	</Placemark>
	<Placemark id="0BB4F42EB129EE5F254C">
		<name>LT41 - SG - 212 - 0303 - 311+415</name>
		<LookAt>
			<longitude>104.7659555816935</longitude>
			<latitude>17.42632993321304</latitude>
			<altitude>150.0796790981405</altitude>
			<heading>7.390788250250035</heading>
			<tilt>0</tilt>
			<gx:fovy>35</gx:fovy>
			<range>85.6405574839664</range>
			<altitudeMode>absolute</altitudeMode>
		</LookAt>
		<styleUrl>#__managed_style_03F37AB66D29F82A74A0</styleUrl>
		<Point>
			<coordinates>104.7659653383289,17.42635313511376,150.2424017520986</coordinates>
		</Point>
	</Placemark>
	<Placemark id="09F3E2401D29EE5FF7F8">
		<name>RT13 - SG - 212 - 0303 - 311+415</name>
		<LookAt>
			<longitude>104.7659752600154</longitude>
			<latitude>17.42637963234447</latitude>
			<altitude>150.0502449743338</altitude>
			<heading>7.473321627616346</heading>
			<tilt>0.07618250599016407</tilt>
			<gx:fovy>35.00000008569452</gx:fovy>
			<range>140.4971142278737</range>
			<altitudeMode>absolute</altitudeMode>
		</LookAt>
		<styleUrl>#__managed_style_03F37AB66D29F82A74A0</styleUrl>
		<Point>
			<coordinates>104.7657315306425,17.42617487806825,150.8809806023774</coordinates>
		</Point>
	</Placemark>
	<Placemark id="04771ECF9729EE63B949">
		<name>LT42 - SG - 212 - 0303 - 311+445</name>
		<LookAt>
			<longitude>104.7661013644851</longitude>
			<latitude>17.42616029831473</latitude>
			<altitude>149.2824139671472</altitude>
			<heading>223.3524180466614</heading>
			<tilt>0</tilt>
			<gx:fovy>35</gx:fovy>
			<range>41.3186832010615</range>
			<altitudeMode>absolute</altitudeMode>
		</LookAt>
		<styleUrl>#__managed_style_03F37AB66D29F82A74A0</styleUrl>
		<Point>
			<coordinates>104.7661066969144,17.4261656873476,149.4354107607728</coordinates>
		</Point>
	</Placemark>
	<Placemark id="0F2D09052A29EE64785E">
		<name>RT14 - SG - 212 - 0303 - 311+445</name>
		<LookAt>
			<longitude>104.7659077988371</longitude>
			<latitude>17.42613645428761</latitude>
			<altitude>149.8572841544194</altitude>
			<heading>223.8776464583249</heading>
			<tilt>0</tilt>
			<gx:fovy>35</gx:fovy>
			<range>72.58069875031651</range>
			<altitudeMode>absolute</altitudeMode>
		</LookAt>
		<styleUrl>#__managed_style_03F37AB66D29F82A74A0</styleUrl>
		<Point>
			<coordinates>104.7659011415499,17.42597436630594,149.9405370620469</coordinates>
		</Point>
	</Placemark>
	<Placemark id="0DA54736B829EE66B1BF">
		<name>RT15 - SG - 212 - 0303 - 311+475</name>
		<LookAt>
			<longitude>104.7661104730822</longitude>
			<latitude>17.42581069694581</latitude>
			<altitude>149.4068864337974</altitude>
			<heading>43.72106623194319</heading>
			<tilt>0.06105708315381336</tilt>
			<gx:fovy>35</gx:fovy>
			<range>54.87692405934467</range>
			<altitudeMode>absolute</altitudeMode>
		</LookAt>
		<styleUrl>#__managed_style_03F37AB66D29F82A74A0</styleUrl>
		<Point>
			<coordinates>104.7661061919285,17.42577754343383,149.711493751694</coordinates>
		</Point>
	</Placemark>
	<Placemark id="026E6A390429EE66F925">
		<name>LT43 - SG - 212 - 0303 - 311+475</name>
		<LookAt>
			<longitude>104.7662677188521</longitude>
			<latitude>17.42576631795825</latitude>
			<altitude>150.4350319487313</altitude>
			<heading>43.46968345075943</heading>
			<tilt>0.06105761274307858</tilt>
			<gx:fovy>35</gx:fovy>
			<range>112.0318584717643</range>
			<altitudeMode>absolute</altitudeMode>
		</LookAt>
		<styleUrl>#__managed_style_03F37AB66D29F82A74A0</styleUrl>
		<Point>
			<coordinates>104.7663135085108,17.42598519110695,150.2598558803507</coordinates>
		</Point>
	</Placemark>
	<Placemark id="03DF88F81C29EE67EDC0">
		<name>LT44 - SG - 212 - 0303 - 311+505</name>
		<LookAt>
			<longitude>104.7664799705376</longitude>
			<latitude>17.42578932965966</latitude>
			<altitude>151.4251935020146</altitude>
			<heading>219.2133914083882</heading>
			<tilt>0</tilt>
			<gx:fovy>35.00000008349458</gx:fovy>
			<range>94.17573162580085</range>
			<altitudeMode>absolute</altitudeMode>
		</LookAt>
		<styleUrl>#__managed_style_03F37AB66D29F82A74A0</styleUrl>
		<Point>
			<coordinates>104.7664835864003,17.42584978996153,151.4333004407135</coordinates>
		</Point>
	</Placemark>
	<Placemark id="02DAD5E54429EE6845E4">
		<name>RT16 - SG - 212 - 0303 - 311+510</name>
		<LookAt>
			<longitude>104.7663739582343</longitude>
			<latitude>17.42571777153965</latitude>
			<altitude>151.1361604802555</altitude>
			<heading>218.3337229326324</heading>
			<tilt>0</tilt>
			<gx:fovy>35.00000008349456</gx:fovy>
			<range>66.15302315746703</range>
			<altitudeMode>absolute</altitudeMode>
		</LookAt>
		<styleUrl>#__managed_style_03F37AB66D29F82A74A0</styleUrl>
		<Point>
			<coordinates>104.7663749590637,17.42561582684693,151.6709650893062</coordinates>
		</Point>
	</Placemark>
	<Placemark id="01034F24F029EE6A5173">
		<name>LT45 - SG - 212 - 0303 - 311+550</name>
		<LookAt>
			<longitude>104.7667578116732</longitude>
			<latitude>17.42559756848632</latitude>
			<altitude>152.7436936654859</altitude>
			<heading>217.4702762991914</heading>
			<tilt>0</tilt>
			<gx:fovy>35.00000008349455</gx:fovy>
			<range>43.73680793666609</range>
			<altitudeMode>absolute</altitudeMode>
		</LookAt>
		<styleUrl>#__managed_style_03F37AB66D29F82A74A0</styleUrl>
		<Point>
			<coordinates>104.7667984478314,17.42558743619808,152.9339760734628</coordinates>
		</Point>
	</Placemark>
	<Placemark id="0EF9B8815329EE6B8B65">
		<name>RT17 - SG - 212 - 0303 - 311+550</name>
		<LookAt>
			<longitude>104.7665993344861</longitude>
			<latitude>17.42569972024096</latitude>
			<altitude>152.1948342278725</altitude>
			<heading>215.919861938778</heading>
			<tilt>0</tilt>
			<gx:fovy>35.00000008349447</gx:fovy>
			<range>122.471246232999</range>
			<altitudeMode>absolute</altitudeMode>
		</LookAt>
		<styleUrl>#__managed_style_03F37AB66D29F82A74A0</styleUrl>
		<Point>
			<coordinates>104.7666361189696,17.42541902961241,153.586904654011</coordinates>
		</Point>
	</Placemark>
	<Placemark id="045713A4AB29EE6BE88C">
		<name>LT46 - SG - 212 - 0303 - 311+580</name>
		<LookAt>
			<longitude>104.7668740643793</longitude>
			<latitude>17.42539878205813</latitude>
			<altitude>152.5403982264783</altitude>
			<heading>215.9230008577574</heading>
			<tilt>0</tilt>
			<gx:fovy>35.00000008349447</gx:fovy>
			<range>97.96500257873049</range>
			<altitudeMode>absolute</altitudeMode>
		</LookAt>
		<styleUrl>#__managed_style_03F37AB66D29F82A74A0</styleUrl>
		<Point>
			<coordinates>104.7670119147435,17.42542130314074,151.6472655937579</coordinates>
		</Point>
	</Placemark>
	<Placemark id="03E35F7D6E29EE6C8F0F">
		<name>RT17 - SG - 212 - 0303 - 311+580</name>
		<LookAt>
			<longitude>104.766874022985</longitude>
			<latitude>17.42539885285131</latitude>
			<altitude>152.5406811717191</altitude>
			<heading>215.9234502415567</heading>
			<tilt>0</tilt>
			<gx:fovy>35.00000008349447</gx:fovy>
			<range>97.96477080273689</range>
			<altitudeMode>absolute</altitudeMode>
		</LookAt>
		<styleUrl>#__managed_style_03F37AB66D29F82A74A0</styleUrl>
		<Point>
			<coordinates>104.7667932099289,17.42518818961263,152.9890167264832</coordinates>
		</Point>
	</Placemark>
	<Placemark id="03DF56023B29EE6D3379">
		<name>LT47 - SG - 212 - 0303 - 311+610</name>
		<LookAt>
			<longitude>104.7671871406825</longitude>
			<latitude>17.42524144570433</latitude>
			<altitude>148.1219148746515</altitude>
			<heading>218.7577115976102</heading>
			<tilt>0</tilt>
			<gx:fovy>35</gx:fovy>
			<range>95.49583497493586</range>
			<altitudeMode>absolute</altitudeMode>
		</LookAt>
		<styleUrl>#__managed_style_03F37AB66D29F82A74A0</styleUrl>
		<Point>
			<coordinates>104.7672091231162,17.4252406380474,148.1285986210113</coordinates>
		</Point>
	</Placemark>
	<Placemark id="08F6AFD9FB29EE6DB438">
		<name>RT18 - SG - 212 - 0303 - 311+610</name>
		<LookAt>
			<longitude>104.7670416253883</longitude>
			<latitude>17.42505863737029</latitude>
			<altitude>150.0789156350342</altitude>
			<heading>221.663316892988</heading>
			<tilt>0</tilt>
			<gx:fovy>35</gx:fovy>
			<range>47.18183359510476</range>
			<altitudeMode>absolute</altitudeMode>
		</LookAt>
		<styleUrl>#__managed_style_03F37AB66D29F82A74A0</styleUrl>
		<Point>
			<coordinates>104.7670321762344,17.42504118757378,150.3500845917837</coordinates>
		</Point>
	</Placemark>
	<Placemark id="0F7F00B6DD29EE6E14E0">
		<name>LT48 - SG - 212 - 0303 - 311+640</name>
		<LookAt>
			<longitude>104.7673962719499</longitude>
			<latitude>17.42502603074917</latitude>
			<altitude>148.4560691312837</altitude>
			<heading>-138.3437303685592</heading>
			<tilt>0.4418825057159917</tilt>
			<gx:fovy>35</gx:fovy>
			<range>106.4907897928242</range>
			<altitudeMode>absolute</altitudeMode>
		</LookAt>
		<styleUrl>#__managed_style_03F37AB66D29F82A74A0</styleUrl>
		<Point>
			<coordinates>104.7674141861987,17.42507551706333,148.2840007239158</coordinates>
		</Point>
	</Placemark>
	<Placemark id="0AA230105629EE6E595F">
		<name>RT19 - SG - 212 - 0303 - 311+640</name>
		<LookAt>
			<longitude>104.7673197113225</longitude>
			<latitude>17.42494771625774</latitude>
			<altitude>149.2316657249498</altitude>
			<heading>-138.3494651878224</heading>
			<tilt>0.4418822536124559</tilt>
			<gx:fovy>34.99999999999999</gx:fovy>
			<range>105.7144676910684</range>
			<altitudeMode>absolute</altitudeMode>
		</LookAt>
		<styleUrl>#__managed_style_03F37AB66D29F82A74A0</styleUrl>
		<Point>
			<coordinates>104.7672316075952,17.42487045173003,150.4448779839722</coordinates>
		</Point>
	</Placemark>
	<Placemark id="0FE3B474D629EE6F2F7D">
		<name>LT49 - SG - 212 - 0303 - 311+670</name>
		<LookAt>
			<longitude>104.7675713253578</longitude>
			<latitude>17.42479684444591</latitude>
			<altitude>151.9209938565399</altitude>
			<heading>32.73858927293666</heading>
			<tilt>0</tilt>
			<gx:fovy>35</gx:fovy>
			<range>77.08687023464336</range>
			<altitudeMode>absolute</altitudeMode>
		</LookAt>
		<styleUrl>#__managed_style_03F37AB66D29F82A74A0</styleUrl>
		<Point>
			<coordinates>104.7676547806739,17.42489444192966,151.3283605145685</coordinates>
		</Point>
	</Placemark>
	<Placemark id="0BB0327DA229EE6F9FB0">
		<name>RT20 - SG - 212 - 0303 - 311+670</name>
		<LookAt>
			<longitude>104.7675006415131</longitude>
			<latitude>17.42470603092611</latitude>
			<altitude>152.8147503666741</altitude>
			<heading>214.4377350667414</heading>
			<tilt>0</tilt>
			<gx:fovy>35</gx:fovy>
			<range>39.27488248951704</range>
			<altitudeMode>absolute</altitudeMode>
		</LookAt>
		<styleUrl>#__managed_style_03F37AB66D29F82A74A0</styleUrl>
		<Point>
			<coordinates>104.7674825000209,17.42468920041808,153.1238172808904</coordinates>
		</Point>
	</Placemark>
	<Placemark id="0E2188309529EE702691">
		<name>LT50 - SG - 212 - 0303 - 311+700</name>
		<LookAt>
			<longitude>104.7678632911348</longitude>
			<latitude>17.42470590092766</latitude>
			<altitude>152.813287657011</altitude>
			<heading>-135.9821282668632</heading>
			<tilt>0.350369444290215</tilt>
			<gx:fovy>35</gx:fovy>
			<range>68.84638767986873</range>
			<altitudeMode>absolute</altitudeMode>
		</LookAt>
		<styleUrl>#__managed_style_03F37AB66D29F82A74A0</styleUrl>
		<Point>
			<coordinates>104.7678796079303,17.4247220120279,152.9076974033273</coordinates>
		</Point>
	</Placemark>
	<Placemark id="0C44F652B829EE708B2F">
		<name>RT21 - SG - 212 - 0303 - 311+700</name>
		<LookAt>
			<longitude>104.7677110226597</longitude>
			<latitude>17.42455007890986</latitude>
			<altitude>153.2343948250776</altitude>
			<heading>-135.8943601258869</heading>
			<tilt>0.09835199697998592</tilt>
			<gx:fovy>35</gx:fovy>
			<range>44.87197432330959</range>
			<altitudeMode>absolute</altitudeMode>
		</LookAt>
		<styleUrl>#__managed_style_03F37AB66D29F82A74A0</styleUrl>
		<Point>
			<coordinates>104.7677124296849,17.42451915436789,153.4421891009902</coordinates>
		</Point>
	</Placemark>
	<Placemark id="08F2977FC529EE717BAB">
		<name>RT22 - SG - 212 - 0303 - 311+730</name>
		<LookAt>
			<longitude>104.7679558784645</longitude>
			<latitude>17.42440622464233</latitude>
			<altitude>152.9937540943172</altitude>
			<heading>221.4711089787376</heading>
			<tilt>0</tilt>
			<gx:fovy>35</gx:fovy>
			<range>88.55030227959105</range>
			<altitudeMode>absolute</altitudeMode>
		</LookAt>
		<styleUrl>#__managed_style_03F37AB66D29F82A74A0</styleUrl>
		<Point>
			<coordinates>104.7679113730363,17.42434272109636,153.0678956543511</coordinates>
		</Point>
	</Placemark>
	<Placemark id="0D6DF0829729EE71A9DD">
		<name>LT51 - SG - 212 - 0303 - 311+740</name>
		<LookAt>
			<longitude>104.768014774753</longitude>
			<latitude>17.42449046685744</latitude>
			<altitude>153.0369226022978</altitude>
			<heading>221.475018595104</heading>
			<tilt>0</tilt>
			<gx:fovy>35</gx:fovy>
			<range>91.48255252419403</range>
			<altitudeMode>absolute</altitudeMode>
		</LookAt>
		<styleUrl>#__managed_style_03F37AB66D29F82A74A0</styleUrl>
		<Point>
			<coordinates>104.7680766498899,17.4245530515011,153.12207212327</coordinates>
		</Point>
	</Placemark>
	<Placemark id="000D0B44FF29EE72DBD6">
		<name>LT52 - SG - 212 - 0303 - 311+775</name>
		<LookAt>
			<longitude>104.7682165318055</longitude>
			<latitude>17.42436465170123</latitude>
			<altitude>152.9934330228874</altitude>
			<heading>221.478902472608</heading>
			<tilt>0</tilt>
			<gx:fovy>35</gx:fovy>
			<range>87.95812620474862</range>
			<altitudeMode>absolute</altitudeMode>
		</LookAt>
		<styleUrl>#__managed_style_03F37AB66D29F82A74A0</styleUrl>
		<Point>
			<coordinates>104.7683015801705,17.42437248564163,153.157543626137</coordinates>
		</Point>
	</Placemark>
	<Placemark id="0E1A717EB129EE735FC8">
		<name>RT23 - SG - 212 - 0303 - 311+775</name>
		<LookAt>
			<longitude>104.7681698071866</longitude>
			<latitude>17.42417476352048</latitude>
			<altitude>152.9642046893979</altitude>
			<heading>219.8331339813125</heading>
			<tilt>0</tilt>
			<gx:fovy>35</gx:fovy>
			<range>67.45422517432418</range>
			<altitudeMode>absolute</altitudeMode>
		</LookAt>
		<styleUrl>#__managed_style_03F37AB66D29F82A74A0</styleUrl>
		<Point>
			<coordinates>104.7681520360653,17.42415123347614,153.076765781875</coordinates>
		</Point>
	</Placemark>
	<Placemark id="0CC6FB928629EE754B8D">
		<name>LT53 - SG - 212 - 0303 - 311+825</name>
		<LookAt>
			<longitude>104.7686264951728</longitude>
			<latitude>17.42407382318908</latitude>
			<altitude>152.7127214340858</altitude>
			<heading>221.4819836825439</heading>
			<tilt>0</tilt>
			<gx:fovy>35</gx:fovy>
			<range>31.76776235608486</range>
			<altitudeMode>absolute</altitudeMode>
		</LookAt>
		<styleUrl>#__managed_style_03F37AB66D29F82A74A0</styleUrl>
		<Point>
			<coordinates>104.7686619864809,17.42406337041183,152.8378012967256</coordinates>
		</Point>
	</Placemark>
	<Placemark id="00842493A429EE75C12C">
		<name>RT24 - SG - 212 - 0303 - 311+825</name>
		<LookAt>
			<longitude>104.7684816915444</longitude>
			<latitude>17.42393117136469</latitude>
			<altitude>152.1623982427988</altitude>
			<heading>-136.6969677910349</heading>
			<tilt>0.14060640561487</tilt>
			<gx:fovy>35</gx:fovy>
			<range>127.2636784526185</range>
			<altitudeMode>absolute</altitudeMode>
		</LookAt>
		<styleUrl>#__managed_style_03F37AB66D29F82A74A0</styleUrl>
		<Point>
			<coordinates>104.7684894065771,17.42387685248901,152.1398032918027</coordinates>
		</Point>
	</Placemark>
	<Placemark id="06E0518A1929EE763384">
		<name>LT53 - SG - 212 - 0303 - 311+870</name>
		<LookAt>
			<longitude>104.7689279306527</longitude>
			<latitude>17.4237497935023</latitude>
			<altitude>152.2084682342547</altitude>
			<heading>-136.7145096485374</heading>
			<tilt>0.1406049909722009</tilt>
			<gx:fovy>34.99999999999999</gx:fovy>
			<range>81.94729973638459</range>
			<altitudeMode>absolute</altitudeMode>
		</LookAt>
		<styleUrl>#__managed_style_03F37AB66D29F82A74A0</styleUrl>
		<Point>
			<coordinates>104.7689830110253,17.42378171973479,152.7165368989141</coordinates>
		</Point>
	</Placemark>
	<Placemark id="03E435273729EE774A47">
		<name>RT25 - SG - 212 - 0303 - 311+870</name>
		<LookAt>
			<longitude>104.7688089906349</longitude>
			<latitude>17.4235833013216</latitude>
			<altitude>151.5062010281855</altitude>
			<heading>218.9641059831973</heading>
			<tilt>0</tilt>
			<gx:fovy>35</gx:fovy>
			<range>61.14569982538342</range>
			<altitudeMode>absolute</altitudeMode>
		</LookAt>
		<styleUrl>#__managed_style_03F37AB66D29F82A74A0</styleUrl>
		<Point>
			<coordinates>104.7688299035193,17.42361739212428,151.9182047136333</coordinates>
		</Point>
	</Placemark>
	<Placemark id="029A24175729EE77BF9A">
		<name>LT54 - SG - 212 - 0303 - 311+920</name>
		<LookAt>
			<longitude>104.7690890197442</longitude>
			<latitude>17.42353252606437</latitude>
			<altitude>152.1014791921341</altitude>
			<heading>218.9735109629931</heading>
			<tilt>0</tilt>
			<gx:fovy>35</gx:fovy>
			<range>117.2018885513535</range>
			<altitudeMode>absolute</altitudeMode>
		</LookAt>
		<styleUrl>#__managed_style_03F37AB66D29F82A74A0</styleUrl>
		<Point>
			<coordinates>104.7693212367403,17.42349353659517,152.6014682479164</coordinates>
		</Point>
	</Placemark>
	<Placemark id="0867D0941F29EE790102">
		<name>RT26 - SG - 212 - 0303 - 311+920</name>
		<LookAt>
			<longitude>104.7691992210847</longitude>
			<latitude>17.42335733408547</latitude>
			<altitude>151.4579220066695</altitude>
			<heading>219.635768305257</heading>
			<tilt>0</tilt>
			<gx:fovy>35</gx:fovy>
			<range>31.09216430674678</range>
			<altitudeMode>absolute</altitudeMode>
		</LookAt>
		<styleUrl>#__managed_style_03F37AB66D29F82A74A0</styleUrl>
		<Point>
			<coordinates>104.7691770731445,17.42333420806531,151.4252703307268</coordinates>
		</Point>
	</Placemark>
	<Placemark id="0650503E7E29EE79C273">
		<name>LT55 - SG - 212 - 0303 - 311+970</name>
		<LookAt>
			<longitude>104.7695153977455</longitude>
			<latitude>17.42321501262477</latitude>
			<altitude>151.3578355957002</altitude>
			<heading>219.6346713248757</heading>
			<tilt>0</tilt>
			<gx:fovy>35</gx:fovy>
			<range>191.0436341276364</range>
			<altitudeMode>absolute</altitudeMode>
		</LookAt>
		<styleUrl>#__managed_style_03F37AB66D29F82A74A0</styleUrl>
		<Point>
			<coordinates>104.7696698865999,17.42322348957816,151.3176835865576</coordinates>
		</Point>
	</Placemark>
	<Placemark id="0C54AE084A29EE79FEAC">
		<name>LT56 - SG - 212 - 0303 - 312+020</name>
		<LookAt>
			<longitude>104.7698545054468</longitude>
			<latitude>17.42300829680029</latitude>
			<altitude>150.9635531772981</altitude>
			<heading>219.6335847416531</heading>
			<tilt>0</tilt>
			<gx:fovy>35</gx:fovy>
			<range>137.1679881550335</range>
			<altitudeMode>absolute</altitudeMode>
		</LookAt>
		<styleUrl>#__managed_style_03F37AB66D29F82A74A0</styleUrl>
		<Point>
			<coordinates>104.7700235652566,17.4229056895341,150.9660047841784</coordinates>
		</Point>
	</Placemark>
	<Placemark id="0B1606BDC929EE7DADBB">
		<name>LT57 - SG - 212 - 0303 - 312+070</name>
		<LookAt>
			<longitude>104.7701683419768</longitude>
			<latitude>17.42275850000202</latitude>
			<altitude>150.4492294251317</altitude>
			<heading>219.6335675392807</heading>
			<tilt>0</tilt>
			<gx:fovy>35</gx:fovy>
			<range>132.1475810681113</range>
			<altitudeMode>absolute</altitudeMode>
		</LookAt>
		<styleUrl>#__managed_style_03F37AB66D29F82A74A0</styleUrl>
		<Point>
			<coordinates>104.7703296420166,17.4226714941009,149.5977802382376</coordinates>
		</Point>
	</Placemark>
	<Placemark id="00C328485B29EE7DECB9">
		<name>LT58 - SG - 212 - 0303 - 312+120</name>
		<LookAt>
			<longitude>104.7705666768843</longitude>
			<latitude>17.42247720702844</latitude>
			<altitude>148.8004541435238</altitude>
			<heading>219.6335645362726</heading>
			<tilt>0</tilt>
			<gx:fovy>35</gx:fovy>
			<range>107.5270718489992</range>
			<altitudeMode>absolute</altitudeMode>
		</LookAt>
		<styleUrl>#__managed_style_03F37AB66D29F82A74A0</styleUrl>
		<Point>
			<coordinates>104.770627793279,17.42241744927842,148.9366824511677</coordinates>
		</Point>
	</Placemark>
	<Placemark id="02F753D38829EE7E4530">
		<name>LT59 - SG - 212 - 0303 - 312+170</name>
		<LookAt>
			<longitude>104.7709053951613</longitude>
			<latitude>17.42218957059214</latitude>
			<altitude>148.0112163740374</altitude>
			<heading>219.6335586440144</heading>
			<tilt>0</tilt>
			<gx:fovy>35</gx:fovy>
			<range>102.547932477737</range>
			<altitudeMode>absolute</altitudeMode>
		</LookAt>
		<styleUrl>#__managed_style_03F37AB66D29F82A74A0</styleUrl>
		<Point>
			<coordinates>104.7709298139507,17.4221746608056,148.2558413486995</coordinates>
		</Point>
	</Placemark>
	<Placemark id="0C45473CC929EE7F5B98">
		<name>LT60 - SG - 212 - 0303 - 312+220</name>
		<LookAt>
			<longitude>104.7712480995369</longitude>
			<latitude>17.42191176839595</latitude>
			<altitude>148.5030661729574</altitude>
			<heading>218.5586136382911</heading>
			<tilt>0</tilt>
			<gx:fovy>35</gx:fovy>
			<range>129.6934557263012</range>
			<altitudeMode>absolute</altitudeMode>
		</LookAt>
		<styleUrl>#__managed_style_03F37AB66D29F82A74A0</styleUrl>
		<Point>
			<coordinates>104.7712496673854,17.42190100195225,148.7083555936214</coordinates>
		</Point>
	</Placemark>
	<Placemark id="04D24CFA6229EE8031D9">
		<name>LT61 - SG - 212 - 0303 - 312+270</name>
		<LookAt>
			<longitude>104.7714637961301</longitude>
			<latitude>17.42170922991891</latitude>
			<altitude>150.1121672794962</altitude>
			<heading>218.5586047837061</heading>
			<tilt>0</tilt>
			<gx:fovy>35</gx:fovy>
			<range>73.57756150438036</range>
			<altitudeMode>absolute</altitudeMode>
		</LookAt>
		<styleUrl>#__managed_style_03F37AB66D29F82A74A0</styleUrl>
		<Point>
			<coordinates>104.771535074587,17.42169167834968,150.6494982775618</coordinates>
		</Point>
	</Placemark>
	<Placemark id="09B67EA6C529EE80A126">
		<name>LT62 - SG - 212 - 0303 - 312+320</name>
		<LookAt>
			<longitude>104.7718506633016</longitude>
			<latitude>17.42139508899234</latitude>
			<altitude>150.9639511532587</altitude>
			<heading>218.558600602831</heading>
			<tilt>0</tilt>
			<gx:fovy>35</gx:fovy>
			<range>94.95632999463851</range>
			<altitudeMode>absolute</altitudeMode>
		</LookAt>
		<styleUrl>#__managed_style_03F37AB66D29F82A74A0</styleUrl>
		<Point>
			<coordinates>104.7718588200841,17.42142985995667,151.1080312659257</coordinates>
		</Point>
	</Placemark>
	<Placemark id="0C6AC45E0029EE81C448">
		<name>RT27 - SG - 212 - 0303 - 311+970</name>
		<LookAt>
			<longitude>104.7695404592784</longitude>
			<latitude>17.42307020308882</latitude>
			<altitude>151.0279261189058</altitude>
			<heading>41.95193472693047</heading>
			<tilt>1.036066197277724</tilt>
			<gx:fovy>35</gx:fovy>
			<range>69.98988931068199</range>
			<altitudeMode>absolute</altitudeMode>
		</LookAt>
		<styleUrl>#__managed_style_03F37AB66D29F82A74A0</styleUrl>
		<Point>
			<coordinates>104.7695131256432,17.42306534811805,151.2226469963647</coordinates>
		</Point>
	</Placemark>
	<Placemark id="0E75303ED829EE8279B5">
		<name>RT28 - SG - 212 - 0303 - 312+020</name>
		<LookAt>
			<longitude>104.7699139945475</longitude>
			<latitude>17.42278011593946</latitude>
			<altitude>150.8779756181588</altitude>
			<heading>-137.6946289627024</heading>
			<tilt>0.3461166334179653</tilt>
			<gx:fovy>35</gx:fovy>
			<range>51.32348517990067</range>
			<altitudeMode>absolute</altitudeMode>
		</LookAt>
		<styleUrl>#__managed_style_03F37AB66D29F82A74A0</styleUrl>
		<Point>
			<coordinates>104.7698797642653,17.42274422998474,151.0644969055646</coordinates>
		</Point>
	</Placemark>
	<Placemark id="0E5E38E0EE29EE82E5C2">
		<name>RT29 - SG - 212 - 0303 - 312+070</name>
		<LookAt>
			<longitude>104.7702008912214</longitude>
			<latitude>17.4225124541675</latitude>
			<altitude>149.5887030369987</altitude>
			<heading>-137.6946264574046</heading>
			<tilt>0.4196029849821882</tilt>
			<gx:fovy>35</gx:fovy>
			<range>40.70414364003682</range>
			<altitudeMode>absolute</altitudeMode>
		</LookAt>
		<styleUrl>#__managed_style_03F37AB66D29F82A74A0</styleUrl>
		<Point>
			<coordinates>104.7701898109598,17.42250083797186,149.7760081737555</coordinates>
		</Point>
	</Placemark>
	<Placemark id="01CBE90E3529EE834C47">
		<name>RT30 - SG - 212 - 0303 - 312+120</name>
		<LookAt>
			<longitude>104.7704904326186</longitude>
			<latitude>17.42226280191527</latitude>
			<altitude>149.2287466276872</altitude>
			<heading>-137.6946273617529</heading>
			<tilt>0.4196087545364004</tilt>
			<gx:fovy>35</gx:fovy>
			<range>110.3391636241213</range>
			<altitudeMode>absolute</altitudeMode>
		</LookAt>
		<styleUrl>#__managed_style_03F37AB66D29F82A74A0</styleUrl>
		<Point>
			<coordinates>104.7704843917667,17.42225896776052,149.2983341873346</coordinates>
		</Point>
	</Placemark>
	<Placemark id="0D988A4F5E29EE844305">
		<name>RT31 - SG - 212 - 0303 - 312+170</name>
		<LookAt>
			<longitude>104.7708161568132</longitude>
			<latitude>17.42202949358287</latitude>
			<altitude>148.2059777923849</altitude>
			<heading>-136.5877464470979</heading>
			<tilt>0.1023419788254339</tilt>
			<gx:fovy>35</gx:fovy>
			<range>111.917650850919</range>
			<altitudeMode>absolute</altitudeMode>
		</LookAt>
		<styleUrl>#__managed_style_03F37AB66D29F82A74A0</styleUrl>
		<Point>
			<coordinates>104.7708035422466,17.42200390976382,148.4309445817321</coordinates>
		</Point>
	</Placemark>
	<Placemark id="064328425C29EE84B3FB">
		<name>RT32 - SG - 212 - 0303 - 312+220</name>
		<LookAt>
			<longitude>104.7711215136603</longitude>
			<latitude>17.42177514829517</latitude>
			<altitude>147.9854813916934</altitude>
			<heading>-134.9286949375928</heading>
			<tilt>0.1541503261276732</tilt>
			<gx:fovy>35</gx:fovy>
			<range>87.42004085241206</range>
			<altitudeMode>absolute</altitudeMode>
		</LookAt>
		<styleUrl>#__managed_style_03F37AB66D29F82A74A0</styleUrl>
		<Point>
			<coordinates>104.7711137870685,17.42174226332361,148.113255047868</coordinates>
		</Point>
	</Placemark>
	<Placemark id="0A41E528A629EE850189">
		<name>RT33 - SG - 212 - 0303 - 312+270</name>
		<LookAt>
			<longitude>104.7714019853959</longitude>
			<latitude>17.42153984601361</latitude>
			<altitude>149.7423016938655</altitude>
			<heading>-134.9286924111003</heading>
			<tilt>0.4596275900874848</tilt>
			<gx:fovy>35</gx:fovy>
			<range>67.37750732044334</range>
			<altitudeMode>absolute</altitudeMode>
		</LookAt>
		<styleUrl>#__managed_style_03F37AB66D29F82A74A0</styleUrl>
		<Point>
			<coordinates>104.7713972332442,17.42151215116975,149.8309816237866</coordinates>
		</Point>
	</Placemark>
	<Placemark id="0D5FE3B24F29EE85752F">
		<name>RT34 - SG - 212 - 0303 - 312+320</name>
		<LookAt>
			<longitude>104.7716753838284</longitude>
			<latitude>17.42140089503541</latitude>
			<altitude>150.8173985856228</altitude>
			<heading>-134.9286929097662</heading>
			<tilt>0.4596299850427498</tilt>
			<gx:fovy>35</gx:fovy>
			<range>98.73156691115585</range>
			<altitudeMode>absolute</altitudeMode>
		</LookAt>
		<styleUrl>#__managed_style_03F37AB66D29F82A74A0</styleUrl>
		<Point>
			<coordinates>104.7717025950588,17.42129287395933,151.0421680807784</coordinates>
		</Point>
	</Placemark>
	<Placemark id="0EF4EB8A7829F205A323">
		<name>LT63 - SG - 212 - 0303 - 317+340</name>
		<Camera>
			<gx:ViewerOptions>
				<gx:option name="streetview"></gx:option>
				<gx:streetViewPanoId>qLwsL6_Gr66FQ2MBD0m8oQ</gx:streetViewPanoId>
			</gx:ViewerOptions>
			<longitude>104.7934744748724</longitude>
			<latitude>17.38633933482343</latitude>
			<altitude>150.0673414527326</altitude>
			<heading>63.29614159850237</heading>
			<tilt>82.56316054487978</tilt>
			<roll>0</roll>
			<gx:fovy>15</gx:fovy>
			<altitudeMode>absolute</altitudeMode>
		</Camera>
		<styleUrl>#__managed_style_03F37AB66D29F82A74A0</styleUrl>
		<Point>
			<altitudeMode>relativeToGround</altitudeMode>
			<coordinates>104.7935959435827,17.38636354385248,0</coordinates>
		</Point>
	</Placemark>
	<Placemark id="0663F86D6C29F20A7653">
		<name>RT34 - SG - 212 - 0303 - 317+340</name>
		<LookAt>
			<longitude>104.7934874673301</longitude>
			<latitude>17.38627807086549</latitude>
			<altitude>155.0459094264705</altitude>
			<heading>85.53515515854836</heading>
			<tilt>0.2652838768978518</tilt>
			<gx:fovy>35.00000008308832</gx:fovy>
			<range>119.3582165077896</range>
			<altitudeMode>absolute</altitudeMode>
		</LookAt>
		<styleUrl>#__managed_style_00D23748AB29F82A74A4</styleUrl>
		<Point>
			<coordinates>104.7933767830219,17.38635075032614,155.0518113654885</coordinates>
		</Point>
	</Placemark>
	<Placemark id="09E8661B4329F20C17CD">
		<name>RT35 - SG - 212 - 0303 - 317+390</name>
		<LookAt>
			<longitude>104.7934416138047</longitude>
			<latitude>17.38593576921093</latitude>
			<altitude>153.7729368103561</altitude>
			<heading>-95.18848864128068</heading>
			<tilt>0.07920220503450998</tilt>
			<gx:fovy>35</gx:fovy>
			<range>105.2179687463831</range>
			<altitudeMode>absolute</altitudeMode>
		</LookAt>
		<styleUrl>#__managed_style_03F37AB66D29F82A74A0</styleUrl>
		<Point>
			<coordinates>104.7934027175218,17.38595229418908,154.0116414726957</coordinates>
		</Point>
	</Placemark>
	<Placemark id="0AD3FA971E29F20C8C77">
		<name>LT64 - SG - 212 - 0303 - 317+390</name>
		<LookAt>
			<longitude>104.7935515397482</longitude>
			<latitude>17.38595314067528</latitude>
			<altitude>153.9082595594898</altitude>
			<heading>85.52845317299042</heading>
			<tilt>0.0784037009793327</tilt>
			<gx:fovy>35</gx:fovy>
			<range>65.06938926580005</range>
			<altitudeMode>absolute</altitudeMode>
		</LookAt>
		<styleUrl>#__managed_style_03F37AB66D29F82A74A0</styleUrl>
		<Point>
			<coordinates>104.7936021764222,17.3859619892668,154.0311152127888</coordinates>
		</Point>
	</Placemark>
	<Placemark id="000D05BF2029F20DD7C9">
		<name>LT65 - SG - 212 - 0303 - 317+440</name>
		<LookAt>
			<longitude>104.7936295905023</longitude>
			<latitude>17.38545661620481</latitude>
			<altitude>149.6519608735186</altitude>
			<heading>268.8223126161071</heading>
			<tilt>0</tilt>
			<gx:fovy>35</gx:fovy>
			<range>65.01159012739663</range>
			<altitudeMode>absolute</altitudeMode>
		</LookAt>
		<styleUrl>#__managed_style_03F37AB66D29F82A74A0</styleUrl>
		<Point>
			<coordinates>104.7936440418707,17.38547803809658,150.0636783382832</coordinates>
		</Point>
	</Placemark>
	<Placemark id="077C3534DB29F20E2CF8">
		<name>RT36 - SG - 212 - 0303 - 317+440</name>
		<LookAt>
			<longitude>104.7935771209154</longitude>
			<latitude>17.38552374672345</latitude>
			<altitude>150.6345170138873</altitude>
			<heading>269.26535448383</heading>
			<tilt>0</tilt>
			<gx:fovy>35</gx:fovy>
			<range>101.0065409987146</range>
			<altitudeMode>absolute</altitudeMode>
		</LookAt>
		<styleUrl>#__managed_style_03F37AB66D29F82A74A0</styleUrl>
		<Point>
			<coordinates>104.7934019056641,17.38547880293637,149.766041546444</coordinates>
		</Point>
	</Placemark>
	<Placemark id="0370E562B029F20F2EAC">
		<name>RT37 - SG - 212 - 0303 - 317+490</name>
		<LookAt>
			<longitude>104.793542526552</longitude>
			<latitude>17.38500518761559</latitude>
			<altitude>147.94272135495</altitude>
			<heading>265.0266516057576</heading>
			<tilt>0</tilt>
			<gx:fovy>35</gx:fovy>
			<range>192.533791523274</range>
			<altitudeMode>absolute</altitudeMode>
		</LookAt>
		<styleUrl>#__managed_style_03F37AB66D29F82A74A0</styleUrl>
		<Point>
			<coordinates>104.7934290119547,17.38497581316857,148.3203061531109</coordinates>
		</Point>
	</Placemark>
	<Placemark id="06B4F7820129F20F5DAF">
		<name>LT66 - SG - 212 - 0303 - 317+490</name>
		<LookAt>
			<longitude>104.7935425746859</longitude>
			<latitude>17.38500590922037</latitude>
			<altitude>147.9375147910322</altitude>
			<heading>265.0316152290541</heading>
			<tilt>0</tilt>
			<gx:fovy>35</gx:fovy>
			<range>192.5420195710467</range>
			<altitudeMode>absolute</altitudeMode>
		</LookAt>
		<styleUrl>#__managed_style_00D23748AB29F82A74A4</styleUrl>
		<Point>
			<coordinates>104.7936409076638,17.3850001371605,148.007008689779</coordinates>
		</Point>
	</Placemark>
	<Placemark id="0AE0647ACE29F20FC75F">
		<name>LT67 - SG - 212 - 0303 - 317+540</name>
		<LookAt>
			<longitude>104.7936300595801</longitude>
			<latitude>17.38453930826207</latitude>
			<altitude>150.19473830337</altitude>
			<heading>265.0352696772331</heading>
			<tilt>0</tilt>
			<gx:fovy>35</gx:fovy>
			<range>100.5978156228048</range>
			<altitudeMode>absolute</altitudeMode>
		</LookAt>
		<styleUrl>#__managed_style_03F37AB66D29F82A74A0</styleUrl>
		<Point>
			<coordinates>104.7936815179278,17.384571681987,149.9606416423717</coordinates>
		</Point>
	</Placemark>
	<Placemark id="0D79C539D229F21017B2">
		<name>RT38 - SG - 212 - 0303 - 317+540</name>
		<LookAt>
			<longitude>104.7936178512101</longitude>
			<latitude>17.38482453126297</latitude>
			<altitude>148.5487591393954</altitude>
			<heading>265.0351263389396</heading>
			<tilt>0</tilt>
			<gx:fovy>35</gx:fovy>
			<range>204.4017885650465</range>
			<altitudeMode>absolute</altitudeMode>
		</LookAt>
		<styleUrl>#__managed_style_03F37AB66D29F82A74A0</styleUrl>
		<Point>
			<coordinates>104.7934665915027,17.38456342096164,151.7337527236783</coordinates>
		</Point>
	</Placemark>
	<Placemark id="08A399420B29F210F5E3">
		<name>LT68 - SG - 212 - 0303 - 317+590</name>
		<LookAt>
			<longitude>104.793666746951</longitude>
			<latitude>17.38413808823299</latitude>
			<altitude>163.3591195363886</altitude>
			<heading>-89.22478613732012</heading>
			<tilt>0.2338078410603567</tilt>
			<gx:fovy>35</gx:fovy>
			<range>72.18450666126046</range>
			<altitudeMode>absolute</altitudeMode>
		</LookAt>
		<styleUrl>#__managed_style_03F37AB66D29F82A74A0</styleUrl>
		<Point>
			<coordinates>104.7937280047908,17.38413924157475,163.3173355574559</coordinates>
		</Point>
	</Placemark>
	<Placemark id="07BE09FB8E29F21186C4">
		<name>RT39 - SG - 212 - 0303 - 317+590</name>
		<LookAt>
			<longitude>104.7936006507607</longitude>
			<latitude>17.38412101661367</latitude>
			<altitude>164.7465836183055</altitude>
			<heading>265.0352663311015</heading>
			<tilt>0</tilt>
			<gx:fovy>35</gx:fovy>
			<range>93.98694428461567</range>
			<altitudeMode>absolute</altitudeMode>
		</LookAt>
		<styleUrl>#__managed_style_03F37AB66D29F82A74A0</styleUrl>
		<Point>
			<coordinates>104.7935056417917,17.38413047424958,164.2126205924875</coordinates>
		</Point>
	</Placemark>
	<Placemark id="0AE665827229F2124FE9">
		<name>RT40 - SG - 212 - 0303 - 317+640</name>
		<LookAt>
			<longitude>104.7936830396891</longitude>
			<latitude>17.38370299847092</latitude>
			<altitude>165.7818104613617</altitude>
			<heading>265.4392133758727</heading>
			<tilt>0</tilt>
			<gx:fovy>35</gx:fovy>
			<range>87.46871381106759</range>
			<altitudeMode>absolute</altitudeMode>
		</LookAt>
		<styleUrl>#__managed_style_03F37AB66D29F82A74A0</styleUrl>
		<Point>
			<coordinates>104.7935287624947,17.38369968533492,163.9669756144246</coordinates>
		</Point>
	</Placemark>
	<Placemark id="0470B5793E29F212C3F5">
		<name>LT69 - SG - 212 - 0303 - 317+640</name>
		<LookAt>
			<longitude>104.793727133371</longitude>
			<latitude>17.38364960214136</latitude>
			<altitude>165.0787678171876</altitude>
			<heading>265.4387737515525</heading>
			<tilt>0</tilt>
			<gx:fovy>34.99999999999999</gx:fovy>
			<range>147.0113407711324</range>
			<altitudeMode>absolute</altitudeMode>
		</LookAt>
		<styleUrl>#__managed_style_03F37AB66D29F82A74A0</styleUrl>
		<Point>
			<coordinates>104.7937385781058,17.38371896374802,166.3990264244752</coordinates>
		</Point>
	</Placemark>
	<Placemark id="0D595ED6D029F213C1D8">
		<name>LT70 - SG - 212 - 0303 - 317+690</name>
		<LookAt>
			<longitude>104.7937059975987</longitude>
			<latitude>17.38328943301891</latitude>
			<altitude>153.5491643626596</altitude>
			<heading>265.4441695726185</heading>
			<tilt>0</tilt>
			<gx:fovy>34.99999999999999</gx:fovy>
			<range>34.5981673319011</range>
			<altitudeMode>absolute</altitudeMode>
		</LookAt>
		<styleUrl>#__managed_style_03F37AB66D29F82A74A0</styleUrl>
		<Point>
			<coordinates>104.7937248010822,17.38329128610926,153.6150113822595</coordinates>
		</Point>
	</Placemark>
	<Placemark id="08D9D7262129F2140E0B">
		<name>RT41 - SG - 212 - 0303 - 317+690</name>
		<LookAt>
			<longitude>104.7936116252433</longitude>
			<latitude>17.38347570999197</latitude>
			<altitude>159.6295017487361</altitude>
			<heading>265.4441550646743</heading>
			<tilt>0</tilt>
			<gx:fovy>34.99999999999999</gx:fovy>
			<range>173.7161999118689</range>
			<altitudeMode>absolute</altitudeMode>
		</LookAt>
		<styleUrl>#__managed_style_03F37AB66D29F82A74A0</styleUrl>
		<Point>
			<coordinates>104.7935144584514,17.38325673676153,153.7226587821823</coordinates>
		</Point>
	</Placemark>
	<Placemark id="0FE85123B329F21B6DA1">
		<name>LT71 - SG - 212 - 0303 - 317+725</name>
		<LookAt>
			<longitude>104.7937439570479</longitude>
			<latitude>17.38285217233401</latitude>
			<altitude>152.4762102020505</altitude>
			<heading>265.4441966898359</heading>
			<tilt>0</tilt>
			<gx:fovy>34.99999999999999</gx:fovy>
			<range>74.7210747239933</range>
			<altitudeMode>absolute</altitudeMode>
		</LookAt>
		<styleUrl>#__managed_style_03F37AB66D29F82A74A0</styleUrl>
		<Point>
			<coordinates>104.7937292365789,17.38288212826826,152.4270105725872</coordinates>
		</Point>
	</Placemark>
	<Placemark id="0D7071296B29F21B9130">
		<name>LT72 - SG - 212 - 0303 - 317+760</name>
		<LookAt>
			<longitude>104.7937595227004</longitude>
			<latitude>17.38269008164583</latitude>
			<altitude>153.965511796237</altitude>
			<heading>265.4441950799086</heading>
			<tilt>0</tilt>
			<gx:fovy>34.99999999999999</gx:fovy>
			<range>75.36524974299938</range>
			<altitudeMode>absolute</altitudeMode>
		</LookAt>
		<styleUrl>#__managed_style_03F37AB66D29F82A74A0</styleUrl>
		<Point>
			<coordinates>104.7937558725178,17.38258795851504,155.229788516253</coordinates>
		</Point>
	</Placemark>
	<Placemark id="0B6B586AFA29F21BB241">
		<name>LT73 - SG - 212 - 0303 - 317+795</name>
		<LookAt>
			<longitude>104.7937796153684</longitude>
			<latitude>17.38236875291218</latitude>
			<altitude>157.0949035329708</altitude>
			<heading>265.4441922381828</heading>
			<tilt>0</tilt>
			<gx:fovy>34.99999999999999</gx:fovy>
			<range>81.52541527843823</range>
			<altitudeMode>absolute</altitudeMode>
		</LookAt>
		<styleUrl>#__managed_style_03F37AB66D29F82A74A0</styleUrl>
		<Point>
			<coordinates>104.7937861119521,17.38226932354279,158.0692726456395</coordinates>
		</Point>
	</Placemark>
	<Placemark id="096E3DB36629F21BCD38">
		<name>LT74 - SG - 212 - 0303 - 317+830</name>
		<LookAt>
			<longitude>104.7938057616896</longitude>
			<latitude>17.38214730786566</latitude>
			<altitude>157.1753721813712</altitude>
			<heading>265.4441907658195</heading>
			<tilt>0</tilt>
			<gx:fovy>34.99999999999999</gx:fovy>
			<range>82.86019004796799</range>
			<altitudeMode>absolute</altitudeMode>
		</LookAt>
		<styleUrl>#__managed_style_03F37AB66D29F82A74A0</styleUrl>
		<Point>
			<coordinates>104.7937729536744,17.38203425776048,156.487421151093</coordinates>
		</Point>
	</Placemark>
	<Placemark id="05B0FE79D529F21BF1A0">
		<name>LT75 - SG - 212 - 0303 - 317+865</name>
		<LookAt>
			<longitude>104.7938501580159</longitude>
			<latitude>17.38177614275602</latitude>
			<altitude>152.0093490523458</altitude>
			<heading>265.4441880791362</heading>
			<tilt>0</tilt>
			<gx:fovy>34.99999999999999</gx:fovy>
			<range>98.34987820489914</range>
			<altitudeMode>absolute</altitudeMode>
		</LookAt>
		<styleUrl>#__managed_style_03F37AB66D29F82A74A0</styleUrl>
		<Point>
			<coordinates>104.7937783683915,17.38172820525179,151.1843115162905</coordinates>
		</Point>
	</Placemark>
	<Placemark id="0F6CF4EDC829F21C487C">
		<name>LT76 - SG - 212 - 0303 - 317+900</name>
		<LookAt>
			<longitude>104.7937870764381</longitude>
			<latitude>17.38137937693036</latitude>
			<altitude>146.7771726226541</altitude>
			<heading>266.7360046075229</heading>
			<tilt>0</tilt>
			<gx:fovy>35</gx:fovy>
			<range>96.53836918853814</range>
			<altitudeMode>absolute</altitudeMode>
		</LookAt>
		<styleUrl>#__managed_style_03F37AB66D29F82A74A0</styleUrl>
		<Point>
			<coordinates>104.7937926360181,17.38139277730987,147.0070054877033</coordinates>
		</Point>
	</Placemark>
	<Placemark id="0F8A242F4029F21C6E9A">
		<name>LT77 - SG - 212 - 0303 - 317+935</name>
		<LookAt>
			<longitude>104.7938248638077</longitude>
			<latitude>17.3810611520598</latitude>
			<altitude>146.4780085398038</altitude>
			<heading>266.7360029462634</heading>
			<tilt>0</tilt>
			<gx:fovy>35</gx:fovy>
			<range>98.11037248191499</range>
			<altitudeMode>absolute</altitudeMode>
		</LookAt>
		<styleUrl>#__managed_style_03F37AB66D29F82A74A0</styleUrl>
		<Point>
			<coordinates>104.7938061105567,17.38105535031724,146.587622704483</coordinates>
		</Point>
	</Placemark>
	<Placemark id="0A3EDB019F29F21C8B61">
		<name>LT78 - SG - 212 - 0303 - 317+970</name>
		<LookAt>
			<longitude>104.7938138636523</longitude>
			<latitude>17.38081553809654</latitude>
			<altitude>147.6229584678423</altitude>
			<heading>266.7360011987528</heading>
			<tilt>0</tilt>
			<gx:fovy>35</gx:fovy>
			<range>74.20836304855584</range>
			<altitudeMode>absolute</altitudeMode>
		</LookAt>
		<styleUrl>#__managed_style_03F37AB66D29F82A74A0</styleUrl>
		<Point>
			<coordinates>104.7938070550827,17.38076912612389,147.918162977398</coordinates>
		</Point>
	</Placemark>
	<Placemark id="0D9F72FB2D29F21CAB1F">
		<name>LT79 - SG - 212 - 0303 - 318+005</name>
		<LookAt>
			<longitude>104.7938297603903</longitude>
			<latitude>17.3805496887101</latitude>
			<altitude>148.1874099960039</altitude>
			<heading>266.7359996748099</heading>
			<tilt>0</tilt>
			<gx:fovy>35</gx:fovy>
			<range>79.4694752992291</range>
			<altitudeMode>absolute</altitudeMode>
		</LookAt>
		<styleUrl>#__managed_style_03F37AB66D29F82A74A0</styleUrl>
		<Point>
			<coordinates>104.7938110026372,17.38047543978487,148.7148427993402</coordinates>
		</Point>
	</Placemark>
	<Placemark id="09F4DCBF9029F21CC51B">
		<name>LT80 - SG - 212 - 0303 - 318+040</name>
		<LookAt>
			<longitude>104.7938150253655</longitude>
			<latitude>17.3802651377544</latitude>
			<altitude>149.2582617259683</altitude>
			<heading>266.7359982079549</heading>
			<tilt>0</tilt>
			<gx:fovy>35</gx:fovy>
			<range>82.68363468484496</range>
			<altitudeMode>absolute</altitudeMode>
		</LookAt>
		<styleUrl>#__managed_style_03F37AB66D29F82A74A0</styleUrl>
		<Point>
			<coordinates>104.7938214506247,17.38013959045786,149.8380763231707</coordinates>
		</Point>
	</Placemark>
	<Placemark id="04C8013FA429F21CF24E">
		<name>LT81 - SG - 212 - 0303 - 318+075</name>
		<LookAt>
			<longitude>104.7938205183656</longitude>
			<latitude>17.37988584047384</latitude>
			<altitude>149.9994924188734</altitude>
			<heading>266.7359966151926</heading>
			<tilt>0</tilt>
			<gx:fovy>35</gx:fovy>
			<range>85.30150976613186</range>
			<altitudeMode>absolute</altitudeMode>
		</LookAt>
		<styleUrl>#__managed_style_03F37AB66D29F82A74A0</styleUrl>
		<Point>
			<coordinates>104.7938183173779,17.37982700565649,150.1212110110406</coordinates>
		</Point>
	</Placemark>
	<Placemark id="0FEF58F58529F21D0AC5">
		<name>LT82 - SG - 212 - 0303 - 318+110</name>
		<LookAt>
			<longitude>104.7938409798691</longitude>
			<latitude>17.37955145691664</latitude>
			<altitude>149.4688548366925</altitude>
			<heading>266.7359951027124</heading>
			<tilt>0</tilt>
			<gx:fovy>35</gx:fovy>
			<range>87.12267225262622</range>
			<altitudeMode>absolute</altitudeMode>
		</LookAt>
		<styleUrl>#__managed_style_03F37AB66D29F82A74A0</styleUrl>
		<Point>
			<coordinates>104.7938218198538,17.37949253728874,149.6085753889563</coordinates>
		</Point>
	</Placemark>
	<Placemark id="0B028D091729F21D242C">
		<name>LT83 - SG - 212 - 0303 - 318+145</name>
		<LookAt>
			<longitude>104.7938411578294</longitude>
			<latitude>17.37926081648691</latitude>
			<altitude>149.3377359444477</altitude>
			<heading>266.7359935557504</heading>
			<tilt>0</tilt>
			<gx:fovy>35</gx:fovy>
			<range>90.19297986781567</range>
			<altitudeMode>absolute</altitudeMode>
		</LookAt>
		<styleUrl>#__managed_style_03F37AB66D29F82A74A0</styleUrl>
		<Point>
			<coordinates>104.7938250980347,17.37917883947366,149.6871284505891</coordinates>
		</Point>
	</Placemark>
	<Placemark id="02E964B49B29F21D3EB2">
		<name>LT84 - SG - 212 - 0303 - 318+180</name>
		<LookAt>
			<longitude>104.7938634487863</longitude>
			<latitude>17.37890109966739</latitude>
			<altitude>148.8239676893412</altitude>
			<heading>266.7359920261426</heading>
			<tilt>0</tilt>
			<gx:fovy>35</gx:fovy>
			<range>93.38552614202854</range>
			<altitudeMode>absolute</altitudeMode>
		</LookAt>
		<styleUrl>#__managed_style_03F37AB66D29F82A74A0</styleUrl>
		<Point>
			<coordinates>104.7938197693673,17.37878627123992,148.6155887740488</coordinates>
		</Point>
	</Placemark>
	<Placemark id="0F7181293E29F21D58B7">
		<name>LT85 - SG - 212 - 0303 - 318+215</name>
		<LookAt>
			<longitude>104.793872781426</longitude>
			<latitude>17.37861708614094</latitude>
			<altitude>148.1891562620359</altitude>
			<heading>266.735990639691</heading>
			<tilt>0</tilt>
			<gx:fovy>35</gx:fovy>
			<range>97.32389859163959</range>
			<altitudeMode>absolute</altitudeMode>
		</LookAt>
		<styleUrl>#__managed_style_03F37AB66D29F82A74A0</styleUrl>
		<Point>
			<coordinates>104.79381817375,17.37853729799731,148.3889948279742</coordinates>
		</Point>
	</Placemark>
	<Placemark id="05D5A70B1029F21D7A0C">
		<name>LT86 - SG - 212 - 0303 - 318+250</name>
		<LookAt>
			<longitude>104.7938750765657</longitude>
			<latitude>17.37839270569975</latitude>
			<altitude>149.4327401546547</altitude>
			<heading>266.7359890984736</heading>
			<tilt>0</tilt>
			<gx:fovy>35</gx:fovy>
			<range>99.93742787304654</range>
			<altitudeMode>absolute</altitudeMode>
		</LookAt>
		<styleUrl>#__managed_style_03F37AB66D29F82A74A0</styleUrl>
		<Point>
			<coordinates>104.7938161230708,17.37827109819758,149.8919688066349</coordinates>
		</Point>
	</Placemark>
	<Placemark id="0A8210844D29F21D9478">
		<name>LT87 - SG - 212 - 0303 - 318+285</name>
		<LookAt>
			<longitude>104.7938585520196</longitude>
			<latitude>17.3781242899608</latitude>
			<altitude>151.3965488722594</altitude>
			<heading>266.7359877577125</heading>
			<tilt>0</tilt>
			<gx:fovy>35</gx:fovy>
			<range>99.25131298799897</range>
			<altitudeMode>absolute</altitudeMode>
		</LookAt>
		<styleUrl>#__managed_style_03F37AB66D29F82A74A0</styleUrl>
		<Point>
			<coordinates>104.7938101148293,17.37799629313873,151.5116859877218</coordinates>
		</Point>
	</Placemark>
	<Placemark id="085C2F2CA329F21DC49B">
		<name>LT88 - SG - 212 - 0303 - 318+320</name>
		<LookAt>
			<longitude>104.7938661186854</longitude>
			<latitude>17.3778414382045</latitude>
			<altitude>150.9911182308599</altitude>
			<heading>266.735986182167</heading>
			<tilt>0</tilt>
			<gx:fovy>35</gx:fovy>
			<range>105.9877315875201</range>
			<altitudeMode>absolute</altitudeMode>
		</LookAt>
		<styleUrl>#__managed_style_03F37AB66D29F82A74A0</styleUrl>
		<Point>
			<coordinates>104.7937985582159,17.37765853014803,149.4856776732794</coordinates>
		</Point>
	</Placemark>
	<Placemark id="036DF50DB029F21DE353">
		<name>LT89 - SG - 212 - 0303 - 318+355</name>
		<LookAt>
			<longitude>104.7938591548687</longitude>
			<latitude>17.37746867482177</latitude>
			<altitude>147.8338871685328</altitude>
			<heading>266.7359846351519</heading>
			<tilt>0</tilt>
			<gx:fovy>35</gx:fovy>
			<range>112.0494966248771</range>
			<altitudeMode>absolute</altitudeMode>
		</LookAt>
		<styleUrl>#__managed_style_03F37AB66D29F82A74A0</styleUrl>
		<Point>
			<coordinates>104.7937990148686,17.37726966360374,148.7536127663116</coordinates>
		</Point>
	</Placemark>
	<Placemark id="09468107AE29F21E0337">
		<name>LT90 - SG - 212 - 0303 - 318+390</name>
		<LookAt>
			<longitude>104.7938220813702</longitude>
			<latitude>17.37697003634971</latitude>
			<altitude>148.8277326360034</altitude>
			<heading>266.735982498114</heading>
			<tilt>0</tilt>
			<gx:fovy>35</gx:fovy>
			<range>82.16868637106928</range>
			<altitudeMode>absolute</altitudeMode>
		</LookAt>
		<styleUrl>#__managed_style_03F37AB66D29F82A74A0</styleUrl>
		<Point>
			<coordinates>104.7937663160993,17.37695805873654,149.5606540253373</coordinates>
		</Point>
	</Placemark>
	<Placemark id="0C3DAB7C0D29F21E26A5">
		<name>LT91 - SG - 212 - 0303 - 318+425</name>
		<LookAt>
			<longitude>104.7937897223131</longitude>
			<latitude>17.3767700301017</latitude>
			<altitude>149.9938222350654</altitude>
			<heading>266.7359809567168</heading>
			<tilt>0</tilt>
			<gx:fovy>35</gx:fovy>
			<range>84.45752645744506</range>
			<altitudeMode>absolute</altitudeMode>
		</LookAt>
		<styleUrl>#__managed_style_03F37AB66D29F82A74A0</styleUrl>
		<Point>
			<coordinates>104.7937348016405,17.37666218763317,150.6062846283552</coordinates>
		</Point>
	</Placemark>
	<Placemark id="0C533514FB29F21E48B9">
		<name>LT92 - SG - 212 - 0303 - 318+460</name>
		<LookAt>
			<longitude>104.7937622979749</longitude>
			<latitude>17.37651505804823</latitude>
			<altitude>150.4818012546472</altitude>
			<heading>266.7359793522639</heading>
			<tilt>0</tilt>
			<gx:fovy>35</gx:fovy>
			<range>89.42677478818041</range>
			<altitudeMode>absolute</altitudeMode>
		</LookAt>
		<styleUrl>#__managed_style_03F37AB66D29F82A74A0</styleUrl>
		<Point>
			<coordinates>104.793700302692,17.37635370167667,150.5960153496658</coordinates>
		</Point>
	</Placemark>
	<Placemark id="058192674D29F21E631D">
		<name>LT93 - SG - 212 - 0303 - 318+495</name>
		<LookAt>
			<longitude>104.793718981151</longitude>
			<latitude>17.37618617145797</latitude>
			<altitude>149.4638463532582</altitude>
			<heading>266.7359777419858</heading>
			<tilt>0</tilt>
			<gx:fovy>35</gx:fovy>
			<range>88.93173603225478</range>
			<altitudeMode>absolute</altitudeMode>
		</LookAt>
		<styleUrl>#__managed_style_03F37AB66D29F82A74A0</styleUrl>
		<Point>
			<coordinates>104.7936530220123,17.37602259397523,148.4979592447509</coordinates>
		</Point>
	</Placemark>
	<Placemark id="0E9D7B76B029F21E7E1A">
		<name>LT94 - SG - 212 - 0303 - 318+530</name>
		<LookAt>
			<longitude>104.793665304523</longitude>
			<latitude>17.37584415646078</latitude>
			<altitude>147.4522312354356</altitude>
			<heading>266.7359762061209</heading>
			<tilt>0</tilt>
			<gx:fovy>35</gx:fovy>
			<range>89.77304812261536</range>
			<altitudeMode>absolute</altitudeMode>
		</LookAt>
		<styleUrl>#__managed_style_03F37AB66D29F82A74A0</styleUrl>
		<Point>
			<coordinates>104.7936083429202,17.37568507890557,147.1780533591028</coordinates>
		</Point>
	</Placemark>
	<Placemark id="02E99CDB3C29F21E9A8E">
		<name>LT95 - SG - 212 - 0303 - 318+570</name>
		<LookAt>
			<longitude>104.7936276702887</longitude>
			<latitude>17.37544221576131</latitude>
			<altitude>147.0099720733432</altitude>
			<heading>266.7359745786833</heading>
			<tilt>0</tilt>
			<gx:fovy>35</gx:fovy>
			<range>91.59532892827885</range>
			<altitudeMode>absolute</altitudeMode>
		</LookAt>
		<styleUrl>#__managed_style_03F37AB66D29F82A74A0</styleUrl>
		<Point>
			<coordinates>104.7935692323698,17.37539716383775,147.0684773954079</coordinates>
		</Point>
	</Placemark>
	<Placemark id="0B490233BA29F21EC90E">
		<name>LT96 - SG - 212 - 0303 - 318+620</name>
		<LookAt>
			<longitude>104.7936149089595</longitude>
			<latitude>17.37518876626225</latitude>
			<altitude>147.3649397293216</altitude>
			<heading>266.7359722695723</heading>
			<tilt>0</tilt>
			<gx:fovy>35</gx:fovy>
			<range>116.2322073269388</range>
			<altitudeMode>absolute</altitudeMode>
		</LookAt>
		<styleUrl>#__managed_style_03F37AB66D29F82A74A0</styleUrl>
		<Point>
			<coordinates>104.7935266403496,17.37494518507266,147.3808108176131</coordinates>
		</Point>
	</Placemark>
	<Placemark id="0501D4BD6629F232741D">
		<name>RT42 - SG - 212 - 0303 - 317+725</name>
		<LookAt>
			<longitude>104.7936921782554</longitude>
			<latitude>17.38288169802349</latitude>
			<altitude>152.2636037467499</altitude>
			<heading>269.9772906815188</heading>
			<tilt>0</tilt>
			<gx:fovy>35</gx:fovy>
			<range>106.1867692220221</range>
			<altitudeMode>absolute</altitudeMode>
		</LookAt>
		<styleUrl>#__managed_style_03F37AB66D29F82A74A0</styleUrl>
		<Point>
			<coordinates>104.7935455857283,17.38291604554278,151.8262801322479</coordinates>
		</Point>
	</Placemark>
	<Placemark id="0C71EB189329F2334AD7">
		<name>RT43 - SG - 212 - 0303 - 317+760</name>
		<LookAt>
			<longitude>104.7935633413381</longitude>
			<latitude>17.38252006513562</latitude>
			<altitude>155.1003565314449</altitude>
			<heading>86.85020087359588</heading>
			<tilt>0</tilt>
			<gx:fovy>35</gx:fovy>
			<range>145.4532150653722</range>
			<altitudeMode>absolute</altitudeMode>
		</LookAt>
		<styleUrl>#__managed_style_03F37AB66D29F82A74A0</styleUrl>
		<Point>
			<coordinates>104.7935532607321,17.3825417166941,154.9765738505372</coordinates>
		</Point>
	</Placemark>
	<Placemark id="025B2E505429F2337EFB">
		<name>RT44 - SG - 212 - 0303 - 317+795</name>
		<LookAt>
			<longitude>104.7935633413492</longitude>
			<latitude>17.3825200651462</latitude>
			<altitude>155.1003565314449</altitude>
			<heading>86.85020087359588</heading>
			<tilt>0</tilt>
			<gx:fovy>35</gx:fovy>
			<range>145.4532150653722</range>
			<altitudeMode>absolute</altitudeMode>
		</LookAt>
		<styleUrl>#__managed_style_03F37AB66D29F82A74A0</styleUrl>
		<Point>
			<coordinates>104.7935780710119,17.38225664650516,156.5427486701817</coordinates>
		</Point>
	</Placemark>
	<Placemark id="045136BE4F29F2340F23">
		<name>RT45 - SG - 212 - 0303 - 317+835</name>
		<LookAt>
			<longitude>104.7936155619333</longitude>
			<latitude>17.38200106401203</latitude>
			<altitude>154.5583820630976</altitude>
			<heading>85.81485111039456</heading>
			<tilt>0</tilt>
			<gx:fovy>35</gx:fovy>
			<range>130.409284293728</range>
			<altitudeMode>absolute</altitudeMode>
		</LookAt>
		<styleUrl>#__managed_style_03F37AB66D29F82A74A0</styleUrl>
		<Point>
			<coordinates>104.7935879313294,17.38196233049095,153.8582488683272</coordinates>
		</Point>
	</Placemark>
	<Placemark id="03E6C0DAD429F234DEBC">
		<name>RT46 - SG - 212 - 0303 - 317+865</name>
		<LookAt>
			<longitude>104.793657743564</longitude>
			<latitude>17.38177178636879</latitude>
			<altitude>151.1327559053703</altitude>
			<heading>-84.2502817309655</heading>
			<tilt>0.344020597104941</tilt>
			<gx:fovy>35</gx:fovy>
			<range>97.12884750422745</range>
			<altitudeMode>absolute</altitudeMode>
		</LookAt>
		<styleUrl>#__managed_style_03F37AB66D29F82A74A0</styleUrl>
		<Point>
			<coordinates>104.7935845967931,17.38173685534059,150.3506804256199</coordinates>
		</Point>
	</Placemark>
	<Placemark id="09FACDB6DA29F2353C9E">
		<name>RT47 - SG - 212 - 0303 - 317+900</name>
		<LookAt>
			<longitude>104.7937319885203</longitude>
			<latitude>17.38143882324989</latitude>
			<altitude>147.0191313360586</altitude>
			<heading>-84.2502802915759</heading>
			<tilt>0.3029249995426861</tilt>
			<gx:fovy>35</gx:fovy>
			<range>121.5267590590884</range>
			<altitudeMode>absolute</altitudeMode>
		</LookAt>
		<styleUrl>#__managed_style_03F37AB66D29F82A74A0</styleUrl>
		<Point>
			<coordinates>104.7935804872325,17.38140930216627,146.4956225360215</coordinates>
		</Point>
	</Placemark>
	<Placemark id="0BE2564DF129F23572B7">
		<name>RT48 - SG - 212 - 0303 - 317+935</name>
		<LookAt>
			<longitude>104.7937012143056</longitude>
			<latitude>17.38110058611512</latitude>
			<altitude>146.2373203815411</altitude>
			<heading>-84.2502796627991</heading>
			<tilt>0.3029229779309263</tilt>
			<gx:fovy>35</gx:fovy>
			<range>79.02527660749911</range>
			<altitudeMode>absolute</altitudeMode>
		</LookAt>
		<styleUrl>#__managed_style_03F37AB66D29F82A74A0</styleUrl>
		<Point>
			<coordinates>104.7935800767607,17.38108180560598,146.449434082458</coordinates>
		</Point>
	</Placemark>
	<Placemark id="06BF00502529F235C78A">
		<name>RT49 - SG - 212 - 0303 - 317+970</name>
		<LookAt>
			<longitude>104.7936992230111</longitude>
			<latitude>17.38093482528877</latitude>
			<altitude>146.8769855976491</altitude>
			<heading>-84.2502804977898</heading>
			<tilt>0.3029267993583569</tilt>
			<gx:fovy>35</gx:fovy>
			<range>137.1260251113927</range>
			<altitudeMode>absolute</altitudeMode>
		</LookAt>
		<styleUrl>#__managed_style_03F37AB66D29F82A74A0</styleUrl>
		<Point>
			<coordinates>104.7935871043161,17.38079164082232,147.7655894402629</coordinates>
		</Point>
	</Placemark>
	<Placemark id="0886B0599829F2372259">
		<name>RT50 - SG - 212 - 0303 - 318+005</name>
		<LookAt>
			<longitude>104.7936325991982</longitude>
			<latitude>17.38048594097244</latitude>
			<altitude>149.1593490204821</altitude>
			<heading>-84.65519556398199</heading>
			<tilt>0.1202954860805048</tilt>
			<gx:fovy>35</gx:fovy>
			<range>58.10479299498184</range>
			<altitudeMode>absolute</altitudeMode>
		</LookAt>
		<styleUrl>#__managed_style_03F37AB66D29F82A74A0</styleUrl>
		<Point>
			<coordinates>104.7935734292215,17.38046646366093,149.5023927853341</coordinates>
		</Point>
	</Placemark>
	<Placemark id="0016F367C829F237B10A">
		<name>RT5 - SG - 212 - 0303 - 318+040</name>
		<LookAt>
			<longitude>104.7936161255815</longitude>
			<latitude>17.38015328993621</latitude>
			<altitude>150.0760883993801</altitude>
			<heading>-90.04023469520331</heading>
			<tilt>0.6917246807701319</tilt>
			<gx:fovy>35</gx:fovy>
			<range>220.0900102436935</range>
			<altitudeMode>absolute</altitudeMode>
		</LookAt>
		<styleUrl>#__managed_style_03F37AB66D29F82A74A0</styleUrl>
		<Point>
			<coordinates>104.7935887582778,17.38015728727786,150.143539714031</coordinates>
		</Point>
	</Placemark>
	<Placemark id="0FAFC97A5729F238167A">
		<name>RT52 - SG - 212 - 0303 - 318+075</name>
		<LookAt>
			<longitude>104.7936186010233</longitude>
			<latitude>17.3798903851202</latitude>
			<altitude>150.063041593743</altitude>
			<heading>-90.04022762570874</heading>
			<tilt>0.5613889258423521</tilt>
			<gx:fovy>35</gx:fovy>
			<range>95.1941843136683</range>
			<altitudeMode>absolute</altitudeMode>
		</LookAt>
		<styleUrl>#__managed_style_03F37AB66D29F82A74A0</styleUrl>
		<Point>
			<coordinates>104.7935879635143,17.37983995089899,150.1214410848331</coordinates>
		</Point>
	</Placemark>
	<Placemark id="0FD93A31A729F238790D">
		<name>RT53 - SG - 212 - 0303 - 318+110</name>
		<LookAt>
			<longitude>104.7936661753404</longitude>
			<latitude>17.37950169339614</latitude>
			<altitude>149.9021603721899</altitude>
			<heading>269.9597705973766</heading>
			<tilt>0</tilt>
			<gx:fovy>35</gx:fovy>
			<range>98.00926020470797</range>
			<altitudeMode>absolute</altitudeMode>
		</LookAt>
		<styleUrl>#__managed_style_03F37AB66D29F82A74A0</styleUrl>
		<Point>
			<coordinates>104.793590966601,17.37949270751874,150.073501627448</coordinates>
		</Point>
	</Placemark>
	<Placemark id="074A83710529F238D635">
		<name>RT54 - SG - 212 - 0303 - 318+145</name>
		<LookAt>
			<longitude>104.7936332633475</longitude>
			<latitude>17.37918137557891</latitude>
			<altitude>150.6919593440131</altitude>
			<heading>-90.0402301550086</heading>
			<tilt>0.1482591376417144</tilt>
			<gx:fovy>35</gx:fovy>
			<range>147.1080608932607</range>
			<altitudeMode>absolute</altitudeMode>
		</LookAt>
		<styleUrl>#__managed_style_03F37AB66D29F82A74A0</styleUrl>
		<Point>
			<coordinates>104.7935906396355,17.37918134700939,150.8917591364587</coordinates>
		</Point>
	</Placemark>
	<Placemark id="04A85CFF4D29F2393242">
		<name>RT55 - SG - 212 - 0303 - 318+180</name>
		<LookAt>
			<longitude>104.7936182428179</longitude>
			<latitude>17.37879293180172</latitude>
			<altitude>148.3162418516465</altitude>
			<heading>-90.04022738806847</heading>
			<tilt>0.296598198862478</tilt>
			<gx:fovy>35</gx:fovy>
			<range>89.52378463030072</range>
			<altitudeMode>absolute</altitudeMode>
		</LookAt>
		<styleUrl>#__managed_style_03F37AB66D29F82A74A0</styleUrl>
		<Point>
			<coordinates>104.7935773643062,17.37877926408009,148.2626346514861</coordinates>
		</Point>
	</Placemark>
	<Placemark id="0FC175A35C29F2396E1F">
		<name>RT56 - SG - 212 - 0303 - 318+215</name>
		<LookAt>
			<longitude>104.7936611728439</longitude>
			<latitude>17.37862948738077</latitude>
			<altitude>147.4907144123595</altitude>
			<heading>-90.04022790610134</heading>
			<tilt>0.2965998529860165</tilt>
			<gx:fovy>35</gx:fovy>
			<range>125.0763620458383</range>
			<altitudeMode>absolute</altitudeMode>
		</LookAt>
		<styleUrl>#__managed_style_03F37AB66D29F82A74A0</styleUrl>
		<Point>
			<coordinates>104.793580814207,17.37854010670135,147.1666856701302</coordinates>
		</Point>
	</Placemark>
	<Placemark id="0FB7FD216129F2399104">
		<name>RT57 - SG - 212 - 0303 - 318+250</name>
		<LookAt>
			<longitude>104.7936804498883</longitude>
			<latitude>17.37837960327728</latitude>
			<altitude>147.769162409527</altitude>
			<heading>-90.04022788071278</heading>
			<tilt>0.2965997771681216</tilt>
			<gx:fovy>35</gx:fovy>
			<range>123.4580904697395</range>
			<altitudeMode>absolute</altitudeMode>
		</LookAt>
		<styleUrl>#__managed_style_03F37AB66D29F82A74A0</styleUrl>
		<Point>
			<coordinates>104.7935813072441,17.3782829943636,147.3574252664682</coordinates>
		</Point>
	</Placemark>
	<Placemark id="02A6B5DD8F29F239FC07">
		<name>RT58 - SG - 212 - 0303 - 318+285</name>
		<LookAt>
			<longitude>104.7936436063778</longitude>
			<latitude>17.37799859420122</latitude>
			<altitude>149.3096852717984</altitude>
			<heading>-90.04022270071934</heading>
			<tilt>0.4621100062561753</tilt>
			<gx:fovy>35</gx:fovy>
			<range>156.2405333593961</range>
			<altitudeMode>absolute</altitudeMode>
		</LookAt>
		<styleUrl>#__managed_style_03F37AB66D29F82A74A0</styleUrl>
		<Point>
			<coordinates>104.7935880781345,17.37801286401115,148.8423925446463</coordinates>
		</Point>
	</Placemark>
	<Placemark id="057A362EAF29F23A7A3A">
		<name>RT59 - SG - 212 - 0303 - 318+320</name>
		<LookAt>
			<longitude>104.7936184500036</longitude>
			<latitude>17.37769250646594</latitude>
			<altitude>149.3025169626046</altitude>
			<heading>-90.04021725464214</heading>
			<tilt>0.514621885436675</tilt>
			<gx:fovy>35</gx:fovy>
			<range>151.0464449316714</range>
			<altitudeMode>absolute</altitudeMode>
		</LookAt>
		<styleUrl>#__managed_style_03F37AB66D29F82A74A0</styleUrl>
		<Point>
			<coordinates>104.7935814676921,17.37766128553446,149.5965197120023</coordinates>
		</Point>
	</Placemark>
	<Placemark id="0B0173359F29F23AA678">
		<name>RT60 - SG - 212 - 0303 - 318+355</name>
		<LookAt>
			<longitude>104.793678594103</longitude>
			<latitude>17.3772628357771</latitude>
			<altitude>149.544590416726</altitude>
			<heading>-90.04021628176437</heading>
			<tilt>0.5146187771803958</tilt>
			<gx:fovy>35</gx:fovy>
			<range>112.5686748505359</range>
			<altitudeMode>absolute</altitudeMode>
		</LookAt>
		<styleUrl>#__managed_style_03F37AB66D29F82A74A0</styleUrl>
		<Point>
			<coordinates>104.7935711644677,17.37729819418529,150.2856183541466</coordinates>
		</Point>
	</Placemark>
	<Placemark id="0BB2B44AB329F23B3E70">
		<name>RT61 - SG - 212 - 0303 - 318+390</name>
		<LookAt>
			<longitude>104.7935599713546</longitude>
			<latitude>17.3769683899857</latitude>
			<altitude>150.745564119233</altitude>
			<heading>-90.0402031516662</heading>
			<tilt>0.6717800722765919</tilt>
			<gx:fovy>35</gx:fovy>
			<range>226.006115657874</range>
			<altitudeMode>absolute</altitudeMode>
		</LookAt>
		<styleUrl>#__managed_style_03F37AB66D29F82A74A0</styleUrl>
		<Point>
			<coordinates>104.7935577916301,17.37698899845336,150.8697925212252</coordinates>
		</Point>
	</Placemark>
	<Placemark id="023A68A71529F23B7D79">
		<name>RT62 - SG - 212 - 0303 - 318+425</name>
		<LookAt>
			<longitude>104.793660511082</longitude>
			<latitude>17.37659921328693</latitude>
			<altitude>150.7438381463322</altitude>
			<heading>-90.04020150362211</heading>
			<tilt>0.6717748050325237</tilt>
			<gx:fovy>35</gx:fovy>
			<range>176.0540316488914</range>
			<altitudeMode>absolute</altitudeMode>
		</LookAt>
		<styleUrl>#__managed_style_03F37AB66D29F82A74A0</styleUrl>
		<Point>
			<coordinates>104.7935163317742,17.37669544616329,151.053129246333</coordinates>
		</Point>
	</Placemark>
	<Placemark id="0C32CFE43629F23BD9EF">
		<name>RT63 - SG - 212 - 0303 - 318+460</name>
		<LookAt>
			<longitude>104.7936802875678</longitude>
			<latitude>17.37648837413228</latitude>
			<altitude>150.7454568563475</altitude>
			<heading>-90.04020167409391</heading>
			<tilt>0.671775353512141</tilt>
			<gx:fovy>35</gx:fovy>
			<range>181.2586079403263</range>
			<altitudeMode>absolute</altitudeMode>
		</LookAt>
		<styleUrl>#__managed_style_03F37AB66D29F82A74A0</styleUrl>
		<Point>
			<coordinates>104.7934799051399,17.37639562160446,151.0200998099063</coordinates>
		</Point>
	</Placemark>
	<Placemark id="0CB88BC65729F23C2B7C">
		<name>RT64 - SG - 212 - 0303 - 318+495</name>
		<LookAt>
			<longitude>104.7934716972873</longitude>
			<latitude>17.37605233885606</latitude>
			<altitude>148.6469204699458</altitude>
			<heading>-76.84293323098503</heading>
			<tilt>0.277212998687566</tilt>
			<gx:fovy>35</gx:fovy>
			<range>162.4251280845601</range>
			<altitudeMode>absolute</altitudeMode>
		</LookAt>
		<styleUrl>#__managed_style_03F37AB66D29F82A74A0</styleUrl>
		<Point>
			<coordinates>104.7934273283207,17.37606426548099,148.7883792057011</coordinates>
		</Point>
	</Placemark>
	<Placemark id="03AA5AAD0129F23C9355">
		<name>RT65 - SG - 212 - 0303 - 318+530</name>
		<LookAt>
			<longitude>104.7934600171768</longitude>
			<latitude>17.37575139654403</latitude>
			<altitude>146.9100084071715</altitude>
			<heading>-83.42898695848324</heading>
			<tilt>3.711967507015067</tilt>
			<gx:fovy>35</gx:fovy>
			<range>105.402566736484</range>
			<altitudeMode>absolute</altitudeMode>
		</LookAt>
		<styleUrl>#__managed_style_03F37AB66D29F82A74A0</styleUrl>
		<Point>
			<coordinates>104.793392429309,17.37574587952174,147.1276606838751</coordinates>
		</Point>
	</Placemark>
	<Placemark id="0DF798C5AC29F23D04A8">
		<name>RT66 - SG - 212 - 0303 - 318+570</name>
		<LookAt>
			<longitude>104.7934530474709</longitude>
			<latitude>17.37558145199828</latitude>
			<altitude>146.4862268859178</altitude>
			<heading>-83.42898122740938</heading>
			<tilt>3.017959934937982</tilt>
			<gx:fovy>35</gx:fovy>
			<range>104.9202293050075</range>
			<altitudeMode>absolute</altitudeMode>
		</LookAt>
		<styleUrl>#__managed_style_03F37AB66D29F82A74A0</styleUrl>
		<Point>
			<coordinates>104.793342684671,17.37542883230277,146.4826373640614</coordinates>
		</Point>
	</Placemark>
	<Placemark id="02CCD9881629F23D4CEF">
		<name>RT67 - SG - 212 - 0303 - 318+620</name>
		<LookAt>
			<longitude>104.7934027465845</longitude>
			<latitude>17.37509840818345</latitude>
			<altitude>146.5102633126616</altitude>
			<heading>-83.42898291626631</heading>
			<tilt>3.017965367449361</tilt>
			<gx:fovy>35</gx:fovy>
			<range>116.3944505224572</range>
			<altitudeMode>absolute</altitudeMode>
		</LookAt>
		<styleUrl>#__managed_style_03F37AB66D29F82A74A0</styleUrl>
		<Point>
			<coordinates>104.7932996352637,17.37497073828823,146.4452358741103</coordinates>
		</Point>
	</Placemark>
	<Placemark id="0265956BFD29F23DF23D">
		<name>LT97 - SG - 212 - 0303 - 318+660</name>
		<LookAt>
			<longitude>104.7934345532628</longitude>
			<latitude>17.37477101354972</latitude>
			<altitude>147.0100005615327</altitude>
			<heading>-83.4289832691037</heading>
			<tilt>3.017966764892988</tilt>
			<gx:fovy>35</gx:fovy>
			<range>118.8167066651476</range>
			<altitudeMode>absolute</altitudeMode>
		</LookAt>
		<styleUrl>#__managed_style_03F37AB66D29F82A74A0</styleUrl>
		<Point>
			<coordinates>104.7934953394075,17.37461584189736,146.5812327570057</coordinates>
		</Point>
	</Placemark>
	<Placemark id="0564ED876729F23EF247">
		<name>RT68 - SG - 212 - 0303 - 318+670</name>
		<LookAt>
			<longitude>104.7932915024028</longitude>
			<latitude>17.37454204737914</latitude>
			<altitude>146.6116770415398</altitude>
			<heading>282.4216267561121</heading>
			<tilt>0</tilt>
			<gx:fovy>35</gx:fovy>
			<range>113.5177396003201</range>
			<altitudeMode>absolute</altitudeMode>
		</LookAt>
		<styleUrl>#__managed_style_03F37AB66D29F82A74A0</styleUrl>
		<Point>
			<coordinates>104.7932357634337,17.37455165046789,147.0852151331677</coordinates>
		</Point>
	</Placemark>
	<Placemark id="02598D611329F24060F3">
		<name>RT69 - SG - 212 - 0303 - 318+720</name>
		<LookAt>
			<longitude>104.7932575720436</longitude>
			<latitude>17.37406846424712</latitude>
			<altitude>147.0217903643596</altitude>
			<heading>-77.58857450506709</heading>
			<tilt>0.3945401779698843</tilt>
			<gx:fovy>35</gx:fovy>
			<range>103.220963607946</range>
			<altitudeMode>absolute</altitudeMode>
		</LookAt>
		<styleUrl>#__managed_style_03F37AB66D29F82A74A0</styleUrl>
		<Point>
			<coordinates>104.7931859374116,17.37407902997952,147.6299494857951</coordinates>
		</Point>
	</Placemark>
	<Placemark id="09A221814029F243E53A">
		<name>RT70 - SG - 212 - 0303 - 318+770</name>
		<LookAt>
			<longitude>104.7932914652294</longitude>
			<latitude>17.37365716322985</latitude>
			<altitude>147.5010276971402</altitude>
			<heading>-77.58857595447859</heading>
			<tilt>0.394545841197442</tilt>
			<gx:fovy>35</gx:fovy>
			<range>185.2260103331355</range>
			<altitudeMode>absolute</altitudeMode>
		</LookAt>
		<styleUrl>#__managed_style_03F37AB66D29F82A74A0</styleUrl>
		<Point>
			<coordinates>104.7931409779599,17.37363668668371,148.4800617767422</coordinates>
		</Point>
	</Placemark>
	<Placemark id="0CDEDD2F3E29F2447359">
		<name>RT71 - SG - 212 - 0303 - 318+810</name>
		<LookAt>
			<longitude>104.7931889422982</longitude>
			<latitude>17.37335979100135</latitude>
			<altitude>148.0276402665267</altitude>
			<heading>-77.58857382779047</heading>
			<tilt>0.3945388803661293</tilt>
			<gx:fovy>35</gx:fovy>
			<range>72.82484578757249</range>
			<altitudeMode>absolute</altitudeMode>
		</LookAt>
		<styleUrl>#__managed_style_03F37AB66D29F82A74A0</styleUrl>
		<Point>
			<coordinates>104.793093902287,17.37329425124389,148.5972023494858</coordinates>
		</Point>
	</Placemark>
	<Placemark id="0D995393F829F245175C">
		<name>MD13 - DB - 212 - 0303 - 318+740</name>
		<LookAt>
			<longitude>104.793318117377</longitude>
			<latitude>17.37390788405074</latitude>
			<altitude>147.1584846066276</altitude>
			<heading>-77.58857407748944</heading>
			<tilt>0.3945396859265305</tilt>
			<gx:fovy>35</gx:fovy>
			<range>86.02540413813587</range>
			<altitudeMode>absolute</altitudeMode>
		</LookAt>
		<styleUrl>#__managed_style_03F37AB66D29F82A74A0</styleUrl>
		<Point>
			<coordinates>104.793303452077,17.37389652147415,147.4081475935162</coordinates>
		</Point>
	</Placemark>
	<Placemark id="0A14E6484A29F245C2F1">
		<name>MD14 - DB - 212 - 0303 - 318+780</name>
		<LookAt>
			<longitude>104.7933935294431</longitude>
			<latitude>17.37343632745621</latitude>
			<altitude>146.9959599540785</altitude>
			<heading>-77.58852235001868</heading>
			<tilt>0.394546278620203</tilt>
			<gx:fovy>35</gx:fovy>
			<range>192.5444068637808</range>
			<altitudeMode>absolute</altitudeMode>
		</LookAt>
		<styleUrl>#__managed_style_03F37AB66D29F82A74A0</styleUrl>
		<Point>
			<coordinates>104.7932724305492,17.37352750738583,147.7387796552114</coordinates>
		</Point>
	</Placemark>
	<Placemark id="07BD1442EA29F245EB3D">
		<name>MD15 - DB - 212 - 0303 - 318+820</name>
		<LookAt>
			<longitude>104.793393145947</longitude>
			<latitude>17.37343872694522</latitude>
			<altitude>147.0008084874624</altitude>
			<heading>-77.58852256686616</heading>
			<tilt>0.3945462783633966</tilt>
			<gx:fovy>35</gx:fovy>
			<range>192.5384154543463</range>
			<altitudeMode>absolute</altitudeMode>
		</LookAt>
		<styleUrl>#__managed_style_03F37AB66D29F82A74A0</styleUrl>
		<Point>
			<coordinates>104.7932252588535,17.3731774093785,147.607700400474</coordinates>
		</Point>
	</Placemark>
	<Placemark id="052CAF1FE229F2460FFB">
		<name>MD16 - DB - 212 - 0303 - 318+860</name>
		<LookAt>
			<longitude>104.7932575179165</longitude>
			<latitude>17.37293909687659</latitude>
			<altitude>145.748476488368</altitude>
			<heading>-77.58852066507454</heading>
			<tilt>0.3945400505004867</tilt>
			<gx:fovy>35</gx:fovy>
			<range>91.97698866253633</range>
			<altitudeMode>absolute</altitudeMode>
		</LookAt>
		<styleUrl>#__managed_style_03F37AB66D29F82A74A0</styleUrl>
		<Point>
			<coordinates>104.7931788114562,17.37281049526546,144.6439479455467</coordinates>
		</Point>
	</Placemark>
	<Placemark id="03B88691F629F24687D2">
		<name>MD17 - DB - 212 - 0303 - 318+900</name>
		<LookAt>
			<longitude>104.7931719603931</longitude>
			<latitude>17.37253750181327</latitude>
			<altitude>142.8825169393276</altitude>
			<heading>-77.58851993437199</heading>
			<tilt>0.3945376567975587</tilt>
			<gx:fovy>35</gx:fovy>
			<range>53.32773331813769</range>
			<altitudeMode>absolute</altitudeMode>
		</LookAt>
		<styleUrl>#__managed_style_03F37AB66D29F82A74A0</styleUrl>
		<Point>
			<coordinates>104.7931353022607,17.37247462686634,142.8965642325042</coordinates>
		</Point>
	</Placemark>
	<Placemark id="0CEA1CAAD829F24A8036">
		<name>RT72 - SG - 212 - 0303 - 318+850</name>
		<LookAt>
			<longitude>104.7931616485356</longitude>
			<latitude>17.37295201354371</latitude>
			<altitude>145.908265253354</altitude>
			<heading>-79.03772102996443</heading>
			<tilt>0.4987053325728341</tilt>
			<gx:fovy>35</gx:fovy>
			<range>116.2891778661651</range>
			<altitudeMode>absolute</altitudeMode>
		</LookAt>
		<styleUrl>#__managed_style_03F37AB66D29F82A74A0</styleUrl>
		<Point>
			<coordinates>104.793028394167,17.37293115655139,145.8483209255424</coordinates>
		</Point>
	</Placemark>
	<Placemark id="013D9C2A8329F24AF281">
		<name>RT73 - SG - 212 - 0303 - 318+890</name>
		<LookAt>
			<longitude>104.7930134208396</longitude>
			<latitude>17.37275727993338</latitude>
			<altitude>144.2195282071454</altitude>
			<heading>-79.03579662967819</heading>
			<tilt>0.4987050577086773</tilt>
			<gx:fovy>35</gx:fovy>
			<range>113.0480455492943</range>
			<altitudeMode>absolute</altitudeMode>
		</LookAt>
		<styleUrl>#__managed_style_03F37AB66D29F82A74A0</styleUrl>
		<Point>
			<coordinates>104.7928489766803,17.37266628364145,144.216627605862</coordinates>
		</Point>
	</Placemark>
	<Placemark id="01A934FD0929F24E0401">
		<name>MD18 - DB - 212 - 0303 - 318+940</name>
		<LookAt>
			<longitude>104.7931688356209</longitude>
			<latitude>17.37222597364963</latitude>
			<altitude>142.8036216741931</altitude>
			<heading>-79.03581228114699</heading>
			<tilt>0.4987081306326262</tilt>
			<gx:fovy>35</gx:fovy>
			<range>152.3726671670374</range>
			<altitudeMode>absolute</altitudeMode>
		</LookAt>
		<styleUrl>#__managed_style_03F37AB66D29F82A74A0</styleUrl>
		<Point>
			<coordinates>104.7930968493602,17.37209176481455,143.6124448605034</coordinates>
		</Point>
	</Placemark>
	<Placemark id="037A2A591F29F24EFA76">
		<name>MD19 - DB - 212 - 0303 - 318+980</name>
		<LookAt>
			<longitude>104.7931338813822</longitude>
			<latitude>17.371853461775</latitude>
			<altitude>144.5638852645185</altitude>
			<heading>-79.03440898260077</heading>
			<tilt>0.4987044256677317</tilt>
			<gx:fovy>35</gx:fovy>
			<range>105.198858815711</range>
			<altitudeMode>absolute</altitudeMode>
		</LookAt>
		<styleUrl>#__managed_style_03F37AB66D29F82A74A0</styleUrl>
		<Point>
			<coordinates>104.7930670873309,17.37173021414733,145.1697751694086</coordinates>
		</Point>
	</Placemark>
	<Placemark id="00233C035629F24F60E1">
		<name>MD20 - DB - 212 - 0303 - 319+020</name>
		<LookAt>
			<longitude>104.793085512141</longitude>
			<latitude>17.3716020601372</latitude>
			<altitude>145.838235462414</altitude>
			<heading>-79.03440913274378</heading>
			<tilt>0.498704908540848</tilt>
			<gx:fovy>35</gx:fovy>
			<range>111.3852845712245</range>
			<altitudeMode>absolute</altitudeMode>
		</LookAt>
		<styleUrl>#__managed_style_03F37AB66D29F82A74A0</styleUrl>
		<Point>
			<coordinates>104.7930402930623,17.37139837027221,146.906496654917</coordinates>
		</Point>
	</Placemark>
	<Placemark id="02DEB67D2029F24FA56E">
		<name>MD21 - DB - 212 - 0303 - 319+060</name>
		<LookAt>
			<longitude>104.7930358010079</longitude>
			<latitude>17.37115428283374</latitude>
			<altitude>147.1858400460777</altitude>
			<heading>-79.03440956179038</heading>
			<tilt>0.4987063039420383</tilt>
			<gx:fovy>35</gx:fovy>
			<range>129.2192072770013</range>
			<altitudeMode>absolute</altitudeMode>
		</LookAt>
		<styleUrl>#__managed_style_03F37AB66D29F82A74A0</styleUrl>
		<Point>
			<coordinates>104.7930194633032,17.37102631674932,147.5559470148364</coordinates>
		</Point>
	</Placemark>
	<Placemark id="0C7E1AAB6329F24FDA93">
		<name>MD22 - DB - 212 - 0303 - 319+100</name>
		<LookAt>
			<longitude>104.792980590495</longitude>
			<latitude>17.37073408164985</latitude>
			<altitude>148.0150493766048</altitude>
			<heading>-79.03440951963135</heading>
			<tilt>0.4987061702009369</tilt>
			<gx:fovy>35</gx:fovy>
			<range>127.5169980248211</range>
			<altitudeMode>absolute</altitudeMode>
		</LookAt>
		<styleUrl>#__managed_style_03F37AB66D29F82A74A0</styleUrl>
		<Point>
			<coordinates>104.7929816030775,17.37066372128481,148.3327538810191</coordinates>
		</Point>
	</Placemark>
	<Placemark id="06345607A229F2505152">
		<name>MD23 - DB - 212 - 0303 - 319+140</name>
		<LookAt>
			<longitude>104.7929757532212</longitude>
			<latitude>17.37035365950837</latitude>
			<altitude>147.9059657692846</altitude>
			<heading>-79.03440993691785</heading>
			<tilt>0.4987075347072386</tilt>
			<gx:fovy>35</gx:fovy>
			<range>144.9537262103695</range>
			<altitudeMode>absolute</altitudeMode>
		</LookAt>
		<styleUrl>#__managed_style_03F37AB66D29F82A74A0</styleUrl>
		<Point>
			<coordinates>104.7929324399312,17.37030504995844,147.896098037501</coordinates>
		</Point>
	</Placemark>
	<Placemark id="0E54DE24D429F251CB5D">
		<name>RT74 - SG - 212 - 0303 - 318+965</name>
		<LookAt>
			<longitude>104.7930320766392</longitude>
			<latitude>17.37201767333587</latitude>
			<altitude>143.7638692492744</altitude>
			<heading>-79.03474234896865</heading>
			<tilt>0.4987002439079512</tilt>
			<gx:fovy>35</gx:fovy>
			<range>51.8550228604181</range>
			<altitudeMode>absolute</altitudeMode>
		</LookAt>
		<styleUrl>#__managed_style_03F37AB66D29F82A74A0</styleUrl>
		<Point>
			<coordinates>104.7929682721689,17.3719179108086,144.336402988408</coordinates>
		</Point>
	</Placemark>
	<Placemark id="03D3CA89E329F252AEFA">
		<name>RT75 - SG - 212 - 0303 - 319+005</name>
		<LookAt>
			<longitude>104.7929614006085</longitude>
			<latitude>17.37159662724069</latitude>
			<altitude>145.1209339135621</altitude>
			<heading>-79.0347477827256</heading>
			<tilt>1.40145073046319</tilt>
			<gx:fovy>35</gx:fovy>
			<range>131.604054774325</range>
			<altitudeMode>absolute</altitudeMode>
		</LookAt>
		<styleUrl>#__managed_style_03F37AB66D29F82A74A0</styleUrl>
		<Point>
			<coordinates>104.7929274720401,17.37157923388192,145.1473653787012</coordinates>
		</Point>
	</Placemark>
	<Placemark id="0174FC927F29F25389D8">
		<name>RT76 - SG - 212 - 0303 - 318+900</name>
		<LookAt>
			<longitude>104.792336919332</longitude>
			<latitude>17.37227527628387</latitude>
			<altitude>144.7582762543535</altitude>
			<heading>-79.03475229551614</heading>
			<tilt>1.401465376953303</tilt>
			<gx:fovy>35</gx:fovy>
			<range>198.1982113860068</range>
			<altitudeMode>absolute</altitudeMode>
		</LookAt>
		<styleUrl>#__managed_style_03F37AB66D29F82A74A0</styleUrl>
		<Point>
			<coordinates>104.792325851891,17.37236929211217,145.1321078571643</coordinates>
		</Point>
	</Placemark>
	<Placemark id="047E74130129F253F111">
		<name>RT77 - SG - 212 - 0303 - 318+940</name>
		<LookAt>
			<longitude>104.7927398107093</longitude>
			<latitude>17.37211216002872</latitude>
			<altitude>144.0738186836614</altitude>
			<heading>280.9652520605969</heading>
			<tilt>0</tilt>
			<gx:fovy>35</gx:fovy>
			<range>151.8800272926455</range>
			<altitudeMode>absolute</altitudeMode>
		</LookAt>
		<styleUrl>#__managed_style_03F37AB66D29F82A74A0</styleUrl>
		<Point>
			<coordinates>104.7925449667263,17.37203261376154,144.3462209539608</coordinates>
		</Point>
	</Placemark>
	<Placemark id="026A5D175D29F2540BAD">
		<name>RT78 - SG - 212 - 0303 - 318+980</name>
		<LookAt>
			<longitude>104.7927453293733</longitude>
			<latitude>17.37181794691396</latitude>
			<altitude>144.0789103710559</altitude>
			<heading>280.9652506225553</heading>
			<tilt>0</tilt>
			<gx:fovy>35</gx:fovy>
			<range>154.1019015000711</range>
			<altitudeMode>absolute</altitudeMode>
		</LookAt>
		<styleUrl>#__managed_style_03F37AB66D29F82A74A0</styleUrl>
		<Point>
			<coordinates>104.7926931019882,17.37170569507229,144.5092163275953</coordinates>
		</Point>
	</Placemark>
	<Placemark id="05655F6AE929F2546112">
		<name>RT79 - SG - 212 - 0303 - 319+025</name>
		<LookAt>
			<longitude>104.7928685124205</longitude>
			<latitude>17.37129803440797</latitude>
			<altitude>145.9126908733552</altitude>
			<heading>280.9652457709223</heading>
			<tilt>0</tilt>
			<gx:fovy>35</gx:fovy>
			<range>167.316053512659</range>
			<altitudeMode>absolute</altitudeMode>
		</LookAt>
		<styleUrl>#__managed_style_03F37AB66D29F82A74A0</styleUrl>
		<Point>
			<coordinates>104.7928020706645,17.37129475608381,145.7963472536841</coordinates>
		</Point>
	</Placemark>
	<Placemark id="0F1005201929F254B3F9">
		<name>RT80 - SG - 212 - 0303 - 319+065</name>
		<LookAt>
			<longitude>104.7928482697899</longitude>
			<latitude>17.37097174793299</latitude>
			<altitude>146.7814531308519</altitude>
			<heading>-84.19829292306396</heading>
			<tilt>0.2005984613430131</tilt>
			<gx:fovy>35</gx:fovy>
			<range>150.8427485996981</range>
			<altitudeMode>absolute</altitudeMode>
		</LookAt>
		<styleUrl>#__managed_style_03F37AB66D29F82A74A0</styleUrl>
		<Point>
			<coordinates>104.7928195631706,17.370969920146,146.8362336906927</coordinates>
		</Point>
	</Placemark>
	<Placemark id="02245D109929F2583C02">
		<name>LT98 - SG - 212 - 0303 - 319+120</name>
		<LookAt>
			<longitude>104.7931246176156</longitude>
			<latitude>17.37006189789791</latitude>
			<altitude>148.2275357919156</altitude>
			<heading>-84.05226905354378</heading>
			<tilt>0.2027900291315021</tilt>
			<gx:fovy>35</gx:fovy>
			<range>233.0609597061994</range>
			<altitudeMode>absolute</altitudeMode>
		</LookAt>
		<styleUrl>#__managed_style_03F37AB66D29F82A74A0</styleUrl>
		<Point>
			<coordinates>104.7930932135433,17.37046296528994,148.9173453405354</coordinates>
		</Point>
	</Placemark>
	<Placemark id="0BA902194829F2598570">
		<name>LT99 - SG - 212 - 0303 - 319+160</name>
		<LookAt>
			<longitude>104.7930249263919</longitude>
			<latitude>17.37013294198944</latitude>
			<altitude>148.0546992140629</altitude>
			<heading>-84.05194549048224</heading>
			<tilt>0.2037326047744537</tilt>
			<gx:fovy>35</gx:fovy>
			<range>125.3362640562591</range>
			<altitudeMode>absolute</altitudeMode>
		</LookAt>
		<styleUrl>#__managed_style_03F37AB66D29F82A74A0</styleUrl>
		<Point>
			<coordinates>104.7930375975407,17.37006885300113,148.1694818296816</coordinates>
		</Point>
	</Placemark>
	<Placemark id="0D7ED900E029F259BE23">
		<name>LT100 - SG - 212 - 0303 - 319+200</name>
		<LookAt>
			<longitude>104.7929881561915</longitude>
			<latitude>17.36981774104769</latitude>
			<altitude>148.6482824014717</altitude>
			<heading>-84.05194546515196</heading>
			<tilt>0.2037325259072119</tilt>
			<gx:fovy>35</gx:fovy>
			<range>122.8942374213148</range>
			<altitudeMode>absolute</altitudeMode>
		</LookAt>
		<styleUrl>#__managed_style_03F37AB66D29F82A74A0</styleUrl>
		<Point>
			<coordinates>104.792993793889,17.3697362921925,149.1454907817346</coordinates>
		</Point>
	</Placemark>
	<Placemark id="0BEFFF69A829F259FABC">
		<name>LT101 - SG - 212 - 0303 - 319+240</name>
		<LookAt>
			<longitude>104.7929465158475</longitude>
			<latitude>17.3693236995007</latitude>
			<altitude>147.7671017209126</altitude>
			<heading>-84.05194582163254</heading>
			<tilt>0.2037336536883342</tilt>
			<gx:fovy>35</gx:fovy>
			<range>158.2109537913675</range>
			<altitudeMode>absolute</altitudeMode>
		</LookAt>
		<styleUrl>#__managed_style_03F37AB66D29F82A74A0</styleUrl>
		<Point>
			<coordinates>104.792962115108,17.36931344384413,147.8727805121754</coordinates>
		</Point>
	</Placemark>
	<Placemark id="08ECAEBAB329F25A84C5">
		<name>RT81 - SG - 212 - 0303 - 319+120</name>
		<LookAt>
			<longitude>104.7928650157828</longitude>
			<latitude>17.37047537225766</latitude>
			<altitude>147.4662470766402</altitude>
			<heading>-84.05194514860747</heading>
			<tilt>0.203731475438294</tilt>
			<gx:fovy>35</gx:fovy>
			<range>90.21371223044299</range>
			<altitudeMode>absolute</altitudeMode>
		</LookAt>
		<styleUrl>#__managed_style_03F37AB66D29F82A74A0</styleUrl>
		<Point>
			<coordinates>104.7927920644924,17.37050090179326,147.2502424228573</coordinates>
		</Point>
	</Placemark>
	<Placemark id="0AA7980A5729F25BCAC0">
		<name>RT82 - SG - 212 - 0303 - 319+160</name>
		<LookAt>
			<longitude>104.7928339749191</longitude>
			<latitude>17.37016087948709</latitude>
			<altitude>147.4936981901761</altitude>
			<heading>-82.72785638220678</heading>
			<tilt>0.2087730588275281</tilt>
			<gx:fovy>35</gx:fovy>
			<range>67.39809482307464</range>
			<altitudeMode>absolute</altitudeMode>
		</LookAt>
		<styleUrl>#__managed_style_03F37AB66D29F82A74A0</styleUrl>
		<Point>
			<coordinates>104.7927615216656,17.37012259168522,147.6387360316194</coordinates>
		</Point>
	</Placemark>
	<Placemark id="0DDC60BBA429F25C2B61">
		<name>RT83 - SG - 212 - 0303 - 319+180</name>
		<LookAt>
			<longitude>104.7927871965496</longitude>
			<latitude>17.36995050959721</latitude>
			<altitude>148.0902259936899</altitude>
			<heading>-86.26266162053345</heading>
			<tilt>0.4871784411285149</tilt>
			<gx:fovy>35</gx:fovy>
			<range>153.0396952990122</range>
			<altitudeMode>absolute</altitudeMode>
		</LookAt>
		<styleUrl>#__managed_style_03F37AB66D29F82A74A0</styleUrl>
		<Point>
			<coordinates>104.7927560378486,17.36997391203786,148.1453538124007</coordinates>
		</Point>
	</Placemark>
	<Placemark id="008D737EAA29F25D96F8">
		<name>RT84 - SG - 212 - 0303 - 319+210</name>
		<LookAt>
			<longitude>104.792842115146</longitude>
			<latitude>17.36958394151653</latitude>
			<altitude>148.499844359328</altitude>
			<heading>-86.24841525639852</heading>
			<tilt>0.4871759624415322</tilt>
			<gx:fovy>35.00000000000001</gx:fovy>
			<range>124.3905832359815</range>
			<altitudeMode>absolute</altitudeMode>
		</LookAt>
		<styleUrl>#__managed_style_03F37AB66D29F82A74A0</styleUrl>
		<Point>
			<coordinates>104.7927344371632,17.3696270171484,148.8762664767324</coordinates>
		</Point>
	</Placemark>
	<Placemark id="0B6931240A29F260F4FC">
		<name>MD24 - DB - 212 - 0303 - 319+325</name>
		<LookAt>
			<longitude>104.7927832935652</longitude>
			<latitude>17.36857574142531</latitude>
			<altitude>147.3714395478294</altitude>
			<heading>-86.86033970419196</heading>
			<tilt>0.3997278227700611</tilt>
			<gx:fovy>35</gx:fovy>
			<range>98.2957469215944</range>
			<altitudeMode>absolute</altitudeMode>
		</LookAt>
		<styleUrl>#__managed_style_03F37AB66D29F82A74A0</styleUrl>
		<Point>
			<coordinates>104.7927581113755,17.36857619361552,147.7653027837968</coordinates>
		</Point>
	</Placemark>
	<Placemark id="088A2AE36829F2614900">
		<name>MD25 - DB - 212 - 0303 - 319+360</name>
		<LookAt>
			<longitude>104.7926727935192</longitude>
			<latitude>17.36827192937008</latitude>
			<altitude>148.3771027843111</altitude>
			<heading>-86.82622583438956</heading>
			<tilt>0.400017636513328</tilt>
			<gx:fovy>35</gx:fovy>
			<range>99.58715640272203</range>
			<altitudeMode>absolute</altitudeMode>
		</LookAt>
		<styleUrl>#__managed_style_03F37AB66D29F82A74A0</styleUrl>
		<Point>
			<coordinates>104.7926789098029,17.36826957294678,148.555029284438</coordinates>
		</Point>
	</Placemark>
	<Placemark id="067EA99BEC29F2615BF9">
		<name>MD26 - DB - 212 - 0303 - 319+400</name>
		<LookAt>
			<longitude>104.7926005895956</longitude>
			<latitude>17.36813872377047</latitude>
			<altitude>148.7067154678715</altitude>
			<heading>-86.82624739147154</heading>
			<tilt>0.4000176156448282</tilt>
			<gx:fovy>35</gx:fovy>
			<range>99.25753617342707</range>
			<altitudeMode>absolute</altitudeMode>
		</LookAt>
		<styleUrl>#__managed_style_03F37AB66D29F82A74A0</styleUrl>
		<Point>
			<coordinates>104.7925761524461,17.36797312370891,149.1687072688983</coordinates>
		</Point>
	</Placemark>
	<Placemark id="09540D5AF029F2616B7A">
		<name>MD27 - DB - 212 - 0303 - 319+440</name>
		<LookAt>
			<longitude>104.7924735372147</longitude>
			<latitude>17.36784417089886</latitude>
			<altitude>149.6371033504684</altitude>
			<heading>-86.82628531724436</heading>
			<tilt>0.4000175570236903</tilt>
			<gx:fovy>35</gx:fovy>
			<range>98.32711780232785</range>
			<altitudeMode>absolute</altitudeMode>
		</LookAt>
		<styleUrl>#__managed_style_03F37AB66D29F82A74A0</styleUrl>
		<Point>
			<coordinates>104.7924649665517,17.36767663233325,150.2489486292906</coordinates>
		</Point>
	</Placemark>
	<Placemark id="0E6DA9F25D29F2617DDF">
		<name>MD28 - DB - 212 - 0303 - 319+480</name>
		<LookAt>
			<longitude>104.7923344184111</longitude>
			<latitude>17.36742250933204</latitude>
			<altitude>150.4098003124339</altitude>
			<heading>-86.82632684575022</heading>
			<tilt>0.4000175083393203</tilt>
			<gx:fovy>35</gx:fovy>
			<range>97.55441140607218</range>
			<altitudeMode>absolute</altitudeMode>
		</LookAt>
		<styleUrl>#__managed_style_03F37AB66D29F82A74A0</styleUrl>
		<Point>
			<coordinates>104.7923506825578,17.36738663070178,150.6206163569136</coordinates>
		</Point>
	</Placemark>
	<Placemark id="0B56674F2629F2618C0F">
		<name>MD29 - DB - 212 - 0303 - 319+515</name>
		<LookAt>
			<longitude>104.7922530475505</longitude>
			<latitude>17.36721558465688</latitude>
			<altitude>150.4742597088639</altitude>
			<heading>-86.8263511361787</heading>
			<tilt>0.4000175040797907</tilt>
			<gx:fovy>35</gx:fovy>
			<range>97.48994291345301</range>
			<altitudeMode>absolute</altitudeMode>
		</LookAt>
		<styleUrl>#__managed_style_03F37AB66D29F82A74A0</styleUrl>
		<Point>
			<coordinates>104.7922478412256,17.36710807461382,150.278334164483</coordinates>
		</Point>
	</Placemark>
	<Placemark id="066DA3FBA129F26199F3">
		<name>MD30 - DB - 212 - 0303 - 319+550</name>
		<LookAt>
			<longitude>104.7921375645515</longitude>
			<latitude>17.36688045928274</latitude>
			<altitude>149.7342682210774</altitude>
			<heading>-86.82638560485363</heading>
			<tilt>0.4000175504407817</tilt>
			<gx:fovy>35</gx:fovy>
			<range>98.22994571701201</range>
			<altitudeMode>absolute</altitudeMode>
		</LookAt>
		<styleUrl>#__managed_style_03F37AB66D29F82A74A0</styleUrl>
		<Point>
			<coordinates>104.7921429949055,17.36682003638252,149.7019577152286</coordinates>
		</Point>
	</Placemark>
	<Placemark id="0B1850AD5429F261A744">
		<name>MD31 - DB - 212 - 0303 - 319+590</name>
		<LookAt>
			<longitude>104.7920007556042</longitude>
			<latitude>17.36658771979354</latitude>
			<altitude>150.1037847931432</altitude>
			<heading>-86.82642643883759</heading>
			<tilt>0.4000175270548272</tilt>
			<gx:fovy>35</gx:fovy>
			<range>97.86042525041921</range>
			<altitudeMode>absolute</altitudeMode>
		</LookAt>
		<styleUrl>#__managed_style_03F37AB66D29F82A74A0</styleUrl>
		<Point>
			<coordinates>104.7920276268845,17.36652770663738,149.8972064080912</coordinates>
		</Point>
	</Placemark>
	<Placemark id="079C2D116229F292AE42">
		<name>MD32 - DB - 212 - 0303 - 319+630</name>
		<LookAt>
			<longitude>104.7918904291678</longitude>
			<latitude>17.36625864169924</latitude>
			<altitude>149.5811225699941</altitude>
			<heading>-71.14582477651133</heading>
			<tilt>15.5525618696985</tilt>
			<gx:fovy>35.00000000000001</gx:fovy>
			<range>115.3285822606995</range>
			<altitudeMode>absolute</altitudeMode>
		</LookAt>
		<styleUrl>#__managed_style_03F37AB66D29F82A74A0</styleUrl>
		<Point>
			<coordinates>104.7919323349072,17.36624453536196,149.5821620196827</coordinates>
		</Point>
	</Placemark>
	<Placemark id="0DA7E46E2429F292DA64">
		<name>MD33 - DB - 212 - 0303 - 319+670</name>
		<LookAt>
			<longitude>104.7918381529496</longitude>
			<latitude>17.36611699252619</latitude>
			<altitude>148.9919642712132</altitude>
			<heading>-71.16201362985466</heading>
			<tilt>15.55256150711669</tilt>
			<gx:fovy>35.00000000000001</gx:fovy>
			<range>115.9406794821916</range>
			<altitudeMode>absolute</altitudeMode>
		</LookAt>
		<styleUrl>#__managed_style_03F37AB66D29F82A74A0</styleUrl>
		<Point>
			<coordinates>104.7918204299248,17.36595103153872,148.2337701278184</coordinates>
		</Point>
	</Placemark>
	<Placemark id="0DB1AEEFE629F292F135">
		<name>MD34 - DB - 212 - 0303 - 319+705</name>
		<LookAt>
			<longitude>104.7916895457131</longitude>
			<latitude>17.36586283416181</latitude>
			<altitude>148.0295364400202</altitude>
			<heading>-71.16205798492602</heading>
			<tilt>15.55256391592144</tilt>
			<gx:fovy>35.00000000000001</gx:fovy>
			<range>116.9396803697964</range>
			<altitudeMode>absolute</altitudeMode>
		</LookAt>
		<styleUrl>#__managed_style_03F37AB66D29F82A74A0</styleUrl>
		<Point>
			<coordinates>104.7916848188024,17.36561712820063,147.8992792206912</coordinates>
		</Point>
	</Placemark>
	<Placemark id="0F5FD0F20A29F2931284">
		<name>MD35 - DB - 212 - 0303 - 319+745</name>
		<LookAt>
			<longitude>104.7915774517735</longitude>
			<latitude>17.3655677953716</latitude>
			<altitude>148.4794727872136</altitude>
			<heading>-71.16209144106757</heading>
			<tilt>15.552562789817</tilt>
			<gx:fovy>35.00000000000001</gx:fovy>
			<range>116.4726517426971</range>
			<altitudeMode>absolute</altitudeMode>
		</LookAt>
		<styleUrl>#__managed_style_03F37AB66D29F82A74A0</styleUrl>
		<Point>
			<coordinates>104.7915893354458,17.36537734631286,148.6592228087414</coordinates>
		</Point>
	</Placemark>
	<Placemark id="0DCDE5173A29F2934F49">
		<name>MD36 - DB - 212 - 0303 - 319+780</name>
		<LookAt>
			<longitude>104.7915069099321</longitude>
			<latitude>17.36517440861379</latitude>
			<altitude>148.8895506759203</altitude>
			<heading>-71.16208033596168</heading>
			<tilt>15.55243689989817</tilt>
			<gx:fovy>35.00000000000001</gx:fovy>
			<range>64.26174263850953</range>
			<altitudeMode>absolute</altitudeMode>
		</LookAt>
		<styleUrl>#__managed_style_03F37AB66D29F82A74A0</styleUrl>
		<Point>
			<coordinates>104.7914915658791,17.3651012786812,148.9984689080061</coordinates>
		</Point>
	</Placemark>
	<Placemark id="042D08CA1329F2936C1E">
		<name>MD37 - DB - 212 - 0303 - 319+815</name>
		<LookAt>
			<longitude>104.791401184361</longitude>
			<latitude>17.36488305379979</latitude>
			<altitude>148.4753121619797</altitude>
			<heading>-71.16211189049085</heading>
			<tilt>15.55243793670294</tilt>
			<gx:fovy>35.00000000000001</gx:fovy>
			<range>64.69172766743215</range>
			<altitudeMode>absolute</altitudeMode>
		</LookAt>
		<styleUrl>#__managed_style_03F37AB66D29F82A74A0</styleUrl>
		<Point>
			<coordinates>104.7913804469964,17.36479083708989,148.2966761888355</coordinates>
		</Point>
	</Placemark>
	<Placemark id="0681980E3529F29398DA">
		<name>MD38 - DB - 212 - 0303 - 319+855</name>
		<LookAt>
			<longitude>104.7912725287493</longitude>
			<latitude>17.36458712605759</latitude>
			<altitude>147.1328441836265</altitude>
			<heading>-71.16216733510437</heading>
			<tilt>15.5524527652003</tilt>
			<gx:fovy>35.00000000000001</gx:fovy>
			<range>70.84161393755495</range>
			<altitudeMode>absolute</altitudeMode>
		</LookAt>
		<styleUrl>#__managed_style_03F37AB66D29F82A74A0</styleUrl>
		<Point>
			<coordinates>104.7912733398321,17.3645129112539,147.0323620937963</coordinates>
		</Point>
	</Placemark>
	<Placemark id="023498FC4429F293B346">
		<name>MD39 - DB - 212 - 0303 - 319+890</name>
		<LookAt>
			<longitude>104.7911490682405</longitude>
			<latitude>17.36424087362268</latitude>
			<altitude>146.735410236986</altitude>
			<heading>-71.16220418123964</heading>
			<tilt>15.55245375993089</tilt>
			<gx:fovy>35.00000000000001</gx:fovy>
			<range>71.25415782295931</range>
			<altitudeMode>absolute</altitudeMode>
		</LookAt>
		<styleUrl>#__managed_style_03F37AB66D29F82A74A0</styleUrl>
		<Point>
			<coordinates>104.7911517538804,17.36421269348382,146.9492809213225</coordinates>
		</Point>
	</Placemark>
	<Placemark id="0854DFB54729F293C9ED">
		<name>MD40 - DB - 212 - 0303 - 319+930</name>
		<LookAt>
			<longitude>104.7910885079201</longitude>
			<latitude>17.36407052237805</latitude>
			<altitude>146.8554392661384</altitude>
			<heading>-71.162222255042</heading>
			<tilt>15.55245345951563</tilt>
			<gx:fovy>35.00000000000001</gx:fovy>
			<range>71.12957243200071</range>
			<altitudeMode>absolute</altitudeMode>
		</LookAt>
		<styleUrl>#__managed_style_03F37AB66D29F82A74A0</styleUrl>
		<Point>
			<coordinates>104.7910440237663,17.36392496545447,147.1555127837194</coordinates>
		</Point>
	</Placemark>
	<Placemark id="0BB793D75229F293F10B">
		<name>MD41 - DB - 212 - 0303 - 319+970</name>
		<LookAt>
			<longitude>104.7909875188677</longitude>
			<latitude>17.36378395795353</latitude>
			<altitude>147.3767680473658</altitude>
			<heading>-71.16225239399614</heading>
			<tilt>15.55245215471057</tilt>
			<gx:fovy>35.00000000000001</gx:fovy>
			<range>70.58843343094851</range>
			<altitudeMode>absolute</altitudeMode>
		</LookAt>
		<styleUrl>#__managed_style_03F37AB66D29F82A74A0</styleUrl>
		<Point>
			<coordinates>104.7909372762457,17.36363905183582,148.36732112045</coordinates>
		</Point>
	</Placemark>
	<Placemark id="08CEA1FA3D29F2940815">
		<name>MD42 - DB - 212 - 0303 - 320+005</name>
		<LookAt>
			<longitude>104.7908568539018</longitude>
			<latitude>17.36342323388988</latitude>
			<altitude>149.593683360442</altitude>
			<heading>-71.1622913885604</heading>
			<tilt>15.55244660610448</tilt>
			<gx:fovy>35.00000000000001</gx:fovy>
			<range>68.28725706731348</range>
			<altitudeMode>absolute</altitudeMode>
		</LookAt>
		<styleUrl>#__managed_style_03F37AB66D29F82A74A0</styleUrl>
		<Point>
			<coordinates>104.7908063384239,17.36330866115821,149.8481561044994</coordinates>
		</Point>
	</Placemark>
	<Placemark id="0AB2FB8E5D29F29426ED">
		<name>MD43 - DB - 212 - 0303 - 320+045</name>
		<LookAt>
			<longitude>104.7906879389556</longitude>
			<latitude>17.36307066631304</latitude>
			<altitude>148.5833960033252</altitude>
			<heading>-71.16235140962048</heading>
			<tilt>15.55246173504861</tilt>
			<gx:fovy>35.00000000000001</gx:fovy>
			<range>74.56175190599424</range>
			<altitudeMode>absolute</altitudeMode>
		</LookAt>
		<styleUrl>#__managed_style_03F37AB66D29F82A74A0</styleUrl>
		<Point>
			<coordinates>104.7906670385781,17.36292514401426,147.8515266477207</coordinates>
		</Point>
	</Placemark>
	<Placemark id="056C77AF1429F2943D26">
		<name>MD44 - DB - 212 - 0303 - 320+080</name>
		<LookAt>
			<longitude>104.7905523322584</longitude>
			<latitude>17.36274798955655</latitude>
			<altitude>146.544685857359</altitude>
			<heading>-71.16239187740095</heading>
			<tilt>15.55246683767346</tilt>
			<gx:fovy>35.00000000000001</gx:fovy>
			<range>76.67795364353879</range>
			<altitudeMode>absolute</altitudeMode>
		</LookAt>
		<styleUrl>#__managed_style_03F37AB66D29F82A74A0</styleUrl>
		<Point>
			<coordinates>104.7905510537174,17.36262709798071,146.7014814212621</coordinates>
		</Point>
	</Placemark>
	<Placemark id="0ADED816B129F2945006">
		<name>MD45 - DB - 212 - 0303 - 320+120</name>
		<LookAt>
			<longitude>104.7904414876429</longitude>
			<latitude>17.36243682445188</latitude>
			<altitude>146.6820678238728</altitude>
			<heading>-71.16242495519262</heading>
			<tilt>15.55246649381549</tilt>
			<gx:fovy>35.00000000000001</gx:fovy>
			<range>76.53534766907796</range>
			<altitudeMode>absolute</altitudeMode>
		</LookAt>
		<styleUrl>#__managed_style_03F37AB66D29F82A74A0</styleUrl>
		<Point>
			<coordinates>104.7904401259074,17.36232358354805,147.0072787848633</coordinates>
		</Point>
	</Placemark>
	<Placemark id="0C79EDFAE529F29465EB">
		<name>MD46 - DB - 212 - 0303 - 320+160</name>
		<LookAt>
			<longitude>104.7903001895861</longitude>
			<latitude>17.36204580236379</latitude>
			<altitude>147.5915691910211</altitude>
			<heading>-71.16246711980781</heading>
			<tilt>15.55246421747815</tilt>
			<gx:fovy>35.00000000000001</gx:fovy>
			<range>75.59128348635568</range>
			<altitudeMode>absolute</altitudeMode>
		</LookAt>
		<styleUrl>#__managed_style_03F37AB66D29F82A74A0</styleUrl>
		<Point>
			<coordinates>104.7903250324583,17.36203555524972,147.901166580641</coordinates>
		</Point>
	</Placemark>
	<Placemark id="010B559C2D29F294792E">
		<name>MD47 - DB - 212 - 0303 - 320+195</name>
		<LookAt>
			<longitude>104.7902409430771</longitude>
			<latitude>17.36187556555192</latitude>
			<altitude>147.9898089397797</altitude>
			<heading>-71.16248479922332</heading>
			<tilt>15.55246322074047</tilt>
			<gx:fovy>35.00000000000001</gx:fovy>
			<range>75.17791100177419</range>
			<altitudeMode>absolute</altitudeMode>
		</LookAt>
		<styleUrl>#__managed_style_03F37AB66D29F82A74A0</styleUrl>
		<Point>
			<coordinates>104.7902165975703,17.36171758798341,148.6790789354289</coordinates>
		</Point>
	</Placemark>
	<Placemark id="0002EECE6A29F2948C93">
		<name>MD48 - DB - 212 - 0303 - 320+235</name>
		<LookAt>
			<longitude>104.7901297169088</longitude>
			<latitude>17.36155750890544</latitude>
			<altitude>148.8781119902405</altitude>
			<heading>-71.16251798912619</heading>
			<tilt>15.55246099743646</tilt>
			<gx:fovy>35.00000000000001</gx:fovy>
			<range>74.25584236084433</range>
			<altitudeMode>absolute</altitudeMode>
		</LookAt>
		<styleUrl>#__managed_style_03F37AB66D29F82A74A0</styleUrl>
		<Point>
			<coordinates>104.7901122286816,17.36143254627109,149.4294541927002</coordinates>
		</Point>
	</Placemark>
	<Placemark id="055E444EB329F294A04C">
		<name>MD49 - DB - 212 - 0303 - 320+270</name>
		<LookAt>
			<longitude>104.7900049049563</longitude>
			<latitude>17.36122994685</latitude>
			<altitude>149.6548392953957</altitude>
			<heading>-71.16255523242501</heading>
			<tilt>15.55245905340048</tilt>
			<gx:fovy>35.00000000000001</gx:fovy>
			<range>73.44959797831508</range>
			<altitudeMode>absolute</altitudeMode>
		</LookAt>
		<styleUrl>#__managed_style_03F37AB66D29F82A74A0</styleUrl>
		<Point>
			<coordinates>104.7899883330853,17.36111184417315,150.0226317815397</coordinates>
		</Point>
	</Placemark>
	<Placemark id="040A04620829F294BA56">
		<name>MD50 - DB - 212 - 0303 - 320+310</name>
		<LookAt>
			<longitude>104.7898882639522</longitude>
			<latitude>17.36091363849554</latitude>
			<altitude>149.2469204388307</altitude>
			<heading>-71.16259003696329</heading>
			<tilt>15.55246007436439</tilt>
			<gx:fovy>35.00000000000001</gx:fovy>
			<range>73.87302374661886</range>
			<altitudeMode>absolute</altitudeMode>
		</LookAt>
		<styleUrl>#__managed_style_03F37AB66D29F82A74A0</styleUrl>
		<Point>
			<coordinates>104.7898608902345,17.36077593048535,149.0376315037539</coordinates>
		</Point>
	</Placemark>
	<Placemark id="09D0FD919229F294D569">
		<name>MD51 - DB - 212 - 0303 - 320+350</name>
		<LookAt>
			<longitude>104.7897594401248</longitude>
			<latitude>17.36055992895694</latitude>
			<altitude>148.024262465277</altitude>
			<heading>-71.16262847589738</heading>
			<tilt>15.55246313447974</tilt>
			<gx:fovy>35.00000000000001</gx:fovy>
			<range>75.14215376036191</range>
			<altitudeMode>absolute</altitudeMode>
		</LookAt>
		<styleUrl>#__managed_style_03F37AB66D29F82A74A0</styleUrl>
		<Point>
			<coordinates>104.7897349590611,17.36045021023105,148.1347972470224</coordinates>
		</Point>
	</Placemark>
	<Placemark id="07A4C564A529F294EB5D">
		<name>MD52 - DB - 212 - 0303 - 320+385</name>
		<LookAt>
			<longitude>104.7896484461451</longitude>
			<latitude>17.36025006994566</latitude>
			<altitude>147.9381774010249</altitude>
			<heading>-71.16266159429004</heading>
			<tilt>15.55246334990735</tilt>
			<gx:fovy>35.00000000000001</gx:fovy>
			<range>75.23150920029366</range>
			<altitudeMode>absolute</altitudeMode>
		</LookAt>
		<styleUrl>#__managed_style_03F37AB66D29F82A74A0</styleUrl>
		<Point>
			<coordinates>104.7896363295781,17.36016000712893,148.4641287654617</coordinates>
		</Point>
	</Placemark>
	<Placemark id="081D16012729F29503D5">
		<name>MD53 - DB - 212 - 0303 - 320+425</name>
		<LookAt>
			<longitude>104.7895524283792</longitude>
			<latitude>17.36001966456</latitude>
			<altitude>147.8491357626448</altitude>
			<heading>-71.16269024365482</heading>
			<tilt>15.55246357277077</tilt>
			<gx:fovy>35.00000000000001</gx:fovy>
			<range>75.32393567214058</range>
			<altitudeMode>absolute</altitudeMode>
		</LookAt>
		<styleUrl>#__managed_style_03F37AB66D29F82A74A0</styleUrl>
		<Point>
			<coordinates>104.7895080193061,17.35983138822085,146.8976723028086</coordinates>
		</Point>
	</Placemark>
	<Placemark id="047B26C2AA29F2952821">
		<name>MD54 - DB - 212 - 0303 - 320+460</name>
		<LookAt>
			<longitude>104.7893501671345</longitude>
			<latitude>17.35956168078481</latitude>
			<altitude>144.8770626733286</altitude>
			<heading>-71.16274609653267</heading>
			<tilt>15.55251704560045</tilt>
			<gx:fovy>35.00000000000001</gx:fovy>
			<range>97.50094068434919</range>
			<altitudeMode>absolute</altitudeMode>
		</LookAt>
		<styleUrl>#__managed_style_03F37AB66D29F82A74A0</styleUrl>
		<Point>
			<coordinates>104.7893696320735,17.35948982490089,144.699551888833</coordinates>
		</Point>
	</Placemark>
	<Placemark id="0C850F027329F29542FD">
		<name>MD55 - DB - 212 - 0303 - 320+500</name>
		<LookAt>
			<longitude>104.789248895078</longitude>
			<latitude>17.35930064367676</latitude>
			<altitude>144.657031628301</altitude>
			<heading>-71.16277631237004</heading>
			<tilt>15.55251759626814</tilt>
			<gx:fovy>35.00000000000001</gx:fovy>
			<range>97.72933274844038</range>
			<altitudeMode>absolute</altitudeMode>
		</LookAt>
		<styleUrl>#__managed_style_03F37AB66D29F82A74A0</styleUrl>
		<Point>
			<coordinates>104.7892442919431,17.3591734472482,145.1166245544308</coordinates>
		</Point>
	</Placemark>
	<Placemark id="0641A2ECF929F29562DC">
		<name>MD56 - DB - 212 - 0303 - 320+540</name>
		<LookAt>
			<longitude>104.7891391877524</longitude>
			<latitude>17.35901435839831</latitude>
			<altitude>145.5648767279337</altitude>
			<heading>-71.1628090444419</heading>
			<tilt>15.55251532407434</tilt>
			<gx:fovy>35.00000000000001</gx:fovy>
			<range>96.78698370807069</range>
			<altitudeMode>absolute</altitudeMode>
		</LookAt>
		<styleUrl>#__managed_style_03F37AB66D29F82A74A0</styleUrl>
		<Point>
			<coordinates>104.7891363414046,17.35888280903772,146.3970632371383</coordinates>
		</Point>
	</Placemark>
	<Placemark id="044211525429F29578F1">
		<name>MD57 - DB - 212 - 0303 - 320+575</name>
		<LookAt>
			<longitude>104.7890509106933</longitude>
			<latitude>17.35876538626408</latitude>
			<altitude>146.9939637875776</altitude>
			<heading>-71.1628353822346</heading>
			<tilt>15.55251174724924</tilt>
			<gx:fovy>35.00000000000001</gx:fovy>
			<range>95.30357099384673</range>
			<altitudeMode>absolute</altitudeMode>
		</LookAt>
		<styleUrl>#__managed_style_03F37AB66D29F82A74A0</styleUrl>
		<Point>
			<coordinates>104.7890299590039,17.35858100947582,148.2561851670776</coordinates>
		</Point>
	</Placemark>
	<Placemark id="029F3508C429F2958C72">
		<name>MD58 - DB - 212 - 0303 - 320+615</name>
		<LookAt>
			<longitude>104.7889483644805</longitude>
			<latitude>17.35846917341117</latitude>
			<altitude>148.1955672179899</altitude>
			<heading>-71.16286597656811</heading>
			<tilt>15.5525087397936</tilt>
			<gx:fovy>35.00000000000001</gx:fovy>
			<range>94.05629745629994</range>
			<altitudeMode>absolute</altitudeMode>
		</LookAt>
		<styleUrl>#__managed_style_03F37AB66D29F82A74A0</styleUrl>
		<Point>
			<coordinates>104.7889104458107,17.35828157409812,148.4204332734287</coordinates>
		</Point>
	</Placemark>
	<Placemark id="04574AE6A629F295A443">
		<name>MD59 - DB - 212 - 0303 - 320+650</name>
		<LookAt>
			<longitude>104.7887838602897</longitude>
			<latitude>17.35806747015455</latitude>
			<altitude>147.9372144442015</altitude>
			<heading>-71.16291505550399</heading>
			<tilt>15.55250938639704</tilt>
			<gx:fovy>35.00000000000001</gx:fovy>
			<range>94.32446807529233</range>
			<altitudeMode>absolute</altitudeMode>
		</LookAt>
		<styleUrl>#__managed_style_03F37AB66D29F82A74A0</styleUrl>
		<Point>
			<coordinates>104.7887887063302,17.35796177151433,148.1026879216558</coordinates>
		</Point>
	</Placemark>
	<Placemark id="04415FCB3029F295B872">
		<name>MD60 - DB - 212 - 0303 - 320+690</name>
		<LookAt>
			<longitude>104.7886785529637</longitude>
			<latitude>17.35777584898898</latitude>
			<altitude>147.782668289789</altitude>
			<heading>-71.16294647273604</heading>
			<tilt>15.55250977320082</tilt>
			<gx:fovy>35.00000000000001</gx:fovy>
			<range>94.48488603486113</range>
			<altitudeMode>absolute</altitudeMode>
		</LookAt>
		<styleUrl>#__managed_style_03F37AB66D29F82A74A0</styleUrl>
		<Point>
			<coordinates>104.7886786409943,17.35767767851615,147.8449135589012</coordinates>
		</Point>
	</Placemark>
	<Placemark id="0DB193A2C529F295D458">
		<name>MD61 - DB - 212 - 0303 - 320+730</name>
		<LookAt>
			<longitude>104.788578237639</longitude>
			<latitude>17.35750136168705</latitude>
			<altitude>146.9864221837938</altitude>
			<heading>-71.16297640013376</heading>
			<tilt>15.55251176609501</tilt>
			<gx:fovy>35.00000000000001</gx:fovy>
			<range>95.31139343363066</range>
			<altitudeMode>absolute</altitudeMode>
		</LookAt>
		<styleUrl>#__managed_style_03F37AB66D29F82A74A0</styleUrl>
		<Point>
			<coordinates>104.788567774181,17.35736349363735,146.9989505072856</coordinates>
		</Point>
	</Placemark>
	<Placemark id="0853428ABC29F295F76C">
		<name>MD62 - DB - 212 - 0303 - 320+765</name>
		<LookAt>
			<longitude>104.7884786245226</longitude>
			<latitude>17.35730745782982</latitude>
			<altitude>146.5998149544237</altitude>
			<heading>-71.16300611755005</heading>
			<tilt>15.55251273371921</tilt>
			<gx:fovy>35.00000000000001</gx:fovy>
			<range>95.7126903889457</range>
			<altitudeMode>absolute</altitudeMode>
		</LookAt>
		<styleUrl>#__managed_style_03F37AB66D29F82A74A0</styleUrl>
		<Point>
			<coordinates>104.7884636484941,17.35707584795666,147.2459499006121</coordinates>
		</Point>
	</Placemark>
	<Placemark id="0CBC6366B329F2973D0C">
		<name>MD63 - DB - 212 - 0303 - 320+805</name>
		<LookAt>
			<longitude>104.7883248248917</longitude>
			<latitude>17.35664555256375</latitude>
			<altitude>148.2854305577214</altitude>
			<heading>-62.40715561101167</heading>
			<tilt>0.2374991167584141</tilt>
			<gx:fovy>35</gx:fovy>
			<range>60.48542216922215</range>
			<altitudeMode>absolute</altitudeMode>
		</LookAt>
		<styleUrl>#__managed_style_03F37AB66D29F82A74A0</styleUrl>
		<Point>
			<coordinates>104.7883093122549,17.35667016488252,148.4845574275706</coordinates>
		</Point>
	</Placemark>
	<Placemark id="0D6106749129F2976359">
		<name>MD64 - DB - 212 - 0303 - 320+840</name>
		<LookAt>
			<longitude>104.7882636565424</longitude>
			<latitude>17.35651248438356</latitude>
			<altitude>149.0025642359065</altitude>
			<heading>-62.40719688973345</heading>
			<tilt>0.2375018066532348</tilt>
			<gx:fovy>35</gx:fovy>
			<range>132.6567349820471</range>
			<altitudeMode>absolute</altitudeMode>
		</LookAt>
		<styleUrl>#__managed_style_03F37AB66D29F82A74A0</styleUrl>
		<Point>
			<coordinates>104.788151576559,17.35626714651312,150.3072859180611</coordinates>
		</Point>
	</Placemark>
	<Placemark id="00893AA96729F297938F">
		<name>MD65 - DB - 212 - 0303 - 320+880</name>
		<LookAt>
			<longitude>104.7880121558471</longitude>
			<latitude>17.35607547169243</latitude>
			<altitude>151.1127558227546</altitude>
			<heading>-62.40727097428119</heading>
			<tilt>0.2375033546383729</tilt>
			<gx:fovy>35</gx:fovy>
			<range>174.2152020372851</range>
			<altitudeMode>absolute</altitudeMode>
		</LookAt>
		<styleUrl>#__managed_style_03F37AB66D29F82A74A0</styleUrl>
		<Point>
			<coordinates>104.7880090831552,17.35588574757316,151.1627216156467</coordinates>
		</Point>
	</Placemark>
	<Placemark id="0D74FE55FF29F297AA54">
		<name>MD66 - DB - 212 - 0303 - 320+920</name>
		<LookAt>
			<longitude>104.7878696032739</longitude>
			<latitude>17.35571209541004</latitude>
			<altitude>150.7676919546997</altitude>
			<heading>-62.4073134945079</heading>
			<tilt>0.2375033673799157</tilt>
			<gx:fovy>35</gx:fovy>
			<range>174.5602585477536</range>
			<altitudeMode>absolute</altitudeMode>
		</LookAt>
		<styleUrl>#__managed_style_03F37AB66D29F82A74A0</styleUrl>
		<Point>
			<coordinates>104.7878746122786,17.35550233150171,150.7596666506464</coordinates>
		</Point>
	</Placemark>
	<Placemark id="0767168F6B29F297C56D">
		<name>MD67 - DB - 212 - 0303 - 320+955</name>
		<LookAt>
			<longitude>104.7878338742239</longitude>
			<latitude>17.35524958440897</latitude>
			<altitude>151.0858523634678</altitude>
			<heading>-62.40732968259164</heading>
			<tilt>0.2374997383865798</tilt>
			<gx:fovy>35</gx:fovy>
			<range>77.22255190129545</range>
			<altitudeMode>absolute</altitudeMode>
		</LookAt>
		<styleUrl>#__managed_style_03F37AB66D29F82A74A0</styleUrl>
		<Point>
			<coordinates>104.787786441743,17.35514830321182,151.6062520706004</coordinates>
		</Point>
	</Placemark>
	<Placemark id="02DFE38EF229F297DDBC">
		<name>MD68 - DB - 212 - 0303 - 321+030</name>
		<LookAt>
			<longitude>104.7878462285855</longitude>
			<latitude>17.35507573813043</latitude>
			<altitude>151.4813644763075</altitude>
			<heading>-62.40733282823565</heading>
			<tilt>0.2375011002630595</tilt>
			<gx:fovy>35</gx:fovy>
			<range>113.7662382318558</range>
			<altitudeMode>absolute</altitudeMode>
		</LookAt>
		<styleUrl>#__managed_style_03F37AB66D29F82A74A0</styleUrl>
		<Point>
			<coordinates>104.7877507193202,17.35480486915016,151.3588064413251</coordinates>
		</Point>
	</Placemark>
	<Placemark id="075A687FEA29F29862C4">
		<name>MD69 - DB - 212 - 0303 - 331+070</name>
		<LookAt>
			<longitude>104.7877314983504</longitude>
			<latitude>17.35443893810901</latitude>
			<altitude>149.0595828689344</altitude>
			<heading>266.857190381589</heading>
			<tilt>0</tilt>
			<gx:fovy>35</gx:fovy>
			<range>34.13283356675493</range>
			<altitudeMode>absolute</altitudeMode>
		</LookAt>
		<styleUrl>#__managed_style_03F37AB66D29F82A74A0</styleUrl>
		<Point>
			<coordinates>104.7877161007321,17.35443979353045,149.2232505472879</coordinates>
		</Point>
	</Placemark>
	<Placemark id="09B4E041A029F298877F">
		<name>MD70 - DB - 212 - 0303 - 321+110</name>
		<LookAt>
			<longitude>104.7877193716933</longitude>
			<latitude>17.35414832488754</latitude>
			<altitude>150.1061494996009</altitude>
			<heading>266.857190164309</heading>
			<tilt>0</tilt>
			<gx:fovy>35</gx:fovy>
			<range>81.01273836939981</range>
			<altitudeMode>absolute</altitudeMode>
		</LookAt>
		<styleUrl>#__managed_style_03F37AB66D29F82A74A0</styleUrl>
		<Point>
			<coordinates>104.7877277783281,17.35403329417699,150.7463191544189</coordinates>
		</Point>
	</Placemark>
	<Placemark id="0619E6AF6929F298A3DF">
		<name>MD71 - DB - 212 - 0303 - 321+145</name>
		<LookAt>
			<longitude>104.7876944387716</longitude>
			<latitude>17.35375130177807</latitude>
			<altitude>151.2292072315711</altitude>
			<heading>266.8571961377132</heading>
			<tilt>0</tilt>
			<gx:fovy>35</gx:fovy>
			<range>78.37978046532955</range>
			<altitudeMode>absolute</altitudeMode>
		</LookAt>
		<styleUrl>#__managed_style_03F37AB66D29F82A74A0</styleUrl>
		<Point>
			<coordinates>104.7877237870048,17.35361956673097,151.3069315062534</coordinates>
		</Point>
	</Placemark>
	<Placemark id="0BD4E85D6929F298CB5F">
		<name>MD72 - DB - 212 - 0303 - 321+185</name>
		<LookAt>
			<longitude>104.7876639524042</longitude>
			<latitude>17.35324729446419</latitude>
			<altitude>150.9711331024924</altitude>
			<heading>266.8571936779421</heading>
			<tilt>0</tilt>
			<gx:fovy>35</gx:fovy>
			<range>93.07357883224542</range>
			<altitudeMode>absolute</altitudeMode>
		</LookAt>
		<styleUrl>#__managed_style_03F37AB66D29F82A74A0</styleUrl>
		<Point>
			<coordinates>104.7877166308548,17.3531965861374,150.7702293893752</coordinates>
		</Point>
	</Placemark>
	<Placemark id="0FA697F0A029F298DF2C">
		<name>MD73 - DB - 212 - 0303 - 321+220</name>
		<LookAt>
			<longitude>104.7876898886145</longitude>
			<latitude>17.35291106219262</latitude>
			<altitude>149.9577537837373</altitude>
			<heading>266.8572009096557</heading>
			<tilt>0</tilt>
			<gx:fovy>35</gx:fovy>
			<range>94.08694983145324</range>
			<altitudeMode>absolute</altitudeMode>
		</LookAt>
		<styleUrl>#__managed_style_03F37AB66D29F82A74A0</styleUrl>
		<Point>
			<coordinates>104.7877075965859,17.35277553123449,150.024111613964</coordinates>
		</Point>
	</Placemark>
	<Placemark id="0E8781ED6829F298F4FC">
		<name>MD74 - DB - 212 - 0303 - 321+260</name>
		<LookAt>
			<longitude>104.7877099321072</longitude>
			<latitude>17.35256263434754</latitude>
			<altitude>150.1473972177912</altitude>
			<heading>266.8572064180944</heading>
			<tilt>0</tilt>
			<gx:fovy>35</gx:fovy>
			<range>93.89730491909178</range>
			<altitudeMode>absolute</altitudeMode>
		</LookAt>
		<styleUrl>#__managed_style_03F37AB66D29F82A74A0</styleUrl>
		<Point>
			<coordinates>104.7877080320511,17.35235117187034,150.3704783862877</coordinates>
		</Point>
	</Placemark>
	<Placemark id="08D5E2789A29F29907E4">
		<name>MD75 - DB - 212 - 0303 - 321+300</name>
		<LookAt>
			<longitude>104.787687890915</longitude>
			<latitude>17.35206186352081</latitude>
			<altitude>148.9405438871222</altitude>
			<heading>266.857198664429</heading>
			<tilt>0</tilt>
			<gx:fovy>35</gx:fovy>
			<range>95.10415672335512</range>
			<altitudeMode>absolute</altitudeMode>
		</LookAt>
		<styleUrl>#__managed_style_03F37AB66D29F82A74A0</styleUrl>
		<Point>
			<coordinates>104.7877025254167,17.35192907817251,148.8227355074515</coordinates>
		</Point>
	</Placemark>
	<Placemark id="0A6D881E6429F29926DF">
		<name>MD76 - DB - 212 - 0303 - 321+335</name>
		<LookAt>
			<longitude>104.7877117350195</longitude>
			<latitude>17.35148891668845</latitude>
			<altitude>149.2567126491911</altitude>
			<heading>266.857205305933</heading>
			<tilt>0</tilt>
			<gx:fovy>35</gx:fovy>
			<range>94.78797950168884</range>
			<altitudeMode>absolute</altitudeMode>
		</LookAt>
		<styleUrl>#__managed_style_03F37AB66D29F82A74A0</styleUrl>
		<Point>
			<coordinates>104.7877000894542,17.35151776738875,149.3152210499605</coordinates>
		</Point>
	</Placemark>
	<Placemark id="06795B7F2C29F29939C0">
		<name>MD77 - DB - 212 - 0303 - 321+375</name>
		<LookAt>
			<longitude>104.7877270611498</longitude>
			<latitude>17.35122249056325</latitude>
			<altitude>149.8359719641944</altitude>
			<heading>266.8572096074178</heading>
			<tilt>0</tilt>
			<gx:fovy>35</gx:fovy>
			<range>94.20871334968979</range>
			<altitudeMode>absolute</altitudeMode>
		</LookAt>
		<styleUrl>#__managed_style_03F37AB66D29F82A74A0</styleUrl>
		<Point>
			<coordinates>104.7877045847416,17.35110746626198,149.9845152904187</coordinates>
		</Point>
	</Placemark>
	<Placemark id="0E5CE6587029F2994D80">
		<name>MD78 - DB - 212 - 0303 - 321+410</name>
		<LookAt>
			<longitude>104.7876712890208</longitude>
			<latitude>17.35079638329647</latitude>
			<altitude>150.1007262610613</altitude>
			<heading>266.8571925051065</heading>
			<tilt>0</tilt>
			<gx:fovy>35</gx:fovy>
			<range>93.94395563220314</range>
			<altitudeMode>absolute</altitudeMode>
		</LookAt>
		<styleUrl>#__managed_style_03F37AB66D29F82A74A0</styleUrl>
		<Point>
			<coordinates>104.7877051346067,17.3507444013273,150.2686234713405</coordinates>
		</Point>
	</Placemark>
	<Placemark id="0F05D399EF29F2996D06">
		<name>MD79 - DB - 212 - 0303 - 321+450</name>
		<LookAt>
			<longitude>104.7877381719239</longitude>
			<latitude>17.3504172675288</latitude>
			<altitude>149.4229068728074</altitude>
			<heading>266.8572121300917</heading>
			<tilt>0</tilt>
			<gx:fovy>35</gx:fovy>
			<range>94.62177873107976</range>
			<altitudeMode>absolute</altitudeMode>
		</LookAt>
		<styleUrl>#__managed_style_03F37AB66D29F82A74A0</styleUrl>
		<Point>
			<coordinates>104.7877420098395,17.35034529153598,149.3564119234662</coordinates>
		</Point>
	</Placemark>
	<Placemark id="01E23CE23129F299CED8">
		<name>MD80 - DB - 212 - 0303 - 321+490</name>
		<LookAt>
			<longitude>104.7878429214126</longitude>
			<latitude>17.35001877194749</latitude>
			<altitude>147.4452788963688</altitude>
			<heading>262.2167528062967</heading>
			<tilt>0</tilt>
			<gx:fovy>35</gx:fovy>
			<range>153.5314428358288</range>
			<altitudeMode>absolute</altitudeMode>
		</LookAt>
		<styleUrl>#__managed_style_03F37AB66D29F82A74A0</styleUrl>
		<Point>
			<coordinates>104.7877967449132,17.34999953811694,147.3404272155535</coordinates>
		</Point>
	</Placemark>
	<Placemark id="0A415410E129F29A417D">
		<name>MD81 - DB - 212 - 0303 - 321+530</name>
		<LookAt>
			<longitude>104.787910921872</longitude>
			<latitude>17.34962465526133</latitude>
			<altitude>145.0010108741116</altitude>
			<heading>262.2167628046143</heading>
			<tilt>0</tilt>
			<gx:fovy>35</gx:fovy>
			<range>122.1346843126958</range>
			<altitudeMode>absolute</altitudeMode>
		</LookAt>
		<styleUrl>#__managed_style_03F37AB66D29F82A74A0</styleUrl>
		<Point>
			<coordinates>104.7878811492388,17.34962152018519,145.1632112903645</coordinates>
		</Point>
	</Placemark>
	<Placemark id="095CB6EFA729F29A642D">
		<name>MD82 - DB - 212 - 0303 - 321+565</name>
		<LookAt>
			<longitude>104.7879876030855</longitude>
			<latitude>17.34934500560392</latitude>
			<altitude>145.7987539299198</altitude>
			<heading>262.2167610862778</heading>
			<tilt>0</tilt>
			<gx:fovy>35</gx:fovy>
			<range>93.38136576294346</range>
			<altitudeMode>absolute</altitudeMode>
		</LookAt>
		<styleUrl>#__managed_style_03F37AB66D29F82A74A0</styleUrl>
		<Point>
			<coordinates>104.7879819529229,17.34923685260054,146.7011746514846</coordinates>
		</Point>
	</Placemark>
	<Placemark id="01B7236A4F29F29A860F">
		<name>MD83 - DB - 212 - 0303 - 321+600</name>
		<LookAt>
			<longitude>104.7881035033048</longitude>
			<latitude>17.34889786542696</latitude>
			<altitude>147.2289597189809</altitude>
			<heading>262.216776858796</heading>
			<tilt>0</tilt>
			<gx:fovy>35</gx:fovy>
			<range>89.09331287179157</range>
			<altitudeMode>absolute</altitudeMode>
		</LookAt>
		<styleUrl>#__managed_style_03F37AB66D29F82A74A0</styleUrl>
		<Point>
			<coordinates>104.7880788473992,17.34885267076307,147.6212178259998</coordinates>
		</Point>
	</Placemark>
	<Placemark id="0B381FA8F829F29A9F7A">
		<name>MD84 - DB - 212 - 0303 - 321+640</name>
		<LookAt>
			<longitude>104.788169618013</longitude>
			<latitude>17.34858699556678</latitude>
			<altitude>147.6728103973023</altitude>
			<heading>262.2167751689792</heading>
			<tilt>0</tilt>
			<gx:fovy>35</gx:fovy>
			<range>85.30253537490354</range>
			<altitudeMode>absolute</altitudeMode>
		</LookAt>
		<styleUrl>#__managed_style_03F37AB66D29F82A74A0</styleUrl>
		<Point>
			<coordinates>104.788169019958,17.34847456360615,147.9572008683492</coordinates>
		</Point>
	</Placemark>
	<Placemark id="0D1DB9E71E29F29AC025">
		<name>MD85 - DB - 212 - 0303 - 321+680</name>
		<LookAt>
			<longitude>104.7882509848767</longitude>
			<latitude>17.3481961227921</latitude>
			<altitude>148.3442566530564</altitude>
			<heading>262.2168062083679</heading>
			<tilt>0</tilt>
			<gx:fovy>35</gx:fovy>
			<range>112.3495538261886</range>
			<altitudeMode>absolute</altitudeMode>
		</LookAt>
		<styleUrl>#__managed_style_03F37AB66D29F82A74A0</styleUrl>
		<Point>
			<coordinates>104.788262458123,17.34808834734905,148.8341321611786</coordinates>
		</Point>
	</Placemark>
	<Placemark id="0B159BB84F29F29B42F9">
		<name>MD86 - DB - 212 - 0303 - 321+715</name>
		<LookAt>
			<longitude>104.7882654920694</longitude>
			<latitude>17.34783859564448</latitude>
			<altitude>148.8644481333625</altitude>
			<heading>262.2168038300181</heading>
			<tilt>0</tilt>
			<gx:fovy>35</gx:fovy>
			<range>132.6363734610095</range>
			<altitudeMode>absolute</altitudeMode>
		</LookAt>
		<styleUrl>#__managed_style_03F37AB66D29F82A74A0</styleUrl>
		<Point>
			<coordinates>104.7883402625513,17.34770148163361,148.6633222845512</coordinates>
		</Point>
	</Placemark>
	<Placemark id="0472EFDC8229F29B5BB3">
		<name>MD87 - DB - 212 - 0303 - 321+755</name>
		<LookAt>
			<longitude>104.7883706174931</longitude>
			<latitude>17.34741586945737</latitude>
			<altitude>147.1037978870929</altitude>
			<heading>262.2168218331457</heading>
			<tilt>0</tilt>
			<gx:fovy>35</gx:fovy>
			<range>87.72692965113492</range>
			<altitudeMode>absolute</altitudeMode>
		</LookAt>
		<styleUrl>#__managed_style_03F37AB66D29F82A74A0</styleUrl>
		<Point>
			<coordinates>104.7884235209959,17.34731197276801,146.0236922539188</coordinates>
		</Point>
	</Placemark>
	<Placemark id="097315A34229F29B7130">
		<name>MD88 - DB - 212 - 0303 - 321+790</name>
		<LookAt>
			<longitude>104.7884371702414</longitude>
			<latitude>17.34713209373643</latitude>
			<altitude>144.7785747032922</altitude>
			<heading>262.2168413102984</heading>
			<tilt>0</tilt>
			<gx:fovy>35</gx:fovy>
			<range>90.05215856850555</range>
			<altitudeMode>absolute</altitudeMode>
		</LookAt>
		<styleUrl>#__managed_style_03F37AB66D29F82A74A0</styleUrl>
		<Point>
			<coordinates>104.7884975207787,17.34699287602436,144.5134093879436</coordinates>
		</Point>
	</Placemark>
	<Placemark id="0369A23F7229F29B9560">
		<name>MD89 - DB - 212 - 0303 - 321+830</name>
		<LookAt>
			<longitude>104.7885104553383</longitude>
			<latitude>17.3467947171531</latitude>
			<altitude>144.1537895073879</altitude>
			<heading>262.2168624025961</heading>
			<tilt>0</tilt>
			<gx:fovy>35</gx:fovy>
			<range>90.34091669012923</range>
			<altitudeMode>absolute</altitudeMode>
		</LookAt>
		<styleUrl>#__managed_style_03F37AB66D29F82A74A0</styleUrl>
		<Point>
			<coordinates>104.788581650016,17.34665379441398,144.9664363835153</coordinates>
		</Point>
	</Placemark>
	<Placemark id="07683CCCD229F29BAD7F">
		<name>MD90 - DB - 212 - 0303 - 321+870</name>
		<LookAt>
			<longitude>104.7885960772433</longitude>
			<latitude>17.34651643401793</latitude>
			<altitude>145.3844284660301</altitude>
			<heading>262.216887260689</heading>
			<tilt>0</tilt>
			<gx:fovy>35</gx:fovy>
			<range>89.11027308012309</range>
			<altitudeMode>absolute</altitudeMode>
		</LookAt>
		<styleUrl>#__managed_style_03F37AB66D29F82A74A0</styleUrl>
		<Point>
			<coordinates>104.7886715918839,17.34630739429833,146.5576394971867</coordinates>
		</Point>
	</Placemark>
	<Placemark id="09347DEB1629F29BD246">
		<name>MD91 - DB - 212 - 0303 - 321+905</name>
		<LookAt>
			<longitude>104.7886912834546</longitude>
			<latitude>17.34605990892828</latitude>
			<altitude>147.4800353730646</altitude>
			<heading>262.2169221159357</heading>
			<tilt>0</tilt>
			<gx:fovy>35</gx:fovy>
			<range>104.4050608040379</range>
			<altitudeMode>absolute</altitudeMode>
		</LookAt>
		<styleUrl>#__managed_style_03F37AB66D29F82A74A0</styleUrl>
		<Point>
			<coordinates>104.7887432088924,17.34599945028523,147.6743327392126</coordinates>
		</Point>
	</Placemark>
	<Placemark id="0F3EB7E03A29F29BE7A2">
		<name>MD92 - DB - 212 - 0303 - 321+945</name>
		<LookAt>
			<longitude>104.7887246173777</longitude>
			<latitude>17.34583179331013</latitude>
			<altitude>147.7396871067201</altitude>
			<heading>262.2169317105896</heading>
			<tilt>0</tilt>
			<gx:fovy>35</gx:fovy>
			<range>104.1454137472101</range>
			<altitudeMode>absolute</altitudeMode>
		</LookAt>
		<styleUrl>#__managed_style_03F37AB66D29F82A74A0</styleUrl>
		<Point>
			<coordinates>104.788831259341,17.34568070750488,147.7713157249408</coordinates>
		</Point>
	</Placemark>
	<Placemark id="096EE1EF1829F29BF9BF">
		<name>MD93 - DB - 212 - 0303 - 321+980</name>
		<LookAt>
			<longitude>104.7887997527364</longitude>
			<latitude>17.34553183701466</latitude>
			<altitude>146.9182418730476</altitude>
			<heading>262.2169537105231</heading>
			<tilt>0</tilt>
			<gx:fovy>35</gx:fovy>
			<range>104.9668626349194</range>
			<altitudeMode>absolute</altitudeMode>
		</LookAt>
		<styleUrl>#__managed_style_03F37AB66D29F82A74A0</styleUrl>
		<Point>
			<coordinates>104.7888938515871,17.34536044745549,147.3944454334143</coordinates>
		</Point>
	</Placemark>
	<Placemark id="027D26EF0929F29C0D7E">
		<name>MD94 - DB - 212 - 0303 - 322+020</name>
		<LookAt>
			<longitude>104.7888983485579</longitude>
			<latitude>17.34513909697503</latitude>
			<altitude>146.4211110459475</altitude>
			<heading>262.2169826871054</heading>
			<tilt>0</tilt>
			<gx:fovy>35</gx:fovy>
			<range>105.4639873747874</range>
			<altitudeMode>absolute</altitudeMode>
		</LookAt>
		<styleUrl>#__managed_style_03F37AB66D29F82A74A0</styleUrl>
		<Point>
			<coordinates>104.7889957476776,17.34506113319465,147.7078060039956</coordinates>
		</Point>
	</Placemark>
	<Placemark id="0C0261BCAB29F29C21E6">
		<name>MD95 - DB - 212 - 0303 - 322+060</name>
		<LookAt>
			<longitude>104.7889961248872</longitude>
			<latitude>17.34485353025311</latitude>
			<altitude>147.2634683521066</altitude>
			<heading>262.2170114470947</heading>
			<tilt>0</tilt>
			<gx:fovy>35</gx:fovy>
			<range>104.6216207036559</range>
			<altitudeMode>absolute</altitudeMode>
		</LookAt>
		<styleUrl>#__managed_style_03F37AB66D29F82A74A0</styleUrl>
		<Point>
			<coordinates>104.7890630778501,17.34475552163189,148.47988231621</coordinates>
		</Point>
	</Placemark>
	<Placemark id="0875734D3429F29C846C">
		<name>MD96 - DB - 212 - 0303 - 322+095</name>
		<LookAt>
			<longitude>104.7891535490206</longitude>
			<latitude>17.34445225326276</latitude>
			<altitude>149.7186086291662</altitude>
			<heading>261.5923265306038</heading>
			<tilt>0</tilt>
			<gx:fovy>35</gx:fovy>
			<range>87.79879759234973</range>
			<altitudeMode>absolute</altitudeMode>
		</LookAt>
		<styleUrl>#__managed_style_03F37AB66D29F82A74A0</styleUrl>
		<Point>
			<coordinates>104.789150166299,17.34442477472361,149.7932455506992</coordinates>
		</Point>
	</Placemark>
	<Placemark id="05B1C3CC0329F29C9D0E">
		<name>MD97 - DB - 212 - 0303 - 322+135</name>
		<LookAt>
			<longitude>104.7891753809453</longitude>
			<latitude>17.34422202477728</latitude>
			<altitude>148.9272451807034</altitude>
			<heading>261.5923371850204</heading>
			<tilt>0</tilt>
			<gx:fovy>35</gx:fovy>
			<range>127.9781279528834</range>
			<altitudeMode>absolute</altitudeMode>
		</LookAt>
		<styleUrl>#__managed_style_03F37AB66D29F82A74A0</styleUrl>
		<Point>
			<coordinates>104.7892196898898,17.34412559085019,148.5139949271076</coordinates>
		</Point>
	</Placemark>
	<Placemark id="09F3463E9B29F29CB13D">
		<name>MD98 - DB - 212 - 0303 - 322+170</name>
		<LookAt>
			<longitude>104.7892142212686</longitude>
			<latitude>17.34400884719648</latitude>
			<altitude>147.6635314058198</altitude>
			<heading>261.5923484086526</heading>
			<tilt>0</tilt>
			<gx:fovy>35</gx:fovy>
			<range>129.2418402027761</range>
			<altitudeMode>absolute</altitudeMode>
		</LookAt>
		<styleUrl>#__managed_style_03F37AB66D29F82A74A0</styleUrl>
		<Point>
			<coordinates>104.7892866942214,17.34380914682411,146.6639592953458</coordinates>
		</Point>
	</Placemark>
	<Placemark id="03E5B4B4F329F29CC5C6">
		<name>MD99 - DB - 212 - 0303 - 322+210</name>
		<LookAt>
			<longitude>104.7892501887101</longitude>
			<latitude>17.34373854216762</latitude>
			<altitude>146.3490155995626</altitude>
			<heading>261.5923588560754</heading>
			<tilt>0</tilt>
			<gx:fovy>35</gx:fovy>
			<range>130.5563461616657</range>
			<altitudeMode>absolute</altitudeMode>
		</LookAt>
		<styleUrl>#__managed_style_03F37AB66D29F82A74A0</styleUrl>
		<Point>
			<coordinates>104.7893571940569,17.34348312488239,145.2495597372892</coordinates>
		</Point>
	</Placemark>
	<Placemark id="04F96E778529F29D1066">
		<name>MD100 - DB - 212 - 0303 - 322+250</name>
		<LookAt>
			<longitude>104.7894643509383</longitude>
			<latitude>17.34315427089873</latitude>
			<altitude>143.1591361356316</altitude>
			<heading>-105.5679352802943</heading>
			<tilt>0.07235044427380706</tilt>
			<gx:fovy>35</gx:fovy>
			<range>188.055972037364</range>
			<altitudeMode>absolute</altitudeMode>
		</LookAt>
		<styleUrl>#__managed_style_03F37AB66D29F82A74A0</styleUrl>
		<Point>
			<coordinates>104.7894372601842,17.34315538385014,143.0666538183393</coordinates>
		</Point>
	</Placemark>
	<Placemark id="093114924829F29D2D5D">
		<name>MD101 - DB - 212 - 0303 - 322+285</name>
		<LookAt>
			<longitude>104.7894643509271</longitude>
			<latitude>17.34315427089872</latitude>
			<altitude>143.1591361356316</altitude>
			<heading>-105.5679352780439</heading>
			<tilt>0.07235044426373208</tilt>
			<gx:fovy>35</gx:fovy>
			<range>188.055972037364</range>
			<altitudeMode>absolute</altitudeMode>
		</LookAt>
		<styleUrl>#__managed_style_03F37AB66D29F82A74A0</styleUrl>
		<Point>
			<coordinates>104.7895070194768,17.34284279455991,141.8868627845395</coordinates>
		</Point>
	</Placemark>
	<Placemark id="0A54C9FC2229F29D441E">
		<name>MD102 - DB - 212 - 0303 - 322+325</name>
		<LookAt>
			<longitude>104.7895817914039</longitude>
			<latitude>17.34217035601498</latitude>
			<altitude>144.0771072347436</altitude>
			<heading>-105.5679002674621</heading>
			<tilt>0.07235043325681025</tilt>
			<gx:fovy>35</gx:fovy>
			<range>187.1380116259206</range>
			<altitudeMode>absolute</altitudeMode>
		</LookAt>
		<styleUrl>#__managed_style_03F37AB66D29F82A74A0</styleUrl>
		<Point>
			<coordinates>104.789592830932,17.34251551593372,142.3777080767327</coordinates>
		</Point>
	</Placemark>
	<Placemark id="0201736C6629F29D57C2">
		<name>MD103 - DB - 212 - 0303 - 322+360</name>
		<LookAt>
			<longitude>104.7895817913817</longitude>
			<latitude>17.34217035601498</latitude>
			<altitude>144.0770883718218</altitude>
			<heading>-105.567900262973</heading>
			<tilt>0.07235043327192273</tilt>
			<gx:fovy>35</gx:fovy>
			<range>187.1380463923197</range>
			<altitudeMode>absolute</altitudeMode>
		</LookAt>
		<styleUrl>#__managed_style_03F37AB66D29F82A74A0</styleUrl>
		<Point>
			<coordinates>104.7896660082157,17.34220977155831,144.8236751314307</coordinates>
		</Point>
	</Placemark>
	<Placemark id="01DCE9133A29F29D6B3D">
		<name>MD104 - DB - 212 - 0303 - 322+400</name>
		<LookAt>
			<longitude>104.7895817913595</longitude>
			<latitude>17.34217035601498</latitude>
			<altitude>144.0770883718218</altitude>
			<heading>-105.5679002584649</heading>
			<tilt>0.07235043329207269</tilt>
			<gx:fovy>35</gx:fovy>
			<range>187.1380579811193</range>
			<altitudeMode>absolute</altitudeMode>
		</LookAt>
		<styleUrl>#__managed_style_03F37AB66D29F82A74A0</styleUrl>
		<Point>
			<coordinates>104.7897708914796,17.34183580955182,148.2123223105406</coordinates>
		</Point>
	</Placemark>
	<Placemark id="01ABD1037729F29E4317">
		<name>MD105 - DB - 212 - 0303 - 322+440</name>
		<LookAt>
			<longitude>104.7898861294284</longitude>
			<latitude>17.34145446401891</latitude>
			<altitude>147.2726408134915</altitude>
			<heading>-102.238277048799</heading>
			<tilt>0.06576228306004897</tilt>
			<gx:fovy>35</gx:fovy>
			<range>100.1951859555265</range>
			<altitudeMode>absolute</altitudeMode>
		</LookAt>
		<styleUrl>#__managed_style_03F37AB66D29F82A74A0</styleUrl>
		<Point>
			<coordinates>104.7898524433896,17.34148511144327,147.1722527534591</coordinates>
		</Point>
	</Placemark>
	<Placemark id="02B91D2E2129F2A0DCE7">
		<name>MD106 - DB - 212 - 0303 - 322+475</name>
		<LookAt>
			<longitude>104.7899527968</longitude>
			<latitude>17.34132417234239</latitude>
			<altitude>146.6094510540894</altitude>
			<heading>257.7617204137711</heading>
			<tilt>0</tilt>
			<gx:fovy>35</gx:fovy>
			<range>145.6647454259291</range>
			<altitudeMode>absolute</altitudeMode>
		</LookAt>
		<styleUrl>#__managed_style_03F37AB66D29F82A74A0</styleUrl>
		<Point>
			<coordinates>104.789917208626,17.34118472484835,145.9812539613948</coordinates>
		</Point>
	</Placemark>
	<Placemark id="00D263C5BF29F2A10388">
		<name>MD107 - DB - 212 - 0303 - 322+515</name>
		<LookAt>
			<longitude>104.789958731821</longitude>
			<latitude>17.34095194724721</latitude>
			<altitude>145.3591490966665</altitude>
			<heading>257.7617180819836</heading>
			<tilt>0</tilt>
			<gx:fovy>35</gx:fovy>
			<range>95.33894001046974</range>
			<altitudeMode>absolute</altitudeMode>
		</LookAt>
		<styleUrl>#__managed_style_03F37AB66D29F82A74A0</styleUrl>
		<Point>
			<coordinates>104.7899512077955,17.34086536665762,145.1843107644065</coordinates>
		</Point>
	</Placemark>
	<Placemark id="0EF256E7BA29F2A146AC">
		<name>MD108 - DB - 212 - 0303 - 322+550</name>
		<LookAt>
			<longitude>104.7899601324449</longitude>
			<latitude>17.3406850577104</latitude>
			<altitude>143.9960761164813</altitude>
			<heading>257.7617164777272</heading>
			<tilt>0</tilt>
			<gx:fovy>35</gx:fovy>
			<range>98.54994724257267</range>
			<altitudeMode>absolute</altitudeMode>
		</LookAt>
		<styleUrl>#__managed_style_03F37AB66D29F82A74A0</styleUrl>
		<Point>
			<coordinates>104.7899437472723,17.34055606376546,143.2251546670489</coordinates>
		</Point>
	</Placemark>
	<Placemark id="040637776829F2A16328">
		<name>MD109 - DB - 212 - 0303 - 322+590</name>
		<LookAt>
			<longitude>104.7899280024064</longitude>
			<latitude>17.34036820482521</latitude>
			<altitude>143.8626036439885</altitude>
			<heading>257.7617148847256</heading>
			<tilt>0</tilt>
			<gx:fovy>35</gx:fovy>
			<range>101.2437753169615</range>
			<altitudeMode>absolute</altitudeMode>
		</LookAt>
		<styleUrl>#__managed_style_03F37AB66D29F82A74A0</styleUrl>
		<Point>
			<coordinates>104.7898807021884,17.34024889393067,144.6474930264368</coordinates>
		</Point>
	</Placemark>
	<Placemark id="05612231E729F2A1B334">
		<name>MD110 - DB - 212 - 0303 - 322+630</name>
		<LookAt>
			<longitude>104.7898192180292</longitude>
			<latitude>17.33995569974453</latitude>
			<altitude>145.6176365181041</altitude>
			<heading>-69.85457796446174</heading>
			<tilt>0.1954895982249052</tilt>
			<gx:fovy>35</gx:fovy>
			<range>106.6434026958086</range>
			<altitudeMode>absolute</altitudeMode>
		</LookAt>
		<styleUrl>#__managed_style_03F37AB66D29F82A74A0</styleUrl>
		<Point>
			<coordinates>104.7897969753847,17.33995520588054,145.8214967218441</coordinates>
		</Point>
	</Placemark>
	<Placemark id="0818FB59E529F2A1D9AC">
		<name>MD111 - DB - 212 - 0303 - 322+665</name>
		<LookAt>
			<longitude>104.7897552425908</longitude>
			<latitude>17.3396982454588</latitude>
			<altitude>145.885602812355</altitude>
			<heading>-69.8545914890251</heading>
			<tilt>0.1954895592129073</tilt>
			<gx:fovy>35</gx:fovy>
			<range>105.3948254182978</range>
			<altitudeMode>absolute</altitudeMode>
		</LookAt>
		<styleUrl>#__managed_style_03F37AB66D29F82A74A0</styleUrl>
		<Point>
			<coordinates>104.7896971726611,17.33967430791074,146.2580701435557</coordinates>
		</Point>
	</Placemark>
	<Placemark id="0554D1BCCE29F2A1EFB3">
		<name>MD112 - DB - 212 - 0303 - 322+705</name>
		<LookAt>
			<longitude>104.7896756233852</longitude>
			<latitude>17.33948176697045</latitude>
			<altitude>146.2051529363436</altitude>
			<heading>-69.85461521930826</heading>
			<tilt>0.1954895492944435</tilt>
			<gx:fovy>35</gx:fovy>
			<range>105.0752758559247</range>
			<altitudeMode>absolute</altitudeMode>
		</LookAt>
		<styleUrl>#__managed_style_03F37AB66D29F82A74A0</styleUrl>
		<Point>
			<coordinates>104.7896084109623,17.33938370874695,146.5317390612567</coordinates>
		</Point>
	</Placemark>
	<Placemark id="069ECDA5A229F2A205D5">
		<name>MD113 - DB - 212 - 0303 - 322+740</name>
		<LookAt>
			<longitude>104.7895609565993</longitude>
			<latitude>17.3391261453823</latitude>
			<altitude>147.1036983665781</altitude>
			<heading>-69.85464939055471</heading>
			<tilt>0.1954895216215539</tilt>
			<gx:fovy>35</gx:fovy>
			<range>104.1767266839452</range>
			<altitudeMode>absolute</altitudeMode>
		</LookAt>
		<styleUrl>#__managed_style_03F37AB66D29F82A74A0</styleUrl>
		<Point>
			<coordinates>104.7895143128952,17.33908848758202,147.2140347348384</coordinates>
		</Point>
	</Placemark>
	<Placemark id="098EAF57F529F2A21BD5">
		<name>MD114 - DB - 212 - 0303 - 322+780</name>
		<LookAt>
			<longitude>104.7894665236017</longitude>
			<latitude>17.33887306376923</latitude>
			<altitude>147.8992125844194</altitude>
			<heading>-69.85467753270417</heading>
			<tilt>0.1954894969913179</tilt>
			<gx:fovy>35</gx:fovy>
			<range>103.3812019411198</range>
			<altitudeMode>absolute</altitudeMode>
		</LookAt>
		<styleUrl>#__managed_style_03F37AB66D29F82A74A0</styleUrl>
		<Point>
			<coordinates>104.7894245353137,17.33879024268725,148.2057796112298</coordinates>
		</Point>
	</Placemark>
	<Placemark id="0CCD11F53B29F2A22EDA">
		<name>MD115 - DB - 212 - 0303 - 322+820</name>
		<LookAt>
			<longitude>104.7893646627797</longitude>
			<latitude>17.33860801325071</latitude>
			<altitude>147.905211645687</altitude>
			<heading>-69.85470789437987</heading>
			<tilt>0.19548949664268</tilt>
			<gx:fovy>35</gx:fovy>
			<range>103.3751989428856</range>
			<altitudeMode>absolute</altitudeMode>
		</LookAt>
		<styleUrl>#__managed_style_03F37AB66D29F82A74A0</styleUrl>
		<Point>
			<coordinates>104.7893294985891,17.33850830543328,147.836581763406</coordinates>
		</Point>
	</Placemark>
	<Placemark id="0D2962DFA329F2A242BC">
		<name>MD116 - DB - 212 - 0303 - 322+855</name>
		<LookAt>
			<longitude>104.7892320983897</longitude>
			<latitude>17.33826690362566</latitude>
			<altitude>146.3176853673363</altitude>
			<heading>-69.85474740183609</heading>
			<tilt>0.195489545103333</tilt>
			<gx:fovy>35</gx:fovy>
			<range>104.9627370222333</range>
			<altitudeMode>absolute</altitudeMode>
		</LookAt>
		<styleUrl>#__managed_style_03F37AB66D29F82A74A0</styleUrl>
		<Point>
			<coordinates>104.7892348057885,17.33820793304823,145.9995973297057</coordinates>
		</Point>
	</Placemark>
	<Placemark id="0B63B2CF5229F2A25EC2">
		<name>MD117 - DB - 212 - 0303 - 322+895</name>
		<LookAt>
			<longitude>104.7891078339361</longitude>
			<latitude>17.33794561803602</latitude>
			<altitude>144.2999385974956</altitude>
			<heading>-69.85478443524804</heading>
			<tilt>0.1954896067972897</tilt>
			<gx:fovy>35</gx:fovy>
			<range>106.9805092896968</range>
			<altitudeMode>absolute</altitudeMode>
		</LookAt>
		<styleUrl>#__managed_style_03F37AB66D29F82A74A0</styleUrl>
		<Point>
			<coordinates>104.7891341311432,17.33790945172181,144.6639852988064</coordinates>
		</Point>
	</Placemark>
	<Placemark id="07C9360DE229F2A272AB">
		<name>MD118 - DB - 212 - 0303 - 322+930</name>
		<LookAt>
			<longitude>104.7890449542459</longitude>
			<latitude>17.33770673587383</latitude>
			<altitude>144.4310407869866</altitude>
			<heading>-69.85480317574101</heading>
			<tilt>0.1954896025949943</tilt>
			<gx:fovy>35</gx:fovy>
			<range>106.8494051989182</range>
			<altitudeMode>absolute</altitudeMode>
		</LookAt>
		<styleUrl>#__managed_style_03F37AB66D29F82A74A0</styleUrl>
		<Point>
			<coordinates>104.789008794864,17.33756277986054,144.8683429707847</coordinates>
		</Point>
	</Placemark>
	<Placemark id="0160B69B8429F2A285CC">
		<name>MD119 - DB - 212 - 0303 - 322+970</name>
		<LookAt>
			<longitude>104.7889500515623</longitude>
			<latitude>17.33737532167724</latitude>
			<altitude>145.3343631778839</altitude>
			<heading>-69.85483145223678</heading>
			<tilt>0.1954895746890657</tilt>
			<gx:fovy>35</gx:fovy>
			<range>105.9460698526709</range>
			<altitudeMode>absolute</altitudeMode>
		</LookAt>
		<styleUrl>#__managed_style_03F37AB66D29F82A74A0</styleUrl>
		<Point>
			<coordinates>104.7889052794472,17.33724668613654,146.2993781931745</coordinates>
		</Point>
	</Placemark>
	<Placemark id="0983D998E729F2A2F377">
		<name>MD120 - DB - 212 - 0303 - 323+010</name>
		<LookAt>
			<longitude>104.7888607314147</longitude>
			<latitude>17.33695348044101</latitude>
			<altitude>147.1340259455323</altitude>
			<heading>296.538561553483</heading>
			<tilt>0</tilt>
			<gx:fovy>35</gx:fovy>
			<range>71.81601180343934</range>
			<altitudeMode>absolute</altitudeMode>
		</LookAt>
		<styleUrl>#__managed_style_03F37AB66D29F82A74A0</styleUrl>
		<Point>
			<coordinates>104.7888042203641,17.3369340051395,147.2004206727965</coordinates>
		</Point>
	</Placemark>
	<Placemark id="0C81983EA829F2A31519">
		<name>MD121 - DB - 212 - 0303 - 323+050</name>
		<LookAt>
			<longitude>104.7887545553633</longitude>
			<latitude>17.33667239764853</latitude>
			<altitude>147.1993841119439</altitude>
			<heading>296.5385264520881</heading>
			<tilt>0</tilt>
			<gx:fovy>35</gx:fovy>
			<range>118.0593901948669</range>
			<altitudeMode>absolute</altitudeMode>
		</LookAt>
		<styleUrl>#__managed_style_03F37AB66D29F82A74A0</styleUrl>
		<Point>
			<coordinates>104.7886769329413,17.33656829716834,147.0345701365761</coordinates>
		</Point>
	</Placemark>
	<Placemark id="09D191F5B029F2A329DC">
		<name>MD122 - DB - 212 - 0303 - 323+080</name>
		<LookAt>
			<longitude>104.788681121154</longitude>
			<latitude>17.33618649562863</latitude>
			<altitude>148.5586832515725</altitude>
			<heading>296.5385041918238</heading>
			<tilt>0</tilt>
			<gx:fovy>35</gx:fovy>
			<range>116.7000819364148</range>
			<altitudeMode>absolute</altitudeMode>
		</LookAt>
		<styleUrl>#__managed_style_03F37AB66D29F82A74A0</styleUrl>
		<Point>
			<coordinates>104.7885781977305,17.33620377718626,148.4640800952702</coordinates>
		</Point>
	</Placemark>
	<Placemark id="0E0D94E60C29F2A33D3F">
		<name>MD123 - DB - 212 - 0303 - 323+120</name>
		<LookAt>
			<longitude>104.7885933124846</longitude>
			<latitude>17.33596517812428</latitude>
			<altitude>149.5770767929904</altitude>
			<heading>296.5384776258596</heading>
			<tilt>0</tilt>
			<gx:fovy>35</gx:fovy>
			<range>115.6816813981459</range>
			<altitudeMode>absolute</altitudeMode>
		</LookAt>
		<styleUrl>#__managed_style_03F37AB66D29F82A74A0</styleUrl>
		<Point>
			<coordinates>104.7884666065395,17.33583360841634,150.0947708480944</coordinates>
		</Point>
	</Placemark>
	<Placemark id="0F2315B7EF29F2A352D6">
		<name>MD124 - DB - 212 - 0303 - 323+160</name>
		<LookAt>
			<longitude>104.7884882152561</longitude>
			<latitude>17.33560449260001</latitude>
			<altitude>149.9377746831867</altitude>
			<heading>296.5384460804124</heading>
			<tilt>0</tilt>
			<gx:fovy>35</gx:fovy>
			<range>115.3209800081095</range>
			<altitudeMode>absolute</altitudeMode>
		</LookAt>
		<styleUrl>#__managed_style_03F37AB66D29F82A74A0</styleUrl>
		<Point>
			<coordinates>104.7883769184511,17.33547078234246,150.4055119225782</coordinates>
		</Point>
	</Placemark>
	<Placemark id="09493F2A4529F2A369C3">
		<name>MD125 - DB - 212 - 0303 - 323+200</name>
		<LookAt>
			<longitude>104.7884106452468</longitude>
			<latitude>17.33527212624425</latitude>
			<altitude>148.892049942319</altitude>
			<heading>296.538422686202</heading>
			<tilt>0</tilt>
			<gx:fovy>35</gx:fovy>
			<range>116.3667185248233</range>
			<altitudeMode>absolute</altitudeMode>
		</LookAt>
		<styleUrl>#__managed_style_03F37AB66D29F82A74A0</styleUrl>
		<Point>
			<coordinates>104.7882998933239,17.33509577624431,148.4308415197763</coordinates>
		</Point>
	</Placemark>
	<Placemark id="02D50BFA3329F2A37E8A">
		<name>MD126 - DB - 212 - 0303 - 323+235</name>
		<LookAt>
			<longitude>104.7882750341235</longitude>
			<latitude>17.33479980692589</latitude>
			<altitude>146.3941545062236</altitude>
			<heading>296.5383819412994</heading>
			<tilt>0</tilt>
			<gx:fovy>35</gx:fovy>
			<range>118.8646031742246</range>
			<altitudeMode>absolute</altitudeMode>
		</LookAt>
		<styleUrl>#__managed_style_03F37AB66D29F82A74A0</styleUrl>
		<Point>
			<coordinates>104.7882409418352,17.33468699546975,146.6934770243639</coordinates>
		</Point>
	</Placemark>
	<Placemark id="03935D816E29F2A3966E">
		<name>MD127 - DB - 212 - 0303 - 323+275</name>
		<LookAt>
			<longitude>104.7882075117939</longitude>
			<latitude>17.33447004783683</latitude>
			<altitude>148.3177535039003</altitude>
			<heading>296.5383614675742</heading>
			<tilt>0</tilt>
			<gx:fovy>35</gx:fovy>
			<range>116.9410014929599</range>
			<altitudeMode>absolute</altitudeMode>
		</LookAt>
		<styleUrl>#__managed_style_03F37AB66D29F82A74A0</styleUrl>
		<Point>
			<coordinates>104.7881808168376,17.33432193166169,149.3764399749213</coordinates>
		</Point>
	</Placemark>
	<Placemark id="090831410D29F2A3A8E0">
		<name>MD128 - DB - 212 - 0303 - 323+310</name>
		<LookAt>
			<longitude>104.7881800616376</longitude>
			<latitude>17.33416644281433</latitude>
			<altitude>149.876449160183</altitude>
			<heading>296.5383530307802</heading>
			<tilt>0</tilt>
			<gx:fovy>35</gx:fovy>
			<range>115.3823079360155</range>
			<altitudeMode>absolute</altitudeMode>
		</LookAt>
		<styleUrl>#__managed_style_03F37AB66D29F82A74A0</styleUrl>
		<Point>
			<coordinates>104.7881220926027,17.33393503214388,149.5339701460462</coordinates>
		</Point>
	</Placemark>
	<Placemark id="0B9CD200E629F2A3BE7F">
		<name>MD129 - DB - 212 - 0303 - 323+350</name>
		<LookAt>
			<longitude>104.7881505288766</longitude>
			<latitude>17.33378184928391</latitude>
			<altitude>149.2559369762545</altitude>
			<heading>296.5383439046009</heading>
			<tilt>0</tilt>
			<gx:fovy>35</gx:fovy>
			<range>116.0028186260752</range>
			<altitudeMode>absolute</altitudeMode>
		</LookAt>
		<styleUrl>#__managed_style_03F37AB66D29F82A74A0</styleUrl>
		<Point>
			<coordinates>104.7880618305022,17.33355829927817,150.3451812349846</coordinates>
		</Point>
	</Placemark>
	<Placemark id="0EE2A10F9A29F2A3CF00">
		<name>MD130 - DB - 212 - 0303 - 323+390</name>
		<LookAt>
			<longitude>104.7881484055444</longitude>
			<latitude>17.33344356108059</latitude>
			<altitude>150.0975390129508</altitude>
			<heading>296.5383428303929</heading>
			<tilt>0</tilt>
			<gx:fovy>35</gx:fovy>
			<range>115.1612168157226</range>
			<altitudeMode>absolute</altitudeMode>
		</LookAt>
		<styleUrl>#__managed_style_03F37AB66D29F82A74A0</styleUrl>
		<Point>
			<coordinates>104.7880001254186,17.33318283214767,150.3776154819602</coordinates>
		</Point>
	</Placemark>
	<Placemark id="07E67AAF1829F2A3E792">
		<name>MD131 - DB - 212 - 0303 - 323+430</name>
		<LookAt>
			<longitude>104.788056116856</longitude>
			<latitude>17.33309362926133</latitude>
			<altitude>149.2911957182056</altitude>
			<heading>296.5383150134916</heading>
			<tilt>0</tilt>
			<gx:fovy>35</gx:fovy>
			<range>115.967565497449</range>
			<altitudeMode>absolute</altitudeMode>
		</LookAt>
		<styleUrl>#__managed_style_03F37AB66D29F82A74A0</styleUrl>
		<Point>
			<coordinates>104.7879359940743,17.33281333155324,147.124760275544</coordinates>
		</Point>
	</Placemark>
	<Placemark id="0560E6A1B429F2A4010B">
		<name>MD132 - DB - 212 - 0303 - 323+465</name>
		<LookAt>
			<longitude>104.7879356021585</longitude>
			<latitude>17.33246825769244</latitude>
			<altitude>145.8337459285982</altitude>
			<heading>296.5382785365887</heading>
			<tilt>0</tilt>
			<gx:fovy>35</gx:fovy>
			<range>119.4250143491445</range>
			<altitudeMode>absolute</altitudeMode>
		</LookAt>
		<styleUrl>#__managed_style_03F37AB66D29F82A74A0</styleUrl>
		<Point>
			<coordinates>104.7878620387289,17.33242425136831,146.5836433732062</coordinates>
		</Point>
	</Placemark>
	<Placemark id="016427990329F2A4130E">
		<name>MD133 - DB - 212 - 0303 - 323+500</name>
		<LookAt>
			<longitude>104.7878633211343</longitude>
			<latitude>17.33214412292102</latitude>
			<altitude>146.6940461696235</altitude>
			<heading>296.538256607731</heading>
			<tilt>0</tilt>
			<gx:fovy>35</gx:fovy>
			<range>118.5647082161086</range>
			<altitudeMode>absolute</altitudeMode>
		</LookAt>
		<styleUrl>#__managed_style_03F37AB66D29F82A74A0</styleUrl>
		<Point>
			<coordinates>104.7878127504739,17.33203224460972,147.6846064606184</coordinates>
		</Point>
	</Placemark>
	<Placemark id="01ECB054F729F2A427C8">
		<name>MD134 - DB - 212 - 0303 - 323+540</name>
		<LookAt>
			<longitude>104.787760975434</longitude>
			<latitude>17.33177618489442</latitude>
			<altitude>148.1636847480536</altitude>
			<heading>296.5382257227919</heading>
			<tilt>0</tilt>
			<gx:fovy>35</gx:fovy>
			<range>117.0950629959043</range>
			<altitudeMode>absolute</altitudeMode>
		</LookAt>
		<styleUrl>#__managed_style_03F37AB66D29F82A74A0</styleUrl>
		<Point>
			<coordinates>104.7877560268634,17.33167197933208,148.37209606476</coordinates>
		</Point>
	</Placemark>
	<Placemark id="0897C20E0529F2A69988">
		<name>MD135 - DB - 212 - 0303 - 323+580</name>
		<LookAt>
			<longitude>104.7877423170915</longitude>
			<latitude>17.33130316595246</latitude>
			<altitude>149.6460098367347</altitude>
			<heading>289.216023623647</heading>
			<tilt>0</tilt>
			<gx:fovy>35</gx:fovy>
			<range>135.6183918058378</range>
			<altitudeMode>absolute</altitudeMode>
		</LookAt>
		<styleUrl>#__managed_style_03F37AB66D29F82A74A0</styleUrl>
		<Point>
			<coordinates>104.7876975858623,17.33130673661982,150.2420588585193</coordinates>
		</Point>
	</Placemark>
	<Placemark id="0047A58FE629F2A6B203">
		<name>MD136 - DB - 212 - 0303 - 323+620</name>
		<LookAt>
			<longitude>104.7877159563858</longitude>
			<latitude>17.33109159439239</latitude>
			<altitude>150.3912734771972</altitude>
			<heading>289.2160155359338</heading>
			<tilt>0</tilt>
			<gx:fovy>35</gx:fovy>
			<range>134.8731276872241</range>
			<altitudeMode>absolute</altitudeMode>
		</LookAt>
		<styleUrl>#__managed_style_03F37AB66D29F82A74A0</styleUrl>
		<Point>
			<coordinates>104.7876251367581,17.3309187836002,150.6389266477353</coordinates>
		</Point>
	</Placemark>
	<Placemark id="007BD785F929F2A6D062">
		<name>MD137 - DB - 212 - 0303 - 323+655</name>
		<LookAt>
			<longitude>104.7876121814163</longitude>
			<latitude>17.33066050662861</latitude>
			<altitude>149.4560090893737</altitude>
			<heading>289.2160128988598</heading>
			<tilt>0</tilt>
			<gx:fovy>35</gx:fovy>
			<range>165.5554946540906</range>
			<altitudeMode>absolute</altitudeMode>
		</LookAt>
		<styleUrl>#__managed_style_03F37AB66D29F82A74A0</styleUrl>
		<Point>
			<coordinates>104.7875500533043,17.3305224442125,149.6734836860773</coordinates>
		</Point>
	</Placemark>
	<Placemark id="08B6C5BD5029F2A6E6D8">
		<name>MD138 - DB - 212 - 0303 - 323+690</name>
		<LookAt>
			<longitude>104.7875410464016</longitude>
			<latitude>17.33029532483442</latitude>
			<altitude>148.2760853932307</altitude>
			<heading>289.2159879300889</heading>
			<tilt>0</tilt>
			<gx:fovy>35</gx:fovy>
			<range>109.1479393162263</range>
			<altitudeMode>absolute</altitudeMode>
		</LookAt>
		<styleUrl>#__managed_style_03F37AB66D29F82A74A0</styleUrl>
		<Point>
			<coordinates>104.787489364345,17.33015478875242,148.1940030082416</coordinates>
		</Point>
	</Placemark>
	<Placemark id="0880F2490F29F2A6FE64">
		<name>MD139 - DB - 212 - 0303 - 323+730</name>
		<LookAt>
			<longitude>104.7874803434831</longitude>
			<latitude>17.32991144966478</latitude>
			<altitude>147.3752028209625</altitude>
			<heading>289.2159694699363</heading>
			<tilt>0</tilt>
			<gx:fovy>35</gx:fovy>
			<range>110.0488178369415</range>
			<altitudeMode>absolute</altitudeMode>
		</LookAt>
		<styleUrl>#__managed_style_03F37AB66D29F82A74A0</styleUrl>
		<Point>
			<coordinates>104.7874324945055,17.32983205517333,147.9020232346428</coordinates>
		</Point>
	</Placemark>
	<Placemark id="03DA6C175E29F2A7113E">
		<name>MD140 - DB - 212 - 0303 - 323+770</name>
		<LookAt>
			<longitude>104.7874297880713</longitude>
			<latitude>17.32954017272564</latitude>
			<altitude>148.619838112808</altitude>
			<heading>289.215954112961</heading>
			<tilt>0</tilt>
			<gx:fovy>35</gx:fovy>
			<range>108.8041807513218</range>
			<altitudeMode>absolute</altitudeMode>
		</LookAt>
		<styleUrl>#__managed_style_03F37AB66D29F82A74A0</styleUrl>
		<Point>
			<coordinates>104.7873804919455,17.32948821457626,149.2214956799884</coordinates>
		</Point>
	</Placemark>
	<Placemark id="006327EACB29F2A72D53">
		<name>MD141 - DB - 212 - 0303 - 323+805</name>
		<LookAt>
			<longitude>104.7874257047077</longitude>
			<latitude>17.32929986812757</latitude>
			<altitude>149.3291314488337</altitude>
			<heading>289.2159526271276</heading>
			<tilt>0</tilt>
			<gx:fovy>35</gx:fovy>
			<range>108.0948998557142</range>
			<altitudeMode>absolute</altitudeMode>
		</LookAt>
		<styleUrl>#__managed_style_03F37AB66D29F82A74A0</styleUrl>
		<Point>
			<coordinates>104.7873254163396,17.32913561183914,149.8643604245517</coordinates>
		</Point>
	</Placemark>
	<Placemark id="0E77EC515529F2A75199">
		<name>MD142 - DB - 212 - 0303 - 323+845</name>
		<LookAt>
			<longitude>104.7873456035092</longitude>
			<latitude>17.32902724055575</latitude>
			<altitude>149.6189135382369</altitude>
			<heading>289.2159223140922</heading>
			<tilt>0</tilt>
			<gx:fovy>35</gx:fovy>
			<range>148.693443455868</range>
			<altitudeMode>absolute</altitudeMode>
		</LookAt>
		<styleUrl>#__managed_style_03F37AB66D29F82A74A0</styleUrl>
		<Point>
			<coordinates>104.7872704663247,17.32882008285106,150.0555849128612</coordinates>
		</Point>
	</Placemark>
	<Placemark id="03E517345929F2A76335">
		<name>MD143 - DB - 212 - 0303 - 323+880</name>
		<LookAt>
			<longitude>104.7872106223602</longitude>
			<latitude>17.3284876676207</latitude>
			<altitude>150.1056403662276</altitude>
			<heading>289.2158817200659</heading>
			<tilt>0</tilt>
			<gx:fovy>35</gx:fovy>
			<range>148.2067022805131</range>
			<altitudeMode>absolute</altitudeMode>
		</LookAt>
		<styleUrl>#__managed_style_03F37AB66D29F82A74A0</styleUrl>
		<Point>
			<coordinates>104.7872248311784,17.32848962019422,150.2205595768264</coordinates>
		</Point>
	</Placemark>
	<Placemark id="02E2AFD36729F2A7779B">
		<name>MD144 - DB - 212 - 0303 - 323+920</name>
		<LookAt>
			<longitude>104.7871469374865</longitude>
			<latitude>17.32812345369823</latitude>
			<altitude>148.8459948287203</altitude>
			<heading>289.2158626029545</heading>
			<tilt>0</tilt>
			<gx:fovy>35</gx:fovy>
			<range>149.4663700393176</range>
			<altitudeMode>absolute</altitudeMode>
		</LookAt>
		<styleUrl>#__managed_style_03F37AB66D29F82A74A0</styleUrl>
		<Point>
			<coordinates>104.787176850888,17.32816561405774,149.2379071747956</coordinates>
		</Point>
	</Placemark>
	<Placemark id="0658EAE35729F2A78C24">
		<name>MD145 - DB - 212 - 0303 - 323+960</name>
		<LookAt>
			<longitude>104.7870698612198</longitude>
			<latitude>17.3277334958082</latitude>
			<altitude>144.1629201432782</altitude>
			<heading>289.2158394631202</heading>
			<tilt>0</tilt>
			<gx:fovy>35</gx:fovy>
			<range>154.149438756358</range>
			<altitudeMode>absolute</altitudeMode>
		</LookAt>
		<styleUrl>#__managed_style_03F37AB66D29F82A74A0</styleUrl>
		<Point>
			<coordinates>104.7871219674736,17.32782953554021,145.3112591554084</coordinates>
		</Point>
	</Placemark>
	<Placemark id="0BDCE1563F29F2A79EFF">
		<name>MD146 - DB - 212 - 0303 - 324+000</name>
		<LookAt>
			<longitude>104.7870022437396</longitude>
			<latitude>17.32744452674508</latitude>
			<altitude>141.9667568521981</altitude>
			<heading>289.2158191752854</heading>
			<tilt>0</tilt>
			<gx:fovy>35</gx:fovy>
			<range>156.3455974172939</range>
			<altitudeMode>absolute</altitudeMode>
		</LookAt>
		<styleUrl>#__managed_style_03F37AB66D29F82A74A0</styleUrl>
		<Point>
			<coordinates>104.7870692813553,17.32749905668816,141.4069407595616</coordinates>
		</Point>
	</Placemark>
	<Placemark id="0B718696B029F2A7B7BC">
		<name>MD147 - DB - 212 - 0303 - 324+040</name>
		<LookAt>
			<longitude>104.7870800610775</longitude>
			<latitude>17.32692827233251</latitude>
			<altitude>142.3847571284274</altitude>
			<heading>289.2158414744495</heading>
			<tilt>0</tilt>
			<gx:fovy>35</gx:fovy>
			<range>155.9276010016402</range>
			<altitudeMode>absolute</altitudeMode>
		</LookAt>
		<styleUrl>#__managed_style_03F37AB66D29F82A74A0</styleUrl>
		<Point>
			<coordinates>104.7870372471049,17.32717553023972,142.4376289141821</coordinates>
		</Point>
	</Placemark>
	<Placemark id="0120C2DF5529F2A7CB0D">
		<name>MD148 - DB - 212 - 0303 - 323+080</name>
		<LookAt>
			<longitude>104.7870800610775</longitude>
			<latitude>17.32692827231138</latitude>
			<altitude>142.3847571270127</altitude>
			<heading>289.2158414744495</heading>
			<tilt>0</tilt>
			<gx:fovy>35</gx:fovy>
			<range>155.9276010016402</range>
			<altitudeMode>absolute</altitudeMode>
		</LookAt>
		<styleUrl>#__managed_style_03F37AB66D29F82A74A0</styleUrl>
		<Point>
			<coordinates>104.7870026103949,17.32684799274903,141.5614010136778</coordinates>
		</Point>
	</Placemark>
	<Placemark id="0F7148B14329F2A7DAF3">
		<name>MD149 - DB - 212 - 0303 - 324+120</name>
		<LookAt>
			<longitude>104.7870800610775</longitude>
			<latitude>17.32692827229024</latitude>
			<altitude>142.3847571270127</altitude>
			<heading>289.2158414744495</heading>
			<tilt>0</tilt>
			<gx:fovy>35</gx:fovy>
			<range>155.9276010016402</range>
			<altitudeMode>absolute</altitudeMode>
		</LookAt>
		<styleUrl>#__managed_style_03F37AB66D29F82A74A0</styleUrl>
		<Point>
			<coordinates>104.7869699710157,17.32653907349137,142.8130211322431</coordinates>
		</Point>
	</Placemark>
	<Placemark id="0C5FDB2B3E29F2A7F208">
		<name>MD150 - DB - 212 - 0303 - 324+160</name>
		<LookAt>
			<longitude>104.7869510512547</longitude>
			<latitude>17.32583753828425</latitude>
			<altitude>146.1575273593132</altitude>
			<heading>289.215802159534</heading>
			<tilt>0</tilt>
			<gx:fovy>35</gx:fovy>
			<range>152.1548324994546</range>
			<altitudeMode>absolute</altitudeMode>
		</LookAt>
		<styleUrl>#__managed_style_03F37AB66D29F82A74A0</styleUrl>
		<Point>
			<coordinates>104.7869635984085,17.3262111274975,146.0394381980909</coordinates>
		</Point>
	</Placemark>
	<Placemark id="0F9904565229F2A80C89">
		<name>MD151 - DB - 212 - 0303 - 324+200</name>
		<LookAt>
			<longitude>104.7869510512658</longitude>
			<latitude>17.32583753827368</latitude>
			<altitude>146.1575273593132</altitude>
			<heading>289.215802159534</heading>
			<tilt>0</tilt>
			<gx:fovy>35</gx:fovy>
			<range>152.1548324994546</range>
			<altitudeMode>absolute</altitudeMode>
		</LookAt>
		<styleUrl>#__managed_style_03F37AB66D29F82A74A0</styleUrl>
		<Point>
			<coordinates>104.7869324488149,17.32589760732142,146.2849324962661</coordinates>
		</Point>
	</Placemark>
	<Placemark id="080CF1475E29F2A81D71">
		<name>MD152 - DB - 212 - 0303 - 324+240</name>
		<LookAt>
			<longitude>104.7869510512769</longitude>
			<latitude>17.32583753826312</latitude>
			<altitude>146.1575273593132</altitude>
			<heading>289.2158021538044</heading>
			<tilt>0</tilt>
			<gx:fovy>35</gx:fovy>
			<range>152.1548324994546</range>
			<altitudeMode>absolute</altitudeMode>
		</LookAt>
		<styleUrl>#__managed_style_03F37AB66D29F82A74A0</styleUrl>
		<Point>
			<coordinates>104.7869041289444,17.32556434895147,146.0675070478274</coordinates>
		</Point>
	</Placemark>
	<Placemark id="0A7EE05D2329F2D3E6C9">
		<name>MD153 - DB - 212 - 0303 - 324+620</name>
		<LookAt>
			<longitude>104.7866406114508</longitude>
			<latitude>17.3218419611904</latitude>
			<altitude>147.6793558311477</altitude>
			<heading>94.85706406318343</heading>
			<tilt>0</tilt>
			<gx:fovy>35</gx:fovy>
			<range>43.31056319284016</range>
			<altitudeMode>absolute</altitudeMode>
		</LookAt>
		<styleUrl>#__managed_style_03F37AB66D29F82A74A0</styleUrl>
		<Point>
			<coordinates>104.7866560709543,17.32185795383006,147.6581859266326</coordinates>
		</Point>
	</Placemark>
	<Placemark id="02A42E74C329F2D43848">
		<name>MD154 - DB - 212 - 0303 - 324+655</name>
		<LookAt>
			<longitude>104.7866059768468</longitude>
			<latitude>17.32147181166607</latitude>
			<altitude>147.3749830242116</altitude>
			<heading>94.60485471780139</heading>
			<tilt>0</tilt>
			<gx:fovy>34.99999999999999</gx:fovy>
			<range>98.48768062189265</range>
			<altitudeMode>absolute</altitudeMode>
		</LookAt>
		<styleUrl>#__managed_style_03F37AB66D29F82A74A0</styleUrl>
		<Point>
			<coordinates>104.7866160454544,17.32149208041625,147.5103800897864</coordinates>
		</Point>
	</Placemark>
	<Placemark id="0FA4C9EF6129F2D47248">
		<name>MD155 - DB - 212 - 0303 - 324+690</name>
		<LookAt>
			<longitude>104.7865443307999</longitude>
			<latitude>17.32123014666021</latitude>
			<altitude>146.8270684217756</altitude>
			<heading>95.72169286671894</heading>
			<tilt>2.170343742244695</tilt>
			<gx:fovy>35</gx:fovy>
			<range>183.0619410585132</range>
			<altitudeMode>absolute</altitudeMode>
		</LookAt>
		<styleUrl>#__managed_style_03F37AB66D29F82A74A0</styleUrl>
		<Point>
			<coordinates>104.7866035951624,17.32116170721908,146.8234166182605</coordinates>
		</Point>
	</Placemark>
	<Placemark id="0322CCB40929F2D491DB">
		<name>MD156 - DB - 212 - 0303 - 324+725</name>
		<LookAt>
			<longitude>104.7865392481451</longitude>
			<latitude>17.32079317730644</latitude>
			<altitude>146.4731563509685</altitude>
			<heading>95.72168315666111</heading>
			<tilt>2.170312451806812</tilt>
			<gx:fovy>35</gx:fovy>
			<range>91.18286616447223</range>
			<altitudeMode>absolute</altitudeMode>
		</LookAt>
		<styleUrl>#__managed_style_03F37AB66D29F82A74A0</styleUrl>
		<Point>
			<coordinates>104.7865917778057,17.32083203038189,147.0918772731448</coordinates>
		</Point>
	</Placemark>
	<Placemark id="04092E499429F2D4B036">
		<name>MD157 - DB - 212 - 0303 - 324+760</name>
		<LookAt>
			<longitude>104.7865400059814</longitude>
			<latitude>17.32053786616635</latitude>
			<altitude>145.6341605181873</altitude>
			<heading>95.72168324355664</heading>
			<tilt>2.170312732693398</tilt>
			<gx:fovy>35</gx:fovy>
			<range>92.00787281368322</range>
			<altitudeMode>absolute</altitudeMode>
		</LookAt>
		<styleUrl>#__managed_style_03F37AB66D29F82A74A0</styleUrl>
		<Point>
			<coordinates>104.7865699063415,17.32048388019357,145.9755351175941</coordinates>
		</Point>
	</Placemark>
	<Placemark id="0497B2A48D29F2D4CD7C">
		<name>MD158 - DB - 212 - 0303 - 324+795</name>
		<LookAt>
			<longitude>104.7864967511011</longitude>
			<latitude>17.32010596930818</latitude>
			<altitude>144.6071050181373</altitude>
			<heading>95.72168336936303</heading>
			<tilt>2.170313140853025</tilt>
			<gx:fovy>35</gx:fovy>
			<range>93.2068674117636</range>
			<altitudeMode>absolute</altitudeMode>
		</LookAt>
		<styleUrl>#__managed_style_03F37AB66D29F82A74A0</styleUrl>
		<Point>
			<coordinates>104.7865429648208,17.32012137506389,145.4237247017651</coordinates>
		</Point>
	</Placemark>
	<Placemark id="07BC529D7929F2D4E187">
		<name>MD159 - DB - 212 - 0303 - 324+830</name>
		<LookAt>
			<longitude>104.7864656559507</longitude>
			<latitude>17.31983156721562</latitude>
			<altitude>145.3506127036409</altitude>
			<heading>95.72168324457701</heading>
			<tilt>2.170312741326153</tilt>
			<gx:fovy>35</gx:fovy>
			<range>92.03397658496216</range>
			<altitudeMode>absolute</altitudeMode>
		</LookAt>
		<styleUrl>#__managed_style_03F37AB66D29F82A74A0</styleUrl>
		<Point>
			<coordinates>104.7865098103103,17.31974781876317,145.429373412395</coordinates>
		</Point>
	</Placemark>
	<Placemark id="0758FCD12529F2D4FC77">
		<name>MD160 - DB - 212 - 0303 - 324+865</name>
		<LookAt>
			<longitude>104.7864386171155</longitude>
			<latitude>17.31947363807519</latitude>
			<altitude>143.5740033433694</altitude>
			<heading>95.72168366110671</heading>
			<tilt>2.170314085707717</tilt>
			<gx:fovy>35</gx:fovy>
			<range>95.98174175671376</range>
			<altitudeMode>absolute</altitudeMode>
		</LookAt>
		<styleUrl>#__managed_style_03F37AB66D29F82A74A0</styleUrl>
		<Point>
			<coordinates>104.7864519216927,17.31942589493493,142.8716263803993</coordinates>
		</Point>
	</Placemark>
	<Placemark id="0F232E84C929F2D518BC">
		<name>MD161 - DB - 212 - 0303 - 324+900</name>
		<LookAt>
			<longitude>104.7864053105835</longitude>
			<latitude>17.31916713050878</latitude>
			<altitude>143.1483026308781</altitude>
			<heading>95.72168381812253</heading>
			<tilt>2.170314595586515</tilt>
			<gx:fovy>35</gx:fovy>
			<range>97.47915374095103</range>
			<altitudeMode>absolute</altitudeMode>
		</LookAt>
		<styleUrl>#__managed_style_03F37AB66D29F82A74A0</styleUrl>
		<Point>
			<coordinates>104.7864406421364,17.31912178224087,142.7986211526847</coordinates>
		</Point>
	</Placemark>
	<Placemark id="0EFAE7E26229F2D52CF8">
		<name>MD162 - DB - 212 - 0303 - 324+935</name>
		<LookAt>
			<longitude>104.7864070719686</longitude>
			<latitude>17.31887136644183</latitude>
			<altitude>143.8001513464622</altitude>
			<heading>95.72168352947622</heading>
			<tilt>2.170313666431378</tilt>
			<gx:fovy>35</gx:fovy>
			<range>94.75102861390951</range>
			<altitudeMode>absolute</altitudeMode>
		</LookAt>
		<styleUrl>#__managed_style_03F37AB66D29F82A74A0</styleUrl>
		<Point>
			<coordinates>104.7864189702789,17.31883078975353,143.8323781862166</coordinates>
		</Point>
	</Placemark>
	<Placemark id="04D545C4A929F2D54468">
		<name>MD163 - DB - 212 - 0303 - 324+970</name>
		<LookAt>
			<longitude>104.7863755532589</longitude>
			<latitude>17.318358917103</latitude>
			<altitude>143.9748792964918</altitude>
			<heading>95.72167887520281</heading>
			<tilt>2.170298666477069</tilt>
			<gx:fovy>35</gx:fovy>
			<range>50.70628309214955</range>
			<altitudeMode>absolute</altitudeMode>
		</LookAt>
		<styleUrl>#__managed_style_03F37AB66D29F82A74A0</styleUrl>
		<Point>
			<coordinates>104.7863859551059,17.31851534883565,144.1872986632569</coordinates>
		</Point>
	</Placemark>
	<Placemark id="065B877D2329F2D554FC">
		<name>MD164 - DB - 212 - 0303 - 325+005</name>
		<LookAt>
			<longitude>104.7863755532478</longitude>
			<latitude>17.318358917103</latitude>
			<altitude>143.9748840129296</altitude>
			<heading>95.72167887522758</heading>
			<tilt>2.170298666467159</tilt>
			<gx:fovy>35</gx:fovy>
			<range>50.70628309214955</range>
			<altitudeMode>absolute</altitudeMode>
		</LookAt>
		<styleUrl>#__managed_style_03F37AB66D29F82A74A0</styleUrl>
		<Point>
			<coordinates>104.7863458620078,17.31821218006219,143.915027753823</coordinates>
		</Point>
	</Placemark>
	<Placemark id="09921E079C29F2D569BC">
		<name>MD165 - DB - 212 - 0303 - 325+040</name>
		<LookAt>
			<longitude>104.7863641557469</longitude>
			<latitude>17.31810215258353</latitude>
			<altitude>143.8418615811171</altitude>
			<heading>95.72168126496005</heading>
			<tilt>2.170306369194094</tilt>
			<gx:fovy>35</gx:fovy>
			<range>73.32440996977313</range>
			<altitudeMode>absolute</altitudeMode>
		</LookAt>
		<styleUrl>#__managed_style_03F37AB66D29F82A74A0</styleUrl>
		<Point>
			<coordinates>104.7863228390237,17.31790744572682,144.1630860021032</coordinates>
		</Point>
	</Placemark>
	<Placemark id="0F6EF149E829F2DAAA7B">
		<name>MD166 - DB - 212 - 0303 - 325+075</name>
		<LookAt>
			<longitude>104.7862030358934</longitude>
			<latitude>17.31755461618626</latitude>
			<altitude>144.4530100941245</altitude>
			<heading>95.72164413014634</heading>
			<tilt>2.170348354753932</tilt>
			<gx:fovy>35</gx:fovy>
			<range>196.610383586667</range>
			<altitudeMode>absolute</altitudeMode>
		</LookAt>
		<styleUrl>#__managed_style_03F37AB66D29F82A74A0</styleUrl>
		<Point>
			<coordinates>104.7862886555761,17.31758605416591,144.9740508651356</coordinates>
		</Point>
	</Placemark>
	<Placemark id="082BF7639029F2DACE70">
		<name>MD167 - DB - 212 - 0303 - 325+110</name>
		<LookAt>
			<longitude>104.7862383840486</longitude>
			<latitude>17.31730612629334</latitude>
			<altitude>146.7038555750352</altitude>
			<heading>95.72165516051473</heading>
			<tilt>2.170308246773963</tilt>
			<gx:fovy>35</gx:fovy>
			<range>78.84022085981088</range>
			<altitudeMode>absolute</altitudeMode>
		</LookAt>
		<styleUrl>#__managed_style_03F37AB66D29F82A74A0</styleUrl>
		<Point>
			<coordinates>104.7862788525726,17.31729118736678,147.1003073791411</coordinates>
		</Point>
	</Placemark>
	<Placemark id="0235F692FC29F2DAE781">
		<name>MD168 - DB - 212 - 0303 - 325+145</name>
		<LookAt>
			<longitude>104.7862501615773</longitude>
			<latitude>17.31725136325095</latitude>
			<altitude>147.2250745654003</altitude>
			<heading>95.72166047474757</heading>
			<tilt>2.17032537800833</tilt>
			<gx:fovy>35</gx:fovy>
			<range>129.1434512934939</range>
			<altitudeMode>absolute</altitudeMode>
		</LookAt>
		<styleUrl>#__managed_style_03F37AB66D29F82A74A0</styleUrl>
		<Point>
			<coordinates>104.7862588903582,17.31699303037726,148.9427526377813</coordinates>
		</Point>
	</Placemark>
	<Placemark id="0FD6E612F029F2DB02FC">
		<name>MD169 - DB - 212 - 0303 - 325+180</name>
		<LookAt>
			<longitude>104.7862406375621</longitude>
			<latitude>17.31674599544715</latitude>
			<altitude>150.1515012754796</altitude>
			<heading>95.7216588471413</heading>
			<tilt>2.170320132670892</tilt>
			<gx:fovy>35</gx:fovy>
			<range>113.7416120325361</range>
			<altitudeMode>absolute</altitudeMode>
		</LookAt>
		<styleUrl>#__managed_style_03F37AB66D29F82A74A0</styleUrl>
		<Point>
			<coordinates>104.7862419280833,17.31669000540874,150.608639144817</coordinates>
		</Point>
	</Placemark>
	<Placemark id="0E6D33890429F2DB1ADB">
		<name>MD170 - DB - 212 - 0303 - 325+215</name>
		<LookAt>
			<longitude>104.7861989237697</longitude>
			<latitude>17.31643482830757</latitude>
			<altitude>150.5643415042598</altitude>
			<heading>95.72165852827916</heading>
			<tilt>2.170319106908946</tilt>
			<gx:fovy>35</gx:fovy>
			<range>110.7297641173318</range>
			<altitudeMode>absolute</altitudeMode>
		</LookAt>
		<styleUrl>#__managed_style_03F37AB66D29F82A74A0</styleUrl>
		<Point>
			<coordinates>104.7862180138899,17.31637982824279,150.7327627612996</coordinates>
		</Point>
	</Placemark>
	<Placemark id="02B19130E129F2DB3469">
		<name>MD171 - DB - 212 - 0303 - 325+250</name>
		<LookAt>
			<longitude>104.7861587130707</longitude>
			<latitude>17.31613047531095</latitude>
			<altitude>149.9931282354395</altitude>
			<heading>95.72165830616855</heading>
			<tilt>2.170318393816634</tilt>
			<gx:fovy>35</gx:fovy>
			<range>108.6360620343658</range>
			<altitudeMode>absolute</altitudeMode>
		</LookAt>
		<styleUrl>#__managed_style_03F37AB66D29F82A74A0</styleUrl>
		<Point>
			<coordinates>104.7862017761388,17.31607843985653,150.0460100645876</coordinates>
		</Point>
	</Placemark>
	<Placemark id="0E1979D13129F2DB46B9">
		<name>MD172 - DB - 212 - 0303 - 325+285</name>
		<LookAt>
			<longitude>104.7861338280429</longitude>
			<latitude>17.31585070965855</latitude>
			<altitude>148.9064377921983</altitude>
			<heading>95.72165796712866</heading>
			<tilt>2.170317303484706</tilt>
			<gx:fovy>35</gx:fovy>
			<range>105.4346908891966</range>
			<altitudeMode>absolute</altitudeMode>
		</LookAt>
		<styleUrl>#__managed_style_03F37AB66D29F82A74A0</styleUrl>
		<Point>
			<coordinates>104.7861753208474,17.31575457943575,148.4660516473152</coordinates>
		</Point>
	</Placemark>
	<Placemark id="025CF9618329F2DCC949">
		<name>MD173 - DB - 212 - 0303 - 325+450</name>
		<LookAt>
			<longitude>104.786031255926</longitude>
			<latitude>17.31439783863859</latitude>
			<altitude>144.9544867493975</altitude>
			<heading>95.72165442199871</heading>
			<tilt>2.170231497959159</tilt>
			<gx:fovy>35</gx:fovy>
			<range>66.23481111120783</range>
			<altitudeMode>absolute</altitudeMode>
		</LookAt>
		<styleUrl>#__managed_style_03F37AB66D29F82A74A0</styleUrl>
		<Point>
			<coordinates>104.7860756593066,17.3144017030832,145.1308869499886</coordinates>
		</Point>
	</Placemark>
	<Placemark id="023429893B29F2DCE6B1">
		<name>MD174 - DB - 212 - 0303 - 325+485</name>
		<LookAt>
			<longitude>104.7860268986884</longitude>
			<latitude>17.31418544708342</latitude>
			<altitude>145.7591788905812</altitude>
			<heading>95.72165463647772</heading>
			<tilt>2.170232190215091</tilt>
			<gx:fovy>35</gx:fovy>
			<range>68.26780526705079</range>
			<altitudeMode>absolute</altitudeMode>
		</LookAt>
		<styleUrl>#__managed_style_03F37AB66D29F82A74A0</styleUrl>
		<Point>
			<coordinates>104.7860413913423,17.31411212478497,146.2182002820913</coordinates>
		</Point>
	</Placemark>
	<Placemark id="0918267D6529F2DD0032">
		<name>MD175 - DB - 212 - 0303 - 325+520</name>
		<LookAt>
			<longitude>104.7859297696267</longitude>
			<latitude>17.31369812242512</latitude>
			<altitude>145.3295478830789</altitude>
			<heading>95.72165718390876</heading>
			<tilt>2.170240410098395</tilt>
			<gx:fovy>35</gx:fovy>
			<range>92.40550191389957</range>
			<altitudeMode>absolute</altitudeMode>
		</LookAt>
		<styleUrl>#__managed_style_03F37AB66D29F82A74A0</styleUrl>
		<Point>
			<coordinates>104.7859878458403,17.31379963110945,145.8423715873286</coordinates>
		</Point>
	</Placemark>
	<Placemark id="0A951F8AF529F2DD16BC">
		<name>MD176 - DB - 212 - 0303 - 325+555</name>
		<LookAt>
			<longitude>104.785888505505</longitude>
			<latitude>17.31351370600031</latitude>
			<altitude>144.6502590089961</altitude>
			<heading>95.72165713912356</heading>
			<tilt>2.170240267780838</tilt>
			<gx:fovy>35</gx:fovy>
			<range>91.98780680703749</range>
			<altitudeMode>absolute</altitudeMode>
		</LookAt>
		<styleUrl>#__managed_style_03F37AB66D29F82A74A0</styleUrl>
		<Point>
			<coordinates>104.7858958219418,17.31350175633705,144.7528488089613</coordinates>
		</Point>
	</Placemark>
	<Placemark id="0C2E14C06129F2DD2CBC">
		<name>MD177 - DB - 212 - 0303 - 325+590</name>
		<LookAt>
			<longitude>104.785843246052</longitude>
			<latitude>17.31325657816741</latitude>
			<altitude>144.4429827564685</altitude>
			<heading>95.7216570679485</heading>
			<tilt>2.170240038597311</tilt>
			<gx:fovy>35</gx:fovy>
			<range>91.31513492961858</range>
			<altitudeMode>absolute</altitudeMode>
		</LookAt>
		<styleUrl>#__managed_style_03F37AB66D29F82A74A0</styleUrl>
		<Point>
			<coordinates>104.7857943070973,17.31323185349149,144.9078755186196</coordinates>
		</Point>
	</Placemark>
	<Placemark id="0F119EA41729F2DD4191">
		<name>MD178 - DB - 212 - 0303 - 325+625</name>
		<LookAt>
			<longitude>104.7856737506287</longitude>
			<latitude>17.31295217669159</latitude>
			<altitude>145.5615868683017</altitude>
			<heading>95.7216551676364</heading>
			<tilt>2.170233915369719</tilt>
			<gx:fovy>35</gx:fovy>
			<range>73.33487465588405</range>
			<altitudeMode>absolute</altitudeMode>
		</LookAt>
		<styleUrl>#__managed_style_03F37AB66D29F82A74A0</styleUrl>
		<Point>
			<coordinates>104.7856436805929,17.31295371342491,145.8383832544882</coordinates>
		</Point>
	</Placemark>
	<Placemark id="01803E959829F2DD8649">
		<name>MD179 - DB - 212 - 0303 - 325+660</name>
		<LookAt>
			<longitude>104.7854601160702</longitude>
			<latitude>17.31270599016471</latitude>
			<altitude>146.3790979180948</altitude>
			<heading>118.4018967492983</heading>
			<tilt>1.905593720141376</tilt>
			<gx:fovy>35</gx:fovy>
			<range>87.37655967601314</range>
			<altitudeMode>absolute</altitudeMode>
		</LookAt>
		<styleUrl>#__managed_style_03F37AB66D29F82A74A0</styleUrl>
		<Point>
			<coordinates>104.7855223268759,17.31271035689534,146.1085622506606</coordinates>
		</Point>
	</Placemark>
	<Placemark id="0BE1165D3529F2DD9EC8">
		<name>MD180 - DB - 212 - 0303 - 325+695</name>
		<LookAt>
			<longitude>104.7853290369894</longitude>
			<latitude>17.31244794352286</latitude>
			<altitude>145.5848494059806</altitude>
			<heading>118.4018944419247</heading>
			<tilt>1.905585307960533</tilt>
			<gx:fovy>35</gx:fovy>
			<range>59.24605798745689</range>
			<altitudeMode>absolute</altitudeMode>
		</LookAt>
		<styleUrl>#__managed_style_03F37AB66D29F82A74A0</styleUrl>
		<Point>
			<coordinates>104.7853668238662,17.31243747304636,145.6844208522726</coordinates>
		</Point>
	</Placemark>
	<Placemark id="0F728B063D29F2DDBAF1">
		<name>MD181 - DB - 212 - 0303 - 325+730</name>
		<LookAt>
			<longitude>104.7851617091685</longitude>
			<latitude>17.31215746020978</latitude>
			<altitude>144.9047207937792</altitude>
			<heading>118.4018969690935</heading>
			<tilt>1.905594530080391</tilt>
			<gx:fovy>35</gx:fovy>
			<range>90.08555169478313</range>
			<altitudeMode>absolute</altitudeMode>
		</LookAt>
		<styleUrl>#__managed_style_03F37AB66D29F82A74A0</styleUrl>
		<Point>
			<coordinates>104.7852134342813,17.31215449370825,144.9206408915424</coordinates>
		</Point>
	</Placemark>
	<Placemark id="0A6AEDFFB729F2DDD331">
		<name>MD182 - DB - 212 - 0303 - 325+765</name>
		<LookAt>
			<longitude>104.7850634971761</longitude>
			<latitude>17.3119521026736</latitude>
			<altitude>144.6406725550013</altitude>
			<heading>118.4018968945204</heading>
			<tilt>1.905594258990733</tilt>
			<gx:fovy>35</gx:fovy>
			<range>89.17916849421999</range>
			<altitudeMode>absolute</altitudeMode>
		</LookAt>
		<styleUrl>#__managed_style_03F37AB66D29F82A74A0</styleUrl>
		<Point>
			<coordinates>104.7850664992542,17.3118881343117,144.6660051768988</coordinates>
		</Point>
	</Placemark>
	<Placemark id="0FCF23196A29F2DDE5B2">
		<name>MD183 - DB - 212 - 0303 - 325+800</name>
		<LookAt>
			<longitude>104.784894355328</longitude>
			<latitude>17.31163383327366</latitude>
			<altitude>144.6320485740202</altitude>
			<heading>118.401896815028</heading>
			<tilt>1.905593972240614</tilt>
			<gx:fovy>35</gx:fovy>
			<range>88.22048504070153</range>
			<altitudeMode>absolute</altitudeMode>
		</LookAt>
		<styleUrl>#__managed_style_03F37AB66D29F82A74A0</styleUrl>
		<Point>
			<coordinates>104.7849163204298,17.31161331831263,144.6196830608782</coordinates>
		</Point>
	</Placemark>
	<Placemark id="003B33FC3329F2DDFBF0">
		<name>MD184 - DB - 212 - 0303 - 325+835</name>
		<LookAt>
			<longitude>104.7847599535226</longitude>
			<latitude>17.31134358144892</latitude>
			<altitude>144.6819588930929</altitude>
			<heading>118.4018967781244</heading>
			<tilt>1.905593839371977</tilt>
			<gx:fovy>35</gx:fovy>
			<range>87.77637905936899</range>
			<altitudeMode>absolute</altitudeMode>
		</LookAt>
		<styleUrl>#__managed_style_03F37AB66D29F82A74A0</styleUrl>
		<Point>
			<coordinates>104.7847750629746,17.31135278638444,144.7590939878987</coordinates>
		</Point>
	</Placemark>
	<Placemark id="09E4128C6629F2DE1569">
		<name>MD185 - DB - 212 - 0303 - 325+870</name>
		<LookAt>
			<longitude>104.7845826156532</longitude>
			<latitude>17.31102893596085</latitude>
			<altitude>144.9903027736947</altitude>
			<heading>118.401896709099</heading>
			<tilt>1.9055935920884</tilt>
			<gx:fovy>35</gx:fovy>
			<range>86.9497036230041</range>
			<altitudeMode>absolute</altitudeMode>
		</LookAt>
		<styleUrl>#__managed_style_03F37AB66D29F82A74A0</styleUrl>
		<Point>
			<coordinates>104.7845984284345,17.31103400499411,145.0979902965396</coordinates>
		</Point>
	</Placemark>
	<Placemark id="09277A28EA29F2DE3DE2">
		<name>MD186 - DB - 212 - 0303 - 325+905</name>
		<LookAt>
			<longitude>104.7844079884229</longitude>
			<latitude>17.31066328978224</latitude>
			<altitude>143.9480433682756</altitude>
			<heading>118.4019003838144</heading>
			<tilt>1.905607007343237</tilt>
			<gx:fovy>35</gx:fovy>
			<range>131.8114363445966</range>
			<altitudeMode>absolute</altitudeMode>
		</LookAt>
		<styleUrl>#__managed_style_03F37AB66D29F82A74A0</styleUrl>
		<Point>
			<coordinates>104.7844086385888,17.31067205690233,144.1724359557407</coordinates>
		</Point>
	</Placemark>
	<Placemark id="0651BD56E429F2DE5917">
		<name>MD187 - DB - 212 - 0303 - 325+940</name>
		<LookAt>
			<longitude>104.7842694103585</longitude>
			<latitude>17.31039065744681</latitude>
			<altitude>143.1966072815791</altitude>
			<heading>118.4019006912442</heading>
			<tilt>1.905608134665968</tilt>
			<gx:fovy>35</gx:fovy>
			<range>135.5814698900576</range>
			<altitudeMode>absolute</altitudeMode>
		</LookAt>
		<styleUrl>#__managed_style_03F37AB66D29F82A74A0</styleUrl>
		<Point>
			<coordinates>104.784291469392,17.31040085152773,143.1913643662305</coordinates>
		</Point>
	</Placemark>
	<Placemark id="05DBE6198429F2DE6D8B">
		<name>MD188 - DB - 212 - 0303 - 325+975</name>
		<LookAt>
			<longitude>104.7841467694335</longitude>
			<latitude>17.31005906013837</latitude>
			<altitude>143.1176638787889</altitude>
			<heading>118.4019005058819</heading>
			<tilt>1.905607462252326</tilt>
			<gx:fovy>35</gx:fovy>
			<range>133.3331384529629</range>
			<altitudeMode>absolute</altitudeMode>
		</LookAt>
		<styleUrl>#__managed_style_03F37AB66D29F82A74A0</styleUrl>
		<Point>
			<coordinates>104.7841758625053,17.31008556491962,143.113580741435</coordinates>
		</Point>
	</Placemark>
	<Placemark id="046ADD983529F2DE81BA">
		<name>MD189 - DB - 212 - 0303 - 326+010</name>
		<LookAt>
			<longitude>104.7840542123465</longitude>
			<latitude>17.3097340417426</latitude>
			<altitude>144.9938819869247</altitude>
			<heading>118.4018995816606</heading>
			<tilt>1.905604093869366</tilt>
			<gx:fovy>35</gx:fovy>
			<range>122.0692771273025</range>
			<altitudeMode>absolute</altitudeMode>
		</LookAt>
		<styleUrl>#__managed_style_03F37AB66D29F82A74A0</styleUrl>
		<Point>
			<coordinates>104.7841035168869,17.30977627936924,144.8510738858471</coordinates>
		</Point>
	</Placemark>
	<Placemark id="03F30A2FFE29F2DE9898">
		<name>MD190 - DB - 212 - 0303 - 326+045</name>
		<LookAt>
			<longitude>104.7840273883961</longitude>
			<latitude>17.30960639621942</latitude>
			<altitude>145.9126391184435</altitude>
			<heading>118.4018965399431</heading>
			<tilt>1.905592999070583</tilt>
			<gx:fovy>35</gx:fovy>
			<range>84.9678276625491</range>
			<altitudeMode>absolute</altitudeMode>
		</LookAt>
		<styleUrl>#__managed_style_03F37AB66D29F82A74A0</styleUrl>
		<Point>
			<coordinates>104.7840512917946,17.30949950255961,146.8398056459805</coordinates>
		</Point>
	</Placemark>
	<Placemark id="0796207F4C29F2DEB5AD">
		<name>MD191 - DB - 212 - 0303 - 326+080</name>
		<LookAt>
			<longitude>104.7839326818802</longitude>
			<latitude>17.30915966512673</latitude>
			<altitude>147.9585768473713</altitude>
			<heading>118.4018987505417</heading>
			<tilt>1.905601065870201</tilt>
			<gx:fovy>35</gx:fovy>
			<range>111.943969014992</range>
			<altitudeMode>absolute</altitudeMode>
		</LookAt>
		<styleUrl>#__managed_style_03F37AB66D29F82A74A0</styleUrl>
		<Point>
			<coordinates>104.7840160254807,17.30917825744095,148.1210685835752</coordinates>
		</Point>
	</Placemark>
	<Placemark id="0EC49817A729F2DEC8DB">
		<name>MD192 - DB - 212 - 0303 - 326+110</name>
		<LookAt>
			<longitude>104.7839099099562</longitude>
			<latitude>17.30880517632438</latitude>
			<altitude>149.0006820957251</altitude>
			<heading>118.4018986741037</heading>
			<tilt>1.905600785725184</tilt>
			<gx:fovy>35</gx:fovy>
			<range>111.0073390472644</range>
			<altitudeMode>absolute</altitudeMode>
		</LookAt>
		<styleUrl>#__managed_style_03F37AB66D29F82A74A0</styleUrl>
		<Point>
			<coordinates>104.7840040579527,17.30884363583956,148.8962406151093</coordinates>
		</Point>
	</Placemark>
	<Placemark id="07BBBE6DC229F2E1B00A">
		<name>MD193 - DB - 212 - 0303 - 326+150</name>
		<LookAt>
			<longitude>104.7839752389099</longitude>
			<latitude>17.30824796610432</latitude>
			<altitude>148.5258911966675</altitude>
			<heading>279.728418880523</heading>
			<tilt>0</tilt>
			<gx:fovy>35</gx:fovy>
			<range>165.9394084098858</range>
			<altitudeMode>absolute</altitudeMode>
		</LookAt>
		<styleUrl>#__managed_style_03F37AB66D29F82A74A0</styleUrl>
		<Point>
			<coordinates>104.7839591182455,17.3082863806139,148.8805043551241</coordinates>
		</Point>
	</Placemark>
	<Placemark id="0AADC3DD5429F2E1C890">
		<name>MD194 - DB - 212 - 0303 - 326+185</name>
		<LookAt>
			<longitude>104.7839694006498</longitude>
			<latitude>17.30804085130024</latitude>
			<altitude>147.6325152156353</altitude>
			<heading>279.7284177459825</heading>
			<tilt>0</tilt>
			<gx:fovy>35</gx:fovy>
			<range>97.03777112754325</range>
			<altitudeMode>absolute</altitudeMode>
		</LookAt>
		<styleUrl>#__managed_style_03F37AB66D29F82A74A0</styleUrl>
		<Point>
			<coordinates>104.7839236294242,17.30793128012272,147.488756563572</coordinates>
		</Point>
	</Placemark>
	<Placemark id="0C4EB0312B29F2E1E1CA">
		<name>MD195 - DB - 212 - 0303 - 326+220</name>
		<LookAt>
			<longitude>104.7839077554871</longitude>
			<latitude>17.30771099235783</latitude>
			<altitude>147.0716413092243</altitude>
			<heading>279.7284162960439</heading>
			<tilt>0</tilt>
			<gx:fovy>35</gx:fovy>
			<range>70.00594559263845</range>
			<altitudeMode>absolute</altitudeMode>
		</LookAt>
		<styleUrl>#__managed_style_03F37AB66D29F82A74A0</styleUrl>
		<Point>
			<coordinates>104.7838933902395,17.30758966708892,147.6072393549985</coordinates>
		</Point>
	</Placemark>
	<Placemark id="0B4514257729F2E1FBC8">
		<name>MD196 - DB - 212 - 0303 - 326+255</name>
		<LookAt>
			<longitude>104.7838297114099</longitude>
			<latitude>17.30729681067092</latitude>
			<altitude>147.6047720451083</altitude>
			<heading>279.7284146681024</heading>
			<tilt>0</tilt>
			<gx:fovy>35</gx:fovy>
			<range>108.9472676609694</range>
			<altitudeMode>absolute</altitudeMode>
		</LookAt>
		<styleUrl>#__managed_style_03F37AB66D29F82A74A0</styleUrl>
		<Point>
			<coordinates>104.7838897073387,17.3072496971285,147.5852023318453</coordinates>
		</Point>
	</Placemark>
	<Placemark id="0F3C0166E029F2E21679">
		<name>MD197 - DB - 212 - 0303 - 326+290</name>
		<LookAt>
			<longitude>104.783816227756</longitude>
			<latitude>17.30700810342925</latitude>
			<altitude>146.2399933130066</altitude>
			<heading>279.7284130522398</heading>
			<tilt>0</tilt>
			<gx:fovy>35</gx:fovy>
			<range>113.9920575824181</range>
			<altitudeMode>absolute</altitudeMode>
		</LookAt>
		<styleUrl>#__managed_style_03F37AB66D29F82A74A0</styleUrl>
		<Point>
			<coordinates>104.783854342496,17.30689646677071,145.6903663454195</coordinates>
		</Point>
	</Placemark>
	<Placemark id="0DDD7E931629F2E3FA66">
		<name>MD198 - DB - 212 - 0303 - 326+325</name>
		<LookAt>
			<longitude>104.7836920699062</longitude>
			<latitude>17.30658158214573</latitude>
			<altitude>145.459966807296</altitude>
			<heading>97.2835901431919</heading>
			<tilt>0</tilt>
			<gx:fovy>35</gx:fovy>
			<range>153.3447472729858</range>
			<altitudeMode>absolute</altitudeMode>
		</LookAt>
		<styleUrl>#__managed_style_03F37AB66D29F82A74A0</styleUrl>
		<Point>
			<coordinates>104.7838291615858,17.30653110516165,145.9806249211925</coordinates>
		</Point>
	</Placemark>
	<Placemark id="0B53958F6629F2E4148D">
		<name>MD199 - DB - 212 - 0303 - 326+360</name>
		<LookAt>
			<longitude>104.7837800966819</longitude>
			<latitude>17.30613595327309</latitude>
			<altitude>147.7318757139255</altitude>
			<heading>97.28359014397584</heading>
			<tilt>0</tilt>
			<gx:fovy>35</gx:fovy>
			<range>108.0193988257997</range>
			<altitudeMode>absolute</altitudeMode>
		</LookAt>
		<styleUrl>#__managed_style_03F37AB66D29F82A74A0</styleUrl>
		<Point>
			<coordinates>104.7837988667456,17.30619588601625,147.8898574230758</coordinates>
		</Point>
	</Placemark>
	<Placemark id="08404F01FF29F2E4319B">
		<name>MD200 - DB - 212 - 0303 - 326+395</name>
		<LookAt>
			<longitude>104.7837614580434</longitude>
			<latitude>17.30583387182493</latitude>
			<altitude>146.5787968469664</altitude>
			<heading>97.28359014383925</heading>
			<tilt>0</tilt>
			<gx:fovy>35</gx:fovy>
			<range>113.0251924363256</range>
			<altitudeMode>absolute</altitudeMode>
		</LookAt>
		<styleUrl>#__managed_style_03F37AB66D29F82A74A0</styleUrl>
		<Point>
			<coordinates>104.7837874693867,17.30587419970218,147.0811936520266</coordinates>
		</Point>
	</Placemark>
	<Placemark id="0EEA4540E329F30F97C9">
		<name>MD201 - DB - 212 - 0303 - 326+430</name>
		<LookAt>
			<longitude>104.7837139779936</longitude>
			<latitude>17.30556168679811</latitude>
			<altitude>145.774301450838</altitude>
			<heading>97.28359014509657</heading>
			<tilt>0</tilt>
			<gx:fovy>35</gx:fovy>
			<range>168.3285901182899</range>
			<altitudeMode>absolute</altitudeMode>
		</LookAt>
		<styleUrl>#__managed_style_03F37AB66D29F82A74A0</styleUrl>
		<Point>
			<coordinates>104.7837674540941,17.30555309583529,145.7279071485891</coordinates>
		</Point>
	</Placemark>
	<Placemark id="091C96697029F30FB3B3">
		<name>MD202 - DB - 212 - 0303 - 326+465</name>
		<LookAt>
			<longitude>104.7837027914951</longitude>
			<latitude>17.30510140519409</latitude>
			<altitude>146.3184126833467</altitude>
			<heading>97.28359014489932</heading>
			<tilt>0</tilt>
			<gx:fovy>35</gx:fovy>
			<range>108.0937873309449</range>
			<altitudeMode>absolute</altitudeMode>
		</LookAt>
		<styleUrl>#__managed_style_03F37AB66D29F82A74A0</styleUrl>
		<Point>
			<coordinates>104.7837529494492,17.30523949589577,146.1214228339551</coordinates>
		</Point>
	</Placemark>
	<Placemark id="0D2CEDB17729F30FE5B2">
		<name>MD203 - DB - 212 - 0303 - 326+500</name>
		<LookAt>
			<longitude>104.7837311982413</longitude>
			<latitude>17.30496859048213</latitude>
			<altitude>146.11511860806</altitude>
			<heading>97.28359014509779</heading>
			<tilt>0</tilt>
			<gx:fovy>35</gx:fovy>
			<range>117.0756169900415</range>
			<altitudeMode>absolute</altitudeMode>
		</LookAt>
		<styleUrl>#__managed_style_03F37AB66D29F82A74A0</styleUrl>
		<Point>
			<coordinates>104.7837427160627,17.30492269778905,146.256068148211</coordinates>
		</Point>
	</Placemark>
	<Placemark id="0FF9CA2DE329F3100B60">
		<name>MD204 - DB - 212 - 0303 - 326+535</name>
		<LookAt>
			<longitude>104.7836678252525</longitude>
			<latitude>17.30444169471212</latitude>
			<altitude>146.2352899975247</altitude>
			<heading>97.2835901443698</heading>
			<tilt>0</tilt>
			<gx:fovy>35</gx:fovy>
			<range>97.77328906562616</range>
			<altitudeMode>absolute</altitudeMode>
		</LookAt>
		<styleUrl>#__managed_style_03F37AB66D29F82A74A0</styleUrl>
		<Point>
			<coordinates>104.7837169833147,17.30461328986393,146.2461747938544</coordinates>
		</Point>
	</Placemark>
	<Placemark id="09EC2C074E29F31028DD">
		<name>MD205 - DB - 212 - 0303 - 326+570</name>
		<LookAt>
			<longitude>104.7836705292617</longitude>
			<latitude>17.30448689116469</latitude>
			<altitude>146.1032141493951</altitude>
			<heading>97.28359014437937</heading>
			<tilt>0</tilt>
			<gx:fovy>35</gx:fovy>
			<range>101.753844746072</range>
			<altitudeMode>absolute</altitudeMode>
		</LookAt>
		<styleUrl>#__managed_style_03F37AB66D29F82A74A0</styleUrl>
		<Point>
			<coordinates>104.7836959450787,17.30429409959023,146.9216543038501</coordinates>
		</Point>
	</Placemark>
	<Placemark id="0300E3AD5229F3103DCF">
		<name>MD206 - DB - 212 - 0303 - 326+605</name>
		<LookAt>
			<longitude>104.7836700744752</longitude>
			<latitude>17.30409655149887</latitude>
			<altitude>147.9733667657892</altitude>
			<heading>97.283590144355</heading>
			<tilt>0</tilt>
			<gx:fovy>35</gx:fovy>
			<range>102.0106525469783</range>
			<altitudeMode>absolute</altitudeMode>
		</LookAt>
		<styleUrl>#__managed_style_03F37AB66D29F82A74A0</styleUrl>
		<Point>
			<coordinates>104.7836769937974,17.3039819107059,149.456269383505</coordinates>
		</Point>
	</Placemark>
	<Placemark id="0A77AB5FD229F3105319">
		<name>MD207 - DB - 212 - 0303 - 326+640</name>
		<LookAt>
			<longitude>104.7836507751951</longitude>
			<latitude>17.30368592968955</latitude>
			<altitude>150.7820001598742</altitude>
			<heading>97.28359014422803</heading>
			<tilt>0</tilt>
			<gx:fovy>35</gx:fovy>
			<range>102.3713191706156</range>
			<altitudeMode>absolute</altitudeMode>
		</LookAt>
		<styleUrl>#__managed_style_03F37AB66D29F82A74A0</styleUrl>
		<Point>
			<coordinates>104.7836616614606,17.30367075070016,151.0554118607514</coordinates>
		</Point>
	</Placemark>
	<Placemark id="0CDB8CCBF729F31069C0">
		<name>MD208 - DB - 212 - 0303 - 326+675</name>
		<LookAt>
			<longitude>104.7836040858349</longitude>
			<latitude>17.30336446465672</latitude>
			<altitude>150.0448907253673</altitude>
			<heading>97.28359014393128</heading>
			<tilt>0</tilt>
			<gx:fovy>35</gx:fovy>
			<range>100.0303352800802</range>
			<altitudeMode>absolute</altitudeMode>
		</LookAt>
		<styleUrl>#__managed_style_03F37AB66D29F82A74A0</styleUrl>
		<Point>
			<coordinates>104.783642411539,17.3033610120658,150.3504599567054</coordinates>
		</Point>
	</Placemark>
	<Placemark id="0200A7D67A29F310803D">
		<name>MD209 - DB - 212 - 0303 - 326+710</name>
		<LookAt>
			<longitude>104.7835515729827</longitude>
			<latitude>17.3029972914377</latitude>
			<altitude>147.8345585224672</altitude>
			<heading>97.28359014357177</heading>
			<tilt>0</tilt>
			<gx:fovy>35</gx:fovy>
			<range>102.9263994976828</range>
			<altitudeMode>absolute</altitudeMode>
		</LookAt>
		<styleUrl>#__managed_style_03F37AB66D29F82A74A0</styleUrl>
		<Point>
			<coordinates>104.7836143579424,17.30304114201666,148.4083691175003</coordinates>
		</Point>
	</Placemark>
	<Placemark id="00004D416829F3109E22">
		<name>MD210 - DB - 212 - 0303 - 326+745</name>
		<LookAt>
			<longitude>104.7835293421827</longitude>
			<latitude>17.30266609302284</latitude>
			<altitude>145.8208061142341</altitude>
			<heading>97.28359014342556</heading>
			<tilt>0</tilt>
			<gx:fovy>35</gx:fovy>
			<range>109.1267665792111</range>
			<altitudeMode>absolute</altitudeMode>
		</LookAt>
		<styleUrl>#__managed_style_03F37AB66D29F82A74A0</styleUrl>
		<Point>
			<coordinates>104.7835645741212,17.3027236660038,146.5389389058722</coordinates>
		</Point>
	</Placemark>
	<Placemark id="0A94AD4DFD29F310FF4E">
		<name>MD211 - DB - 212 - 0303 - 326+860</name>
		<LookAt>
			<longitude>104.7832677984447</longitude>
			<latitude>17.30156905666921</latitude>
			<altitude>149.6782469901468</altitude>
			<heading>101.9388129410092</heading>
			<tilt>0</tilt>
			<gx:fovy>35</gx:fovy>
			<range>139.3499621251613</range>
			<altitudeMode>absolute</altitudeMode>
		</LookAt>
		<styleUrl>#__managed_style_03F37AB66D29F82A74A0</styleUrl>
		<Point>
			<coordinates>104.7833237029967,17.30162209761389,149.2728065501158</coordinates>
		</Point>
	</Placemark>
	<Placemark id="01BE490E7B29F3111DCC">
		<name>MD212 - DB - 212 - 0303 - 326+900</name>
		<LookAt>
			<longitude>104.7832342250628</longitude>
			<latitude>17.30131404636459</latitude>
			<altitude>150.7497047965098</altitude>
			<heading>101.9388129407115</heading>
			<tilt>0</tilt>
			<gx:fovy>35</gx:fovy>
			<range>137.4865874358329</range>
			<altitudeMode>absolute</altitudeMode>
		</LookAt>
		<styleUrl>#__managed_style_03F37AB66D29F82A74A0</styleUrl>
		<Point>
			<coordinates>104.7832656610132,17.30137436920575,150.8874733894622</coordinates>
		</Point>
	</Placemark>
	<Placemark id="07B8A1DBF929F311346C">
		<name>MD213 - DB - 212 - 0303 - 326+940</name>
		<LookAt>
			<longitude>104.7832101277293</longitude>
			<latitude>17.30103920128695</latitude>
			<altitude>151.1184726743986</altitude>
			<heading>101.9388129404892</heading>
			<tilt>0</tilt>
			<gx:fovy>35</gx:fovy>
			<range>132.6028238859362</range>
			<altitudeMode>absolute</altitudeMode>
		</LookAt>
		<styleUrl>#__managed_style_03F37AB66D29F82A74A0</styleUrl>
		<Point>
			<coordinates>104.7832220112162,17.30111430865223,151.1699252047767</coordinates>
		</Point>
	</Placemark>
	<Placemark id="05C24DE5E929F3114A5E">
		<name>MD214 - DB - 212 - 0303 - 326+980</name>
		<LookAt>
			<longitude>104.7831724450687</longitude>
			<latitude>17.30069896451033</latitude>
			<altitude>151.4268103475233</altitude>
			<heading>101.9388129401311</heading>
			<tilt>0</tilt>
			<gx:fovy>35</gx:fovy>
			<range>130.3846349168089</range>
			<altitudeMode>absolute</altitudeMode>
		</LookAt>
		<styleUrl>#__managed_style_03F37AB66D29F82A74A0</styleUrl>
		<Point>
			<coordinates>104.7831745915322,17.30078499164473,151.5607804706368</coordinates>
		</Point>
	</Placemark>
	<Placemark id="0A9A1B610C29F3117B8C">
		<name>MD215 - DB - 212 - 0303 - 327+020</name>
		<LookAt>
			<longitude>104.7831628290836</longitude>
			<latitude>17.30058441074774</latitude>
			<altitude>151.4266788347349</altitude>
			<heading>101.9388129400592</heading>
			<tilt>0</tilt>
			<gx:fovy>35</gx:fovy>
			<range>130.7715849381202</range>
			<altitudeMode>absolute</altitudeMode>
		</LookAt>
		<styleUrl>#__managed_style_03F37AB66D29F82A74A0</styleUrl>
		<Point>
			<coordinates>104.7831472464863,17.3004968023027,151.9383120768518</coordinates>
		</Point>
	</Placemark>
	<Placemark id="0FC9BA568029F3118EE4">
		<name>MD216 - DB - 212 - 0303 - 327+060</name>
		<LookAt>
			<longitude>104.7830982703112</longitude>
			<latitude>17.30025399860873</latitude>
			<altitude>153.2188359122783</altitude>
			<heading>101.9388129395511</heading>
			<tilt>0</tilt>
			<gx:fovy>35</gx:fovy>
			<range>123.3164289824526</range>
			<altitudeMode>absolute</altitudeMode>
		</LookAt>
		<styleUrl>#__managed_style_03F37AB66D29F82A74A0</styleUrl>
		<Point>
			<coordinates>104.7831308803297,17.30016365048094,153.7643301941658</coordinates>
		</Point>
	</Placemark>
	<Placemark id="06F14067D529F311A335">
		<name>MD217 - DB - 212 - 0303 - 327+100</name>
		<LookAt>
			<longitude>104.7830451581258</longitude>
			<latitude>17.29989333015054</latitude>
			<altitude>154.0439618517155</altitude>
			<heading>101.9388129391414</heading>
			<tilt>0</tilt>
			<gx:fovy>35</gx:fovy>
			<range>121.8439329175271</range>
			<altitudeMode>absolute</altitudeMode>
		</LookAt>
		<styleUrl>#__managed_style_03F37AB66D29F82A74A0</styleUrl>
		<Point>
			<coordinates>104.7831117692964,17.29985184456565,154.0823431328555</coordinates>
		</Point>
	</Placemark>
	<Placemark id="0F778458BD29F311BFB8">
		<name>MD218 - DB - 212 - 0303 - 327+140</name>
		<LookAt>
			<longitude>104.7830096957449</longitude>
			<latitude>17.29968425672238</latitude>
			<altitude>154.5468323331772</altitude>
			<heading>101.9388129388765</heading>
			<tilt>0</tilt>
			<gx:fovy>35</gx:fovy>
			<range>126.4764397015642</range>
			<altitudeMode>absolute</altitudeMode>
		</LookAt>
		<styleUrl>#__managed_style_03F37AB66D29F82A74A0</styleUrl>
		<Point>
			<coordinates>104.78309934675,17.2995482740428,154.6954861714953</coordinates>
		</Point>
	</Placemark>
	<Placemark id="07D4D08B7129F311D658">
		<name>MD219 - DB - 212 - 0303 - 327+180</name>
		<LookAt>
			<longitude>104.7829934892202</longitude>
			<latitude>17.29921383830586</latitude>
			<altitude>154.4987005114856</altitude>
			<heading>101.9388129386937</heading>
			<tilt>0</tilt>
			<gx:fovy>35</gx:fovy>
			<range>126.8220292968181</range>
			<altitudeMode>absolute</altitudeMode>
		</LookAt>
		<styleUrl>#__managed_style_03F37AB66D29F82A74A0</styleUrl>
		<Point>
			<coordinates>104.7830768693484,17.29923407862848,154.5278642348957</coordinates>
		</Point>
	</Placemark>
	<Placemark id="08EBCA60F229F311F33C">
		<name>MD220 - DB - 212 - 0303 - 327+220</name>
		<LookAt>
			<longitude>104.7830148130886</longitude>
			<latitude>17.29902952934751</latitude>
			<altitude>153.2850274211831</altitude>
			<heading>101.9388129388653</heading>
			<tilt>0</tilt>
			<gx:fovy>35</gx:fovy>
			<range>127.01889982578</range>
			<altitudeMode>absolute</altitudeMode>
		</LookAt>
		<styleUrl>#__managed_style_03F37AB66D29F82A74A0</styleUrl>
		<Point>
			<coordinates>104.7830592386815,17.29890957844168,152.8737077835869</coordinates>
		</Point>
	</Placemark>
	<Placemark id="00090CA15D29F3120C15">
		<name>MD221 - DB - 212 - 0303 - 327+260</name>
		<LookAt>
			<longitude>104.7829917708443</longitude>
			<latitude>17.29872285781036</latitude>
			<altitude>152.1884620856267</altitude>
			<heading>101.9388129386824</heading>
			<tilt>0</tilt>
			<gx:fovy>35</gx:fovy>
			<range>120.9538088029149</range>
			<altitudeMode>absolute</altitudeMode>
		</LookAt>
		<styleUrl>#__managed_style_03F37AB66D29F82A74A0</styleUrl>
		<Point>
			<coordinates>104.7830342134142,17.29858316025556,152.7010555477468</coordinates>
		</Point>
	</Placemark>
	<Placemark id="09414E77E429F3122783">
		<name>MD222 - DB - 212 - 0303 - 327+300</name>
		<LookAt>
			<longitude>104.7829135338843</longitude>
			<latitude>17.29818791307084</latitude>
			<altitude>154.5847910815493</altitude>
			<heading>101.9388129381617</heading>
			<tilt>0</tilt>
			<gx:fovy>35</gx:fovy>
			<range>149.0378394047548</range>
			<altitudeMode>absolute</altitudeMode>
		</LookAt>
		<styleUrl>#__managed_style_03F37AB66D29F82A74A0</styleUrl>
		<Point>
			<coordinates>104.7830205880042,17.29828243887282,154.2434007074763</coordinates>
		</Point>
	</Placemark>
	<Placemark id="01254E302229F3123D66">
		<name>MD223 - DB - 212 - 0303 - 327+340</name>
		<LookAt>
			<longitude>104.7829002499415</longitude>
			<latitude>17.2978091713583</latitude>
			<altitude>156.4160076213347</altitude>
			<heading>101.9388129379146</heading>
			<tilt>0</tilt>
			<gx:fovy>35</gx:fovy>
			<range>150.8339874671401</range>
			<altitudeMode>absolute</altitudeMode>
		</LookAt>
		<styleUrl>#__managed_style_03F37AB66D29F82A74A0</styleUrl>
		<Point>
			<coordinates>104.7830073329996,17.29797528975705,156.3310818857082</coordinates>
		</Point>
	</Placemark>
	<Placemark id="03FD5401AD29F31250C5">
		<name>MD224 - DB - 212 - 0303 - 327+380</name>
		<LookAt>
			<longitude>104.7829290037369</longitude>
			<latitude>17.29752206587709</latitude>
			<altitude>155.5217363291362</altitude>
			<heading>101.9388129381681</heading>
			<tilt>0</tilt>
			<gx:fovy>35</gx:fovy>
			<range>139.9996186464159</range>
			<altitudeMode>absolute</altitudeMode>
		</LookAt>
		<styleUrl>#__managed_style_03F37AB66D29F82A74A0</styleUrl>
		<Point>
			<coordinates>104.7829925968208,17.29765184280445,156.5699271936103</coordinates>
		</Point>
	</Placemark>
	<Placemark id="049829CF6929F31265D9">
		<name>MD225 - DB - 212 - 0303 - 327+420</name>
		<LookAt>
			<longitude>104.7829312478509</longitude>
			<latitude>17.29730910444093</latitude>
			<altitude>153.5466197638529</altitude>
			<heading>101.9388129381896</heading>
			<tilt>0</tilt>
			<gx:fovy>35</gx:fovy>
			<range>125.8691286543399</range>
			<altitudeMode>absolute</altitudeMode>
		</LookAt>
		<styleUrl>#__managed_style_03F37AB66D29F82A74A0</styleUrl>
		<Point>
			<coordinates>104.782964481813,17.29732814848,153.9713791396565</coordinates>
		</Point>
	</Placemark>
	<Placemark id="0CCA8F9CA629F31277F8">
		<name>MD226 - DB - 212 - 0303 - 327+460</name>
		<LookAt>
			<longitude>104.7829362316258</longitude>
			<latitude>17.29715265571736</latitude>
			<altitude>152.3156809619948</altitude>
			<heading>101.9388129382197</heading>
			<tilt>0</tilt>
			<gx:fovy>35</gx:fovy>
			<range>80.06893493467032</range>
			<altitudeMode>absolute</altitudeMode>
		</LookAt>
		<styleUrl>#__managed_style_03F37AB66D29F82A74A0</styleUrl>
		<Point>
			<coordinates>104.7829432091797,17.29701641640576,151.5732220209457</coordinates>
		</Point>
	</Placemark>
	<Placemark id="04E68076F529F33BE956">
		<name>LT102 - SG - 212 - 0303 - 327+400</name>
		<LookAt>
			<longitude>104.7830751731706</longitude>
			<latitude>17.29757168267074</latitude>
			<altitude>156.1854024105566</altitude>
			<heading>-88.17057023371162</heading>
			<tilt>0.1774774348202729</tilt>
			<gx:fovy>35</gx:fovy>
			<range>184.4088377125081</range>
			<altitudeMode>absolute</altitudeMode>
		</LookAt>
		<styleUrl>#__managed_style_03F37AB66D29F82A74A0</styleUrl>
		<Point>
			<coordinates>104.7830806640587,17.29750743387648,155.8983250774229</coordinates>
		</Point>
	</Placemark>
	<Placemark id="0D5B4AE3E129F33C0AC0">
		<name>LT103 - SG - 212 - 0303 - 327+435</name>
		<LookAt>
			<longitude>104.7830694922036</longitude>
			<latitude>17.29727725495353</latitude>
			<altitude>153.599470798845</altitude>
			<heading>-88.17057758449612</heading>
			<tilt>0.177475601140633</tilt>
			<gx:fovy>35</gx:fovy>
			<range>118.6128249123795</range>
			<altitudeMode>absolute</altitudeMode>
		</LookAt>
		<styleUrl>#__managed_style_03F37AB66D29F82A74A0</styleUrl>
		<Point>
			<coordinates>104.783053671622,17.2971803854842,152.9214461871671</coordinates>
		</Point>
	</Placemark>
	<Placemark id="0D651F498429F33C1F8F">
		<name>LT104 - SG - 212 - 0303 - 327+470</name>
		<LookAt>
			<longitude>104.7830512175712</longitude>
			<latitude>17.29691559541338</latitude>
			<altitude>151.1921279220101</altitude>
			<heading>-88.1705830200786</heading>
			<tilt>0.1774756679876122</tilt>
			<gx:fovy>35</gx:fovy>
			<range>121.0201778586816</range>
			<altitudeMode>absolute</altitudeMode>
		</LookAt>
		<styleUrl>#__managed_style_03F37AB66D29F82A74A0</styleUrl>
		<Point>
			<coordinates>104.7830290611974,17.29686263958408,151.5788908788765</coordinates>
		</Point>
	</Placemark>
	<Placemark id="0CCE48430C29F33C3815">
		<name>LT105 - SG - 212 - 0303 - 327+505</name>
		<LookAt>
			<longitude>104.783001692283</longitude>
			<latitude>17.29671666615637</latitude>
			<altitude>152.0769373200054</altitude>
			<heading>-88.17059774058268</heading>
			<tilt>0.1774756431369102</tilt>
			<gx:fovy>35</gx:fovy>
			<range>120.1353614143227</range>
			<altitudeMode>absolute</altitudeMode>
		</LookAt>
		<styleUrl>#__managed_style_03F37AB66D29F82A74A0</styleUrl>
		<Point>
			<coordinates>104.7830020597454,17.29657915868023,152.7532920791433</coordinates>
		</Point>
	</Placemark>
	<Placemark id="02558FBD3529F33C54A6">
		<name>LT106 - SG - 212 - 0303 - 327+540</name>
		<LookAt>
			<longitude>104.7829727217046</longitude>
			<latitude>17.29623412459909</latitude>
			<altitude>153.9653593777746</altitude>
			<heading>-88.17060635261713</heading>
			<tilt>0.1774755895069437</tilt>
			<gx:fovy>35</gx:fovy>
			<range>118.2469317400864</range>
			<altitudeMode>absolute</altitudeMode>
		</LookAt>
		<styleUrl>#__managed_style_03F37AB66D29F82A74A0</styleUrl>
		<Point>
			<coordinates>104.7829714227386,17.29631907113006,154.5725793593673</coordinates>
		</Point>
	</Placemark>
	<Placemark id="0762532E1C29F33C6BDE">
		<name>LT107 - SG - 212 - 0303 - 327+575</name>
		<LookAt>
			<longitude>104.7828603241788</longitude>
			<latitude>17.29575951950973</latitude>
			<altitude>154.1661764885945</altitude>
			<heading>-88.17063976591778</heading>
			<tilt>0.1774755836767503</tilt>
			<gx:fovy>35</gx:fovy>
			<range>118.0461210192334</range>
			<altitudeMode>absolute</altitudeMode>
		</LookAt>
		<styleUrl>#__managed_style_03F37AB66D29F82A74A0</styleUrl>
		<Point>
			<coordinates>104.7829007595165,17.29595725737561,154.1737430290132</coordinates>
		</Point>
	</Placemark>
	<Placemark id="07CFEF8E1B29F3428002">
		<name>LT108 - SG - 212 - 0303 - 327+610</name>
		<LookAt>
			<longitude>104.7826899636122</longitude>
			<latitude>17.29547804457764</latitude>
			<altitude>153.9641321165323</altitude>
			<heading>103.2970119569743</heading>
			<tilt>2.201823004684657</tilt>
			<gx:fovy>35</gx:fovy>
			<range>140.4372348999277</range>
			<altitudeMode>absolute</altitudeMode>
		</LookAt>
		<styleUrl>#__managed_style_03F37AB66D29F82A74A0</styleUrl>
		<Point>
			<coordinates>104.7828312528697,17.29564632246602,154.2439545472334</coordinates>
		</Point>
	</Placemark>
	<Placemark id="052475162229F342AA7D">
		<name>LT109 - SG - 212 - 0303 - 327+645</name>
		<LookAt>
			<longitude>104.7826587806007</longitude>
			<latitude>17.2951405915266</latitude>
			<altitude>154.2096014171584</altitude>
			<heading>103.2970123971303</heading>
			<tilt>2.201824458702935</tilt>
			<gx:fovy>35</gx:fovy>
			<range>144.6458929244727</range>
			<altitudeMode>absolute</altitudeMode>
		</LookAt>
		<styleUrl>#__managed_style_03F37AB66D29F82A74A0</styleUrl>
		<Point>
			<coordinates>104.7827547043188,17.29533596403647,154.3883562988903</coordinates>
		</Point>
	</Placemark>
	<Placemark id="001B49652D29F342C910">
		<name>LT110 - SG - 212 - 0303 - 327+680</name>
		<LookAt>
			<longitude>104.7825979009143</longitude>
			<latitude>17.29482150900231</latitude>
			<altitude>154.0248578073954</altitude>
			<heading>103.2970125168234</heading>
			<tilt>2.201824854968744</tilt>
			<gx:fovy>35</gx:fovy>
			<range>145.7930566159848</range>
			<altitudeMode>absolute</altitudeMode>
		</LookAt>
		<styleUrl>#__managed_style_03F37AB66D29F82A74A0</styleUrl>
		<Point>
			<coordinates>104.782665215037,17.29503200568087,153.876002113045</coordinates>
		</Point>
	</Placemark>
	<Placemark id="0BE4C44E7929F342E8B8">
		<name>LT111 - SG - 212 - 0303 - 327+715</name>
		<LookAt>
			<longitude>104.7824843789137</longitude>
			<latitude>17.29430865230341</latitude>
			<altitude>154.8869270733162</altitude>
			<heading>103.2970143755238</heading>
			<tilt>2.201830996949381</tilt>
			<gx:fovy>35</gx:fovy>
			<range>163.5703912129247</range>
			<altitudeMode>absolute</altitudeMode>
		</LookAt>
		<styleUrl>#__managed_style_03F37AB66D29F82A74A0</styleUrl>
		<Point>
			<coordinates>104.7825729611734,17.29468595554792,154.5473690541761</coordinates>
		</Point>
	</Placemark>
	<Placemark id="00F85A868D29F342FFC0">
		<name>LT112 - SG - 212 - 0303 - 327+750</name>
		<LookAt>
			<longitude>104.7824308108956</longitude>
			<latitude>17.29413982193725</latitude>
			<altitude>155.8186049568119</altitude>
			<heading>103.2970135195847</heading>
			<tilt>2.201828171422195</tilt>
			<gx:fovy>35</gx:fovy>
			<range>155.3925461204199</range>
			<altitudeMode>absolute</altitudeMode>
		</LookAt>
		<styleUrl>#__managed_style_03F37AB66D29F82A74A0</styleUrl>
		<Point>
			<coordinates>104.7824940701955,17.29438593947544,155.8790521503755</coordinates>
		</Point>
	</Placemark>
	<Placemark id="04810A8C7329F3431838">
		<name>LT113 - SG - 212 - 0303 - 327+785</name>
		<LookAt>
			<longitude>104.7823294217286</longitude>
			<latitude>17.29367603539033</latitude>
			<altitude>153.6789224805608</altitude>
			<heading>103.29700847741</heading>
			<tilt>2.201811534407895</tilt>
			<gx:fovy>35</gx:fovy>
			<range>107.2391828873515</range>
			<altitudeMode>absolute</altitudeMode>
		</LookAt>
		<styleUrl>#__managed_style_03F37AB66D29F82A74A0</styleUrl>
		<Point>
			<coordinates>104.7824087971376,17.29408266668668,153.47819085204</coordinates>
		</Point>
	</Placemark>
	<Placemark id="090953289529F34330B0">
		<name>LT114 - SG - 212 - 0303 - 327+820</name>
		<LookAt>
			<longitude>104.7821870334431</longitude>
			<latitude>17.29330622971187</latitude>
			<altitude>150.7397324349199</altitude>
			<heading>103.2970089456226</heading>
			<tilt>2.201813084174664</tilt>
			<gx:fovy>35</gx:fovy>
			<range>111.7249522898419</range>
			<altitudeMode>absolute</altitudeMode>
		</LookAt>
		<styleUrl>#__managed_style_03F37AB66D29F82A74A0</styleUrl>
		<Point>
			<coordinates>104.782322856859,17.29363392472741,150.5240599895036</coordinates>
		</Point>
	</Placemark>
	<Placemark id="013597D90B29F3434A91">
		<name>LT115 - SG - 212 - 0303 - 327+855</name>
		<LookAt>
			<longitude>104.7821129393497</longitude>
			<latitude>17.29291004829635</latitude>
			<altitude>149.7155899632908</altitude>
			<heading>103.2970093364872</heading>
			<tilt>2.201814375998002</tilt>
			<gx:fovy>35</gx:fovy>
			<range>115.4641596281544</range>
			<altitudeMode>absolute</altitudeMode>
		</LookAt>
		<styleUrl>#__managed_style_03F37AB66D29F82A74A0</styleUrl>
		<Point>
			<coordinates>104.7822045572986,17.29318071341132,149.3085105357842</coordinates>
		</Point>
	</Placemark>
	<Placemark id="0AA2E850D729F34364E1">
		<name>LT116 - SG - 212 - 0303 - 327+890</name>
		<LookAt>
			<longitude>104.7819445233023</longitude>
			<latitude>17.2924394089774</latitude>
			<altitude>149.0908449801818</altitude>
			<heading>103.2970099024513</heading>
			<tilt>2.201816250143818</tilt>
			<gx:fovy>35</gx:fovy>
			<range>120.8889462911065</range>
			<altitudeMode>absolute</altitudeMode>
		</LookAt>
		<styleUrl>#__managed_style_03F37AB66D29F82A74A0</styleUrl>
		<Point>
			<coordinates>104.7820727753397,17.29273907015527,148.9309559498064</coordinates>
		</Point>
	</Placemark>
	<Placemark id="04CDC08EFE29F3437CB3">
		<name>LT117 - SG - 212 - 0303 - 327+925</name>
		<LookAt>
			<longitude>104.7818804999729</longitude>
			<latitude>17.29219479940823</latitude>
			<altitude>149.9548587595466</altitude>
			<heading>103.2970092376094</heading>
			<tilt>2.201814057384313</tilt>
			<gx:fovy>35</gx:fovy>
			<range>114.5425023896132</range>
			<altitudeMode>absolute</altitudeMode>
		</LookAt>
		<styleUrl>#__managed_style_03F37AB66D29F82A74A0</styleUrl>
		<Point>
			<coordinates>104.7819785886002,17.29242969327588,150.3367657388264</coordinates>
		</Point>
	</Placemark>
	<Placemark id="00A24B964E29F345491F">
		<name>LT118 - SG - 212 - 0303 - 327+960</name>
		<Camera>
			<gx:ViewerOptions>
				<gx:option name="streetview"></gx:option>
				<gx:streetViewPanoId>pyie-sjm4Q796SKwrxZ8iw</gx:streetViewPanoId>
			</gx:ViewerOptions>
			<longitude>104.7817091291211</longitude>
			<latitude>17.29192274988283</latitude>
			<altitude>155.156005859375</altitude>
			<heading>156.458074436938</heading>
			<tilt>71.52799995954574</tilt>
			<roll>0</roll>
			<gx:fovy>15</gx:fovy>
			<altitudeMode>absolute</altitudeMode>
		</Camera>
		<styleUrl>#__managed_style_03F37AB66D29F82A74A0</styleUrl>
		<Point>
			<altitudeMode>relativeToGround</altitudeMode>
			<coordinates>104.7818693399219,17.2921371561662,0</coordinates>
		</Point>
	</Placemark>
	<Placemark id="072626D6B929F3460DFF">
		<name>LT119 - SG - 212 - 0303 - 327+955</name>
		<LookAt>
			<longitude>104.7814410372694</longitude>
			<latitude>17.2915809552221</latitude>
			<altitude>155.128166108397</altitude>
			<heading>123.3338675810151</heading>
			<tilt>0.3610567744057603</tilt>
			<gx:fovy>35</gx:fovy>
			<range>144.1501124853676</range>
			<altitudeMode>absolute</altitudeMode>
		</LookAt>
		<styleUrl>#__managed_style_03F37AB66D29F82A74A0</styleUrl>
		<Point>
			<coordinates>104.7817107902561,17.29184240892685,155.3740586179169</coordinates>
		</Point>
	</Placemark>
	<Placemark id="0F89166E0429F346C661">
		<name>LT120 - SG - 212 - 0303 - 328+030</name>
		<LookAt>
			<longitude>104.7811948916709</longitude>
			<latitude>17.2912989645607</latitude>
			<altitude>155.0458908196001</altitude>
			<heading>130.9094920888958</heading>
			<tilt>0</tilt>
			<gx:fovy>35</gx:fovy>
			<range>95.53601334342602</range>
			<altitudeMode>absolute</altitudeMode>
		</LookAt>
		<styleUrl>#__managed_style_03F37AB66D29F82A74A0</styleUrl>
		<Point>
			<coordinates>104.7815021141715,17.29156787514844,155.2193240172137</coordinates>
		</Point>
	</Placemark>
	<Placemark id="0DE089C15629F3471069">
		<name>LT121 - SG - 212 - 0303 - 328+065</name>
		<LookAt>
			<longitude>104.7811163278629</longitude>
			<latitude>17.29116563037242</latitude>
			<altitude>155.0459060171679</altitude>
			<heading>130.9094993874496</heading>
			<tilt>0</tilt>
			<gx:fovy>35</gx:fovy>
			<range>130.3874278175317</range>
			<altitudeMode>absolute</altitudeMode>
		</LookAt>
		<styleUrl>#__managed_style_03F37AB66D29F82A74A0</styleUrl>
		<Point>
			<coordinates>104.7812863799819,17.29131519523219,155.3870951027553</coordinates>
		</Point>
	</Placemark>
	<Placemark id="08A623D14029F3496AD4">
		<name>LT122 - SG - 212 - 0303 - 328+110</name>
		<LookAt>
			<longitude>104.7810683167128</longitude>
			<latitude>17.29116337471263</latitude>
			<altitude>155.0835977959236</altitude>
			<heading>126.2163206203201</heading>
			<tilt>0.7368243153616315</tilt>
			<gx:fovy>35</gx:fovy>
			<range>101.0091948338413</range>
			<altitudeMode>absolute</altitudeMode>
		</LookAt>
		<styleUrl>#__managed_style_03F37AB66D29F82A74A0</styleUrl>
		<Point>
			<coordinates>104.7810734743186,17.29106467497979,155.3773396411375</coordinates>
		</Point>
	</Placemark>
	<Placemark id="059F7A4BC829F349953A">
		<name>LT123 - SG - 212 - 0303 - 328+135</name>
		<LookAt>
			<longitude>104.7809067396571</longitude>
			<latitude>17.29092418846323</latitude>
			<altitude>155.8046579297639</altitude>
			<heading>126.2163225335776</heading>
			<tilt>0.736831947233671</tilt>
			<gx:fovy>35</gx:fovy>
			<range>167.0052071388455</range>
			<altitudeMode>absolute</altitudeMode>
		</LookAt>
		<styleUrl>#__managed_style_03F37AB66D29F82A74A0</styleUrl>
		<Point>
			<coordinates>104.780868382195,17.29080632438967,156.0431405101287</coordinates>
		</Point>
	</Placemark>
	<Placemark id="05A789341429F349ABA2">
		<name>LT124 - SG - 212 - 0303 - 328+170</name>
		<LookAt>
			<longitude>104.7806531897133</longitude>
			<latitude>17.29054543726618</latitude>
			<altitude>156.2211560771524</altitude>
			<heading>126.2163223544807</heading>
			<tilt>0.7368312327077681</tilt>
			<gx:fovy>35</gx:fovy>
			<range>160.8281683110727</range>
			<altitudeMode>absolute</altitudeMode>
		</LookAt>
		<styleUrl>#__managed_style_03F37AB66D29F82A74A0</styleUrl>
		<Point>
			<coordinates>104.7807026037111,17.29054118350055,156.4165293548524</coordinates>
		</Point>
	</Placemark>
	<Placemark id="099118ADC329F349C490">
		<name>LT125 - SG - 212 - 0303 - 328+205</name>
		<LookAt>
			<longitude>104.7804846516305</longitude>
			<latitude>17.29015176942431</latitude>
			<altitude>156.901407258735</altitude>
			<heading>126.2163222067394</heading>
			<tilt>0.7368306515819075</tilt>
			<gx:fovy>35</gx:fovy>
			<range>155.804412061043</range>
			<altitudeMode>absolute</altitudeMode>
		</LookAt>
		<styleUrl>#__managed_style_03F37AB66D29F82A74A0</styleUrl>
		<Point>
			<coordinates>104.7805757190467,17.29023932645114,157.2940577136387</coordinates>
		</Point>
	</Placemark>
	<Placemark id="0A2F9E7CCB29F34A08FB">
		<name>LT126 - SG - 212 - 0303 - 328+240</name>
		<LookAt>
			<longitude>104.7804772765242</longitude>
			<latitude>17.2898928943498</latitude>
			<altitude>157.9665643031811</altitude>
			<heading>114.5223420204885</heading>
			<tilt>0</tilt>
			<gx:fovy>35</gx:fovy>
			<range>142.5368240931312</range>
			<altitudeMode>absolute</altitudeMode>
		</LookAt>
		<styleUrl>#__managed_style_03F37AB66D29F82A74A0</styleUrl>
		<Point>
			<coordinates>104.7804930725907,17.28993743588819,158.1433402306468</coordinates>
		</Point>
	</Placemark>
	<Placemark id="029EC760B529F34A4159">
		<name>LT127 - SG - 212 - 0303 - 328+275</name>
		<LookAt>
			<longitude>104.7804872049916</longitude>
			<latitude>17.28971072916699</latitude>
			<altitude>159.5776930196108</altitude>
			<heading>114.5223449682095</heading>
			<tilt>0</tilt>
			<gx:fovy>35</gx:fovy>
			<range>140.9256912176352</range>
			<altitudeMode>absolute</altitudeMode>
		</LookAt>
		<styleUrl>#__managed_style_03F37AB66D29F82A74A0</styleUrl>
		<Point>
			<coordinates>104.7804514514068,17.28962453716904,159.6395579126346</coordinates>
		</Point>
	</Placemark>
	<Placemark id="0A4BFE7A6229F34A5C65">
		<name>LT128 - SG - 212 - 0303 - 328+310</name>
		<LookAt>
			<longitude>104.780370625394</longitude>
			<latitude>17.28925440364343</latitude>
			<altitude>161.4077951998279</altitude>
			<heading>114.5223103188055</heading>
			<tilt>0</tilt>
			<gx:fovy>35</gx:fovy>
			<range>139.0955879721878</range>
			<altitudeMode>absolute</altitudeMode>
		</LookAt>
		<styleUrl>#__managed_style_03F37AB66D29F82A74A0</styleUrl>
		<Point>
			<coordinates>104.7804027820522,17.28931864443456,161.2510425731805</coordinates>
		</Point>
	</Placemark>
	<Placemark id="016873D1AF29F34A75A6">
		<name>LT129 - SG - 212 - 0303 - 328+345</name>
		<LookAt>
			<longitude>104.7803740831015</longitude>
			<latitude>17.28914044812115</latitude>
			<altitude>161.9203921656707</altitude>
			<heading>114.5223113460607</heading>
			<tilt>0</tilt>
			<gx:fovy>35</gx:fovy>
			<range>138.5829805959475</range>
			<altitudeMode>absolute</altitudeMode>
		</LookAt>
		<styleUrl>#__managed_style_03F37AB66D29F82A74A0</styleUrl>
		<Point>
			<coordinates>104.7803994594548,17.28899980309064,162.0716448847251</coordinates>
		</Point>
	</Placemark>
	<Placemark id="0B7E57B2B029F34A954F">
		<name>LT130 - SG - 212 - 0303 - 328+380</name>
		<LookAt>
			<longitude>104.7802388139414</longitude>
			<latitude>17.28883272706965</latitude>
			<altitude>160.1775835102708</altitude>
			<heading>114.5222711450325</heading>
			<tilt>0</tilt>
			<gx:fovy>35</gx:fovy>
			<range>140.3257854134063</range>
			<altitudeMode>absolute</altitudeMode>
		</LookAt>
		<styleUrl>#__managed_style_03F37AB66D29F82A74A0</styleUrl>
		<Point>
			<coordinates>104.7803501449438,17.28866542029437,159.5730600676806</coordinates>
		</Point>
	</Placemark>
	<Placemark id="0AAC3CDDBC29F34BBEB5">
		<name>RT85 - SG - 212 - 0303 - 328+065</name>
		<LookAt>
			<longitude>104.7813435764108</longitude>
			<latitude>17.29160033973599</latitude>
			<altitude>155.0458860861866</altitude>
			<heading>134.1460348381021</heading>
			<tilt>0</tilt>
			<gx:fovy>35</gx:fovy>
			<range>209.9043128962513</range>
			<altitudeMode>absolute</altitudeMode>
		</LookAt>
		<styleUrl>#__managed_style_03F37AB66D29F82A74A0</styleUrl>
		<Point>
			<coordinates>104.7811477238581,17.29145443722861,155.2193887913668</coordinates>
		</Point>
	</Placemark>
	<Placemark id="0D8FFB811C29F34C3F8A">
		<name>RT86 - SG - 212 - 0303 - 328+110</name>
		<LookAt>
			<longitude>104.7811334872861</longitude>
			<latitude>17.29134190966093</latitude>
			<altitude>155.0458938087522</altitude>
			<heading>134.3579554035386</heading>
			<tilt>0</tilt>
			<gx:fovy>35</gx:fovy>
			<range>137.2716847345691</range>
			<altitudeMode>absolute</altitudeMode>
		</LookAt>
		<styleUrl>#__managed_style_03F37AB66D29F82A74A0</styleUrl>
		<Point>
			<coordinates>104.7809587600148,17.29123828590195,155.5462042212247</coordinates>
		</Point>
	</Placemark>
	<Placemark id="0211CD9A0529F34C90D0">
		<name>RT87 - SG - 212 - 0303 - 328+135</name>
		<LookAt>
			<longitude>104.7807553387525</longitude>
			<latitude>17.29092374768547</latitude>
			<altitude>156.0760408120943</altitude>
			<heading>134.3394978993229</heading>
			<tilt>0</tilt>
			<gx:fovy>35</gx:fovy>
			<range>135.3362393000316</range>
			<altitudeMode>absolute</altitudeMode>
		</LookAt>
		<styleUrl>#__managed_style_03F37AB66D29F82A74A0</styleUrl>
		<Point>
			<coordinates>104.7807674692505,17.29100448880796,156.1807716441856</coordinates>
		</Point>
	</Placemark>
	<Placemark id="06DD2ACAFE29F34D8C5D">
		<name>RT88 - SG - 212 - 0303 - 328+170</name>
		<LookAt>
			<longitude>104.7805030378098</longitude>
			<latitude>17.2905721981256</latitude>
			<altitude>155.9824117419853</altitude>
			<heading>105.5862875982392</heading>
			<tilt>0</tilt>
			<gx:fovy>35</gx:fovy>
			<range>101.3985553254861</range>
			<altitudeMode>absolute</altitudeMode>
		</LookAt>
		<styleUrl>#__managed_style_03F37AB66D29F82A74A0</styleUrl>
		<Point>
			<coordinates>104.7805431620597,17.29065106448498,156.1861193037784</coordinates>
		</Point>
	</Placemark>
	<Placemark id="0BF7E5338829F34DAB6D">
		<name>RT89 - SG - 212 - 0303 - 328+205</name>
		<LookAt>
			<longitude>104.7804356213672</longitude>
			<latitude>17.29035045104781</latitude>
			<altitude>156.4804775526513</altitude>
			<heading>105.5862875974879</heading>
			<tilt>0</tilt>
			<gx:fovy>35</gx:fovy>
			<range>169.7473605078994</range>
			<altitudeMode>absolute</altitudeMode>
		</LookAt>
		<styleUrl>#__managed_style_03F37AB66D29F82A74A0</styleUrl>
		<Point>
			<coordinates>104.780415900373,17.29035784638056,156.6117369713537</coordinates>
		</Point>
	</Placemark>
	<Placemark id="0C7645AA7229F34DC4BC">
		<name>RT90 - SG - 212 - 0303 - 328+235</name>
		<LookAt>
			<longitude>104.7804022289325</longitude>
			<latitude>17.29015859450815</latitude>
			<altitude>156.4367469878862</altitude>
			<heading>105.5862875972644</heading>
			<tilt>0</tilt>
			<gx:fovy>35</gx:fovy>
			<range>108.017614150649</range>
			<altitudeMode>absolute</altitudeMode>
		</LookAt>
		<styleUrl>#__managed_style_03F37AB66D29F82A74A0</styleUrl>
		<Point>
			<coordinates>104.7803518567123,17.29008306247043,156.1991791493457</coordinates>
		</Point>
	</Placemark>
	<Placemark id="000FD499E729F34DE100">
		<name>RT91 - SG - 212 - 0303 - 328+265</name>
		<LookAt>
			<longitude>104.7803086653525</longitude>
			<latitude>17.28982252291825</latitude>
			<altitude>155.8433080974434</altitude>
			<heading>105.5862875966008</heading>
			<tilt>0</tilt>
			<gx:fovy>35</gx:fovy>
			<range>109.553918146612</range>
			<altitudeMode>absolute</altitudeMode>
		</LookAt>
		<styleUrl>#__managed_style_03F37AB66D29F82A74A0</styleUrl>
		<Point>
			<coordinates>104.7802906888766,17.28973744954865,156.0288988453588</coordinates>
		</Point>
	</Placemark>
	<Placemark id="05965DB45829F34DF92C">
		<name>RT92 - SG - 212 - 0303 - 328+295</name>
		<LookAt>
			<longitude>104.7802336022018</longitude>
			<latitude>17.28947962009449</latitude>
			<altitude>156.8137472734941</altitude>
			<heading>105.5862875960818</heading>
			<tilt>0</tilt>
			<gx:fovy>35</gx:fovy>
			<range>105.7101103023888</range>
			<altitudeMode>absolute</altitudeMode>
		</LookAt>
		<styleUrl>#__managed_style_03F37AB66D29F82A74A0</styleUrl>
		<Point>
			<coordinates>104.7802368918668,17.28946342896081,157.1776484117257</coordinates>
		</Point>
	</Placemark>
	<Placemark id="0B435386AB29F34E1633">
		<name>RT93 - SG - 212 - 0303 - 328+325</name>
		<LookAt>
			<longitude>104.7801756402927</longitude>
			<latitude>17.28920293601368</latitude>
			<altitude>159.2996652380915</altitude>
			<heading>105.5862875956071</heading>
			<tilt>0</tilt>
			<gx:fovy>35</gx:fovy>
			<range>108.753746295115</range>
			<altitudeMode>absolute</altitudeMode>
		</LookAt>
		<styleUrl>#__managed_style_03F37AB66D29F82A74A0</styleUrl>
		<Point>
			<coordinates>104.7801933697075,17.28914968618798,159.9177318424503</coordinates>
		</Point>
	</Placemark>
	<Placemark id="0C8AFC740C29F34E2C94">
		<name>RT94 - SG - 212 - 0303 - 328+355</name>
		<LookAt>
			<longitude>104.7801232544604</longitude>
			<latitude>17.28886548093359</latitude>
			<altitude>159.7568199673734</altitude>
			<heading>105.5862875951992</heading>
			<tilt>0</tilt>
			<gx:fovy>35</gx:fovy>
			<range>107.5013678913092</range>
			<altitudeMode>absolute</altitudeMode>
		</LookAt>
		<styleUrl>#__managed_style_03F37AB66D29F82A74A0</styleUrl>
		<Point>
			<coordinates>104.7801377294682,17.28881882431893,159.772619195277</coordinates>
		</Point>
	</Placemark>
	<Placemark id="01E913886129F34E46C2">
		<name>RT95 - SG - 212 - 0303 - 328+390</name>
		<LookAt>
			<longitude>104.7800614648979</longitude>
			<latitude>17.28860180861358</latitude>
			<altitude>158.7428325110769</altitude>
			<heading>105.5862875947906</heading>
			<tilt>0</tilt>
			<gx:fovy>35</gx:fovy>
			<range>105.1176908627531</range>
			<altitudeMode>absolute</altitudeMode>
		</LookAt>
		<styleUrl>#__managed_style_03F37AB66D29F82A74A0</styleUrl>
		<Point>
			<coordinates>104.7800887982318,17.28852795437949,158.6530482329393</coordinates>
		</Point>
	</Placemark>
	<Placemark id="0576B9CD6229F35C9A31">
		<name>MD227 - DB - 212 - 0303 - 328+420</name>
		<LookAt>
			<longitude>104.7801301554066</longitude>
			<latitude>17.28812810250806</latitude>
			<altitude>157.6141454531737</altitude>
			<heading>99.23426610817627</heading>
			<tilt>0.07467534489880963</tilt>
			<gx:fovy>34.9999999278612</gx:fovy>
			<range>103.0154710120223</range>
			<altitudeMode>absolute</altitudeMode>
		</LookAt>
		<styleUrl>#__managed_style_03F37AB66D29F82A74A0</styleUrl>
		<Point>
			<coordinates>104.7801305729784,17.28823375154358,158.0077942855869</coordinates>
		</Point>
	</Placemark>
	<Placemark id="0CED7F2A0529F35D224A">
		<name>MD228 - DB - 212 - 0303 - 328+460</name>
		<LookAt>
			<longitude>104.7800993608384</longitude>
			<latitude>17.28795157217596</latitude>
			<altitude>157.0163768219395</altitude>
			<heading>99.23806828561916</heading>
			<tilt>0.0746754479635944</tilt>
			<gx:fovy>34.9999999278612</gx:fovy>
			<range>115.5207477369914</range>
			<altitudeMode>absolute</altitudeMode>
		</LookAt>
		<styleUrl>#__managed_style_03F37AB66D29F82A74A0</styleUrl>
		<Point>
			<coordinates>104.7800774021382,17.28792271306538,157.0402508651301</coordinates>
		</Point>
	</Placemark>
	<Placemark id="0D8BA0B9E729F35DDFF7">
		<name>MD229 - DB - 212 - 0303 - 328+500</name>
		<LookAt>
			<longitude>104.7800322742507</longitude>
			<latitude>17.28770892376556</latitude>
			<altitude>156.6135372661077</altitude>
			<heading>99.23806489209473</heading>
			<tilt>0.07467576932938821</tilt>
			<gx:fovy>34.9999999278612</gx:fovy>
			<range>143.3939433062551</range>
			<altitudeMode>absolute</altitudeMode>
		</LookAt>
		<styleUrl>#__managed_style_03F37AB66D29F82A74A0</styleUrl>
		<Point>
			<coordinates>104.7800196625034,17.28760509137487,157.0231083345867</coordinates>
		</Point>
	</Placemark>
	<Placemark id="0EAA8A2A7229F35DFC20">
		<name>MD230 - DB - 212 - 0303 - 328+540</name>
		<LookAt>
			<longitude>104.7799779523994</longitude>
			<latitude>17.287417076834</latitude>
			<altitude>157.4866192981977</altitude>
			<heading>99.23804874140457</heading>
			<tilt>0.07467575831380481</tilt>
			<gx:fovy>34.9999999278612</gx:fovy>
			<range>142.5208547271723</range>
			<altitudeMode>absolute</altitudeMode>
		</LookAt>
		<styleUrl>#__managed_style_03F37AB66D29F82A74A0</styleUrl>
		<Point>
			<coordinates>104.7799705842532,17.28729045380195,158.0766503702736</coordinates>
		</Point>
	</Placemark>
	<Placemark id="0C982D6C2829F35E2AC9">
		<name>MD231 - DB - 212 - 0303 - 328+580</name>
		<LookAt>
			<longitude>104.7798906548367</longitude>
			<latitude>17.28704455167681</latitude>
			<altitude>157.7986335661189</altitude>
			<heading>99.23802281122792</heading>
			<tilt>0.07467575395052055</tilt>
			<gx:fovy>34.9999999278612</gx:fovy>
			<range>142.208837884591</range>
			<altitudeMode>absolute</altitudeMode>
		</LookAt>
		<styleUrl>#__managed_style_03F37AB66D29F82A74A0</styleUrl>
		<Point>
			<coordinates>104.7799230138484,17.28698962809176,158.0333219964497</coordinates>
		</Point>
	</Placemark>
	<Placemark id="014EF03EF029F35E3E88">
		<name>MD232 - DB - 212 - 0303 - 328+620</name>
		<LookAt>
			<longitude>104.7798447076041</longitude>
			<latitude>17.28675843596016</latitude>
			<altitude>156.6070567320869</altitude>
			<heading>99.23800915033299</heading>
			<tilt>0.07467576717214959</tilt>
			<gx:fovy>34.9999999278612</gx:fovy>
			<range>143.4004214452762</range>
			<altitudeMode>absolute</altitudeMode>
		</LookAt>
		<styleUrl>#__managed_style_03F37AB66D29F82A74A0</styleUrl>
		<Point>
			<coordinates>104.7798675139644,17.28666633820247,156.3825446961688</coordinates>
		</Point>
	</Placemark>
	<Placemark id="019F8AB19529F35E553D">
		<name>MD233 - DB - 212 - 0303 - 328+660</name>
		<LookAt>
			<longitude>104.7797702583836</longitude>
			<latitude>17.28633765445167</latitude>
			<altitude>155.3570354465648</altitude>
			<heading>99.23798704461127</heading>
			<tilt>0.07467578085255547</tilt>
			<gx:fovy>34.9999999278612</gx:fovy>
			<range>144.6504473227469</range>
			<altitudeMode>absolute</altitudeMode>
		</LookAt>
		<styleUrl>#__managed_style_03F37AB66D29F82A74A0</styleUrl>
		<Point>
			<coordinates>104.7798127584545,17.28633817465042,155.6532459034359</coordinates>
		</Point>
	</Placemark>
	<Placemark id="05CA83E52F29F35E6DEC">
		<name>MD234 - DB - 212 - 0303 - 328+700</name>
		<LookAt>
			<longitude>104.7797229518613</longitude>
			<latitude>17.2860599179286</latitude>
			<altitude>155.1242835068421</altitude>
			<heading>99.23797298368309</heading>
			<tilt>0.07467578302931621</tilt>
			<gx:fovy>34.9999999278612</gx:fovy>
			<range>144.8831967755177</range>
			<altitudeMode>absolute</altitudeMode>
		</LookAt>
		<styleUrl>#__managed_style_03F37AB66D29F82A74A0</styleUrl>
		<Point>
			<coordinates>104.7797618924786,17.28602266488562,155.4033914310812</coordinates>
		</Point>
	</Placemark>
	<Placemark id="002F34DF9F29F35E80F0">
		<name>MD235 - DB - 212 - 0303 - 328+740</name>
		<LookAt>
			<longitude>104.7796490406093</longitude>
			<latitude>17.28567002881606</latitude>
			<altitude>154.5149864361459</altitude>
			<heading>99.23795101861576</heading>
			<tilt>0.07467578872501052</tilt>
			<gx:fovy>34.9999999278612</gx:fovy>
			<range>145.492501096287</range>
			<altitudeMode>absolute</altitudeMode>
		</LookAt>
		<styleUrl>#__managed_style_03F37AB66D29F82A74A0</styleUrl>
		<Point>
			<coordinates>104.7796928397665,17.2856221004002,155.003530602119</coordinates>
		</Point>
	</Placemark>
	<Placemark id="0CF26F291629F35E9564">
		<name>MD236 - DB - 212 - 0303 - 328+780</name>
		<LookAt>
			<longitude>104.779576240411</longitude>
			<latitude>17.28524269627692</latitude>
			<altitude>155.2766970165494</altitude>
			<heading>99.23792938724789</heading>
			<tilt>0.07467577914433511</tilt>
			<gx:fovy>34.9999999278612</gx:fovy>
			<range>144.7307808821279</range>
			<altitudeMode>absolute</altitudeMode>
		</LookAt>
		<styleUrl>#__managed_style_03F37AB66D29F82A74A0</styleUrl>
		<Point>
			<coordinates>104.7796311912369,17.28526709167102,155.6658304350013</coordinates>
		</Point>
	</Placemark>
	<Placemark id="0B97952C1829F35EF940">
		<name>MD237 - DB - 212 - 0303 - 328+820</name>
		<LookAt>
			<longitude>104.7795409381794</longitude>
			<latitude>17.28496302186793</latitude>
			<altitude>156.8030304574284</altitude>
			<heading>105.1387311923079</heading>
			<tilt>3.872773343591863</tilt>
			<gx:fovy>35</gx:fovy>
			<range>63.35403831478288</range>
			<altitudeMode>absolute</altitudeMode>
		</LookAt>
		<styleUrl>#__managed_style_03F37AB66D29F82A74A0</styleUrl>
		<Point>
			<coordinates>104.7795750093953,17.28493429767083,157.3463667603065</coordinates>
		</Point>
	</Placemark>
	<Placemark id="0C4F3242D829F35F22D6">
		<name>MD238 - DB - 212 - 0303 - 328+860</name>
		<LookAt>
			<longitude>104.7794790186282</longitude>
			<latitude>17.28459454904184</latitude>
			<altitude>157.2135031334783</altitude>
			<heading>97.08151193791039</heading>
			<tilt>0.1884945062116823</tilt>
			<gx:fovy>35</gx:fovy>
			<range>84.50903867202216</range>
			<altitudeMode>absolute</altitudeMode>
		</LookAt>
		<styleUrl>#__managed_style_03F37AB66D29F82A74A0</styleUrl>
		<Point>
			<coordinates>104.7795303171504,17.28459309840985,157.8459539119901</coordinates>
		</Point>
	</Placemark>
	<Placemark id="09AA1A01BD29F35F70A3">
		<name>MD239 - DB - 212 - 0303 - 328+900</name>
		<LookAt>
			<longitude>104.7794149431866</longitude>
			<latitude>17.28428605274796</latitude>
			<altitude>156.1818791141338</altitude>
			<heading>99.58806851993093</heading>
			<tilt>0.2116067448139622</tilt>
			<gx:fovy>35</gx:fovy>
			<range>101.8761529378935</range>
			<altitudeMode>absolute</altitudeMode>
		</LookAt>
		<styleUrl>#__managed_style_03F37AB66D29F82A74A0</styleUrl>
		<Point>
			<coordinates>104.7794741445213,17.28427023848286,156.6174629472933</coordinates>
		</Point>
	</Placemark>
	<Placemark id="0BDE8B5F9F29F35F87DC">
		<name>MD240 - DB - 212 - 0303 - 328+940</name>
		<LookAt>
			<longitude>104.7793167585385</longitude>
			<latitude>17.28389536627974</latitude>
			<altitude>154.4928459975766</altitude>
			<heading>99.58803934668555</heading>
			<tilt>0.2116068006360337</tilt>
			<gx:fovy>35</gx:fovy>
			<range>103.5651973136373</range>
			<altitudeMode>absolute</altitudeMode>
		</LookAt>
		<styleUrl>#__managed_style_03F37AB66D29F82A74A0</styleUrl>
		<Point>
			<coordinates>104.7794085112473,17.2839040915168,155.1244898035854</coordinates>
		</Point>
	</Placemark>
	<Placemark id="08D05C597829F35FA97F">
		<name>MD241 - DB - 212 - 0303 - 328+980</name>
		<LookAt>
			<longitude>104.7792581035267</longitude>
			<latitude>17.28353724783016</latitude>
			<altitude>154.09992470718</altitude>
			<heading>99.58802192502981</heading>
			<tilt>0.211606813472869</tilt>
			<gx:fovy>35</gx:fovy>
			<range>103.9581271555835</range>
			<altitudeMode>absolute</altitudeMode>
		</LookAt>
		<styleUrl>#__managed_style_03F37AB66D29F82A74A0</styleUrl>
		<Point>
			<coordinates>104.7793558079738,17.28359781341122,154.21577103661</coordinates>
		</Point>
	</Placemark>
	<Placemark id="018DF558B829F35FBDBB">
		<name>MD242 - DB - 212 - 0303 - 329+020</name>
		<LookAt>
			<longitude>104.7792328478314</longitude>
			<latitude>17.28331112015297</latitude>
			<altitude>154.8950925978736</altitude>
			<heading>99.58801442299047</heading>
			<tilt>0.2116067868295024</tilt>
			<gx:fovy>35</gx:fovy>
			<range>103.1629616655482</range>
			<altitudeMode>absolute</altitudeMode>
		</LookAt>
		<styleUrl>#__managed_style_03F37AB66D29F82A74A0</styleUrl>
		<Point>
			<coordinates>104.7792955951599,17.28329463422312,154.9992770984516</coordinates>
		</Point>
	</Placemark>
	<Placemark id="02605AAFF229F35FD3A0">
		<name>MD243 - DB - 212 - 0303 - 329+060</name>
		<LookAt>
			<longitude>104.7791966532479</longitude>
			<latitude>17.28297229432433</latitude>
			<altitude>156.454154227941</altitude>
			<heading>99.58800367239706</heading>
			<tilt>0.2116067348224815</tilt>
			<gx:fovy>35</gx:fovy>
			<range>101.603897267014</range>
			<altitudeMode>absolute</altitudeMode>
		</LookAt>
		<styleUrl>#__managed_style_03F37AB66D29F82A74A0</styleUrl>
		<Point>
			<coordinates>104.7792521566047,17.28299092965085,156.5393653681809</coordinates>
		</Point>
	</Placemark>
	<Placemark id="062BA9C53529F35FE814">
		<name>MD244 - DB - 212 - 0303 - 329+100</name>
		<LookAt>
			<longitude>104.7791507204049</longitude>
			<latitude>17.2826425433723</latitude>
			<altitude>157.0548588770472</altitude>
			<heading>99.58799002387741</heading>
			<tilt>0.2116067147241199</tilt>
			<gx:fovy>35</gx:fovy>
			<range>101.0031918356072</range>
			<altitudeMode>absolute</altitudeMode>
		</LookAt>
		<styleUrl>#__managed_style_03F37AB66D29F82A74A0</styleUrl>
		<Point>
			<coordinates>104.7792051216654,17.28268405414448,157.2601307097155</coordinates>
		</Point>
	</Placemark>
	<Placemark id="06FF9058C129F35FFA86">
		<name>MD245 - DB - 212 - 0303 - 329+140</name>
		<LookAt>
			<longitude>104.7791018303115</longitude>
			<latitude>17.28235113994478</latitude>
			<altitude>156.1168238197004</altitude>
			<heading>99.58797549673587</heading>
			<tilt>0.2116067456837601</tilt>
			<gx:fovy>35</gx:fovy>
			<range>101.9412356368958</range>
			<altitudeMode>absolute</altitudeMode>
		</LookAt>
		<styleUrl>#__managed_style_03F37AB66D29F82A74A0</styleUrl>
		<Point>
			<coordinates>104.7791612781062,17.28237917620475,156.3497416853238</coordinates>
		</Point>
	</Placemark>
	<Placemark id="0C6ACFB3E229F3600F63">
		<name>MD246 - DB - 212 - 0303 - 329+180</name>
		<LookAt>
			<longitude>104.7790757840503</longitude>
			<latitude>17.28201751107201</latitude>
			<altitude>153.8789782941011</altitude>
			<heading>99.58796776001115</heading>
			<tilt>0.2116068198008619</tilt>
			<gx:fovy>35</gx:fovy>
			<range>104.1791023878795</range>
			<altitudeMode>absolute</altitudeMode>
		</LookAt>
		<styleUrl>#__managed_style_03F37AB66D29F82A74A0</styleUrl>
		<Point>
			<coordinates>104.7791048103398,17.28207364523229,154.387163397681</coordinates>
		</Point>
	</Placemark>
	<Placemark id="0A3CFDD7B629F360249A">
		<name>MD247 - DB - 212 - 0303 - 329+220</name>
		<LookAt>
			<longitude>104.7789917435746</longitude>
			<latitude>17.28162325086587</latitude>
			<altitude>152.1482405208477</altitude>
			<heading>99.58794279505976</heading>
			<tilt>0.211606876446207</tilt>
			<gx:fovy>35</gx:fovy>
			<range>105.9098548536713</range>
			<altitudeMode>absolute</altitudeMode>
		</LookAt>
		<styleUrl>#__managed_style_03F37AB66D29F82A74A0</styleUrl>
		<Point>
			<coordinates>104.7790479390318,17.28172689646943,152.5538795937603</coordinates>
		</Point>
	</Placemark>
	<Placemark id="004744CDDE29F36035E1">
		<name>MD248 - DB - 212 - 0303 - 329+260</name>
		<LookAt>
			<longitude>104.7789203522304</longitude>
			<latitude>17.28124300484597</latitude>
			<altitude>153.2981078530126</altitude>
			<heading>99.58792158612198</heading>
			<tilt>0.211606838106225</tilt>
			<gx:fovy>35</gx:fovy>
			<range>104.7599793830341</range>
			<altitudeMode>absolute</altitudeMode>
		</LookAt>
		<styleUrl>#__managed_style_03F37AB66D29F82A74A0</styleUrl>
		<Point>
			<coordinates>104.7790012866798,17.28146315709624,152.5694607254764</coordinates>
		</Point>
	</Placemark>
	<Placemark id="097627D76429F3605311">
		<name>MD249 - DB - 212 - 0303 - 329+300</name>
		<LookAt>
			<longitude>104.7789029070716</longitude>
			<latitude>17.28113270332895</latitude>
			<altitude>153.8537331549848</altitude>
			<heading>99.5879163984019</heading>
			<tilt>0.2116068187002665</tilt>
			<gx:fovy>35</gx:fovy>
			<range>104.204354382382</range>
			<altitudeMode>absolute</altitudeMode>
		</LookAt>
		<styleUrl>#__managed_style_03F37AB66D29F82A74A0</styleUrl>
		<Point>
			<coordinates>104.7789604541181,17.28117380912993,154.0705080211198</coordinates>
		</Point>
	</Placemark>
	<Placemark id="00F1C5E2CB29F3606EEB">
		<name>MD250 - DB - 212 - 0303 - 329+340</name>
		<LookAt>
			<longitude>104.7788425093119</longitude>
			<latitude>17.28082938264577</latitude>
			<altitude>154.8107825566262</altitude>
			<heading>99.58789845856225</heading>
			<tilt>0.2116067865952598</tilt>
			<gx:fovy>35</gx:fovy>
			<range>103.2472933608188</range>
			<altitudeMode>absolute</altitudeMode>
		</LookAt>
		<styleUrl>#__managed_style_03F37AB66D29F82A74A0</styleUrl>
		<Point>
			<coordinates>104.7789067040334,17.28085852090681,154.9208441006266</coordinates>
		</Point>
	</Placemark>
	<Placemark id="01A0CB27C329F3608CAF">
		<name>MD251 - DB - 212 - 0303 - 329+380</name>
		<LookAt>
			<longitude>104.778792300565</longitude>
			<latitude>17.28051533175167</latitude>
			<altitude>154.4009696103448</altitude>
			<heading>99.58788354313185</heading>
			<tilt>0.2116067997765703</tilt>
			<gx:fovy>35</gx:fovy>
			<range>103.6571080838985</range>
			<altitudeMode>absolute</altitudeMode>
		</LookAt>
		<styleUrl>#__managed_style_03F37AB66D29F82A74A0</styleUrl>
		<Point>
			<coordinates>104.7788474864516,17.28050004001099,154.5834950129254</coordinates>
		</Point>
	</Placemark>
	<Placemark id="04D9ABB00A29F360A108">
		<name>MD252 - DB - 212 - 0303 - 329+420</name>
		<LookAt>
			<longitude>104.7787172036061</longitude>
			<latitude>17.28006778406608</latitude>
			<altitude>153.7003118398559</altitude>
			<heading>99.58786123866867</heading>
			<tilt>0.2116068226221063</tilt>
			<gx:fovy>35</gx:fovy>
			<range>104.3577669125443</range>
			<altitudeMode>absolute</altitudeMode>
		</LookAt>
		<styleUrl>#__managed_style_03F37AB66D29F82A74A0</styleUrl>
		<Point>
			<coordinates>104.7787814441773,17.28010449411163,153.6467949561057</coordinates>
		</Point>
	</Placemark>
	<Placemark id="039362281129F360BBE3">
		<name>MD253 - DB - 212 - 0303 - 329+460</name>
		<LookAt>
			<longitude>104.7786308925927</longitude>
			<latitude>17.27963708629699</latitude>
			<altitude>154.3486390400596</altitude>
			<heading>99.587835601238</heading>
			<tilt>0.2116068009253922</tilt>
			<gx:fovy>35</gx:fovy>
			<range>103.7094315144532</range>
			<altitudeMode>absolute</altitudeMode>
		</LookAt>
		<styleUrl>#__managed_style_03F37AB66D29F82A74A0</styleUrl>
		<Point>
			<coordinates>104.7787284297028,17.27977173755064,154.0027964747731</coordinates>
		</Point>
	</Placemark>
	<Placemark id="023C19330D29F360CEAF">
		<name>MD254 - DB - 212 - 0303 - 329+500</name>
		<LookAt>
			<longitude>104.7785643233508</longitude>
			<latitude>17.27929478526925</latitude>
			<altitude>155.5479576053551</altitude>
			<heading>99.58781582419613</heading>
			<tilt>0.2116067610232051</tilt>
			<gx:fovy>35</gx:fovy>
			<range>102.5100950467823</range>
			<altitudeMode>absolute</altitudeMode>
		</LookAt>
		<styleUrl>#__managed_style_03F37AB66D29F82A74A0</styleUrl>
		<Point>
			<coordinates>104.7786778613628,17.27946405104479,155.1115754332572</coordinates>
		</Point>
	</Placemark>
	<Placemark id="067BB2EA3D29F360F4B8">
		<name>MD255 - DB - 212 - 0303 - 329+540</name>
		<LookAt>
			<longitude>104.7785728538561</longitude>
			<latitude>17.27912584173221</latitude>
			<altitude>156.1819872243937</altitude>
			<heading>99.58781836109969</heading>
			<tilt>0.2116067390112906</tilt>
			<gx:fovy>35</gx:fovy>
			<range>101.8760602274961</range>
			<altitudeMode>absolute</altitudeMode>
		</LookAt>
		<styleUrl>#__managed_style_03F37AB66D29F82A74A0</styleUrl>
		<Point>
			<coordinates>104.7786297781086,17.27914808575838,156.2929872682737</coordinates>
		</Point>
	</Placemark>
	<Placemark id="097BF8388829F3610994">
		<name>MD256 - DB - 212 - 0303 - 329+580</name>
		<LookAt>
			<longitude>104.7784838909205</longitude>
			<latitude>17.27863044252951</latitude>
			<altitude>156.6360132522038</altitude>
			<heading>99.58779193714128</heading>
			<tilt>0.2116067235547226</tilt>
			<gx:fovy>35</gx:fovy>
			<range>101.4220342336375</range>
			<altitudeMode>absolute</altitudeMode>
		</LookAt>
		<styleUrl>#__managed_style_03F37AB66D29F82A74A0</styleUrl>
		<Point>
			<coordinates>104.7785753740542,17.27883128401966,156.8777304868456</coordinates>
		</Point>
	</Placemark>
	<Placemark id="029B8CD6D729F3611B44">
		<name>MD257 - DB - 212 - 0303 - 329+620</name>
		<LookAt>
			<longitude>104.7784400061437</longitude>
			<latitude>17.27837121000934</latitude>
			<altitude>156.481748458626</altitude>
			<heading>99.58777890445306</heading>
			<tilt>0.2116067283876991</tilt>
			<gx:fovy>35</gx:fovy>
			<range>101.5763043349762</range>
			<altitudeMode>absolute</altitudeMode>
		</LookAt>
		<styleUrl>#__managed_style_03F37AB66D29F82A74A0</styleUrl>
		<Point>
			<coordinates>104.7785257727274,17.27850292385748,156.9211423389843</coordinates>
		</Point>
	</Placemark>
	<Placemark id="0EC63BD4F829F36136DB">
		<name>MD258 - DB - 212 - 0303 - 329+660</name>
		<LookAt>
			<longitude>104.7783922604689</longitude>
			<latitude>17.27810138298488</latitude>
			<altitude>156.8526362168474</altitude>
			<heading>99.58776472354383</heading>
			<tilt>0.21160671536312</tilt>
			<gx:fovy>35</gx:fovy>
			<range>101.2054163900212</range>
			<altitudeMode>absolute</altitudeMode>
		</LookAt>
		<styleUrl>#__managed_style_03F37AB66D29F82A74A0</styleUrl>
		<Point>
			<coordinates>104.7784700696213,17.27818813104483,156.9454813194377</coordinates>
		</Point>
	</Placemark>
	<Placemark id="043835211E29F3614823">
		<name>MD259 - DB - 212 - 0303 - 329+700</name>
		<LookAt>
			<longitude>104.7783229509372</longitude>
			<latitude>17.27769819633001</latitude>
			<altitude>155.7529698517565</altitude>
			<heading>99.58774413884601</heading>
			<tilt>0.2116067517086175</tilt>
			<gx:fovy>35</gx:fovy>
			<range>102.3051007692447</range>
			<altitudeMode>absolute</altitudeMode>
		</LookAt>
		<styleUrl>#__managed_style_03F37AB66D29F82A74A0</styleUrl>
		<Point>
			<coordinates>104.778418330525,17.27785422262658,156.7740923289963</coordinates>
		</Point>
	</Placemark>
	<Placemark id="075B991E4A29F3615D30">
		<name>MD260 - DB - 212 - 0303 - 329+740</name>
		<LookAt>
			<longitude>104.778283286062</longitude>
			<latitude>17.27736533775629</latitude>
			<altitude>154.8151326075245</altitude>
			<heading>99.58773235843752</heading>
			<tilt>0.2116067824460663</tilt>
			<gx:fovy>35</gx:fovy>
			<range>103.2429591497385</range>
			<altitudeMode>absolute</altitudeMode>
		</LookAt>
		<styleUrl>#__managed_style_03F37AB66D29F82A74A0</styleUrl>
		<Point>
			<coordinates>104.7783616390844,17.27753010822966,155.3730452664623</coordinates>
		</Point>
	</Placemark>
	<Placemark id="027ECE1C3029F3617531">
		<name>MD261 - DB - 212 - 0303 - 329+780</name>
		<LookAt>
			<longitude>104.7782378374638</longitude>
			<latitude>17.27710826564309</latitude>
			<altitude>154.0439892223327</altitude>
			<heading>99.58771886326028</heading>
			<tilt>0.2116068075479109</tilt>
			<gx:fovy>35</gx:fovy>
			<range>104.0141010580373</range>
			<altitudeMode>absolute</altitudeMode>
		</LookAt>
		<styleUrl>#__managed_style_03F37AB66D29F82A74A0</styleUrl>
		<Point>
			<coordinates>104.7783108445916,17.27721518836404,154.165932774713</coordinates>
		</Point>
	</Placemark>
	<Placemark id="0737EED7AD29F361886D">
		<name>MD262 - DB - 212 - 0303 - 329+820</name>
		<LookAt>
			<longitude>104.7781790057979</longitude>
			<latitude>17.27677568312785</latitude>
			<altitude>153.9989794617534</altitude>
			<heading>99.58770139596591</heading>
			<tilt>0.2116068087828513</tilt>
			<gx:fovy>35</gx:fovy>
			<range>104.059111955994</range>
			<altitudeMode>absolute</altitudeMode>
		</LookAt>
		<styleUrl>#__managed_style_03F37AB66D29F82A74A0</styleUrl>
		<Point>
			<coordinates>104.7782580249025,17.27689486602383,153.3400879091526</coordinates>
		</Point>
	</Placemark>
	<Placemark id="0CEFA0397F29F36199AE">
		<name>MD263 - DB - 212 - 0303 - 329+860</name>
		<LookAt>
			<longitude>104.7781358162739</longitude>
			<latitude>17.27656185965844</latitude>
			<altitude>154.9455601059257</altitude>
			<heading>99.58768857050512</heading>
			<tilt>0.211606777196277</tilt>
			<gx:fovy>35</gx:fovy>
			<range>103.1125272093414</range>
			<altitudeMode>absolute</altitudeMode>
		</LookAt>
		<styleUrl>#__managed_style_03F37AB66D29F82A74A0</styleUrl>
		<Point>
			<coordinates>104.7782093096586,17.27657812081958,154.599281366414</coordinates>
		</Point>
	</Placemark>
	<Placemark id="063C0E085629F361B18D">
		<name>MD264 - DB - 212 - 0303 - 329+900</name>
		<LookAt>
			<longitude>104.7780688276428</longitude>
			<latitude>17.27617947595018</latitude>
			<altitude>155.2036465198111</altitude>
			<heading>99.58766867579027</heading>
			<tilt>0.2116067684672965</tilt>
			<gx:fovy>35</gx:fovy>
			<range>102.8544446404703</range>
			<altitudeMode>absolute</altitudeMode>
		</LookAt>
		<styleUrl>#__managed_style_03F37AB66D29F82A74A0</styleUrl>
		<Point>
			<coordinates>104.7781581171304,17.27625721319701,155.1762596883132</coordinates>
		</Point>
	</Placemark>
	<Placemark id="00BF677EFB29F361C3F9">
		<name>MD265 - DB - 212 - 0303 - 329+940</name>
		<LookAt>
			<longitude>104.7780090982566</longitude>
			<latitude>17.2758415173368</latitude>
			<altitude>153.6647354258752</altitude>
			<heading>99.58765093251867</heading>
			<tilt>0.2116068191945871</tilt>
			<gx:fovy>35</gx:fovy>
			<range>104.3933677051609</range>
			<altitudeMode>absolute</altitudeMode>
		</LookAt>
		<styleUrl>#__managed_style_03F37AB66D29F82A74A0</styleUrl>
		<Point>
			<coordinates>104.7781010483155,17.27593565545797,153.6584632273428</coordinates>
		</Point>
	</Placemark>
	<Placemark id="03C8A79B9829F361D7C6">
		<name>MD266 - DB - 212 - 0303 - 329+980</name>
		<LookAt>
			<longitude>104.7779610299256</longitude>
			<latitude>17.27552274891024</latitude>
			<altitude>151.8914965502918</altitude>
			<heading>99.587636654915</heading>
			<tilt>0.211606877848217</tilt>
			<gx:fovy>35</gx:fovy>
			<range>106.1666162993788</range>
			<altitudeMode>absolute</altitudeMode>
		</LookAt>
		<styleUrl>#__managed_style_03F37AB66D29F82A74A0</styleUrl>
		<Point>
			<coordinates>104.7780503810174,17.27561635381538,151.4080755271004</coordinates>
		</Point>
	</Placemark>
	<Placemark id="0727E2D98D29F361EA70">
		<name>MD267 - DB - 212 - 0303 - 330+020</name>
		<LookAt>
			<longitude>104.7778965163926</longitude>
			<latitude>17.27519690090996</latitude>
			<altitude>150.9597479612545</altitude>
			<heading>99.58761750051852</heading>
			<tilt>0.2116069085770357</tilt>
			<gx:fovy>35</gx:fovy>
			<range>107.0983673824412</range>
			<altitudeMode>absolute</altitudeMode>
		</LookAt>
		<styleUrl>#__managed_style_03F37AB66D29F82A74A0</styleUrl>
		<Point>
			<coordinates>104.7779948408725,17.27527758416632,150.2477782249092</coordinates>
		</Point>
	</Placemark>
	<Placemark id="0EBD8F227829F361FE1B">
		<name>MD268 - DB - 212 - 0303 - 330+060</name>
		<LookAt>
			<longitude>104.7778493612188</longitude>
			<latitude>17.27493417090901</latitude>
			<altitude>150.4562680337017</altitude>
			<heading>99.58760349893711</heading>
			<tilt>0.2116069252013574</tilt>
			<gx:fovy>35</gx:fovy>
			<range>107.6018543733335</range>
			<altitudeMode>absolute</altitudeMode>
		</LookAt>
		<styleUrl>#__managed_style_03F37AB66D29F82A74A0</styleUrl>
		<Point>
			<coordinates>104.7779313477451,17.27488626927511,150.077164919716</coordinates>
		</Point>
	</Placemark>
	<Placemark id="03B280EF6629F362888A">
		<name>MD269 - DB - 212 - 0303 - 330+100</name>
		<LookAt>
			<longitude>104.7778570961827</longitude>
			<latitude>17.27459781798462</latitude>
			<altitude>151.2346190241905</altitude>
			<heading>100.4680624041139</heading>
			<tilt>0</tilt>
			<gx:fovy>35</gx:fovy>
			<range>72.23931588934647</range>
			<altitudeMode>absolute</altitudeMode>
		</LookAt>
		<styleUrl>#__managed_style_03F37AB66D29F82A74A0</styleUrl>
		<Point>
			<coordinates>104.7778885018108,17.27457975153703,151.2699898537328</coordinates>
		</Point>
	</Placemark>
	<Placemark id="006A2371FB29F362AAC6">
		<name>MD270 - DB - 212 - 0303 - 330+140</name>
		<LookAt>
			<longitude>104.777809353287</longitude>
			<latitude>17.27433161726346</latitude>
			<altitude>152.7191091516105</altitude>
			<heading>100.4680500101284</heading>
			<tilt>0</tilt>
			<gx:fovy>35</gx:fovy>
			<range>121.3673782970909</range>
			<altitudeMode>absolute</altitudeMode>
		</LookAt>
		<styleUrl>#__managed_style_03F37AB66D29F82A74A0</styleUrl>
		<Point>
			<coordinates>104.7778299473611,17.27422059005044,152.7562553992838</coordinates>
		</Point>
	</Placemark>
	<Placemark id="0BF2EFF49F29F362C5BD">
		<name>MD271 - DB - 212 - 0303 - 330+180</name>
		<LookAt>
			<longitude>104.777694300589</longitude>
			<latitude>17.27377797762536</latitude>
			<altitude>150.9383781679614</altitude>
			<heading>100.4680158450296</heading>
			<tilt>0</tilt>
			<gx:fovy>35</gx:fovy>
			<range>123.1481016671023</range>
			<altitudeMode>absolute</altitudeMode>
		</LookAt>
		<styleUrl>#__managed_style_03F37AB66D29F82A74A0</styleUrl>
		<Point>
			<coordinates>104.7777665117835,17.27382574440697,151.8928728646729</coordinates>
		</Point>
	</Placemark>
	<Placemark id="020A39AE3229F362DCE8">
		<name>MD272 - DB - 212 - 0303 - 330+220</name>
		<LookAt>
			<longitude>104.7776129814956</longitude>
			<latitude>17.27345320749189</latitude>
			<altitude>150.1442422307375</altitude>
			<heading>100.4679916983105</heading>
			<tilt>0</tilt>
			<gx:fovy>35</gx:fovy>
			<range>123.9422357539661</range>
			<altitudeMode>absolute</altitudeMode>
		</LookAt>
		<styleUrl>#__managed_style_03F37AB66D29F82A74A0</styleUrl>
		<Point>
			<coordinates>104.7777034579214,17.27346159527691,151.1454399659084</coordinates>
		</Point>
	</Placemark>
	<Placemark id="0BE1D332D629F362F0DF">
		<name>MD273 - DB - 212 - 0303 - 330+260</name>
		<LookAt>
			<longitude>104.7776313070251</longitude>
			<latitude>17.27305148624266</latitude>
			<altitude>150.117111888726</altitude>
			<heading>100.4679971389907</heading>
			<tilt>0</tilt>
			<gx:fovy>35</gx:fovy>
			<range>123.9693651340167</range>
			<altitudeMode>absolute</altitudeMode>
		</LookAt>
		<styleUrl>#__managed_style_03F37AB66D29F82A74A0</styleUrl>
		<Point>
			<coordinates>104.7776696333806,17.27314408288329,150.6036566731105</coordinates>
		</Point>
	</Placemark>
	<Placemark id="0E4156E8B929F3630646">
		<name>MD274 - DB - 212 - 0303 - 330+300</name>
		<LookAt>
			<longitude>104.7776678967181</longitude>
			<latitude>17.27264525224444</latitude>
			<altitude>152.1924749593232</altitude>
			<heading>100.4680080027444</heading>
			<tilt>0</tilt>
			<gx:fovy>35</gx:fovy>
			<range>121.8939965321443</range>
			<altitudeMode>absolute</altitudeMode>
		</LookAt>
		<styleUrl>#__managed_style_03F37AB66D29F82A74A0</styleUrl>
		<Point>
			<coordinates>104.777687743747,17.27282810589589,151.1968943030595</coordinates>
		</Point>
	</Placemark>
	<Placemark id="0B1FEE028D29F3634FD1">
		<name>MD275 - DB - 212 - 0303 - 330+340</name>
		<LookAt>
			<longitude>104.7777360042614</longitude>
			<latitude>17.27252843637394</latitude>
			<altitude>152.7166875847751</altitude>
			<heading>100.4680342555508</heading>
			<tilt>1.175064684479096</tilt>
			<gx:fovy>35</gx:fovy>
			<range>73.83143154456775</range>
			<altitudeMode>absolute</altitudeMode>
		</LookAt>
		<styleUrl>#__managed_style_03F37AB66D29F82A74A0</styleUrl>
		<Point>
			<coordinates>104.7777690491015,17.27254182202119,152.7648460237239</coordinates>
		</Point>
	</Placemark>
	<Placemark id="02B68E215B29F3636BB4">
		<name>MD276 - DB - 212 - 0303 - 330+380</name>
		<LookAt>
			<longitude>104.7778320703472</longitude>
			<latitude>17.2722823949421</latitude>
			<altitude>152.220296076977</altitude>
			<heading>100.4680597127967</heading>
			<tilt>1.175075024478788</tilt>
			<gx:fovy>35</gx:fovy>
			<range>129.8997943046015</range>
			<altitudeMode>absolute</altitudeMode>
		</LookAt>
		<styleUrl>#__managed_style_03F37AB66D29F82A74A0</styleUrl>
		<Point>
			<coordinates>104.7778955070875,17.27225510981751,152.258147850595</coordinates>
		</Point>
	</Placemark>
	<Placemark id="091E003FBD29F3637E6C">
		<name>MD277 - DB - 212 - 0303 - 330+420</name>
		<LookAt>
			<longitude>104.7779755941743</longitude>
			<latitude>17.27198279396255</latitude>
			<altitude>149.7504581066726</altitude>
			<heading>100.468102327094</heading>
			<tilt>1.175075479988315</tilt>
			<gx:fovy>35</gx:fovy>
			<range>132.3701555547632</range>
			<altitudeMode>absolute</altitudeMode>
		</LookAt>
		<styleUrl>#__managed_style_03F37AB66D29F82A74A0</styleUrl>
		<Point>
			<coordinates>104.7780502758875,17.27197288821792,150.1745909959442</coordinates>
		</Point>
	</Placemark>
	<Placemark id="036035A80829F36394BF">
		<name>MD278 - DB - 212 - 0303 - 330+460</name>
		<LookAt>
			<longitude>104.7781645582494</longitude>
			<latitude>17.27166528440118</latitude>
			<altitude>149.9676083956532</altitude>
			<heading>100.4681501100365</heading>
			<tilt>1.175066498965475</tilt>
			<gx:fovy>35</gx:fovy>
			<range>83.67212453114008</range>
			<altitudeMode>absolute</altitudeMode>
		</LookAt>
		<styleUrl>#__managed_style_03F37AB66D29F82A74A0</styleUrl>
		<Point>
			<coordinates>104.7782341312589,17.27166741954452,150.6945649657783</coordinates>
		</Point>
	</Placemark>
	<Placemark id="0D6B988BBC29F363AE1C">
		<name>MD279 - DB - 212 - 0303 - 330+500</name>
		<LookAt>
			<longitude>104.7783235575942</longitude>
			<latitude>17.27139009337528</latitude>
			<altitude>151.9584330738731</altitude>
			<heading>100.4681966069493</heading>
			<tilt>1.175074326263101</tilt>
			<gx:fovy>35</gx:fovy>
			<range>126.1154949467345</range>
			<altitudeMode>absolute</altitudeMode>
		</LookAt>
		<styleUrl>#__managed_style_03F37AB66D29F82A74A0</styleUrl>
		<Point>
			<coordinates>104.7784443809514,17.27132841887414,152.7669654812603</coordinates>
		</Point>
	</Placemark>
	<Placemark id="0E7E19050F29F379D137">
		<name>LT131 - SG - 212 - 0303 - 330+710</name>
		<LookAt>
			<longitude>104.7802873481664</longitude>
			<latitude>17.26832533114368</latitude>
			<altitude>152.7263067199771</altitude>
			<heading>61.37206966019811</heading>
			<tilt>0</tilt>
			<gx:fovy>35</gx:fovy>
			<range>183.5576751424196</range>
			<altitudeMode>absolute</altitudeMode>
		</LookAt>
		<styleUrl>#__managed_style_03F37AB66D29F82A74A0</styleUrl>
		<Point>
			<coordinates>104.7802851472454,17.26852265574765,153.0983332267616</coordinates>
		</Point>
	</Placemark>
	<Placemark id="07A17E780F29F37A3C5E">
		<name>LT132 - SG - 212 - 0303 - 330+745</name>
		<LookAt>
			<longitude>104.7803220293466</longitude>
			<latitude>17.26835219885007</latitude>
			<altitude>152.4157612291461</altitude>
			<heading>61.48415448689284</heading>
			<tilt>0</tilt>
			<gx:fovy>34.99999999999999</gx:fovy>
			<range>139.4106063138861</range>
			<altitudeMode>absolute</altitudeMode>
		</LookAt>
		<styleUrl>#__managed_style_03F37AB66D29F82A74A0</styleUrl>
		<Point>
			<coordinates>104.780443688394,17.26823942761428,151.5128301833339</coordinates>
		</Point>
	</Placemark>
	<Placemark id="0D68D1CF9F29F37A910F">
		<name>LT133 - SG - 212 - 0303 - 330+780</name>
		<LookAt>
			<longitude>104.7804679310167</longitude>
			<latitude>17.26834129480082</latitude>
			<altitude>151.057382735622</altitude>
			<heading>61.48443948271318</heading>
			<tilt>0</tilt>
			<gx:fovy>34.99999999999999</gx:fovy>
			<range>187.9199427067215</range>
			<altitudeMode>absolute</altitudeMode>
		</LookAt>
		<styleUrl>#__managed_style_03F37AB66D29F82A74A0</styleUrl>
		<Point>
			<coordinates>104.7805872416643,17.26801252058707,151.0905744071804</coordinates>
		</Point>
	</Placemark>
	<Placemark id="09B1FA7A4729F37AAD7D">
		<name>LT134 - SG - 212 - 0303 - 330+820</name>
		<LookAt>
			<longitude>104.7807553238771</longitude>
			<latitude>17.26767026623109</latitude>
			<altitude>150.9813257998144</altitude>
			<heading>61.4845269081267</heading>
			<tilt>0</tilt>
			<gx:fovy>34.99999999999999</gx:fovy>
			<range>82.7301810987592</range>
			<altitudeMode>absolute</altitudeMode>
		</LookAt>
		<styleUrl>#__managed_style_03F37AB66D29F82A74A0</styleUrl>
		<Point>
			<coordinates>104.7808157250323,17.26764339978653,151.3890130533825</coordinates>
		</Point>
	</Placemark>
	<Placemark id="01928E589729F37AC5E8">
		<name>LT135 - SG - 212 - 0303 - 330+855</name>
		<LookAt>
			<longitude>104.7809459526828</longitude>
			<latitude>17.26734486426384</latitude>
			<altitude>151.5556181569725</altitude>
			<heading>61.4845269105153</heading>
			<tilt>0</tilt>
			<gx:fovy>34.99999999999999</gx:fovy>
			<range>79.80045721248644</range>
			<altitudeMode>absolute</altitudeMode>
		</LookAt>
		<styleUrl>#__managed_style_03F37AB66D29F82A74A0</styleUrl>
		<Point>
			<coordinates>104.7809951678419,17.26734289629841,152.0108242820131</coordinates>
		</Point>
	</Placemark>
	<Placemark id="06FB51866F29F37ADBE1">
		<name>LT136 - SG - 212 - 0303 - 330+890</name>
		<LookAt>
			<longitude>104.7810762711994</longitude>
			<latitude>17.26712541514274</latitude>
			<altitude>152.3870363011185</altitude>
			<heading>61.48452691139817</heading>
			<tilt>0</tilt>
			<gx:fovy>34.99999999999999</gx:fovy>
			<range>113.3635390317795</range>
			<altitudeMode>absolute</altitudeMode>
		</LookAt>
		<styleUrl>#__managed_style_03F37AB66D29F82A74A0</styleUrl>
		<Point>
			<coordinates>104.7811160496848,17.2671539431983,152.3425732655456</coordinates>
		</Point>
	</Placemark>
	<Placemark id="06F0A3D75829F37AEE6F">
		<name>LT137 - SG - 212 - 0303 - 330+925</name>
		<LookAt>
			<longitude>104.7812292495611</longitude>
			<latitude>17.26686374996379</latitude>
			<altitude>152.8170380907953</altitude>
			<heading>61.48457231934977</heading>
			<tilt>0</tilt>
			<gx:fovy>34.99999999999999</gx:fovy>
			<range>112.9335366196574</range>
			<altitudeMode>absolute</altitudeMode>
		</LookAt>
		<styleUrl>#__managed_style_03F37AB66D29F82A74A0</styleUrl>
		<Point>
			<coordinates>104.7812740515598,17.26689405683086,152.4740673017433</coordinates>
		</Point>
	</Placemark>
	<Placemark id="08ABC1CDDF29F37C7867">
		<name>RT96 - SG - 212 - 0303 - 330+720</name>
		<LookAt>
			<longitude>104.7802156515093</longitude>
			<latitude>17.26831955683879</latitude>
			<altitude>153.3506689996695</altitude>
			<heading>238.3287951302477</heading>
			<tilt>0</tilt>
			<gx:fovy>35</gx:fovy>
			<range>59.33285809705922</range>
			<altitudeMode>absolute</altitudeMode>
		</LookAt>
		<styleUrl>#__managed_style_03F37AB66D29F82A74A0</styleUrl>
		<Point>
			<coordinates>104.7802064906404,17.26831593271459,153.5958734036068</coordinates>
		</Point>
	</Placemark>
	<Placemark id="017F4BC3B729F37C9833">
		<name>RT97 - SG - 212 - 0303 - 330+760</name>
		<LookAt>
			<longitude>104.7803850556548</longitude>
			<latitude>17.26808285716972</latitude>
			<altitude>151.657576606119</altitude>
			<heading>238.3287930171693</heading>
			<tilt>0</tilt>
			<gx:fovy>35</gx:fovy>
			<range>69.21295879694298</range>
			<altitudeMode>absolute</altitudeMode>
		</LookAt>
		<styleUrl>#__managed_style_03F37AB66D29F82A74A0</styleUrl>
		<Point>
			<coordinates>104.7803488388358,17.26804671816817,151.8126977739512</coordinates>
		</Point>
	</Placemark>
	<Placemark id="00434A50D229F37CD356">
		<name>RT98 - SG - 212 - 0303 - 330+800</name>
		<LookAt>
			<longitude>104.7805255215127</longitude>
			<latitude>17.26777916378889</latitude>
			<altitude>150.9165357095162</altitude>
			<heading>-121.671195663431</heading>
			<tilt>0.1558721427737698</tilt>
			<gx:fovy>35</gx:fovy>
			<range>76.81945868203002</range>
			<altitudeMode>absolute</altitudeMode>
		</LookAt>
		<styleUrl>#__managed_style_03F37AB66D29F82A74A0</styleUrl>
		<Point>
			<coordinates>104.7804646318546,17.26779921336481,151.1516352736906</coordinates>
		</Point>
	</Placemark>
	<Placemark id="0D4CEB502E29F37CEE92">
		<name>RT99 - SG - 212 - 0303 - 330+840</name>
		<LookAt>
			<longitude>104.7806996536994</longitude>
			<latitude>17.26751086584891</latitude>
			<altitude>150.6069140378459</altitude>
			<heading>-121.6711957176512</heading>
			<tilt>0.1558723454234939</tilt>
			<gx:fovy>35</gx:fovy>
			<range>85.14323573450383</range>
			<altitudeMode>absolute</altitudeMode>
		</LookAt>
		<styleUrl>#__managed_style_03F37AB66D29F82A74A0</styleUrl>
		<Point>
			<coordinates>104.7806749056978,17.26747071772075,150.68896492534</coordinates>
		</Point>
	</Placemark>
	<Placemark id="039CB89F8529F37D63C3">
		<name>RT100 - SG - 212 - 0303 - 330+875</name>
		<LookAt>
			<longitude>104.780860900356</longitude>
			<latitude>17.26719036819545</latitude>
			<altitude>151.4355969098009</altitude>
			<heading>-125.5465325096487</heading>
			<tilt>0.3213798562544716</tilt>
			<gx:fovy>35</gx:fovy>
			<range>80.48722107031608</range>
			<altitudeMode>absolute</altitudeMode>
		</LookAt>
		<styleUrl>#__managed_style_03F37AB66D29F82A74A0</styleUrl>
		<Point>
			<coordinates>104.7808244739869,17.26723014300252,151.24058005284</coordinates>
		</Point>
	</Placemark>
	<Placemark id="0B19FF1DC929F37D9010">
		<name>RT101 - SG - 212 - 0303 - 330+910</name>
		<LookAt>
			<longitude>104.7809616164579</longitude>
			<latitude>17.2670080926031</latitude>
			<altitude>152.6842551646153</altitude>
			<heading>-125.5465328782833</heading>
			<tilt>0.3213813270387184</tilt>
			<gx:fovy>35</gx:fovy>
			<range>109.6598745420852</range>
			<altitudeMode>absolute</altitudeMode>
		</LookAt>
		<styleUrl>#__managed_style_03F37AB66D29F82A74A0</styleUrl>
		<Point>
			<coordinates>104.7809939619022,17.26699257764483,152.9610199020021</coordinates>
		</Point>
	</Placemark>
	<Placemark id="0F47AC258629F37DC4B0">
		<name>RT102 - SG - 212 - 0303 - 330+945</name>
		<LookAt>
			<longitude>104.7811685348273</longitude>
			<latitude>17.26675640305639</latitude>
			<altitude>153.90392236916</altitude>
			<heading>-125.5465216454349</heading>
			<tilt>8.021859737556872</tilt>
			<gx:fovy>35</gx:fovy>
			<range>94.8645293179743</range>
			<altitudeMode>absolute</altitudeMode>
		</LookAt>
		<styleUrl>#__managed_style_03F37AB66D29F82A74A0</styleUrl>
		<Point>
			<coordinates>104.7811803449113,17.26666289575648,154.571358263833</coordinates>
		</Point>
	</Placemark>
	<Placemark id="0D0FB568C729F39106E1">
		<name>MD280 - DB - 212 - 0303 - 331+220</name>
		<LookAt>
			<longitude>104.7825490515693</longitude>
			<latitude>17.26451810371913</latitude>
			<altitude>151.9551399053785</altitude>
			<heading>61.07925495958194</heading>
			<tilt>0.2005169288693565</tilt>
			<gx:fovy>35</gx:fovy>
			<range>125.4477251315802</range>
			<altitudeMode>absolute</altitudeMode>
		</LookAt>
		<styleUrl>#__managed_style_03F37AB66D29F82A74A0</styleUrl>
		<Point>
			<coordinates>104.7826056898582,17.26453927365779,152.1251326535226</coordinates>
		</Point>
	</Placemark>
	<Placemark id="089F59E78529F3914335">
		<name>MD281 - DB - 212 - 0303 - 331+255</name>
		<LookAt>
			<longitude>104.7827340357275</longitude>
			<latitude>17.26426574518013</latitude>
			<altitude>151.9814827168706</altitude>
			<heading>61.07925542588552</heading>
			<tilt>0.2005174733776718</tilt>
			<gx:fovy>35</gx:fovy>
			<range>142.8331497009458</range>
			<altitudeMode>absolute</altitudeMode>
		</LookAt>
		<styleUrl>#__managed_style_03F37AB66D29F82A74A0</styleUrl>
		<Point>
			<coordinates>104.7827871671685,17.26427191230449,152.2061634776959</coordinates>
		</Point>
	</Placemark>
	<Placemark id="03FDC8580029F3915D6A">
		<name>MD282 - DB - 212 - 0303 - 331+290</name>
		<LookAt>
			<longitude>104.7828875231459</longitude>
			<latitude>17.26402393252485</latitude>
			<altitude>151.916267004138</altitude>
			<heading>61.07925540752873</heading>
			<tilt>0.2005173923497748</tilt>
			<gx:fovy>35</gx:fovy>
			<range>140.2780975027235</range>
			<altitudeMode>absolute</altitudeMode>
		</LookAt>
		<styleUrl>#__managed_style_03F37AB66D29F82A74A0</styleUrl>
		<Point>
			<coordinates>104.7829304666699,17.26400755976822,152.1753799682259</coordinates>
		</Point>
	</Placemark>
	<Placemark id="02E83262B229F3917403">
		<name>MD283 - DB - 212 - 0303 - 331+325</name>
		<LookAt>
			<longitude>104.7829921823054</longitude>
			<latitude>17.26389216196598</latitude>
			<altitude>152.002500457934</altitude>
			<heading>61.07925497527508</heading>
			<tilt>0.2005157814293557</tilt>
			<gx:fovy>35</gx:fovy>
			<range>89.10553905545385</range>
			<altitudeMode>absolute</altitudeMode>
		</LookAt>
		<styleUrl>#__managed_style_03F37AB66D29F82A74A0</styleUrl>
		<Point>
			<coordinates>104.7830951009189,17.26373830286116,152.3330706535459</coordinates>
		</Point>
	</Placemark>
	<Placemark id="0302E4607E29F391A7FD">
		<name>MD284 - DB - 212 - 0303 - 331+360</name>
		<LookAt>
			<longitude>104.7832333988062</longitude>
			<latitude>17.26352182299706</latitude>
			<altitude>152.6983300320243</altitude>
			<heading>61.07926416690534</heading>
			<tilt>0.2005155246075943</tilt>
			<gx:fovy>35</gx:fovy>
			<range>80.9772071095813</range>
			<altitudeMode>absolute</altitudeMode>
		</LookAt>
		<styleUrl>#__managed_style_03F37AB66D29F82A74A0</styleUrl>
		<Point>
			<coordinates>104.7832776472122,17.26341843212271,153.0861374973167</coordinates>
		</Point>
	</Placemark>
	<Placemark id="0B6DFC4DDF29F391C1BB">
		<name>MD285 - DB - 212 - 0303 - 330+500</name>
		<LookAt>
			<longitude>104.7833989516677</longitude>
			<latitude>17.26316983752796</latitude>
			<altitude>153.2134527592157</altitude>
			<heading>61.07926417350711</heading>
			<tilt>0.2005155502018114</tilt>
			<gx:fovy>35</gx:fovy>
			<range>81.80803133623158</range>
			<altitudeMode>absolute</altitudeMode>
		</LookAt>
		<styleUrl>#__managed_style_03F37AB66D29F82A74A0</styleUrl>
		<Point>
			<coordinates>104.7834511720355,17.26313957817585,153.5853910444795</coordinates>
		</Point>
	</Placemark>
	<Placemark id="050CA8255D29F391D940">
		<name>MD286 - DB - 212 - 0303 - 331+395</name>
		<LookAt>
			<longitude>104.7835875737864</longitude>
			<latitude>17.26288898346144</latitude>
			<altitude>153.7273162880626</altitude>
			<heading>61.07926412995676</heading>
			<tilt>0.2005153951205454</tilt>
			<gx:fovy>35</gx:fovy>
			<range>76.90126401897034</range>
			<altitudeMode>absolute</altitudeMode>
		</LookAt>
		<styleUrl>#__managed_style_03F37AB66D29F82A74A0</styleUrl>
		<Point>
			<coordinates>104.7836210248351,17.26288475728559,153.977382221001</coordinates>
		</Point>
	</Placemark>
	<Placemark id="068C8E782529F3925065">
		<name>MD287 - DB - 212 - 0303 - 331+430</name>
		<LookAt>
			<longitude>104.7837646452442</longitude>
			<latitude>17.26254129635337</latitude>
			<altitude>152.4793359412486</altitude>
			<heading>61.07923319670513</heading>
			<tilt>2.026489961864336</tilt>
			<gx:fovy>35</gx:fovy>
			<range>68.82163979815233</range>
			<altitudeMode>absolute</altitudeMode>
		</LookAt>
		<styleUrl>#__managed_style_03F37AB66D29F82A74A0</styleUrl>
		<Point>
			<coordinates>104.7837918613089,17.26259876736828,152.6898249145206</coordinates>
		</Point>
	</Placemark>
	<Placemark id="054DB35CF029F3926953">
		<name>MD288 - DB - 212 - 0303 - 331+465</name>
		<LookAt>
			<longitude>104.783883523911</longitude>
			<latitude>17.26235158517511</latitude>
			<altitude>151.3391473391787</altitude>
			<heading>61.07923584394167</heading>
			<tilt>2.026499690582262</tilt>
			<gx:fovy>35</gx:fovy>
			<range>99.41509749387481</range>
			<altitudeMode>absolute</altitudeMode>
		</LookAt>
		<styleUrl>#__managed_style_03F37AB66D29F82A74A0</styleUrl>
		<Point>
			<coordinates>104.7839710272726,17.26228443061191,150.9658808243192</coordinates>
		</Point>
	</Placemark>
	<Placemark id="06AC9050F829F39280F3">
		<name>MD289 - DB - 212 - 0303 - 331+500</name>
		<LookAt>
			<longitude>104.7840974541424</longitude>
			<latitude>17.26202683754833</latitude>
			<altitude>152.1608540847541</altitude>
			<heading>61.07923658740447</heading>
			<tilt>2.02650241693187</tilt>
			<gx:fovy>35</gx:fovy>
			<range>107.9887696282458</range>
			<altitudeMode>absolute</altitudeMode>
		</LookAt>
		<styleUrl>#__managed_style_03F37AB66D29F82A74A0</styleUrl>
		<Point>
			<coordinates>104.7841444700803,17.26201413309395,152.4155481476805</coordinates>
		</Point>
	</Placemark>
	<Placemark id="0BCD7FFB2E29F3929A51">
		<name>MD290 - DB - 212 - 0303 - 331+535</name>
		<LookAt>
			<longitude>104.7842257145655</longitude>
			<latitude>17.26181702390815</latitude>
			<altitude>153.2823221183184</altitude>
			<heading>61.0792364401842</heading>
			<tilt>2.026501872454499</tilt>
			<gx:fovy>35</gx:fovy>
			<range>106.2768026067351</range>
			<altitudeMode>absolute</altitudeMode>
		</LookAt>
		<styleUrl>#__managed_style_03F37AB66D29F82A74A0</styleUrl>
		<Point>
			<coordinates>104.7842996602682,17.26176359828511,153.376717561755</coordinates>
		</Point>
	</Placemark>
	<Placemark id="0FDF8F78FA29F392B719">
		<name>MD291 - DB - 212 - 0303 - 331+570</name>
		<LookAt>
			<longitude>104.7843426540274</longitude>
			<latitude>17.26160719586654</latitude>
			<altitude>153.2996362066054</altitude>
			<heading>61.07923643029442</heading>
			<tilt>2.026501833987708</tilt>
			<gx:fovy>35</gx:fovy>
			<range>106.1560820804698</range>
			<altitudeMode>absolute</altitudeMode>
		</LookAt>
		<styleUrl>#__managed_style_03F37AB66D29F82A74A0</styleUrl>
		<Point>
			<coordinates>104.7844599279075,17.26148705993783,153.2367938883334</coordinates>
		</Point>
	</Placemark>
	<Placemark id="0BF188A18429F39346A1">
		<name>MD292 - DB - 212 - 0303 - 331+605</name>
		<LookAt>
			<longitude>104.7845729602505</longitude>
			<latitude>17.26122245665054</latitude>
			<altitude>153.0369349649102</altitude>
			<heading>64.96602589944973</heading>
			<tilt>0</tilt>
			<gx:fovy>35</gx:fovy>
			<range>97.41236748839583</range>
			<altitudeMode>absolute</altitudeMode>
		</LookAt>
		<styleUrl>#__managed_style_03F37AB66D29F82A74A0</styleUrl>
		<Point>
			<coordinates>104.7846159016379,17.26123049915221,153.2081273891527</coordinates>
		</Point>
	</Placemark>
	<Placemark id="03F4D8143729F39428B7">
		<name>MD293 - DB - 212 - 0303 - 331+640</name>
		<LookAt>
			<longitude>104.7846993040395</longitude>
			<latitude>17.26095786923992</latitude>
			<altitude>153.547480812235</altitude>
			<heading>56.22715242354944</heading>
			<tilt>0</tilt>
			<gx:fovy>35</gx:fovy>
			<range>76.628168160114</range>
			<altitudeMode>absolute</altitudeMode>
		</LookAt>
		<styleUrl>#__managed_style_03F37AB66D29F82A74A0</styleUrl>
		<Point>
			<coordinates>104.7847662300555,17.26094468011168,153.8574659659664</coordinates>
		</Point>
	</Placemark>
	<Placemark id="066B27394F29F394712A">
		<name>MD294 - DB - 212 - 0303 - 331+675</name>
		<LookAt>
			<longitude>104.7849143551476</longitude>
			<latitude>17.26066762606823</latitude>
			<altitude>153.958181194335</altitude>
			<heading>56.22714121901264</heading>
			<tilt>2.333444880894117</tilt>
			<gx:fovy>35</gx:fovy>
			<range>62.46121980424505</range>
			<altitudeMode>absolute</altitudeMode>
		</LookAt>
		<styleUrl>#__managed_style_03F37AB66D29F82A74A0</styleUrl>
		<Point>
			<coordinates>104.7849238957836,17.26067829076252,154.1304107860464</coordinates>
		</Point>
	</Placemark>
	<Placemark id="0184950ED029F39486A7">
		<name>MD295 - DB - 212 - 0303 - 331+710</name>
		<LookAt>
			<longitude>104.7850810815931</longitude>
			<latitude>17.26045382080541</latitude>
			<altitude>154.4276630325398</altitude>
			<heading>56.22715019536426</heading>
			<tilt>2.333479632542161</tilt>
			<gx:fovy>35</gx:fovy>
			<range>157.3733848833035</range>
			<altitudeMode>absolute</altitudeMode>
		</LookAt>
		<styleUrl>#__managed_style_03F37AB66D29F82A74A0</styleUrl>
		<Point>
			<coordinates>104.7850881885824,17.26040663385797,154.6814058777403</coordinates>
		</Point>
	</Placemark>
	<Placemark id="057AB8F7C529F394C170">
		<name>MD296 - DB - 212 - 0303 - 331+745</name>
		<LookAt>
			<longitude>104.7851967767837</longitude>
			<latitude>17.26015136902931</latitude>
			<altitude>154.8446110268019</altitude>
			<heading>56.22714497328884</heading>
			<tilt>0</tilt>
			<gx:fovy>35</gx:fovy>
			<range>77.7237153378519</range>
			<altitudeMode>absolute</altitudeMode>
		</LookAt>
		<styleUrl>#__managed_style_03F37AB66D29F82A74A0</styleUrl>
		<Point>
			<coordinates>104.7852484215012,17.26014448058362,154.8456542857486</coordinates>
		</Point>
	</Placemark>
	<Placemark id="0FDD975C8829F394D33E">
		<name>MD297 - DB - 212 - 0303 - 331+780</name>
		<LookAt>
			<longitude>104.7854244660991</longitude>
			<latitude>17.25984706369655</latitude>
			<altitude>152.9249539964001</altitude>
			<heading>56.2271449748282</heading>
			<tilt>0</tilt>
			<gx:fovy>35</gx:fovy>
			<range>83.21229834304177</range>
			<altitudeMode>absolute</altitudeMode>
		</LookAt>
		<styleUrl>#__managed_style_03F37AB66D29F82A74A0</styleUrl>
		<Point>
			<coordinates>104.7854242046624,17.25987426975543,153.1193012108447</coordinates>
		</Point>
	</Placemark>
	<Placemark id="0EFE887D9129F394E6F4">
		<name>MD298 - DB - 212 - 0303 - 331+815</name>
		<LookAt>
			<longitude>104.7855972771616</longitude>
			<latitude>17.25963194580377</latitude>
			<altitude>151.9325287623597</altitude>
			<heading>56.22714497617876</heading>
			<tilt>0</tilt>
			<gx:fovy>35</gx:fovy>
			<range>82.84425544840815</range>
			<altitudeMode>absolute</altitudeMode>
		</LookAt>
		<styleUrl>#__managed_style_03F37AB66D29F82A74A0</styleUrl>
		<Point>
			<coordinates>104.7855688836853,17.25961683840151,152.184097029513</coordinates>
		</Point>
	</Placemark>
	<Placemark id="075C53E00D29F394FC70">
		<name>MD299 - DB - 212 - 0303 - 331+850</name>
		<LookAt>
			<longitude>104.7858324655287</longitude>
			<latitude>17.25932468406204</latitude>
			<altitude>151.706479538506</altitude>
			<heading>56.22714497800855</heading>
			<tilt>0</tilt>
			<gx:fovy>35</gx:fovy>
			<range>99.89647305497786</range>
			<altitudeMode>absolute</altitudeMode>
		</LookAt>
		<styleUrl>#__managed_style_03F37AB66D29F82A74A0</styleUrl>
		<Point>
			<coordinates>104.7857449566855,17.25933449225079,151.9462133990482</coordinates>
		</Point>
	</Placemark>
	<Placemark id="0A6AD4138729F3958F10">
		<name>MD300 - DB - 212 - 0303 - 331+885</name>
		<LookAt>
			<longitude>104.7859334266864</longitude>
			<latitude>17.25900842557116</latitude>
			<altitude>151.6061754881245</altitude>
			<heading>63.1473435294586</heading>
			<tilt>0.09337798993180652</tilt>
			<gx:fovy>35</gx:fovy>
			<range>102.5247317007779</range>
			<altitudeMode>absolute</altitudeMode>
		</LookAt>
		<styleUrl>#__managed_style_03F37AB66D29F82A74A0</styleUrl>
		<Point>
			<coordinates>104.7859077571846,17.25906580027931,151.8682549702877</coordinates>
		</Point>
	</Placemark>
	<Placemark id="02BE5DDC8B29F395ADA9">
		<name>MD301 - DB - 212 - 0303 - 331+920</name>
		<LookAt>
			<longitude>104.7860066717748</longitude>
			<latitude>17.25886972285908</latitude>
			<altitude>151.3426122445742</altitude>
			<heading>63.14734363770761</heading>
			<tilt>0.09337842645888847</tilt>
			<gx:fovy>35</gx:fovy>
			<range>132.4030098018557</range>
			<altitudeMode>absolute</altitudeMode>
		</LookAt>
		<styleUrl>#__managed_style_03F37AB66D29F82A74A0</styleUrl>
		<Point>
			<coordinates>104.7860825621946,17.25879708095378,151.2893862534558</coordinates>
		</Point>
	</Placemark>
	<Placemark id="0A19863FD429F395C9F5">
		<name>MD302 - DB - 212 - 0303 - 331+955</name>
		<LookAt>
			<longitude>104.7861844769078</longitude>
			<latitude>17.25851567445492</latitude>
			<altitude>150.1217134655243</altitude>
			<heading>63.14734380395186</heading>
			<tilt>0.09337903291983922</tilt>
			<gx:fovy>35</gx:fovy>
			<range>173.8826034864724</range>
			<altitudeMode>absolute</altitudeMode>
		</LookAt>
		<styleUrl>#__managed_style_03F37AB66D29F82A74A0</styleUrl>
		<Point>
			<coordinates>104.7862428634951,17.258526123556,150.191306838774</coordinates>
		</Point>
	</Placemark>
	<Placemark id="0B02F7A31829F395E06B">
		<name>MD303 - DB - 212 - 0303 - 331+990</name>
		<LookAt>
			<longitude>104.7863945466471</longitude>
			<latitude>17.25822673688453</latitude>
			<altitude>149.4199725001714</altitude>
			<heading>63.14734383352837</heading>
			<tilt>0.09337908200092872</tilt>
			<gx:fovy>35</gx:fovy>
			<range>177.3252766185761</range>
			<altitudeMode>absolute</altitudeMode>
		</LookAt>
		<styleUrl>#__managed_style_03F37AB66D29F82A74A0</styleUrl>
		<Point>
			<coordinates>104.7864140934378,17.25825795862729,149.385272951876</coordinates>
		</Point>
	</Placemark>
	<Placemark id="049C00CE8B29F395F96E">
		<name>MD304 - DB - 212 - 0303 - 332+025</name>
		<LookAt>
			<longitude>104.7865763118922</longitude>
			<latitude>17.25790259644224</latitude>
			<altitude>149.3978358825675</altitude>
			<heading>63.14734375436363</heading>
			<tilt>0.09337876703063849</tilt>
			<gx:fovy>35</gx:fovy>
			<range>155.911712757279</range>
			<altitudeMode>absolute</altitudeMode>
		</LookAt>
		<styleUrl>#__managed_style_03F37AB66D29F82A74A0</styleUrl>
		<Point>
			<coordinates>104.7865881833217,17.25797702455261,149.2506181531216</coordinates>
		</Point>
	</Placemark>
	<Placemark id="0D5C8826DD29F3964F9D">
		<name>MD305 - DB - 212 - 0303 - 332+060</name>
		<LookAt>
			<longitude>104.7867291064462</longitude>
			<latitude>17.25763323791766</latitude>
			<altitude>148.881711226404</altitude>
			<heading>63.14738908739783</heading>
			<tilt>0.09337877441136416</tilt>
			<gx:fovy>35</gx:fovy>
			<range>156.4278315398224</range>
			<altitudeMode>absolute</altitudeMode>
		</LookAt>
		<styleUrl>#__managed_style_03F37AB66D29F82A74A0</styleUrl>
		<Point>
			<coordinates>104.7867509783301,17.25771750293643,148.7267764212656</coordinates>
		</Point>
	</Placemark>
	<Placemark id="00F66E380A29F396657A">
		<name>MD306 - DB - 212 - 0303 - 332+095</name>
		<LookAt>
			<longitude>104.7869686094558</longitude>
			<latitude>17.25730476342568</latitude>
			<altitude>150.3125426805001</altitude>
			<heading>63.14738890411823</heading>
			<tilt>0.09337806158513426</tilt>
			<gx:fovy>35</gx:fovy>
			<range>107.8822106151893</range>
			<altitudeMode>absolute</altitudeMode>
		</LookAt>
		<styleUrl>#__managed_style_03F37AB66D29F82A74A0</styleUrl>
		<Point>
			<coordinates>104.7869156418048,17.25743614660275,149.6675767044975</coordinates>
		</Point>
	</Placemark>
	<Placemark id="03DD4266CF29F39721CB">
		<name>MD307 - DB - 212 - 0303 - 332+130</name>
		<LookAt>
			<longitude>104.7869926745953</longitude>
			<latitude>17.25729984991746</latitude>
			<altitude>150.2898354319278</altitude>
			<heading>241.1314790572511</heading>
			<tilt>0</tilt>
			<gx:fovy>35</gx:fovy>
			<range>103.0908329763406</range>
			<altitudeMode>absolute</altitudeMode>
		</LookAt>
		<styleUrl>#__managed_style_03F37AB66D29F82A74A0</styleUrl>
		<Point>
			<coordinates>104.7870902316245,17.25715498199485,149.9862170575565</coordinates>
		</Point>
	</Placemark>
	<Placemark id="040D6DB06E29F39767AC">
		<name>MD308 - DB - 212 - 0303 - 332+165</name>
		<LookAt>
			<longitude>104.787261142223</longitude>
			<latitude>17.25688506039809</latitude>
			<altitude>148.0857295224383</altitude>
			<heading>238.1444787078566</heading>
			<tilt>0</tilt>
			<gx:fovy>35</gx:fovy>
			<range>121.5712484610595</range>
			<altitudeMode>absolute</altitudeMode>
		</LookAt>
		<styleUrl>#__managed_style_03F37AB66D29F82A74A0</styleUrl>
		<Point>
			<coordinates>104.7872424370771,17.25688091810544,148.2944008807524</coordinates>
		</Point>
	</Placemark>
	<Placemark id="080316045E29F39782BF">
		<name>MD309 - DB - 212 - 0303 - 332+200</name>
		<LookAt>
			<longitude>104.7874006504404</longitude>
			<latitude>17.25662416972035</latitude>
			<altitude>148.1720919865096</altitude>
			<heading>238.1444775061413</heading>
			<tilt>0</tilt>
			<gx:fovy>35</gx:fovy>
			<range>118.4573148094751</range>
			<altitudeMode>absolute</altitudeMode>
		</LookAt>
		<styleUrl>#__managed_style_03F37AB66D29F82A74A0</styleUrl>
		<Point>
			<coordinates>104.7874073138988,17.25660779394155,148.422779647979</coordinates>
		</Point>
	</Placemark>
	<Placemark id="0AEFA02AA129F3979973">
		<name>MD310 - DB - 212 - 0303 - 332+235</name>
		<LookAt>
			<longitude>104.7874277425258</longitude>
			<latitude>17.25648431774335</latitude>
			<altitude>148.5198311626392</altitude>
			<heading>238.1444766984835</heading>
			<tilt>0</tilt>
			<gx:fovy>35</gx:fovy>
			<range>193.2466997131814</range>
			<altitudeMode>absolute</altitudeMode>
		</LookAt>
		<styleUrl>#__managed_style_03F37AB66D29F82A74A0</styleUrl>
		<Point>
			<coordinates>104.7875701549516,17.25634418106585,149.3427078443714</coordinates>
		</Point>
	</Placemark>
	<Placemark id="08B0A9297429F397B60B">
		<name>MD311 - DB - 212 - 0303 - 332+270</name>
		<LookAt>
			<longitude>104.7877771092663</longitude>
			<latitude>17.25605772856436</latitude>
			<altitude>150.6597261374701</altitude>
			<heading>238.144475506838</heading>
			<tilt>0</tilt>
			<gx:fovy>35</gx:fovy>
			<range>173.1973925277998</range>
			<altitudeMode>absolute</altitudeMode>
		</LookAt>
		<styleUrl>#__managed_style_03F37AB66D29F82A74A0</styleUrl>
		<Point>
			<coordinates>104.7877416072709,17.25606144284881,150.8764915780934</coordinates>
		</Point>
	</Placemark>
	<Placemark id="082C8BF7BD29F397CAEE">
		<name>MD312 - DB - 212 - 0303 - 332+305</name>
		<LookAt>
			<longitude>104.7878586170877</longitude>
			<latitude>17.25584965358012</latitude>
			<altitude>152.3648498454514</altitude>
			<heading>238.1444741154519</heading>
			<tilt>0</tilt>
			<gx:fovy>35</gx:fovy>
			<range>176.8285922530958</range>
			<altitudeMode>absolute</altitudeMode>
		</LookAt>
		<styleUrl>#__managed_style_03F37AB66D29F82A74A0</styleUrl>
		<Point>
			<coordinates>104.7879093844149,17.25579503699567,152.6169796444225</coordinates>
		</Point>
	</Placemark>
	<Placemark id="0D5239265129F39857B3">
		<name>MD313 - DB - 212 - 0303 - 332+340</name>
		<LookAt>
			<longitude>104.7880899926495</longitude>
			<latitude>17.25549740356348</latitude>
			<altitude>151.87657013245</altitude>
			<heading>64.92161639183574</heading>
			<tilt>0</tilt>
			<gx:fovy>35.00002698197999</gx:fovy>
			<range>102.975408531529</range>
			<altitudeMode>absolute</altitudeMode>
		</LookAt>
		<styleUrl>#__managed_style_03F37AB66D29F82A74A0</styleUrl>
		<Point>
			<coordinates>104.7881248207992,17.25543149397982,152.1341621466784</coordinates>
		</Point>
	</Placemark>
	<Placemark id="0A23F65D9F29F39893C9">
		<name>MD314 - DB - 212 - 0303 - 332+375</name>
		<LookAt>
			<longitude>104.7882369370876</longitude>
			<latitude>17.2552387486027</latitude>
			<altitude>151.8502745603119</altitude>
			<heading>64.92167090305999</heading>
			<tilt>0.188604510590744</tilt>
			<gx:fovy>35</gx:fovy>
			<range>98.60090319476512</range>
			<altitudeMode>absolute</altitudeMode>
		</LookAt>
		<styleUrl>#__managed_style_03F37AB66D29F82A74A0</styleUrl>
		<Point>
			<coordinates>104.7882658734975,17.25521638450424,152.0029638520681</coordinates>
		</Point>
	</Placemark>
	<Placemark id="0E28ED26E229F3991023">
		<name>MD315 - DB - 212 - 0303 - 332+410</name>
		<LookAt>
			<longitude>104.788422029665</longitude>
			<latitude>17.2548629955445</latitude>
			<altitude>150.631110640984</altitude>
			<heading>64.17272043421953</heading>
			<tilt>0.3086087441401531</tilt>
			<gx:fovy>35</gx:fovy>
			<range>114.2056739269174</range>
			<altitudeMode>absolute</altitudeMode>
		</LookAt>
		<styleUrl>#__managed_style_03F37AB66D29F82A74A0</styleUrl>
		<Point>
			<coordinates>104.7884167083443,17.25497420027574,151.2997503119827</coordinates>
		</Point>
	</Placemark>
	<Placemark id="09F798494429F399EB53">
		<name>MD316 - DB - 212 - 0303 - 332+470</name>
		<LookAt>
			<longitude>104.7887716696526</longitude>
			<latitude>17.25440576426838</latitude>
			<altitude>150.2722560673585</altitude>
			<heading>62.7243120425104</heading>
			<tilt>0</tilt>
			<gx:fovy>35</gx:fovy>
			<range>88.16494571823569</range>
			<altitudeMode>absolute</altitudeMode>
		</LookAt>
		<styleUrl>#__managed_style_03F37AB66D29F82A74A0</styleUrl>
		<Point>
			<coordinates>104.7887109211083,17.25450131907002,150.3985221729858</coordinates>
		</Point>
	</Placemark>
	<Placemark id="0055A4312929F39A1840">
		<name>MD317 - DB - 212 - 0303 - 332+505</name>
		<LookAt>
			<longitude>104.7888268585485</longitude>
			<latitude>17.25425404555994</latitude>
			<altitude>150.036018023734</altitude>
			<heading>62.7243112741843</heading>
			<tilt>0.1023265674505786</tilt>
			<gx:fovy>35</gx:fovy>
			<range>110.8715299038158</range>
			<altitudeMode>absolute</altitudeMode>
		</LookAt>
		<styleUrl>#__managed_style_03F37AB66D29F82A74A0</styleUrl>
		<Point>
			<coordinates>104.7888816416068,17.25421954983872,150.107950189561</coordinates>
		</Point>
	</Placemark>
	<Placemark id="0E215F6BF529F39A2CDE">
		<name>MD318 - DB - 212 - 0303 - 332+540</name>
		<LookAt>
			<longitude>104.7889929132192</longitude>
			<latitude>17.253963145</latitude>
			<altitude>149.579136768622</altitude>
			<heading>62.72431127747205</heading>
			<tilt>0.1023265526727445</tilt>
			<gx:fovy>35</gx:fovy>
			<range>110.0285374375017</range>
			<altitudeMode>absolute</altitudeMode>
		</LookAt>
		<styleUrl>#__managed_style_03F37AB66D29F82A74A0</styleUrl>
		<Point>
			<coordinates>104.7890391972694,17.25394827380595,149.6370859497839</coordinates>
		</Point>
	</Placemark>
	<Placemark id="079F84703A29F39A406D">
		<name>MD319 - DB - 212 - 0303 - 332+570</name>
		<LookAt>
			<longitude>104.7892050080985</longitude>
			<latitude>17.25363951438451</latitude>
			<altitude>147.9900560123665</altitude>
			<heading>62.72431129243471</heading>
			<tilt>0.1023266073603367</tilt>
			<gx:fovy>35</gx:fovy>
			<range>113.5113425828968</range>
			<altitudeMode>absolute</altitudeMode>
		</LookAt>
		<styleUrl>#__managed_style_03F37AB66D29F82A74A0</styleUrl>
		<Point>
			<coordinates>104.7892176934355,17.2536830277312,148.1408528082194</coordinates>
		</Point>
	</Placemark>
	<Placemark id="04BBE11E5A29F39A5324">
		<name>MD320 - DB - 212 - 0303 - 332+610</name>
		<LookAt>
			<longitude>104.7894123173244</longitude>
			<latitude>17.25336690122367</latitude>
			<altitude>146.5811799099017</altitude>
			<heading>62.72431130329436</heading>
			<tilt>0.1023265990827585</tilt>
			<gx:fovy>35</gx:fovy>
			<range>113.0735756749891</range>
			<altitudeMode>absolute</altitudeMode>
		</LookAt>
		<styleUrl>#__managed_style_03F37AB66D29F82A74A0</styleUrl>
		<Point>
			<coordinates>104.7893934134839,17.25340782177706,147.0662198695201</coordinates>
		</Point>
	</Placemark>
	<Placemark id="058D794AE729F39A6A6B">
		<name>MD321 - DB - 212 - 0303 - 332+645</name>
		<LookAt>
			<longitude>104.7895757352992</longitude>
			<latitude>17.25311315000796</latitude>
			<altitude>146.0145089582583</altitude>
			<heading>62.72431132403393</heading>
			<tilt>0.1023265836246288</tilt>
			<gx:fovy>35</gx:fovy>
			<range>112.1838571683656</range>
			<altitudeMode>absolute</altitudeMode>
		</LookAt>
		<styleUrl>#__managed_style_03F37AB66D29F82A74A0</styleUrl>
		<Point>
			<coordinates>104.7895630496386,17.25313339548687,146.307111673597</coordinates>
		</Point>
	</Placemark>
	<Placemark id="003CDDF51D29F39A7C44">
		<name>MD322 - DB - 212 - 0303 - 332+680</name>
		<LookAt>
			<longitude>104.7897519532007</longitude>
			<latitude>17.25282615359423</latitude>
			<altitude>145.7388719806304</altitude>
			<heading>62.72431132167335</heading>
			<tilt>0.1023265569931864</tilt>
			<gx:fovy>35</gx:fovy>
			<range>110.606922840725</range>
			<altitudeMode>absolute</altitudeMode>
		</LookAt>
		<styleUrl>#__managed_style_03F37AB66D29F82A74A0</styleUrl>
		<Point>
			<coordinates>104.7897123686401,17.25288993262566,145.8114726380446</coordinates>
		</Point>
	</Placemark>
	<Placemark id="018CF4A3B129F39B38CE">
		<name>MD323 - DB - 212 - 0303 - 332+715</name>
		<LookAt>
			<longitude>104.7898893361057</longitude>
			<latitude>17.25256948143621</latitude>
			<altitude>146.121386510524</altitude>
			<heading>62.72433405445855</heading>
			<tilt>0.7751780968321335</tilt>
			<gx:fovy>35</gx:fovy>
			<range>157.5641017596354</range>
			<altitudeMode>absolute</altitudeMode>
		</LookAt>
		<styleUrl>#__managed_style_03F37AB66D29F82A74A0</styleUrl>
		<Point>
			<coordinates>104.7898876729733,17.25259453634946,146.217533571563</coordinates>
		</Point>
	</Placemark>
	<Placemark id="00C0DB206929F39B9D26">
		<name>MD324 - DB - 212 - 0303 - 332+750</name>
		<LookAt>
			<longitude>104.7900092640925</longitude>
			<latitude>17.25226403864067</latitude>
			<altitude>146.8568634704868</altitude>
			<heading>62.72433013743601</heading>
			<tilt>0</tilt>
			<gx:fovy>35</gx:fovy>
			<range>124.2491535246882</range>
			<altitudeMode>absolute</altitudeMode>
		</LookAt>
		<styleUrl>#__managed_style_03F37AB66D29F82A74A0</styleUrl>
		<Point>
			<coordinates>104.7900659663748,17.25229918209876,147.0757463903301</coordinates>
		</Point>
	</Placemark>
	<Placemark id="00521671CD29F39C4EFF">
		<name>MD325 - DB - 212 - 0303 - 332+785</name>
		<LookAt>
			<longitude>104.7901406206013</longitude>
			<latitude>17.25206596653321</latitude>
			<altitude>146.7087292255013</altitude>
			<heading>61.79207547007004</heading>
			<tilt>0</tilt>
			<gx:fovy>35</gx:fovy>
			<range>126.2646775650137</range>
			<altitudeMode>absolute</altitudeMode>
		</LookAt>
		<styleUrl>#__managed_style_03F37AB66D29F82A74A0</styleUrl>
		<Point>
			<coordinates>104.7902316097255,17.25202812800559,146.9168707446075</coordinates>
		</Point>
	</Placemark>
	<Placemark id="022C651E0A29F39C914C">
		<name>MD326 - DB - 212 - 0303 - 332+820</name>
		<LookAt>
			<longitude>104.7903712886783</longitude>
			<latitude>17.25175753902692</latitude>
			<altitude>146.7299525262942</altitude>
			<heading>61.79207547381262</heading>
			<tilt>0</tilt>
			<gx:fovy>35</gx:fovy>
			<range>118.9824960333681</range>
			<altitudeMode>absolute</altitudeMode>
		</LookAt>
		<styleUrl>#__managed_style_03F37AB66D29F82A74A0</styleUrl>
		<Point>
			<coordinates>104.7904022899258,17.25174842913627,146.913317994827</coordinates>
		</Point>
	</Placemark>
	<Placemark id="0843F5C54C29F39D2741">
		<name>MD327 - DB - 212 - 0303 - 332+855</name>
		<LookAt>
			<longitude>104.7905726217738</longitude>
			<latitude>17.2514317554156</latitude>
			<altitude>144.7016355319134</altitude>
			<heading>61.79207239668852</heading>
			<tilt>0.4863258096306089</tilt>
			<gx:fovy>35</gx:fovy>
			<range>94.45217664776465</range>
			<altitudeMode>absolute</altitudeMode>
		</LookAt>
		<styleUrl>#__managed_style_03F37AB66D29F82A74A0</styleUrl>
		<Point>
			<coordinates>104.7905816108908,17.25150450882333,144.4499625703105</coordinates>
		</Point>
	</Placemark>
	<Placemark id="097F2ECD4C29F39DB839">
		<name>MD328 - DB - 212 - 0303 - 332+890</name>
		<LookAt>
			<longitude>104.7907997311227</longitude>
			<latitude>17.25114828665868</latitude>
			<altitude>142.4405765470322</altitude>
			<heading>61.79684656123029</heading>
			<tilt>0.2636818987237764</tilt>
			<gx:fovy>35</gx:fovy>
			<range>93.21742480827199</range>
			<altitudeMode>absolute</altitudeMode>
		</LookAt>
		<styleUrl>#__managed_style_03F37AB66D29F82A74A0</styleUrl>
		<Point>
			<coordinates>104.7907818737781,17.25120461054765,142.7608085181543</coordinates>
		</Point>
	</Placemark>
	<Placemark id="00DB8FFEBB29F39E05AD">
		<name>MD329 - DB - 212 - 0303 - 332+925</name>
		<LookAt>
			<longitude>104.7908372236744</longitude>
			<latitude>17.25097614260792</latitude>
			<altitude>143.47095350713</altitude>
			<heading>61.7968437900514</heading>
			<tilt>0.8640681823563006</tilt>
			<gx:fovy>35</gx:fovy>
			<range>143.4666514354467</range>
			<altitudeMode>absolute</altitudeMode>
		</LookAt>
		<styleUrl>#__managed_style_03F37AB66D29F82A74A0</styleUrl>
		<Point>
			<coordinates>104.7909496933957,17.25094148942937,143.4028514409151</coordinates>
		</Point>
	</Placemark>
	<Placemark id="06DBAC5EE829F39E2300">
		<name>MD330 - DB - 212 - 0303 - 332+960</name>
		<LookAt>
			<longitude>104.7911275151632</longitude>
			<latitude>17.25050554395447</latitude>
			<altitude>146.0462150371005</altitude>
			<heading>61.7968450625572</heading>
			<tilt>0.8640728252158763</tilt>
			<gx:fovy>35</gx:fovy>
			<range>177.7038015825201</range>
			<altitudeMode>absolute</altitudeMode>
		</LookAt>
		<styleUrl>#__managed_style_03F37AB66D29F82A74A0</styleUrl>
		<Point>
			<coordinates>104.7911138780272,17.25067332764498,144.8135180734624</coordinates>
		</Point>
	</Placemark>
	<Placemark id="0C432FF20F29F39E874A">
		<name>MD331 - DB - 212 - 0303 - 332+995</name>
		<LookAt>
			<longitude>104.7913448371225</longitude>
			<latitude>17.25028766045557</latitude>
			<altitude>145.3764155197903</altitude>
			<heading>57.07683367760242</heading>
			<tilt>0.06974883660886867</tilt>
			<gx:fovy>35</gx:fovy>
			<range>107.2347443770741</range>
			<altitudeMode>absolute</altitudeMode>
		</LookAt>
		<styleUrl>#__managed_style_03F37AB66D29F82A74A0</styleUrl>
		<Point>
			<coordinates>104.7913150208121,17.25035380742912,145.608986556285</coordinates>
		</Point>
	</Placemark>
	<Placemark id="0D2966B36129F39ED44E">
		<name>MD332 - DB - 212 - 0303 - 333+030</name>
		<LookAt>
			<longitude>104.7915010482627</longitude>
			<latitude>17.24998164360657</latitude>
			<altitude>143.882742169755</altitude>
			<heading>60.08671138242511</heading>
			<tilt>0</tilt>
			<gx:fovy>35</gx:fovy>
			<range>199.927353008643</range>
			<altitudeMode>absolute</altitudeMode>
		</LookAt>
		<styleUrl>#__managed_style_03F37AB66D29F82A74A0</styleUrl>
		<Point>
			<coordinates>104.7915383249545,17.25000633442432,143.900505767388</coordinates>
		</Point>
	</Placemark>
	<Placemark id="00495F41F129F39F0AAB">
		<name>MD333 - DB - 212 - 0303 - 333+065</name>
		<LookAt>
			<longitude>104.7916271997799</longitude>
			<latitude>17.24974717393574</latitude>
			<altitude>144.1551477014127</altitude>
			<heading>60.08670975199905</heading>
			<tilt>0.5680112809963728</tilt>
			<gx:fovy>35</gx:fovy>
			<range>164.6369895690623</range>
			<altitudeMode>absolute</altitudeMode>
		</LookAt>
		<styleUrl>#__managed_style_03F37AB66D29F82A74A0</styleUrl>
		<Point>
			<coordinates>104.7917210183989,17.24969262687477,144.5544885930583</coordinates>
		</Point>
	</Placemark>
	<Placemark id="02B843113429F39F2323">
		<name>MD334 - DB - 212 - 0303 - 333+100</name>
		<LookAt>
			<longitude>104.7919078671424</longitude>
			<latitude>17.24934772640852</latitude>
			<altitude>146.3957028431396</altitude>
			<heading>60.08670957753258</heading>
			<tilt>0.5680106147831019</tilt>
			<gx:fovy>35</gx:fovy>
			<range>157.1670231274038</range>
			<altitudeMode>absolute</altitudeMode>
		</LookAt>
		<styleUrl>#__managed_style_03F37AB66D29F82A74A0</styleUrl>
		<Point>
			<coordinates>104.7919019882328,17.24938531355052,146.4240104999729</coordinates>
		</Point>
	</Placemark>
	<Placemark id="0EDAA7BECC29F39F359C">
		<name>MD335 - DB - 212 - 0303 - 333+135</name>
		<LookAt>
			<longitude>104.7920503614544</longitude>
			<latitude>17.24909770709209</latitude>
			<altitude>146.5504264892427</altitude>
			<heading>60.08670925390056</heading>
			<tilt>0.5680094037331506</tilt>
			<gx:fovy>35</gx:fovy>
			<range>143.5850657905758</range>
			<altitudeMode>absolute</altitudeMode>
		</LookAt>
		<styleUrl>#__managed_style_03F37AB66D29F82A74A0</styleUrl>
		<Point>
			<coordinates>104.7920672611418,17.24911605828678,146.6813440651053</coordinates>
		</Point>
	</Placemark>
	<Placemark id="0301B455E229F39F61A3">
		<name>MD336 - DB - 212 - 0303 - 333+170</name>
		<LookAt>
			<longitude>104.7921522761599</longitude>
			<latitude>17.24889155182395</latitude>
			<altitude>145.9221756834479</altitude>
			<heading>60.08670813854683</heading>
			<tilt>0.2356698500247625</tilt>
			<gx:fovy>35</gx:fovy>
			<range>148.6946718686341</range>
			<altitudeMode>absolute</altitudeMode>
		</LookAt>
		<styleUrl>#__managed_style_03F37AB66D29F82A74A0</styleUrl>
		<Point>
			<coordinates>104.7922325544443,17.24886592138358,146.3681284301792</coordinates>
		</Point>
	</Placemark>
	<Placemark id="00B152889E29F39F935C">
		<name>MD337 - DB - 212 - 0303 - 333+205</name>
		<LookAt>
			<longitude>104.7922846978903</longitude>
			<latitude>17.24862335741561</latitude>
			<altitude>147.0350191305615</altitude>
			<heading>60.08670779705556</heading>
			<tilt>0.07216125701427431</tilt>
			<gx:fovy>35</gx:fovy>
			<range>190.6438900714784</range>
			<altitudeMode>absolute</altitudeMode>
		</LookAt>
		<styleUrl>#__managed_style_03F37AB66D29F82A74A0</styleUrl>
		<Point>
			<coordinates>104.7924154809334,17.24855710093072,147.6875392085823</coordinates>
		</Point>
	</Placemark>
	<Placemark id="0C41AEEC3729F39FE862">
		<name>MD338 - DB - 212 - 0303 - 333+240</name>
		<LookAt>
			<longitude>104.7925209416689</longitude>
			<latitude>17.24829931050616</latitude>
			<altitude>146.7740658666229</altitude>
			<heading>60.08670680884381</heading>
			<tilt>0.07215495856778445</tilt>
			<gx:fovy>35</gx:fovy>
			<range>127.241648144427</range>
			<altitudeMode>absolute</altitudeMode>
		</LookAt>
		<styleUrl>#__managed_style_03F37AB66D29F82A74A0</styleUrl>
		<Point>
			<coordinates>104.7925844821429,17.24827983850793,147.0456135483246</coordinates>
		</Point>
	</Placemark>
	<Placemark id="035DE76B0D29F3A04BF6">
		<name>MD339 - DB - 212 - 0303 - 333+275</name>
		<LookAt>
			<longitude>104.7927913577402</longitude>
			<latitude>17.24787762468738</latitude>
			<altitude>146.2565818337886</altitude>
			<heading>60.08670681165092</heading>
			<tilt>0</tilt>
			<gx:fovy>35</gx:fovy>
			<range>124.3646706798972</range>
			<altitudeMode>absolute</altitudeMode>
		</LookAt>
		<styleUrl>#__managed_style_03F37AB66D29F82A74A0</styleUrl>
		<Point>
			<coordinates>104.7927922278819,17.24793379515817,146.5370841617202</coordinates>
		</Point>
	</Placemark>
	<Placemark id="078C6507D829F3A062FE">
		<name>MD340 - DB - 212 - 0303 - 333+310</name>
		<LookAt>
			<longitude>104.7929585170999</longitude>
			<latitude>17.24762262131499</latitude>
			<altitude>145.7108754295994</altitude>
			<heading>60.0867068131727</heading>
			<tilt>0</tilt>
			<gx:fovy>35</gx:fovy>
			<range>121.4520924227509</range>
			<altitudeMode>absolute</altitudeMode>
		</LookAt>
		<styleUrl>#__managed_style_03F37AB66D29F82A74A0</styleUrl>
		<Point>
			<coordinates>104.7929760193243,17.24763098783955,145.8679483167757</coordinates>
		</Point>
	</Placemark>
	<Placemark id="02A365BE0329F3A07B84">
		<name>MD341 - DB - 212 - 0303 - 333+345</name>
		<LookAt>
			<longitude>104.793150881784</longitude>
			<latitude>17.24733924937811</latitude>
			<altitude>145.6731253545979</altitude>
			<heading>60.08670681469395</heading>
			<tilt>0</tilt>
			<gx:fovy>35</gx:fovy>
			<range>116.4034550198085</range>
			<altitudeMode>absolute</altitudeMode>
		</LookAt>
		<styleUrl>#__managed_style_03F37AB66D29F82A74A0</styleUrl>
		<Point>
			<coordinates>104.793144922995,17.2473498500339,145.8502574485321</coordinates>
		</Point>
	</Placemark>
	<Placemark id="0C11A0F27C29F3A09098">
		<name>MD342 - DB - 212 - 0303 - 333+380</name>
		<LookAt>
			<longitude>104.7933170439817</longitude>
			<latitude>17.24704678422453</latitude>
			<altitude>144.3838904992813</altitude>
			<heading>60.08670681601792</heading>
			<tilt>0</tilt>
			<gx:fovy>35</gx:fovy>
			<range>117.923302920226</range>
			<altitudeMode>absolute</altitudeMode>
		</LookAt>
		<styleUrl>#__managed_style_03F37AB66D29F82A74A0</styleUrl>
		<Point>
			<coordinates>104.7933230318695,17.24708064414262,144.6472808792951</coordinates>
		</Point>
	</Placemark>
	<Placemark id="0BFB0DF95929F3A0A607">
		<name>MD343 - DB - 212 - 0303 - 333+415</name>
		<LookAt>
			<longitude>104.79347011313</longitude>
			<latitude>17.24677904834827</latitude>
			<altitude>143.3849240399745</altitude>
			<heading>60.08670681713544</heading>
			<tilt>0</tilt>
			<gx:fovy>35</gx:fovy>
			<range>116.4062015653326</range>
			<altitudeMode>absolute</altitudeMode>
		</LookAt>
		<styleUrl>#__managed_style_03F37AB66D29F82A74A0</styleUrl>
		<Point>
			<coordinates>104.7934971433893,17.24679308389828,143.4966190244819</coordinates>
		</Point>
	</Placemark>
	<Placemark id="0FB85564EF29F3A0B996">
		<name>MD344 - DB - 212 - 0303 - 333+450</name>
		<LookAt>
			<longitude>104.7936607997357</longitude>
			<latitude>17.24645615331114</latitude>
			<altitude>143.3766546420291</altitude>
			<heading>60.08670681863995</heading>
			<tilt>0</tilt>
			<gx:fovy>35</gx:fovy>
			<range>116.1462763773125</range>
			<altitudeMode>absolute</altitudeMode>
		</LookAt>
		<styleUrl>#__managed_style_03F37AB66D29F82A74A0</styleUrl>
		<Point>
			<coordinates>104.7936543798722,17.24650149193079,143.5409944518073</coordinates>
		</Point>
	</Placemark>
	<Placemark id="0E23448DF329F3A10B13">
		<name>MD345 - DB - 212 - 0303 - 333+485</name>
		<LookAt>
			<longitude>104.7937433679624</longitude>
			<latitude>17.24617445108066</latitude>
			<altitude>144.2150677698179</altitude>
			<heading>60.08673181082381</heading>
			<tilt>0</tilt>
			<gx:fovy>35</gx:fovy>
			<range>116.2886100149808</range>
			<altitudeMode>absolute</altitudeMode>
		</LookAt>
		<styleUrl>#__managed_style_03F37AB66D29F82A74A0</styleUrl>
		<Point>
			<coordinates>104.7937796589088,17.24619439172834,144.2290057132749</coordinates>
		</Point>
	</Placemark>
	<Placemark id="025181BFD029F3A11D10">
		<name>MD346 - DB - 212 - 0303 - 333+520</name>
		<LookAt>
			<longitude>104.7937753238525</longitude>
			<latitude>17.24590098350757</latitude>
			<altitude>144.3553456899463</altitude>
			<heading>60.08674128480423</heading>
			<tilt>0</tilt>
			<gx:fovy>35</gx:fovy>
			<range>116.1483275948558</range>
			<altitudeMode>absolute</altitudeMode>
		</LookAt>
		<styleUrl>#__managed_style_03F37AB66D29F82A74A0</styleUrl>
		<Point>
			<coordinates>104.7938653215994,17.24589156687488,144.0705255670287</coordinates>
		</Point>
	</Placemark>
	<Placemark id="055BA91D2829F3A13037">
		<name>MD347 - DB - 212 - 0303 - 333+555</name>
		<LookAt>
			<longitude>104.7938721700839</longitude>
			<latitude>17.24551333537634</latitude>
			<altitude>143.4496280347712</altitude>
			<heading>60.08676999671121</heading>
			<tilt>0</tilt>
			<gx:fovy>35</gx:fovy>
			<range>117.0540502338372</range>
			<altitudeMode>absolute</altitudeMode>
		</LookAt>
		<styleUrl>#__managed_style_03F37AB66D29F82A74A0</styleUrl>
		<Point>
			<coordinates>104.7939189914208,17.24557190560201,143.5731140845025</coordinates>
		</Point>
	</Placemark>
	<Placemark id="0DBAE8178829F3A14210">
		<name>MD348 - DB - 212 - 0303 - 333+590</name>
		<LookAt>
			<longitude>104.7939839391281</longitude>
			<latitude>17.24515057073749</latitude>
			<altitude>144.8490194035342</altitude>
			<heading>60.08680313249795</heading>
			<tilt>0</tilt>
			<gx:fovy>35</gx:fovy>
			<range>115.6546563172924</range>
			<altitudeMode>absolute</altitudeMode>
		</LookAt>
		<styleUrl>#__managed_style_03F37AB66D29F82A74A0</styleUrl>
		<Point>
			<coordinates>104.7939296218379,17.24524285965737,144.551940575551</coordinates>
		</Point>
	</Placemark>
	<Placemark id="0F1E12F06F29F3A1557C">
		<name>MD349 - DB - 212 - 0303 - 333+625</name>
		<LookAt>
			<longitude>104.7939476128771</longitude>
			<latitude>17.24487811112489</latitude>
			<altitude>145.5494027520389</altitude>
			<heading>60.08679236316081</heading>
			<tilt>0</tilt>
			<gx:fovy>35</gx:fovy>
			<range>114.9542756198389</range>
			<altitudeMode>absolute</altitudeMode>
		</LookAt>
		<styleUrl>#__managed_style_03F37AB66D29F82A74A0</styleUrl>
		<Point>
			<coordinates>104.7938967662261,17.24492824249452,145.8917427918499</coordinates>
		</Point>
	</Placemark>
	<Placemark id="0238EB3D8029F3A18339">
		<name>MD350 - DB - 212 - 0303 - 333+660</name>
		<LookAt>
			<longitude>104.7938787635381</longitude>
			<latitude>17.24438674925936</latitude>
			<altitude>144.2988033662049</altitude>
			<heading>60.08675469864165</heading>
			<tilt>0</tilt>
			<gx:fovy>35</gx:fovy>
			<range>171.7472164910578</range>
			<altitudeMode>absolute</altitudeMode>
		</LookAt>
		<styleUrl>#__managed_style_03F37AB66D29F82A74A0</styleUrl>
		<Point>
			<coordinates>104.7938387810791,17.24461026225505,145.4428922541516</coordinates>
		</Point>
	</Placemark>
	<Placemark id="05FDC383A129F3A1BFE1">
		<name>MD351 - DB - 212 - 0303 - 333+695</name>
		<LookAt>
			<longitude>104.7937982858341</longitude>
			<latitude>17.24408875565207</latitude>
			<altitude>144.5356651297228</altitude>
			<heading>60.0867719868702</heading>
			<tilt>0</tilt>
			<gx:fovy>35</gx:fovy>
			<range>171.8719467420124</range>
			<altitudeMode>absolute</altitudeMode>
		</LookAt>
		<styleUrl>#__managed_style_03F37AB66D29F82A74A0</styleUrl>
		<Point>
			<coordinates>104.793769476162,17.24428661813305,144.4017310974415</coordinates>
		</Point>
	</Placemark>
	<Placemark id="0DAC745D1629F3A1D207">
		<name>MD352 - DB - 212 - 0303 - 333+730</name>
		<LookAt>
			<longitude>104.7937806898679</longitude>
			<latitude>17.24380778300584</latitude>
			<altitude>145.3222172189323</altitude>
			<heading>60.08676677037175</heading>
			<tilt>0</tilt>
			<gx:fovy>35</gx:fovy>
			<range>171.0854033189389</range>
			<altitudeMode>absolute</altitudeMode>
		</LookAt>
		<styleUrl>#__managed_style_03F37AB66D29F82A74A0</styleUrl>
		<Point>
			<coordinates>104.7936824625322,17.24383574940663,144.7310774381535</coordinates>
		</Point>
	</Placemark>
	<Placemark id="05BE81B4F029F3A1E6F8">
		<name>MD353 - DB - 212 - 0303 - 333+765</name>
		<LookAt>
			<longitude>104.7937046134305</longitude>
			<latitude>17.24329487959125</latitude>
			<altitude>144.9950307054733</altitude>
			<heading>60.08674421946007</heading>
			<tilt>0</tilt>
			<gx:fovy>35</gx:fovy>
			<range>171.4126014891008</range>
			<altitudeMode>absolute</altitudeMode>
		</LookAt>
		<styleUrl>#__managed_style_03F37AB66D29F82A74A0</styleUrl>
		<Point>
			<coordinates>104.7936164811374,17.24351308975881,145.1572017425097</coordinates>
		</Point>
	</Placemark>
	<Placemark id="0BF2DCFC5C29F3A1F995">
		<name>MD354 - DB - 212 - 0303 - 333+800</name>
		<LookAt>
			<longitude>104.7936435503655</longitude>
			<latitude>17.24299928862894</latitude>
			<altitude>144.9261728219984</altitude>
			<heading>60.08672611842543</heading>
			<tilt>0</tilt>
			<gx:fovy>35</gx:fovy>
			<range>171.481450547999</range>
			<altitudeMode>absolute</altitudeMode>
		</LookAt>
		<styleUrl>#__managed_style_03F37AB66D29F82A74A0</styleUrl>
		<Point>
			<coordinates>104.7935637280802,17.24319342639258,145.1572088817297</coordinates>
		</Point>
	</Placemark>
	<Placemark id="09C71D39C229F3A20C37">
		<name>MD355 - DB - 212 - 0303 - 333+835</name>
		<LookAt>
			<longitude>104.793620878321</longitude>
			<latitude>17.24271515024164</latitude>
			<altitude>144.3700875555873</altitude>
			<heading>60.08671939742356</heading>
			<tilt>0</tilt>
			<gx:fovy>35</gx:fovy>
			<range>172.0375391006382</range>
			<altitudeMode>absolute</altitudeMode>
		</LookAt>
		<styleUrl>#__managed_style_03F37AB66D29F82A74A0</styleUrl>
		<Point>
			<coordinates>104.7935008771603,17.24286345042,145.1571728230745</coordinates>
		</Point>
	</Placemark>
	<Placemark id="0FFB8D7E3229F3A223C3">
		<name>MD356 - DB - 212 - 0303 - 333+870</name>
		<LookAt>
			<longitude>104.7935748306368</longitude>
			<latitude>17.24238074426414</latitude>
			<altitude>143.159229984821</altitude>
			<heading>60.08670574759892</heading>
			<tilt>0</tilt>
			<gx:fovy>35</gx:fovy>
			<range>173.248394835191</range>
			<altitudeMode>absolute</altitudeMode>
		</LookAt>
		<styleUrl>#__managed_style_03F37AB66D29F82A74A0</styleUrl>
		<Point>
			<coordinates>104.793482324945,17.24253743466443,143.4671232782001</coordinates>
		</Point>
	</Placemark>
	<Placemark id="06929D836B29F3A25670">
		<name>MD357 - DB - 212 - 0303 - 333+905</name>
		<LookAt>
			<longitude>104.7934259447188</longitude>
			<latitude>17.24230500681446</latitude>
			<altitude>142.6466143838148</altitude>
			<heading>60.08670574805866</heading>
			<tilt>0</tilt>
			<gx:fovy>35</gx:fovy>
			<range>144.8710053582545</range>
			<altitudeMode>absolute</altitudeMode>
		</LookAt>
		<styleUrl>#__managed_style_03F37AB66D29F82A74A0</styleUrl>
		<Point>
			<coordinates>104.7935065543182,17.24215443566609,142.9450596341656</coordinates>
		</Point>
	</Placemark>
	<Placemark id="048BBE8F5C29F3A26B68">
		<name>MD358 - DB - 212 - 0303 - 333+940</name>
		<LookAt>
			<longitude>104.7936319628307</longitude>
			<latitude>17.24184875456966</latitude>
			<altitude>143.9587976300845</altitude>
			<heading>60.08670575009616</heading>
			<tilt>0</tilt>
			<gx:fovy>35</gx:fovy>
			<range>148.0652262140211</range>
			<altitudeMode>absolute</altitudeMode>
		</LookAt>
		<styleUrl>#__managed_style_03F37AB66D29F82A74A0</styleUrl>
		<Point>
			<coordinates>104.7935789287871,17.24179159486962,144.2007775956264</coordinates>
		</Point>
	</Placemark>
	<Placemark id="06F26CE96629F3A288BB">
		<name>MD359 - DB - 212 - 0303 - 333+975</name>
		<LookAt>
			<longitude>104.7937210367051</longitude>
			<latitude>17.24139894791987</latitude>
			<altitude>143.5617013288944</altitude>
			<heading>60.08670575197521</heading>
			<tilt>0</tilt>
			<gx:fovy>35</gx:fovy>
			<range>131.0495654760416</range>
			<altitudeMode>absolute</altitudeMode>
		</LookAt>
		<styleUrl>#__managed_style_03F37AB66D29F82A74A0</styleUrl>
		<Point>
			<coordinates>104.7936633467314,17.24149551039804,144.1238469978653</coordinates>
		</Point>
	</Placemark>
	<Placemark id="0E8620AE5929F3A2C563">
		<name>MD360 - DB - 212 - 0303 - 334+010</name>
		<LookAt>
			<longitude>104.7937387485726</longitude>
			<latitude>17.24109866008237</latitude>
			<altitude>144.0359112615624</altitude>
			<heading>60.08670575631614</heading>
			<tilt>0</tilt>
			<gx:fovy>35</gx:fovy>
			<range>171.4979993539419</range>
			<altitudeMode>absolute</altitudeMode>
		</LookAt>
		<styleUrl>#__managed_style_03F37AB66D29F82A74A0</styleUrl>
		<Point>
			<coordinates>104.7937546898889,17.24119270254223,143.8547289923228</coordinates>
		</Point>
	</Placemark>
	<Placemark id="0EEB14C6D829F3A345A6">
		<name>MD361 - DB - 212 - 0303 - 334+045</name>
		<LookAt>
			<longitude>104.7936934193351</longitude>
			<latitude>17.24093470769036</latitude>
			<altitude>143.9022890740003</altitude>
			<heading>78.2114752609839</heading>
			<tilt>0</tilt>
			<gx:fovy>35</gx:fovy>
			<range>102.8667171793313</range>
			<altitudeMode>absolute</altitudeMode>
		</LookAt>
		<styleUrl>#__managed_style_03F37AB66D29F82A74A0</styleUrl>
		<Point>
			<coordinates>104.7938502399299,17.24091538319738,145.1006114198864</coordinates>
		</Point>
	</Placemark>
	<Placemark id="0417016AE329F3A35FB0">
		<name>MD362 - DB - 212 - 0303 - 334+080</name>
		<LookAt>
			<longitude>104.7938984216312</longitude>
			<latitude>17.24057895718909</latitude>
			<altitude>144.9752529603171</altitude>
			<heading>78.21147526265149</heading>
			<tilt>0</tilt>
			<gx:fovy>35</gx:fovy>
			<range>84.7187727686287</range>
			<altitudeMode>absolute</altitudeMode>
		</LookAt>
		<styleUrl>#__managed_style_03F37AB66D29F82A74A0</styleUrl>
		<Point>
			<coordinates>104.79394556026,17.2406182395668,145.4128843916915</coordinates>
		</Point>
	</Placemark>
	<Placemark id="0EC59C86FC29F3A376F8">
		<name>MD363 - DB - 212 - 0303 - 334+125</name>
		<LookAt>
			<longitude>104.7941052881155</longitude>
			<latitude>17.24027726380204</latitude>
			<altitude>143.3955687429235</altitude>
			<heading>78.21147526419858</heading>
			<tilt>0</tilt>
			<gx:fovy>35</gx:fovy>
			<range>128.4806878398012</range>
			<altitudeMode>absolute</altitudeMode>
		</LookAt>
		<styleUrl>#__managed_style_03F37AB66D29F82A74A0</styleUrl>
		<Point>
			<coordinates>104.7940965523354,17.24015394492509,143.8523364004931</coordinates>
		</Point>
	</Placemark>
	<Placemark id="037B9435DB29F3A3DD35">
		<name>MD364 - DB - 212 - 0303 - 334+160</name>
		<LookAt>
			<longitude>104.7941214223502</longitude>
			<latitude>17.23990055646554</latitude>
			<altitude>144.5155780674503</altitude>
			<heading>78.1388755183884</heading>
			<tilt>0.9101842353966949</tilt>
			<gx:fovy>35</gx:fovy>
			<range>139.7781914509324</range>
			<altitudeMode>absolute</altitudeMode>
		</LookAt>
		<styleUrl>#__managed_style_03F37AB66D29F82A74A0</styleUrl>
		<Point>
			<coordinates>104.7941920094233,17.2398511039737,145.0910130550986</coordinates>
		</Point>
	</Placemark>
	<Placemark id="05FEEEC65629F3A3F319">
		<name>MD365 - DB - 212 - 0303 - 334+195</name>
		<LookAt>
			<longitude>104.7942134519095</longitude>
			<latitude>17.23949767589323</latitude>
			<altitude>147.4450829406873</altitude>
			<heading>78.13887531151771</heading>
			<tilt>0.9101835443147529</tilt>
			<gx:fovy>35</gx:fovy>
			<range>134.9417217925293</range>
			<altitudeMode>absolute</altitudeMode>
		</LookAt>
		<styleUrl>#__managed_style_03F37AB66D29F82A74A0</styleUrl>
		<Point>
			<coordinates>104.7942825495882,17.23956620833684,147.2631959760461</coordinates>
		</Point>
	</Placemark>
	<Placemark id="0D4984650529F3A406A1">
		<name>MD366 - DB - 212 - 0303 - 334+230</name>
		<LookAt>
			<longitude>104.7943030292879</longitude>
			<latitude>17.23917577457761</latitude>
			<altitude>146.4012475914888</altitude>
			<heading>78.13887534731656</heading>
			<tilt>0.9101836636871227</tilt>
			<gx:fovy>35</gx:fovy>
			<range>135.7782477086221</range>
			<altitudeMode>absolute</altitudeMode>
		</LookAt>
		<styleUrl>#__managed_style_03F37AB66D29F82A74A0</styleUrl>
		<Point>
			<coordinates>104.7943639437483,17.23927397893942,146.7492543681304</coordinates>
		</Point>
	</Placemark>
	<Placemark id="09D9647A4229F3A4B77A">
		<name>MD367 - DB - 212 - 0303 - 334+265</name>
		<LookAt>
			<longitude>104.794428717861</longitude>
			<latitude>17.23894897013327</latitude>
			<altitude>144.4072106173939</altitude>
			<heading>262.2524071508816</heading>
			<tilt>0</tilt>
			<gx:fovy>35</gx:fovy>
			<range>162.343786299607</range>
			<altitudeMode>absolute</altitudeMode>
		</LookAt>
		<styleUrl>#__managed_style_03F37AB66D29F82A74A0</styleUrl>
		<Point>
			<coordinates>104.7944169320442,17.23898421686844,144.8696098983838</coordinates>
		</Point>
	</Placemark>
	<Placemark id="077358FE7229F3A4FF86">
		<name>MD368 - DB - 212 - 0303 - 334+300</name>
		<LookAt>
			<longitude>104.7944461056955</longitude>
			<latitude>17.2386771445549</latitude>
			<altitude>144.6568610712168</altitude>
			<heading>-96.92638070536448</heading>
			<tilt>0.13232131155032</tilt>
			<gx:fovy>35</gx:fovy>
			<range>113.8676170514555</range>
			<altitudeMode>absolute</altitudeMode>
		</LookAt>
		<styleUrl>#__managed_style_03F37AB66D29F82A74A0</styleUrl>
		<Point>
			<coordinates>104.7944636397538,17.23865323900257,144.729995456149</coordinates>
		</Point>
	</Placemark>
	<Placemark id="0127E3D27E29F3A52208">
		<name>MD369 - DB - 212 - 0303 - 334+335</name>
		<LookAt>
			<longitude>104.7944735605774</longitude>
			<latitude>17.23835591673294</latitude>
			<altitude>145.568864198789</altitude>
			<heading>-96.92637392344621</heading>
			<tilt>0.1323213497647786</tilt>
			<gx:fovy>35</gx:fovy>
			<range>114.0877926565736</range>
			<altitudeMode>absolute</altitudeMode>
		</LookAt>
		<styleUrl>#__managed_style_03F37AB66D29F82A74A0</styleUrl>
		<Point>
			<coordinates>104.7944807983253,17.23836513848617,145.7372317063739</coordinates>
		</Point>
	</Placemark>
	<Placemark id="0D945D1D9E29F3A532EE">
		<name>MD370 - DB - 212 - 0303 - 334+370</name>
		<LookAt>
			<longitude>104.7944691759277</longitude>
			<latitude>17.23812461317537</latitude>
			<altitude>144.484990067287</altitude>
			<heading>-96.92637521706105</heading>
			<tilt>0.1323213720973978</tilt>
			<gx:fovy>35</gx:fovy>
			<range>115.1716699130338</range>
			<altitudeMode>absolute</altitudeMode>
		</LookAt>
		<styleUrl>#__managed_style_03F37AB66D29F82A74A0</styleUrl>
		<Point>
			<coordinates>104.7944865106519,17.23804366671611,144.0143127209274</coordinates>
		</Point>
	</Placemark>
	<Placemark id="01F11F2F9429F3A63544">
		<name>MD372 - DB - 212 - 0303 - 334+440</name>
		<LookAt>
			<longitude>104.7945334506556</longitude>
			<latitude>17.23751892894289</latitude>
			<altitude>143.9329800082249</altitude>
			<heading>-92.17548492588853</heading>
			<tilt>0.09340343716787017</tilt>
			<gx:fovy>35</gx:fovy>
			<range>161.0774897473857</range>
			<altitudeMode>absolute</altitudeMode>
		</LookAt>
		<styleUrl>#__managed_style_03F37AB66D29F82A74A0</styleUrl>
		<Point>
			<coordinates>104.7945181372185,17.23745533936389,144.4008748272384</coordinates>
		</Point>
	</Placemark>
	<Placemark id="0999F4FF7A29F3A66166">
		<name>MD373 - DB - 212 - 0303 - 334+480</name>
		<LookAt>
			<longitude>104.7945046834057</longitude>
			<latitude>17.23723276089611</latitude>
			<altitude>145.0120741220089</altitude>
			<heading>-92.17548476822284</heading>
			<tilt>0.09340290886782814</tilt>
			<gx:fovy>35</gx:fovy>
			<range>125.3034098091666</range>
			<altitudeMode>absolute</altitudeMode>
		</LookAt>
		<styleUrl>#__managed_style_03F37AB66D29F82A74A0</styleUrl>
		<Point>
			<coordinates>104.7945129678786,17.23713479092626,145.2363508815704</coordinates>
		</Point>
	</Placemark>
	<Placemark id="0EC374E8A529F3A675AA">
		<name>MD374 - DB - 212 - 0303 - 334+520</name>
		<LookAt>
			<longitude>104.7945245698387</longitude>
			<latitude>17.23687860231961</latitude>
			<altitude>144.4011780798865</altitude>
			<heading>-92.17548457202199</heading>
			<tilt>0.09340228219295311</tilt>
			<gx:fovy>35</gx:fovy>
			<range>82.64029836844203</range>
			<altitudeMode>absolute</altitudeMode>
		</LookAt>
		<styleUrl>#__managed_style_03F37AB66D29F82A74A0</styleUrl>
		<Point>
			<coordinates>104.7945257180941,17.23682990214539,144.591467015182</coordinates>
		</Point>
	</Placemark>
	<Placemark id="0D40C133DD29F3A68A4F">
		<name>MD375 - DB - 212 - 0303 - 334+570</name>
		<LookAt>
			<longitude>104.7945126242833</longitude>
			<latitude>17.23661804379089</latitude>
			<altitude>144.0153991073487</altitude>
			<heading>-92.1754845797126</heading>
			<tilt>0.0934023207222632</tilt>
			<gx:fovy>35</gx:fovy>
			<range>85.39870502904705</range>
			<altitudeMode>absolute</altitudeMode>
		</LookAt>
		<styleUrl>#__managed_style_03F37AB66D29F82A74A0</styleUrl>
		<Point>
			<coordinates>104.7945363791105,17.23652015666034,144.1259160956468</coordinates>
		</Point>
	</Placemark>
	<Placemark id="0A3CC6690429F3A6A220">
		<name>MD376 - DB - 212 - 0303 - 334+620</name>
		<LookAt>
			<longitude>104.7944819624743</longitude>
			<latitude>17.23626846522066</latitude>
			<altitude>144.3392926630958</altitude>
			<heading>-92.17548459702026</heading>
			<tilt>0.09340236582268516</tilt>
			<gx:fovy>35</gx:fovy>
			<range>88.5778720340295</range>
			<altitudeMode>absolute</altitudeMode>
		</LookAt>
		<styleUrl>#__managed_style_03F37AB66D29F82A74A0</styleUrl>
		<Point>
			<coordinates>104.7945443187225,17.23620465250546,144.0268591856222</coordinates>
		</Point>
	</Placemark>
	<Placemark id="04B10E67C729F3A6B959">
		<name>MD377 - DB - 212 - 0303 - 334+670</name>
		<LookAt>
			<longitude>104.7945148442501</longitude>
			<latitude>17.23572065815802</latitude>
			<altitude>143.3529494735982</altitude>
			<heading>-92.17548460900514</heading>
			<tilt>0.09340243167831497</tilt>
			<gx:fovy>35</gx:fovy>
			<range>93.24659961146608</range>
			<altitudeMode>absolute</altitudeMode>
		</LookAt>
		<styleUrl>#__managed_style_03F37AB66D29F82A74A0</styleUrl>
		<Point>
			<coordinates>104.7945541727305,17.23580475352358,143.0209286464798</coordinates>
		</Point>
	</Placemark>
	<Placemark id="0A3B3D072229F3A6CCD3">
		<name>MD378 - DB - 212 - 0303 - 334+720</name>
		<LookAt>
			<longitude>104.7945429713299</longitude>
			<latitude>17.23548324491039</latitude>
			<altitude>144.0679074833764</altitude>
			<heading>-92.17548460920716</heading>
			<tilt>0.09340241773223713</tilt>
			<gx:fovy>35</gx:fovy>
			<range>92.40510210031061</range>
			<altitudeMode>absolute</altitudeMode>
		</LookAt>
		<styleUrl>#__managed_style_03F37AB66D29F82A74A0</styleUrl>
		<Point>
			<coordinates>104.7945644803765,17.23543795304263,144.2595332602514</coordinates>
		</Point>
	</Placemark>
	<Placemark id="0FC37359C229F3A6DF3F">
		<name>MD379 - DB - 212 - 0303 - 334+770</name>
		<LookAt>
			<longitude>104.7945539923157</longitude>
			<latitude>17.23521130950052</latitude>
			<altitude>144.1068735137502</altitude>
			<heading>-92.1754846217901</heading>
			<tilt>0.09340243523312071</tilt>
			<gx:fovy>35</gx:fovy>
			<range>93.73282508523516</range>
			<altitudeMode>absolute</altitudeMode>
		</LookAt>
		<styleUrl>#__managed_style_03F37AB66D29F82A74A0</styleUrl>
		<Point>
			<coordinates>104.7945634959353,17.23510018163146,144.0175958189263</coordinates>
		</Point>
	</Placemark>
	<Placemark id="0CA51AF60629F3A70F9D">
		<name>MD380 - DB - 212 - 0303 - 334+820</name>
		<LookAt>
			<longitude>104.794603847348</longitude>
			<latitude>17.23482667833491</latitude>
			<altitude>143.3248404382145</altitude>
			<heading>-92.17548306015878</heading>
			<tilt>0.2799517994411978</tilt>
			<gx:fovy>35</gx:fovy>
			<range>141.1046570510916</range>
			<altitudeMode>absolute</altitudeMode>
		</LookAt>
		<styleUrl>#__managed_style_03F37AB66D29F82A74A0</styleUrl>
		<Point>
			<coordinates>104.7945741661733,17.23479385850186,143.5610294527076</coordinates>
		</Point>
	</Placemark>
	<Placemark id="036043DB1B29F3A72B72">
		<name>MD381 - DB - 212 - 0303 - 334+870</name>
		<LookAt>
			<longitude>104.7946119998422</longitude>
			<latitude>17.23452699718732</latitude>
			<altitude>143.4350627229089</altitude>
			<heading>-92.17548244895707</heading>
			<tilt>0.2799498544903811</tilt>
			<gx:fovy>35</gx:fovy>
			<range>96.8519157526771</range>
			<altitudeMode>absolute</altitudeMode>
		</LookAt>
		<styleUrl>#__managed_style_03F37AB66D29F82A74A0</styleUrl>
		<Point>
			<coordinates>104.794580073522,17.23449135699056,143.5129962677446</coordinates>
		</Point>
	</Placemark>
	<Placemark id="07D794158229F3A7BF27">
		<name>MD382 - DB - 212 - 0303 - 334+920</name>
		<LookAt>
			<longitude>104.7946615977851</longitude>
			<latitude>17.23415582424949</latitude>
			<altitude>143.3097876554899</altitude>
			<heading>267.8245129704358</heading>
			<tilt>0</tilt>
			<gx:fovy>35.00000300056843</gx:fovy>
			<range>95.0580796558279</range>
			<altitudeMode>absolute</altitudeMode>
		</LookAt>
		<styleUrl>#__managed_style_03F37AB66D29F82A74A0</styleUrl>
		<Point>
			<coordinates>104.7946017764047,17.23414872780594,143.4839139291791</coordinates>
		</Point>
	</Placemark>
	<Placemark id="0F33E3C17029F3A87A1E">
		<name>MD383 - DB - 212 - 0303 - 334+970</name>
		<LookAt>
			<longitude>104.7946380925516</longitude>
			<latitude>17.23380309266191</latitude>
			<altitude>142.9620075719725</altitude>
			<heading>-91.27368981123908</heading>
			<tilt>0.06891344838645808</tilt>
			<gx:fovy>35</gx:fovy>
			<range>184.4227210945246</range>
			<altitudeMode>absolute</altitudeMode>
		</LookAt>
		<styleUrl>#__managed_style_03F37AB66D29F82A74A0</styleUrl>
		<Point>
			<coordinates>104.7946081563198,17.2338024569289,143.0361465999413</coordinates>
		</Point>
	</Placemark>
	<Placemark id="071E277B8A29F3C98EC9">
		<name>MD371 - DB - 212 - 0303 - 334+405</name>
		<LookAt>
			<longitude>104.7945088029608</longitude>
			<latitude>17.23777163162177</latitude>
			<altitude>143.4496999993499</altitude>
			<heading>267.2714472757439</heading>
			<tilt>0</tilt>
			<gx:fovy>35</gx:fovy>
			<range>205.4177322777832</range>
			<altitudeMode>absolute</altitudeMode>
		</LookAt>
		<styleUrl>#__managed_style_03F37AB66D29F82A74A0</styleUrl>
		<Point>
			<coordinates>104.7945060193315,17.23778321124588,143.6101575158737</coordinates>
		</Point>
	</Placemark>
	<Placemark id="082BCE72A329F72D04CB">
		<name>MD384 - DB - 212 - 0303 - 337+210</name>
		<LookAt>
			<longitude>104.7908653864587</longitude>
			<latitude>17.21428243951393</latitude>
			<altitude>142.7252810205485</altitude>
			<heading>291.0224958895542</heading>
			<tilt>0</tilt>
			<gx:fovy>35</gx:fovy>
			<range>93.5103664865801</range>
			<altitudeMode>absolute</altitudeMode>
		</LookAt>
		<styleUrl>#__managed_style_03F37AB66D29F82A74A0</styleUrl>
		<Point>
			<coordinates>104.7908630476943,17.21431073099676,142.7748160162242</coordinates>
		</Point>
	</Placemark>
	<Placemark id="04663BCB8529F72D1DF6">
		<name>MD385 - DB - 212 - 0303 - 337+245</name>
		<LookAt>
			<longitude>104.7907721729735</longitude>
			<latitude>17.21409243670616</latitude>
			<altitude>143.5799137769149</altitude>
			<heading>291.0224696638961</heading>
			<tilt>0</tilt>
			<gx:fovy>35</gx:fovy>
			<range>136.0859419289227</range>
			<altitudeMode>absolute</altitudeMode>
		</LookAt>
		<styleUrl>#__managed_style_03F37AB66D29F82A74A0</styleUrl>
		<Point>
			<coordinates>104.790748883454,17.21400807177149,143.9311268195941</coordinates>
		</Point>
	</Placemark>
	<Placemark id="0D409E9C8E29F72D3100">
		<name>MD386 - DB - 212 - 0303 - 337+280</name>
		<LookAt>
			<longitude>104.790688412342</longitude>
			<latitude>17.21388654840296</latitude>
			<altitude>143.8912216260118</altitude>
			<heading>291.0224446179655</heading>
			<tilt>0</tilt>
			<gx:fovy>35</gx:fovy>
			<range>135.774632003122</range>
			<altitudeMode>absolute</altitudeMode>
		</LookAt>
		<styleUrl>#__managed_style_03F37AB66D29F82A74A0</styleUrl>
		<Point>
			<coordinates>104.7906330042198,17.21371352516319,144.5060885674675</coordinates>
		</Point>
	</Placemark>
	<Placemark id="0AC7574A4D29F72D860B">
		<name>MD387 - DB - 212 - 0303 - 337+315</name>
		<LookAt>
			<longitude>104.7905341166324</longitude>
			<latitude>17.21341236674688</latitude>
			<altitude>143.8028141405572</altitude>
			<heading>290.0802206743616</heading>
			<tilt>0</tilt>
			<gx:fovy>35</gx:fovy>
			<range>103.3240112146996</range>
			<altitudeMode>absolute</altitudeMode>
		</LookAt>
		<styleUrl>#__managed_style_03F37AB66D29F82A74A0</styleUrl>
		<Point>
			<coordinates>104.7905197970161,17.21341754397405,143.8257475403825</coordinates>
		</Point>
	</Placemark>
	<Placemark id="009925455529F72E3163">
		<name>MD388 - DB - 212 - 0303 - 337+360</name>
		<LookAt>
			<longitude>104.7904215605637</longitude>
			<latitude>17.21307299835289</latitude>
			<altitude>143.3103275744415</altitude>
			<heading>-66.65925350839485</heading>
			<tilt>0.09857399144768296</tilt>
			<gx:fovy>35</gx:fovy>
			<range>122.0485795310742</range>
			<altitudeMode>absolute</altitudeMode>
		</LookAt>
		<styleUrl>#__managed_style_03F37AB66D29F82A74A0</styleUrl>
		<Point>
			<coordinates>104.7903522216787,17.21302893218458,143.5956086323812</coordinates>
		</Point>
	</Placemark>
	<Placemark id="0A0FD3041929F72E7493">
		<name>MD389 - DB - 212 - 0303 - 337+395</name>
		<LookAt>
			<longitude>104.7902969871173</longitude>
			<latitude>17.21274493611395</latitude>
			<altitude>143.0082293155914</altitude>
			<heading>293.3407456633269</heading>
			<tilt>0</tilt>
			<gx:fovy>35</gx:fovy>
			<range>206.4195144773112</range>
			<altitudeMode>absolute</altitudeMode>
		</LookAt>
		<styleUrl>#__managed_style_03F37AB66D29F82A74A0</styleUrl>
		<Point>
			<coordinates>104.7902547516097,17.21276140269111,143.3824301063848</coordinates>
		</Point>
	</Placemark>
	<Placemark id="08E084C04C29F7323591">
		<name>MD390 - DB - 212 - 0303 - 337+430</name>
		<LookAt>
			<longitude>104.7900943655948</longitude>
			<latitude>17.21246472903936</latitude>
			<altitude>142.3635369653247</altitude>
			<heading>103.3746857108741</heading>
			<tilt>0.1607955866121103</tilt>
			<gx:fovy>35</gx:fovy>
			<range>144.3105130617369</range>
			<altitudeMode>absolute</altitudeMode>
		</LookAt>
		<styleUrl>#__managed_style_03F37AB66D29F82A74A0</styleUrl>
		<Point>
			<coordinates>104.7901405840667,17.21248132958572,142.270341604622</coordinates>
		</Point>
	</Placemark>
	<Placemark id="02A7F5CF3229F7325983">
		<name>MD391 - DB - 212 - 0303 - 337+465</name>
		<LookAt>
			<longitude>104.7900095893944</longitude>
			<latitude>17.21223670079365</latitude>
			<altitude>142.4612877380315</altitude>
			<heading>103.374685658738</heading>
			<tilt>0.1607954223851219</tilt>
			<gx:fovy>35</gx:fovy>
			<range>137.8413321828339</range>
			<altitudeMode>absolute</altitudeMode>
		</LookAt>
		<styleUrl>#__managed_style_03F37AB66D29F82A74A0</styleUrl>
		<Point>
			<coordinates>104.7900167693976,17.21218773718689,142.7202062599557</coordinates>
		</Point>
	</Placemark>
	<Placemark id="09E25A5D4229F73BEE6D">
		<name>MD392 - DB - 212 - 0303 - 338+400</name>
		<LookAt>
			<longitude>104.7870070115405</longitude>
			<latitude>17.20397188497878</latitude>
			<altitude>147.2899069041729</altitude>
			<heading>106.6477033019116</heading>
			<tilt>0</tilt>
			<gx:fovy>35.00002699063914</gx:fovy>
			<range>118.8165675995515</range>
			<altitudeMode>absolute</altitudeMode>
		</LookAt>
		<styleUrl>#__managed_style_03F37AB66D29F82A74A0</styleUrl>
		<Point>
			<coordinates>104.7870802406124,17.20401114306317,148.2465578007132</coordinates>
		</Point>
	</Placemark>
	<Placemark id="0032A75C1029F73C560B">
		<name>MD393 - DB - 212 - 0303 - 338+435</name>
		<LookAt>
			<longitude>104.7869552866894</longitude>
			<latitude>17.20369643905277</latitude>
			<altitude>146.2313499739768</altitude>
			<heading>106.6477024114152</heading>
			<tilt>0.1082002515390118</tilt>
			<gx:fovy>35</gx:fovy>
			<range>120.3526745859199</range>
			<altitudeMode>absolute</altitudeMode>
		</LookAt>
		<styleUrl>#__managed_style_03F37AB66D29F82A74A0</styleUrl>
		<Point>
			<coordinates>104.7869628072955,17.20365534945386,146.3949106341337</coordinates>
		</Point>
	</Placemark>
	<Placemark id="0D92AC958929F73CCBF9">
		<name>MD394 - DB - 212 - 0303 - 338+470</name>
		<LookAt>
			<longitude>104.7868031528983</longitude>
			<latitude>17.20327961663177</latitude>
			<altitude>146.2518650282196</altitude>
			<heading>108.7497313262481</heading>
			<tilt>0</tilt>
			<gx:fovy>35</gx:fovy>
			<range>104.8970401168481</range>
			<altitudeMode>absolute</altitudeMode>
		</LookAt>
		<styleUrl>#__managed_style_03F37AB66D29F82A74A0</styleUrl>
		<Point>
			<coordinates>104.7868370888581,17.20328881592302,146.3949813635378</coordinates>
		</Point>
	</Placemark>
	<Placemark id="04C8EBCD9A29F73D8903">
		<name>MD395 - DB - 212 - 0303 - 338+505</name>
		<LookAt>
			<longitude>104.7867141612603</longitude>
			<latitude>17.20300942835955</latitude>
			<altitude>146.2958160008638</altitude>
			<heading>115.1383410636363</heading>
			<tilt>0</tilt>
			<gx:fovy>35</gx:fovy>
			<range>143.2448418095737</range>
			<altitudeMode>absolute</altitudeMode>
		</LookAt>
		<styleUrl>#__managed_style_03F37AB66D29F82A74A0</styleUrl>
		<Point>
			<coordinates>104.7867369135832,17.20301367469716,146.272635511976</coordinates>
		</Point>
	</Placemark>
	<Placemark id="0A01EA800F29F73E466B">
		<name>MD396 - DB - 212 - 0303 - 338+540</name>
		<LookAt>
			<longitude>104.7865910114906</longitude>
			<latitude>17.20267520286498</latitude>
			<altitude>148.6866693243039</altitude>
			<heading>109.0718846772713</heading>
			<tilt>0</tilt>
			<gx:fovy>35</gx:fovy>
			<range>114.2368130316572</range>
			<altitudeMode>absolute</altitudeMode>
		</LookAt>
		<styleUrl>#__managed_style_03F37AB66D29F82A74A0</styleUrl>
		<Point>
			<coordinates>104.7866175777461,17.20269242635249,148.664196553633</coordinates>
		</Point>
	</Placemark>
	<Placemark id="0D0FB1BDC429F73F0E9B">
		<name>MD397 - DB - 212 - 0303 - 338+575</name>
		<LookAt>
			<longitude>104.7865095774749</longitude>
			<latitude>17.20241026887039</latitude>
			<altitude>149.1792288749598</altitude>
			<heading>106.5506097892468</heading>
			<tilt>0</tilt>
			<gx:fovy>35</gx:fovy>
			<range>78.48178508011188</range>
			<altitudeMode>absolute</altitudeMode>
		</LookAt>
		<styleUrl>#__managed_style_03F37AB66D29F82A74A0</styleUrl>
		<Point>
			<coordinates>104.7865193860105,17.20240748442128,149.380998646609</coordinates>
		</Point>
	</Placemark>
	<Placemark id="05B49CEEEB29F73F79D0">
		<name>MD398 - DB - 212 - 0303 - 338+610</name>
		<LookAt>
			<longitude>104.7863672141185</longitude>
			<latitude>17.20208557569471</latitude>
			<altitude>147.5848157741535</altitude>
			<heading>109.6513873331636</heading>
			<tilt>0.1213815390626454</tilt>
			<gx:fovy>35</gx:fovy>
			<range>167.6935007182328</range>
			<altitudeMode>absolute</altitudeMode>
		</LookAt>
		<styleUrl>#__managed_style_03F37AB66D29F82A74A0</styleUrl>
		<Point>
			<coordinates>104.7864124339964,17.20212635151972,147.9917776503439</coordinates>
		</Point>
	</Placemark>
	<Placemark id="0526C3C5E629F73FC2C7">
		<name>MD399 - DB - 212 - 0303 - 338+645</name>
		<LookAt>
			<longitude>104.7862744387173</longitude>
			<latitude>17.20183614351864</latitude>
			<altitude>146.5914552693736</altitude>
			<heading>117.5705872291547</heading>
			<tilt>0.1585566354134078</tilt>
			<gx:fovy>35</gx:fovy>
			<range>149.8868580469025</range>
			<altitudeMode>absolute</altitudeMode>
		</LookAt>
		<styleUrl>#__managed_style_03F37AB66D29F82A74A0</styleUrl>
		<Point>
			<coordinates>104.7863103602151,17.2018418556183,146.8236042136231</coordinates>
		</Point>
	</Placemark>
	<Placemark id="04D5BC83DA29F73FFF24">
		<name>MD400 - DB - 212 - 0303 - 338+680</name>
		<LookAt>
			<longitude>104.7861775882081</longitude>
			<latitude>17.20157563581338</latitude>
			<altitude>145.8009163218515</altitude>
			<heading>117.5705810068462</heading>
			<tilt>1.254918390760711</tilt>
			<gx:fovy>35</gx:fovy>
			<range>88.91854797821907</range>
			<altitudeMode>absolute</altitudeMode>
		</LookAt>
		<styleUrl>#__managed_style_03F37AB66D29F82A74A0</styleUrl>
		<Point>
			<coordinates>104.7862129419291,17.2015635059956,145.7823389752709</coordinates>
		</Point>
	</Placemark>
	<Placemark id="0E3692A5CD29F7405536">
		<name>MD401 - DB - 212 - 0303 - 338+715</name>
		<LookAt>
			<longitude>104.7860878350547</longitude>
			<latitude>17.20126041378638</latitude>
			<altitude>145.1821042623683</altitude>
			<heading>117.5705804226347</heading>
			<tilt>0.1374211407054352</tilt>
			<gx:fovy>35</gx:fovy>
			<range>69.70494969855281</range>
			<altitudeMode>absolute</altitudeMode>
		</LookAt>
		<styleUrl>#__managed_style_03F37AB66D29F82A74A0</styleUrl>
		<Point>
			<coordinates>104.7861017105297,17.20124871166202,145.3234342730286</coordinates>
		</Point>
	</Placemark>
	<Placemark id="02C43F662B29F7411642">
		<name>MD402 - DB - 212 - 0303 - 338+750</name>
		<LookAt>
			<longitude>104.7859845190239</longitude>
			<latitude>17.20097518184766</latitude>
			<altitude>144.9949973395761</altitude>
			<heading>110.5039476394111</heading>
			<tilt>0.486387276593596</tilt>
			<gx:fovy>35</gx:fovy>
			<range>65.60459480141617</range>
			<altitudeMode>absolute</altitudeMode>
		</LookAt>
		<styleUrl>#__managed_style_03F37AB66D29F82A74A0</styleUrl>
		<Point>
			<coordinates>104.7859994912232,17.20095705768793,145.1571904069975</coordinates>
		</Point>
	</Placemark>
	<Placemark id="05B5ECE54129F741649C">
		<name>MD403 - DB - 212 - 0303 - 338+785</name>
		<LookAt>
			<longitude>104.7858637822909</longitude>
			<latitude>17.20070272275856</latitude>
			<altitude>145.0883670763408</altitude>
			<heading>105.9247033470377</heading>
			<tilt>0.785989863426016</tilt>
			<gx:fovy>35</gx:fovy>
			<range>85.41908972768397</range>
			<altitudeMode>absolute</altitudeMode>
		</LookAt>
		<styleUrl>#__managed_style_03F37AB66D29F82A74A0</styleUrl>
		<Point>
			<coordinates>104.7858964677475,17.20065310126865,144.8546846642729</coordinates>
		</Point>
	</Placemark>
	<Placemark id="0A7915EAEB29F74291A9">
		<name>MD404 - DB - 212 - 0303 - 338+820</name>
		<LookAt>
			<longitude>104.7857636039928</longitude>
			<latitude>17.20038125127741</latitude>
			<altitude>144.6747908413651</altitude>
			<heading>110.7939990321625</heading>
			<tilt>2.024319648278995</tilt>
			<gx:fovy>35</gx:fovy>
			<range>61.58696075639455</range>
			<altitudeMode>absolute</altitudeMode>
		</LookAt>
		<styleUrl>#__managed_style_03F37AB66D29F82A74A0</styleUrl>
		<Point>
			<coordinates>104.7858071208005,17.20038168414268,144.5800687880224</coordinates>
		</Point>
	</Placemark>
	<Placemark id="0D883B2EC529F7430106">
		<name>MD405 - DB - 212 - 0303 - 338+855</name>
		<LookAt>
			<longitude>104.785658360016</longitude>
			<latitude>17.20011874102438</latitude>
			<altitude>144.2043107338835</altitude>
			<heading>112.1389564235232</heading>
			<tilt>0.3218040967271869</tilt>
			<gx:fovy>35</gx:fovy>
			<range>113.8433153385268</range>
			<altitudeMode>absolute</altitudeMode>
		</LookAt>
		<styleUrl>#__managed_style_03F37AB66D29F82A74A0</styleUrl>
		<Point>
			<coordinates>104.7857112822551,17.2001031580343,144.2404378634135</coordinates>
		</Point>
	</Placemark>
	<Placemark id="02ECEE83EA29F74344D0">
		<name>MD406 - DB - 212 - 0303 - 338+890</name>
		<LookAt>
			<longitude>104.7855020372124</longitude>
			<latitude>17.19977400979567</latitude>
			<altitude>144.263455995117</altitude>
			<heading>116.9959390780483</heading>
			<tilt>1.1820629382743</tilt>
			<gx:fovy>35</gx:fovy>
			<range>198.2067407425711</range>
			<altitudeMode>absolute</altitudeMode>
		</LookAt>
		<styleUrl>#__managed_style_03F37AB66D29F82A74A0</styleUrl>
		<Point>
			<coordinates>104.7855988723156,17.19982899502265,144.3277012833126</coordinates>
		</Point>
	</Placemark>
	<Placemark id="0FF6169CE129F7439CC3">
		<name>MD407 - DB - 212 - 0303 - 338+925</name>
		<LookAt>
			<longitude>104.7854459489955</longitude>
			<latitude>17.19950523785417</latitude>
			<altitude>144.7335373485812</altitude>
			<heading>116.9959308287754</heading>
			<tilt>1.04537697576333</tilt>
			<gx:fovy>35</gx:fovy>
			<range>86.98197263571274</range>
			<altitudeMode>absolute</altitudeMode>
		</LookAt>
		<styleUrl>#__managed_style_03F37AB66D29F82A74A0</styleUrl>
		<Point>
			<coordinates>104.7854812103128,17.19953094229536,144.6398981468685</coordinates>
		</Point>
	</Placemark>
	<Placemark id="0DBD0A20C029F743BF45">
		<name>MD408 - DB - 212 - 0303 - 338+960</name>
		<LookAt>
			<longitude>104.7853544733534</longitude>
			<latitude>17.19921031900594</latitude>
			<altitude>145.2620363784853</altitude>
			<heading>116.9959314395711</heading>
			<tilt>1.045379195781514</tilt>
			<gx:fovy>35</gx:fovy>
			<range>100.5147355178997</range>
			<altitudeMode>absolute</altitudeMode>
		</LookAt>
		<styleUrl>#__managed_style_03F37AB66D29F82A74A0</styleUrl>
		<Point>
			<coordinates>104.7853732578459,17.19922656109673,145.4420801703529</coordinates>
		</Point>
	</Placemark>
	<Placemark id="0BC5CF205A29F743D421">
		<name>MD409 - DB - 212 - 0303 - 338+995</name>
		<LookAt>
			<longitude>104.785328700143</longitude>
			<latitude>17.19899789082023</latitude>
			<altitude>145.0783542826849</altitude>
			<heading>116.9959313239083</heading>
			<tilt>1.045378770231385</tilt>
			<gx:fovy>35</gx:fovy>
			<range>97.92146345833316</range>
			<altitudeMode>absolute</altitudeMode>
		</LookAt>
		<styleUrl>#__managed_style_03F37AB66D29F82A74A0</styleUrl>
		<Point>
			<coordinates>104.7852574963697,17.19890506172463,145.1179891127401</coordinates>
		</Point>
	</Placemark>
	<Placemark id="06C97123FB29F744A5E5">
		<name>MD410 - DB - 212 - 0303 - 339+045</name>
		<LookAt>
			<longitude>104.7850839500286</longitude>
			<latitude>17.19852531001118</latitude>
			<altitude>142.9395184706711</altitude>
			<heading>113.8505886067616</heading>
			<tilt>0</tilt>
			<gx:fovy>35</gx:fovy>
			<range>85.19395991070269</range>
			<altitudeMode>absolute</altitudeMode>
		</LookAt>
		<styleUrl>#__managed_style_03F37AB66D29F82A74A0</styleUrl>
		<Point>
			<coordinates>104.7851179019312,17.1985019045103,143.0290573757059</coordinates>
		</Point>
	</Placemark>
	<Placemark id="04CE67701329F744F19C">
		<name>MD411 - DB - 212 - 0303 - 339+080</name>
		<LookAt>
			<longitude>104.7849703313669</longitude>
			<latitude>17.19823872713614</latitude>
			<altitude>142.3511518388416</altitude>
			<heading>109.9716148297886</heading>
			<tilt>1.923952205363809</tilt>
			<gx:fovy>35</gx:fovy>
			<range>87.511453304287</range>
			<altitudeMode>absolute</altitudeMode>
		</LookAt>
		<styleUrl>#__managed_style_03F37AB66D29F82A74A0</styleUrl>
		<Point>
			<coordinates>104.7850081360131,17.19818313890193,142.6713732047694</coordinates>
		</Point>
	</Placemark>
	<Placemark id="0246E7C70429F74585D1">
		<name>MD412 - DB - 212 - 0303 - 339+115</name>
		<LookAt>
			<longitude>104.7848565873473</longitude>
			<latitude>17.19791025481515</latitude>
			<altitude>143.8208411932466</altitude>
			<heading>109.9716047436453</heading>
			<tilt>1.567327008609704</tilt>
			<gx:fovy>35</gx:fovy>
			<range>86.56992706869461</range>
			<altitudeMode>absolute</altitudeMode>
		</LookAt>
		<styleUrl>#__managed_style_03F37AB66D29F82A74A0</styleUrl>
		<Point>
			<coordinates>104.7849013332585,17.19789752334963,144.0161068263205</coordinates>
		</Point>
	</Placemark>
	<Placemark id="01F274D64C29F745C0EB">
		<name>MD413 - DB - 212 - 0303 - 339+150</name>
		<LookAt>
			<longitude>104.7847379210812</longitude>
			<latitude>17.19762920628488</latitude>
			<altitude>144.8557611495525</altitude>
			<heading>109.9716032232386</heading>
			<tilt>0.5302678290432085</tilt>
			<gx:fovy>35</gx:fovy>
			<range>137.8089878429273</range>
			<altitudeMode>absolute</altitudeMode>
		</LookAt>
		<styleUrl>#__managed_style_03F37AB66D29F82A74A0</styleUrl>
		<Point>
			<coordinates>104.7847897262079,17.19759250648255,145.083930710913</coordinates>
		</Point>
	</Placemark>
	<Placemark id="032EC70BEC29F7569AF0">
		<name>MD414 - DB - 212 - 0303 - 340+240</name>
		<LookAt>
			<longitude>104.7814821485414</longitude>
			<latitude>17.18847598777565</latitude>
			<altitude>145.9591938335146</altitude>
			<heading>110.1487847474533</heading>
			<tilt>0.336371740340614</tilt>
			<gx:fovy>35</gx:fovy>
			<range>90.84199321068809</range>
			<altitudeMode>absolute</altitudeMode>
		</LookAt>
		<styleUrl>#__managed_style_03F37AB66D29F82A74A0</styleUrl>
		<Point>
			<coordinates>104.781546498341,17.18851546553038,145.7414521608767</coordinates>
		</Point>
	</Placemark>
	<Placemark id="06E623C55A29F7573175">
		<name>MD415 - DB - 212 - 0303 - 340+275</name>
		<LookAt>
			<longitude>104.7813151034959</longitude>
			<latitude>17.18799177636384</latitude>
			<altitude>147.6015478039423</altitude>
			<heading>103.1134563319945</heading>
			<tilt>0.09505043143502714</tilt>
			<gx:fovy>35</gx:fovy>
			<range>162.3560820160674</range>
			<altitudeMode>absolute</altitudeMode>
		</LookAt>
		<styleUrl>#__managed_style_03F37AB66D29F82A74A0</styleUrl>
		<Point>
			<coordinates>104.7813774230021,17.1879829955681,147.0643205098457</coordinates>
		</Point>
	</Placemark>
	<Placemark id="0DF2646C2429F7574FBC">
		<name>MD416 - DB - 212 - 0303 - 340+310</name>
		<LookAt>
			<longitude>104.7811540759848</longitude>
			<latitude>17.18756921837223</latitude>
			<altitude>147.8224023596567</altitude>
			<heading>103.1134561373655</heading>
			<tilt>0.09504978090139973</tilt>
			<gx:fovy>35</gx:fovy>
			<range>118.8628532654729</range>
			<altitudeMode>absolute</altitudeMode>
		</LookAt>
		<styleUrl>#__managed_style_03F37AB66D29F82A74A0</styleUrl>
		<Point>
			<coordinates>104.7812697837446,17.18770978437087,147.3555241180942</coordinates>
		</Point>
	</Placemark>
	<Placemark id="014CD3872D29F7587F86">
		<name>MD417 - DB - 212 - 0303 - 340+345</name>
		<LookAt>
			<longitude>104.7811590772921</longitude>
			<latitude>17.18752898511829</latitude>
			<altitude>147.7864080260021</altitude>
			<heading>113.4120712396252</heading>
			<tilt>0</tilt>
			<gx:fovy>35</gx:fovy>
			<range>154.0764061407754</range>
			<altitudeMode>absolute</altitudeMode>
		</LookAt>
		<styleUrl>#__managed_style_03F37AB66D29F82A74A0</styleUrl>
		<Point>
			<coordinates>104.7811936183337,17.18750958624961,147.7028170601139</coordinates>
		</Point>
	</Placemark>
	<Placemark id="01BB175B7B29F7591337">
		<name>MD418 - DB - 212 - 0303 - 340+380</name>
		<LookAt>
			<longitude>104.7810556285809</longitude>
			<latitude>17.18723529817724</latitude>
			<altitude>148.4816832913373</altitude>
			<heading>106.1331844297036</heading>
			<tilt>0</tilt>
			<gx:fovy>35</gx:fovy>
			<range>154.3251829035034</range>
			<altitudeMode>absolute</altitudeMode>
		</LookAt>
		<styleUrl>#__managed_style_03F37AB66D29F82A74A0</styleUrl>
		<Point>
			<coordinates>104.7810823369845,17.18721032620302,148.5187606460894</coordinates>
		</Point>
	</Placemark>
	<Placemark id="03A2CD712629F7595F31">
		<name>MD419 - DB - 212 - 0303 - 340+415</name>
		<LookAt>
			<longitude>104.7809209812931</longitude>
			<latitude>17.18689397185707</latitude>
			<altitude>148.6836007609502</altitude>
			<heading>107.9499509822701</heading>
			<tilt>0</tilt>
			<gx:fovy>35</gx:fovy>
			<range>141.4158510888956</range>
			<altitudeMode>absolute</altitudeMode>
		</LookAt>
		<styleUrl>#__managed_style_03F37AB66D29F82A74A0</styleUrl>
		<Point>
			<coordinates>104.7809530745791,17.18685869610273,148.6016555516252</coordinates>
		</Point>
	</Placemark>
	<Placemark id="00BC12A59C29F759DFA5">
		<name>MD420 - DB - 212 - 0303 - 340+450</name>
		<LookAt>
			<longitude>104.7807276856389</longitude>
			<latitude>17.1866081270784</latitude>
			<altitude>149.1276458176202</altitude>
			<heading>112.9168743854318</heading>
			<tilt>0</tilt>
			<gx:fovy>35</gx:fovy>
			<range>116.0314777276836</range>
			<altitudeMode>absolute</altitudeMode>
		</LookAt>
		<styleUrl>#__managed_style_03F37AB66D29F82A74A0</styleUrl>
		<Point>
			<coordinates>104.7808549218831,17.18657754636567,148.5391107470374</coordinates>
		</Point>
	</Placemark>
	<Placemark id="0E1954E6A929F75A29D7">
		<name>MD421 - DB - 212 - 0303 - 340+485</name>
		<LookAt>
			<longitude>104.7807257379011</longitude>
			<latitude>17.18631063389542</latitude>
			<altitude>147.5107984402111</altitude>
			<heading>110.5237049793967</heading>
			<tilt>0.6228628055359745</tilt>
			<gx:fovy>35</gx:fovy>
			<range>110.3306806227556</range>
			<altitudeMode>absolute</altitudeMode>
		</LookAt>
		<styleUrl>#__managed_style_03F37AB66D29F82A74A0</styleUrl>
		<Point>
			<coordinates>104.7807716881433,17.18632464650474,147.4656345092691</coordinates>
		</Point>
	</Placemark>
	<Placemark id="02D96F205729F75AB24B">
		<name>MD422 - DB - 212 - 0303 - 340+520</name>
		<LookAt>
			<longitude>104.7806337475259</longitude>
			<latitude>17.18603843666534</latitude>
			<altitude>146.382148269265</altitude>
			<heading>110.4411225275322</heading>
			<tilt>0.6178907828831762</tilt>
			<gx:fovy>35</gx:fovy>
			<range>116.0017524565046</range>
			<altitudeMode>absolute</altitudeMode>
		</LookAt>
		<styleUrl>#__managed_style_03F37AB66D29F82A74A0</styleUrl>
		<Point>
			<coordinates>104.7806601425497,17.18603431124761,146.4463738737122</coordinates>
		</Point>
	</Placemark>
	<Placemark id="074F39BFFC29F75BA3DF">
		<name>MD423 - DB - 212 - 0303 - 340+555</name>
		<LookAt>
			<longitude>104.7805095621181</longitude>
			<latitude>17.18573932988789</latitude>
			<altitude>144.8165992073513</altitude>
			<heading>106.9721765230889</heading>
			<tilt>0</tilt>
			<gx:fovy>35</gx:fovy>
			<range>123.4677323510732</range>
			<altitudeMode>absolute</altitudeMode>
		</LookAt>
		<styleUrl>#__managed_style_03F37AB66D29F82A74A0</styleUrl>
		<Point>
			<coordinates>104.7805534828419,17.18573435751989,145.177163236777</coordinates>
		</Point>
	</Placemark>
	<Placemark id="008A994A2A29F75BE7DA">
		<name>MD424 - DB - 212 - 0303 - 340+590</name>
		<LookAt>
			<longitude>104.7804514193025</longitude>
			<latitude>17.18545206044498</latitude>
			<altitude>144.2252373970537</altitude>
			<heading>106.972176453496</heading>
			<tilt>0</tilt>
			<gx:fovy>35</gx:fovy>
			<range>24.9971017507096</range>
			<altitudeMode>absolute</altitudeMode>
		</LookAt>
		<styleUrl>#__managed_style_03F37AB66D29F82A74A0</styleUrl>
		<Point>
			<coordinates>104.7804554234696,17.18544567143473,144.4856227207998</coordinates>
		</Point>
	</Placemark>
	<Placemark id="0531CC9CCE29F75C34C8">
		<name>MD425 - DB - 212 - 0303 - 340+625</name>
		<LookAt>
			<longitude>104.780328826834</longitude>
			<latitude>17.18515401944142</latitude>
			<altitude>144.087649012119</altitude>
			<heading>117.7282116891976</heading>
			<tilt>0.3891717884099423</tilt>
			<gx:fovy>35</gx:fovy>
			<range>119.5390481379945</range>
			<altitudeMode>absolute</altitudeMode>
		</LookAt>
		<styleUrl>#__managed_style_03F37AB66D29F82A74A0</styleUrl>
		<Point>
			<coordinates>104.7803616957702,17.18519738782389,144.3492305834359</coordinates>
		</Point>
	</Placemark>
	<Placemark id="082E16010129F75C86F3">
		<name>MD426 - DB - 212 - 0303 - 340+660</name>
		<LookAt>
			<longitude>104.7802239613901</longitude>
			<latitude>17.18495553310852</latitude>
			<altitude>143.9209991585465</altitude>
			<heading>109.5686275798639</heading>
			<tilt>1.158026652451869</tilt>
			<gx:fovy>35</gx:fovy>
			<range>202.1182387657245</range>
			<altitudeMode>absolute</altitudeMode>
		</LookAt>
		<styleUrl>#__managed_style_03F37AB66D29F82A74A0</styleUrl>
		<Point>
			<coordinates>104.7802449654197,17.18486374366987,144.4133765135442</coordinates>
		</Point>
	</Placemark>
	<Placemark id="05B009AF5D29F75CCA71">
		<name>MD427 - DB - 212 - 0303 - 340+695</name>
		<LookAt>
			<longitude>104.7801248793221</longitude>
			<latitude>17.18459347256757</latitude>
			<altitude>143.9768334960333</altitude>
			<heading>108.7157214796668</heading>
			<tilt>0.09513384401257156</tilt>
			<gx:fovy>35</gx:fovy>
			<range>117.4165247102246</range>
			<altitudeMode>absolute</altitudeMode>
		</LookAt>
		<styleUrl>#__managed_style_03F37AB66D29F82A74A0</styleUrl>
		<Point>
			<coordinates>104.7801383482515,17.1845725433496,144.1964234758341</coordinates>
		</Point>
	</Placemark>
	<Placemark id="0F5ABDB71029F75D1789">
		<name>MD428 - DB - 212 - 0303 - 340+730</name>
		<LookAt>
			<longitude>104.7800140823827</longitude>
			<latitude>17.18426051158676</latitude>
			<altitude>144.5808526210683</altitude>
			<heading>114.4653174909061</heading>
			<tilt>0.7765871216803308</tilt>
			<gx:fovy>35</gx:fovy>
			<range>61.72535420217174</range>
			<altitudeMode>absolute</altitudeMode>
		</LookAt>
		<styleUrl>#__managed_style_03F37AB66D29F82A74A0</styleUrl>
		<Point>
			<coordinates>104.7800369284258,17.18427619985011,144.6095100646472</coordinates>
		</Point>
	</Placemark>
	<Placemark id="07201E828929F75DDC3D">
		<name>MD429 - DB - 212 - 0303 - 340+765</name>
		<LookAt>
			<longitude>104.7798946535452</longitude>
			<latitude>17.18397889509489</latitude>
			<altitude>144.9882857227395</altitude>
			<heading>107.1904320988731</heading>
			<tilt>0</tilt>
			<gx:fovy>35</gx:fovy>
			<range>130.2619906497966</range>
			<altitudeMode>absolute</altitudeMode>
		</LookAt>
		<styleUrl>#__managed_style_03F37AB66D29F82A74A0</styleUrl>
		<Point>
			<coordinates>104.7799305788236,17.18398402313933,145.1573223076633</coordinates>
		</Point>
	</Placemark>
	<Placemark id="0203AE7AAE29F75E1E82">
		<name>MD430 - DB - 212 - 0303 - 340+800</name>
		<LookAt>
			<longitude>104.7798116646026</longitude>
			<latitude>17.18369332900934</latitude>
			<altitude>144.2917382400506</altitude>
			<heading>107.1904297526944</heading>
			<tilt>0.2868838751088054</tilt>
			<gx:fovy>35</gx:fovy>
			<range>77.91940960364627</range>
			<altitudeMode>absolute</altitudeMode>
		</LookAt>
		<styleUrl>#__managed_style_03F37AB66D29F82A74A0</styleUrl>
		<Point>
			<coordinates>104.7798470611369,17.18373456653396,144.6684830484891</coordinates>
		</Point>
	</Placemark>
	<Placemark id="001C536DC429F75E8DAD">
		<name>MD431 - DB - 212 - 0303 - 340+835</name>
		<LookAt>
			<longitude>104.7797068953287</longitude>
			<latitude>17.18342110664198</latitude>
			<altitude>144.0677750128711</altitude>
			<heading>110.2775329908206</heading>
			<tilt>0</tilt>
			<gx:fovy>35</gx:fovy>
			<range>127.1080756393167</range>
			<altitudeMode>absolute</altitudeMode>
		</LookAt>
		<styleUrl>#__managed_style_03F37AB66D29F82A74A0</styleUrl>
		<Point>
			<coordinates>104.7797402855732,17.18344391337184,144.2289392099038</coordinates>
		</Point>
	</Placemark>
	<Placemark id="00BF3CDE2329F75EC16A">
		<name>MD432 - DB - 212 - 0303 - 340+870</name>
		<LookAt>
			<longitude>104.779627392552</longitude>
			<latitude>17.18314235909308</latitude>
			<altitude>144.7384788172916</altitude>
			<heading>110.2775287017262</heading>
			<tilt>0.2199266241571384</tilt>
			<gx:fovy>35</gx:fovy>
			<range>25.00557606047551</range>
			<altitudeMode>absolute</altitudeMode>
		</LookAt>
		<styleUrl>#__managed_style_03F37AB66D29F82A74A0</styleUrl>
		<Point>
			<coordinates>104.7796369279851,17.1831355829811,144.8484983835466</coordinates>
		</Point>
	</Placemark>
	<Placemark id="0E5954401129F75EFCBB">
		<name>MD433 - DB - 212 - 0303 - 340+905</name>
		<LookAt>
			<longitude>104.7795116387338</longitude>
			<latitude>17.18284865872536</latitude>
			<altitude>144.5223945550021</altitude>
			<heading>110.2774752097883</heading>
			<tilt>7.970434931477532</tilt>
			<gx:fovy>35</gx:fovy>
			<range>25.2456351486444</range>
			<altitudeMode>absolute</altitudeMode>
		</LookAt>
		<styleUrl>#__managed_style_03F37AB66D29F82A74A0</styleUrl>
		<Point>
			<coordinates>104.779527264804,17.18284231699973,144.6810006886361</coordinates>
		</Point>
	</Placemark>
	<Placemark id="07A13FAC6929F75F8B9C">
		<name>MD434 - DB - 212 - 0303 - 340+940</name>
		<LookAt>
			<longitude>104.7794505874007</longitude>
			<latitude>17.1825534162593</latitude>
			<altitude>144.8217988168574</altitude>
			<heading>110.2775039377927</heading>
			<tilt>0.8511130462545138</tilt>
			<gx:fovy>35</gx:fovy>
			<range>25.01668971936851</range>
			<altitudeMode>absolute</altitudeMode>
		</LookAt>
		<styleUrl>#__managed_style_03F37AB66D29F82A74A0</styleUrl>
		<Point>
			<coordinates>104.7794502784074,17.1825598534546,144.9552399805902</coordinates>
		</Point>
	</Placemark>
	<Placemark id="024D50C93829F75FDA3C">
		<name>MD435 - DB - 212 - 0303 - 340+975</name>
		<LookAt>
			<longitude>104.7793629803946</longitude>
			<latitude>17.1822395197967</latitude>
			<altitude>145.8791484903544</altitude>
			<heading>101.4579822660806</heading>
			<tilt>3.369541770188174</tilt>
			<gx:fovy>35</gx:fovy>
			<range>25.37917578455563</range>
			<altitudeMode>absolute</altitudeMode>
		</LookAt>
		<styleUrl>#__managed_style_03F37AB66D29F82A74A0</styleUrl>
		<Point>
			<coordinates>104.7793718265609,17.1822456956597,146.0269995354768</coordinates>
		</Point>
	</Placemark>
	<Placemark id="0FD33ED13C29F7603296">
		<name>MD436 - DB - 212 - 0303 - 341+010</name>
		<LookAt>
			<longitude>104.7793041998999</longitude>
			<latitude>17.1819563989048</latitude>
			<altitude>146.101522824063</altitude>
			<heading>101.4579557614967</heading>
			<tilt>4.330775074096572</tilt>
			<gx:fovy>35</gx:fovy>
			<range>25.20669098732014</range>
			<altitudeMode>absolute</altitudeMode>
		</LookAt>
		<styleUrl>#__managed_style_03F37AB66D29F82A74A0</styleUrl>
		<Point>
			<coordinates>104.7793142953765,17.18195592559383,146.2037524523391</coordinates>
		</Point>
	</Placemark>
	<Placemark id="0666D444DA29F760A3D8">
		<name>MD437 - DB - 212 - 0303 - 341+050</name>
		<LookAt>
			<longitude>104.7792678375841</longitude>
			<latitude>17.18165145524957</latitude>
			<altitude>144.4614388606999</altitude>
			<heading>101.4579482044619</heading>
			<tilt>2.622168238942306</tilt>
			<gx:fovy>35</gx:fovy>
			<range>25.05514715110621</range>
			<altitudeMode>absolute</altitudeMode>
		</LookAt>
		<styleUrl>#__managed_style_03F37AB66D29F82A74A0</styleUrl>
		<Point>
			<coordinates>104.7792716742567,17.18163823863703,144.5685036169793</coordinates>
		</Point>
	</Placemark>
	<Placemark id="02027E3E0629F7610D19">
		<name>MD438 - DB - 212 - 0303 - 341+090</name>
		<LookAt>
			<longitude>104.7792160101697</longitude>
			<latitude>17.18138270474251</latitude>
			<altitude>143.1358602139642</altitude>
			<heading>101.4579275588094</heading>
			<tilt>0.6626342114227317</tilt>
			<gx:fovy>35</gx:fovy>
			<range>68.5853905278782</range>
			<altitudeMode>absolute</altitudeMode>
		</LookAt>
		<styleUrl>#__managed_style_03F37AB66D29F82A74A0</styleUrl>
		<Point>
			<coordinates>104.7792350358243,17.18138114656573,143.3437639944586</coordinates>
		</Point>
	</Placemark>
	<Placemark id="0BB249161E29F763191E">
		<name>MD439 - DB - 212 - 0303 - 341+130</name>
		<LookAt>
			<longitude>104.7791355304318</longitude>
			<latitude>17.18094037434254</latitude>
			<altitude>140.7988384777363</altitude>
			<heading>104.6221632802006</heading>
			<tilt>1.727879946047121</tilt>
			<gx:fovy>35</gx:fovy>
			<range>83.37143574024594</range>
			<altitudeMode>absolute</altitudeMode>
		</LookAt>
		<styleUrl>#__managed_style_03F37AB66D29F82A74A0</styleUrl>
		<Point>
			<coordinates>104.7791762610359,17.1809716876654,140.8699005897814</coordinates>
		</Point>
	</Placemark>
	<Placemark id="06CBE713D029F7637B23">
		<name>MD440 - DB - 212 - 0303 - 341+170</name>
		<LookAt>
			<longitude>104.7790979701223</longitude>
			<latitude>17.18051017934341</latitude>
			<altitude>143.9108192128652</altitude>
			<heading>102.8583553953247</heading>
			<tilt>0</tilt>
			<gx:fovy>35</gx:fovy>
			<range>86.96716214972186</range>
			<altitudeMode>absolute</altitudeMode>
		</LookAt>
		<styleUrl>#__managed_style_03F37AB66D29F82A74A0</styleUrl>
		<Point>
			<coordinates>104.7791081407884,17.18051827289932,143.9893400762777</coordinates>
		</Point>
	</Placemark>
	<Placemark id="0C501EBA1429F763C9CB">
		<name>MD441 - DB - 212 - 0303 - 341+230</name>
		<LookAt>
			<longitude>104.7790033672224</longitude>
			<latitude>17.18000978110156</latitude>
			<altitude>144.4165410355897</altitude>
			<heading>106.1964048391167</heading>
			<tilt>1.845338878869799</tilt>
			<gx:fovy>35</gx:fovy>
			<range>99.86482404305207</range>
			<altitudeMode>absolute</altitudeMode>
		</LookAt>
		<styleUrl>#__managed_style_03F37AB66D29F82A74A0</styleUrl>
		<Point>
			<coordinates>104.7790446483337,17.18003617136396,144.8969568669007</coordinates>
		</Point>
	</Placemark>
	<Placemark id="039610399429F763FE17">
		<name>MD442 - DB - 212 - 0303 - 341+270</name>
		<LookAt>
			<longitude>104.7789896423576</longitude>
			<latitude>17.17972526710578</latitude>
			<altitude>143.6474421709957</altitude>
			<heading>106.1963869019591</heading>
			<tilt>2.507581476439266</tilt>
			<gx:fovy>35</gx:fovy>
			<range>24.98064565516415</range>
			<altitudeMode>absolute</altitudeMode>
		</LookAt>
		<styleUrl>#__managed_style_03F37AB66D29F82A74A0</styleUrl>
		<Point>
			<coordinates>104.7789968805865,17.17972705300829,143.8394144462484</coordinates>
		</Point>
	</Placemark>
	<Placemark id="0A672B4CE129F7643DDC">
		<name>MD443 - DB - 212 - 0303 - 341+310</name>
		<LookAt>
			<longitude>104.7789290333939</longitude>
			<latitude>17.179335542864</latitude>
			<altitude>142.0107537103777</altitude>
			<heading>106.1963693851136</heading>
			<tilt>4.354232861710849</tilt>
			<gx:fovy>35</gx:fovy>
			<range>25.06001444697176</range>
			<altitudeMode>absolute</altitudeMode>
		</LookAt>
		<styleUrl>#__managed_style_03F37AB66D29F82A74A0</styleUrl>
		<Point>
			<coordinates>104.7789404508222,17.1793344420588,142.1935304928465</coordinates>
		</Point>
	</Placemark>
	<Placemark id="08A6BFF71729F765B47B">
		<name>MD444 - DB - 212 - 0303 - 341+350</name>
		<LookAt>
			<longitude>104.7788723467775</longitude>
			<latitude>17.17893591509354</latitude>
			<altitude>140.3151544481079</altitude>
			<heading>101.6709573079516</heading>
			<tilt>5.854301201236241</tilt>
			<gx:fovy>35</gx:fovy>
			<range>25.19687237679136</range>
			<altitudeMode>absolute</altitudeMode>
		</LookAt>
		<styleUrl>#__managed_style_03F37AB66D29F82A74A0</styleUrl>
		<Point>
			<coordinates>104.7788877483194,17.17895094953449,140.4755394556327</coordinates>
		</Point>
	</Placemark>
	<Placemark id="09F345054129F7662ED3">
		<name>MD445 - DB - 212 - 0303 - 341+390</name>
		<LookAt>
			<longitude>104.7788096689061</longitude>
			<latitude>17.17851537528724</latitude>
			<altitude>141.8215149718644</altitude>
			<heading>99.27503968267168</heading>
			<tilt>3.210835158517378</tilt>
			<gx:fovy>35</gx:fovy>
			<range>25.12711939151814</range>
			<altitudeMode>absolute</altitudeMode>
		</LookAt>
		<styleUrl>#__managed_style_03F37AB66D29F82A74A0</styleUrl>
		<Point>
			<coordinates>104.7788225194779,17.17851445974362,141.9128274054706</coordinates>
		</Point>
	</Placemark>
	<Placemark id="06893E16AC29F76697C7">
		<name>MD446 - DB - 212 - 0303 - 341+430</name>
		<LookAt>
			<longitude>104.7787470500402</longitude>
			<latitude>17.17811109792811</latitude>
			<altitude>143.6753557104586</altitude>
			<heading>105.8885663905184</heading>
			<tilt>0</tilt>
			<gx:fovy>35</gx:fovy>
			<range>107.2102920097495</range>
			<altitudeMode>absolute</altitudeMode>
		</LookAt>
		<styleUrl>#__managed_style_03F37AB66D29F82A74A0</styleUrl>
		<Point>
			<coordinates>104.7787637679101,17.17813028521364,143.7452694243979</coordinates>
		</Point>
	</Placemark>
	<Placemark id="04261271C529F7671D98">
		<name>MD447 - DB - 212 - 0303 - 341+470</name>
		<LookAt>
			<longitude>104.7786994878024</longitude>
			<latitude>17.17769081336301</latitude>
			<altitude>145.4795428094442</altitude>
			<heading>98.126669987878</heading>
			<tilt>2.526614976144549</tilt>
			<gx:fovy>35</gx:fovy>
			<range>25.03972825313213</range>
			<altitudeMode>absolute</altitudeMode>
		</LookAt>
		<styleUrl>#__managed_style_03F37AB66D29F82A74A0</styleUrl>
		<Point>
			<coordinates>104.7787028736231,17.17768712317925,145.662831376498</coordinates>
		</Point>
	</Placemark>
	<Placemark id="0A09EC5BF929F767849D">
		<name>MD448 - DB - 212 - 0303 - 341+510</name>
		<LookAt>
			<longitude>104.7786471434667</longitude>
			<latitude>17.17732737992274</latitude>
			<altitude>144.7484832645219</altitude>
			<heading>99.04848570922891</heading>
			<tilt>0.9477120235173951</tilt>
			<gx:fovy>35</gx:fovy>
			<range>25.05925248339282</range>
			<altitudeMode>absolute</altitudeMode>
		</LookAt>
		<styleUrl>#__managed_style_03F37AB66D29F82A74A0</styleUrl>
		<Point>
			<coordinates>104.7786512676455,17.17732334566819,144.8181060894545</coordinates>
		</Point>
	</Placemark>
	<Placemark id="05FCDE82CE29F767D3DA">
		<name>MD449 - DB - 212 - 0303 - 341+550</name>
		<LookAt>
			<longitude>104.7785980878015</longitude>
			<latitude>17.17695325439356</latitude>
			<altitude>141.6896290049161</altitude>
			<heading>99.04849019683026</heading>
			<tilt>0</tilt>
			<gx:fovy>35</gx:fovy>
			<range>24.99977876343565</range>
			<altitudeMode>absolute</altitudeMode>
		</LookAt>
		<styleUrl>#__managed_style_03F37AB66D29F82A74A0</styleUrl>
		<Point>
			<coordinates>104.7785956429447,17.17695930410818,141.9158511462704</coordinates>
		</Point>
	</Placemark>
	<Placemark id="0856FAE54029F768210D">
		<name>MD450 - DB - 212 - 0303 - 341+590</name>
		<LookAt>
			<longitude>104.7785227818279</longitude>
			<latitude>17.17647252939706</latitude>
			<altitude>143.1926865580792</altitude>
			<heading>99.04848914340275</heading>
			<tilt>0.07346520070059469</tilt>
			<gx:fovy>35</gx:fovy>
			<range>24.99626445993272</range>
			<altitudeMode>absolute</altitudeMode>
		</LookAt>
		<styleUrl>#__managed_style_03F37AB66D29F82A74A0</styleUrl>
		<Point>
			<coordinates>104.7785266598579,17.17647117040586,143.3627687808428</coordinates>
		</Point>
	</Placemark>
	<Placemark id="020FD3CDDB29F7686307">
		<name>MD451 - DB - 212 - 0303 - 341+630</name>
		<LookAt>
			<longitude>104.7784521948359</longitude>
			<latitude>17.17610162117804</latitude>
			<altitude>144.8563701655906</altitude>
			<heading>99.04847001863445</heading>
			<tilt>3.762812162971323</tilt>
			<gx:fovy>35</gx:fovy>
			<range>52.36501116793079</range>
			<altitudeMode>absolute</altitudeMode>
		</LookAt>
		<styleUrl>#__managed_style_03F37AB66D29F82A74A0</styleUrl>
		<Point>
			<coordinates>104.7784730877157,17.17610781884376,144.9874010691966</coordinates>
		</Point>
	</Placemark>
	<Placemark id="05F690F77629F7697456">
		<name>MD452 - DB - 212 - 0303 - 341+670</name>
		<LookAt>
			<longitude>104.7784097257125</longitude>
			<latitude>17.17566963381892</latitude>
			<altitude>143.1724863465692</altitude>
			<heading>100.1412204820263</heading>
			<tilt>0</tilt>
			<gx:fovy>35</gx:fovy>
			<range>24.99948904344365</range>
			<altitudeMode>absolute</altitudeMode>
		</LookAt>
		<styleUrl>#__managed_style_03F37AB66D29F82A74A0</styleUrl>
		<Point>
			<coordinates>104.7784134471084,17.17567961665423,143.4085117731358</coordinates>
		</Point>
	</Placemark>
	<Placemark id="0E1EB295D129F769CD80">
		<name>MD453 - DB - 212 - 0303 - 341+720</name>
		<LookAt>
			<longitude>104.7783455824586</longitude>
			<latitude>17.17530760546844</latitude>
			<altitude>142.9743855615544</altitude>
			<heading>100.1412023675312</heading>
			<tilt>2.311857420750793</tilt>
			<gx:fovy>35</gx:fovy>
			<range>25.10930740641015</range>
			<altitudeMode>absolute</altitudeMode>
		</LookAt>
		<styleUrl>#__managed_style_03F37AB66D29F82A74A0</styleUrl>
		<Point>
			<coordinates>104.7783600144371,17.17531404405589,142.9979599175839</coordinates>
		</Point>
	</Placemark>
	<Placemark id="0CA670520629F769E474">
		<name>MD454 - DB - 212 - 0303 - 341+770</name>
		<LookAt>
			<longitude>104.7783615040859</longitude>
			<latitude>17.17479039465816</latitude>
			<altitude>143.3687027746486</altitude>
			<heading>100.1412128985909</heading>
			<tilt>2.311892033191081</tilt>
			<gx:fovy>35</gx:fovy>
			<range>120.5226822772238</range>
			<altitudeMode>absolute</altitudeMode>
		</LookAt>
		<styleUrl>#__managed_style_03F37AB66D29F82A74A0</styleUrl>
		<Point>
			<coordinates>104.7783066901275,17.17494069037422,143.5462000393639</coordinates>
		</Point>
	</Placemark>
	<Placemark id="053851724829F76A90E1">
		<name>MD455 - DB - 212 - 0303 - 341+820</name>
		<LookAt>
			<longitude>104.7782311651493</longitude>
			<latitude>17.17449289615406</latitude>
			<altitude>143.1262564885271</altitude>
			<heading>100.1411965264101</heading>
			<tilt>1.516308280966345</tilt>
			<gx:fovy>35</gx:fovy>
			<range>25.06414005965781</range>
			<altitudeMode>absolute</altitudeMode>
		</LookAt>
		<styleUrl>#__managed_style_03F37AB66D29F82A74A0</styleUrl>
		<Point>
			<coordinates>104.7782599801507,17.17450755410603,143.1426672748765</coordinates>
		</Point>
	</Placemark>
	<Placemark id="0A6629B17F29F76B6B29">
		<name>MD456 - DB - 212 - 0303 - 341+870</name>
		<LookAt>
			<longitude>104.7781798611483</longitude>
			<latitude>17.17409005783773</latitude>
			<altitude>144.7406807500607</altitude>
			<heading>99.76522369421373</heading>
			<tilt>0.0668776258135412</tilt>
			<gx:fovy>35</gx:fovy>
			<range>25.00319166494138</range>
			<altitudeMode>absolute</altitudeMode>
		</LookAt>
		<styleUrl>#__managed_style_03F37AB66D29F82A74A0</styleUrl>
		<Point>
			<coordinates>104.7781893579984,17.17408755098861,144.8850471013849</coordinates>
		</Point>
	</Placemark>
	<Placemark id="0E42E0986729F76BEDEA">
		<name>MD457 - DB - 212 - 0303 - 341+920</name>
		<LookAt>
			<longitude>104.7781160012116</longitude>
			<latitude>17.17368458524036</latitude>
			<altitude>143.9325047627541</altitude>
			<heading>103.3132712218598</heading>
			<tilt>0</tilt>
			<gx:fovy>35</gx:fovy>
			<range>109.5856482801355</range>
			<altitudeMode>absolute</altitudeMode>
		</LookAt>
		<styleUrl>#__managed_style_03F37AB66D29F82A74A0</styleUrl>
		<Point>
			<coordinates>104.7781424260838,17.17370874526873,144.2131634866444</coordinates>
		</Point>
	</Placemark>
	<Placemark id="05294A497329F76C8B71">
		<name>MD458 - DB - 212 - 0303 - 341+970</name>
		<LookAt>
			<longitude>104.7780587092806</longitude>
			<latitude>17.17328203452561</latitude>
			<altitude>146.5008076273502</altitude>
			<heading>97.12415380529433</heading>
			<tilt>1.435064557569666</tilt>
			<gx:fovy>35</gx:fovy>
			<range>25.02811917305281</range>
			<altitudeMode>absolute</altitudeMode>
		</LookAt>
		<styleUrl>#__managed_style_03F37AB66D29F82A74A0</styleUrl>
		<Point>
			<coordinates>104.778071088354,17.17329415037695,146.5021851107169</coordinates>
		</Point>
	</Placemark>
	<Placemark id="061BD1E32229F76CEAA1">
		<name>MD459 - DB - 212 - 0303 - 342+020</name>
		<LookAt>
			<longitude>104.7779838074083</longitude>
			<latitude>17.17288789009879</latitude>
			<altitude>149.2209284926784</altitude>
			<heading>102.5105658268241</heading>
			<tilt>0.9648039752493217</tilt>
			<gx:fovy>35</gx:fovy>
			<range>82.01107869542285</range>
			<altitudeMode>absolute</altitudeMode>
		</LookAt>
		<styleUrl>#__managed_style_03F37AB66D29F82A74A0</styleUrl>
		<Point>
			<coordinates>104.7780077027843,17.17287872838991,149.2094470133774</coordinates>
		</Point>
	</Placemark>
	<Placemark id="0090F5872229F76D2267">
		<name>MD460 - DB - 212 - 0303 - 342+065</name>
		<LookAt>
			<longitude>104.7779399267203</longitude>
			<latitude>17.17253842842406</latitude>
			<altitude>148.6855162712727</altitude>
			<heading>102.5105372719279</heading>
			<tilt>5.640222695273504</tilt>
			<gx:fovy>35</gx:fovy>
			<range>25.20320565581642</range>
			<altitudeMode>absolute</altitudeMode>
		</LookAt>
		<styleUrl>#__managed_style_03F37AB66D29F82A74A0</styleUrl>
		<Point>
			<coordinates>104.7779493329697,17.172536276579,148.8167495044356</coordinates>
		</Point>
	</Placemark>
	<Placemark id="0C63AA6DE229F76D7D8D">
		<name>MD461 - DB - 212 - 0303 - 342+110</name>
		<LookAt>
			<longitude>104.7779046681721</longitude>
			<latitude>17.17221431819057</latitude>
			<altitude>148.2717829395924</altitude>
			<heading>102.5105552035815</heading>
			<tilt>0</tilt>
			<gx:fovy>35</gx:fovy>
			<range>40.54584063640959</range>
			<altitudeMode>absolute</altitudeMode>
		</LookAt>
		<styleUrl>#__managed_style_00D23748AB29F82A74A4</styleUrl>
		<Point>
			<coordinates>104.7779044403459,17.17219939531446,148.4329720975578</coordinates>
		</Point>
	</Placemark>
	<Placemark id="00BEDBAFAE29F76DDD88">
		<name>MD462 - DB - 212 - 0303 - 342+155</name>
		<LookAt>
			<longitude>104.7778958121667</longitude>
			<latitude>17.17190550282633</latitude>
			<altitude>148.5402994047519</altitude>
			<heading>102.5105422564155</heading>
			<tilt>1.89939248925811</tilt>
			<gx:fovy>35</gx:fovy>
			<range>45.11647192175587</range>
			<altitudeMode>absolute</altitudeMode>
		</LookAt>
		<styleUrl>#__managed_style_03F37AB66D29F82A74A0</styleUrl>
		<Point>
			<coordinates>104.7778692280688,17.17192789944914,148.8460815046833</coordinates>
		</Point>
	</Placemark>
	<Placemark id="0A0C2EA20529F76E2FED">
		<name>MD463 - DB - 212 - 0303 - 342+220</name>
		<LookAt>
			<longitude>104.77781401892</longitude>
			<latitude>17.17151856945039</latitude>
			<altitude>146.4447699440586</altitude>
			<heading>100.0872858124902</heading>
			<tilt>4.656382774163069</tilt>
			<gx:fovy>35</gx:fovy>
			<range>24.99703511511143</range>
			<altitudeMode>absolute</altitudeMode>
		</LookAt>
		<styleUrl>#__managed_style_03F37AB66D29F82A74A0</styleUrl>
		<Point>
			<coordinates>104.7778139225352,17.17151317869406,146.5891634914856</coordinates>
		</Point>
	</Placemark>
	<Placemark id="02079E1FD329F76E6D0A">
		<name>MD464 - DB - 212 - 0303 - 342+265</name>
		<LookAt>
			<longitude>104.7777740226213</longitude>
			<latitude>17.17121311907701</latitude>
			<altitude>145.9631734417541</altitude>
			<heading>100.0872924231391</heading>
			<tilt>0.9334795252262604</tilt>
			<gx:fovy>35</gx:fovy>
			<range>90.94592736061715</range>
			<altitudeMode>absolute</altitudeMode>
		</LookAt>
		<styleUrl>#__managed_style_03F37AB66D29F82A74A0</styleUrl>
		<Point>
			<coordinates>104.7777698721547,17.17122393708976,146.0605440338421</coordinates>
		</Point>
	</Placemark>
	<Placemark id="078979836F29F76EC686">
		<name>MD465 - DB - 212 - 0303 - 342+310</name>
		<LookAt>
			<longitude>104.7777188939308</longitude>
			<latitude>17.17086822411274</latitude>
			<altitude>146.3683486117993</altitude>
			<heading>100.0872799710221</heading>
			<tilt>0.3713742894736438</tilt>
			<gx:fovy>35</gx:fovy>
			<range>66.01979831634709</range>
			<altitudeMode>absolute</altitudeMode>
		</LookAt>
		<styleUrl>#__managed_style_03F37AB66D29F82A74A0</styleUrl>
		<Point>
			<coordinates>104.7777166652797,17.17086656513285,146.5350773540229</coordinates>
		</Point>
	</Placemark>
	<Placemark id="0D127A119629F76F267A">
		<name>MD466 - DB - 212 - 0303 - 342+355</name>
		<LookAt>
			<longitude>104.7776727289035</longitude>
			<latitude>17.17056103305009</latitude>
			<altitude>146.849400589057</altitude>
			<heading>100.0872717005849</heading>
			<tilt>0.3936105261245234</tilt>
			<gx:fovy>35</gx:fovy>
			<range>25.00058997941323</range>
			<altitudeMode>absolute</altitudeMode>
		</LookAt>
		<styleUrl>#__managed_style_03F37AB66D29F82A74A0</styleUrl>
		<Point>
			<coordinates>104.777673005163,17.17055774478016,147.0136779194305</coordinates>
		</Point>
	</Placemark>
	<Placemark id="0E6E3A0E2C29F76FE58E">
		<name>MD467 - DB - 212 - 0303 - 342+400</name>
		<LookAt>
			<longitude>104.7776098604792</longitude>
			<latitude>17.17012854680752</latitude>
			<altitude>146.4256286011188</altitude>
			<heading>93.52591192692825</heading>
			<tilt>0.2112368980000883</tilt>
			<gx:fovy>35</gx:fovy>
			<range>134.5514110193108</range>
			<altitudeMode>absolute</altitudeMode>
		</LookAt>
		<styleUrl>#__managed_style_03F37AB66D29F82A74A0</styleUrl>
		<Point>
			<coordinates>104.7776141942765,17.1701758105096,146.6048236177295</coordinates>
		</Point>
	</Placemark>
	<Placemark id="041086B6CF29F7706B47">
		<name>MD468 - DB - 212 - 0303 - 342+445</name>
		<LookAt>
			<longitude>104.7775565490209</longitude>
			<latitude>17.16975568198341</latitude>
			<altitude>146.0787170933277</altitude>
			<heading>90.29544047085329</heading>
			<tilt>1.687695201025029</tilt>
			<gx:fovy>35</gx:fovy>
			<range>79.70524363431652</range>
			<altitudeMode>absolute</altitudeMode>
		</LookAt>
		<styleUrl>#__managed_style_03F37AB66D29F82A74A0</styleUrl>
		<Point>
			<coordinates>104.7775574271582,17.16977747907589,146.2436907489136</coordinates>
		</Point>
	</Placemark>
	<Placemark id="011CA407D229F7708764">
		<name>MD469 - DB - 212 - 0303 - 342+490</name>
		<LookAt>
			<longitude>104.7775890220269</longitude>
			<latitude>17.16925430348368</latitude>
			<altitude>145.6157488027933</altitude>
			<heading>90.29544997280199</heading>
			<tilt>1.687725951076738</tilt>
			<gx:fovy>35</gx:fovy>
			<range>195.8074188344472</range>
			<altitudeMode>absolute</altitudeMode>
		</LookAt>
		<styleUrl>#__managed_style_03F37AB66D29F82A74A0</styleUrl>
		<Point>
			<coordinates>104.7775045527025,17.16939000233158,146.0854392644777</coordinates>
		</Point>
	</Placemark>
	<Placemark id="0CB3B1A56729F770AA91">
		<name>MD470 - DB - 212 - 0303 - 342+535</name>
		<LookAt>
			<longitude>104.7774798177026</longitude>
			<latitude>17.16896825919159</latitude>
			<altitude>144.3889896899709</altitude>
			<heading>90.29544184398628</heading>
			<tilt>1.687699641763399</tilt>
			<gx:fovy>35</gx:fovy>
			<range>96.47292144234598</range>
			<altitudeMode>absolute</altitudeMode>
		</LookAt>
		<styleUrl>#__managed_style_03F37AB66D29F82A74A0</styleUrl>
		<Point>
			<coordinates>104.7774636062287,17.16898357155681,144.7739792021565</coordinates>
		</Point>
	</Placemark>
	<Placemark id="06FB1E683D29F771D81B">
		<name>MD471 - DB - 212 - 0303 - 342+580</name>
		<LookAt>
			<longitude>104.7773837334583</longitude>
			<latitude>17.16856682562242</latitude>
			<altitude>144.3303161616363</altitude>
			<heading>97.29094172120602</heading>
			<tilt>0.6272507540630158</tilt>
			<gx:fovy>35</gx:fovy>
			<range>46.95739910610428</range>
			<altitudeMode>absolute</altitudeMode>
		</LookAt>
		<styleUrl>#__managed_style_03F37AB66D29F82A74A0</styleUrl>
		<Point>
			<coordinates>104.7773923508602,17.1685827621559,144.463059369591</coordinates>
		</Point>
	</Placemark>
	<Placemark id="06641C962929F7720ECB">
		<name>MD472 - DB - 212 - 0303 - 342+625</name>
		<LookAt>
			<longitude>104.7773292482316</longitude>
			<latitude>17.16818276278246</latitude>
			<altitude>147.2127045855576</altitude>
			<heading>97.29094349207021</heading>
			<tilt>0.1598758247478811</tilt>
			<gx:fovy>35</gx:fovy>
			<range>39.2771249222551</range>
			<altitudeMode>absolute</altitudeMode>
		</LookAt>
		<styleUrl>#__managed_style_03F37AB66D29F82A74A0</styleUrl>
		<Point>
			<coordinates>104.7773319082815,17.16819038567825,147.3499272953325</coordinates>
		</Point>
	</Placemark>
	<Placemark id="0084FC150729F7723D1B">
		<name>MD473 - DB - 212 - 0303 - 342+670</name>
		<LookAt>
			<longitude>104.7772718425742</longitude>
			<latitude>17.16776820225889</latitude>
			<altitude>147.6818285955233</altitude>
			<heading>97.29093363193151</heading>
			<tilt>2.017871097293821</tilt>
			<gx:fovy>35</gx:fovy>
			<range>81.36331694291586</range>
			<altitudeMode>absolute</altitudeMode>
		</LookAt>
		<styleUrl>#__managed_style_03F37AB66D29F82A74A0</styleUrl>
		<Point>
			<coordinates>104.777270068755,17.16778037760526,147.8838016083734</coordinates>
		</Point>
	</Placemark>
	<Placemark id="0904721C6D29F7728ADC">
		<name>MD474 - DB - 212 - 0303 - 342+715</name>
		<LookAt>
			<longitude>104.7772124467227</longitude>
			<latitude>17.16738040358345</latitude>
			<altitude>147.5838469649297</altitude>
			<heading>97.29094181852328</heading>
			<tilt>1.394273311860503</tilt>
			<gx:fovy>35</gx:fovy>
			<range>83.47714297652601</range>
			<altitudeMode>absolute</altitudeMode>
		</LookAt>
		<styleUrl>#__managed_style_03F37AB66D29F82A74A0</styleUrl>
		<Point>
			<coordinates>104.7772025098327,17.167384174466,147.7695160948309</coordinates>
		</Point>
	</Placemark>
	<Placemark id="0B7885C8ED29F772DDD7">
		<name>MD475 - DB - 212 - 0303 - 342+755</name>
		<LookAt>
			<longitude>104.7771452423969</longitude>
			<latitude>17.16698238631634</latitude>
			<altitude>149.1141810215769</altitude>
			<heading>98.17328385522086</heading>
			<tilt>4.649868554648712</tilt>
			<gx:fovy>35</gx:fovy>
			<range>78.98278627347281</range>
			<altitudeMode>absolute</altitudeMode>
		</LookAt>
		<styleUrl>#__managed_style_03F37AB66D29F82A74A0</styleUrl>
		<Point>
			<coordinates>104.7771454923187,17.16698235201816,149.2804180406564</coordinates>
		</Point>
	</Placemark>
	<Placemark id="0D78E23C5029F773530C">
		<name>MD476 - DB - 212 - 0303 - 342+790</name>
		<LookAt>
			<longitude>104.777069787627</longitude>
			<latitude>17.16648362132889</latitude>
			<altitude>147.3797935827738</altitude>
			<heading>93.32388375384704</heading>
			<tilt>0</tilt>
			<gx:fovy>35</gx:fovy>
			<range>60.40945179292068</range>
			<altitudeMode>absolute</altitudeMode>
		</LookAt>
		<styleUrl>#__managed_style_03F37AB66D29F82A74A0</styleUrl>
		<Point>
			<coordinates>104.7770722913389,17.16649102042544,147.6487366385591</coordinates>
		</Point>
	</Placemark>
	<Placemark id="0AE5E31AFA29F7743183">
		<name>MD477 - DB - 212 - 0303 - 342+825</name>
		<LookAt>
			<longitude>104.7770256945899</longitude>
			<latitude>17.16601734462546</latitude>
			<altitude>145.7908545360923</altitude>
			<heading>99.35191944024426</heading>
			<tilt>8.049717788391856</tilt>
			<gx:fovy>35</gx:fovy>
			<range>25.24246271473203</range>
			<altitudeMode>absolute</altitudeMode>
		</LookAt>
		<styleUrl>#__managed_style_03F37AB66D29F82A74A0</styleUrl>
		<Point>
			<coordinates>104.7770338901581,17.16601839862389,145.9508777386911</coordinates>
		</Point>
	</Placemark>
	<Placemark id="0B1BB1D35A29F7749AD2">
		<name>MD478 - DB - 212 - 0303 - 342+860</name>
		<LookAt>
			<longitude>104.7769764460385</longitude>
			<latitude>17.16564747711693</latitude>
			<altitude>144.9949775260107</altitude>
			<heading>99.15775727619648</heading>
			<tilt>6.211589795387396</tilt>
			<gx:fovy>35</gx:fovy>
			<range>25.15978821781573</range>
			<altitudeMode>absolute</altitudeMode>
		</LookAt>
		<styleUrl>#__managed_style_03F37AB66D29F82A74A0</styleUrl>
		<Point>
			<coordinates>104.7769850255107,17.16563666237904,145.1571837025604</coordinates>
		</Point>
	</Placemark>
	<Placemark id="0AF8693CF829F774D9AD">
		<name>MD479 - DB - 212 - 0303 - 342+895</name>
		<LookAt>
			<longitude>104.7769115500023</longitude>
			<latitude>17.16529565539124</latitude>
			<altitude>145.2370362479837</altitude>
			<heading>99.15775112847966</heading>
			<tilt>4.88445464775231</tilt>
			<gx:fovy>35</gx:fovy>
			<range>25.25533207677654</range>
			<altitudeMode>absolute</altitudeMode>
		</LookAt>
		<styleUrl>#__managed_style_03F37AB66D29F82A74A0</styleUrl>
		<Point>
			<coordinates>104.7769227636732,17.16528327630908,145.3301971792512</coordinates>
		</Point>
	</Placemark>
	<Placemark id="06AB76E71629F7751FDE">
		<name>MD480 - DB - 212 - 0303 - 342+930</name>
		<LookAt>
			<longitude>104.7768388967364</longitude>
			<latitude>17.16490475303673</latitude>
			<altitude>146.2535331971722</altitude>
			<heading>99.15770847474239</heading>
			<tilt>12.01890735614796</tilt>
			<gx:fovy>35</gx:fovy>
			<range>25.64127387251574</range>
			<altitudeMode>absolute</altitudeMode>
		</LookAt>
		<styleUrl>#__managed_style_03F37AB66D29F82A74A0</styleUrl>
		<Point>
			<coordinates>104.7768641584381,17.1649113475831,146.3833220570423</coordinates>
		</Point>
	</Placemark>
	<Placemark id="0A4EFCFD7829F776E3E4">
		<name>MD481 - DB - 212 - 0303 - 342+965</name>
		<LookAt>
			<longitude>104.7768044127634</longitude>
			<latitude>17.16457667347154</latitude>
			<altitude>145.5214391113882</altitude>
			<heading>94.68196433435787</heading>
			<tilt>3.366715372846634</tilt>
			<gx:fovy>35</gx:fovy>
			<range>45.54041628884534</range>
			<altitudeMode>absolute</altitudeMode>
		</LookAt>
		<styleUrl>#__managed_style_03F37AB66D29F82A74A0</styleUrl>
		<Point>
			<coordinates>104.7768156061726,17.16458330335822,145.7075273832685</coordinates>
		</Point>
	</Placemark>
	<Placemark id="000FCD6F7529F7773648">
		<name>MD482 - DB - 212 - 0303 - 343+000</name>
		<LookAt>
			<longitude>104.776746941301</longitude>
			<latitude>17.16421357625213</latitude>
			<altitude>144.7407078108699</altitude>
			<heading>98.76279281801909</heading>
			<tilt>1.363769629173343</tilt>
			<gx:fovy>35</gx:fovy>
			<range>100.2354222680151</range>
			<altitudeMode>absolute</altitudeMode>
		</LookAt>
		<styleUrl>#__managed_style_03F37AB66D29F82A74A0</styleUrl>
		<Point>
			<coordinates>104.7767630579177,17.16421120261655,144.8104105144523</coordinates>
		</Point>
	</Placemark>
	<Placemark id="0FC37B1E8629F777655F">
		<name>MD483 - DB - 212 - 0303 - 343+040</name>
		<LookAt>
			<longitude>104.7766955054395</longitude>
			<latitude>17.16385138984506</latitude>
			<altitude>143.5699217771759</altitude>
			<heading>98.76276869311337</heading>
			<tilt>9.02365262867991</tilt>
			<gx:fovy>35</gx:fovy>
			<range>66.5916186645518</range>
			<altitudeMode>absolute</altitudeMode>
		</LookAt>
		<styleUrl>#__managed_style_03F37AB66D29F82A74A0</styleUrl>
		<Point>
			<coordinates>104.776720967776,17.16388553694621,143.6700307297262</coordinates>
		</Point>
	</Placemark>
	<Placemark id="02AA130F7E29F7779D2C">
		<name>MD484 - DB - 212 - 0303 - 343+080</name>
		<LookAt>
			<longitude>104.7766616481061</longitude>
			<latitude>17.16351756015086</latitude>
			<altitude>142.4431263559889</altitude>
			<heading>98.76276037235458</heading>
			<tilt>3.84570690556607</tilt>
			<gx:fovy>35</gx:fovy>
			<range>25.18679301826978</range>
			<altitudeMode>absolute</altitudeMode>
		</LookAt>
		<styleUrl>#__managed_style_03F37AB66D29F82A74A0</styleUrl>
		<Point>
			<coordinates>104.7766705488695,17.16352153554526,142.5661442230632</coordinates>
		</Point>
	</Placemark>
	<Placemark id="0CD16AE7FB29F777D842">
		<name>MD485 - DB - 212 - 0303 - 343+120</name>
		<LookAt>
			<longitude>104.7766282696894</longitude>
			<latitude>17.16316675324876</latitude>
			<altitude>141.8263541770567</altitude>
			<heading>98.76278205249986</heading>
			<tilt>0</tilt>
			<gx:fovy>35</gx:fovy>
			<range>47.92490743057897</range>
			<altitudeMode>absolute</altitudeMode>
		</LookAt>
		<styleUrl>#__managed_style_03F37AB66D29F82A74A0</styleUrl>
		<Point>
			<coordinates>104.7766205135832,17.16316553693719,141.9706563735616</coordinates>
		</Point>
	</Placemark>
	<Placemark id="0170B306F329F77905B9">
		<name>MD486 - DB - 212 - 0303 - 343+160</name>
		<LookAt>
			<longitude>104.7765502539065</longitude>
			<latitude>17.16282891455417</latitude>
			<altitude>143.0012608000202</altitude>
			<heading>99.17056505688031</heading>
			<tilt>1.077541012134003</tilt>
			<gx:fovy>35</gx:fovy>
			<range>87.42133300357636</range>
			<altitudeMode>absolute</altitudeMode>
		</LookAt>
		<styleUrl>#__managed_style_03F37AB66D29F82A74A0</styleUrl>
		<Point>
			<coordinates>104.7765638592029,17.16279133080469,143.2966828508978</coordinates>
		</Point>
	</Placemark>
	<Placemark id="05873D8C0A29F779775C">
		<name>MD487 - DB - 212 - 0303 - 343+200</name>
		<LookAt>
			<longitude>104.7765123542497</longitude>
			<latitude>17.16243753551973</latitude>
			<altitude>144.3232278875903</altitude>
			<heading>102.0569654515426</heading>
			<tilt>0</tilt>
			<gx:fovy>35</gx:fovy>
			<range>93.38892745473458</range>
			<altitudeMode>absolute</altitudeMode>
		</LookAt>
		<styleUrl>#__managed_style_03F37AB66D29F82A74A0</styleUrl>
		<Point>
			<coordinates>104.7765160782895,17.16245827451431,144.3861090578956</coordinates>
		</Point>
	</Placemark>
	<Placemark id="056AC540CB29F77A46EF">
		<name>MD488 - DB - 212 - 0303 - 343+240</name>
		<LookAt>
			<longitude>104.7764450976049</longitude>
			<latitude>17.16205275473487</latitude>
			<altitude>146.3638338449</altitude>
			<heading>99.4465749340052</heading>
			<tilt>1.101043069732208</tilt>
			<gx:fovy>35</gx:fovy>
			<range>69.33633895273488</range>
			<altitudeMode>absolute</altitudeMode>
		</LookAt>
		<styleUrl>#__managed_style_03F37AB66D29F82A74A0</styleUrl>
		<Point>
			<coordinates>104.7764611838972,17.16207161071762,146.385621196043</coordinates>
		</Point>
	</Placemark>
	<Placemark id="06EF833E6E29F77B3686">
		<name>MD489 - DB - 212 - 0303 - 343+280</name>
		<LookAt>
			<longitude>104.7764074073809</longitude>
			<latitude>17.16172523926337</latitude>
			<altitude>147.9878953505498</altitude>
			<heading>94.76199856660705</heading>
			<tilt>0.7844469735688879</tilt>
			<gx:fovy>35</gx:fovy>
			<range>83.61003753685509</range>
			<altitudeMode>absolute</altitudeMode>
		</LookAt>
		<styleUrl>#__managed_style_03F37AB66D29F82A74A0</styleUrl>
		<Point>
			<coordinates>104.7764098291381,17.16171944014242,148.2050954555692</coordinates>
		</Point>
	</Placemark>
	<Placemark id="08F5F2E4B729F77B6CA2">
		<name>MD490 - DB - 212 - 0303 - 343+320</name>
		<LookAt>
			<longitude>104.7763436805307</longitude>
			<latitude>17.16136362796903</latitude>
			<altitude>147.8353659104062</altitude>
			<heading>94.76199066607617</heading>
			<tilt>1.17651038451304</tilt>
			<gx:fovy>35</gx:fovy>
			<range>64.22110651243202</range>
			<altitudeMode>absolute</altitudeMode>
		</LookAt>
		<styleUrl>#__managed_style_03F37AB66D29F82A74A0</styleUrl>
		<Point>
			<coordinates>104.7763554703737,17.16135053706759,147.9771700725776</coordinates>
		</Point>
	</Placemark>
	<Placemark id="0E71FEF18629F77C0286">
		<name>MD491 - DB - 212 - 0303 - 343+360</name>
		<LookAt>
			<longitude>104.7762914128571</longitude>
			<latitude>17.16102811896993</latitude>
			<altitude>147.4404087075473</altitude>
			<heading>100.6603985850095</heading>
			<tilt>2.477521132155687</tilt>
			<gx:fovy>35</gx:fovy>
			<range>59.12806082911631</range>
			<altitudeMode>absolute</altitudeMode>
		</LookAt>
		<styleUrl>#__managed_style_03F37AB66D29F82A74A0</styleUrl>
		<Point>
			<coordinates>104.7763016830343,17.16104420645417,147.5874100913789</coordinates>
		</Point>
	</Placemark>
	<Placemark id="036B1E608529F77C6AC0">
		<name>MD492 - DB - 212 - 0303 - 343+400</name>
		<LookAt>
			<longitude>104.7762443905303</longitude>
			<latitude>17.16073847263101</latitude>
			<altitude>145.7551104127147</altitude>
			<heading>97.29265893699183</heading>
			<tilt>1.2266736957166</tilt>
			<gx:fovy>35</gx:fovy>
			<range>71.82421667361268</range>
			<altitudeMode>absolute</altitudeMode>
		</LookAt>
		<styleUrl>#__managed_style_03F37AB66D29F82A74A0</styleUrl>
		<Point>
			<coordinates>104.7762648026712,17.160712548352,145.6579649224277</coordinates>
		</Point>
	</Placemark>
	<Placemark id="01986339A629F77CBCED">
		<name>MD493 - DB - 212 - 0303 - 343+440</name>
		<LookAt>
			<longitude>104.7762201257912</longitude>
			<latitude>17.16035890473872</latitude>
			<altitude>143.7112657324833</altitude>
			<heading>106.0684217304007</heading>
			<tilt>0.5583143765309315</tilt>
			<gx:fovy>35</gx:fovy>
			<range>76.53132635558904</range>
			<altitudeMode>absolute</altitudeMode>
		</LookAt>
		<styleUrl>#__managed_style_03F37AB66D29F82A74A0</styleUrl>
		<Point>
			<coordinates>104.7762158296731,17.16036734228753,143.9297689274836</coordinates>
		</Point>
	</Placemark>
	<Placemark id="0DFA46EFE529F77D4EA8">
		<name>MD494 - DB - 212 - 0303 - 343+480</name>
		<LookAt>
			<longitude>104.7761867004031</longitude>
			<latitude>17.16000511337658</latitude>
			<altitude>143.0970094194342</altitude>
			<heading>-85.26961274037734</heading>
			<tilt>0.09150010438116363</tilt>
			<gx:fovy>35</gx:fovy>
			<range>94.85318967748753</range>
			<altitudeMode>absolute</altitudeMode>
		</LookAt>
		<styleUrl>#__managed_style_03F37AB66D29F82A74A0</styleUrl>
		<Point>
			<coordinates>104.7761653048113,17.15999233812653,143.2328201712202</coordinates>
		</Point>
	</Placemark>
	<Placemark id="04DB6DFE8629F77DA64D">
		<name>MD494 - DB - 212 - 0303 - 343+520</name>
		<LookAt>
			<longitude>104.7761126344478</longitude>
			<latitude>17.15968114322541</latitude>
			<altitude>142.1545568748998</altitude>
			<heading>-84.52382340149559</heading>
			<tilt>0.7013070548721397</tilt>
			<gx:fovy>35</gx:fovy>
			<range>95.08466436229357</range>
			<altitudeMode>absolute</altitudeMode>
		</LookAt>
		<styleUrl>#__managed_style_03F37AB66D29F82A74A0</styleUrl>
		<Point>
			<coordinates>104.776125067853,17.15968697355056,142.2687713543515</coordinates>
		</Point>
	</Placemark>
	<Placemark id="080592C19D29F77F2649">
		<name>MD495 - DB - 212 - 0303 - 343+560</name>
		<LookAt>
			<longitude>104.7760431366908</longitude>
			<latitude>17.15933134946677</latitude>
			<altitude>143.1606809458291</altitude>
			<heading>99.07018320305896</heading>
			<tilt>2.317277861636065</tilt>
			<gx:fovy>35</gx:fovy>
			<range>54.900008948307</range>
			<altitudeMode>absolute</altitudeMode>
		</LookAt>
		<styleUrl>#__managed_style_03F37AB66D29F82A74A0</styleUrl>
		<Point>
			<coordinates>104.7760716453146,17.15934909685735,143.1007886498999</coordinates>
		</Point>
	</Placemark>
	<Placemark id="05AECC60C329F77F5E36">
		<name>MD496 - DB - 212 - 0303 - 343+600</name>
		<LookAt>
			<longitude>104.7759783887909</longitude>
			<latitude>17.15896454238114</latitude>
			<altitude>147.2831573294905</altitude>
			<heading>99.07017562463774</heading>
			<tilt>2.220906084570772</tilt>
			<gx:fovy>35</gx:fovy>
			<range>58.36254528306199</range>
			<altitudeMode>absolute</altitudeMode>
		</LookAt>
		<styleUrl>#__managed_style_03F37AB66D29F82A74A0</styleUrl>
		<Point>
			<coordinates>104.7760126488263,17.15898460264241,147.2485048987215</coordinates>
		</Point>
	</Placemark>
	<Placemark id="0D0C90D92F29F77FE892">
		<name>MD497 - DB - 212 - 0303 - 343+640</name>
		<LookAt>
			<longitude>104.7759826170731</longitude>
			<latitude>17.15868008684103</latitude>
			<altitude>148.3597467050157</altitude>
			<heading>93.30574701649962</heading>
			<tilt>0.9311298699203143</tilt>
			<gx:fovy>35</gx:fovy>
			<range>85.80205899630528</range>
			<altitudeMode>absolute</altitudeMode>
		</LookAt>
		<styleUrl>#__managed_style_03F37AB66D29F82A74A0</styleUrl>
		<Point>
			<coordinates>104.7759701941428,17.15870090048713,148.5691912210725</coordinates>
		</Point>
	</Placemark>
	<Placemark id="0B27F2C29029F780842D">
		<name>MD498 - DB - 212 - 0303 - 343+680</name>
		<LookAt>
			<longitude>104.7759055215927</longitude>
			<latitude>17.1584161252198</latitude>
			<altitude>147.5961371868956</altitude>
			<heading>93.3057453143111</heading>
			<tilt>1.588453564899553</tilt>
			<gx:fovy>35</gx:fovy>
			<range>78.37288512952</range>
			<altitudeMode>absolute</altitudeMode>
		</LookAt>
		<styleUrl>#__managed_style_03F37AB66D29F82A74A0</styleUrl>
		<Point>
			<coordinates>104.7759231307584,17.15838638836185,147.4471074062411</coordinates>
		</Point>
	</Placemark>
	<Placemark id="0617CD012029F7810B4C">
		<name>MD499 - DB - 212 - 0303 - 343+720</name>
		<LookAt>
			<longitude>104.775875095735</longitude>
			<latitude>17.15807976791616</latitude>
			<altitude>144.5339005935067</altitude>
			<heading>99.05614950790522</heading>
			<tilt>1.77231902144757</tilt>
			<gx:fovy>35</gx:fovy>
			<range>66.93801947578322</range>
			<altitudeMode>absolute</altitudeMode>
		</LookAt>
		<styleUrl>#__managed_style_03F37AB66D29F82A74A0</styleUrl>
		<Point>
			<coordinates>104.7758897776577,17.15810459253409,144.831263650706</coordinates>
		</Point>
	</Placemark>
	<Placemark id="0B293B44C229F7812649">
		<name>MD500 - DB - 212 - 0303 - 343+760</name>
		<LookAt>
			<longitude>104.7758386123806</longitude>
			<latitude>17.15781520184098</latitude>
			<altitude>141.7346303214592</altitude>
			<heading>99.05615639852685</heading>
			<tilt>1.772341622589837</tilt>
			<gx:fovy>35</gx:fovy>
			<range>148.198740775133</range>
			<altitudeMode>absolute</altitudeMode>
		</LookAt>
		<styleUrl>#__managed_style_03F37AB66D29F82A74A0</styleUrl>
		<Point>
			<coordinates>104.7758489400256,17.15779028127177,141.6679942916906</coordinates>
		</Point>
	</Placemark>
	<Placemark id="077D48AFD429F7F22947">
		<name>MD501 - DB - 212 - 0303 - 344+945</name>
		<LookAt>
			<longitude>104.7742470128956</longitude>
			<latitude>17.14672963880255</latitude>
			<altitude>139.5282117787195</altitude>
			<heading>99.05620541637199</heading>
			<tilt>3.861322806074912</tilt>
			<gx:fovy>35</gx:fovy>
			<range>83.16078612846469</range>
			<altitudeMode>absolute</altitudeMode>
		</LookAt>
		<styleUrl>#__managed_style_03F37AB66D29F82A74A0</styleUrl>
		<Point>
			<coordinates>104.7743042126507,17.14678925200571,140.7828157226106</coordinates>
		</Point>
	</Placemark>
	<Placemark id="08BEFAF69729F7F25C0F">
		<name>MD502 - DB - 212 - 0303 - 344+980</name>
		<LookAt>
			<longitude>104.7741924959932</longitude>
			<latitude>17.14637037332288</latitude>
			<altitude>137.8064063472611</altitude>
			<heading>99.05620745597044</heading>
			<tilt>1.260737480027975</tilt>
			<gx:fovy>35</gx:fovy>
			<range>210.092028273466</range>
			<altitudeMode>absolute</altitudeMode>
		</LookAt>
		<styleUrl>#__managed_style_03F37AB66D29F82A74A0</styleUrl>
		<Point>
			<coordinates>104.774235384496,17.14639617883796,137.983955283245</coordinates>
		</Point>
	</Placemark>
	<Placemark id="09EE5A82CC29F7F271BC">
		<name>MD503 - DB - 212 - 0303 - 345+015</name>
		<LookAt>
			<longitude>104.774147543955</longitude>
			<latitude>17.14598740203947</latitude>
			<altitude>141.7906981664692</altitude>
			<heading>99.0561825185747</heading>
			<tilt>1.260712897386631</tilt>
			<gx:fovy>35</gx:fovy>
			<range>85.8498048509864</range>
			<altitudeMode>absolute</altitudeMode>
		</LookAt>
		<styleUrl>#__managed_style_03F37AB66D29F82A74A0</styleUrl>
		<Point>
			<coordinates>104.7741857171912,17.14599301748824,141.5182211514921</coordinates>
		</Point>
	</Placemark>
	<Placemark id="0C414DA46629F7F320D0">
		<name>MD504 - DB - 212 - 0303 - 345+050</name>
		<LookAt>
			<longitude>104.7741459527311</longitude>
			<latitude>17.14569722802355</latitude>
			<altitude>143.9287187944167</altitude>
			<heading>91.12763285280961</heading>
			<tilt>2.650322514941386</tilt>
			<gx:fovy>35</gx:fovy>
			<range>78.46443085259126</range>
			<altitudeMode>absolute</altitudeMode>
		</LookAt>
		<styleUrl>#__managed_style_03F37AB66D29F82A74A0</styleUrl>
		<Point>
			<coordinates>104.7741562338527,17.14567411965834,144.0799371550354</coordinates>
		</Point>
	</Placemark>
	<Placemark id="0112E9D1C229F7F3359E">
		<name>MD505 - DB - 212 - 0303 - 345+085</name>
		<LookAt>
			<longitude>104.7741336536914</longitude>
			<latitude>17.14549078115136</latitude>
			<altitude>143.6880290757969</altitude>
			<heading>91.12763296134808</heading>
			<tilt>2.650322866562977</tilt>
			<gx:fovy>35</gx:fovy>
			<range>79.31013509803051</range>
			<altitudeMode>absolute</altitudeMode>
		</LookAt>
		<styleUrl>#__managed_style_03F37AB66D29F82A74A0</styleUrl>
		<Point>
			<coordinates>104.7741527748217,17.14540281252479,143.2000910054873</coordinates>
		</Point>
	</Placemark>
	<Placemark id="09B2F5F2E929F7F38116">
		<name>MD506 - DB - 212 - 0303 - 345+120</name>
		<LookAt>
			<longitude>104.7740986587207</longitude>
			<latitude>17.1451448391704</latitude>
			<altitude>142.536928489939</altitude>
			<heading>91.12761057863551</heading>
			<tilt>4.735727476116742</tilt>
			<gx:fovy>35</gx:fovy>
			<range>64.12091554479957</range>
			<altitudeMode>absolute</altitudeMode>
		</LookAt>
		<styleUrl>#__managed_style_03F37AB66D29F82A74A0</styleUrl>
		<Point>
			<coordinates>104.7741521896303,17.14510133876723,142.5738861003188</coordinates>
		</Point>
	</Placemark>
	<Placemark id="0872E97A1329F7F3E76F">
		<name>MD507 - DB - 212 - 0303 - 345+155</name>
		<LookAt>
			<longitude>104.7741667012312</longitude>
			<latitude>17.14476076163839</latitude>
			<altitude>143.9959800830748</altitude>
			<heading>91.12760654508557</heading>
			<tilt>0.4359538610590312</tilt>
			<gx:fovy>35</gx:fovy>
			<range>25.00251661736002</range>
			<altitudeMode>absolute</altitudeMode>
		</LookAt>
		<styleUrl>#__managed_style_03F37AB66D29F82A74A0</styleUrl>
		<Point>
			<coordinates>104.7741663799349,17.14475681946493,144.1807361664541</coordinates>
		</Point>
	</Placemark>
	<Placemark id="02ED99140229F7F41DFD">
		<name>MD508 - DB - 212 - 0303 - 345+190</name>
		<LookAt>
			<longitude>104.7741670128324</longitude>
			<latitude>17.14447458969409</latitude>
			<altitude>145.7067832535429</altitude>
			<heading>91.12759165445236</heading>
			<tilt>2.978307886536427</tilt>
			<gx:fovy>35</gx:fovy>
			<range>54.85387973118124</range>
			<altitudeMode>absolute</altitudeMode>
		</LookAt>
		<styleUrl>#__managed_style_03F37AB66D29F82A74A0</styleUrl>
		<Point>
			<coordinates>104.7741797553554,17.14447501720576,145.9221719419351</coordinates>
		</Point>
	</Placemark>
	<Placemark id="051EDD6DFB29F7F44DF3">
		<name>MD509 - DB - 212 - 0303 - 345+225</name>
		<LookAt>
			<longitude>104.7741936730176</longitude>
			<latitude>17.14414366552218</latitude>
			<altitude>145.8134135026342</altitude>
			<heading>91.12759455594662</heading>
			<tilt>0.379777767627602</tilt>
			<gx:fovy>35</gx:fovy>
			<range>84.45639654947627</range>
			<altitudeMode>absolute</altitudeMode>
		</LookAt>
		<styleUrl>#__managed_style_03F37AB66D29F82A74A0</styleUrl>
		<Point>
			<coordinates>104.7742040474934,17.14416552529311,146.0721309496946</coordinates>
		</Point>
	</Placemark>
	<Placemark id="083CC6FF0429F7F49979">
		<name>MD510 - DB - 212 - 0303 - 345+260</name>
		<LookAt>
			<longitude>104.7742361618238</longitude>
			<latitude>17.14382016083479</latitude>
			<altitude>144.9949584523063</altitude>
			<heading>91.12757840340524</heading>
			<tilt>2.117282430365189</tilt>
			<gx:fovy>35</gx:fovy>
			<range>82.53527487134306</range>
			<altitudeMode>absolute</altitudeMode>
		</LookAt>
		<styleUrl>#__managed_style_03F37AB66D29F82A74A0</styleUrl>
		<Point>
			<coordinates>104.7742278170334,17.14383635798319,145.206543997855</coordinates>
		</Point>
	</Placemark>
	<Placemark id="06D88132B029F7F4DA6C">
		<name>MD511 - DB - 212 - 0303 - 345+295</name>
		<LookAt>
			<longitude>104.7742038435542</longitude>
			<latitude>17.14356215333182</latitude>
			<altitude>145.2129823376003</altitude>
			<heading>86.93890055871073</heading>
			<tilt>5.451561802465899</tilt>
			<gx:fovy>35</gx:fovy>
			<range>84.58766288345032</range>
			<altitudeMode>absolute</altitudeMode>
		</LookAt>
		<styleUrl>#__managed_style_03F37AB66D29F82A74A0</styleUrl>
		<Point>
			<coordinates>104.7742485986757,17.14356184394831,145.100464967448</coordinates>
		</Point>
	</Placemark>
	<Placemark id="06B91CE4DC29F7F507F1">
		<name>MD512 - DB - 212 - 0303 - 345+330</name>
		<LookAt>
			<longitude>104.7742633366584</longitude>
			<latitude>17.14322658792169</latitude>
			<altitude>145.5296142654574</altitude>
			<heading>86.93887778079304</heading>
			<tilt>4.095346965659759</tilt>
			<gx:fovy>35</gx:fovy>
			<range>25.15497307154875</range>
			<altitudeMode>absolute</altitudeMode>
		</LookAt>
		<styleUrl>#__managed_style_03F37AB66D29F82A74A0</styleUrl>
		<Point>
			<coordinates>104.7742680082529,17.14321363902006,145.6846395310712</coordinates>
		</Point>
	</Placemark>
	<Placemark id="062743995E29F7F5406B">
		<name>MD513 - DB - 212 - 0303 - 345+365</name>
		<LookAt>
			<longitude>104.7742761555129</longitude>
			<latitude>17.14291283450884</latitude>
			<altitude>145.5613501466973</altitude>
			<heading>86.93884873389952</heading>
			<tilt>8.235106584552442</tilt>
			<gx:fovy>35</gx:fovy>
			<range>25.41040180529308</range>
			<altitudeMode>absolute</altitudeMode>
		</LookAt>
		<styleUrl>#__managed_style_03F37AB66D29F82A74A0</styleUrl>
		<Point>
			<coordinates>104.774288756782,17.142905673396,145.6738990907689</coordinates>
		</Point>
	</Placemark>
	<Placemark id="05CAA38E6B29F7F5BBE7">
		<name>MD514 - DB - 212 - 0303 - 345+400</name>
		<LookAt>
			<longitude>104.77429567774</longitude>
			<latitude>17.14259747476055</latitude>
			<altitude>146.1831632625127</altitude>
			<heading>92.36006588368478</heading>
			<tilt>1.223966837978403</tilt>
			<gx:fovy>35</gx:fovy>
			<range>72.3871310292634</range>
			<altitudeMode>absolute</altitudeMode>
		</LookAt>
		<styleUrl>#__managed_style_03F37AB66D29F82A74A0</styleUrl>
		<Point>
			<coordinates>104.7743128362404,17.14262505046954,146.2065363303584</coordinates>
		</Point>
	</Placemark>
	<Placemark id="0C2E11ABA729F7F5F827">
		<name>MD515 - DB - 212 - 0303 - 345+435</name>
		<LookAt>
			<longitude>104.7743259207702</longitude>
			<latitude>17.14229548712106</latitude>
			<altitude>146.8315007132587</altitude>
			<heading>92.36004217695537</heading>
			<tilt>4.547210819777901</tilt>
			<gx:fovy>35</gx:fovy>
			<range>27.01345728741217</range>
			<altitudeMode>absolute</altitudeMode>
		</LookAt>
		<styleUrl>#__managed_style_03F37AB66D29F82A74A0</styleUrl>
		<Point>
			<coordinates>104.7743349808586,17.14230157048631,146.9379801931637</coordinates>
		</Point>
	</Placemark>
	<Placemark id="0754FDC4F729F7F66310">
		<name>MD516 - DB - 212 - 0303 - 345+470</name>
		<LookAt>
			<longitude>104.7743621103011</longitude>
			<latitude>17.14199319275761</latitude>
			<altitude>144.8317915196767</altitude>
			<heading>92.36001679977514</heading>
			<tilt>2.852627783452855</tilt>
			<gx:fovy>35</gx:fovy>
			<range>28.07359199052826</range>
			<altitudeMode>absolute</altitudeMode>
		</LookAt>
		<styleUrl>#__managed_style_03F37AB66D29F82A74A0</styleUrl>
		<Point>
			<coordinates>104.7743590165597,17.14202677819748,145.0059434491074</coordinates>
		</Point>
	</Placemark>
	<Placemark id="0B59D2654229F7F6E2A4">
		<name>MD517 - DB - 212 - 0303 - 345+505</name>
		<LookAt>
			<longitude>104.7743852904093</longitude>
			<latitude>17.14169341488235</latitude>
			<altitude>143.3760651934077</altitude>
			<heading>92.36002156538274</heading>
			<tilt>0.2274444338519192</tilt>
			<gx:fovy>35</gx:fovy>
			<range>25.00131138219331</range>
			<altitudeMode>absolute</altitudeMode>
		</LookAt>
		<styleUrl>#__managed_style_03F37AB66D29F82A74A0</styleUrl>
		<Point>
			<coordinates>104.7743778472344,17.14168869085789,143.5428879766104</coordinates>
		</Point>
	</Placemark>
	<Placemark id="0E2090CADF29F7F71838">
		<name>MD518 - DB - 212 - 0303 - 345+540</name>
		<LookAt>
			<longitude>104.7743772857058</longitude>
			<latitude>17.14139244697935</latitude>
			<altitude>142.7335436196937</altitude>
			<heading>92.35999850653411</heading>
			<tilt>5.338342779470779</tilt>
			<gx:fovy>35</gx:fovy>
			<range>51.77591191940337</range>
			<altitudeMode>absolute</altitudeMode>
		</LookAt>
		<styleUrl>#__managed_style_03F37AB66D29F82A74A0</styleUrl>
		<Point>
			<coordinates>104.7743997192568,17.1414058136993,142.8291937513827</coordinates>
		</Point>
	</Placemark>
	<Placemark id="0650B6899829F7F74C54">
		<name>MD519 - DB - 212 - 0303 - 345+575</name>
		<LookAt>
			<longitude>104.7743985031991</longitude>
			<latitude>17.14105061426726</latitude>
			<altitude>141.6101182375805</altitude>
			<heading>92.35999802018631</heading>
			<tilt>5.62342706034546</tilt>
			<gx:fovy>35</gx:fovy>
			<range>64.93572984469212</range>
			<altitudeMode>absolute</altitudeMode>
		</LookAt>
		<styleUrl>#__managed_style_03F37AB66D29F82A74A0</styleUrl>
		<Point>
			<coordinates>104.7744229997369,17.14109266295689,141.4693520475641</coordinates>
		</Point>
	</Placemark>
	<Placemark id="00E6BCD2CB29F7F778D8">
		<name>MD520 - DB - 212 - 0303 - 345+610</name>
		<LookAt>
			<longitude>104.7744287469154</longitude>
			<latitude>17.14073446741512</latitude>
			<altitude>142.3219850835822</altitude>
			<heading>92.36000253166857</heading>
			<tilt>2.131036806773052</tilt>
			<gx:fovy>35</gx:fovy>
			<range>46.17285764817553</range>
			<altitudeMode>absolute</altitudeMode>
		</LookAt>
		<styleUrl>#__managed_style_03F37AB66D29F82A74A0</styleUrl>
		<Point>
			<coordinates>104.7744458424709,17.14076205093407,142.2671790831065</coordinates>
		</Point>
	</Placemark>
	<Placemark id="0F93822B4A29F7F7B246">
		<name>MD521 - DB - 212 - 0303 - 345+645</name>
		<LookAt>
			<longitude>104.774466881472</longitude>
			<latitude>17.1404551539169</latitude>
			<altitude>143.3984578949087</altitude>
			<heading>96.62881569951293</heading>
			<tilt>3.933140919697547</tilt>
			<gx:fovy>35</gx:fovy>
			<range>54.85602945352184</range>
			<altitudeMode>absolute</altitudeMode>
		</LookAt>
		<styleUrl>#__managed_style_03F37AB66D29F82A74A0</styleUrl>
		<Point>
			<coordinates>104.7744623806053,17.14045733022579,143.5857727444262</coordinates>
		</Point>
	</Placemark>
	<Placemark id="0B3F89580E29F7F7E002">
		<name>MD522 - DB - 212 - 0303 - 345+710</name>
		<LookAt>
			<longitude>104.774493197849</longitude>
			<latitude>17.13999670613818</latitude>
			<altitude>141.3038199046113</altitude>
			<heading>96.62878487502051</heading>
			<tilt>6.924514241058037</tilt>
			<gx:fovy>35</gx:fovy>
			<range>39.36076998114459</range>
			<altitudeMode>absolute</altitudeMode>
		</LookAt>
		<styleUrl>#__managed_style_03F37AB66D29F82A74A0</styleUrl>
		<Point>
			<coordinates>104.7745229198593,17.13995388195498,141.2838940266522</coordinates>
		</Point>
	</Placemark>
	<Placemark id="00E72DE90B29F7F81AB6">
		<name>MD523 - DB - 212 - 0303 - 345+750</name>
		<LookAt>
			<longitude>104.7744894754087</longitude>
			<latitude>17.13967627406436</latitude>
			<altitude>140.949982779047</altitude>
			<heading>91.52175865743379</heading>
			<tilt>3.336935432769822</tilt>
			<gx:fovy>35</gx:fovy>
			<range>73.81199133310476</range>
			<altitudeMode>absolute</altitudeMode>
		</LookAt>
		<styleUrl>#__managed_style_03F37AB66D29F82A74A0</styleUrl>
		<Point>
			<coordinates>104.7745254561684,17.13968212983412,140.9211356179111</coordinates>
		</Point>
	</Placemark>
	<Placemark id="077D90D66629F7F857BA">
		<name>MD524 - DB - 212 - 0303 - 345+790</name>
		<LookAt>
			<longitude>104.7745030662569</longitude>
			<latitude>17.13932242678896</latitude>
			<altitude>142.9080284935183</altitude>
			<heading>81.58122804567496</heading>
			<tilt>3.578807369275984</tilt>
			<gx:fovy>35</gx:fovy>
			<range>81.16541501078247</range>
			<altitudeMode>absolute</altitudeMode>
		</LookAt>
		<styleUrl>#__managed_style_03F37AB66D29F82A74A0</styleUrl>
		<Point>
			<coordinates>104.774543158594,17.13933665916003,142.5401423212696</coordinates>
		</Point>
	</Placemark>
	<Placemark id="0714FF778F29F7F8A535">
		<name>MD525 - DB - 212 - 0303 - 345+830</name>
		<LookAt>
			<longitude>104.7745180180602</longitude>
			<latitude>17.13901306147177</latitude>
			<altitude>143.9746967530918</altitude>
			<heading>81.58121315375315</heading>
			<tilt>0</tilt>
			<gx:fovy>35</gx:fovy>
			<range>115.2996682054982</range>
			<altitudeMode>absolute</altitudeMode>
		</LookAt>
		<styleUrl>#__managed_style_03F37AB66D29F82A74A0</styleUrl>
		<Point>
			<coordinates>104.7745571615508,17.13900295386453,143.7078927779694</coordinates>
		</Point>
	</Placemark>
	<Placemark id="08BF3C153729F7FBA80D">
		<name>MD526 - DB - 212 - 0303 - 345+870</name>
		<LookAt>
			<longitude>104.7745148072515</longitude>
			<latitude>17.13867204912649</latitude>
			<altitude>144.5752809958142</altitude>
			<heading>90.72653732415148</heading>
			<tilt>4.4195807147345</tilt>
			<gx:fovy>35</gx:fovy>
			<range>123.4010851641142</range>
			<altitudeMode>absolute</altitudeMode>
		</LookAt>
		<styleUrl>#__managed_style_03F37AB66D29F82A74A0</styleUrl>
		<Point>
			<coordinates>104.7745659361163,17.1385121500515,144.9596001944242</coordinates>
		</Point>
	</Placemark>
	<Placemark id="0B3A7CB34A29F7FBDC1B">
		<name>MD526 - DB - 212 - 0303 - 345+910</name>
		<LookAt>
			<longitude>104.7744891568143</longitude>
			<latitude>17.13835517984012</latitude>
			<altitude>146.6540188148499</altitude>
			<heading>90.72654011142602</heading>
			<tilt>4.41958975637854</tilt>
			<gx:fovy>35</gx:fovy>
			<range>136.4486597701034</range>
			<altitudeMode>absolute</altitudeMode>
		</LookAt>
		<styleUrl>#__managed_style_03F37AB66D29F82A74A0</styleUrl>
		<Point>
			<coordinates>104.7745390729281,17.13801663008365,147.5898579360414</coordinates>
		</Point>
	</Placemark>
	<Placemark id="0C7098E71229F7FC9C87">
		<name>MD527 - DB - 212 - 0303 - 345+960</name>
		<LookAt>
			<longitude>104.7744694039673</longitude>
			<latitude>17.1374358211191</latitude>
			<altitude>145.5889045861522</altitude>
			<heading>88.43479523594924</heading>
			<tilt>3.581337220901452</tilt>
			<gx:fovy>35</gx:fovy>
			<range>25.03696722160839</range>
			<altitudeMode>absolute</altitudeMode>
		</LookAt>
		<styleUrl>#__managed_style_03F37AB66D29F82A74A0</styleUrl>
		<Point>
			<coordinates>104.7744830697742,17.13743648340257,145.7627219437668</coordinates>
		</Point>
	</Placemark>
	<Placemark id="0DD52244F929F7FCDA30">
		<name>MD528 - DB - 212 - 0303 - 346+000</name>
		<LookAt>
			<longitude>104.7744186739079</longitude>
			<latitude>17.13710062938474</latitude>
			<altitude>145.0066806222079</altitude>
			<heading>88.43479002909245</heading>
			<tilt>6.70491445402704</tilt>
			<gx:fovy>35</gx:fovy>
			<range>58.2872702347413</range>
			<altitudeMode>absolute</altitudeMode>
		</LookAt>
		<styleUrl>#__managed_style_03F37AB66D29F82A74A0</styleUrl>
		<Point>
			<coordinates>104.7744485021874,17.1371064077652,145.096835843167</coordinates>
		</Point>
	</Placemark>
	<Placemark id="00D0DE5B1829F7FD0F0F">
		<name>MD529 - DB - 212 - 0303 - 346+035</name>
		<LookAt>
			<longitude>104.7744032825104</longitude>
			<latitude>17.13679963054276</latitude>
			<altitude>144.9604836009844</altitude>
			<heading>88.43477137532194</heading>
			<tilt>8.042857877129318</tilt>
			<gx:fovy>35</gx:fovy>
			<range>31.59049138458158</range>
			<altitudeMode>absolute</altitudeMode>
		</LookAt>
		<styleUrl>#__managed_style_03F37AB66D29F82A74A0</styleUrl>
		<Point>
			<coordinates>104.7744133375715,17.13679506554518,145.1026079882343</coordinates>
		</Point>
	</Placemark>
	<Placemark id="0661AF656A29F7FD72EA">
		<name>MD530 - DB - 212 - 0303 - 346+070</name>
		<LookAt>
			<longitude>104.7743687053998</longitude>
			<latitude>17.13647448295004</latitude>
			<altitude>145.6005848074848</altitude>
			<heading>100.4414636266765</heading>
			<tilt>11.73668421316141</tilt>
			<gx:fovy>35</gx:fovy>
			<range>25.24087215197597</range>
			<altitudeMode>absolute</altitudeMode>
		</LookAt>
		<styleUrl>#__managed_style_03F37AB66D29F82A74A0</styleUrl>
		<Point>
			<coordinates>104.7743838724711,17.1364868072488,145.7366759561212</coordinates>
		</Point>
	</Placemark>
	<Placemark id="0B80FB106529F7FDC03B">
		<name>MD531 - DB - 212 - 0303 - 346+105</name>
		<LookAt>
			<longitude>104.7743719107879</longitude>
			<latitude>17.13621195272803</latitude>
			<altitude>146.537220385708</altitude>
			<heading>100.4415087871017</heading>
			<tilt>0</tilt>
			<gx:fovy>35</gx:fovy>
			<range>93.40596299026403</range>
			<altitudeMode>absolute</altitudeMode>
		</LookAt>
		<styleUrl>#__managed_style_03F37AB66D29F82A74A0</styleUrl>
		<Point>
			<coordinates>104.77436175673,17.13622356158435,146.638404303627</coordinates>
		</Point>
	</Placemark>
	<Placemark id="00C33A69F429F7FE00D1">
		<name>MD532 - DB - 212 - 0303 - 346+140</name>
		<LookAt>
			<longitude>104.774312697015</longitude>
			<latitude>17.13588064663281</latitude>
			<altitude>147.0107020941614</altitude>
			<heading>100.4414968052465</heading>
			<tilt>2.218201457744129</tilt>
			<gx:fovy>35</gx:fovy>
			<range>69.48154661272383</range>
			<altitudeMode>absolute</altitudeMode>
		</LookAt>
		<styleUrl>#__managed_style_03F37AB66D29F82A74A0</styleUrl>
		<Point>
			<coordinates>104.7743466656594,17.13587682448645,146.9060160371303</coordinates>
		</Point>
	</Placemark>
	<Placemark id="0D6563A4A629F7FE49E6">
		<name>MD533 - DB - 212 - 0303 - 346+175</name>
		<LookAt>
			<longitude>104.7742869335257</longitude>
			<latitude>17.1355361991376</latitude>
			<altitude>146.7944795259419</altitude>
			<heading>92.67029608916619</heading>
			<tilt>1.697523450004004</tilt>
			<gx:fovy>35</gx:fovy>
			<range>68.65127285405833</range>
			<altitudeMode>absolute</altitudeMode>
		</LookAt>
		<styleUrl>#__managed_style_03F37AB66D29F82A74A0</styleUrl>
		<Point>
			<coordinates>104.7743084186386,17.13549194368802,146.5989148786071</coordinates>
		</Point>
	</Placemark>
	<Placemark id="0363677B4929F7FEF71B">
		<name>MD534 - DB - 212 - 0303 - 346+210</name>
		<LookAt>
			<longitude>104.7742764378412</longitude>
			<latitude>17.13516441271367</latitude>
			<altitude>146.3630952626298</altitude>
			<heading>101.004803317025</heading>
			<tilt>0</tilt>
			<gx:fovy>35</gx:fovy>
			<range>108.6907032248564</range>
			<altitudeMode>absolute</altitudeMode>
		</LookAt>
		<styleUrl>#__managed_style_03F37AB66D29F82A74A0</styleUrl>
		<Point>
			<coordinates>104.7742788519839,17.1352056968677,146.5124304352768</coordinates>
		</Point>
	</Placemark>
	<Placemark id="09A972B74C29F7FF27A9">
		<name>MD535 - DB - 212 - 0303 - 346+245</name>
		<LookAt>
			<longitude>104.7742381498148</longitude>
			<latitude>17.13492838875032</latitude>
			<altitude>146.4755344456586</altitude>
			<heading>101.004755522091</heading>
			<tilt>11.90750487549828</tilt>
			<gx:fovy>35</gx:fovy>
			<range>25.83315832041535</range>
			<altitudeMode>absolute</altitudeMode>
		</LookAt>
		<styleUrl>#__managed_style_03F37AB66D29F82A74A0</styleUrl>
		<Point>
			<coordinates>104.7742406949179,17.13492855726002,146.6275050117846</coordinates>
		</Point>
	</Placemark>
	<Placemark id="09753BD95629F7FF7508">
		<name>MD536 - DB - 212 - 0303 - 346+280</name>
		<LookAt>
			<longitude>104.774199914433</longitude>
			<latitude>17.13458398621928</latitude>
			<altitude>145.4593038323241</altitude>
			<heading>101.0048050884927</heading>
			<tilt>2.384134332414292</tilt>
			<gx:fovy>35</gx:fovy>
			<range>66.20101237694143</range>
			<altitudeMode>absolute</altitudeMode>
		</LookAt>
		<styleUrl>#__managed_style_03F37AB66D29F82A74A0</styleUrl>
		<Point>
			<coordinates>104.7742100854567,17.13460341389849,145.6430882296313</coordinates>
		</Point>
	</Placemark>
	<Placemark id="0B369D328829F7FFEA5B">
		<name>MD537 - DB - 212 - 0303 - 346+315</name>
		<LookAt>
			<longitude>104.7741705170505</longitude>
			<latitude>17.13432795503074</latitude>
			<altitude>144.4675150797205</altitude>
			<heading>98.67114136301026</heading>
			<tilt>1.711486155467373</tilt>
			<gx:fovy>35</gx:fovy>
			<range>108.5520780030856</range>
			<altitudeMode>absolute</altitudeMode>
		</LookAt>
		<styleUrl>#__managed_style_03F37AB66D29F82A74A0</styleUrl>
		<Point>
			<coordinates>104.7741828164193,17.13429270701263,144.4116324719138</coordinates>
		</Point>
	</Placemark>
	<Placemark id="0F8739097429F800438D">
		<name>MD538 - DB - 212 - 0303 - 346+350</name>
		<LookAt>
			<longitude>104.7741054918951</longitude>
			<latitude>17.13402593387391</latitude>
			<altitude>144.2221819955887</altitude>
			<heading>96.51665115187571</heading>
			<tilt>5.691626844572185</tilt>
			<gx:fovy>35</gx:fovy>
			<range>145.9931604200574</range>
			<altitudeMode>absolute</altitudeMode>
		</LookAt>
		<styleUrl>#__managed_style_03F37AB66D29F82A74A0</styleUrl>
		<Point>
			<coordinates>104.7741559298875,17.13404105200769,144.3124963421807</coordinates>
		</Point>
	</Placemark>
	<Placemark id="0D0965E7E729F800797B">
		<name>MD539 - DB - 212 - 0303 - 346+385</name>
		<LookAt>
			<longitude>104.7740959539481</longitude>
			<latitude>17.13367738096191</latitude>
			<altitude>144.5414726037432</altitude>
			<heading>96.516639922689</heading>
			<tilt>0</tilt>
			<gx:fovy>35</gx:fovy>
			<range>106.5724560641684</range>
			<altitudeMode>absolute</altitudeMode>
		</LookAt>
		<styleUrl>#__managed_style_03F37AB66D29F82A74A0</styleUrl>
		<Point>
			<coordinates>104.7741326698903,17.13370790475777,144.7751325452041</coordinates>
		</Point>
	</Placemark>
	<Placemark id="0E8FA4DEDE29F800BD0F">
		<name>MD540 - DB - 212 - 0303 - 346+420</name>
		<LookAt>
			<longitude>104.7740841535298</longitude>
			<latitude>17.13332284383065</latitude>
			<altitude>145.7120010625007</altitude>
			<heading>96.51657615967109</heading>
			<tilt>26.49105348686465</tilt>
			<gx:fovy>35</gx:fovy>
			<range>27.54183122561699</range>
			<altitudeMode>absolute</altitudeMode>
		</LookAt>
		<styleUrl>#__managed_style_03F37AB66D29F82A74A0</styleUrl>
		<Point>
			<coordinates>104.7741117394661,17.13331241559194,145.9125818436871</coordinates>
		</Point>
	</Placemark>
	<Placemark id="0AC55AB29029F8014B8F">
		<name>MD541 - DB - 212 - 0303 - 346+455</name>
		<LookAt>
			<longitude>104.7740710550597</longitude>
			<latitude>17.13308094207934</latitude>
			<altitude>146.9438639523029</altitude>
			<heading>96.51668579447316</heading>
			<tilt>0.6533641710048066</tilt>
			<gx:fovy>35</gx:fovy>
			<range>144.7858856246057</range>
			<altitudeMode>absolute</altitudeMode>
		</LookAt>
		<styleUrl>#__managed_style_03F37AB66D29F82A74A0</styleUrl>
		<Point>
			<coordinates>104.7740954640267,17.13302325735346,147.2773759894519</coordinates>
		</Point>
	</Placemark>
</Document>
</kml>
