<?xml version="1.0" encoding="UTF-8"?>
<kml xmlns="http://www.opengis.net/kml/2.2">
  <Document>
    <name>ไฟฟ้า สาย 22</name>
    <Style id="icon-1899-0288D1-normal">
      <IconStyle>
        <color>ffd18802</color>
        <scale>1</scale>
        <Icon>
          <href>https://www.gstatic.com/mapspro/images/stock/503-wht-blank_maps.png</href>
        </Icon>
        <hotSpot x="32" xunits="pixels" y="64" yunits="insetPixels"/>
      </IconStyle>
      <LabelStyle>
        <scale>0</scale>
      </LabelStyle>
    </Style>
    <Style id="icon-1899-0288D1-highlight">
      <IconStyle>
        <color>ffd18802</color>
        <scale>1</scale>
        <Icon>
          <href>https://www.gstatic.com/mapspro/images/stock/503-wht-blank_maps.png</href>
        </Icon>
        <hotSpot x="32" xunits="pixels" y="64" yunits="insetPixels"/>
      </IconStyle>
      <LabelStyle>
        <scale>1</scale>
      </LabelStyle>
    </Style>
    <StyleMap id="icon-1899-0288D1">
      <Pair>
        <key>normal</key>
        <styleUrl>#icon-1899-0288D1-normal</styleUrl>
      </Pair>
      <Pair>
        <key>highlight</key>
        <styleUrl>#icon-1899-0288D1-highlight</styleUrl>
      </Pair>
    </StyleMap>
    <Placemark>
      <name>MD1 - DB - 22 - 0502 - 214+030</name>
      <description><![CDATA[Lat:  17.3157<br>Long: 104.5498]]></description>
      <styleUrl>#icon-1899-0288D1</styleUrl>
      <ExtendedData>
        <Data name="Lat">
          <value> 17.3157</value>
        </Data>
        <Data name="Long">
          <value>104.5498</value>
        </Data>
      </ExtendedData>
      <Point>
        <coordinates>
          104.5498,17.3157,0
        </coordinates>
      </Point>
    </Placemark>
    <Placemark>
      <name>MD2 - DB - 22 - 0502 - 214+065</name>
      <description><![CDATA[Lat:  17.3159<br>Long: 104.5501]]></description>
      <styleUrl>#icon-1899-0288D1</styleUrl>
      <ExtendedData>
        <Data name="Lat">
          <value> 17.3159</value>
        </Data>
        <Data name="Long">
          <value>104.5501</value>
        </Data>
      </ExtendedData>
      <Point>
        <coordinates>
          104.5501,17.3159,0
        </coordinates>
      </Point>
    </Placemark>
    <Placemark>
      <name>MD3 - DB - 22 - 0502 - 214+100</name>
      <description><![CDATA[Lat:  17.3161<br>Long: 104.5503]]></description>
      <styleUrl>#icon-1899-0288D1</styleUrl>
      <ExtendedData>
        <Data name="Lat">
          <value> 17.3161</value>
        </Data>
        <Data name="Long">
          <value>104.5503</value>
        </Data>
      </ExtendedData>
      <Point>
        <coordinates>
          104.5503,17.3161,0
        </coordinates>
      </Point>
    </Placemark>
    <Placemark>
      <name>MD4 - DB - 22 - 0502 - 214+135</name>
      <description><![CDATA[Lat:  17.3162<br>Long: 104.5506]]></description>
      <styleUrl>#icon-1899-0288D1</styleUrl>
      <ExtendedData>
        <Data name="Lat">
          <value> 17.3162</value>
        </Data>
        <Data name="Long">
          <value>104.5506</value>
        </Data>
      </ExtendedData>
      <Point>
        <coordinates>
          104.5506,17.3162,0
        </coordinates>
      </Point>
    </Placemark>
    <Placemark>
      <name>MD5 - DB - 22 - 0502 - 214+170</name>
      <description><![CDATA[Lat:  17.3164<br>Long: 104.5509]]></description>
      <styleUrl>#icon-1899-0288D1</styleUrl>
      <ExtendedData>
        <Data name="Lat">
          <value> 17.3164</value>
        </Data>
        <Data name="Long">
          <value>104.5509</value>
        </Data>
      </ExtendedData>
      <Point>
        <coordinates>
          104.5509,17.3164,0
        </coordinates>
      </Point>
    </Placemark>
    <Placemark>
      <name>MD6 - DB - 22 - 0502 - 214+205</name>
      <description><![CDATA[Lat:  17.3166<br>Long: 104.5511]]></description>
      <styleUrl>#icon-1899-0288D1</styleUrl>
      <ExtendedData>
        <Data name="Lat">
          <value> 17.3166</value>
        </Data>
        <Data name="Long">
          <value>104.5511</value>
        </Data>
      </ExtendedData>
      <Point>
        <coordinates>
          104.5511,17.3166,0
        </coordinates>
      </Point>
    </Placemark>
    <Placemark>
      <name>MD7 - DB - 22 - 0502 - 214+240</name>
      <description><![CDATA[Lat: 17.3168<br>Long: 104.5514]]></description>
      <styleUrl>#icon-1899-0288D1</styleUrl>
      <ExtendedData>
        <Data name="Lat">
          <value>17.3168</value>
        </Data>
        <Data name="Long">
          <value>104.5514</value>
        </Data>
      </ExtendedData>
      <Point>
        <coordinates>
          104.5514,17.3168,0
        </coordinates>
      </Point>
    </Placemark>
    <Placemark>
      <name>RT1 - SG - 22 - 0502 - 214+278</name>
      <description><![CDATA[Lat:  17.3169<br>Long: 104.5517]]></description>
      <styleUrl>#icon-1899-0288D1</styleUrl>
      <ExtendedData>
        <Data name="Lat">
          <value> 17.3169</value>
        </Data>
        <Data name="Long">
          <value>104.5517</value>
        </Data>
      </ExtendedData>
      <Point>
        <coordinates>
          104.5517,17.3169,0
        </coordinates>
      </Point>
    </Placemark>
    <Placemark>
      <name>RT2 - SG - 22 - 0502 - 214+313</name>
      <description><![CDATA[Lat:  17.3171<br>Long: 104.5520]]></description>
      <styleUrl>#icon-1899-0288D1</styleUrl>
      <ExtendedData>
        <Data name="Lat">
          <value> 17.3171</value>
        </Data>
        <Data name="Long">
          <value>104.5520</value>
        </Data>
      </ExtendedData>
      <Point>
        <coordinates>
          104.552,17.3171,0
        </coordinates>
      </Point>
    </Placemark>
    <Placemark>
      <name>LT1 - SG - 22 - 0502 - 214+278</name>
      <description><![CDATA[Lat:  17.3172<br>Long: 104.5515]]></description>
      <styleUrl>#icon-1899-0288D1</styleUrl>
      <ExtendedData>
        <Data name="Lat">
          <value> 17.3172</value>
        </Data>
        <Data name="Long">
          <value>104.5515</value>
        </Data>
      </ExtendedData>
      <Point>
        <coordinates>
          104.5515,17.3172,0
        </coordinates>
      </Point>
    </Placemark>
    <Placemark>
      <name>RT3 - SG - 22 - 0502 - 214+348</name>
      <description><![CDATA[Lat:  17.3173<br>Long: 104.5522]]></description>
      <styleUrl>#icon-1899-0288D1</styleUrl>
      <ExtendedData>
        <Data name="Lat">
          <value> 17.3173</value>
        </Data>
        <Data name="Long">
          <value>104.5522</value>
        </Data>
      </ExtendedData>
      <Point>
        <coordinates>
          104.5522,17.3173,0
        </coordinates>
      </Point>
    </Placemark>
    <Placemark>
      <name>LT2 - SG - 22 - 0502 - 214+313</name>
      <description><![CDATA[Lat:  17.3173<br>Long: 104.5518]]></description>
      <styleUrl>#icon-1899-0288D1</styleUrl>
      <ExtendedData>
        <Data name="Lat">
          <value> 17.3173</value>
        </Data>
        <Data name="Long">
          <value>104.5518</value>
        </Data>
      </ExtendedData>
      <Point>
        <coordinates>
          104.5518,17.3173,0
        </coordinates>
      </Point>
    </Placemark>
    <Placemark>
      <name>LT3 - SG - 22 - 0502 - 214+348</name>
      <description><![CDATA[Lat:  17.3175<br>Long: 104.5521]]></description>
      <styleUrl>#icon-1899-0288D1</styleUrl>
      <ExtendedData>
        <Data name="Lat">
          <value> 17.3175</value>
        </Data>
        <Data name="Long">
          <value>104.5521</value>
        </Data>
      </ExtendedData>
      <Point>
        <coordinates>
          104.5521,17.3175,0
        </coordinates>
      </Point>
    </Placemark>
    <Placemark>
      <name>LT4 - SG - 22 - 0502 - 214+383</name>
      <description><![CDATA[Lat:  17.3177<br>Long: 104.5523]]></description>
      <styleUrl>#icon-1899-0288D1</styleUrl>
      <ExtendedData>
        <Data name="Lat">
          <value> 17.3177</value>
        </Data>
        <Data name="Long">
          <value>104.5523</value>
        </Data>
      </ExtendedData>
      <Point>
        <coordinates>
          104.5523,17.3177,0
        </coordinates>
      </Point>
    </Placemark>
    <Placemark>
      <name>LT5 - SG - 22 - 0502 - 214+418</name>
      <description><![CDATA[Lat:  17.3179<br>Long: 104.5526]]></description>
      <styleUrl>#icon-1899-0288D1</styleUrl>
      <ExtendedData>
        <Data name="Lat">
          <value> 17.3179</value>
        </Data>
        <Data name="Long">
          <value>104.5526</value>
        </Data>
      </ExtendedData>
      <Point>
        <coordinates>
          104.5526,17.3179,0
        </coordinates>
      </Point>
    </Placemark>
    <Placemark>
      <name>RT4 - SG - 22 - 0502 - 214+383</name>
      <description><![CDATA[Lat:  17.3175<br>Long: 104.5525]]></description>
      <styleUrl>#icon-1899-0288D1</styleUrl>
      <ExtendedData>
        <Data name="Lat">
          <value> 17.3175</value>
        </Data>
        <Data name="Long">
          <value>104.5525</value>
        </Data>
      </ExtendedData>
      <Point>
        <coordinates>
          104.5525,17.3175,0
        </coordinates>
      </Point>
    </Placemark>
    <Placemark>
      <name>RT5 - SG - 22 - 0502 - 214+418</name>
      <description><![CDATA[Lat:  17.3177<br>Long: 104.5528]]></description>
      <styleUrl>#icon-1899-0288D1</styleUrl>
      <ExtendedData>
        <Data name="Lat">
          <value> 17.3177</value>
        </Data>
        <Data name="Long">
          <value>104.5528</value>
        </Data>
      </ExtendedData>
      <Point>
        <coordinates>
          104.5528,17.3177,0
        </coordinates>
      </Point>
    </Placemark>
    <Placemark>
      <name>RT6 - SG - 22 - 0502 - 214+453</name>
      <description><![CDATA[Lat:  17.3178<br>Long: 104.5530]]></description>
      <styleUrl>#icon-1899-0288D1</styleUrl>
      <ExtendedData>
        <Data name="Lat">
          <value> 17.3178</value>
        </Data>
        <Data name="Long">
          <value>104.5530</value>
        </Data>
      </ExtendedData>
      <Point>
        <coordinates>
          104.553,17.3178,0
        </coordinates>
      </Point>
    </Placemark>
    <Placemark>
      <name>RT7 - SG - 22 - 0502 - 214+488</name>
      <description><![CDATA[Lat:  17.3181<br>Long: 104.5533]]></description>
      <styleUrl>#icon-1899-0288D1</styleUrl>
      <ExtendedData>
        <Data name="Lat">
          <value> 17.3181</value>
        </Data>
        <Data name="Long">
          <value>104.5533</value>
        </Data>
      </ExtendedData>
      <Point>
        <coordinates>
          104.5533,17.3181,0
        </coordinates>
      </Point>
    </Placemark>
    <Placemark>
      <name>RT8 - SG - 22 - 0502 - 214+523</name>
      <description><![CDATA[Lat: 17.3183<br>Long: 104.5535]]></description>
      <styleUrl>#icon-1899-0288D1</styleUrl>
      <ExtendedData>
        <Data name="Lat">
          <value>17.3183</value>
        </Data>
        <Data name="Long">
          <value>104.5535</value>
        </Data>
      </ExtendedData>
      <Point>
        <coordinates>
          104.5535,17.3183,0
        </coordinates>
      </Point>
    </Placemark>
    <Placemark>
      <name>RT9 - SG - 22 - 0502 - 214+558</name>
      <description><![CDATA[Lat:  17.3184<br>Long: 104.5538]]></description>
      <styleUrl>#icon-1899-0288D1</styleUrl>
      <ExtendedData>
        <Data name="Lat">
          <value> 17.3184</value>
        </Data>
        <Data name="Long">
          <value>104.5538</value>
        </Data>
      </ExtendedData>
      <Point>
        <coordinates>
          104.5538,17.3184,0
        </coordinates>
      </Point>
    </Placemark>
    <Placemark>
      <name>RT10 - SG - 22 - 0502 - 214+593</name>
      <description><![CDATA[Lat:  17.3187<br>Long: 104.5541]]></description>
      <styleUrl>#icon-1899-0288D1</styleUrl>
      <ExtendedData>
        <Data name="Lat">
          <value> 17.3187</value>
        </Data>
        <Data name="Long">
          <value>104.5541</value>
        </Data>
      </ExtendedData>
      <Point>
        <coordinates>
          104.5541,17.3187,0
        </coordinates>
      </Point>
    </Placemark>
    <Placemark>
      <name>RT11 - SG - 22 - 0502 - 214+628</name>
      <description><![CDATA[Lat:  17.3188<br>Long: 104.5543]]></description>
      <styleUrl>#icon-1899-0288D1</styleUrl>
      <ExtendedData>
        <Data name="Lat">
          <value> 17.3188</value>
        </Data>
        <Data name="Long">
          <value>104.5543</value>
        </Data>
      </ExtendedData>
      <Point>
        <coordinates>
          104.5543,17.3188,0
        </coordinates>
      </Point>
    </Placemark>
    <Placemark>
      <name>RT12 - SG - 22 - 0502 - 214+663</name>
      <description><![CDATA[Lat: 17.3190<br>Long: 104.5546]]></description>
      <styleUrl>#icon-1899-0288D1</styleUrl>
      <ExtendedData>
        <Data name="Lat">
          <value>17.3190</value>
        </Data>
        <Data name="Long">
          <value>104.5546</value>
        </Data>
      </ExtendedData>
      <Point>
        <coordinates>
          104.5546,17.319,0
        </coordinates>
      </Point>
    </Placemark>
    <Placemark>
      <name>RT13 - SG - 22 - 0502 - 214+698</name>
      <description><![CDATA[Lat:  17.3192<br>Long: 104.5548]]></description>
      <styleUrl>#icon-1899-0288D1</styleUrl>
      <ExtendedData>
        <Data name="Lat">
          <value> 17.3192</value>
        </Data>
        <Data name="Long">
          <value>104.5548</value>
        </Data>
      </ExtendedData>
      <Point>
        <coordinates>
          104.5548,17.3192,0
        </coordinates>
      </Point>
    </Placemark>
    <Placemark>
      <name>RT14 - SG - 22 - 0502 - 214+733</name>
      <description><![CDATA[Lat:  17.3194<br>Long: 104.5551]]></description>
      <styleUrl>#icon-1899-0288D1</styleUrl>
      <ExtendedData>
        <Data name="Lat">
          <value> 17.3194</value>
        </Data>
        <Data name="Long">
          <value>104.5551</value>
        </Data>
      </ExtendedData>
      <Point>
        <coordinates>
          104.5551,17.3194,0
        </coordinates>
      </Point>
    </Placemark>
    <Placemark>
      <name>RT15 - SG - 22 - 0502 - 214+768</name>
      <description><![CDATA[Lat:  17.3196<br>Long: 104.5553]]></description>
      <styleUrl>#icon-1899-0288D1</styleUrl>
      <ExtendedData>
        <Data name="Lat">
          <value> 17.3196</value>
        </Data>
        <Data name="Long">
          <value>104.5553</value>
        </Data>
      </ExtendedData>
      <Point>
        <coordinates>
          104.5553,17.3196,0
        </coordinates>
      </Point>
    </Placemark>
    <Placemark>
      <name>RT16 - SG - 22 - 0502 - 214+803</name>
      <description><![CDATA[Lat:  17.3197<br>Long: 104.5555]]></description>
      <styleUrl>#icon-1899-0288D1</styleUrl>
      <ExtendedData>
        <Data name="Lat">
          <value> 17.3197</value>
        </Data>
        <Data name="Long">
          <value>104.5555</value>
        </Data>
      </ExtendedData>
      <Point>
        <coordinates>
          104.5555,17.3197,0
        </coordinates>
      </Point>
    </Placemark>
    <Placemark>
      <name>RT17 - SG - 22 - 0502 - 214+838</name>
      <description><![CDATA[Lat:  17.3200<br>Long: 104.5559]]></description>
      <styleUrl>#icon-1899-0288D1</styleUrl>
      <ExtendedData>
        <Data name="Lat">
          <value> 17.3200</value>
        </Data>
        <Data name="Long">
          <value>104.5559</value>
        </Data>
      </ExtendedData>
      <Point>
        <coordinates>
          104.5559,17.32,0
        </coordinates>
      </Point>
    </Placemark>
    <Placemark>
      <name>RT18 - SG - 22 - 0502 - 214+873</name>
      <description><![CDATA[Lat:  17.3201<br>Long: 104.5561]]></description>
      <styleUrl>#icon-1899-0288D1</styleUrl>
      <ExtendedData>
        <Data name="Lat">
          <value> 17.3201</value>
        </Data>
        <Data name="Long">
          <value>104.5561</value>
        </Data>
      </ExtendedData>
      <Point>
        <coordinates>
          104.5561,17.3201,0
        </coordinates>
      </Point>
    </Placemark>
    <Placemark>
      <name>RT19 - SG - 22 - 0502 - 214+908</name>
      <description><![CDATA[Lat:  17.3203<br>Long: 104.5563]]></description>
      <styleUrl>#icon-1899-0288D1</styleUrl>
      <ExtendedData>
        <Data name="Lat">
          <value> 17.3203</value>
        </Data>
        <Data name="Long">
          <value>104.5563</value>
        </Data>
      </ExtendedData>
      <Point>
        <coordinates>
          104.5563,17.3203,0
        </coordinates>
      </Point>
    </Placemark>
    <Placemark>
      <name>RT20 - SG - 22 - 0502 - 214+943</name>
      <description><![CDATA[Lat:  17.3205<br>Long: 104.5566]]></description>
      <styleUrl>#icon-1899-0288D1</styleUrl>
      <ExtendedData>
        <Data name="Lat">
          <value> 17.3205</value>
        </Data>
        <Data name="Long">
          <value>104.5566</value>
        </Data>
      </ExtendedData>
      <Point>
        <coordinates>
          104.5566,17.3205,0
        </coordinates>
      </Point>
    </Placemark>
    <Placemark>
      <name>RT21 - SG - 22 - 0502 - 214+978</name>
      <description><![CDATA[Lat:  17.3207<br>Long: 104.5568]]></description>
      <styleUrl>#icon-1899-0288D1</styleUrl>
      <ExtendedData>
        <Data name="Lat">
          <value> 17.3207</value>
        </Data>
        <Data name="Long">
          <value>104.5568</value>
        </Data>
      </ExtendedData>
      <Point>
        <coordinates>
          104.5568,17.3207,0
        </coordinates>
      </Point>
    </Placemark>
    <Placemark>
      <name>RT22 - SG - 22 - 0502 - 215+013</name>
      <description><![CDATA[Lat:  17.3209<br>Long: 104.5571]]></description>
      <styleUrl>#icon-1899-0288D1</styleUrl>
      <ExtendedData>
        <Data name="Lat">
          <value> 17.3209</value>
        </Data>
        <Data name="Long">
          <value>104.5571</value>
        </Data>
      </ExtendedData>
      <Point>
        <coordinates>
          104.5571,17.3209,0
        </coordinates>
      </Point>
    </Placemark>
    <Placemark>
      <name>MD8 - DB - 22 - 0502 - 215+068</name>
      <description><![CDATA[Lat:  17.3212<br>Long: 104.5575]]></description>
      <styleUrl>#icon-1899-0288D1</styleUrl>
      <ExtendedData>
        <Data name="Lat">
          <value> 17.3212</value>
        </Data>
        <Data name="Long">
          <value>104.5575</value>
        </Data>
      </ExtendedData>
      <Point>
        <coordinates>
          104.5575,17.3212,0
        </coordinates>
      </Point>
    </Placemark>
    <Placemark>
      <name>MD9 - DB - 22 - 0502 - 215+103</name>
      <description><![CDATA[Lat:  17.3214<br>Long: 104.5578]]></description>
      <styleUrl>#icon-1899-0288D1</styleUrl>
      <ExtendedData>
        <Data name="Lat">
          <value> 17.3214</value>
        </Data>
        <Data name="Long">
          <value>104.5578</value>
        </Data>
      </ExtendedData>
      <Point>
        <coordinates>
          104.5578,17.3214,0
        </coordinates>
      </Point>
    </Placemark>
    <Placemark>
      <name>MD1 - DB - 22 - 0502 - 215+138</name>
      <description><![CDATA[Lat:  17.3215<br>Long: 104.5581]]></description>
      <styleUrl>#icon-1899-0288D1</styleUrl>
      <ExtendedData>
        <Data name="Lat">
          <value> 17.3215</value>
        </Data>
        <Data name="Long">
          <value>104.5581</value>
        </Data>
      </ExtendedData>
      <Point>
        <coordinates>
          104.5581,17.3215,0
        </coordinates>
      </Point>
    </Placemark>
    <Placemark>
      <name>MD11 - DB - 22 - 0502 - 215+173</name>
      <description><![CDATA[Lat:  17.3216<br>Long: 104.5583]]></description>
      <styleUrl>#icon-1899-0288D1</styleUrl>
      <ExtendedData>
        <Data name="Lat">
          <value> 17.3216</value>
        </Data>
        <Data name="Long">
          <value>104.5583</value>
        </Data>
      </ExtendedData>
      <Point>
        <coordinates>
          104.5583,17.3216,0
        </coordinates>
      </Point>
    </Placemark>
    <Placemark>
      <name>LT6 - SG - 22 - 0502 - 214+453</name>
      <description><![CDATA[Lat:  17.3180<br>Long: 104.5528]]></description>
      <styleUrl>#icon-1899-0288D1</styleUrl>
      <ExtendedData>
        <Data name="Lat">
          <value> 17.3180</value>
        </Data>
        <Data name="Long">
          <value>104.5528</value>
        </Data>
      </ExtendedData>
      <Point>
        <coordinates>
          104.5528,17.318,0
        </coordinates>
      </Point>
    </Placemark>
    <Placemark>
      <name>LT7 - SG - 22 - 0502 - 214+488</name>
      <description><![CDATA[Lat: 17.3183<br>Long: 104.5531]]></description>
      <styleUrl>#icon-1899-0288D1</styleUrl>
      <ExtendedData>
        <Data name="Lat">
          <value>17.3183</value>
        </Data>
        <Data name="Long">
          <value>104.5531</value>
        </Data>
      </ExtendedData>
      <Point>
        <coordinates>
          104.5531,17.3183,0
        </coordinates>
      </Point>
    </Placemark>
    <Placemark>
      <name>LT8 - SG - 22 - 0502 - 214+523</name>
      <description><![CDATA[Lat:  17.3184<br>Long: 104.5533]]></description>
      <styleUrl>#icon-1899-0288D1</styleUrl>
      <ExtendedData>
        <Data name="Lat">
          <value> 17.3184</value>
        </Data>
        <Data name="Long">
          <value>104.5533</value>
        </Data>
      </ExtendedData>
      <Point>
        <coordinates>
          104.5533,17.3184,0
        </coordinates>
      </Point>
    </Placemark>
    <Placemark>
      <name>LT9 - SG - 22 - 0502 - 214+558</name>
      <description><![CDATA[Lat:  17.3187<br>Long: 104.5536]]></description>
      <styleUrl>#icon-1899-0288D1</styleUrl>
      <ExtendedData>
        <Data name="Lat">
          <value> 17.3187</value>
        </Data>
        <Data name="Long">
          <value>104.5536</value>
        </Data>
      </ExtendedData>
      <Point>
        <coordinates>
          104.5536,17.3187,0
        </coordinates>
      </Point>
    </Placemark>
    <Placemark>
      <name>LT10 - SG - 22 - 0502 - 214+593</name>
      <description><![CDATA[Lat:  17.3188<br>Long: 104.5539]]></description>
      <styleUrl>#icon-1899-0288D1</styleUrl>
      <ExtendedData>
        <Data name="Lat">
          <value> 17.3188</value>
        </Data>
        <Data name="Long">
          <value>104.5539</value>
        </Data>
      </ExtendedData>
      <Point>
        <coordinates>
          104.5539,17.3188,0
        </coordinates>
      </Point>
    </Placemark>
    <Placemark>
      <name>LT11 - SG - 22 - 0502 - 214+628</name>
      <description><![CDATA[Lat:  17.3190<br>Long: 104.5541]]></description>
      <styleUrl>#icon-1899-0288D1</styleUrl>
      <ExtendedData>
        <Data name="Lat">
          <value> 17.3190</value>
        </Data>
        <Data name="Long">
          <value>104.5541</value>
        </Data>
      </ExtendedData>
      <Point>
        <coordinates>
          104.5541,17.319,0
        </coordinates>
      </Point>
    </Placemark>
    <Placemark>
      <name>LT12 - SG - 22 - 0502 - 214+663</name>
      <description><![CDATA[Lat:  17.3192<br>Long: 104.5544]]></description>
      <styleUrl>#icon-1899-0288D1</styleUrl>
      <ExtendedData>
        <Data name="Lat">
          <value> 17.3192</value>
        </Data>
        <Data name="Long">
          <value>104.5544</value>
        </Data>
      </ExtendedData>
      <Point>
        <coordinates>
          104.5544,17.3192,0
        </coordinates>
      </Point>
    </Placemark>
    <Placemark>
      <name>LT13 - SG - 22 - 0502 - 214+698</name>
      <description><![CDATA[Lat:  17.3194<br>Long: 104.5546]]></description>
      <styleUrl>#icon-1899-0288D1</styleUrl>
      <ExtendedData>
        <Data name="Lat">
          <value> 17.3194</value>
        </Data>
        <Data name="Long">
          <value>104.5546</value>
        </Data>
      </ExtendedData>
      <Point>
        <coordinates>
          104.5546,17.3194,0
        </coordinates>
      </Point>
    </Placemark>
    <Placemark>
      <name>LT14 - SG - 22 - 0502 - 214+733</name>
      <description><![CDATA[Lat:  17.3196<br>Long: 104.5549]]></description>
      <styleUrl>#icon-1899-0288D1</styleUrl>
      <ExtendedData>
        <Data name="Lat">
          <value> 17.3196</value>
        </Data>
        <Data name="Long">
          <value>104.5549</value>
        </Data>
      </ExtendedData>
      <Point>
        <coordinates>
          104.5549,17.3196,0
        </coordinates>
      </Point>
    </Placemark>
    <Placemark>
      <name>LT15 - SG - 22 - 0502 - 214+768</name>
      <description><![CDATA[Lat:  17.3198<br>Long: 104.5551]]></description>
      <styleUrl>#icon-1899-0288D1</styleUrl>
      <ExtendedData>
        <Data name="Lat">
          <value> 17.3198</value>
        </Data>
        <Data name="Long">
          <value>104.5551</value>
        </Data>
      </ExtendedData>
      <Point>
        <coordinates>
          104.5551,17.3198,0
        </coordinates>
      </Point>
    </Placemark>
    <Placemark>
      <name>LT16 - SG - 22 - 0502 - 214+803</name>
      <description><![CDATA[Lat:  17.3199<br>Long: 104.5552]]></description>
      <styleUrl>#icon-1899-0288D1</styleUrl>
      <ExtendedData>
        <Data name="Lat">
          <value> 17.3199</value>
        </Data>
        <Data name="Long">
          <value>104.5552</value>
        </Data>
      </ExtendedData>
      <Point>
        <coordinates>
          104.5552,17.3199,0
        </coordinates>
      </Point>
    </Placemark>
    <Placemark>
      <name>LT17 - SG - 22 - 0502 - 214+838</name>
      <description><![CDATA[Lat:  17.3202<br>Long: 104.5556]]></description>
      <styleUrl>#icon-1899-0288D1</styleUrl>
      <ExtendedData>
        <Data name="Lat">
          <value> 17.3202</value>
        </Data>
        <Data name="Long">
          <value>104.5556</value>
        </Data>
      </ExtendedData>
      <Point>
        <coordinates>
          104.5556,17.3202,0
        </coordinates>
      </Point>
    </Placemark>
    <Placemark>
      <name>LT18 - SG - 22 - 0502 - 214+873</name>
      <description><![CDATA[Lat:  17.3203<br>Long: 104.5558]]></description>
      <styleUrl>#icon-1899-0288D1</styleUrl>
      <ExtendedData>
        <Data name="Lat">
          <value> 17.3203</value>
        </Data>
        <Data name="Long">
          <value>104.5558</value>
        </Data>
      </ExtendedData>
      <Point>
        <coordinates>
          104.5558,17.3203,0
        </coordinates>
      </Point>
    </Placemark>
    <Placemark>
      <name>LT19 - SG - 22 - 0502 - 214+908</name>
      <description><![CDATA[Lat:  17.3205<br>Long: 104.5560]]></description>
      <styleUrl>#icon-1899-0288D1</styleUrl>
      <ExtendedData>
        <Data name="Lat">
          <value> 17.3205</value>
        </Data>
        <Data name="Long">
          <value>104.5560</value>
        </Data>
      </ExtendedData>
      <Point>
        <coordinates>
          104.556,17.3205,0
        </coordinates>
      </Point>
    </Placemark>
    <Placemark>
      <name>LT20 - SG - 22 - 0502 - 214+943</name>
      <description><![CDATA[Lat:  17.3207<br>Long: 104.5563]]></description>
      <styleUrl>#icon-1899-0288D1</styleUrl>
      <ExtendedData>
        <Data name="Lat">
          <value> 17.3207</value>
        </Data>
        <Data name="Long">
          <value>104.5563</value>
        </Data>
      </ExtendedData>
      <Point>
        <coordinates>
          104.5563,17.3207,0
        </coordinates>
      </Point>
    </Placemark>
    <Placemark>
      <name>LT21 - SG - 22 - 0502 - 214+978</name>
      <description><![CDATA[Lat:  17.3209<br>Long: 104.5566]]></description>
      <styleUrl>#icon-1899-0288D1</styleUrl>
      <ExtendedData>
        <Data name="Lat">
          <value> 17.3209</value>
        </Data>
        <Data name="Long">
          <value>104.5566</value>
        </Data>
      </ExtendedData>
      <Point>
        <coordinates>
          104.5566,17.3209,0
        </coordinates>
      </Point>
    </Placemark>
    <Placemark>
      <name>LT22 - SG - 22 - 0502 - 215+013</name>
      <description><![CDATA[Lat:  17.3211<br>Long: 104.5569]]></description>
      <styleUrl>#icon-1899-0288D1</styleUrl>
      <ExtendedData>
        <Data name="Lat">
          <value> 17.3211</value>
        </Data>
        <Data name="Long">
          <value>104.5569</value>
        </Data>
      </ExtendedData>
      <Point>
        <coordinates>
          104.5569,17.3211,0
        </coordinates>
      </Point>
    </Placemark>
    <Placemark>
      <name>MD12 - DB - 22 - 0502 - 215+173</name>
      <description><![CDATA[Lat:  17.3217<br>Long: 104.5586]]></description>
      <styleUrl>#icon-1899-0288D1</styleUrl>
      <ExtendedData>
        <Data name="Lat">
          <value> 17.3217</value>
        </Data>
        <Data name="Long">
          <value>104.5586</value>
        </Data>
      </ExtendedData>
      <Point>
        <coordinates>
          104.5586,17.3217,0
        </coordinates>
      </Point>
    </Placemark>
    <Placemark>
      <name>MD13 - DB - 22 - 0502 - 215+208</name>
      <description><![CDATA[Lat:  17.3219<br>Long: 104.5588]]></description>
      <styleUrl>#icon-1899-0288D1</styleUrl>
      <ExtendedData>
        <Data name="Lat">
          <value> 17.3219</value>
        </Data>
        <Data name="Long">
          <value>104.5588</value>
        </Data>
      </ExtendedData>
      <Point>
        <coordinates>
          104.5588,17.3219,0
        </coordinates>
      </Point>
    </Placemark>
    <Placemark>
      <name>MD14 - DB - 22 - 0502 - 215+243</name>
      <description><![CDATA[Lat:  17.3220<br>Long: 104.5592]]></description>
      <styleUrl>#icon-1899-0288D1</styleUrl>
      <ExtendedData>
        <Data name="Lat">
          <value> 17.3220</value>
        </Data>
        <Data name="Long">
          <value>104.5592</value>
        </Data>
      </ExtendedData>
      <Point>
        <coordinates>
          104.5592,17.322,0
        </coordinates>
      </Point>
    </Placemark>
    <Placemark>
      <name>MD15 - DB - 22 - 0502 - 215+278</name>
      <description><![CDATA[Lat:  17.3222<br>Long: 104.5595]]></description>
      <styleUrl>#icon-1899-0288D1</styleUrl>
      <ExtendedData>
        <Data name="Lat">
          <value> 17.3222</value>
        </Data>
        <Data name="Long">
          <value>104.5595</value>
        </Data>
      </ExtendedData>
      <Point>
        <coordinates>
          104.5595,17.3222,0
        </coordinates>
      </Point>
    </Placemark>
    <Placemark>
      <name>MD16 - DB - 22 - 0502 - 215+313</name>
      <description><![CDATA[Lat:  17.3223<br>Long: 104.5598]]></description>
      <styleUrl>#icon-1899-0288D1</styleUrl>
      <ExtendedData>
        <Data name="Lat">
          <value> 17.3223</value>
        </Data>
        <Data name="Long">
          <value>104.5598</value>
        </Data>
      </ExtendedData>
      <Point>
        <coordinates>
          104.5598,17.3223,0
        </coordinates>
      </Point>
    </Placemark>
    <Placemark>
      <name>MD17 - DB - 22 - 0502 - 215+348</name>
      <description><![CDATA[Lat:  17.3225<br>Long: 104.5601]]></description>
      <styleUrl>#icon-1899-0288D1</styleUrl>
      <ExtendedData>
        <Data name="Lat">
          <value> 17.3225</value>
        </Data>
        <Data name="Long">
          <value>104.5601</value>
        </Data>
      </ExtendedData>
      <Point>
        <coordinates>
          104.5601,17.3225,0
        </coordinates>
      </Point>
    </Placemark>
    <Placemark>
      <name>MD19 - DB - 22 - 0502 - 215+383</name>
      <description><![CDATA[Lat:  17.3226<br>Long: 104.5604]]></description>
      <styleUrl>#icon-1899-0288D1</styleUrl>
      <ExtendedData>
        <Data name="Lat">
          <value> 17.3226</value>
        </Data>
        <Data name="Long">
          <value>104.5604</value>
        </Data>
      </ExtendedData>
      <Point>
        <coordinates>
          104.5604,17.3226,0
        </coordinates>
      </Point>
    </Placemark>
    <Placemark>
      <name>MD20 - DB - 22 - 0502 - 215+418</name>
      <description><![CDATA[Lat:  17.3228<br>Long: 104.5607]]></description>
      <styleUrl>#icon-1899-0288D1</styleUrl>
      <ExtendedData>
        <Data name="Lat">
          <value> 17.3228</value>
        </Data>
        <Data name="Long">
          <value>104.5607</value>
        </Data>
      </ExtendedData>
      <Point>
        <coordinates>
          104.5607,17.3228,0
        </coordinates>
      </Point>
    </Placemark>
    <Placemark>
      <name>MD21 - DB - 22 - 0502 - 215+453</name>
      <description><![CDATA[Lat:  17.3229<br>Long: 104.5609]]></description>
      <styleUrl>#icon-1899-0288D1</styleUrl>
      <ExtendedData>
        <Data name="Lat">
          <value> 17.3229</value>
        </Data>
        <Data name="Long">
          <value>104.5609</value>
        </Data>
      </ExtendedData>
      <Point>
        <coordinates>
          104.5609,17.3229,0
        </coordinates>
      </Point>
    </Placemark>
    <Placemark>
      <name>MD22 - DB - 22 - 0502 - 215+488</name>
      <description><![CDATA[Lat:  17.3230<br>Long: 104.5612]]></description>
      <styleUrl>#icon-1899-0288D1</styleUrl>
      <ExtendedData>
        <Data name="Lat">
          <value> 17.3230</value>
        </Data>
        <Data name="Long">
          <value>104.5612</value>
        </Data>
      </ExtendedData>
      <Point>
        <coordinates>
          104.5612,17.323,0
        </coordinates>
      </Point>
    </Placemark>
    <Placemark>
      <name>RT23 - SG - 22 - 0502 - 215+524</name>
      <description><![CDATA[Lat:  17.3230<br>Long: 104.5616]]></description>
      <styleUrl>#icon-1899-0288D1</styleUrl>
      <ExtendedData>
        <Data name="Lat">
          <value> 17.3230</value>
        </Data>
        <Data name="Long">
          <value>104.5616</value>
        </Data>
      </ExtendedData>
      <Point>
        <coordinates>
          104.5616,17.323,0
        </coordinates>
      </Point>
    </Placemark>
    <Placemark>
      <name>RT24 - SG - 22 - 0502 - 215+559</name>
      <description><![CDATA[Lat:  17.3232<br>Long: 104.5619]]></description>
      <styleUrl>#icon-1899-0288D1</styleUrl>
      <ExtendedData>
        <Data name="Lat">
          <value> 17.3232</value>
        </Data>
        <Data name="Long">
          <value>104.5619</value>
        </Data>
      </ExtendedData>
      <Point>
        <coordinates>
          104.5619,17.3232,0
        </coordinates>
      </Point>
    </Placemark>
    <Placemark>
      <name>RT25 - SG - 22 - 0502 - 215+594</name>
      <description><![CDATA[Lat:  17.3233<br>Long: 104.5621]]></description>
      <styleUrl>#icon-1899-0288D1</styleUrl>
      <ExtendedData>
        <Data name="Lat">
          <value> 17.3233</value>
        </Data>
        <Data name="Long">
          <value>104.5621</value>
        </Data>
      </ExtendedData>
      <Point>
        <coordinates>
          104.5621,17.3233,0
        </coordinates>
      </Point>
    </Placemark>
    <Placemark>
      <name>RT26 - SG - 22 - 0502 - 215+629</name>
      <description><![CDATA[Lat:  17.3235<br>Long: 104.5624]]></description>
      <styleUrl>#icon-1899-0288D1</styleUrl>
      <ExtendedData>
        <Data name="Lat">
          <value> 17.3235</value>
        </Data>
        <Data name="Long">
          <value>104.5624</value>
        </Data>
      </ExtendedData>
      <Point>
        <coordinates>
          104.5624,17.3235,0
        </coordinates>
      </Point>
    </Placemark>
    <Placemark>
      <name>RT27 - SG - 22 - 0502 - 215+664</name>
      <description><![CDATA[Lat:  17.3236<br>Long: 104.5628]]></description>
      <styleUrl>#icon-1899-0288D1</styleUrl>
      <ExtendedData>
        <Data name="Lat">
          <value> 17.3236</value>
        </Data>
        <Data name="Long">
          <value>104.5628</value>
        </Data>
      </ExtendedData>
      <Point>
        <coordinates>
          104.5628,17.3236,0
        </coordinates>
      </Point>
    </Placemark>
    <Placemark>
      <name>RT28 - SG - 22 - 0502 - 215+699</name>
      <description><![CDATA[Lat:  17.3237<br>Long: 104.5630]]></description>
      <styleUrl>#icon-1899-0288D1</styleUrl>
      <ExtendedData>
        <Data name="Lat">
          <value> 17.3237</value>
        </Data>
        <Data name="Long">
          <value>104.5630</value>
        </Data>
      </ExtendedData>
      <Point>
        <coordinates>
          104.563,17.3237,0
        </coordinates>
      </Point>
    </Placemark>
    <Placemark>
      <name>RT29 - SG - 22 - 0502 - 215+734</name>
      <description><![CDATA[Lat:  17.3239<br>Long: 104.5633]]></description>
      <styleUrl>#icon-1899-0288D1</styleUrl>
      <ExtendedData>
        <Data name="Lat">
          <value> 17.3239</value>
        </Data>
        <Data name="Long">
          <value>104.5633</value>
        </Data>
      </ExtendedData>
      <Point>
        <coordinates>
          104.5633,17.3239,0
        </coordinates>
      </Point>
    </Placemark>
    <Placemark>
      <name>RT30 - SG - 22 - 0502 - 215+769</name>
      <description><![CDATA[Lat:  17.3241<br>Long: 104.5637]]></description>
      <styleUrl>#icon-1899-0288D1</styleUrl>
      <ExtendedData>
        <Data name="Lat">
          <value> 17.3241</value>
        </Data>
        <Data name="Long">
          <value>104.5637</value>
        </Data>
      </ExtendedData>
      <Point>
        <coordinates>
          104.5637,17.3241,0
        </coordinates>
      </Point>
    </Placemark>
    <Placemark>
      <name>RT31 - SG - 22 - 0502 - 215+804</name>
      <description><![CDATA[Lat: 17.3242<br>Long: 104.5640]]></description>
      <styleUrl>#icon-1899-0288D1</styleUrl>
      <ExtendedData>
        <Data name="Lat">
          <value>17.3242</value>
        </Data>
        <Data name="Long">
          <value>104.5640</value>
        </Data>
      </ExtendedData>
      <Point>
        <coordinates>
          104.564,17.3242,0
        </coordinates>
      </Point>
    </Placemark>
    <Placemark>
      <name>RT32 - SG - 22 - 0502 - 215+839</name>
      <description><![CDATA[Lat:  17.3244<br>Long: 104.5644]]></description>
      <styleUrl>#icon-1899-0288D1</styleUrl>
      <ExtendedData>
        <Data name="Lat">
          <value> 17.3244</value>
        </Data>
        <Data name="Long">
          <value>104.5644</value>
        </Data>
      </ExtendedData>
      <Point>
        <coordinates>
          104.5644,17.3244,0
        </coordinates>
      </Point>
    </Placemark>
    <Placemark>
      <name>RT33 - SG - 22 - 0502 - 215+874</name>
      <description><![CDATA[Lat:  17.3245<br>Long: 104.5646]]></description>
      <styleUrl>#icon-1899-0288D1</styleUrl>
      <ExtendedData>
        <Data name="Lat">
          <value> 17.3245</value>
        </Data>
        <Data name="Long">
          <value>104.5646</value>
        </Data>
      </ExtendedData>
      <Point>
        <coordinates>
          104.5646,17.3245,0
        </coordinates>
      </Point>
    </Placemark>
    <Placemark>
      <name>RT34 - SG - 22 - 0502 - 215+909</name>
      <description><![CDATA[Lat:  17.3246<br>Long: 104.5649]]></description>
      <styleUrl>#icon-1899-0288D1</styleUrl>
      <ExtendedData>
        <Data name="Lat">
          <value> 17.3246</value>
        </Data>
        <Data name="Long">
          <value>104.5649</value>
        </Data>
      </ExtendedData>
      <Point>
        <coordinates>
          104.5649,17.3246,0
        </coordinates>
      </Point>
    </Placemark>
    <Placemark>
      <name>RT35 - SG - 22 - 0502 - 215+944</name>
      <description><![CDATA[Lat:  17.3247<br>Long: 104.5651]]></description>
      <styleUrl>#icon-1899-0288D1</styleUrl>
      <ExtendedData>
        <Data name="Lat">
          <value> 17.3247</value>
        </Data>
        <Data name="Long">
          <value>104.5651</value>
        </Data>
      </ExtendedData>
      <Point>
        <coordinates>
          104.5651,17.3247,0
        </coordinates>
      </Point>
    </Placemark>
    <Placemark>
      <name>RT36 - SG - 22 - 0502 - 215+979</name>
      <description><![CDATA[Lat:  17.3249<br>Long: 104.5654]]></description>
      <styleUrl>#icon-1899-0288D1</styleUrl>
      <ExtendedData>
        <Data name="Lat">
          <value> 17.3249</value>
        </Data>
        <Data name="Long">
          <value>104.5654</value>
        </Data>
      </ExtendedData>
      <Point>
        <coordinates>
          104.5654,17.3249,0
        </coordinates>
      </Point>
    </Placemark>
    <Placemark>
      <name>RT37 - SG - 22 - 0502 - 216+014</name>
      <description><![CDATA[Lat: 17.3250<br>Long: 104.5657]]></description>
      <styleUrl>#icon-1899-0288D1</styleUrl>
      <ExtendedData>
        <Data name="Lat">
          <value>17.3250</value>
        </Data>
        <Data name="Long">
          <value>104.5657</value>
        </Data>
      </ExtendedData>
      <Point>
        <coordinates>
          104.5657,17.325,0
        </coordinates>
      </Point>
    </Placemark>
    <Placemark>
      <name>RT38 - SG - 22 - 0502 - 216+049</name>
      <description><![CDATA[Lat: 17.3251<br>Long: 104.5660]]></description>
      <styleUrl>#icon-1899-0288D1</styleUrl>
      <ExtendedData>
        <Data name="Lat">
          <value>17.3251</value>
        </Data>
        <Data name="Long">
          <value>104.5660</value>
        </Data>
      </ExtendedData>
      <Point>
        <coordinates>
          104.566,17.3251,0
        </coordinates>
      </Point>
    </Placemark>
    <Placemark>
      <name>RT39 - SG - 22 - 0502 - 216+084</name>
      <description><![CDATA[Lat:  17.3253<br>Long: 104.5663]]></description>
      <styleUrl>#icon-1899-0288D1</styleUrl>
      <ExtendedData>
        <Data name="Lat">
          <value> 17.3253</value>
        </Data>
        <Data name="Long">
          <value>104.5663</value>
        </Data>
      </ExtendedData>
      <Point>
        <coordinates>
          104.5663,17.3253,0
        </coordinates>
      </Point>
    </Placemark>
    <Placemark>
      <name>RT40 - SG - 22 - 0502 - 216+119</name>
      <description><![CDATA[Lat:  17.3254<br>Long: 104.5666]]></description>
      <styleUrl>#icon-1899-0288D1</styleUrl>
      <ExtendedData>
        <Data name="Lat">
          <value> 17.3254</value>
        </Data>
        <Data name="Long">
          <value>104.5666</value>
        </Data>
      </ExtendedData>
      <Point>
        <coordinates>
          104.5666,17.3254,0
        </coordinates>
      </Point>
    </Placemark>
    <Placemark>
      <name>RT41 - SG - 22 - 0502 - 216+154</name>
      <description><![CDATA[Lat:  17.3256<br>Long: 104.5669]]></description>
      <styleUrl>#icon-1899-0288D1</styleUrl>
      <ExtendedData>
        <Data name="Lat">
          <value> 17.3256</value>
        </Data>
        <Data name="Long">
          <value>104.5669</value>
        </Data>
      </ExtendedData>
      <Point>
        <coordinates>
          104.5669,17.3256,0
        </coordinates>
      </Point>
    </Placemark>
    <Placemark>
      <name>RT42 - SG - 22 - 0502 - 216+189</name>
      <description><![CDATA[Lat:  17.3257<br>Long: 104.5671]]></description>
      <styleUrl>#icon-1899-0288D1</styleUrl>
      <ExtendedData>
        <Data name="Lat">
          <value> 17.3257</value>
        </Data>
        <Data name="Long">
          <value>104.5671</value>
        </Data>
      </ExtendedData>
      <Point>
        <coordinates>
          104.5671,17.3257,0
        </coordinates>
      </Point>
    </Placemark>
    <Placemark>
      <name>RT43 - SG - 22 - 0502 - 216+224</name>
      <description><![CDATA[Lat:  17.3259<br>Long: 104.5674]]></description>
      <styleUrl>#icon-1899-0288D1</styleUrl>
      <ExtendedData>
        <Data name="Lat">
          <value> 17.3259</value>
        </Data>
        <Data name="Long">
          <value>104.5674</value>
        </Data>
      </ExtendedData>
      <Point>
        <coordinates>
          104.5674,17.3259,0
        </coordinates>
      </Point>
    </Placemark>
    <Placemark>
      <name>RT44 - SG - 22 - 0502 - 216+259</name>
      <description><![CDATA[Lat:  17.3260<br>Long: 104.5677]]></description>
      <styleUrl>#icon-1899-0288D1</styleUrl>
      <ExtendedData>
        <Data name="Lat">
          <value> 17.3260</value>
        </Data>
        <Data name="Long">
          <value>104.5677</value>
        </Data>
      </ExtendedData>
      <Point>
        <coordinates>
          104.5677,17.326,0
        </coordinates>
      </Point>
    </Placemark>
    <Placemark>
      <name>RT45 - SG - 22 - 0502 - 216+294</name>
      <description><![CDATA[Lat:  17.3262<br>Long: 104.5680]]></description>
      <styleUrl>#icon-1899-0288D1</styleUrl>
      <ExtendedData>
        <Data name="Lat">
          <value> 17.3262</value>
        </Data>
        <Data name="Long">
          <value>104.5680</value>
        </Data>
      </ExtendedData>
      <Point>
        <coordinates>
          104.568,17.3262,0
        </coordinates>
      </Point>
    </Placemark>
    <Placemark>
      <name>RT46 - SG - 22 - 0502 - 216+329</name>
      <description><![CDATA[Lat: 17.3263<br>Long: 104.5683]]></description>
      <styleUrl>#icon-1899-0288D1</styleUrl>
      <ExtendedData>
        <Data name="Lat">
          <value>17.3263</value>
        </Data>
        <Data name="Long">
          <value>104.5683</value>
        </Data>
      </ExtendedData>
      <Point>
        <coordinates>
          104.5683,17.3263,0
        </coordinates>
      </Point>
    </Placemark>
    <Placemark>
      <name>RT47 - SG - 22 - 0502 - 216+364</name>
      <description><![CDATA[Lat:  17.3264<br>Long: 104.5686]]></description>
      <styleUrl>#icon-1899-0288D1</styleUrl>
      <ExtendedData>
        <Data name="Lat">
          <value> 17.3264</value>
        </Data>
        <Data name="Long">
          <value>104.5686</value>
        </Data>
      </ExtendedData>
      <Point>
        <coordinates>
          104.5686,17.3264,0
        </coordinates>
      </Point>
    </Placemark>
    <Placemark>
      <name>LT23 - SG - 22 - 0502 - 215+524</name>
      <description><![CDATA[Lat:  17.3233<br>Long: 104.5615]]></description>
      <styleUrl>#icon-1899-0288D1</styleUrl>
      <ExtendedData>
        <Data name="Lat">
          <value> 17.3233</value>
        </Data>
        <Data name="Long">
          <value>104.5615</value>
        </Data>
      </ExtendedData>
      <Point>
        <coordinates>
          104.5615,17.3233,0
        </coordinates>
      </Point>
    </Placemark>
    <Placemark>
      <name>LT24 - SG - 22 - 0502 - 215+559</name>
      <description><![CDATA[Lat:  17.3234<br>Long: 104.5617]]></description>
      <styleUrl>#icon-1899-0288D1</styleUrl>
      <ExtendedData>
        <Data name="Lat">
          <value> 17.3234</value>
        </Data>
        <Data name="Long">
          <value>104.5617</value>
        </Data>
      </ExtendedData>
      <Point>
        <coordinates>
          104.5617,17.3234,0
        </coordinates>
      </Point>
    </Placemark>
    <Placemark>
      <name>LT25 - SG - 22 - 0502 - 215+594</name>
      <description><![CDATA[Lat:  17.3236<br>Long: 104.5620]]></description>
      <styleUrl>#icon-1899-0288D1</styleUrl>
      <ExtendedData>
        <Data name="Lat">
          <value> 17.3236</value>
        </Data>
        <Data name="Long">
          <value>104.5620</value>
        </Data>
      </ExtendedData>
      <Point>
        <coordinates>
          104.562,17.3236,0
        </coordinates>
      </Point>
    </Placemark>
    <Placemark>
      <name>LT26 - SG - 22 - 0502 - 215+629</name>
      <description><![CDATA[Lat: 17.3237<br>Long: 104.5623]]></description>
      <styleUrl>#icon-1899-0288D1</styleUrl>
      <ExtendedData>
        <Data name="Lat">
          <value>17.3237</value>
        </Data>
        <Data name="Long">
          <value>104.5623</value>
        </Data>
      </ExtendedData>
      <Point>
        <coordinates>
          104.5623,17.3237,0
        </coordinates>
      </Point>
    </Placemark>
    <Placemark>
      <name>LT27 - SG - 22 - 0502 - 215+664</name>
      <description><![CDATA[Lat:  17.3238<br>Long: 104.5626]]></description>
      <styleUrl>#icon-1899-0288D1</styleUrl>
      <ExtendedData>
        <Data name="Lat">
          <value> 17.3238</value>
        </Data>
        <Data name="Long">
          <value>104.5626</value>
        </Data>
      </ExtendedData>
      <Point>
        <coordinates>
          104.5626,17.3238,0
        </coordinates>
      </Point>
    </Placemark>
    <Placemark>
      <name>LT28 - SG - 22 - 0502 - 215+699</name>
      <description><![CDATA[Lat:  17.3240<br>Long: 104.5629]]></description>
      <styleUrl>#icon-1899-0288D1</styleUrl>
      <ExtendedData>
        <Data name="Lat">
          <value> 17.3240</value>
        </Data>
        <Data name="Long">
          <value>104.5629</value>
        </Data>
      </ExtendedData>
      <Point>
        <coordinates>
          104.5629,17.324,0
        </coordinates>
      </Point>
    </Placemark>
    <Placemark>
      <name>LT29 - SG - 22 - 0502 - 215+734</name>
      <description><![CDATA[Lat:  17.3241<br>Long: 104.5631]]></description>
      <styleUrl>#icon-1899-0288D1</styleUrl>
      <ExtendedData>
        <Data name="Lat">
          <value> 17.3241</value>
        </Data>
        <Data name="Long">
          <value>104.5631</value>
        </Data>
      </ExtendedData>
      <Point>
        <coordinates>
          104.5631,17.3241,0
        </coordinates>
      </Point>
    </Placemark>
    <Placemark>
      <name>LT30 - SG - 22 - 0502 - 215+769</name>
      <description><![CDATA[Lat:  17.3243<br>Long: 104.5635]]></description>
      <styleUrl>#icon-1899-0288D1</styleUrl>
      <ExtendedData>
        <Data name="Lat">
          <value> 17.3243</value>
        </Data>
        <Data name="Long">
          <value>104.5635</value>
        </Data>
      </ExtendedData>
      <Point>
        <coordinates>
          104.5635,17.3243,0
        </coordinates>
      </Point>
    </Placemark>
    <Placemark>
      <name>LT31 - SG - 22 - 0502 - 215+804</name>
      <description><![CDATA[Lat:  17.3245<br>Long: 104.5639]]></description>
      <styleUrl>#icon-1899-0288D1</styleUrl>
      <ExtendedData>
        <Data name="Lat">
          <value> 17.3245</value>
        </Data>
        <Data name="Long">
          <value>104.5639</value>
        </Data>
      </ExtendedData>
      <Point>
        <coordinates>
          104.5639,17.3245,0
        </coordinates>
      </Point>
    </Placemark>
    <Placemark>
      <name>LT32 - SG - 22 - 0502 - 215+839</name>
      <description><![CDATA[Lat:  17.3246<br>Long: 104.5643]]></description>
      <styleUrl>#icon-1899-0288D1</styleUrl>
      <ExtendedData>
        <Data name="Lat">
          <value> 17.3246</value>
        </Data>
        <Data name="Long">
          <value>104.5643</value>
        </Data>
      </ExtendedData>
      <Point>
        <coordinates>
          104.5643,17.3246,0
        </coordinates>
      </Point>
    </Placemark>
    <Placemark>
      <name>LT33 - SG - 22 - 0502 - 215+874</name>
      <description><![CDATA[Lat:  17.3248<br>Long: 104.5645]]></description>
      <styleUrl>#icon-1899-0288D1</styleUrl>
      <ExtendedData>
        <Data name="Lat">
          <value> 17.3248</value>
        </Data>
        <Data name="Long">
          <value>104.5645</value>
        </Data>
      </ExtendedData>
      <Point>
        <coordinates>
          104.5645,17.3248,0
        </coordinates>
      </Point>
    </Placemark>
    <Placemark>
      <name>LT34 - SG - 22 - 0502 - 215+909</name>
      <description><![CDATA[Lat:  17.3249<br>Long: 104.5647]]></description>
      <styleUrl>#icon-1899-0288D1</styleUrl>
      <ExtendedData>
        <Data name="Lat">
          <value> 17.3249</value>
        </Data>
        <Data name="Long">
          <value>104.5647</value>
        </Data>
      </ExtendedData>
      <Point>
        <coordinates>
          104.5647,17.3249,0
        </coordinates>
      </Point>
    </Placemark>
    <Placemark>
      <name>LT35 - SG - 22 - 0502 - 215+944</name>
      <description><![CDATA[Lat:  17.3250<br>Long: 104.5649]]></description>
      <styleUrl>#icon-1899-0288D1</styleUrl>
      <ExtendedData>
        <Data name="Lat">
          <value> 17.3250</value>
        </Data>
        <Data name="Long">
          <value>104.5649</value>
        </Data>
      </ExtendedData>
      <Point>
        <coordinates>
          104.5649,17.325,0
        </coordinates>
      </Point>
    </Placemark>
    <Placemark>
      <name>LT36 - SG - 22 - 0502 - 215+979</name>
      <description><![CDATA[Lat:  17.3251<br>Long: 104.5653]]></description>
      <styleUrl>#icon-1899-0288D1</styleUrl>
      <ExtendedData>
        <Data name="Lat">
          <value> 17.3251</value>
        </Data>
        <Data name="Long">
          <value>104.5653</value>
        </Data>
      </ExtendedData>
      <Point>
        <coordinates>
          104.5653,17.3251,0
        </coordinates>
      </Point>
    </Placemark>
    <Placemark>
      <name>LT37 - SG - 22 - 0502 - 216+014</name>
      <description><![CDATA[Lat:  17.3253<br>Long: 104.5656]]></description>
      <styleUrl>#icon-1899-0288D1</styleUrl>
      <ExtendedData>
        <Data name="Lat">
          <value> 17.3253</value>
        </Data>
        <Data name="Long">
          <value>104.5656</value>
        </Data>
      </ExtendedData>
      <Point>
        <coordinates>
          104.5656,17.3253,0
        </coordinates>
      </Point>
    </Placemark>
    <Placemark>
      <name>LT38 - SG - 22 - 0502 - 216+049</name>
      <description><![CDATA[Lat:  17.3254<br>Long: 104.5658]]></description>
      <styleUrl>#icon-1899-0288D1</styleUrl>
      <ExtendedData>
        <Data name="Lat">
          <value> 17.3254</value>
        </Data>
        <Data name="Long">
          <value>104.5658</value>
        </Data>
      </ExtendedData>
      <Point>
        <coordinates>
          104.5658,17.3254,0
        </coordinates>
      </Point>
    </Placemark>
    <Placemark>
      <name>LT39 - SG - 22 - 0502 - 216+084</name>
      <description><![CDATA[Lat:  17.3255<br>Long: 104.5661]]></description>
      <styleUrl>#icon-1899-0288D1</styleUrl>
      <ExtendedData>
        <Data name="Lat">
          <value> 17.3255</value>
        </Data>
        <Data name="Long">
          <value>104.5661</value>
        </Data>
      </ExtendedData>
      <Point>
        <coordinates>
          104.5661,17.3255,0
        </coordinates>
      </Point>
    </Placemark>
    <Placemark>
      <name>LT40 - SG - 22 - 0502 - 216+119</name>
      <description><![CDATA[Lat:  17.3257<br>Long: 104.5664]]></description>
      <styleUrl>#icon-1899-0288D1</styleUrl>
      <ExtendedData>
        <Data name="Lat">
          <value> 17.3257</value>
        </Data>
        <Data name="Long">
          <value>104.5664</value>
        </Data>
      </ExtendedData>
      <Point>
        <coordinates>
          104.5664,17.3257,0
        </coordinates>
      </Point>
    </Placemark>
    <Placemark>
      <name>LT41 - SG - 22 - 0502 - 216+154</name>
      <description><![CDATA[Lat:  17.3258<br>Long: 104.5666]]></description>
      <styleUrl>#icon-1899-0288D1</styleUrl>
      <ExtendedData>
        <Data name="Lat">
          <value> 17.3258</value>
        </Data>
        <Data name="Long">
          <value>104.5666</value>
        </Data>
      </ExtendedData>
      <Point>
        <coordinates>
          104.5666,17.3258,0
        </coordinates>
      </Point>
    </Placemark>
    <Placemark>
      <name>LT42 - SG - 22 - 0502 - 216+189</name>
      <description><![CDATA[Lat:  17.3260<br>Long: 104.5670]]></description>
      <styleUrl>#icon-1899-0288D1</styleUrl>
      <ExtendedData>
        <Data name="Lat">
          <value> 17.3260</value>
        </Data>
        <Data name="Long">
          <value>104.5670</value>
        </Data>
      </ExtendedData>
      <Point>
        <coordinates>
          104.567,17.326,0
        </coordinates>
      </Point>
    </Placemark>
    <Placemark>
      <name>LT43 - SG - 22 - 0502 - 216+224</name>
      <description><![CDATA[Lat:  17.3261<br>Long: 104.5673]]></description>
      <styleUrl>#icon-1899-0288D1</styleUrl>
      <ExtendedData>
        <Data name="Lat">
          <value> 17.3261</value>
        </Data>
        <Data name="Long">
          <value>104.5673</value>
        </Data>
      </ExtendedData>
      <Point>
        <coordinates>
          104.5673,17.3261,0
        </coordinates>
      </Point>
    </Placemark>
    <Placemark>
      <name>LT44 - SG - 22 - 0502 - 216+259</name>
      <description><![CDATA[Lat:  17.3263<br>Long: 104.5676]]></description>
      <styleUrl>#icon-1899-0288D1</styleUrl>
      <ExtendedData>
        <Data name="Lat">
          <value> 17.3263</value>
        </Data>
        <Data name="Long">
          <value>104.5676</value>
        </Data>
      </ExtendedData>
      <Point>
        <coordinates>
          104.5676,17.3263,0
        </coordinates>
      </Point>
    </Placemark>
    <Placemark>
      <name>LT45 - SG - 22 - 0502 - 216+294</name>
      <description><![CDATA[Lat:  17.3264<br>Long: 104.5679]]></description>
      <styleUrl>#icon-1899-0288D1</styleUrl>
      <ExtendedData>
        <Data name="Lat">
          <value> 17.3264</value>
        </Data>
        <Data name="Long">
          <value>104.5679</value>
        </Data>
      </ExtendedData>
      <Point>
        <coordinates>
          104.5679,17.3264,0
        </coordinates>
      </Point>
    </Placemark>
    <Placemark>
      <name>LT46 - SG - 22 - 0502 - 216+329</name>
      <description><![CDATA[Lat:  17.3265<br>Long: 104.5681]]></description>
      <styleUrl>#icon-1899-0288D1</styleUrl>
      <ExtendedData>
        <Data name="Lat">
          <value> 17.3265</value>
        </Data>
        <Data name="Long">
          <value>104.5681</value>
        </Data>
      </ExtendedData>
      <Point>
        <coordinates>
          104.5681,17.3265,0
        </coordinates>
      </Point>
    </Placemark>
    <Placemark>
      <name>LT47 - SG - 22 - 0502 - 216+364</name>
      <description><![CDATA[Lat:  17.3266<br>Long: 104.5684]]></description>
      <styleUrl>#icon-1899-0288D1</styleUrl>
      <ExtendedData>
        <Data name="Lat">
          <value> 17.3266</value>
        </Data>
        <Data name="Long">
          <value>104.5684</value>
        </Data>
      </ExtendedData>
      <Point>
        <coordinates>
          104.5684,17.3266,0
        </coordinates>
      </Point>
    </Placemark>
    <Placemark>
      <name>MD23 - DB - 22 - 0502 - 216+399</name>
      <description><![CDATA[Lat:  17.3267<br>Long: 104.5688]]></description>
      <styleUrl>#icon-1899-0288D1</styleUrl>
      <ExtendedData>
        <Data name="Lat">
          <value> 17.3267</value>
        </Data>
        <Data name="Long">
          <value>104.5688</value>
        </Data>
      </ExtendedData>
      <Point>
        <coordinates>
          104.5688,17.3267,0
        </coordinates>
      </Point>
    </Placemark>
    <Placemark>
      <name>MD24 - DB - 22 - 0502 - 216+434</name>
      <description><![CDATA[Lat:  17.3268<br>Long: 104.5691]]></description>
      <styleUrl>#icon-1899-0288D1</styleUrl>
      <ExtendedData>
        <Data name="Lat">
          <value> 17.3268</value>
        </Data>
        <Data name="Long">
          <value>104.5691</value>
        </Data>
      </ExtendedData>
      <Point>
        <coordinates>
          104.5691,17.3268,0
        </coordinates>
      </Point>
    </Placemark>
    <Placemark>
      <name>MD25 - DB - 22 - 0502 - 216+469</name>
      <description><![CDATA[Lat:  17.3269<br>Long: 104.5694]]></description>
      <styleUrl>#icon-1899-0288D1</styleUrl>
      <ExtendedData>
        <Data name="Lat">
          <value> 17.3269</value>
        </Data>
        <Data name="Long">
          <value>104.5694</value>
        </Data>
      </ExtendedData>
      <Point>
        <coordinates>
          104.5694,17.3269,0
        </coordinates>
      </Point>
    </Placemark>
    <Placemark>
      <name>MD26 - DB - 22 - 0502 - 216+504</name>
      <description><![CDATA[Lat:  17.3271<br>Long: 104.5696]]></description>
      <styleUrl>#icon-1899-0288D1</styleUrl>
      <ExtendedData>
        <Data name="Lat">
          <value> 17.3271</value>
        </Data>
        <Data name="Long">
          <value>104.5696</value>
        </Data>
      </ExtendedData>
      <Point>
        <coordinates>
          104.5696,17.3271,0
        </coordinates>
      </Point>
    </Placemark>
    <Placemark>
      <name>MD27 - DB - 22 - 0502 - 216+539</name>
      <description><![CDATA[Lat:  17.3272<br>Long: 104.5700]]></description>
      <styleUrl>#icon-1899-0288D1</styleUrl>
      <ExtendedData>
        <Data name="Lat">
          <value> 17.3272</value>
        </Data>
        <Data name="Long">
          <value>104.5700</value>
        </Data>
      </ExtendedData>
      <Point>
        <coordinates>
          104.57,17.3272,0
        </coordinates>
      </Point>
    </Placemark>
    <Placemark>
      <name>MD28 - DB - 22 - 0502 - 216+574</name>
      <description><![CDATA[Lat:  17.3273<br>Long: 104.5703]]></description>
      <styleUrl>#icon-1899-0288D1</styleUrl>
      <ExtendedData>
        <Data name="Lat">
          <value> 17.3273</value>
        </Data>
        <Data name="Long">
          <value>104.5703</value>
        </Data>
      </ExtendedData>
      <Point>
        <coordinates>
          104.5703,17.3273,0
        </coordinates>
      </Point>
    </Placemark>
    <Placemark>
      <name>MD29 - DB - 22 - 0502 - 216+609</name>
      <description><![CDATA[Lat:  17.3275<br>Long: 104.5706]]></description>
      <styleUrl>#icon-1899-0288D1</styleUrl>
      <ExtendedData>
        <Data name="Lat">
          <value> 17.3275</value>
        </Data>
        <Data name="Long">
          <value>104.5706</value>
        </Data>
      </ExtendedData>
      <Point>
        <coordinates>
          104.5706,17.3275,0
        </coordinates>
      </Point>
    </Placemark>
    <Placemark>
      <name>MD30 - DB - 22 - 0502 - 216+644</name>
      <description><![CDATA[Lat:  17.3277<br>Long: 104.5708]]></description>
      <styleUrl>#icon-1899-0288D1</styleUrl>
      <ExtendedData>
        <Data name="Lat">
          <value> 17.3277</value>
        </Data>
        <Data name="Long">
          <value>104.5708</value>
        </Data>
      </ExtendedData>
      <Point>
        <coordinates>
          104.5708,17.3277,0
        </coordinates>
      </Point>
    </Placemark>
    <Placemark>
      <name>MD31 - DB - 22 - 0502 - 216+679</name>
      <description><![CDATA[Lat:  17.3278<br>Long: 104.5711]]></description>
      <styleUrl>#icon-1899-0288D1</styleUrl>
      <ExtendedData>
        <Data name="Lat">
          <value> 17.3278</value>
        </Data>
        <Data name="Long">
          <value>104.5711</value>
        </Data>
      </ExtendedData>
      <Point>
        <coordinates>
          104.5711,17.3278,0
        </coordinates>
      </Point>
    </Placemark>
    <Placemark>
      <name>MD32 - DB - 22 - 0502 - 216+714</name>
      <description><![CDATA[Lat:  17.3279<br>Long: 104.5713]]></description>
      <styleUrl>#icon-1899-0288D1</styleUrl>
      <ExtendedData>
        <Data name="Lat">
          <value> 17.3279</value>
        </Data>
        <Data name="Long">
          <value>104.5713</value>
        </Data>
      </ExtendedData>
      <Point>
        <coordinates>
          104.5713,17.3279,0
        </coordinates>
      </Point>
    </Placemark>
    <Placemark>
      <name>MD33 - DB - 22 - 0502 - 216+749</name>
      <description><![CDATA[Lat:  17.3281<br>Long: 104.5717]]></description>
      <styleUrl>#icon-1899-0288D1</styleUrl>
      <ExtendedData>
        <Data name="Lat">
          <value> 17.3281</value>
        </Data>
        <Data name="Long">
          <value>104.5717</value>
        </Data>
      </ExtendedData>
      <Point>
        <coordinates>
          104.5717,17.3281,0
        </coordinates>
      </Point>
    </Placemark>
    <Placemark>
      <name>MD34 - DB - 22 - 0502 - 216+784</name>
      <description><![CDATA[Lat:  17.3282<br>Long: 104.5719]]></description>
      <styleUrl>#icon-1899-0288D1</styleUrl>
      <ExtendedData>
        <Data name="Lat">
          <value> 17.3282</value>
        </Data>
        <Data name="Long">
          <value>104.5719</value>
        </Data>
      </ExtendedData>
      <Point>
        <coordinates>
          104.5719,17.3282,0
        </coordinates>
      </Point>
    </Placemark>
    <Placemark>
      <name>MD35 - DB - 22 - 0502 - 216+819</name>
      <description><![CDATA[Lat:  17.3283<br>Long: 104.5723]]></description>
      <styleUrl>#icon-1899-0288D1</styleUrl>
      <ExtendedData>
        <Data name="Lat">
          <value> 17.3283</value>
        </Data>
        <Data name="Long">
          <value>104.5723</value>
        </Data>
      </ExtendedData>
      <Point>
        <coordinates>
          104.5723,17.3283,0
        </coordinates>
      </Point>
    </Placemark>
    <Placemark>
      <name>MD36 - DB - 22 - 0502 - 216+854</name>
      <description><![CDATA[Lat:  17.3285<br>Long: 104.5726]]></description>
      <styleUrl>#icon-1899-0288D1</styleUrl>
      <ExtendedData>
        <Data name="Lat">
          <value> 17.3285</value>
        </Data>
        <Data name="Long">
          <value>104.5726</value>
        </Data>
      </ExtendedData>
      <Point>
        <coordinates>
          104.5726,17.3285,0
        </coordinates>
      </Point>
    </Placemark>
    <Placemark>
      <name>LT48 - SG - 22 - 0502 - 216+879</name>
      <description><![CDATA[Lat:  17.3287<br>Long: 104.5727]]></description>
      <styleUrl>#icon-1899-0288D1</styleUrl>
      <ExtendedData>
        <Data name="Lat">
          <value> 17.3287</value>
        </Data>
        <Data name="Long">
          <value>104.5727</value>
        </Data>
      </ExtendedData>
      <Point>
        <coordinates>
          104.5727,17.3287,0
        </coordinates>
      </Point>
    </Placemark>
    <Placemark>
      <name>LT49 - SG - 22 - 0502 - 216+914</name>
      <description><![CDATA[Lat:  17.3289<br>Long: 104.5731]]></description>
      <styleUrl>#icon-1899-0288D1</styleUrl>
      <ExtendedData>
        <Data name="Lat">
          <value> 17.3289</value>
        </Data>
        <Data name="Long">
          <value>104.5731</value>
        </Data>
      </ExtendedData>
      <Point>
        <coordinates>
          104.5731,17.3289,0
        </coordinates>
      </Point>
    </Placemark>
    <Placemark>
      <name>LT50 - SG - 22 - 0502 - 216+949</name>
      <description><![CDATA[Lat:  17.3291<br>Long: 104.5737]]></description>
      <styleUrl>#icon-1899-0288D1</styleUrl>
      <ExtendedData>
        <Data name="Lat">
          <value> 17.3291</value>
        </Data>
        <Data name="Long">
          <value>104.5737</value>
        </Data>
      </ExtendedData>
      <Point>
        <coordinates>
          104.5737,17.3291,0
        </coordinates>
      </Point>
    </Placemark>
    <Placemark>
      <name>LT51 - SG - 22 - 0502 - 216+984</name>
      <description><![CDATA[Lat:  17.3293<br>Long: 104.5740]]></description>
      <styleUrl>#icon-1899-0288D1</styleUrl>
      <ExtendedData>
        <Data name="Lat">
          <value> 17.3293</value>
        </Data>
        <Data name="Long">
          <value>104.5740</value>
        </Data>
      </ExtendedData>
      <Point>
        <coordinates>
          104.574,17.3293,0
        </coordinates>
      </Point>
    </Placemark>
    <Placemark>
      <name>LT52 - SG - 22 - 0502 - 217+019</name>
      <description><![CDATA[Lat:  17.3295<br>Long: 104.5744]]></description>
      <styleUrl>#icon-1899-0288D1</styleUrl>
      <ExtendedData>
        <Data name="Lat">
          <value> 17.3295</value>
        </Data>
        <Data name="Long">
          <value>104.5744</value>
        </Data>
      </ExtendedData>
      <Point>
        <coordinates>
          104.5744,17.3295,0
        </coordinates>
      </Point>
    </Placemark>
    <Placemark>
      <name>LT53 - SG - 22 - 0502 - 217+054</name>
      <description><![CDATA[Lat: 17.3296<br>Long: 104.5747]]></description>
      <styleUrl>#icon-1899-0288D1</styleUrl>
      <ExtendedData>
        <Data name="Lat">
          <value>17.3296</value>
        </Data>
        <Data name="Long">
          <value>104.5747</value>
        </Data>
      </ExtendedData>
      <Point>
        <coordinates>
          104.5747,17.3296,0
        </coordinates>
      </Point>
    </Placemark>
    <Placemark>
      <name>LT54 - SG - 22 - 0502 - 217+089</name>
      <description><![CDATA[Lat:  17.3298<br>Long: 104.5752]]></description>
      <styleUrl>#icon-1899-0288D1</styleUrl>
      <ExtendedData>
        <Data name="Lat">
          <value> 17.3298</value>
        </Data>
        <Data name="Long">
          <value>104.5752</value>
        </Data>
      </ExtendedData>
      <Point>
        <coordinates>
          104.5752,17.3298,0
        </coordinates>
      </Point>
    </Placemark>
    <Placemark>
      <name>LT55 - SG - 22 - 0502 - 217+124</name>
      <description><![CDATA[Lat:  17.3300<br>Long: 104.5755]]></description>
      <styleUrl>#icon-1899-0288D1</styleUrl>
      <ExtendedData>
        <Data name="Lat">
          <value> 17.3300</value>
        </Data>
        <Data name="Long">
          <value>104.5755</value>
        </Data>
      </ExtendedData>
      <Point>
        <coordinates>
          104.5755,17.33,0
        </coordinates>
      </Point>
    </Placemark>
    <Placemark>
      <name>LT56 - SG - 22 - 0502 - 217+159</name>
      <description><![CDATA[Lat:  17.3302<br>Long: 104.5758]]></description>
      <styleUrl>#icon-1899-0288D1</styleUrl>
      <ExtendedData>
        <Data name="Lat">
          <value> 17.3302</value>
        </Data>
        <Data name="Long">
          <value>104.5758</value>
        </Data>
      </ExtendedData>
      <Point>
        <coordinates>
          104.5758,17.3302,0
        </coordinates>
      </Point>
    </Placemark>
    <Placemark>
      <name>LT57 - SG - 22 - 0502 - 217+194</name>
      <description><![CDATA[Lat:  17.3303<br>Long: 104.5761]]></description>
      <styleUrl>#icon-1899-0288D1</styleUrl>
      <ExtendedData>
        <Data name="Lat">
          <value> 17.3303</value>
        </Data>
        <Data name="Long">
          <value>104.5761</value>
        </Data>
      </ExtendedData>
      <Point>
        <coordinates>
          104.5761,17.3303,0
        </coordinates>
      </Point>
    </Placemark>
    <Placemark>
      <name>LT58 - SG - 22 - 0502 - 217+229</name>
      <description><![CDATA[Lat:  17.3305<br>Long: 104.5765]]></description>
      <styleUrl>#icon-1899-0288D1</styleUrl>
      <ExtendedData>
        <Data name="Lat">
          <value> 17.3305</value>
        </Data>
        <Data name="Long">
          <value>104.5765</value>
        </Data>
      </ExtendedData>
      <Point>
        <coordinates>
          104.5765,17.3305,0
        </coordinates>
      </Point>
    </Placemark>
    <Placemark>
      <name>RT48 - SG - 22 - 0502 - 216+879</name>
      <description><![CDATA[Lat:  17.3286<br>Long: 104.5730]]></description>
      <styleUrl>#icon-1899-0288D1</styleUrl>
      <ExtendedData>
        <Data name="Lat">
          <value> 17.3286</value>
        </Data>
        <Data name="Long">
          <value>104.5730</value>
        </Data>
      </ExtendedData>
      <Point>
        <coordinates>
          104.573,17.3286,0
        </coordinates>
      </Point>
    </Placemark>
    <Placemark>
      <name>RT49 - SG - 22 - 0502 - 216+914</name>
      <description><![CDATA[Lat:  17.3289<br>Long: 104.5737]]></description>
      <styleUrl>#icon-1899-0288D1</styleUrl>
      <ExtendedData>
        <Data name="Lat">
          <value> 17.3289</value>
        </Data>
        <Data name="Long">
          <value>104.5737</value>
        </Data>
      </ExtendedData>
      <Point>
        <coordinates>
          104.5737,17.3289,0
        </coordinates>
      </Point>
    </Placemark>
    <Placemark>
      <name>RT50 - SG - 22 - 0502 - 216+949</name>
      <description><![CDATA[Lat: 17.3291<br>Long: 104.5741]]></description>
      <styleUrl>#icon-1899-0288D1</styleUrl>
      <ExtendedData>
        <Data name="Lat">
          <value>17.3291</value>
        </Data>
        <Data name="Long">
          <value>104.5741</value>
        </Data>
      </ExtendedData>
      <Point>
        <coordinates>
          104.5741,17.3291,0
        </coordinates>
      </Point>
    </Placemark>
    <Placemark>
      <name>RT51 - SG - 22 - 0502 - 216+984</name>
      <description><![CDATA[Lat:  17.3293<br>Long: 104.5745]]></description>
      <styleUrl>#icon-1899-0288D1</styleUrl>
      <ExtendedData>
        <Data name="Lat">
          <value> 17.3293</value>
        </Data>
        <Data name="Long">
          <value>104.5745</value>
        </Data>
      </ExtendedData>
      <Point>
        <coordinates>
          104.5745,17.3293,0
        </coordinates>
      </Point>
    </Placemark>
    <Placemark>
      <name>RT52 - SG - 22 - 0502 - 217+019</name>
      <description><![CDATA[Lat:  17.3294<br>Long: 104.5748]]></description>
      <styleUrl>#icon-1899-0288D1</styleUrl>
      <ExtendedData>
        <Data name="Lat">
          <value> 17.3294</value>
        </Data>
        <Data name="Long">
          <value>104.5748</value>
        </Data>
      </ExtendedData>
      <Point>
        <coordinates>
          104.5748,17.3294,0
        </coordinates>
      </Point>
    </Placemark>
    <Placemark>
      <name>RT53 - SG - 22 - 0502 - 217+054</name>
      <description><![CDATA[Lat:  17.3296<br>Long: 104.5752]]></description>
      <styleUrl>#icon-1899-0288D1</styleUrl>
      <ExtendedData>
        <Data name="Lat">
          <value> 17.3296</value>
        </Data>
        <Data name="Long">
          <value>104.5752</value>
        </Data>
      </ExtendedData>
      <Point>
        <coordinates>
          104.5752,17.3296,0
        </coordinates>
      </Point>
    </Placemark>
    <Placemark>
      <name>RT54 - SG - 22 - 0502 - 217+089</name>
      <description><![CDATA[Lat:  17.3298<br>Long: 104.5756]]></description>
      <styleUrl>#icon-1899-0288D1</styleUrl>
      <ExtendedData>
        <Data name="Lat">
          <value> 17.3298</value>
        </Data>
        <Data name="Long">
          <value>104.5756</value>
        </Data>
      </ExtendedData>
      <Point>
        <coordinates>
          104.5756,17.3298,0
        </coordinates>
      </Point>
    </Placemark>
    <Placemark>
      <name>RT55 - SG - 22 - 0502 - 217+124</name>
      <description><![CDATA[Lat:  17.3300<br>Long: 104.5760]]></description>
      <styleUrl>#icon-1899-0288D1</styleUrl>
      <ExtendedData>
        <Data name="Lat">
          <value> 17.3300</value>
        </Data>
        <Data name="Long">
          <value>104.5760</value>
        </Data>
      </ExtendedData>
      <Point>
        <coordinates>
          104.576,17.33,0
        </coordinates>
      </Point>
    </Placemark>
    <Placemark>
      <name>RT56 - SG - 22 - 0502 - 217+159</name>
      <description><![CDATA[Lat:  17.3302<br>Long: 104.5763]]></description>
      <styleUrl>#icon-1899-0288D1</styleUrl>
      <ExtendedData>
        <Data name="Lat">
          <value> 17.3302</value>
        </Data>
        <Data name="Long">
          <value>104.5763</value>
        </Data>
      </ExtendedData>
      <Point>
        <coordinates>
          104.5763,17.3302,0
        </coordinates>
      </Point>
    </Placemark>
    <Placemark>
      <name>RT57 - SG - 22 - 0502 - 217+194</name>
      <description><![CDATA[Lat:  17.3303<br>Long: 104.5766]]></description>
      <styleUrl>#icon-1899-0288D1</styleUrl>
      <ExtendedData>
        <Data name="Lat">
          <value> 17.3303</value>
        </Data>
        <Data name="Long">
          <value>104.5766</value>
        </Data>
      </ExtendedData>
      <Point>
        <coordinates>
          104.5766,17.3303,0
        </coordinates>
      </Point>
    </Placemark>
    <Placemark>
      <name>RT58 - SG - 22 - 0502 - 217+229</name>
      <description><![CDATA[Lat: 17.3305<br>Long: 104.5770]]></description>
      <styleUrl>#icon-1899-0288D1</styleUrl>
      <ExtendedData>
        <Data name="Lat">
          <value>17.3305</value>
        </Data>
        <Data name="Long">
          <value>104.5770</value>
        </Data>
      </ExtendedData>
      <Point>
        <coordinates>
          104.577,17.3305,0
        </coordinates>
      </Point>
    </Placemark>
    <Placemark>
      <name>RT59 - SG - 22 - 0502 - 217+264</name>
      <description><![CDATA[Lat:  17.3307<br>Long: 104.5774]]></description>
      <styleUrl>#icon-1899-0288D1</styleUrl>
      <ExtendedData>
        <Data name="Lat">
          <value> 17.3307</value>
        </Data>
        <Data name="Long">
          <value>104.5774</value>
        </Data>
      </ExtendedData>
      <Point>
        <coordinates>
          104.5774,17.3307,0
        </coordinates>
      </Point>
    </Placemark>
    <Placemark>
      <name>RT60 - SG - 22 - 0502 - 217+299</name>
      <description><![CDATA[Lat:  17.3309<br>Long: 104.5777]]></description>
      <styleUrl>#icon-1899-0288D1</styleUrl>
      <ExtendedData>
        <Data name="Lat">
          <value> 17.3309</value>
        </Data>
        <Data name="Long">
          <value>104.5777</value>
        </Data>
      </ExtendedData>
      <Point>
        <coordinates>
          104.5777,17.3309,0
        </coordinates>
      </Point>
    </Placemark>
    <Placemark>
      <name>RT61 - SG - 22 - 0502 - 217+334</name>
      <description><![CDATA[Lat:  17.3310<br>Long: 104.5781]]></description>
      <styleUrl>#icon-1899-0288D1</styleUrl>
      <ExtendedData>
        <Data name="Lat">
          <value> 17.3310</value>
        </Data>
        <Data name="Long">
          <value>104.5781</value>
        </Data>
      </ExtendedData>
      <Point>
        <coordinates>
          104.5781,17.331,0
        </coordinates>
      </Point>
    </Placemark>
    <Placemark>
      <name>RT62 - SG - 22 - 0502 - 217+369</name>
      <description><![CDATA[Lat: 17.3312<br>Long: 104.5786]]></description>
      <styleUrl>#icon-1899-0288D1</styleUrl>
      <ExtendedData>
        <Data name="Lat">
          <value>17.3312</value>
        </Data>
        <Data name="Long">
          <value>104.5786</value>
        </Data>
      </ExtendedData>
      <Point>
        <coordinates>
          104.5786,17.3312,0
        </coordinates>
      </Point>
    </Placemark>
    <Placemark>
      <name>RT63 - SG - 22 - 0502 - 217+404</name>
      <description><![CDATA[Lat:  17.3314<br>Long: 104.5788]]></description>
      <styleUrl>#icon-1899-0288D1</styleUrl>
      <ExtendedData>
        <Data name="Lat">
          <value> 17.3314</value>
        </Data>
        <Data name="Long">
          <value>104.5788</value>
        </Data>
      </ExtendedData>
      <Point>
        <coordinates>
          104.5788,17.3314,0
        </coordinates>
      </Point>
    </Placemark>
    <Placemark>
      <name>LT59 - SG - 22 - 0502 - 217+264</name>
      <description><![CDATA[Lat:  17.3307<br>Long: 104.5769]]></description>
      <styleUrl>#icon-1899-0288D1</styleUrl>
      <ExtendedData>
        <Data name="Lat">
          <value> 17.3307</value>
        </Data>
        <Data name="Long">
          <value>104.5769</value>
        </Data>
      </ExtendedData>
      <Point>
        <coordinates>
          104.5769,17.3307,0
        </coordinates>
      </Point>
    </Placemark>
    <Placemark>
      <name>LT60 - SG - 22 - 0502 - 217+299</name>
      <description><![CDATA[Lat: 17.3309<br>Long: 104.5773]]></description>
      <styleUrl>#icon-1899-0288D1</styleUrl>
      <ExtendedData>
        <Data name="Lat">
          <value>17.3309</value>
        </Data>
        <Data name="Long">
          <value>104.5773</value>
        </Data>
      </ExtendedData>
      <Point>
        <coordinates>
          104.5773,17.3309,0
        </coordinates>
      </Point>
    </Placemark>
    <Placemark>
      <name>LT61 - SG - 22 - 0502 - 217+334</name>
      <description><![CDATA[Lat:  17.3311<br>Long: 104.5776]]></description>
      <styleUrl>#icon-1899-0288D1</styleUrl>
      <ExtendedData>
        <Data name="Lat">
          <value> 17.3311</value>
        </Data>
        <Data name="Long">
          <value>104.5776</value>
        </Data>
      </ExtendedData>
      <Point>
        <coordinates>
          104.5776,17.3311,0
        </coordinates>
      </Point>
    </Placemark>
    <Placemark>
      <name>LT62 - SG - 22 - 0502 - 217+369</name>
      <description><![CDATA[Lat:  17.3313<br>Long: 104.5780]]></description>
      <styleUrl>#icon-1899-0288D1</styleUrl>
      <ExtendedData>
        <Data name="Lat">
          <value> 17.3313</value>
        </Data>
        <Data name="Long">
          <value>104.5780</value>
        </Data>
      </ExtendedData>
      <Point>
        <coordinates>
          104.578,17.3313,0
        </coordinates>
      </Point>
    </Placemark>
    <Placemark>
      <name>LT63 - SG - 22 - 0502 - 217+404</name>
      <description><![CDATA[Lat:  17.3314<br>Long: 104.5784]]></description>
      <styleUrl>#icon-1899-0288D1</styleUrl>
      <ExtendedData>
        <Data name="Lat">
          <value> 17.3314</value>
        </Data>
        <Data name="Long">
          <value>104.5784</value>
        </Data>
      </ExtendedData>
      <Point>
        <coordinates>
          104.5784,17.3314,0
        </coordinates>
      </Point>
    </Placemark>
    <Placemark>
      <name>LT64 - SG - 22 - 0502 - 217+439</name>
      <description><![CDATA[Lat:  17.3316<br>Long: 104.5787]]></description>
      <styleUrl>#icon-1899-0288D1</styleUrl>
      <ExtendedData>
        <Data name="Lat">
          <value> 17.3316</value>
        </Data>
        <Data name="Long">
          <value>104.5787</value>
        </Data>
      </ExtendedData>
      <Point>
        <coordinates>
          104.5787,17.3316,0
        </coordinates>
      </Point>
    </Placemark>
    <Placemark>
      <name>LT66 - SG - 22 - 0502 - 217+509</name>
      <description><![CDATA[Lat:  17.3320<br>Long: 104.5795]]></description>
      <styleUrl>#icon-1899-0288D1</styleUrl>
      <ExtendedData>
        <Data name="Lat">
          <value> 17.3320</value>
        </Data>
        <Data name="Long">
          <value>104.5795</value>
        </Data>
      </ExtendedData>
      <Point>
        <coordinates>
          104.5795,17.332,0
        </coordinates>
      </Point>
    </Placemark>
    <Placemark>
      <name>LT65 - SG - 22 - 0502 - 217+474</name>
      <description><![CDATA[Lat:  17.3318<br>Long: 104.5791]]></description>
      <styleUrl>#icon-1899-0288D1</styleUrl>
      <ExtendedData>
        <Data name="Lat">
          <value> 17.3318</value>
        </Data>
        <Data name="Long">
          <value>104.5791</value>
        </Data>
      </ExtendedData>
      <Point>
        <coordinates>
          104.5791,17.3318,0
        </coordinates>
      </Point>
    </Placemark>
    <Placemark>
      <name>RT64 - SG - 22 - 0502 - 217+439</name>
      <description><![CDATA[Lat:  17.3316<br>Long: 104.5792]]></description>
      <styleUrl>#icon-1899-0288D1</styleUrl>
      <ExtendedData>
        <Data name="Lat">
          <value> 17.3316</value>
        </Data>
        <Data name="Long">
          <value>104.5792</value>
        </Data>
      </ExtendedData>
      <Point>
        <coordinates>
          104.5792,17.3316,0
        </coordinates>
      </Point>
    </Placemark>
    <Placemark>
      <name>RT65 - SG - 22 - 0502 - 217+474</name>
      <description><![CDATA[Lat:  17.3317<br>Long: 104.5796]]></description>
      <styleUrl>#icon-1899-0288D1</styleUrl>
      <ExtendedData>
        <Data name="Lat">
          <value> 17.3317</value>
        </Data>
        <Data name="Long">
          <value>104.5796</value>
        </Data>
      </ExtendedData>
      <Point>
        <coordinates>
          104.5796,17.3317,0
        </coordinates>
      </Point>
    </Placemark>
    <Placemark>
      <name>RT66 - SG - 22 - 0502 - 217+509</name>
      <description><![CDATA[Lat:  17.3319<br>Long: 104.5799]]></description>
      <styleUrl>#icon-1899-0288D1</styleUrl>
      <ExtendedData>
        <Data name="Lat">
          <value> 17.3319</value>
        </Data>
        <Data name="Long">
          <value>104.5799</value>
        </Data>
      </ExtendedData>
      <Point>
        <coordinates>
          104.5799,17.3319,0
        </coordinates>
      </Point>
    </Placemark>
    <Placemark>
      <name>RT67 - SG - 22 - 0502 - 217+544</name>
      <description><![CDATA[Lat:  17.3321<br>Long: 104.5803]]></description>
      <styleUrl>#icon-1899-0288D1</styleUrl>
      <ExtendedData>
        <Data name="Lat">
          <value> 17.3321</value>
        </Data>
        <Data name="Long">
          <value>104.5803</value>
        </Data>
      </ExtendedData>
      <Point>
        <coordinates>
          104.5803,17.3321,0
        </coordinates>
      </Point>
    </Placemark>
    <Placemark>
      <name>RT68 - SG - 22 - 0502 - 217+579</name>
      <description><![CDATA[Lat:  17.3322<br>Long: 104.5806]]></description>
      <styleUrl>#icon-1899-0288D1</styleUrl>
      <ExtendedData>
        <Data name="Lat">
          <value> 17.3322</value>
        </Data>
        <Data name="Long">
          <value>104.5806</value>
        </Data>
      </ExtendedData>
      <Point>
        <coordinates>
          104.5806,17.3322,0
        </coordinates>
      </Point>
    </Placemark>
    <Placemark>
      <name>LT67 - SG - 22 - 0502 - 217+544</name>
      <description><![CDATA[Lat:  17.3321<br>Long: 104.5798]]></description>
      <styleUrl>#icon-1899-0288D1</styleUrl>
      <ExtendedData>
        <Data name="Lat">
          <value> 17.3321</value>
        </Data>
        <Data name="Long">
          <value>104.5798</value>
        </Data>
      </ExtendedData>
      <Point>
        <coordinates>
          104.5798,17.3321,0
        </coordinates>
      </Point>
    </Placemark>
    <Placemark>
      <name>LT68 - SG - 22 - 0502 - 217+579</name>
      <description><![CDATA[Lat:  17.3323<br>Long: 104.5802]]></description>
      <styleUrl>#icon-1899-0288D1</styleUrl>
      <ExtendedData>
        <Data name="Lat">
          <value> 17.3323</value>
        </Data>
        <Data name="Long">
          <value>104.5802</value>
        </Data>
      </ExtendedData>
      <Point>
        <coordinates>
          104.5802,17.3323,0
        </coordinates>
      </Point>
    </Placemark>
    <Placemark>
      <name>LT69 - SG - 22 - 0502 - 217+614</name>
      <description><![CDATA[Lat:  17.3325<br>Long: 104.5805]]></description>
      <styleUrl>#icon-1899-0288D1</styleUrl>
      <ExtendedData>
        <Data name="Lat">
          <value> 17.3325</value>
        </Data>
        <Data name="Long">
          <value>104.5805</value>
        </Data>
      </ExtendedData>
      <Point>
        <coordinates>
          104.5805,17.3325,0
        </coordinates>
      </Point>
    </Placemark>
    <Placemark>
      <name>LT70 - SG - 22 - 0502 - 217+649</name>
      <description><![CDATA[Lat:  17.3326<br>Long: 104.5809]]></description>
      <styleUrl>#icon-1899-0288D1</styleUrl>
      <ExtendedData>
        <Data name="Lat">
          <value> 17.3326</value>
        </Data>
        <Data name="Long">
          <value>104.5809</value>
        </Data>
      </ExtendedData>
      <Point>
        <coordinates>
          104.5809,17.3326,0
        </coordinates>
      </Point>
    </Placemark>
    <Placemark>
      <name>LT71 - SG - 22 - 0502 - 217+684</name>
      <description><![CDATA[Lat:  17.3328<br>Long: 104.5811]]></description>
      <styleUrl>#icon-1899-0288D1</styleUrl>
      <ExtendedData>
        <Data name="Lat">
          <value> 17.3328</value>
        </Data>
        <Data name="Long">
          <value>104.5811</value>
        </Data>
      </ExtendedData>
      <Point>
        <coordinates>
          104.5811,17.3328,0
        </coordinates>
      </Point>
    </Placemark>
    <Placemark>
      <name>LT72 - SG - 22 - 0502 - 217+719</name>
      <description><![CDATA[Lat:  17.3330<br>Long: 104.5816]]></description>
      <styleUrl>#icon-1899-0288D1</styleUrl>
      <ExtendedData>
        <Data name="Lat">
          <value> 17.3330</value>
        </Data>
        <Data name="Long">
          <value>104.5816</value>
        </Data>
      </ExtendedData>
      <Point>
        <coordinates>
          104.5816,17.333,0
        </coordinates>
      </Point>
    </Placemark>
    <Placemark>
      <name>LT73 - SG - 22 - 0502 - 217+754</name>
      <description><![CDATA[Lat:  17.3332<br>Long: 104.5820]]></description>
      <styleUrl>#icon-1899-0288D1</styleUrl>
      <ExtendedData>
        <Data name="Lat">
          <value> 17.3332</value>
        </Data>
        <Data name="Long">
          <value>104.5820</value>
        </Data>
      </ExtendedData>
      <Point>
        <coordinates>
          104.582,17.3332,0
        </coordinates>
      </Point>
    </Placemark>
    <Placemark>
      <name>LT74 - SG - 22 - 0502 - 217+789</name>
      <description><![CDATA[Lat:  17.3334<br>Long: 104.5823]]></description>
      <styleUrl>#icon-1899-0288D1</styleUrl>
      <ExtendedData>
        <Data name="Lat">
          <value> 17.3334</value>
        </Data>
        <Data name="Long">
          <value>104.5823</value>
        </Data>
      </ExtendedData>
      <Point>
        <coordinates>
          104.5823,17.3334,0
        </coordinates>
      </Point>
    </Placemark>
    <Placemark>
      <name>LT75 - SG - 22 - 0502 - 217+824</name>
      <description><![CDATA[Lat:  17.3335<br>Long: 104.5827]]></description>
      <styleUrl>#icon-1899-0288D1</styleUrl>
      <ExtendedData>
        <Data name="Lat">
          <value> 17.3335</value>
        </Data>
        <Data name="Long">
          <value>104.5827</value>
        </Data>
      </ExtendedData>
      <Point>
        <coordinates>
          104.5827,17.3335,0
        </coordinates>
      </Point>
    </Placemark>
    <Placemark>
      <name>LT76 - SG - 22 - 0502 - 217+859</name>
      <description><![CDATA[Lat:  17.3337<br>Long: 104.5830]]></description>
      <styleUrl>#icon-1899-0288D1</styleUrl>
      <ExtendedData>
        <Data name="Lat">
          <value> 17.3337</value>
        </Data>
        <Data name="Long">
          <value>104.5830</value>
        </Data>
      </ExtendedData>
      <Point>
        <coordinates>
          104.583,17.3337,0
        </coordinates>
      </Point>
    </Placemark>
    <Placemark>
      <name>LT77 - SG - 22 - 0502 - 217+894</name>
      <description><![CDATA[Lat:  17.3339<br>Long: 104.5834]]></description>
      <styleUrl>#icon-1899-0288D1</styleUrl>
      <ExtendedData>
        <Data name="Lat">
          <value> 17.3339</value>
        </Data>
        <Data name="Long">
          <value>104.5834</value>
        </Data>
      </ExtendedData>
      <Point>
        <coordinates>
          104.5834,17.3339,0
        </coordinates>
      </Point>
    </Placemark>
    <Placemark>
      <name>LT78 - SG - 22 - 0502 - 217+929</name>
      <description><![CDATA[Lat:  17.3340<br>Long: 104.5838]]></description>
      <styleUrl>#icon-1899-0288D1</styleUrl>
      <ExtendedData>
        <Data name="Lat">
          <value> 17.3340</value>
        </Data>
        <Data name="Long">
          <value>104.5838</value>
        </Data>
      </ExtendedData>
      <Point>
        <coordinates>
          104.5838,17.334,0
        </coordinates>
      </Point>
    </Placemark>
    <Placemark>
      <name>LT79 - SG - 22 - 0502 - 217+964</name>
      <description><![CDATA[Lat:  17.3342<br>Long: 104.5841]]></description>
      <styleUrl>#icon-1899-0288D1</styleUrl>
      <ExtendedData>
        <Data name="Lat">
          <value> 17.3342</value>
        </Data>
        <Data name="Long">
          <value>104.5841</value>
        </Data>
      </ExtendedData>
      <Point>
        <coordinates>
          104.5841,17.3342,0
        </coordinates>
      </Point>
    </Placemark>
    <Placemark>
      <name>LT80 - SG - 22 - 0502 - 217+999</name>
      <description><![CDATA[Lat:  17.3344<br>Long: 104.5845]]></description>
      <styleUrl>#icon-1899-0288D1</styleUrl>
      <ExtendedData>
        <Data name="Lat">
          <value> 17.3344</value>
        </Data>
        <Data name="Long">
          <value>104.5845</value>
        </Data>
      </ExtendedData>
      <Point>
        <coordinates>
          104.5845,17.3344,0
        </coordinates>
      </Point>
    </Placemark>
    <Placemark>
      <name>LT81 - SG - 22 - 0502 - 218+034</name>
      <description><![CDATA[Lat:  17.3345<br>Long: 104.5849]]></description>
      <styleUrl>#icon-1899-0288D1</styleUrl>
      <ExtendedData>
        <Data name="Lat">
          <value> 17.3345</value>
        </Data>
        <Data name="Long">
          <value>104.5849</value>
        </Data>
      </ExtendedData>
      <Point>
        <coordinates>
          104.5849,17.3345,0
        </coordinates>
      </Point>
    </Placemark>
    <Placemark>
      <name>LT81 - SG - 22 - 0502 - 218+069</name>
      <description><![CDATA[Lat:  17.3347<br>Long: 104.5851]]></description>
      <styleUrl>#icon-1899-0288D1</styleUrl>
      <ExtendedData>
        <Data name="Lat">
          <value> 17.3347</value>
        </Data>
        <Data name="Long">
          <value>104.5851</value>
        </Data>
      </ExtendedData>
      <Point>
        <coordinates>
          104.5851,17.3347,0
        </coordinates>
      </Point>
    </Placemark>
    <Placemark>
      <name>LT82 - SG - 22 - 0502 - 218+104</name>
      <description><![CDATA[Lat:  17.3349<br>Long: 104.5855]]></description>
      <styleUrl>#icon-1899-0288D1</styleUrl>
      <ExtendedData>
        <Data name="Lat">
          <value> 17.3349</value>
        </Data>
        <Data name="Long">
          <value>104.5855</value>
        </Data>
      </ExtendedData>
      <Point>
        <coordinates>
          104.5855,17.3349,0
        </coordinates>
      </Point>
    </Placemark>
    <Placemark>
      <name>LT83 - SG - 22 - 0502 - 218+139</name>
      <description><![CDATA[Lat:  17.3351<br>Long: 104.5859]]></description>
      <styleUrl>#icon-1899-0288D1</styleUrl>
      <ExtendedData>
        <Data name="Lat">
          <value> 17.3351</value>
        </Data>
        <Data name="Long">
          <value>104.5859</value>
        </Data>
      </ExtendedData>
      <Point>
        <coordinates>
          104.5859,17.3351,0
        </coordinates>
      </Point>
    </Placemark>
    <Placemark>
      <name>LT84 - SG - 22 - 0502 - 218+174</name>
      <description><![CDATA[Lat:  17.3352<br>Long: 104.5863]]></description>
      <styleUrl>#icon-1899-0288D1</styleUrl>
      <ExtendedData>
        <Data name="Lat">
          <value> 17.3352</value>
        </Data>
        <Data name="Long">
          <value>104.5863</value>
        </Data>
      </ExtendedData>
      <Point>
        <coordinates>
          104.5863,17.3352,0
        </coordinates>
      </Point>
    </Placemark>
    <Placemark>
      <name>LT85 - SG - 22 - 0502 - 218+209</name>
      <description><![CDATA[Lat:  17.3355<br>Long: 104.5867]]></description>
      <styleUrl>#icon-1899-0288D1</styleUrl>
      <ExtendedData>
        <Data name="Lat">
          <value> 17.3355</value>
        </Data>
        <Data name="Long">
          <value>104.5867</value>
        </Data>
      </ExtendedData>
      <Point>
        <coordinates>
          104.5867,17.3355,0
        </coordinates>
      </Point>
    </Placemark>
    <Placemark>
      <name>LT86 - SG - 22 - 0502 - 218+244</name>
      <description><![CDATA[Lat:  17.3357<br>Long: 104.5871]]></description>
      <styleUrl>#icon-1899-0288D1</styleUrl>
      <ExtendedData>
        <Data name="Lat">
          <value> 17.3357</value>
        </Data>
        <Data name="Long">
          <value>104.5871</value>
        </Data>
      </ExtendedData>
      <Point>
        <coordinates>
          104.5871,17.3357,0
        </coordinates>
      </Point>
    </Placemark>
    <Placemark>
      <name>LT87 - SG - 22 - 0502 - 218+279</name>
      <description><![CDATA[Lat: 17.3359<br>Long: 104.5874]]></description>
      <styleUrl>#icon-1899-0288D1</styleUrl>
      <ExtendedData>
        <Data name="Lat">
          <value>17.3359</value>
        </Data>
        <Data name="Long">
          <value>104.5874</value>
        </Data>
      </ExtendedData>
      <Point>
        <coordinates>
          104.5874,17.3359,0
        </coordinates>
      </Point>
    </Placemark>
    <Placemark>
      <name>LT88 - SG - 22 - 0502 - 218+314</name>
      <description><![CDATA[Lat:  17.3360<br>Long: 104.5877]]></description>
      <styleUrl>#icon-1899-0288D1</styleUrl>
      <ExtendedData>
        <Data name="Lat">
          <value> 17.3360</value>
        </Data>
        <Data name="Long">
          <value>104.5877</value>
        </Data>
      </ExtendedData>
      <Point>
        <coordinates>
          104.5877,17.336,0
        </coordinates>
      </Point>
    </Placemark>
    <Placemark>
      <name>LT89 - SG - 22 - 0502 - 218+349</name>
      <description><![CDATA[Lat:  17.3362<br>Long: 104.5881]]></description>
      <styleUrl>#icon-1899-0288D1</styleUrl>
      <ExtendedData>
        <Data name="Lat">
          <value> 17.3362</value>
        </Data>
        <Data name="Long">
          <value>104.5881</value>
        </Data>
      </ExtendedData>
      <Point>
        <coordinates>
          104.5881,17.3362,0
        </coordinates>
      </Point>
    </Placemark>
    <Placemark>
      <name>RT69 - SG - 22 - 0502 - 217+614</name>
      <description><![CDATA[Lat:  17.3324<br>Long: 104.5810]]></description>
      <styleUrl>#icon-1899-0288D1</styleUrl>
      <ExtendedData>
        <Data name="Lat">
          <value> 17.3324</value>
        </Data>
        <Data name="Long">
          <value>104.5810</value>
        </Data>
      </ExtendedData>
      <Point>
        <coordinates>
          104.581,17.3324,0
        </coordinates>
      </Point>
    </Placemark>
    <Placemark>
      <name>RT70 - SG - 22 - 0502 - 217+649</name>
      <description><![CDATA[Lat:  17.3326<br>Long: 104.5813]]></description>
      <styleUrl>#icon-1899-0288D1</styleUrl>
      <ExtendedData>
        <Data name="Lat">
          <value> 17.3326</value>
        </Data>
        <Data name="Long">
          <value>104.5813</value>
        </Data>
      </ExtendedData>
      <Point>
        <coordinates>
          104.5813,17.3326,0
        </coordinates>
      </Point>
    </Placemark>
    <Placemark>
      <name>RT71 - SG - 22 - 0502 - 217+684</name>
      <description><![CDATA[Lat:  17.3328<br>Long: 104.5817]]></description>
      <styleUrl>#icon-1899-0288D1</styleUrl>
      <ExtendedData>
        <Data name="Lat">
          <value> 17.3328</value>
        </Data>
        <Data name="Long">
          <value>104.5817</value>
        </Data>
      </ExtendedData>
      <Point>
        <coordinates>
          104.5817,17.3328,0
        </coordinates>
      </Point>
    </Placemark>
    <Placemark>
      <name>RT72 - SG - 22 - 0502 - 217+719</name>
      <description><![CDATA[Lat:  17.3329<br>Long: 104.5821]]></description>
      <styleUrl>#icon-1899-0288D1</styleUrl>
      <ExtendedData>
        <Data name="Lat">
          <value> 17.3329</value>
        </Data>
        <Data name="Long">
          <value>104.5821</value>
        </Data>
      </ExtendedData>
      <Point>
        <coordinates>
          104.5821,17.3329,0
        </coordinates>
      </Point>
    </Placemark>
    <Placemark>
      <name>RT73 - SG - 22 - 0502 - 217+754</name>
      <description><![CDATA[Lat: 17.3331<br>Long: 104.5825]]></description>
      <styleUrl>#icon-1899-0288D1</styleUrl>
      <ExtendedData>
        <Data name="Lat">
          <value>17.3331</value>
        </Data>
        <Data name="Long">
          <value>104.5825</value>
        </Data>
      </ExtendedData>
      <Point>
        <coordinates>
          104.5825,17.3331,0
        </coordinates>
      </Point>
    </Placemark>
    <Placemark>
      <name>RT74 - SG - 22 - 0502 - 217+789</name>
      <description><![CDATA[Lat:  17.3333<br>Long: 104.5828]]></description>
      <styleUrl>#icon-1899-0288D1</styleUrl>
      <ExtendedData>
        <Data name="Lat">
          <value> 17.3333</value>
        </Data>
        <Data name="Long">
          <value>104.5828</value>
        </Data>
      </ExtendedData>
      <Point>
        <coordinates>
          104.5828,17.3333,0
        </coordinates>
      </Point>
    </Placemark>
    <Placemark>
      <name>RT75 - SG - 22 - 0502 - 217+824</name>
      <description><![CDATA[Lat:  17.3334<br>Long: 104.5832]]></description>
      <styleUrl>#icon-1899-0288D1</styleUrl>
      <ExtendedData>
        <Data name="Lat">
          <value> 17.3334</value>
        </Data>
        <Data name="Long">
          <value>104.5832</value>
        </Data>
      </ExtendedData>
      <Point>
        <coordinates>
          104.5832,17.3334,0
        </coordinates>
      </Point>
    </Placemark>
    <Placemark>
      <name>RT76 - SG - 22 - 0502 - 217+859</name>
      <description><![CDATA[Lat:  17.3336<br>Long: 104.5836]]></description>
      <styleUrl>#icon-1899-0288D1</styleUrl>
      <ExtendedData>
        <Data name="Lat">
          <value> 17.3336</value>
        </Data>
        <Data name="Long">
          <value>104.5836</value>
        </Data>
      </ExtendedData>
      <Point>
        <coordinates>
          104.5836,17.3336,0
        </coordinates>
      </Point>
    </Placemark>
    <Placemark>
      <name>RT77 - SG - 22 - 0502 - 217+894</name>
      <description><![CDATA[Lat:  17.3338<br>Long: 104.5839]]></description>
      <styleUrl>#icon-1899-0288D1</styleUrl>
      <ExtendedData>
        <Data name="Lat">
          <value> 17.3338</value>
        </Data>
        <Data name="Long">
          <value>104.5839</value>
        </Data>
      </ExtendedData>
      <Point>
        <coordinates>
          104.5839,17.3338,0
        </coordinates>
      </Point>
    </Placemark>
    <Placemark>
      <name>RT78 - SG - 22 - 0502 - 217+929</name>
      <description><![CDATA[Lat:  17.3339<br>Long: 104.5843]]></description>
      <styleUrl>#icon-1899-0288D1</styleUrl>
      <ExtendedData>
        <Data name="Lat">
          <value> 17.3339</value>
        </Data>
        <Data name="Long">
          <value>104.5843</value>
        </Data>
      </ExtendedData>
      <Point>
        <coordinates>
          104.5843,17.3339,0
        </coordinates>
      </Point>
    </Placemark>
    <Placemark>
      <name>RT79 - SG - 22 - 0502 - 217+964</name>
      <description><![CDATA[Lat:  17.3341<br>Long: 104.5846]]></description>
      <styleUrl>#icon-1899-0288D1</styleUrl>
      <ExtendedData>
        <Data name="Lat">
          <value> 17.3341</value>
        </Data>
        <Data name="Long">
          <value>104.5846</value>
        </Data>
      </ExtendedData>
      <Point>
        <coordinates>
          104.5846,17.3341,0
        </coordinates>
      </Point>
    </Placemark>
    <Placemark>
      <name>RT80 - SG - 22 - 0502 - 217+999</name>
      <description><![CDATA[Lat:  17.3343<br>Long: 104.5850]]></description>
      <styleUrl>#icon-1899-0288D1</styleUrl>
      <ExtendedData>
        <Data name="Lat">
          <value> 17.3343</value>
        </Data>
        <Data name="Long">
          <value>104.5850</value>
        </Data>
      </ExtendedData>
      <Point>
        <coordinates>
          104.585,17.3343,0
        </coordinates>
      </Point>
    </Placemark>
    <Placemark>
      <name>RT81 - SG - 22 - 0502 - 218+034</name>
      <description><![CDATA[Lat: 17.3345<br>Long: 104.5853]]></description>
      <styleUrl>#icon-1899-0288D1</styleUrl>
      <ExtendedData>
        <Data name="Lat">
          <value>17.3345</value>
        </Data>
        <Data name="Long">
          <value>104.5853</value>
        </Data>
      </ExtendedData>
      <Point>
        <coordinates>
          104.5853,17.3345,0
        </coordinates>
      </Point>
    </Placemark>
    <Placemark>
      <name>RT83 - SG - 22 - 0502 - 218+069</name>
      <description><![CDATA[Lat:  17.3348<br>Long: 104.5861]]></description>
      <styleUrl>#icon-1899-0288D1</styleUrl>
      <ExtendedData>
        <Data name="Lat">
          <value> 17.3348</value>
        </Data>
        <Data name="Long">
          <value>104.5861</value>
        </Data>
      </ExtendedData>
      <Point>
        <coordinates>
          104.5861,17.3348,0
        </coordinates>
      </Point>
    </Placemark>
    <Placemark>
      <name>RT84 - SG - 22 - 0502 - 218+104</name>
      <description><![CDATA[Lat:  17.3350<br>Long: 104.5864]]></description>
      <styleUrl>#icon-1899-0288D1</styleUrl>
      <ExtendedData>
        <Data name="Lat">
          <value> 17.3350</value>
        </Data>
        <Data name="Long">
          <value>104.5864</value>
        </Data>
      </ExtendedData>
      <Point>
        <coordinates>
          104.5864,17.335,0
        </coordinates>
      </Point>
    </Placemark>
    <Placemark>
      <name>RT85 - SG - 22 - 0502 - 218+139</name>
      <description><![CDATA[Lat: 17.3351<br>Long: 104.5868]]></description>
      <styleUrl>#icon-1899-0288D1</styleUrl>
      <ExtendedData>
        <Data name="Lat">
          <value>17.3351</value>
        </Data>
        <Data name="Long">
          <value>104.5868</value>
        </Data>
      </ExtendedData>
      <Point>
        <coordinates>
          104.5868,17.3351,0
        </coordinates>
      </Point>
    </Placemark>
    <Placemark>
      <name>RT86 - SG - 22 - 0502 - 218+174</name>
      <description><![CDATA[Lat:  17.3353<br>Long: 104.5871]]></description>
      <styleUrl>#icon-1899-0288D1</styleUrl>
      <ExtendedData>
        <Data name="Lat">
          <value> 17.3353</value>
        </Data>
        <Data name="Long">
          <value>104.5871</value>
        </Data>
      </ExtendedData>
      <Point>
        <coordinates>
          104.5871,17.3353,0
        </coordinates>
      </Point>
    </Placemark>
    <Placemark>
      <name>RT87 - SG - 22 - 0502 - 218+209</name>
      <description><![CDATA[Lat:  17.3356<br>Long: 104.5875]]></description>
      <styleUrl>#icon-1899-0288D1</styleUrl>
      <ExtendedData>
        <Data name="Lat">
          <value> 17.3356</value>
        </Data>
        <Data name="Long">
          <value>104.5875</value>
        </Data>
      </ExtendedData>
      <Point>
        <coordinates>
          104.5875,17.3356,0
        </coordinates>
      </Point>
    </Placemark>
    <Placemark>
      <name>RT88 - SG - 22 - 0502 - 218+244</name>
      <description><![CDATA[Lat: 17.3357<br>Long: 104.5879]]></description>
      <styleUrl>#icon-1899-0288D1</styleUrl>
      <ExtendedData>
        <Data name="Lat">
          <value>17.3357</value>
        </Data>
        <Data name="Long">
          <value>104.5879</value>
        </Data>
      </ExtendedData>
      <Point>
        <coordinates>
          104.5879,17.3357,0
        </coordinates>
      </Point>
    </Placemark>
    <Placemark>
      <name>RT89 - SG - 22 - 0502 - 218+279</name>
      <description><![CDATA[Lat:  17.3359<br>Long: 104.5883]]></description>
      <styleUrl>#icon-1899-0288D1</styleUrl>
      <ExtendedData>
        <Data name="Lat">
          <value> 17.3359</value>
        </Data>
        <Data name="Long">
          <value>104.5883</value>
        </Data>
      </ExtendedData>
      <Point>
        <coordinates>
          104.5883,17.3359,0
        </coordinates>
      </Point>
    </Placemark>
    <Placemark>
      <name>RT90 - SG - 22 - 0502 - 218+314</name>
      <description><![CDATA[Lat:  17.3361<br>Long: 104.5886]]></description>
      <styleUrl>#icon-1899-0288D1</styleUrl>
      <ExtendedData>
        <Data name="Lat">
          <value> 17.3361</value>
        </Data>
        <Data name="Long">
          <value>104.5886</value>
        </Data>
      </ExtendedData>
      <Point>
        <coordinates>
          104.5886,17.3361,0
        </coordinates>
      </Point>
    </Placemark>
    <Placemark>
      <name>RT91 - SG - 22 - 0502 - 218+349</name>
      <description><![CDATA[Lat:  17.3363<br>Long: 104.5890]]></description>
      <styleUrl>#icon-1899-0288D1</styleUrl>
      <ExtendedData>
        <Data name="Lat">
          <value> 17.3363</value>
        </Data>
        <Data name="Long">
          <value>104.5890</value>
        </Data>
      </ExtendedData>
      <Point>
        <coordinates>
          104.589,17.3363,0
        </coordinates>
      </Point>
    </Placemark>
    <Placemark>
      <name>RT92 - SG - 22 - 0502 - 218+384</name>
      <description><![CDATA[Lat:  17.3364<br>Long: 104.5894]]></description>
      <styleUrl>#icon-1899-0288D1</styleUrl>
      <ExtendedData>
        <Data name="Lat">
          <value> 17.3364</value>
        </Data>
        <Data name="Long">
          <value>104.5894</value>
        </Data>
      </ExtendedData>
      <Point>
        <coordinates>
          104.5894,17.3364,0
        </coordinates>
      </Point>
    </Placemark>
    <Placemark>
      <name>RT93 - SG - 22 - 0502 - 218+419</name>
      <description><![CDATA[Lat:  17.3366<br>Long: 104.5897]]></description>
      <styleUrl>#icon-1899-0288D1</styleUrl>
      <ExtendedData>
        <Data name="Lat">
          <value> 17.3366</value>
        </Data>
        <Data name="Long">
          <value>104.5897</value>
        </Data>
      </ExtendedData>
      <Point>
        <coordinates>
          104.5897,17.3366,0
        </coordinates>
      </Point>
    </Placemark>
    <Placemark>
      <name>RT94 - SG - 22 - 0502 - 218+454</name>
      <description><![CDATA[Lat:  17.3368<br>Long: 104.5901]]></description>
      <styleUrl>#icon-1899-0288D1</styleUrl>
      <ExtendedData>
        <Data name="Lat">
          <value> 17.3368</value>
        </Data>
        <Data name="Long">
          <value>104.5901</value>
        </Data>
      </ExtendedData>
      <Point>
        <coordinates>
          104.5901,17.3368,0
        </coordinates>
      </Point>
    </Placemark>
    <Placemark>
      <name>RT95 - SG - 22 - 0502 - 218+489</name>
      <description><![CDATA[Lat:  17.3369<br>Long: 104.5905]]></description>
      <styleUrl>#icon-1899-0288D1</styleUrl>
      <ExtendedData>
        <Data name="Lat">
          <value> 17.3369</value>
        </Data>
        <Data name="Long">
          <value>104.5905</value>
        </Data>
      </ExtendedData>
      <Point>
        <coordinates>
          104.5905,17.3369,0
        </coordinates>
      </Point>
    </Placemark>
    <Placemark>
      <name>RT96 - SG - 22 - 0502 - 218+524</name>
      <description><![CDATA[Lat: 17.3371<br>Long: 104.5908]]></description>
      <styleUrl>#icon-1899-0288D1</styleUrl>
      <ExtendedData>
        <Data name="Lat">
          <value>17.3371</value>
        </Data>
        <Data name="Long">
          <value>104.5908</value>
        </Data>
      </ExtendedData>
      <Point>
        <coordinates>
          104.5908,17.3371,0
        </coordinates>
      </Point>
    </Placemark>
    <Placemark>
      <name>RT97 - SG - 22 - 0502 - 218+559</name>
      <description><![CDATA[Lat:  17.3373<br>Long: 104.5912]]></description>
      <styleUrl>#icon-1899-0288D1</styleUrl>
      <ExtendedData>
        <Data name="Lat">
          <value> 17.3373</value>
        </Data>
        <Data name="Long">
          <value>104.5912</value>
        </Data>
      </ExtendedData>
      <Point>
        <coordinates>
          104.5912,17.3373,0
        </coordinates>
      </Point>
    </Placemark>
    <Placemark>
      <name>RT98 - SG - 22 - 0502 - 218+594</name>
      <description><![CDATA[Lat: 17.3375<br>Long: 104.5916]]></description>
      <styleUrl>#icon-1899-0288D1</styleUrl>
      <ExtendedData>
        <Data name="Lat">
          <value>17.3375</value>
        </Data>
        <Data name="Long">
          <value>104.5916</value>
        </Data>
      </ExtendedData>
      <Point>
        <coordinates>
          104.5916,17.3375,0
        </coordinates>
      </Point>
    </Placemark>
    <Placemark>
      <name>RT99 - SG - 22 - 0502 - 218+629</name>
      <description><![CDATA[Lat: 17.3376<br>Long: 104.5919]]></description>
      <styleUrl>#icon-1899-0288D1</styleUrl>
      <ExtendedData>
        <Data name="Lat">
          <value>17.3376</value>
        </Data>
        <Data name="Long">
          <value>104.5919</value>
        </Data>
      </ExtendedData>
      <Point>
        <coordinates>
          104.5919,17.3376,0
        </coordinates>
      </Point>
    </Placemark>
    <Placemark>
      <name>RT100 - SG - 22 - 0502 - 218+664</name>
      <description><![CDATA[Lat: 17.3378<br>Long: 104.5923]]></description>
      <styleUrl>#icon-1899-0288D1</styleUrl>
      <ExtendedData>
        <Data name="Lat">
          <value>17.3378</value>
        </Data>
        <Data name="Long">
          <value>104.5923</value>
        </Data>
      </ExtendedData>
      <Point>
        <coordinates>
          104.5923,17.3378,0
        </coordinates>
      </Point>
    </Placemark>
    <Placemark>
      <name>RT101 - SG - 22 - 0502 - 218+699</name>
      <description><![CDATA[Lat:  17.3380<br>Long: 104.5927]]></description>
      <styleUrl>#icon-1899-0288D1</styleUrl>
      <ExtendedData>
        <Data name="Lat">
          <value> 17.3380</value>
        </Data>
        <Data name="Long">
          <value>104.5927</value>
        </Data>
      </ExtendedData>
      <Point>
        <coordinates>
          104.5927,17.338,0
        </coordinates>
      </Point>
    </Placemark>
    <Placemark>
      <name>RT102 - SG - 22 - 0502 - 218+734</name>
      <description><![CDATA[Lat:  17.3382<br>Long: 104.5930]]></description>
      <styleUrl>#icon-1899-0288D1</styleUrl>
      <ExtendedData>
        <Data name="Lat">
          <value> 17.3382</value>
        </Data>
        <Data name="Long">
          <value>104.5930</value>
        </Data>
      </ExtendedData>
      <Point>
        <coordinates>
          104.593,17.3382,0
        </coordinates>
      </Point>
    </Placemark>
    <Placemark>
      <name>RT103 - SG - 22 - 0502 - 218+769</name>
      <description><![CDATA[Lat:  17.3383<br>Long: 104.5934]]></description>
      <styleUrl>#icon-1899-0288D1</styleUrl>
      <ExtendedData>
        <Data name="Lat">
          <value> 17.3383</value>
        </Data>
        <Data name="Long">
          <value>104.5934</value>
        </Data>
      </ExtendedData>
      <Point>
        <coordinates>
          104.5934,17.3383,0
        </coordinates>
      </Point>
    </Placemark>
    <Placemark>
      <name>RT104 - SG - 22 - 0502 - 218+804</name>
      <description><![CDATA[Lat:  17.3385<br>Long: 104.5937]]></description>
      <styleUrl>#icon-1899-0288D1</styleUrl>
      <ExtendedData>
        <Data name="Lat">
          <value> 17.3385</value>
        </Data>
        <Data name="Long">
          <value>104.5937</value>
        </Data>
      </ExtendedData>
      <Point>
        <coordinates>
          104.5937,17.3385,0
        </coordinates>
      </Point>
    </Placemark>
    <Placemark>
      <name>RT105 - SG - 22 - 0502 - 218+839</name>
      <description><![CDATA[Lat:  17.3387<br>Long: 104.5941]]></description>
      <styleUrl>#icon-1899-0288D1</styleUrl>
      <ExtendedData>
        <Data name="Lat">
          <value> 17.3387</value>
        </Data>
        <Data name="Long">
          <value>104.5941</value>
        </Data>
      </ExtendedData>
      <Point>
        <coordinates>
          104.5941,17.3387,0
        </coordinates>
      </Point>
    </Placemark>
    <Placemark>
      <name>RT106 - SG - 22 - 0502 - 218+874</name>
      <description><![CDATA[Lat:  17.3389<br>Long: 104.5944]]></description>
      <styleUrl>#icon-1899-0288D1</styleUrl>
      <ExtendedData>
        <Data name="Lat">
          <value> 17.3389</value>
        </Data>
        <Data name="Long">
          <value>104.5944</value>
        </Data>
      </ExtendedData>
      <Point>
        <coordinates>
          104.5944,17.3389,0
        </coordinates>
      </Point>
    </Placemark>
    <Placemark>
      <name>RT107 - SG - 22 - 0502 - 218+909</name>
      <description><![CDATA[Lat:  17.3390<br>Long: 104.5949]]></description>
      <styleUrl>#icon-1899-0288D1</styleUrl>
      <ExtendedData>
        <Data name="Lat">
          <value> 17.3390</value>
        </Data>
        <Data name="Long">
          <value>104.5949</value>
        </Data>
      </ExtendedData>
      <Point>
        <coordinates>
          104.5949,17.339,0
        </coordinates>
      </Point>
    </Placemark>
    <Placemark>
      <name>RT108 - SG - 22 - 0502 - 218+944</name>
      <description><![CDATA[Lat: 17.3392<br>Long: 104.5952]]></description>
      <styleUrl>#icon-1899-0288D1</styleUrl>
      <ExtendedData>
        <Data name="Lat">
          <value>17.3392</value>
        </Data>
        <Data name="Long">
          <value>104.5952</value>
        </Data>
      </ExtendedData>
      <Point>
        <coordinates>
          104.5952,17.3392,0
        </coordinates>
      </Point>
    </Placemark>
    <Placemark>
      <name>RT109 - SG - 22 - 0502 - 218+979</name>
      <description><![CDATA[Lat:  17.3393<br>Long: 104.5956]]></description>
      <styleUrl>#icon-1899-0288D1</styleUrl>
      <ExtendedData>
        <Data name="Lat">
          <value> 17.3393</value>
        </Data>
        <Data name="Long">
          <value>104.5956</value>
        </Data>
      </ExtendedData>
      <Point>
        <coordinates>
          104.5956,17.3393,0
        </coordinates>
      </Point>
    </Placemark>
    <Placemark>
      <name>RT110 - SG - 22 - 0502 - 219+014</name>
      <description><![CDATA[Lat:  17.3395<br>Long: 104.5957]]></description>
      <styleUrl>#icon-1899-0288D1</styleUrl>
      <ExtendedData>
        <Data name="Lat">
          <value> 17.3395</value>
        </Data>
        <Data name="Long">
          <value>104.5957</value>
        </Data>
      </ExtendedData>
      <Point>
        <coordinates>
          104.5957,17.3395,0
        </coordinates>
      </Point>
    </Placemark>
    <Placemark>
      <name>RT111 - SG - 22 - 0502 - 219+049</name>
      <description><![CDATA[Lat:  17.3397<br>Long: 104.5962]]></description>
      <styleUrl>#icon-1899-0288D1</styleUrl>
      <ExtendedData>
        <Data name="Lat">
          <value> 17.3397</value>
        </Data>
        <Data name="Long">
          <value>104.5962</value>
        </Data>
      </ExtendedData>
      <Point>
        <coordinates>
          104.5962,17.3397,0
        </coordinates>
      </Point>
    </Placemark>
    <Placemark>
      <name>RT112 - SG - 22 - 0502 - 219+084</name>
      <description><![CDATA[Lat: 17.3399<br>Long: 104.5967]]></description>
      <styleUrl>#icon-1899-0288D1</styleUrl>
      <ExtendedData>
        <Data name="Lat">
          <value>17.3399</value>
        </Data>
        <Data name="Long">
          <value>104.5967</value>
        </Data>
      </ExtendedData>
      <Point>
        <coordinates>
          104.5967,17.3399,0
        </coordinates>
      </Point>
    </Placemark>
    <Placemark>
      <name>RT113 - SG - 22 - 0502 - 219+119</name>
      <description><![CDATA[Lat: 17.3401<br>Long: 104.5970]]></description>
      <styleUrl>#icon-1899-0288D1</styleUrl>
      <ExtendedData>
        <Data name="Lat">
          <value>17.3401</value>
        </Data>
        <Data name="Long">
          <value>104.5970</value>
        </Data>
      </ExtendedData>
      <Point>
        <coordinates>
          104.597,17.3401,0
        </coordinates>
      </Point>
    </Placemark>
    <Placemark>
      <name>RT114 - SG - 22 - 0502 - 219+154</name>
      <description><![CDATA[Lat:  17.3403<br>Long: 104.5974]]></description>
      <styleUrl>#icon-1899-0288D1</styleUrl>
      <ExtendedData>
        <Data name="Lat">
          <value> 17.3403</value>
        </Data>
        <Data name="Long">
          <value>104.5974</value>
        </Data>
      </ExtendedData>
      <Point>
        <coordinates>
          104.5974,17.3403,0
        </coordinates>
      </Point>
    </Placemark>
    <Placemark>
      <name>RT115 - SG - 22 - 0502 - 219+189</name>
      <description><![CDATA[Lat:  17.3404<br>Long: 104.5977]]></description>
      <styleUrl>#icon-1899-0288D1</styleUrl>
      <ExtendedData>
        <Data name="Lat">
          <value> 17.3404</value>
        </Data>
        <Data name="Long">
          <value>104.5977</value>
        </Data>
      </ExtendedData>
      <Point>
        <coordinates>
          104.5977,17.3404,0
        </coordinates>
      </Point>
    </Placemark>
    <Placemark>
      <name>RT116 - SG - 22 - 0502 - 219+224</name>
      <description><![CDATA[Lat:  17.3406<br>Long: 104.5981]]></description>
      <styleUrl>#icon-1899-0288D1</styleUrl>
      <ExtendedData>
        <Data name="Lat">
          <value> 17.3406</value>
        </Data>
        <Data name="Long">
          <value>104.5981</value>
        </Data>
      </ExtendedData>
      <Point>
        <coordinates>
          104.5981,17.3406,0
        </coordinates>
      </Point>
    </Placemark>
    <Placemark>
      <name>RT117 - SG - 22 - 0502 - 219+259</name>
      <description><![CDATA[Lat:  17.3408<br>Long: 104.5984]]></description>
      <styleUrl>#icon-1899-0288D1</styleUrl>
      <ExtendedData>
        <Data name="Lat">
          <value> 17.3408</value>
        </Data>
        <Data name="Long">
          <value>104.5984</value>
        </Data>
      </ExtendedData>
      <Point>
        <coordinates>
          104.5984,17.3408,0
        </coordinates>
      </Point>
    </Placemark>
    <Placemark>
      <name>RT118 - SG - 22 - 0502 - 219+294</name>
      <description><![CDATA[Lat:  17.3409<br>Long: 104.5987]]></description>
      <styleUrl>#icon-1899-0288D1</styleUrl>
      <ExtendedData>
        <Data name="Lat">
          <value> 17.3409</value>
        </Data>
        <Data name="Long">
          <value>104.5987</value>
        </Data>
      </ExtendedData>
      <Point>
        <coordinates>
          104.5987,17.3409,0
        </coordinates>
      </Point>
    </Placemark>
    <Placemark>
      <name>RT119 - SG - 22 - 0502 - 219+329</name>
      <description><![CDATA[Lat:  17.3413<br>Long: 104.5995]]></description>
      <styleUrl>#icon-1899-0288D1</styleUrl>
      <ExtendedData>
        <Data name="Lat">
          <value> 17.3413</value>
        </Data>
        <Data name="Long">
          <value>104.5995</value>
        </Data>
      </ExtendedData>
      <Point>
        <coordinates>
          104.5995,17.3413,0
        </coordinates>
      </Point>
    </Placemark>
    <Placemark>
      <name>RT120 - SG - 22 - 0502 - 219+364</name>
      <description><![CDATA[Lat:  17.3415<br>Long: 104.5999]]></description>
      <styleUrl>#icon-1899-0288D1</styleUrl>
      <ExtendedData>
        <Data name="Lat">
          <value> 17.3415</value>
        </Data>
        <Data name="Long">
          <value>104.5999</value>
        </Data>
      </ExtendedData>
      <Point>
        <coordinates>
          104.5999,17.3415,0
        </coordinates>
      </Point>
    </Placemark>
    <Placemark>
      <name>RT121 - SG - 22 - 0502 - 219+399</name>
      <description><![CDATA[Lat:  17.3417<br>Long: 104.6002]]></description>
      <styleUrl>#icon-1899-0288D1</styleUrl>
      <ExtendedData>
        <Data name="Lat">
          <value> 17.3417</value>
        </Data>
        <Data name="Long">
          <value>104.6002</value>
        </Data>
      </ExtendedData>
      <Point>
        <coordinates>
          104.6002,17.3417,0
        </coordinates>
      </Point>
    </Placemark>
    <Placemark>
      <name>RT122 - SG - 22 - 0502 - 219+434</name>
      <description><![CDATA[Lat:  17.3418<br>Long: 104.6006]]></description>
      <styleUrl>#icon-1899-0288D1</styleUrl>
      <ExtendedData>
        <Data name="Lat">
          <value> 17.3418</value>
        </Data>
        <Data name="Long">
          <value>104.6006</value>
        </Data>
      </ExtendedData>
      <Point>
        <coordinates>
          104.6006,17.3418,0
        </coordinates>
      </Point>
    </Placemark>
    <Placemark>
      <name>RT123 - SG - 22 - 0502 - 219+469</name>
      <description><![CDATA[Lat:  17.3422<br>Long: 104.6013]]></description>
      <styleUrl>#icon-1899-0288D1</styleUrl>
      <ExtendedData>
        <Data name="Lat">
          <value> 17.3422</value>
        </Data>
        <Data name="Long">
          <value>104.6013</value>
        </Data>
      </ExtendedData>
      <Point>
        <coordinates>
          104.6013,17.3422,0
        </coordinates>
      </Point>
    </Placemark>
    <Placemark>
      <name>RT124 - SG - 22 - 0502 - 219+504</name>
      <description><![CDATA[Lat:  17.3425<br>Long: 104.6021]]></description>
      <styleUrl>#icon-1899-0288D1</styleUrl>
      <ExtendedData>
        <Data name="Lat">
          <value> 17.3425</value>
        </Data>
        <Data name="Long">
          <value>104.6021</value>
        </Data>
      </ExtendedData>
      <Point>
        <coordinates>
          104.6021,17.3425,0
        </coordinates>
      </Point>
    </Placemark>
    <Placemark>
      <name>RT125 - SG - 22 - 0502 - 219+539</name>
      <description><![CDATA[Lat:  17.3427<br>Long: 104.6024]]></description>
      <styleUrl>#icon-1899-0288D1</styleUrl>
      <ExtendedData>
        <Data name="Lat">
          <value> 17.3427</value>
        </Data>
        <Data name="Long">
          <value>104.6024</value>
        </Data>
      </ExtendedData>
      <Point>
        <coordinates>
          104.6024,17.3427,0
        </coordinates>
      </Point>
    </Placemark>
    <Placemark>
      <name>RT126 - SG - 22 - 0502 - 219+574</name>
      <description><![CDATA[Lat:  17.3429<br>Long: 104.6028]]></description>
      <styleUrl>#icon-1899-0288D1</styleUrl>
      <ExtendedData>
        <Data name="Lat">
          <value> 17.3429</value>
        </Data>
        <Data name="Long">
          <value>104.6028</value>
        </Data>
      </ExtendedData>
      <Point>
        <coordinates>
          104.6028,17.3429,0
        </coordinates>
      </Point>
    </Placemark>
    <Placemark>
      <name>RT127 - SG - 22 - 0502 - 219+609</name>
      <description><![CDATA[Lat:  17.3430<br>Long: 104.6031]]></description>
      <styleUrl>#icon-1899-0288D1</styleUrl>
      <ExtendedData>
        <Data name="Lat">
          <value> 17.3430</value>
        </Data>
        <Data name="Long">
          <value>104.6031</value>
        </Data>
      </ExtendedData>
      <Point>
        <coordinates>
          104.6031,17.343,0
        </coordinates>
      </Point>
    </Placemark>
    <Placemark>
      <name>RT128 - SG - 22 - 0502 - 219+644</name>
      <description><![CDATA[Lat:  17.3432<br>Long: 104.6035]]></description>
      <styleUrl>#icon-1899-0288D1</styleUrl>
      <ExtendedData>
        <Data name="Lat">
          <value> 17.3432</value>
        </Data>
        <Data name="Long">
          <value>104.6035</value>
        </Data>
      </ExtendedData>
      <Point>
        <coordinates>
          104.6035,17.3432,0
        </coordinates>
      </Point>
    </Placemark>
    <Placemark>
      <name>RT129 - SG - 22 - 0502 - 219+679</name>
      <description><![CDATA[Lat:  17.3434<br>Long: 104.6039]]></description>
      <styleUrl>#icon-1899-0288D1</styleUrl>
      <ExtendedData>
        <Data name="Lat">
          <value> 17.3434</value>
        </Data>
        <Data name="Long">
          <value>104.6039</value>
        </Data>
      </ExtendedData>
      <Point>
        <coordinates>
          104.6039,17.3434,0
        </coordinates>
      </Point>
    </Placemark>
    <Placemark>
      <name>RT130 - SG - 22 - 0502 - 219+714</name>
      <description><![CDATA[Lat:  17.3435<br>Long: 104.6042]]></description>
      <styleUrl>#icon-1899-0288D1</styleUrl>
      <ExtendedData>
        <Data name="Lat">
          <value> 17.3435</value>
        </Data>
        <Data name="Long">
          <value>104.6042</value>
        </Data>
      </ExtendedData>
      <Point>
        <coordinates>
          104.6042,17.3435,0
        </coordinates>
      </Point>
    </Placemark>
    <Placemark>
      <name>RT131 - SG - 22 - 0502 - 219+749</name>
      <description><![CDATA[Lat:  17.3437<br>Long: 104.6046]]></description>
      <styleUrl>#icon-1899-0288D1</styleUrl>
      <ExtendedData>
        <Data name="Lat">
          <value> 17.3437</value>
        </Data>
        <Data name="Long">
          <value>104.6046</value>
        </Data>
      </ExtendedData>
      <Point>
        <coordinates>
          104.6046,17.3437,0
        </coordinates>
      </Point>
    </Placemark>
    <Placemark>
      <name>RT132 - SG - 22 - 0502 - 219+784</name>
      <description><![CDATA[Lat:  17.3439<br>Long: 104.6049]]></description>
      <styleUrl>#icon-1899-0288D1</styleUrl>
      <ExtendedData>
        <Data name="Lat">
          <value> 17.3439</value>
        </Data>
        <Data name="Long">
          <value>104.6049</value>
        </Data>
      </ExtendedData>
      <Point>
        <coordinates>
          104.6049,17.3439,0
        </coordinates>
      </Point>
    </Placemark>
    <Placemark>
      <name>RT133 - SG - 22 - 0502 - 219+819</name>
      <description><![CDATA[Lat:  17.3440<br>Long: 104.6053]]></description>
      <styleUrl>#icon-1899-0288D1</styleUrl>
      <ExtendedData>
        <Data name="Lat">
          <value> 17.3440</value>
        </Data>
        <Data name="Long">
          <value>104.6053</value>
        </Data>
      </ExtendedData>
      <Point>
        <coordinates>
          104.6053,17.344,0
        </coordinates>
      </Point>
    </Placemark>
    <Placemark>
      <name>RT134 - SG - 22 - 0502 - 219+854</name>
      <description><![CDATA[Lat:  17.3443<br>Long: 104.6057]]></description>
      <styleUrl>#icon-1899-0288D1</styleUrl>
      <ExtendedData>
        <Data name="Lat">
          <value> 17.3443</value>
        </Data>
        <Data name="Long">
          <value>104.6057</value>
        </Data>
      </ExtendedData>
      <Point>
        <coordinates>
          104.6057,17.3443,0
        </coordinates>
      </Point>
    </Placemark>
    <Placemark>
      <name>RT135 - SG - 22 - 0502 - 219+889</name>
      <description><![CDATA[Lat:  17.3445<br>Long: 104.6062]]></description>
      <styleUrl>#icon-1899-0288D1</styleUrl>
      <ExtendedData>
        <Data name="Lat">
          <value> 17.3445</value>
        </Data>
        <Data name="Long">
          <value>104.6062</value>
        </Data>
      </ExtendedData>
      <Point>
        <coordinates>
          104.6062,17.3445,0
        </coordinates>
      </Point>
    </Placemark>
    <Placemark>
      <name>RT136 - SG - 22 - 0502 - 219+924</name>
      <description><![CDATA[Lat:  17.3447<br>Long: 104.6065]]></description>
      <styleUrl>#icon-1899-0288D1</styleUrl>
      <ExtendedData>
        <Data name="Lat">
          <value> 17.3447</value>
        </Data>
        <Data name="Long">
          <value>104.6065</value>
        </Data>
      </ExtendedData>
      <Point>
        <coordinates>
          104.6065,17.3447,0
        </coordinates>
      </Point>
    </Placemark>
    <Placemark>
      <name>RT137 - SG - 22 - 0502 - 219+959</name>
      <description><![CDATA[Lat:  17.3450<br>Long: 104.6073]]></description>
      <styleUrl>#icon-1899-0288D1</styleUrl>
      <ExtendedData>
        <Data name="Lat">
          <value> 17.3450</value>
        </Data>
        <Data name="Long">
          <value>104.6073</value>
        </Data>
      </ExtendedData>
      <Point>
        <coordinates>
          104.6073,17.345,0
        </coordinates>
      </Point>
    </Placemark>
    <Placemark>
      <name>RT138 - SG - 22 - 0502 - 219+994</name>
      <description><![CDATA[Lat:  17.3452<br>Long: 104.6076]]></description>
      <styleUrl>#icon-1899-0288D1</styleUrl>
      <ExtendedData>
        <Data name="Lat">
          <value> 17.3452</value>
        </Data>
        <Data name="Long">
          <value>104.6076</value>
        </Data>
      </ExtendedData>
      <Point>
        <coordinates>
          104.6076,17.3452,0
        </coordinates>
      </Point>
    </Placemark>
    <Placemark>
      <name>RT139 - SG - 22 - 0502 - 220+029</name>
      <description><![CDATA[Lat:  17.3453<br>Long: 104.6079]]></description>
      <styleUrl>#icon-1899-0288D1</styleUrl>
      <ExtendedData>
        <Data name="Lat">
          <value> 17.3453</value>
        </Data>
        <Data name="Long">
          <value>104.6079</value>
        </Data>
      </ExtendedData>
      <Point>
        <coordinates>
          104.6079,17.3453,0
        </coordinates>
      </Point>
    </Placemark>
    <Placemark>
      <name>RT140 - SG - 22 - 0502 - 220+064</name>
      <description><![CDATA[Lat: 17.3453<br>Long: 104.6083]]></description>
      <styleUrl>#icon-1899-0288D1</styleUrl>
      <ExtendedData>
        <Data name="Lat">
          <value>17.3453</value>
        </Data>
        <Data name="Long">
          <value>104.6083</value>
        </Data>
      </ExtendedData>
      <Point>
        <coordinates>
          104.6083,17.3453,0
        </coordinates>
      </Point>
    </Placemark>
    <Placemark>
      <name>LT90 - SG - 22 - 0502 - 218+314</name>
      <description><![CDATA[Lat:  17.3365<br>Long: 104.5888]]></description>
      <styleUrl>#icon-1899-0288D1</styleUrl>
      <ExtendedData>
        <Data name="Lat">
          <value> 17.3365</value>
        </Data>
        <Data name="Long">
          <value>104.5888</value>
        </Data>
      </ExtendedData>
      <Point>
        <coordinates>
          104.5888,17.3365,0
        </coordinates>
      </Point>
    </Placemark>
    <Placemark>
      <name>LT91 - SG - 22 - 0502 - 218+349</name>
      <description><![CDATA[Lat:  17.3366<br>Long: 104.5892]]></description>
      <styleUrl>#icon-1899-0288D1</styleUrl>
      <ExtendedData>
        <Data name="Lat">
          <value> 17.3366</value>
        </Data>
        <Data name="Long">
          <value>104.5892</value>
        </Data>
      </ExtendedData>
      <Point>
        <coordinates>
          104.5892,17.3366,0
        </coordinates>
      </Point>
    </Placemark>
    <Placemark>
      <name>LT92 - SG - 22 - 0502 - 218+384</name>
      <description><![CDATA[Lat: 17.3368<br>Long: 104.5895]]></description>
      <styleUrl>#icon-1899-0288D1</styleUrl>
      <ExtendedData>
        <Data name="Lat">
          <value>17.3368</value>
        </Data>
        <Data name="Long">
          <value>104.5895</value>
        </Data>
      </ExtendedData>
      <Point>
        <coordinates>
          104.5895,17.3368,0
        </coordinates>
      </Point>
    </Placemark>
    <Placemark>
      <name>LT93 - SG - 22 - 0502 - 218+419</name>
      <description><![CDATA[Lat:  17.3370<br>Long: 104.5899]]></description>
      <styleUrl>#icon-1899-0288D1</styleUrl>
      <ExtendedData>
        <Data name="Lat">
          <value> 17.3370</value>
        </Data>
        <Data name="Long">
          <value>104.5899</value>
        </Data>
      </ExtendedData>
      <Point>
        <coordinates>
          104.5899,17.337,0
        </coordinates>
      </Point>
    </Placemark>
    <Placemark>
      <name>LT94 - SG - 22 - 0502 - 218+454</name>
      <description><![CDATA[Lat:  17.3372<br>Long: 104.5903]]></description>
      <styleUrl>#icon-1899-0288D1</styleUrl>
      <ExtendedData>
        <Data name="Lat">
          <value> 17.3372</value>
        </Data>
        <Data name="Long">
          <value>104.5903</value>
        </Data>
      </ExtendedData>
      <Point>
        <coordinates>
          104.5903,17.3372,0
        </coordinates>
      </Point>
    </Placemark>
    <Placemark>
      <name>LT95 - SG - 22 - 0502 - 218+489</name>
      <description><![CDATA[Lat:  17.3373<br>Long: 104.5906]]></description>
      <styleUrl>#icon-1899-0288D1</styleUrl>
      <ExtendedData>
        <Data name="Lat">
          <value> 17.3373</value>
        </Data>
        <Data name="Long">
          <value>104.5906</value>
        </Data>
      </ExtendedData>
      <Point>
        <coordinates>
          104.5906,17.3373,0
        </coordinates>
      </Point>
    </Placemark>
    <Placemark>
      <name>LT96 - SG - 22 - 0502 - 218+524</name>
      <description><![CDATA[Lat:  17.3375<br>Long: 104.5910]]></description>
      <styleUrl>#icon-1899-0288D1</styleUrl>
      <ExtendedData>
        <Data name="Lat">
          <value> 17.3375</value>
        </Data>
        <Data name="Long">
          <value>104.5910</value>
        </Data>
      </ExtendedData>
      <Point>
        <coordinates>
          104.591,17.3375,0
        </coordinates>
      </Point>
    </Placemark>
    <Placemark>
      <name>LT97 - SG - 22 - 0502 - 218+559</name>
      <description><![CDATA[Lat:  17.3376<br>Long: 104.5913]]></description>
      <styleUrl>#icon-1899-0288D1</styleUrl>
      <ExtendedData>
        <Data name="Lat">
          <value> 17.3376</value>
        </Data>
        <Data name="Long">
          <value>104.5913</value>
        </Data>
      </ExtendedData>
      <Point>
        <coordinates>
          104.5913,17.3376,0
        </coordinates>
      </Point>
    </Placemark>
    <Placemark>
      <name>LT98 - SG - 22 - 0502 - 218+594</name>
      <description><![CDATA[Lat:  17.3380<br>Long: 104.5921]]></description>
      <styleUrl>#icon-1899-0288D1</styleUrl>
      <ExtendedData>
        <Data name="Lat">
          <value> 17.3380</value>
        </Data>
        <Data name="Long">
          <value>104.5921</value>
        </Data>
      </ExtendedData>
      <Point>
        <coordinates>
          104.5921,17.338,0
        </coordinates>
      </Point>
    </Placemark>
    <Placemark>
      <name>LT99 - SG - 22 - 0502 - 218+629</name>
      <description><![CDATA[Lat:  17.3384<br>Long: 104.5928]]></description>
      <styleUrl>#icon-1899-0288D1</styleUrl>
      <ExtendedData>
        <Data name="Lat">
          <value> 17.3384</value>
        </Data>
        <Data name="Long">
          <value>104.5928</value>
        </Data>
      </ExtendedData>
      <Point>
        <coordinates>
          104.5928,17.3384,0
        </coordinates>
      </Point>
    </Placemark>
    <Placemark>
      <name>LT100 - SG - 22 - 0502 - 218+664</name>
      <description><![CDATA[Lat:  17.3385<br>Long: 104.5932]]></description>
      <styleUrl>#icon-1899-0288D1</styleUrl>
      <ExtendedData>
        <Data name="Lat">
          <value> 17.3385</value>
        </Data>
        <Data name="Long">
          <value>104.5932</value>
        </Data>
      </ExtendedData>
      <Point>
        <coordinates>
          104.5932,17.3385,0
        </coordinates>
      </Point>
    </Placemark>
    <Placemark>
      <name>LT101 - SG - 22 - 0502 - 218+699</name>
      <description><![CDATA[Lat: 17.3387<br>Long: 104.5935]]></description>
      <styleUrl>#icon-1899-0288D1</styleUrl>
      <ExtendedData>
        <Data name="Lat">
          <value>17.3387</value>
        </Data>
        <Data name="Long">
          <value>104.5935</value>
        </Data>
      </ExtendedData>
      <Point>
        <coordinates>
          104.5935,17.3387,0
        </coordinates>
      </Point>
    </Placemark>
    <Placemark>
      <name>LT102 - SG - 22 - 0502 - 218+734</name>
      <description><![CDATA[Lat:  17.3389<br>Long: 104.5939]]></description>
      <styleUrl>#icon-1899-0288D1</styleUrl>
      <ExtendedData>
        <Data name="Lat">
          <value> 17.3389</value>
        </Data>
        <Data name="Long">
          <value>104.5939</value>
        </Data>
      </ExtendedData>
      <Point>
        <coordinates>
          104.5939,17.3389,0
        </coordinates>
      </Point>
    </Placemark>
    <Placemark>
      <name>LT103 - SG - 22 - 0502 - 218+769</name>
      <description><![CDATA[Lat:  17.3390<br>Long: 104.5942]]></description>
      <styleUrl>#icon-1899-0288D1</styleUrl>
      <ExtendedData>
        <Data name="Lat">
          <value> 17.3390</value>
        </Data>
        <Data name="Long">
          <value>104.5942</value>
        </Data>
      </ExtendedData>
      <Point>
        <coordinates>
          104.5942,17.339,0
        </coordinates>
      </Point>
    </Placemark>
    <Placemark>
      <name>LT104 - SG - 22 - 0502 - 218+804</name>
      <description><![CDATA[Lat:  17.3392<br>Long: 104.5945]]></description>
      <styleUrl>#icon-1899-0288D1</styleUrl>
      <ExtendedData>
        <Data name="Lat">
          <value> 17.3392</value>
        </Data>
        <Data name="Long">
          <value>104.5945</value>
        </Data>
      </ExtendedData>
      <Point>
        <coordinates>
          104.5945,17.3392,0
        </coordinates>
      </Point>
    </Placemark>
    <Placemark>
      <name>LT105 - SG - 22 - 0502 - 218+839</name>
      <description><![CDATA[Lat:  17.3394<br>Long: 104.5949]]></description>
      <styleUrl>#icon-1899-0288D1</styleUrl>
      <ExtendedData>
        <Data name="Lat">
          <value> 17.3394</value>
        </Data>
        <Data name="Long">
          <value>104.5949</value>
        </Data>
      </ExtendedData>
      <Point>
        <coordinates>
          104.5949,17.3394,0
        </coordinates>
      </Point>
    </Placemark>
    <Placemark>
      <name>LT106 - SG - 22 - 0502 - 218+874</name>
      <description><![CDATA[Lat:  17.3396<br>Long: 104.5954]]></description>
      <styleUrl>#icon-1899-0288D1</styleUrl>
      <ExtendedData>
        <Data name="Lat">
          <value> 17.3396</value>
        </Data>
        <Data name="Long">
          <value>104.5954</value>
        </Data>
      </ExtendedData>
      <Point>
        <coordinates>
          104.5954,17.3396,0
        </coordinates>
      </Point>
    </Placemark>
    <Placemark>
      <name>LT107 - SG - 22 - 0502 - 218+909</name>
      <description><![CDATA[Lat:  17.3399<br>Long: 104.5958]]></description>
      <styleUrl>#icon-1899-0288D1</styleUrl>
      <ExtendedData>
        <Data name="Lat">
          <value> 17.3399</value>
        </Data>
        <Data name="Long">
          <value>104.5958</value>
        </Data>
      </ExtendedData>
      <Point>
        <coordinates>
          104.5958,17.3399,0
        </coordinates>
      </Point>
    </Placemark>
    <Placemark>
      <name>LT108 - SG - 22 - 0502 - 218+944</name>
      <description><![CDATA[Lat:  17.3400<br>Long: 104.5961]]></description>
      <styleUrl>#icon-1899-0288D1</styleUrl>
      <ExtendedData>
        <Data name="Lat">
          <value> 17.3400</value>
        </Data>
        <Data name="Long">
          <value>104.5961</value>
        </Data>
      </ExtendedData>
      <Point>
        <coordinates>
          104.5961,17.34,0
        </coordinates>
      </Point>
    </Placemark>
    <Placemark>
      <name>LT109 - SG - 22 - 0502 - 218+979</name>
      <description><![CDATA[Lat:  17.3402<br>Long: 104.5964]]></description>
      <styleUrl>#icon-1899-0288D1</styleUrl>
      <ExtendedData>
        <Data name="Lat">
          <value> 17.3402</value>
        </Data>
        <Data name="Long">
          <value>104.5964</value>
        </Data>
      </ExtendedData>
      <Point>
        <coordinates>
          104.5964,17.3402,0
        </coordinates>
      </Point>
    </Placemark>
    <Placemark>
      <name>LT110 - SG - 22 - 0502 - 219+014</name>
      <description><![CDATA[Lat:  17.3403<br>Long: 104.5968]]></description>
      <styleUrl>#icon-1899-0288D1</styleUrl>
      <ExtendedData>
        <Data name="Lat">
          <value> 17.3403</value>
        </Data>
        <Data name="Long">
          <value>104.5968</value>
        </Data>
      </ExtendedData>
      <Point>
        <coordinates>
          104.5968,17.3403,0
        </coordinates>
      </Point>
    </Placemark>
    <Placemark>
      <name>LT111 - SG - 22 - 0502 - 219+049</name>
      <description><![CDATA[Lat:  17.3406<br>Long: 104.5975]]></description>
      <styleUrl>#icon-1899-0288D1</styleUrl>
      <ExtendedData>
        <Data name="Lat">
          <value> 17.3406</value>
        </Data>
        <Data name="Long">
          <value>104.5975</value>
        </Data>
      </ExtendedData>
      <Point>
        <coordinates>
          104.5975,17.3406,0
        </coordinates>
      </Point>
    </Placemark>
    <Placemark>
      <name>LT112 - SG - 22 - 0502 - 219+084</name>
      <description><![CDATA[Lat:  17.3408<br>Long: 104.5978]]></description>
      <styleUrl>#icon-1899-0288D1</styleUrl>
      <ExtendedData>
        <Data name="Lat">
          <value> 17.3408</value>
        </Data>
        <Data name="Long">
          <value>104.5978</value>
        </Data>
      </ExtendedData>
      <Point>
        <coordinates>
          104.5978,17.3408,0
        </coordinates>
      </Point>
    </Placemark>
    <Placemark>
      <name>LT113 - SG - 22 - 0502 - 219+119</name>
      <description><![CDATA[Lat:  17.3410<br>Long: 104.5982]]></description>
      <styleUrl>#icon-1899-0288D1</styleUrl>
      <ExtendedData>
        <Data name="Lat">
          <value> 17.3410</value>
        </Data>
        <Data name="Long">
          <value>104.5982</value>
        </Data>
      </ExtendedData>
      <Point>
        <coordinates>
          104.5982,17.341,0
        </coordinates>
      </Point>
    </Placemark>
    <Placemark>
      <name>LT114 - SG - 22 - 0502 - 219+154</name>
      <description><![CDATA[Lat:  17.3411<br>Long: 104.5985]]></description>
      <styleUrl>#icon-1899-0288D1</styleUrl>
      <ExtendedData>
        <Data name="Lat">
          <value> 17.3411</value>
        </Data>
        <Data name="Long">
          <value>104.5985</value>
        </Data>
      </ExtendedData>
      <Point>
        <coordinates>
          104.5985,17.3411,0
        </coordinates>
      </Point>
    </Placemark>
    <Placemark>
      <name>LT115 - SG - 22 - 0502 - 219+189</name>
      <description><![CDATA[Lat:  17.3413<br>Long: 104.5990]]></description>
      <styleUrl>#icon-1899-0288D1</styleUrl>
      <ExtendedData>
        <Data name="Lat">
          <value> 17.3413</value>
        </Data>
        <Data name="Long">
          <value>104.5990</value>
        </Data>
      </ExtendedData>
      <Point>
        <coordinates>
          104.599,17.3413,0
        </coordinates>
      </Point>
    </Placemark>
    <Placemark>
      <name>LT116 - SG - 22 - 0502 - 219+224</name>
      <description><![CDATA[Lat:  17.3415<br>Long: 104.5993]]></description>
      <styleUrl>#icon-1899-0288D1</styleUrl>
      <ExtendedData>
        <Data name="Lat">
          <value> 17.3415</value>
        </Data>
        <Data name="Long">
          <value>104.5993</value>
        </Data>
      </ExtendedData>
      <Point>
        <coordinates>
          104.5993,17.3415,0
        </coordinates>
      </Point>
    </Placemark>
    <Placemark>
      <name>LT117 - SG - 22 - 0502 - 219+259</name>
      <description><![CDATA[Lat:  17.3417<br>Long: 104.5997]]></description>
      <styleUrl>#icon-1899-0288D1</styleUrl>
      <ExtendedData>
        <Data name="Lat">
          <value> 17.3417</value>
        </Data>
        <Data name="Long">
          <value>104.5997</value>
        </Data>
      </ExtendedData>
      <Point>
        <coordinates>
          104.5997,17.3417,0
        </coordinates>
      </Point>
    </Placemark>
    <Placemark>
      <name>LT118 - SG - 22 - 0502 - 219+294</name>
      <description><![CDATA[Lat:  17.3419<br>Long: 104.6001]]></description>
      <styleUrl>#icon-1899-0288D1</styleUrl>
      <ExtendedData>
        <Data name="Lat">
          <value> 17.3419</value>
        </Data>
        <Data name="Long">
          <value>104.6001</value>
        </Data>
      </ExtendedData>
      <Point>
        <coordinates>
          104.6001,17.3419,0
        </coordinates>
      </Point>
    </Placemark>
    <Placemark>
      <name>LT119 - SG - 22 - 0502 - 219+329</name>
      <description><![CDATA[Lat: 17.3420<br>Long: 104.6004]]></description>
      <styleUrl>#icon-1899-0288D1</styleUrl>
      <ExtendedData>
        <Data name="Lat">
          <value>17.3420</value>
        </Data>
        <Data name="Long">
          <value>104.6004</value>
        </Data>
      </ExtendedData>
      <Point>
        <coordinates>
          104.6004,17.342,0
        </coordinates>
      </Point>
    </Placemark>
    <Placemark>
      <name>LT120 - SG - 22 - 0502 - 219+364</name>
      <description><![CDATA[Lat:  17.3422<br>Long: 104.6008]]></description>
      <styleUrl>#icon-1899-0288D1</styleUrl>
      <ExtendedData>
        <Data name="Lat">
          <value> 17.3422</value>
        </Data>
        <Data name="Long">
          <value>104.6008</value>
        </Data>
      </ExtendedData>
      <Point>
        <coordinates>
          104.6008,17.3422,0
        </coordinates>
      </Point>
    </Placemark>
    <Placemark>
      <name>LT121 - SG - 22 - 0502 - 219+399</name>
      <description><![CDATA[Lat:  17.3424<br>Long: 104.6011]]></description>
      <styleUrl>#icon-1899-0288D1</styleUrl>
      <ExtendedData>
        <Data name="Lat">
          <value> 17.3424</value>
        </Data>
        <Data name="Long">
          <value>104.6011</value>
        </Data>
      </ExtendedData>
      <Point>
        <coordinates>
          104.6011,17.3424,0
        </coordinates>
      </Point>
    </Placemark>
    <Placemark>
      <name>LT122 - SG - 22 - 0502 - 219+434</name>
      <description><![CDATA[Lat:  17.3425<br>Long: 104.6015]]></description>
      <styleUrl>#icon-1899-0288D1</styleUrl>
      <ExtendedData>
        <Data name="Lat">
          <value> 17.3425</value>
        </Data>
        <Data name="Long">
          <value>104.6015</value>
        </Data>
      </ExtendedData>
      <Point>
        <coordinates>
          104.6015,17.3425,0
        </coordinates>
      </Point>
    </Placemark>
    <Placemark>
      <name>LT123 - SG - 22 - 0502 - 219+469</name>
      <description><![CDATA[Lat:  17.3427<br>Long: 104.6019]]></description>
      <styleUrl>#icon-1899-0288D1</styleUrl>
      <ExtendedData>
        <Data name="Lat">
          <value> 17.3427</value>
        </Data>
        <Data name="Long">
          <value>104.6019</value>
        </Data>
      </ExtendedData>
      <Point>
        <coordinates>
          104.6019,17.3427,0
        </coordinates>
      </Point>
    </Placemark>
    <Placemark>
      <name>LT124 - SG - 22 - 0502 - 219+504</name>
      <description><![CDATA[Lat:  17.3429<br>Long: 104.6022]]></description>
      <styleUrl>#icon-1899-0288D1</styleUrl>
      <ExtendedData>
        <Data name="Lat">
          <value> 17.3429</value>
        </Data>
        <Data name="Long">
          <value>104.6022</value>
        </Data>
      </ExtendedData>
      <Point>
        <coordinates>
          104.6022,17.3429,0
        </coordinates>
      </Point>
    </Placemark>
    <Placemark>
      <name>LT125 - SG - 22 - 0502 - 219+539</name>
      <description><![CDATA[Lat:  17.3431<br>Long: 104.6026]]></description>
      <styleUrl>#icon-1899-0288D1</styleUrl>
      <ExtendedData>
        <Data name="Lat">
          <value> 17.3431</value>
        </Data>
        <Data name="Long">
          <value>104.6026</value>
        </Data>
      </ExtendedData>
      <Point>
        <coordinates>
          104.6026,17.3431,0
        </coordinates>
      </Point>
    </Placemark>
    <Placemark>
      <name>LT126 - SG - 22 - 0502 - 219+574</name>
      <description><![CDATA[Lat:  17.3432<br>Long: 104.6029]]></description>
      <styleUrl>#icon-1899-0288D1</styleUrl>
      <ExtendedData>
        <Data name="Lat">
          <value> 17.3432</value>
        </Data>
        <Data name="Long">
          <value>104.6029</value>
        </Data>
      </ExtendedData>
      <Point>
        <coordinates>
          104.6029,17.3432,0
        </coordinates>
      </Point>
    </Placemark>
    <Placemark>
      <name>LT127 - SG - 22 - 0502 - 219+609</name>
      <description><![CDATA[Lat:  17.3434<br>Long: 104.6033]]></description>
      <styleUrl>#icon-1899-0288D1</styleUrl>
      <ExtendedData>
        <Data name="Lat">
          <value> 17.3434</value>
        </Data>
        <Data name="Long">
          <value>104.6033</value>
        </Data>
      </ExtendedData>
      <Point>
        <coordinates>
          104.6033,17.3434,0
        </coordinates>
      </Point>
    </Placemark>
    <Placemark>
      <name>LT128 - SG - 22 - 0502 - 219+644</name>
      <description><![CDATA[Lat:  17.3436<br>Long: 104.6036]]></description>
      <styleUrl>#icon-1899-0288D1</styleUrl>
      <ExtendedData>
        <Data name="Lat">
          <value> 17.3436</value>
        </Data>
        <Data name="Long">
          <value>104.6036</value>
        </Data>
      </ExtendedData>
      <Point>
        <coordinates>
          104.6036,17.3436,0
        </coordinates>
      </Point>
    </Placemark>
    <Placemark>
      <name>LT129 - SG - 22 - 0502 - 219+679</name>
      <description><![CDATA[Lat: 17.3439<br>Long: 104.6044]]></description>
      <styleUrl>#icon-1899-0288D1</styleUrl>
      <ExtendedData>
        <Data name="Lat">
          <value>17.3439</value>
        </Data>
        <Data name="Long">
          <value>104.6044</value>
        </Data>
      </ExtendedData>
      <Point>
        <coordinates>
          104.6044,17.3439,0
        </coordinates>
      </Point>
    </Placemark>
    <Placemark>
      <name>LT130 - SG - 22 - 0502 - 219+714</name>
      <description><![CDATA[Lat:  17.3443<br>Long: 104.6051]]></description>
      <styleUrl>#icon-1899-0288D1</styleUrl>
      <ExtendedData>
        <Data name="Lat">
          <value> 17.3443</value>
        </Data>
        <Data name="Long">
          <value>104.6051</value>
        </Data>
      </ExtendedData>
      <Point>
        <coordinates>
          104.6051,17.3443,0
        </coordinates>
      </Point>
    </Placemark>
    <Placemark>
      <name>LT131 - SG - 22 - 0502 - 219+749</name>
      <description><![CDATA[Lat:  17.3445<br>Long: 104.6055]]></description>
      <styleUrl>#icon-1899-0288D1</styleUrl>
      <ExtendedData>
        <Data name="Lat">
          <value> 17.3445</value>
        </Data>
        <Data name="Long">
          <value>104.6055</value>
        </Data>
      </ExtendedData>
      <Point>
        <coordinates>
          104.6055,17.3445,0
        </coordinates>
      </Point>
    </Placemark>
    <Placemark>
      <name>LT132 - SG - 22 - 0502 - 219+784</name>
      <description><![CDATA[Lat:  17.3447<br>Long: 104.6059]]></description>
      <styleUrl>#icon-1899-0288D1</styleUrl>
      <ExtendedData>
        <Data name="Lat">
          <value> 17.3447</value>
        </Data>
        <Data name="Long">
          <value>104.6059</value>
        </Data>
      </ExtendedData>
      <Point>
        <coordinates>
          104.6059,17.3447,0
        </coordinates>
      </Point>
    </Placemark>
    <Placemark>
      <name>LT133 - SG - 22 - 0502 - 219+819</name>
      <description><![CDATA[Lat:  17.3448<br>Long: 104.6063]]></description>
      <styleUrl>#icon-1899-0288D1</styleUrl>
      <ExtendedData>
        <Data name="Lat">
          <value> 17.3448</value>
        </Data>
        <Data name="Long">
          <value>104.6063</value>
        </Data>
      </ExtendedData>
      <Point>
        <coordinates>
          104.6063,17.3448,0
        </coordinates>
      </Point>
    </Placemark>
    <Placemark>
      <name>LT134 - SG - 22 - 0502 - 219+854</name>
      <description><![CDATA[Lat:  17.3450<br>Long: 104.6067]]></description>
      <styleUrl>#icon-1899-0288D1</styleUrl>
      <ExtendedData>
        <Data name="Lat">
          <value> 17.3450</value>
        </Data>
        <Data name="Long">
          <value>104.6067</value>
        </Data>
      </ExtendedData>
      <Point>
        <coordinates>
          104.6067,17.345,0
        </coordinates>
      </Point>
    </Placemark>
    <Placemark>
      <name>LT135 - SG - 22 - 0502 - 219+889</name>
      <description><![CDATA[Lat:  17.3452<br>Long: 104.6070]]></description>
      <styleUrl>#icon-1899-0288D1</styleUrl>
      <ExtendedData>
        <Data name="Lat">
          <value> 17.3452</value>
        </Data>
        <Data name="Long">
          <value>104.6070</value>
        </Data>
      </ExtendedData>
      <Point>
        <coordinates>
          104.607,17.3452,0
        </coordinates>
      </Point>
    </Placemark>
    <Placemark>
      <name>LT136 - SG - 22 - 0502 - 219+924</name>
      <description><![CDATA[Lat:  17.3454<br>Long: 104.6075]]></description>
      <styleUrl>#icon-1899-0288D1</styleUrl>
      <ExtendedData>
        <Data name="Lat">
          <value> 17.3454</value>
        </Data>
        <Data name="Long">
          <value>104.6075</value>
        </Data>
      </ExtendedData>
      <Point>
        <coordinates>
          104.6075,17.3454,0
        </coordinates>
      </Point>
    </Placemark>
    <Placemark>
      <name>LT137 - SG - 22 - 0502 - 219+959</name>
      <description><![CDATA[Lat:  17.3455<br>Long: 104.6078]]></description>
      <styleUrl>#icon-1899-0288D1</styleUrl>
      <ExtendedData>
        <Data name="Lat">
          <value> 17.3455</value>
        </Data>
        <Data name="Long">
          <value>104.6078</value>
        </Data>
      </ExtendedData>
      <Point>
        <coordinates>
          104.6078,17.3455,0
        </coordinates>
      </Point>
    </Placemark>
    <Placemark>
      <name>LT138 - SG - 22 - 0502 - 219+994</name>
      <description><![CDATA[Lat:  17.3456<br>Long: 104.6082]]></description>
      <styleUrl>#icon-1899-0288D1</styleUrl>
      <ExtendedData>
        <Data name="Lat">
          <value> 17.3456</value>
        </Data>
        <Data name="Long">
          <value>104.6082</value>
        </Data>
      </ExtendedData>
      <Point>
        <coordinates>
          104.6082,17.3456,0
        </coordinates>
      </Point>
    </Placemark>
    <Placemark>
      <name>LT139 - SG - 22 - 0502 - 220+029</name>
      <description><![CDATA[Lat:  17.3457<br>Long: 104.6086]]></description>
      <styleUrl>#icon-1899-0288D1</styleUrl>
      <ExtendedData>
        <Data name="Lat">
          <value> 17.3457</value>
        </Data>
        <Data name="Long">
          <value>104.6086</value>
        </Data>
      </ExtendedData>
      <Point>
        <coordinates>
          104.6086,17.3457,0
        </coordinates>
      </Point>
    </Placemark>
    <Placemark>
      <name>LT140 - SG - 22 - 0502 - 220+064</name>
      <description><![CDATA[Lat:  17.3458<br>Long: 104.6089]]></description>
      <styleUrl>#icon-1899-0288D1</styleUrl>
      <ExtendedData>
        <Data name="Lat">
          <value> 17.3458</value>
        </Data>
        <Data name="Long">
          <value>104.6089</value>
        </Data>
      </ExtendedData>
      <Point>
        <coordinates>
          104.6089,17.3458,0
        </coordinates>
      </Point>
    </Placemark>
    <Placemark>
      <name>LT141 - SG - 22 - 0502 - 220+099</name>
      <description><![CDATA[Lat:  17.3459<br>Long: 104.6094]]></description>
      <styleUrl>#icon-1899-0288D1</styleUrl>
      <ExtendedData>
        <Data name="Lat">
          <value> 17.3459</value>
        </Data>
        <Data name="Long">
          <value>104.6094</value>
        </Data>
      </ExtendedData>
      <Point>
        <coordinates>
          104.6094,17.3459,0
        </coordinates>
      </Point>
    </Placemark>
    <Placemark>
      <name>LT142 - SG - 22 - 0502 - 220+134</name>
      <description><![CDATA[Lat:  17.3460<br>Long: 104.6097]]></description>
      <styleUrl>#icon-1899-0288D1</styleUrl>
      <ExtendedData>
        <Data name="Lat">
          <value> 17.3460</value>
        </Data>
        <Data name="Long">
          <value>104.6097</value>
        </Data>
      </ExtendedData>
      <Point>
        <coordinates>
          104.6097,17.346,0
        </coordinates>
      </Point>
    </Placemark>
    <Placemark>
      <name>RT141 - SG - 22 - 0502 - 220+099</name>
      <description><![CDATA[Lat:  17.3454<br>Long: 104.6087]]></description>
      <styleUrl>#icon-1899-0288D1</styleUrl>
      <ExtendedData>
        <Data name="Lat">
          <value> 17.3454</value>
        </Data>
        <Data name="Long">
          <value>104.6087</value>
        </Data>
      </ExtendedData>
      <Point>
        <coordinates>
          104.6087,17.3454,0
        </coordinates>
      </Point>
    </Placemark>
    <Placemark>
      <name>RT142 - SG - 22 - 0502 - 220+134</name>
      <description><![CDATA[Lat:  17.3455<br>Long: 104.6092]]></description>
      <styleUrl>#icon-1899-0288D1</styleUrl>
      <ExtendedData>
        <Data name="Lat">
          <value> 17.3455</value>
        </Data>
        <Data name="Long">
          <value>104.6092</value>
        </Data>
      </ExtendedData>
      <Point>
        <coordinates>
          104.6092,17.3455,0
        </coordinates>
      </Point>
    </Placemark>
    <Placemark>
      <name>RT143 - SG - 22 - 0502 - 220+169</name>
      <description><![CDATA[Lat:  17.3456<br>Long: 104.6095]]></description>
      <styleUrl>#icon-1899-0288D1</styleUrl>
      <ExtendedData>
        <Data name="Lat">
          <value> 17.3456</value>
        </Data>
        <Data name="Long">
          <value>104.6095</value>
        </Data>
      </ExtendedData>
      <Point>
        <coordinates>
          104.6095,17.3456,0
        </coordinates>
      </Point>
    </Placemark>
    <Placemark>
      <name>RT144 - SG - 22 - 0502 - 220+204</name>
      <description><![CDATA[Lat:  17.3457<br>Long: 104.6099]]></description>
      <styleUrl>#icon-1899-0288D1</styleUrl>
      <ExtendedData>
        <Data name="Lat">
          <value> 17.3457</value>
        </Data>
        <Data name="Long">
          <value>104.6099</value>
        </Data>
      </ExtendedData>
      <Point>
        <coordinates>
          104.6099,17.3457,0
        </coordinates>
      </Point>
    </Placemark>
    <Placemark>
      <name>RT145 - SG - 22 - 0502 - 220+239</name>
      <description><![CDATA[Lat:  17.3458<br>Long: 104.6101]]></description>
      <styleUrl>#icon-1899-0288D1</styleUrl>
      <ExtendedData>
        <Data name="Lat">
          <value> 17.3458</value>
        </Data>
        <Data name="Long">
          <value>104.6101</value>
        </Data>
      </ExtendedData>
      <Point>
        <coordinates>
          104.6101,17.3458,0
        </coordinates>
      </Point>
    </Placemark>
    <Placemark>
      <name>RT146 - SG - 22 - 0502 - 220+274</name>
      <description><![CDATA[Lat:  17.3459<br>Long: 104.6106]]></description>
      <styleUrl>#icon-1899-0288D1</styleUrl>
      <ExtendedData>
        <Data name="Lat">
          <value> 17.3459</value>
        </Data>
        <Data name="Long">
          <value>104.6106</value>
        </Data>
      </ExtendedData>
      <Point>
        <coordinates>
          104.6106,17.3459,0
        </coordinates>
      </Point>
    </Placemark>
    <Placemark>
      <name>RT147 - SG - 22 - 0502 - 220+309</name>
      <description><![CDATA[Lat:  17.3460<br>Long: 104.6110]]></description>
      <styleUrl>#icon-1899-0288D1</styleUrl>
      <ExtendedData>
        <Data name="Lat">
          <value> 17.3460</value>
        </Data>
        <Data name="Long">
          <value>104.6110</value>
        </Data>
      </ExtendedData>
      <Point>
        <coordinates>
          104.611,17.346,0
        </coordinates>
      </Point>
    </Placemark>
    <Placemark>
      <name>RT148 - SG - 22 - 0502 - 220+344</name>
      <description><![CDATA[Lat:  17.3461<br>Long: 104.6114]]></description>
      <styleUrl>#icon-1899-0288D1</styleUrl>
      <ExtendedData>
        <Data name="Lat">
          <value> 17.3461</value>
        </Data>
        <Data name="Long">
          <value>104.6114</value>
        </Data>
      </ExtendedData>
      <Point>
        <coordinates>
          104.6114,17.3461,0
        </coordinates>
      </Point>
    </Placemark>
    <Placemark>
      <name>RT149 - SG - 22 - 0502 - 220+379</name>
      <description><![CDATA[Lat:  17.3461<br>Long: 104.6118]]></description>
      <styleUrl>#icon-1899-0288D1</styleUrl>
      <ExtendedData>
        <Data name="Lat">
          <value> 17.3461</value>
        </Data>
        <Data name="Long">
          <value>104.6118</value>
        </Data>
      </ExtendedData>
      <Point>
        <coordinates>
          104.6118,17.3461,0
        </coordinates>
      </Point>
    </Placemark>
    <Placemark>
      <name>RT150 - SG - 22 - 0502 - 220+414</name>
      <description><![CDATA[Lat: 17.3462<br>Long: 104.6122]]></description>
      <styleUrl>#icon-1899-0288D1</styleUrl>
      <ExtendedData>
        <Data name="Lat">
          <value>17.3462</value>
        </Data>
        <Data name="Long">
          <value>104.6122</value>
        </Data>
      </ExtendedData>
      <Point>
        <coordinates>
          104.6122,17.3462,0
        </coordinates>
      </Point>
    </Placemark>
    <Placemark>
      <name>RT151 - SG - 22 - 0502 - 220+449</name>
      <description><![CDATA[Lat:  17.3463<br>Long: 104.6126]]></description>
      <styleUrl>#icon-1899-0288D1</styleUrl>
      <ExtendedData>
        <Data name="Lat">
          <value> 17.3463</value>
        </Data>
        <Data name="Long">
          <value>104.6126</value>
        </Data>
      </ExtendedData>
      <Point>
        <coordinates>
          104.6126,17.3463,0
        </coordinates>
      </Point>
    </Placemark>
    <Placemark>
      <name>RT152 - SG - 22 - 0502 - 220+484</name>
      <description><![CDATA[Lat:  17.3464<br>Long: 104.6130]]></description>
      <styleUrl>#icon-1899-0288D1</styleUrl>
      <ExtendedData>
        <Data name="Lat">
          <value> 17.3464</value>
        </Data>
        <Data name="Long">
          <value>104.6130</value>
        </Data>
      </ExtendedData>
      <Point>
        <coordinates>
          104.613,17.3464,0
        </coordinates>
      </Point>
    </Placemark>
    <Placemark>
      <name>RT153 - SG - 22 - 0502 - 220+519</name>
      <description><![CDATA[Lat:  17.3465<br>Long: 104.6134]]></description>
      <styleUrl>#icon-1899-0288D1</styleUrl>
      <ExtendedData>
        <Data name="Lat">
          <value> 17.3465</value>
        </Data>
        <Data name="Long">
          <value>104.6134</value>
        </Data>
      </ExtendedData>
      <Point>
        <coordinates>
          104.6134,17.3465,0
        </coordinates>
      </Point>
    </Placemark>
    <Placemark>
      <name>RT154 - SG - 22 - 0502 - 220+554</name>
      <description><![CDATA[Lat:  17.3465<br>Long: 104.6137]]></description>
      <styleUrl>#icon-1899-0288D1</styleUrl>
      <ExtendedData>
        <Data name="Lat">
          <value> 17.3465</value>
        </Data>
        <Data name="Long">
          <value>104.6137</value>
        </Data>
      </ExtendedData>
      <Point>
        <coordinates>
          104.6137,17.3465,0
        </coordinates>
      </Point>
    </Placemark>
    <Placemark>
      <name>RT155 - SG - 22 - 0502 - 220+589</name>
      <description><![CDATA[Lat: 17.3466<br>Long: 104.6142]]></description>
      <styleUrl>#icon-1899-0288D1</styleUrl>
      <ExtendedData>
        <Data name="Lat">
          <value>17.3466</value>
        </Data>
        <Data name="Long">
          <value>104.6142</value>
        </Data>
      </ExtendedData>
      <Point>
        <coordinates>
          104.6142,17.3466,0
        </coordinates>
      </Point>
    </Placemark>
    <Placemark>
      <name>RT156 - SG - 22 - 0502 - 220+624</name>
      <description><![CDATA[Lat:  17.3467<br>Long: 104.6146]]></description>
      <styleUrl>#icon-1899-0288D1</styleUrl>
      <ExtendedData>
        <Data name="Lat">
          <value> 17.3467</value>
        </Data>
        <Data name="Long">
          <value>104.6146</value>
        </Data>
      </ExtendedData>
      <Point>
        <coordinates>
          104.6146,17.3467,0
        </coordinates>
      </Point>
    </Placemark>
    <Placemark>
      <name>RT157 - SG - 22 - 0502 - 220+659</name>
      <description><![CDATA[Lat:  17.3468<br>Long: 104.6150]]></description>
      <styleUrl>#icon-1899-0288D1</styleUrl>
      <ExtendedData>
        <Data name="Lat">
          <value> 17.3468</value>
        </Data>
        <Data name="Long">
          <value>104.6150</value>
        </Data>
      </ExtendedData>
      <Point>
        <coordinates>
          104.615,17.3468,0
        </coordinates>
      </Point>
    </Placemark>
    <Placemark>
      <name>RT158 - SG - 22 - 0502 - 220+694</name>
      <description><![CDATA[Lat:  17.3469<br>Long: 104.6154]]></description>
      <styleUrl>#icon-1899-0288D1</styleUrl>
      <ExtendedData>
        <Data name="Lat">
          <value> 17.3469</value>
        </Data>
        <Data name="Long">
          <value>104.6154</value>
        </Data>
      </ExtendedData>
      <Point>
        <coordinates>
          104.6154,17.3469,0
        </coordinates>
      </Point>
    </Placemark>
    <Placemark>
      <name>RT159 - SG - 22 - 0502 - 220+729</name>
      <description><![CDATA[Lat:  17.3470<br>Long: 104.6158]]></description>
      <styleUrl>#icon-1899-0288D1</styleUrl>
      <ExtendedData>
        <Data name="Lat">
          <value> 17.3470</value>
        </Data>
        <Data name="Long">
          <value>104.6158</value>
        </Data>
      </ExtendedData>
      <Point>
        <coordinates>
          104.6158,17.347,0
        </coordinates>
      </Point>
    </Placemark>
    <Placemark>
      <name>RT160 - SG - 22 - 0502 - 220+764</name>
      <description><![CDATA[Lat:  17.3471<br>Long: 104.6162]]></description>
      <styleUrl>#icon-1899-0288D1</styleUrl>
      <ExtendedData>
        <Data name="Lat">
          <value> 17.3471</value>
        </Data>
        <Data name="Long">
          <value>104.6162</value>
        </Data>
      </ExtendedData>
      <Point>
        <coordinates>
          104.6162,17.3471,0
        </coordinates>
      </Point>
    </Placemark>
    <Placemark>
      <name>RT161 - SG - 22 - 0502 - 220+799</name>
      <description><![CDATA[Lat:  17.3472<br>Long: 104.6166]]></description>
      <styleUrl>#icon-1899-0288D1</styleUrl>
      <ExtendedData>
        <Data name="Lat">
          <value> 17.3472</value>
        </Data>
        <Data name="Long">
          <value>104.6166</value>
        </Data>
      </ExtendedData>
      <Point>
        <coordinates>
          104.6166,17.3472,0
        </coordinates>
      </Point>
    </Placemark>
    <Placemark>
      <name>RT162 - SG - 22 - 0502 - 220+834</name>
      <description><![CDATA[Lat:  17.3472<br>Long: 104.6170]]></description>
      <styleUrl>#icon-1899-0288D1</styleUrl>
      <ExtendedData>
        <Data name="Lat">
          <value> 17.3472</value>
        </Data>
        <Data name="Long">
          <value>104.6170</value>
        </Data>
      </ExtendedData>
      <Point>
        <coordinates>
          104.617,17.3472,0
        </coordinates>
      </Point>
    </Placemark>
    <Placemark>
      <name>RT163 - SG - 22 - 0502 - 220+869</name>
      <description><![CDATA[Lat:  17.3473<br>Long: 104.6174]]></description>
      <styleUrl>#icon-1899-0288D1</styleUrl>
      <ExtendedData>
        <Data name="Lat">
          <value> 17.3473</value>
        </Data>
        <Data name="Long">
          <value>104.6174</value>
        </Data>
      </ExtendedData>
      <Point>
        <coordinates>
          104.6174,17.3473,0
        </coordinates>
      </Point>
    </Placemark>
    <Placemark>
      <name>RT164 - SG - 22 - 0502 - 220+904</name>
      <description><![CDATA[Lat:  17.3474<br>Long: 104.6178]]></description>
      <styleUrl>#icon-1899-0288D1</styleUrl>
      <ExtendedData>
        <Data name="Lat">
          <value> 17.3474</value>
        </Data>
        <Data name="Long">
          <value>104.6178</value>
        </Data>
      </ExtendedData>
      <Point>
        <coordinates>
          104.6178,17.3474,0
        </coordinates>
      </Point>
    </Placemark>
    <Placemark>
      <name>RT165 - SG - 22 - 0502 - 220+939</name>
      <description><![CDATA[Lat:  17.3475<br>Long: 104.6182]]></description>
      <styleUrl>#icon-1899-0288D1</styleUrl>
      <ExtendedData>
        <Data name="Lat">
          <value> 17.3475</value>
        </Data>
        <Data name="Long">
          <value>104.6182</value>
        </Data>
      </ExtendedData>
      <Point>
        <coordinates>
          104.6182,17.3475,0
        </coordinates>
      </Point>
    </Placemark>
    <Placemark>
      <name>RT166 - SG - 22 - 0502 - 220+974</name>
      <description><![CDATA[Lat:  17.3476<br>Long: 104.6185]]></description>
      <styleUrl>#icon-1899-0288D1</styleUrl>
      <ExtendedData>
        <Data name="Lat">
          <value> 17.3476</value>
        </Data>
        <Data name="Long">
          <value>104.6185</value>
        </Data>
      </ExtendedData>
      <Point>
        <coordinates>
          104.6185,17.3476,0
        </coordinates>
      </Point>
    </Placemark>
    <Placemark>
      <name>RT167 - SG - 22 - 0502 - 221+009</name>
      <description><![CDATA[Lat:  17.3477<br>Long: 104.6190]]></description>
      <styleUrl>#icon-1899-0288D1</styleUrl>
      <ExtendedData>
        <Data name="Lat">
          <value> 17.3477</value>
        </Data>
        <Data name="Long">
          <value>104.6190</value>
        </Data>
      </ExtendedData>
      <Point>
        <coordinates>
          104.619,17.3477,0
        </coordinates>
      </Point>
    </Placemark>
    <Placemark>
      <name>RT168 - SG - 22 - 0502 - 221+044</name>
      <description><![CDATA[Lat:  17.3477<br>Long: 104.6193]]></description>
      <styleUrl>#icon-1899-0288D1</styleUrl>
      <ExtendedData>
        <Data name="Lat">
          <value> 17.3477</value>
        </Data>
        <Data name="Long">
          <value>104.6193</value>
        </Data>
      </ExtendedData>
      <Point>
        <coordinates>
          104.6193,17.3477,0
        </coordinates>
      </Point>
    </Placemark>
    <Placemark>
      <name>RT169 - SG - 22 - 0502 - 221+079</name>
      <description><![CDATA[Lat:  17.3478<br>Long: 104.6197]]></description>
      <styleUrl>#icon-1899-0288D1</styleUrl>
      <ExtendedData>
        <Data name="Lat">
          <value> 17.3478</value>
        </Data>
        <Data name="Long">
          <value>104.6197</value>
        </Data>
      </ExtendedData>
      <Point>
        <coordinates>
          104.6197,17.3478,0
        </coordinates>
      </Point>
    </Placemark>
    <Placemark>
      <name>RT170 - SG - 22 - 0502 - 221+114</name>
      <description><![CDATA[Lat:  17.3481<br>Long: 104.6213]]></description>
      <styleUrl>#icon-1899-0288D1</styleUrl>
      <ExtendedData>
        <Data name="Lat">
          <value> 17.3481</value>
        </Data>
        <Data name="Long">
          <value>104.6213</value>
        </Data>
      </ExtendedData>
      <Point>
        <coordinates>
          104.6213,17.3481,0
        </coordinates>
      </Point>
    </Placemark>
    <Placemark>
      <name>RT171 - SG - 22 - 0502 - 221+149</name>
      <description><![CDATA[Lat: 7.3482<br>Long: 104.6218]]></description>
      <styleUrl>#icon-1899-0288D1</styleUrl>
      <ExtendedData>
        <Data name="Lat">
          <value>7.3482</value>
        </Data>
        <Data name="Long">
          <value>104.6218</value>
        </Data>
      </ExtendedData>
      <Point>
        <coordinates>
          104.6218,7.3482,0
        </coordinates>
      </Point>
    </Placemark>
    <Placemark>
      <name>RT172 - SG - 22 - 0502 - 221+184</name>
      <description><![CDATA[Lat:  17.3483<br>Long: 104.6221]]></description>
      <styleUrl>#icon-1899-0288D1</styleUrl>
      <ExtendedData>
        <Data name="Lat">
          <value> 17.3483</value>
        </Data>
        <Data name="Long">
          <value>104.6221</value>
        </Data>
      </ExtendedData>
      <Point>
        <coordinates>
          104.6221,17.3483,0
        </coordinates>
      </Point>
    </Placemark>
    <Placemark>
      <name>RT173 - SG - 22 - 0502 - 221+219</name>
      <description><![CDATA[Lat:  17.3484<br>Long: 104.6225]]></description>
      <styleUrl>#icon-1899-0288D1</styleUrl>
      <ExtendedData>
        <Data name="Lat">
          <value> 17.3484</value>
        </Data>
        <Data name="Long">
          <value>104.6225</value>
        </Data>
      </ExtendedData>
      <Point>
        <coordinates>
          104.6225,17.3484,0
        </coordinates>
      </Point>
    </Placemark>
    <Placemark>
      <name>RT174 - SG - 22 - 0502 - 221+254</name>
      <description><![CDATA[Lat:  17.3485<br>Long: 104.6229]]></description>
      <styleUrl>#icon-1899-0288D1</styleUrl>
      <ExtendedData>
        <Data name="Lat">
          <value> 17.3485</value>
        </Data>
        <Data name="Long">
          <value>104.6229</value>
        </Data>
      </ExtendedData>
      <Point>
        <coordinates>
          104.6229,17.3485,0
        </coordinates>
      </Point>
    </Placemark>
    <Placemark>
      <name>LT143 - SG - 22 - 0502 - 220+169</name>
      <description><![CDATA[Lat:  17.3460<br>Long: 104.6102]]></description>
      <styleUrl>#icon-1899-0288D1</styleUrl>
      <ExtendedData>
        <Data name="Lat">
          <value> 17.3460</value>
        </Data>
        <Data name="Long">
          <value>104.6102</value>
        </Data>
      </ExtendedData>
      <Point>
        <coordinates>
          104.6102,17.346,0
        </coordinates>
      </Point>
    </Placemark>
    <Placemark>
      <name>LT144 - SG - 22 - 0502 - 220+204</name>
      <description><![CDATA[Lat:  17.3461<br>Long: 104.6106]]></description>
      <styleUrl>#icon-1899-0288D1</styleUrl>
      <ExtendedData>
        <Data name="Lat">
          <value> 17.3461</value>
        </Data>
        <Data name="Long">
          <value>104.6106</value>
        </Data>
      </ExtendedData>
      <Point>
        <coordinates>
          104.6106,17.3461,0
        </coordinates>
      </Point>
    </Placemark>
    <Placemark>
      <name>LT145 - SG - 22 - 0502 - 220+239</name>
      <description><![CDATA[Lat:  17.3462<br>Long: 104.6109]]></description>
      <styleUrl>#icon-1899-0288D1</styleUrl>
      <ExtendedData>
        <Data name="Lat">
          <value> 17.3462</value>
        </Data>
        <Data name="Long">
          <value>104.6109</value>
        </Data>
      </ExtendedData>
      <Point>
        <coordinates>
          104.6109,17.3462,0
        </coordinates>
      </Point>
    </Placemark>
    <Placemark>
      <name>LT146 - SG - 22 - 0502 - 220+274</name>
      <description><![CDATA[Lat:  17.3463<br>Long: 104.6114]]></description>
      <styleUrl>#icon-1899-0288D1</styleUrl>
      <ExtendedData>
        <Data name="Lat">
          <value> 17.3463</value>
        </Data>
        <Data name="Long">
          <value>104.6114</value>
        </Data>
      </ExtendedData>
      <Point>
        <coordinates>
          104.6114,17.3463,0
        </coordinates>
      </Point>
    </Placemark>
    <Placemark>
      <name>LT147 - SG - 22 - 0502 - 220+309</name>
      <description><![CDATA[Lat:  17.3463<br>Long: 104.6117]]></description>
      <styleUrl>#icon-1899-0288D1</styleUrl>
      <ExtendedData>
        <Data name="Lat">
          <value> 17.3463</value>
        </Data>
        <Data name="Long">
          <value>104.6117</value>
        </Data>
      </ExtendedData>
      <Point>
        <coordinates>
          104.6117,17.3463,0
        </coordinates>
      </Point>
    </Placemark>
    <Placemark>
      <name>LT148 - SG - 22 - 0502 - 220+344</name>
      <description><![CDATA[Lat:  17.3464<br>Long: 104.6121]]></description>
      <styleUrl>#icon-1899-0288D1</styleUrl>
      <ExtendedData>
        <Data name="Lat">
          <value> 17.3464</value>
        </Data>
        <Data name="Long">
          <value>104.6121</value>
        </Data>
      </ExtendedData>
      <Point>
        <coordinates>
          104.6121,17.3464,0
        </coordinates>
      </Point>
    </Placemark>
    <Placemark>
      <name>LT149 - SG - 22 - 0502 - 220+379</name>
      <description><![CDATA[Lat:  17.3465<br>Long: 104.6125]]></description>
      <styleUrl>#icon-1899-0288D1</styleUrl>
      <ExtendedData>
        <Data name="Lat">
          <value> 17.3465</value>
        </Data>
        <Data name="Long">
          <value>104.6125</value>
        </Data>
      </ExtendedData>
      <Point>
        <coordinates>
          104.6125,17.3465,0
        </coordinates>
      </Point>
    </Placemark>
    <Placemark>
      <name>LT150 - SG - 22 - 0502 - 220+414</name>
      <description><![CDATA[Lat:  17.3466<br>Long: 104.6129]]></description>
      <styleUrl>#icon-1899-0288D1</styleUrl>
      <ExtendedData>
        <Data name="Lat">
          <value> 17.3466</value>
        </Data>
        <Data name="Long">
          <value>104.6129</value>
        </Data>
      </ExtendedData>
      <Point>
        <coordinates>
          104.6129,17.3466,0
        </coordinates>
      </Point>
    </Placemark>
    <Placemark>
      <name>LT151 - SG - 22 - 0502 - 220+449</name>
      <description><![CDATA[Lat:  17.3467<br>Long: 104.6133]]></description>
      <styleUrl>#icon-1899-0288D1</styleUrl>
      <ExtendedData>
        <Data name="Lat">
          <value> 17.3467</value>
        </Data>
        <Data name="Long">
          <value>104.6133</value>
        </Data>
      </ExtendedData>
      <Point>
        <coordinates>
          104.6133,17.3467,0
        </coordinates>
      </Point>
    </Placemark>
    <Placemark>
      <name>LT152 - SG - 22 - 0502 - 220+484</name>
      <description><![CDATA[Lat:  17.3468<br>Long: 104.6136]]></description>
      <styleUrl>#icon-1899-0288D1</styleUrl>
      <ExtendedData>
        <Data name="Lat">
          <value> 17.3468</value>
        </Data>
        <Data name="Long">
          <value>104.6136</value>
        </Data>
      </ExtendedData>
      <Point>
        <coordinates>
          104.6136,17.3468,0
        </coordinates>
      </Point>
    </Placemark>
    <Placemark>
      <name>LT153 - SG - 22 - 0502 - 220+519</name>
      <description><![CDATA[Lat:  17.3469<br>Long: 104.6141]]></description>
      <styleUrl>#icon-1899-0288D1</styleUrl>
      <ExtendedData>
        <Data name="Lat">
          <value> 17.3469</value>
        </Data>
        <Data name="Long">
          <value>104.6141</value>
        </Data>
      </ExtendedData>
      <Point>
        <coordinates>
          104.6141,17.3469,0
        </coordinates>
      </Point>
    </Placemark>
    <Placemark>
      <name>LT154 - SG - 22 - 0502 - 220+554</name>
      <description><![CDATA[Lat:  17.3470<br>Long: 104.6145]]></description>
      <styleUrl>#icon-1899-0288D1</styleUrl>
      <ExtendedData>
        <Data name="Lat">
          <value> 17.3470</value>
        </Data>
        <Data name="Long">
          <value>104.6145</value>
        </Data>
      </ExtendedData>
      <Point>
        <coordinates>
          104.6145,17.347,0
        </coordinates>
      </Point>
    </Placemark>
    <Placemark>
      <name>LT155 - SG - 22 - 0502 - 220+589</name>
      <description><![CDATA[Lat:  17.3470<br>Long: 104.6149]]></description>
      <styleUrl>#icon-1899-0288D1</styleUrl>
      <ExtendedData>
        <Data name="Lat">
          <value> 17.3470</value>
        </Data>
        <Data name="Long">
          <value>104.6149</value>
        </Data>
      </ExtendedData>
      <Point>
        <coordinates>
          104.6149,17.347,0
        </coordinates>
      </Point>
    </Placemark>
    <Placemark>
      <name>LT156 - SG - 22 - 0502 - 220+624</name>
      <description><![CDATA[Lat:  17.3472<br>Long: 104.6153]]></description>
      <styleUrl>#icon-1899-0288D1</styleUrl>
      <ExtendedData>
        <Data name="Lat">
          <value> 17.3472</value>
        </Data>
        <Data name="Long">
          <value>104.6153</value>
        </Data>
      </ExtendedData>
      <Point>
        <coordinates>
          104.6153,17.3472,0
        </coordinates>
      </Point>
    </Placemark>
    <Placemark>
      <name>LT157 - SG - 22 - 0502 - 220+659</name>
      <description><![CDATA[Lat: 7.3472<br>Long: 104.6158]]></description>
      <styleUrl>#icon-1899-0288D1</styleUrl>
      <ExtendedData>
        <Data name="Lat">
          <value>7.3472</value>
        </Data>
        <Data name="Long">
          <value>104.6158</value>
        </Data>
      </ExtendedData>
      <Point>
        <coordinates>
          104.6158,7.3472,0
        </coordinates>
      </Point>
    </Placemark>
    <Placemark>
      <name>LT158 - SG - 22 - 0502 - 220+694</name>
      <description><![CDATA[Lat:  17.3473<br>Long: 104.6161]]></description>
      <styleUrl>#icon-1899-0288D1</styleUrl>
      <ExtendedData>
        <Data name="Lat">
          <value> 17.3473</value>
        </Data>
        <Data name="Long">
          <value>104.6161</value>
        </Data>
      </ExtendedData>
      <Point>
        <coordinates>
          104.6161,17.3473,0
        </coordinates>
      </Point>
    </Placemark>
    <Placemark>
      <name>LT159 - SG - 22 - 0502 - 220+729</name>
      <description><![CDATA[Lat:  17.3474<br>Long: 104.6165]]></description>
      <styleUrl>#icon-1899-0288D1</styleUrl>
      <ExtendedData>
        <Data name="Lat">
          <value> 17.3474</value>
        </Data>
        <Data name="Long">
          <value>104.6165</value>
        </Data>
      </ExtendedData>
      <Point>
        <coordinates>
          104.6165,17.3474,0
        </coordinates>
      </Point>
    </Placemark>
    <Placemark>
      <name>LT160 - SG - 22 - 0502 - 220+764</name>
      <description><![CDATA[Lat:  17.3475<br>Long: 104.6169]]></description>
      <styleUrl>#icon-1899-0288D1</styleUrl>
      <ExtendedData>
        <Data name="Lat">
          <value> 17.3475</value>
        </Data>
        <Data name="Long">
          <value>104.6169</value>
        </Data>
      </ExtendedData>
      <Point>
        <coordinates>
          104.6169,17.3475,0
        </coordinates>
      </Point>
    </Placemark>
    <Placemark>
      <name>LT161 - SG - 22 - 0502 - 220+799</name>
      <description><![CDATA[Lat:  17.3476<br>Long: 104.6173]]></description>
      <styleUrl>#icon-1899-0288D1</styleUrl>
      <ExtendedData>
        <Data name="Lat">
          <value> 17.3476</value>
        </Data>
        <Data name="Long">
          <value>104.6173</value>
        </Data>
      </ExtendedData>
      <Point>
        <coordinates>
          104.6173,17.3476,0
        </coordinates>
      </Point>
    </Placemark>
    <Placemark>
      <name>LT162 - SG - 22 - 0502 - 220+834</name>
      <description><![CDATA[Lat:  17.3476<br>Long: 104.6176]]></description>
      <styleUrl>#icon-1899-0288D1</styleUrl>
      <ExtendedData>
        <Data name="Lat">
          <value> 17.3476</value>
        </Data>
        <Data name="Long">
          <value>104.6176</value>
        </Data>
      </ExtendedData>
      <Point>
        <coordinates>
          104.6176,17.3476,0
        </coordinates>
      </Point>
    </Placemark>
    <Placemark>
      <name>LT163 - SG - 22 - 0502 - 220+869</name>
      <description><![CDATA[Lat:  17.3477<br>Long: 104.6181]]></description>
      <styleUrl>#icon-1899-0288D1</styleUrl>
      <ExtendedData>
        <Data name="Lat">
          <value> 17.3477</value>
        </Data>
        <Data name="Long">
          <value>104.6181</value>
        </Data>
      </ExtendedData>
      <Point>
        <coordinates>
          104.6181,17.3477,0
        </coordinates>
      </Point>
    </Placemark>
    <Placemark>
      <name>LT164 - SG - 22 - 0502 - 220+904</name>
      <description><![CDATA[Lat:  17.3478<br>Long: 104.6184]]></description>
      <styleUrl>#icon-1899-0288D1</styleUrl>
      <ExtendedData>
        <Data name="Lat">
          <value> 17.3478</value>
        </Data>
        <Data name="Long">
          <value>104.6184</value>
        </Data>
      </ExtendedData>
      <Point>
        <coordinates>
          104.6184,17.3478,0
        </coordinates>
      </Point>
    </Placemark>
    <Placemark>
      <name>LT165 - SG - 22 - 0502 - 220+939</name>
      <description><![CDATA[Lat:  17.3479<br>Long: 104.6189]]></description>
      <styleUrl>#icon-1899-0288D1</styleUrl>
      <ExtendedData>
        <Data name="Lat">
          <value> 17.3479</value>
        </Data>
        <Data name="Long">
          <value>104.6189</value>
        </Data>
      </ExtendedData>
      <Point>
        <coordinates>
          104.6189,17.3479,0
        </coordinates>
      </Point>
    </Placemark>
    <Placemark>
      <name>LT166 - SG - 22 - 0502 - 220+974</name>
      <description><![CDATA[Lat:  17.3480<br>Long: 104.6193]]></description>
      <styleUrl>#icon-1899-0288D1</styleUrl>
      <ExtendedData>
        <Data name="Lat">
          <value> 17.3480</value>
        </Data>
        <Data name="Long">
          <value>104.6193</value>
        </Data>
      </ExtendedData>
      <Point>
        <coordinates>
          104.6193,17.348,0
        </coordinates>
      </Point>
    </Placemark>
    <Placemark>
      <name>LT167 - SG - 22 - 0502 - 221+009</name>
      <description><![CDATA[Lat:  17.3480<br>Long: 104.6197]]></description>
      <styleUrl>#icon-1899-0288D1</styleUrl>
      <ExtendedData>
        <Data name="Lat">
          <value> 17.3480</value>
        </Data>
        <Data name="Long">
          <value>104.6197</value>
        </Data>
      </ExtendedData>
      <Point>
        <coordinates>
          104.6197,17.348,0
        </coordinates>
      </Point>
    </Placemark>
    <Placemark>
      <name>LT168 - SG - 22 - 0502 - 221+044</name>
      <description><![CDATA[Lat:  17.3481<br>Long: 104.6200]]></description>
      <styleUrl>#icon-1899-0288D1</styleUrl>
      <ExtendedData>
        <Data name="Lat">
          <value> 17.3481</value>
        </Data>
        <Data name="Long">
          <value>104.6200</value>
        </Data>
      </ExtendedData>
      <Point>
        <coordinates>
          104.62,17.3481,0
        </coordinates>
      </Point>
    </Placemark>
    <Placemark>
      <name>LT169 - SG - 22 - 0502 - 221+079</name>
      <description><![CDATA[Lat:  17.3482<br>Long: 104.6205]]></description>
      <styleUrl>#icon-1899-0288D1</styleUrl>
      <ExtendedData>
        <Data name="Lat">
          <value> 17.3482</value>
        </Data>
        <Data name="Long">
          <value>104.6205</value>
        </Data>
      </ExtendedData>
      <Point>
        <coordinates>
          104.6205,17.3482,0
        </coordinates>
      </Point>
    </Placemark>
    <Placemark>
      <name>LT170 - SG - 22 - 0502 - 221+114</name>
      <description><![CDATA[Lat:  17.3483<br>Long: 104.6209]]></description>
      <styleUrl>#icon-1899-0288D1</styleUrl>
      <ExtendedData>
        <Data name="Lat">
          <value> 17.3483</value>
        </Data>
        <Data name="Long">
          <value>104.6209</value>
        </Data>
      </ExtendedData>
      <Point>
        <coordinates>
          104.6209,17.3483,0
        </coordinates>
      </Point>
    </Placemark>
    <Placemark>
      <name>LT171 - SG - 22 - 0502 - 221+149</name>
      <description><![CDATA[Lat:  17.3484<br>Long: 104.6212]]></description>
      <styleUrl>#icon-1899-0288D1</styleUrl>
      <ExtendedData>
        <Data name="Lat">
          <value> 17.3484</value>
        </Data>
        <Data name="Long">
          <value>104.6212</value>
        </Data>
      </ExtendedData>
      <Point>
        <coordinates>
          104.6212,17.3484,0
        </coordinates>
      </Point>
    </Placemark>
    <Placemark>
      <name>LT172 - SG - 22 - 0502 - 221+184</name>
      <description><![CDATA[Lat:  17.3485<br>Long: 104.6220]]></description>
      <styleUrl>#icon-1899-0288D1</styleUrl>
      <ExtendedData>
        <Data name="Lat">
          <value> 17.3485</value>
        </Data>
        <Data name="Long">
          <value>104.6220</value>
        </Data>
      </ExtendedData>
      <Point>
        <coordinates>
          104.622,17.3485,0
        </coordinates>
      </Point>
    </Placemark>
    <Placemark>
      <name>LT173 - SG - 22 - 0502 - 221+219</name>
      <description><![CDATA[Lat:  17.3486<br>Long: 104.6224]]></description>
      <styleUrl>#icon-1899-0288D1</styleUrl>
      <ExtendedData>
        <Data name="Lat">
          <value> 17.3486</value>
        </Data>
        <Data name="Long">
          <value>104.6224</value>
        </Data>
      </ExtendedData>
      <Point>
        <coordinates>
          104.6224,17.3486,0
        </coordinates>
      </Point>
    </Placemark>
    <Placemark>
      <name>LT174 - SG - 22 - 0502 - 221+254</name>
      <description><![CDATA[Lat:  17.3487<br>Long: 104.6228]]></description>
      <styleUrl>#icon-1899-0288D1</styleUrl>
      <ExtendedData>
        <Data name="Lat">
          <value> 17.3487</value>
        </Data>
        <Data name="Long">
          <value>104.6228</value>
        </Data>
      </ExtendedData>
      <Point>
        <coordinates>
          104.6228,17.3487,0
        </coordinates>
      </Point>
    </Placemark>
    <Placemark>
      <name>LT175 - SG - 22 - 0502 - 221+289</name>
      <description><![CDATA[Lat:  17.3488<br>Long: 104.6232]]></description>
      <styleUrl>#icon-1899-0288D1</styleUrl>
      <ExtendedData>
        <Data name="Lat">
          <value> 17.3488</value>
        </Data>
        <Data name="Long">
          <value>104.6232</value>
        </Data>
      </ExtendedData>
      <Point>
        <coordinates>
          104.6232,17.3488,0
        </coordinates>
      </Point>
    </Placemark>
    <Placemark>
      <name>LT176 - SG - 22 - 0502 - 221+324</name>
      <description><![CDATA[Lat:  17.3489<br>Long: 104.6236]]></description>
      <styleUrl>#icon-1899-0288D1</styleUrl>
      <ExtendedData>
        <Data name="Lat">
          <value> 17.3489</value>
        </Data>
        <Data name="Long">
          <value>104.6236</value>
        </Data>
      </ExtendedData>
      <Point>
        <coordinates>
          104.6236,17.3489,0
        </coordinates>
      </Point>
    </Placemark>
    <Placemark>
      <name>LT177 - SG - 22 - 0502 - 221+359</name>
      <description><![CDATA[Lat:  17.3490<br>Long: 104.6240]]></description>
      <styleUrl>#icon-1899-0288D1</styleUrl>
      <ExtendedData>
        <Data name="Lat">
          <value> 17.3490</value>
        </Data>
        <Data name="Long">
          <value>104.6240</value>
        </Data>
      </ExtendedData>
      <Point>
        <coordinates>
          104.624,17.349,0
        </coordinates>
      </Point>
    </Placemark>
    <Placemark>
      <name>LT178 - SG - 22 - 0502 - 221+394</name>
      <description><![CDATA[Lat:  17.3491<br>Long: 104.6244]]></description>
      <styleUrl>#icon-1899-0288D1</styleUrl>
      <ExtendedData>
        <Data name="Lat">
          <value> 17.3491</value>
        </Data>
        <Data name="Long">
          <value>104.6244</value>
        </Data>
      </ExtendedData>
      <Point>
        <coordinates>
          104.6244,17.3491,0
        </coordinates>
      </Point>
    </Placemark>
    <Placemark>
      <name>LT179 - SG - 22 - 0502 - 221+429</name>
      <description><![CDATA[Lat:  17.3491<br>Long: 104.6248]]></description>
      <styleUrl>#icon-1899-0288D1</styleUrl>
      <ExtendedData>
        <Data name="Lat">
          <value> 17.3491</value>
        </Data>
        <Data name="Long">
          <value>104.6248</value>
        </Data>
      </ExtendedData>
      <Point>
        <coordinates>
          104.6248,17.3491,0
        </coordinates>
      </Point>
    </Placemark>
    <Placemark>
      <name>LT180 - SG - 22 - 0502 - 221+464</name>
      <description><![CDATA[Lat:  17.3492<br>Long: 104.6252]]></description>
      <styleUrl>#icon-1899-0288D1</styleUrl>
      <ExtendedData>
        <Data name="Lat">
          <value> 17.3492</value>
        </Data>
        <Data name="Long">
          <value>104.6252</value>
        </Data>
      </ExtendedData>
      <Point>
        <coordinates>
          104.6252,17.3492,0
        </coordinates>
      </Point>
    </Placemark>
    <Placemark>
      <name>LT181 - SG - 22 - 0502 - 221+499</name>
      <description><![CDATA[Lat:  17.3493<br>Long: 104.6256]]></description>
      <styleUrl>#icon-1899-0288D1</styleUrl>
      <ExtendedData>
        <Data name="Lat">
          <value> 17.3493</value>
        </Data>
        <Data name="Long">
          <value>104.6256</value>
        </Data>
      </ExtendedData>
      <Point>
        <coordinates>
          104.6256,17.3493,0
        </coordinates>
      </Point>
    </Placemark>
    <Placemark>
      <name>LT182 - SG - 22 - 0502 - 221+534</name>
      <description><![CDATA[Lat:  17.3494<br>Long: 104.6260]]></description>
      <styleUrl>#icon-1899-0288D1</styleUrl>
      <ExtendedData>
        <Data name="Lat">
          <value> 17.3494</value>
        </Data>
        <Data name="Long">
          <value>104.6260</value>
        </Data>
      </ExtendedData>
      <Point>
        <coordinates>
          104.626,17.3494,0
        </coordinates>
      </Point>
    </Placemark>
    <Placemark>
      <name>LT183 - SG - 22 - 0502 - 221+569</name>
      <description><![CDATA[Lat:  17.3495<br>Long: 104.6264]]></description>
      <styleUrl>#icon-1899-0288D1</styleUrl>
      <ExtendedData>
        <Data name="Lat">
          <value> 17.3495</value>
        </Data>
        <Data name="Long">
          <value>104.6264</value>
        </Data>
      </ExtendedData>
      <Point>
        <coordinates>
          104.6264,17.3495,0
        </coordinates>
      </Point>
    </Placemark>
    <Placemark>
      <name>LT184 - SG - 22 - 0502 - 221+604</name>
      <description><![CDATA[Lat:  17.3496<br>Long: 104.6268]]></description>
      <styleUrl>#icon-1899-0288D1</styleUrl>
      <ExtendedData>
        <Data name="Lat">
          <value> 17.3496</value>
        </Data>
        <Data name="Long">
          <value>104.6268</value>
        </Data>
      </ExtendedData>
      <Point>
        <coordinates>
          104.6268,17.3496,0
        </coordinates>
      </Point>
    </Placemark>
    <Placemark>
      <name>LT185 - SG - 22 - 0502 - 221+639</name>
      <description><![CDATA[Lat:  17.3496<br>Long: 104.6272]]></description>
      <styleUrl>#icon-1899-0288D1</styleUrl>
      <ExtendedData>
        <Data name="Lat">
          <value> 17.3496</value>
        </Data>
        <Data name="Long">
          <value>104.6272</value>
        </Data>
      </ExtendedData>
      <Point>
        <coordinates>
          104.6272,17.3496,0
        </coordinates>
      </Point>
    </Placemark>
    <Placemark>
      <name>LT186 - SG - 22 - 0502 - 221+674</name>
      <description><![CDATA[Lat:  17.3497<br>Long: 104.6275]]></description>
      <styleUrl>#icon-1899-0288D1</styleUrl>
      <ExtendedData>
        <Data name="Lat">
          <value> 17.3497</value>
        </Data>
        <Data name="Long">
          <value>104.6275</value>
        </Data>
      </ExtendedData>
      <Point>
        <coordinates>
          104.6275,17.3497,0
        </coordinates>
      </Point>
    </Placemark>
    <Placemark>
      <name>LT187 - SG - 22 - 0502 - 221+709</name>
      <description><![CDATA[Lat:  17.3498<br>Long: 104.6279]]></description>
      <styleUrl>#icon-1899-0288D1</styleUrl>
      <ExtendedData>
        <Data name="Lat">
          <value> 17.3498</value>
        </Data>
        <Data name="Long">
          <value>104.6279</value>
        </Data>
      </ExtendedData>
      <Point>
        <coordinates>
          104.6279,17.3498,0
        </coordinates>
      </Point>
    </Placemark>
    <Placemark>
      <name>LT188 - SG - 22 - 0502 - 221+744</name>
      <description><![CDATA[Lat:  17.3499<br>Long: 104.6283]]></description>
      <styleUrl>#icon-1899-0288D1</styleUrl>
      <ExtendedData>
        <Data name="Lat">
          <value> 17.3499</value>
        </Data>
        <Data name="Long">
          <value>104.6283</value>
        </Data>
      </ExtendedData>
      <Point>
        <coordinates>
          104.6283,17.3499,0
        </coordinates>
      </Point>
    </Placemark>
    <Placemark>
      <name>LT189 - SG - 22 - 0502 - 221+779</name>
      <description><![CDATA[Lat:  17.3500<br>Long: 104.6287]]></description>
      <styleUrl>#icon-1899-0288D1</styleUrl>
      <ExtendedData>
        <Data name="Lat">
          <value> 17.3500</value>
        </Data>
        <Data name="Long">
          <value>104.6287</value>
        </Data>
      </ExtendedData>
      <Point>
        <coordinates>
          104.6287,17.35,0
        </coordinates>
      </Point>
    </Placemark>
    <Placemark>
      <name>LT190 - SG - 22 - 0502 - 221+814</name>
      <description><![CDATA[Lat:  17.3501<br>Long: 104.6291]]></description>
      <styleUrl>#icon-1899-0288D1</styleUrl>
      <ExtendedData>
        <Data name="Lat">
          <value> 17.3501</value>
        </Data>
        <Data name="Long">
          <value>104.6291</value>
        </Data>
      </ExtendedData>
      <Point>
        <coordinates>
          104.6291,17.3501,0
        </coordinates>
      </Point>
    </Placemark>
    <Placemark>
      <name>LT191 - SG - 22 - 0502 - 221+849</name>
      <description><![CDATA[Lat:  17.3502<br>Long: 104.6295]]></description>
      <styleUrl>#icon-1899-0288D1</styleUrl>
      <ExtendedData>
        <Data name="Lat">
          <value> 17.3502</value>
        </Data>
        <Data name="Long">
          <value>104.6295</value>
        </Data>
      </ExtendedData>
      <Point>
        <coordinates>
          104.6295,17.3502,0
        </coordinates>
      </Point>
    </Placemark>
    <Placemark>
      <name>RT175 - SG - 22 - 0502 - 221+289</name>
      <description><![CDATA[Lat:  17.3485<br>Long: 104.6233]]></description>
      <styleUrl>#icon-1899-0288D1</styleUrl>
      <ExtendedData>
        <Data name="Lat">
          <value> 17.3485</value>
        </Data>
        <Data name="Long">
          <value>104.6233</value>
        </Data>
      </ExtendedData>
      <Point>
        <coordinates>
          104.6233,17.3485,0
        </coordinates>
      </Point>
    </Placemark>
    <Placemark>
      <name>RT176 - SG - 22 - 0502 - 221+324</name>
      <description><![CDATA[Lat: 17.3486<br>Long: 104.6237]]></description>
      <styleUrl>#icon-1899-0288D1</styleUrl>
      <ExtendedData>
        <Data name="Lat">
          <value>17.3486</value>
        </Data>
        <Data name="Long">
          <value>104.6237</value>
        </Data>
      </ExtendedData>
      <Point>
        <coordinates>
          104.6237,17.3486,0
        </coordinates>
      </Point>
    </Placemark>
    <Placemark>
      <name>RT177 - SG - 22 - 0502 - 221+359</name>
      <description><![CDATA[Lat:  17.3487<br>Long: 104.6241]]></description>
      <styleUrl>#icon-1899-0288D1</styleUrl>
      <ExtendedData>
        <Data name="Lat">
          <value> 17.3487</value>
        </Data>
        <Data name="Long">
          <value>104.6241</value>
        </Data>
      </ExtendedData>
      <Point>
        <coordinates>
          104.6241,17.3487,0
        </coordinates>
      </Point>
    </Placemark>
    <Placemark>
      <name>RT178 - SG - 22 - 0502 - 221+394</name>
      <description><![CDATA[Lat:  17.3488<br>Long: 104.6245]]></description>
      <styleUrl>#icon-1899-0288D1</styleUrl>
      <ExtendedData>
        <Data name="Lat">
          <value> 17.3488</value>
        </Data>
        <Data name="Long">
          <value>104.6245</value>
        </Data>
      </ExtendedData>
      <Point>
        <coordinates>
          104.6245,17.3488,0
        </coordinates>
      </Point>
    </Placemark>
    <Placemark>
      <name>RT179 - SG - 22 - 0502 - 221+429</name>
      <description><![CDATA[Lat:  17.3489<br>Long: 104.6249]]></description>
      <styleUrl>#icon-1899-0288D1</styleUrl>
      <ExtendedData>
        <Data name="Lat">
          <value> 17.3489</value>
        </Data>
        <Data name="Long">
          <value>104.6249</value>
        </Data>
      </ExtendedData>
      <Point>
        <coordinates>
          104.6249,17.3489,0
        </coordinates>
      </Point>
    </Placemark>
    <Placemark>
      <name>RT180 - SG - 22 - 0502 - 221+464</name>
      <description><![CDATA[Lat:  17.3490<br>Long: 104.6253]]></description>
      <styleUrl>#icon-1899-0288D1</styleUrl>
      <ExtendedData>
        <Data name="Lat">
          <value> 17.3490</value>
        </Data>
        <Data name="Long">
          <value>104.6253</value>
        </Data>
      </ExtendedData>
      <Point>
        <coordinates>
          104.6253,17.349,0
        </coordinates>
      </Point>
    </Placemark>
    <Placemark>
      <name>RT181 - SG - 22 - 0502 - 221+499</name>
      <description><![CDATA[Lat:  17.3491<br>Long: 104.6257]]></description>
      <styleUrl>#icon-1899-0288D1</styleUrl>
      <ExtendedData>
        <Data name="Lat">
          <value> 17.3491</value>
        </Data>
        <Data name="Long">
          <value>104.6257</value>
        </Data>
      </ExtendedData>
      <Point>
        <coordinates>
          104.6257,17.3491,0
        </coordinates>
      </Point>
    </Placemark>
    <Placemark>
      <name>RT182 - SG - 22 - 0502 - 221+534</name>
      <description><![CDATA[Lat:  17.3491<br>Long: 104.6261]]></description>
      <styleUrl>#icon-1899-0288D1</styleUrl>
      <ExtendedData>
        <Data name="Lat">
          <value> 17.3491</value>
        </Data>
        <Data name="Long">
          <value>104.6261</value>
        </Data>
      </ExtendedData>
      <Point>
        <coordinates>
          104.6261,17.3491,0
        </coordinates>
      </Point>
    </Placemark>
    <Placemark>
      <name>RT183 - SG - 22 - 0502 - 221+569</name>
      <description><![CDATA[Lat:  17.3492<br>Long: 104.6265]]></description>
      <styleUrl>#icon-1899-0288D1</styleUrl>
      <ExtendedData>
        <Data name="Lat">
          <value> 17.3492</value>
        </Data>
        <Data name="Long">
          <value>104.6265</value>
        </Data>
      </ExtendedData>
      <Point>
        <coordinates>
          104.6265,17.3492,0
        </coordinates>
      </Point>
    </Placemark>
    <Placemark>
      <name>RT184 - SG - 22 - 0502 - 221+604</name>
      <description><![CDATA[Lat:  17.3493<br>Long: 104.6268]]></description>
      <styleUrl>#icon-1899-0288D1</styleUrl>
      <ExtendedData>
        <Data name="Lat">
          <value> 17.3493</value>
        </Data>
        <Data name="Long">
          <value>104.6268</value>
        </Data>
      </ExtendedData>
      <Point>
        <coordinates>
          104.6268,17.3493,0
        </coordinates>
      </Point>
    </Placemark>
    <Placemark>
      <name>RT185 - SG - 22 - 0502 - 221+639</name>
      <description><![CDATA[Lat:  17.3494<br>Long: 104.6273]]></description>
      <styleUrl>#icon-1899-0288D1</styleUrl>
      <ExtendedData>
        <Data name="Lat">
          <value> 17.3494</value>
        </Data>
        <Data name="Long">
          <value>104.6273</value>
        </Data>
      </ExtendedData>
      <Point>
        <coordinates>
          104.6273,17.3494,0
        </coordinates>
      </Point>
    </Placemark>
    <Placemark>
      <name>RT186 - SG - 22 - 0502 - 221+674</name>
      <description><![CDATA[Lat:  17.3495<br>Long: 104.6276]]></description>
      <styleUrl>#icon-1899-0288D1</styleUrl>
      <ExtendedData>
        <Data name="Lat">
          <value> 17.3495</value>
        </Data>
        <Data name="Long">
          <value>104.6276</value>
        </Data>
      </ExtendedData>
      <Point>
        <coordinates>
          104.6276,17.3495,0
        </coordinates>
      </Point>
    </Placemark>
    <Placemark>
      <name>RT187 - SG - 22 - 0502 - 221+709</name>
      <description><![CDATA[Lat:  17.3496<br>Long: 104.6280]]></description>
      <styleUrl>#icon-1899-0288D1</styleUrl>
      <ExtendedData>
        <Data name="Lat">
          <value> 17.3496</value>
        </Data>
        <Data name="Long">
          <value>104.6280</value>
        </Data>
      </ExtendedData>
      <Point>
        <coordinates>
          104.628,17.3496,0
        </coordinates>
      </Point>
    </Placemark>
    <Placemark>
      <name>RT188 - SG - 22 - 0502 - 221+744</name>
      <description><![CDATA[Lat:  17.3496<br>Long: 104.6284]]></description>
      <styleUrl>#icon-1899-0288D1</styleUrl>
      <ExtendedData>
        <Data name="Lat">
          <value> 17.3496</value>
        </Data>
        <Data name="Long">
          <value>104.6284</value>
        </Data>
      </ExtendedData>
      <Point>
        <coordinates>
          104.6284,17.3496,0
        </coordinates>
      </Point>
    </Placemark>
    <Placemark>
      <name>RT189 - SG - 22 - 0502 - 221+779</name>
      <description><![CDATA[Lat:  17.3497<br>Long: 104.6288]]></description>
      <styleUrl>#icon-1899-0288D1</styleUrl>
      <ExtendedData>
        <Data name="Lat">
          <value> 17.3497</value>
        </Data>
        <Data name="Long">
          <value>104.6288</value>
        </Data>
      </ExtendedData>
      <Point>
        <coordinates>
          104.6288,17.3497,0
        </coordinates>
      </Point>
    </Placemark>
    <Placemark>
      <name>RT190 - SG - 22 - 0502 - 221+814</name>
      <description><![CDATA[Lat:  17.3498<br>Long: 104.6292]]></description>
      <styleUrl>#icon-1899-0288D1</styleUrl>
      <ExtendedData>
        <Data name="Lat">
          <value> 17.3498</value>
        </Data>
        <Data name="Long">
          <value>104.6292</value>
        </Data>
      </ExtendedData>
      <Point>
        <coordinates>
          104.6292,17.3498,0
        </coordinates>
      </Point>
    </Placemark>
    <Placemark>
      <name>RT191 - SG - 22 - 0502 - 221+849</name>
      <description><![CDATA[Lat: 17.3499<br>Long: 104.6297]]></description>
      <styleUrl>#icon-1899-0288D1</styleUrl>
      <ExtendedData>
        <Data name="Lat">
          <value>17.3499</value>
        </Data>
        <Data name="Long">
          <value>104.6297</value>
        </Data>
      </ExtendedData>
      <Point>
        <coordinates>
          104.6297,17.3499,0
        </coordinates>
      </Point>
    </Placemark>
    <Placemark>
      <name>RT192 - SG - 22 - 0502 - 221+884</name>
      <description><![CDATA[Lat:  17.3500<br>Long: 104.6300]]></description>
      <styleUrl>#icon-1899-0288D1</styleUrl>
      <ExtendedData>
        <Data name="Lat">
          <value> 17.3500</value>
        </Data>
        <Data name="Long">
          <value>104.6300</value>
        </Data>
      </ExtendedData>
      <Point>
        <coordinates>
          104.63,17.35,0
        </coordinates>
      </Point>
    </Placemark>
    <Placemark>
      <name>RT193 - SG - 22 - 0502 - 221+919</name>
      <description><![CDATA[Lat:  17.3502<br>Long: 104.6304]]></description>
      <styleUrl>#icon-1899-0288D1</styleUrl>
      <ExtendedData>
        <Data name="Lat">
          <value> 17.3502</value>
        </Data>
        <Data name="Long">
          <value>104.6304</value>
        </Data>
      </ExtendedData>
      <Point>
        <coordinates>
          104.6304,17.3502,0
        </coordinates>
      </Point>
    </Placemark>
    <Placemark>
      <name>RT194 - SG - 22 - 0502 - 221+954</name>
      <description><![CDATA[Lat:  17.3505<br>Long: 104.6308]]></description>
      <styleUrl>#icon-1899-0288D1</styleUrl>
      <ExtendedData>
        <Data name="Lat">
          <value> 17.3505</value>
        </Data>
        <Data name="Long">
          <value>104.6308</value>
        </Data>
      </ExtendedData>
      <Point>
        <coordinates>
          104.6308,17.3505,0
        </coordinates>
      </Point>
    </Placemark>
    <Placemark>
      <name>RT195 - SG - 22 - 0502 - 221+989</name>
      <description><![CDATA[Lat: 17.3507<br>Long: 104.6311]]></description>
      <styleUrl>#icon-1899-0288D1</styleUrl>
      <ExtendedData>
        <Data name="Lat">
          <value>17.3507</value>
        </Data>
        <Data name="Long">
          <value>104.6311</value>
        </Data>
      </ExtendedData>
      <Point>
        <coordinates>
          104.6311,17.3507,0
        </coordinates>
      </Point>
    </Placemark>
    <Placemark>
      <name>RT196 - SG - 22 - 0502 - 222+024</name>
      <description><![CDATA[Lat:  17.3511<br>Long: 104.6316]]></description>
      <styleUrl>#icon-1899-0288D1</styleUrl>
      <ExtendedData>
        <Data name="Lat">
          <value> 17.3511</value>
        </Data>
        <Data name="Long">
          <value>104.6316</value>
        </Data>
      </ExtendedData>
      <Point>
        <coordinates>
          104.6316,17.3511,0
        </coordinates>
      </Point>
    </Placemark>
    <Placemark>
      <name>RT197 - SG - 22 - 0502 - 222+059</name>
      <description><![CDATA[Lat:  17.3512<br>Long: 104.6318]]></description>
      <styleUrl>#icon-1899-0288D1</styleUrl>
      <ExtendedData>
        <Data name="Lat">
          <value> 17.3512</value>
        </Data>
        <Data name="Long">
          <value>104.6318</value>
        </Data>
      </ExtendedData>
      <Point>
        <coordinates>
          104.6318,17.3512,0
        </coordinates>
      </Point>
    </Placemark>
    <Placemark>
      <name>RT198 - SG - 22 - 0502 - 222+094</name>
      <description><![CDATA[Lat:  17.3515<br>Long: 104.6321]]></description>
      <styleUrl>#icon-1899-0288D1</styleUrl>
      <ExtendedData>
        <Data name="Lat">
          <value> 17.3515</value>
        </Data>
        <Data name="Long">
          <value>104.6321</value>
        </Data>
      </ExtendedData>
      <Point>
        <coordinates>
          104.6321,17.3515,0
        </coordinates>
      </Point>
    </Placemark>
    <Placemark>
      <name>RT199 - SG - 22 - 0502 - 222+129</name>
      <description><![CDATA[Lat:  17.3516<br>Long: 104.6323]]></description>
      <styleUrl>#icon-1899-0288D1</styleUrl>
      <ExtendedData>
        <Data name="Lat">
          <value> 17.3516</value>
        </Data>
        <Data name="Long">
          <value>104.6323</value>
        </Data>
      </ExtendedData>
      <Point>
        <coordinates>
          104.6323,17.3516,0
        </coordinates>
      </Point>
    </Placemark>
    <Placemark>
      <name>RT200 - SG - 22 - 0502 - 222+164</name>
      <description><![CDATA[Lat:  17.3518<br>Long: 104.6325]]></description>
      <styleUrl>#icon-1899-0288D1</styleUrl>
      <ExtendedData>
        <Data name="Lat">
          <value> 17.3518</value>
        </Data>
        <Data name="Long">
          <value>104.6325</value>
        </Data>
      </ExtendedData>
      <Point>
        <coordinates>
          104.6325,17.3518,0
        </coordinates>
      </Point>
    </Placemark>
    <Placemark>
      <name>RT201 - SG - 22 - 0502 - 222+199</name>
      <description><![CDATA[Lat:  17.3519<br>Long: 104.6327]]></description>
      <styleUrl>#icon-1899-0288D1</styleUrl>
      <ExtendedData>
        <Data name="Lat">
          <value> 17.3519</value>
        </Data>
        <Data name="Long">
          <value>104.6327</value>
        </Data>
      </ExtendedData>
      <Point>
        <coordinates>
          104.6327,17.3519,0
        </coordinates>
      </Point>
    </Placemark>
    <Placemark>
      <name>RT202 - SG - 22 - 0502 - 222+234</name>
      <description><![CDATA[Lat:  17.3521<br>Long: 104.6329]]></description>
      <styleUrl>#icon-1899-0288D1</styleUrl>
      <ExtendedData>
        <Data name="Lat">
          <value> 17.3521</value>
        </Data>
        <Data name="Long">
          <value>104.6329</value>
        </Data>
      </ExtendedData>
      <Point>
        <coordinates>
          104.6329,17.3521,0
        </coordinates>
      </Point>
    </Placemark>
    <Placemark>
      <name>RT203 - SG - 22 - 0502 - 222+269</name>
      <description><![CDATA[Lat:  17.3523<br>Long: 104.6332]]></description>
      <styleUrl>#icon-1899-0288D1</styleUrl>
      <ExtendedData>
        <Data name="Lat">
          <value> 17.3523</value>
        </Data>
        <Data name="Long">
          <value>104.6332</value>
        </Data>
      </ExtendedData>
      <Point>
        <coordinates>
          104.6332,17.3523,0
        </coordinates>
      </Point>
    </Placemark>
    <Placemark>
      <name>RT203 - SG - 22 - 0502 - 222+304</name>
      <description><![CDATA[Lat:  17.3525<br>Long: 104.6334]]></description>
      <styleUrl>#icon-1899-0288D1</styleUrl>
      <ExtendedData>
        <Data name="Lat">
          <value> 17.3525</value>
        </Data>
        <Data name="Long">
          <value>104.6334</value>
        </Data>
      </ExtendedData>
      <Point>
        <coordinates>
          104.6334,17.3525,0
        </coordinates>
      </Point>
    </Placemark>
    <Placemark>
      <name>RT204 - SG - 22 - 0502 - 222+339</name>
      <description><![CDATA[Lat:  17.3526<br>Long: 104.6337]]></description>
      <styleUrl>#icon-1899-0288D1</styleUrl>
      <ExtendedData>
        <Data name="Lat">
          <value> 17.3526</value>
        </Data>
        <Data name="Long">
          <value>104.6337</value>
        </Data>
      </ExtendedData>
      <Point>
        <coordinates>
          104.6337,17.3526,0
        </coordinates>
      </Point>
    </Placemark>
    <Placemark>
      <name>RT205 - SG - 22 - 0502 - 222+374</name>
      <description><![CDATA[Lat:  17.3528<br>Long: 104.6338]]></description>
      <styleUrl>#icon-1899-0288D1</styleUrl>
      <ExtendedData>
        <Data name="Lat">
          <value> 17.3528</value>
        </Data>
        <Data name="Long">
          <value>104.6338</value>
        </Data>
      </ExtendedData>
      <Point>
        <coordinates>
          104.6338,17.3528,0
        </coordinates>
      </Point>
    </Placemark>
    <Placemark>
      <name>RT206 - SG - 22 - 0502 - 222+409</name>
      <description><![CDATA[Lat:  17.3530<br>Long: 104.6341]]></description>
      <styleUrl>#icon-1899-0288D1</styleUrl>
      <ExtendedData>
        <Data name="Lat">
          <value> 17.3530</value>
        </Data>
        <Data name="Long">
          <value>104.6341</value>
        </Data>
      </ExtendedData>
      <Point>
        <coordinates>
          104.6341,17.353,0
        </coordinates>
      </Point>
    </Placemark>
    <Placemark>
      <name>MD37 - DB - 22 - 0502 - 222+438</name>
      <description><![CDATA[Lat:  17.3532<br>Long: 104.6342]]></description>
      <styleUrl>#icon-1899-0288D1</styleUrl>
      <ExtendedData>
        <Data name="Lat">
          <value> 17.3532</value>
        </Data>
        <Data name="Long">
          <value>104.6342</value>
        </Data>
      </ExtendedData>
      <Point>
        <coordinates>
          104.6342,17.3532,0
        </coordinates>
      </Point>
    </Placemark>
    <Placemark>
      <name>MD38 - DB - 22 - 0502 - 222+473</name>
      <description><![CDATA[Lat:  17.3534<br>Long: 104.6345]]></description>
      <styleUrl>#icon-1899-0288D1</styleUrl>
      <ExtendedData>
        <Data name="Lat">
          <value> 17.3534</value>
        </Data>
        <Data name="Long">
          <value>104.6345</value>
        </Data>
      </ExtendedData>
      <Point>
        <coordinates>
          104.6345,17.3534,0
        </coordinates>
      </Point>
    </Placemark>
    <Placemark>
      <name>MD39 - DB - 22 - 0502 - 222+508</name>
      <description><![CDATA[Lat:  17.3536<br>Long: 104.6347]]></description>
      <styleUrl>#icon-1899-0288D1</styleUrl>
      <ExtendedData>
        <Data name="Lat">
          <value> 17.3536</value>
        </Data>
        <Data name="Long">
          <value>104.6347</value>
        </Data>
      </ExtendedData>
      <Point>
        <coordinates>
          104.6347,17.3536,0
        </coordinates>
      </Point>
    </Placemark>
    <Placemark>
      <name>MD40 - DB - 22 - 0502 - 222+543</name>
      <description><![CDATA[Lat:  17.3538<br>Long: 104.6351]]></description>
      <styleUrl>#icon-1899-0288D1</styleUrl>
      <ExtendedData>
        <Data name="Lat">
          <value> 17.3538</value>
        </Data>
        <Data name="Long">
          <value>104.6351</value>
        </Data>
      </ExtendedData>
      <Point>
        <coordinates>
          104.6351,17.3538,0
        </coordinates>
      </Point>
    </Placemark>
    <Placemark>
      <name>MD41 - DB - 22 - 0502 - 222+578</name>
      <description><![CDATA[Lat:  17.3540<br>Long: 104.6353]]></description>
      <styleUrl>#icon-1899-0288D1</styleUrl>
      <ExtendedData>
        <Data name="Lat">
          <value> 17.3540</value>
        </Data>
        <Data name="Long">
          <value>104.6353</value>
        </Data>
      </ExtendedData>
      <Point>
        <coordinates>
          104.6353,17.354,0
        </coordinates>
      </Point>
    </Placemark>
    <Placemark>
      <name>MD42 - DB - 22 - 0502 - 222+613</name>
      <description><![CDATA[Lat:  17.3542<br>Long: 104.6355]]></description>
      <styleUrl>#icon-1899-0288D1</styleUrl>
      <ExtendedData>
        <Data name="Lat">
          <value> 17.3542</value>
        </Data>
        <Data name="Long">
          <value>104.6355</value>
        </Data>
      </ExtendedData>
      <Point>
        <coordinates>
          104.6355,17.3542,0
        </coordinates>
      </Point>
    </Placemark>
    <Placemark>
      <name>MD43 - DB - 22 - 0502 - 222+648</name>
      <description><![CDATA[Lat:  17.3544<br>Long: 104.6358]]></description>
      <styleUrl>#icon-1899-0288D1</styleUrl>
      <ExtendedData>
        <Data name="Lat">
          <value> 17.3544</value>
        </Data>
        <Data name="Long">
          <value>104.6358</value>
        </Data>
      </ExtendedData>
      <Point>
        <coordinates>
          104.6358,17.3544,0
        </coordinates>
      </Point>
    </Placemark>
    <Placemark>
      <name>MD44 - DB - 22 - 0502 - 222+683</name>
      <description><![CDATA[Lat: 17.3546<br>Long: 104.6361]]></description>
      <styleUrl>#icon-1899-0288D1</styleUrl>
      <ExtendedData>
        <Data name="Lat">
          <value>17.3546</value>
        </Data>
        <Data name="Long">
          <value>104.6361</value>
        </Data>
      </ExtendedData>
      <Point>
        <coordinates>
          104.6361,17.3546,0
        </coordinates>
      </Point>
    </Placemark>
    <Placemark>
      <name>MD45 - DB - 22 - 0502 - 222+718</name>
      <description><![CDATA[Lat:  17.3548<br>Long: 104.6363]]></description>
      <styleUrl>#icon-1899-0288D1</styleUrl>
      <ExtendedData>
        <Data name="Lat">
          <value> 17.3548</value>
        </Data>
        <Data name="Long">
          <value>104.6363</value>
        </Data>
      </ExtendedData>
      <Point>
        <coordinates>
          104.6363,17.3548,0
        </coordinates>
      </Point>
    </Placemark>
    <Placemark>
      <name>MD46 - DB - 22 - 0502 - 222+753</name>
      <description><![CDATA[Lat:  17.3550<br>Long: 104.6366]]></description>
      <styleUrl>#icon-1899-0288D1</styleUrl>
      <ExtendedData>
        <Data name="Lat">
          <value> 17.3550</value>
        </Data>
        <Data name="Long">
          <value>104.6366</value>
        </Data>
      </ExtendedData>
      <Point>
        <coordinates>
          104.6366,17.355,0
        </coordinates>
      </Point>
    </Placemark>
    <Placemark>
      <name>LT192 - SG - 22 - 0502 - 221+884</name>
      <description><![CDATA[Lat:  17.3503<br>Long: 104.6299]]></description>
      <styleUrl>#icon-1899-0288D1</styleUrl>
      <ExtendedData>
        <Data name="Lat">
          <value> 17.3503</value>
        </Data>
        <Data name="Long">
          <value>104.6299</value>
        </Data>
      </ExtendedData>
      <Point>
        <coordinates>
          104.6299,17.3503,0
        </coordinates>
      </Point>
    </Placemark>
    <Placemark>
      <name>LT193 - SG - 22 - 0502 - 221+919</name>
      <description><![CDATA[Lat:  17.3505<br>Long: 104.6303]]></description>
      <styleUrl>#icon-1899-0288D1</styleUrl>
      <ExtendedData>
        <Data name="Lat">
          <value> 17.3505</value>
        </Data>
        <Data name="Long">
          <value>104.6303</value>
        </Data>
      </ExtendedData>
      <Point>
        <coordinates>
          104.6303,17.3505,0
        </coordinates>
      </Point>
    </Placemark>
    <Placemark>
      <name>LT194 - SG - 22 - 0502 - 221+954</name>
      <description><![CDATA[Lat:  17.3506<br>Long: 104.6306]]></description>
      <styleUrl>#icon-1899-0288D1</styleUrl>
      <ExtendedData>
        <Data name="Lat">
          <value> 17.3506</value>
        </Data>
        <Data name="Long">
          <value>104.6306</value>
        </Data>
      </ExtendedData>
      <Point>
        <coordinates>
          104.6306,17.3506,0
        </coordinates>
      </Point>
    </Placemark>
    <Placemark>
      <name>LT194 - SG - 22 - 0502 - 221+989</name>
      <description><![CDATA[Lat: 17.3509<br>Long: 104.6310]]></description>
      <styleUrl>#icon-1899-0288D1</styleUrl>
      <ExtendedData>
        <Data name="Lat">
          <value>17.3509</value>
        </Data>
        <Data name="Long">
          <value>104.6310</value>
        </Data>
      </ExtendedData>
      <Point>
        <coordinates>
          104.631,17.3509,0
        </coordinates>
      </Point>
    </Placemark>
    <Placemark>
      <name>LT195 - SG - 22 - 0502 - 222+024</name>
      <description><![CDATA[Lat:  17.3516<br>Long: 104.6319]]></description>
      <styleUrl>#icon-1899-0288D1</styleUrl>
      <ExtendedData>
        <Data name="Lat">
          <value> 17.3516</value>
        </Data>
        <Data name="Long">
          <value>104.6319</value>
        </Data>
      </ExtendedData>
      <Point>
        <coordinates>
          104.6319,17.3516,0
        </coordinates>
      </Point>
    </Placemark>
    <Placemark>
      <name>LT196 - SG - 22 - 0502 - 222+059</name>
      <description><![CDATA[Lat: 17.3518<br>Long: 104.6322]]></description>
      <styleUrl>#icon-1899-0288D1</styleUrl>
      <ExtendedData>
        <Data name="Lat">
          <value>17.3518</value>
        </Data>
        <Data name="Long">
          <value>104.6322</value>
        </Data>
      </ExtendedData>
      <Point>
        <coordinates>
          104.6322,17.3518,0
        </coordinates>
      </Point>
    </Placemark>
    <Placemark>
      <name>LT197 - SG - 22 - 0502 - 222+094</name>
      <description><![CDATA[Lat:  17.3521<br>Long: 104.6326]]></description>
      <styleUrl>#icon-1899-0288D1</styleUrl>
      <ExtendedData>
        <Data name="Lat">
          <value> 17.3521</value>
        </Data>
        <Data name="Long">
          <value>104.6326</value>
        </Data>
      </ExtendedData>
      <Point>
        <coordinates>
          104.6326,17.3521,0
        </coordinates>
      </Point>
    </Placemark>
    <Placemark>
      <name>LT198 - SG - 22 - 0502 - 222+129</name>
      <description><![CDATA[Lat:  17.3523<br>Long: 104.6328]]></description>
      <styleUrl>#icon-1899-0288D1</styleUrl>
      <ExtendedData>
        <Data name="Lat">
          <value> 17.3523</value>
        </Data>
        <Data name="Long">
          <value>104.6328</value>
        </Data>
      </ExtendedData>
      <Point>
        <coordinates>
          104.6328,17.3523,0
        </coordinates>
      </Point>
    </Placemark>
    <Placemark>
      <name>LT199 - SG - 22 - 0502 - 222+164</name>
      <description><![CDATA[Lat:  17.3525<br>Long: 104.6331]]></description>
      <styleUrl>#icon-1899-0288D1</styleUrl>
      <ExtendedData>
        <Data name="Lat">
          <value> 17.3525</value>
        </Data>
        <Data name="Long">
          <value>104.6331</value>
        </Data>
      </ExtendedData>
      <Point>
        <coordinates>
          104.6331,17.3525,0
        </coordinates>
      </Point>
    </Placemark>
    <Placemark>
      <name>LT200 - SG - 22 - 0502 - 222+199</name>
      <description><![CDATA[Lat:  17.3528<br>Long: 104.6335]]></description>
      <styleUrl>#icon-1899-0288D1</styleUrl>
      <ExtendedData>
        <Data name="Lat">
          <value> 17.3528</value>
        </Data>
        <Data name="Long">
          <value>104.6335</value>
        </Data>
      </ExtendedData>
      <Point>
        <coordinates>
          104.6335,17.3528,0
        </coordinates>
      </Point>
    </Placemark>
    <Placemark>
      <name>LT201 - SG - 22 - 0502 - 222+234</name>
      <description><![CDATA[Lat:  17.3530<br>Long: 104.6338]]></description>
      <styleUrl>#icon-1899-0288D1</styleUrl>
      <ExtendedData>
        <Data name="Lat">
          <value> 17.3530</value>
        </Data>
        <Data name="Long">
          <value>104.6338</value>
        </Data>
      </ExtendedData>
      <Point>
        <coordinates>
          104.6338,17.353,0
        </coordinates>
      </Point>
    </Placemark>
    <Placemark>
      <name>LT202 - SG - 22 - 0502 - 222+269</name>
      <description><![CDATA[Lat: 17.3532<br>Long: 104.6341]]></description>
      <styleUrl>#icon-1899-0288D1</styleUrl>
      <ExtendedData>
        <Data name="Lat">
          <value>17.3532</value>
        </Data>
        <Data name="Long">
          <value>104.6341</value>
        </Data>
      </ExtendedData>
      <Point>
        <coordinates>
          104.6341,17.3532,0
        </coordinates>
      </Point>
    </Placemark>
    <Placemark>
      <name>LT203 - SG - 22 - 0502 - 222+304</name>
      <description><![CDATA[Lat: 17.3534<br>Long: 104.6343]]></description>
      <styleUrl>#icon-1899-0288D1</styleUrl>
      <ExtendedData>
        <Data name="Lat">
          <value>17.3534</value>
        </Data>
        <Data name="Long">
          <value>104.6343</value>
        </Data>
      </ExtendedData>
      <Point>
        <coordinates>
          104.6343,17.3534,0
        </coordinates>
      </Point>
    </Placemark>
    <Placemark>
      <name>LT204 - SG - 22 - 0502 - 222+339</name>
      <description><![CDATA[Lat:  17.3536<br>Long: 104.6345]]></description>
      <styleUrl>#icon-1899-0288D1</styleUrl>
      <ExtendedData>
        <Data name="Lat">
          <value> 17.3536</value>
        </Data>
        <Data name="Long">
          <value>104.6345</value>
        </Data>
      </ExtendedData>
      <Point>
        <coordinates>
          104.6345,17.3536,0
        </coordinates>
      </Point>
    </Placemark>
    <Placemark>
      <name>LT205 - SG - 22 - 0502 - 222+374</name>
      <description><![CDATA[Lat:  17.3538<br>Long: 104.6348]]></description>
      <styleUrl>#icon-1899-0288D1</styleUrl>
      <ExtendedData>
        <Data name="Lat">
          <value> 17.3538</value>
        </Data>
        <Data name="Long">
          <value>104.6348</value>
        </Data>
      </ExtendedData>
      <Point>
        <coordinates>
          104.6348,17.3538,0
        </coordinates>
      </Point>
    </Placemark>
    <Placemark>
      <name>LT206 - SG - 22 - 0502 - 222+409</name>
      <description><![CDATA[Lat:  17.3541<br>Long: 104.6351]]></description>
      <styleUrl>#icon-1899-0288D1</styleUrl>
      <ExtendedData>
        <Data name="Lat">
          <value> 17.3541</value>
        </Data>
        <Data name="Long">
          <value>104.6351</value>
        </Data>
      </ExtendedData>
      <Point>
        <coordinates>
          104.6351,17.3541,0
        </coordinates>
      </Point>
    </Placemark>
    <Placemark>
      <name>LT207 - SG - 22 - 0502 - 222+444</name>
      <description><![CDATA[Lat:  17.3542<br>Long: 104.6353]]></description>
      <styleUrl>#icon-1899-0288D1</styleUrl>
      <ExtendedData>
        <Data name="Lat">
          <value> 17.3542</value>
        </Data>
        <Data name="Long">
          <value>104.6353</value>
        </Data>
      </ExtendedData>
      <Point>
        <coordinates>
          104.6353,17.3542,0
        </coordinates>
      </Point>
    </Placemark>
    <Placemark>
      <name>LT208 - SG - 22 - 0502 - 222+479</name>
      <description><![CDATA[Lat: 17.3544<br>Long: 104.6356]]></description>
      <styleUrl>#icon-1899-0288D1</styleUrl>
      <ExtendedData>
        <Data name="Lat">
          <value>17.3544</value>
        </Data>
        <Data name="Long">
          <value>104.6356</value>
        </Data>
      </ExtendedData>
      <Point>
        <coordinates>
          104.6356,17.3544,0
        </coordinates>
      </Point>
    </Placemark>
    <Placemark>
      <name>LT209 - SG - 22 - 0502 - 222+514</name>
      <description><![CDATA[Lat:  17.3547<br>Long: 104.6358]]></description>
      <styleUrl>#icon-1899-0288D1</styleUrl>
      <ExtendedData>
        <Data name="Lat">
          <value> 17.3547</value>
        </Data>
        <Data name="Long">
          <value>104.6358</value>
        </Data>
      </ExtendedData>
      <Point>
        <coordinates>
          104.6358,17.3547,0
        </coordinates>
      </Point>
    </Placemark>
    <Placemark>
      <name>LT210 - SG - 22 - 0502 - 222+549</name>
      <description><![CDATA[Lat:  17.3548<br>Long: 104.6359]]></description>
      <styleUrl>#icon-1899-0288D1</styleUrl>
      <ExtendedData>
        <Data name="Lat">
          <value> 17.3548</value>
        </Data>
        <Data name="Long">
          <value>104.6359</value>
        </Data>
      </ExtendedData>
      <Point>
        <coordinates>
          104.6359,17.3548,0
        </coordinates>
      </Point>
    </Placemark>
    <Placemark>
      <name>MD47 - DB - 22 - 0502 - 222+788</name>
      <description><![CDATA[Lat:  17.3552<br>Long: 104.6369]]></description>
      <styleUrl>#icon-1899-0288D1</styleUrl>
      <ExtendedData>
        <Data name="Lat">
          <value> 17.3552</value>
        </Data>
        <Data name="Long">
          <value>104.6369</value>
        </Data>
      </ExtendedData>
      <Point>
        <coordinates>
          104.6369,17.3552,0
        </coordinates>
      </Point>
    </Placemark>
    <Placemark>
      <name>MD48 - DB - 22 - 0502 - 222+823</name>
      <description><![CDATA[Lat:  17.3554<br>Long: 104.6371]]></description>
      <styleUrl>#icon-1899-0288D1</styleUrl>
      <ExtendedData>
        <Data name="Lat">
          <value> 17.3554</value>
        </Data>
        <Data name="Long">
          <value>104.6371</value>
        </Data>
      </ExtendedData>
      <Point>
        <coordinates>
          104.6371,17.3554,0
        </coordinates>
      </Point>
    </Placemark>
    <Placemark>
      <name>MD49 - DB - 22 - 0502 - 222+858</name>
      <description><![CDATA[Lat: 17.3556<br>Long: 104.6374]]></description>
      <styleUrl>#icon-1899-0288D1</styleUrl>
      <ExtendedData>
        <Data name="Lat">
          <value>17.3556</value>
        </Data>
        <Data name="Long">
          <value>104.6374</value>
        </Data>
      </ExtendedData>
      <Point>
        <coordinates>
          104.6374,17.3556,0
        </coordinates>
      </Point>
    </Placemark>
    <Placemark>
      <name>MD50 - DB - 22 - 0502 - 222+893</name>
      <description><![CDATA[Lat:  17.3558<br>Long: 104.6376]]></description>
      <styleUrl>#icon-1899-0288D1</styleUrl>
      <ExtendedData>
        <Data name="Lat">
          <value> 17.3558</value>
        </Data>
        <Data name="Long">
          <value>104.6376</value>
        </Data>
      </ExtendedData>
      <Point>
        <coordinates>
          104.6376,17.3558,0
        </coordinates>
      </Point>
    </Placemark>
    <Placemark>
      <name>MD51 - DB - 22 - 0502 - 222+928</name>
      <description><![CDATA[Lat:  17.3560<br>Long: 104.6379]]></description>
      <styleUrl>#icon-1899-0288D1</styleUrl>
      <ExtendedData>
        <Data name="Lat">
          <value> 17.3560</value>
        </Data>
        <Data name="Long">
          <value>104.6379</value>
        </Data>
      </ExtendedData>
      <Point>
        <coordinates>
          104.6379,17.356,0
        </coordinates>
      </Point>
    </Placemark>
    <Placemark>
      <name>MD52 - DB - 22 - 0502 - 222+963</name>
      <description><![CDATA[Lat:  17.3562<br>Long: 104.6381]]></description>
      <styleUrl>#icon-1899-0288D1</styleUrl>
      <ExtendedData>
        <Data name="Lat">
          <value> 17.3562</value>
        </Data>
        <Data name="Long">
          <value>104.6381</value>
        </Data>
      </ExtendedData>
      <Point>
        <coordinates>
          104.6381,17.3562,0
        </coordinates>
      </Point>
    </Placemark>
    <Placemark>
      <name>MD53 - DB - 22 - 0502 - 222+998</name>
      <description><![CDATA[Lat:  17.3564<br>Long: 104.6384]]></description>
      <styleUrl>#icon-1899-0288D1</styleUrl>
      <ExtendedData>
        <Data name="Lat">
          <value> 17.3564</value>
        </Data>
        <Data name="Long">
          <value>104.6384</value>
        </Data>
      </ExtendedData>
      <Point>
        <coordinates>
          104.6384,17.3564,0
        </coordinates>
      </Point>
    </Placemark>
    <Placemark>
      <name>MD54 - DB - 22 - 0502 - 223+033</name>
      <description><![CDATA[Lat:  17.3566<br>Long: 104.6387]]></description>
      <styleUrl>#icon-1899-0288D1</styleUrl>
      <ExtendedData>
        <Data name="Lat">
          <value> 17.3566</value>
        </Data>
        <Data name="Long">
          <value>104.6387</value>
        </Data>
      </ExtendedData>
      <Point>
        <coordinates>
          104.6387,17.3566,0
        </coordinates>
      </Point>
    </Placemark>
    <Placemark>
      <name>MD55 - DB - 22 - 0502 - 223+068</name>
      <description><![CDATA[Lat:  17.3568<br>Long: 104.6389]]></description>
      <styleUrl>#icon-1899-0288D1</styleUrl>
      <ExtendedData>
        <Data name="Lat">
          <value> 17.3568</value>
        </Data>
        <Data name="Long">
          <value>104.6389</value>
        </Data>
      </ExtendedData>
      <Point>
        <coordinates>
          104.6389,17.3568,0
        </coordinates>
      </Point>
    </Placemark>
    <Placemark>
      <name>MD56 - DB - 22 - 0502 - 223+103</name>
      <description><![CDATA[Lat:  17.3569<br>Long: 104.6392]]></description>
      <styleUrl>#icon-1899-0288D1</styleUrl>
      <ExtendedData>
        <Data name="Lat">
          <value> 17.3569</value>
        </Data>
        <Data name="Long">
          <value>104.6392</value>
        </Data>
      </ExtendedData>
      <Point>
        <coordinates>
          104.6392,17.3569,0
        </coordinates>
      </Point>
    </Placemark>
    <Placemark>
      <name>MD57 - DB - 22 - 0502 - 223+138</name>
      <description><![CDATA[Lat:  17.3571<br>Long: 104.6394]]></description>
      <styleUrl>#icon-1899-0288D1</styleUrl>
      <ExtendedData>
        <Data name="Lat">
          <value> 17.3571</value>
        </Data>
        <Data name="Long">
          <value>104.6394</value>
        </Data>
      </ExtendedData>
      <Point>
        <coordinates>
          104.6394,17.3571,0
        </coordinates>
      </Point>
    </Placemark>
    <Placemark>
      <name>MD58 - DB - 22 - 0502 - 223+173</name>
      <description><![CDATA[Lat:  17.3573<br>Long: 104.6397]]></description>
      <styleUrl>#icon-1899-0288D1</styleUrl>
      <ExtendedData>
        <Data name="Lat">
          <value> 17.3573</value>
        </Data>
        <Data name="Long">
          <value>104.6397</value>
        </Data>
      </ExtendedData>
      <Point>
        <coordinates>
          104.6397,17.3573,0
        </coordinates>
      </Point>
    </Placemark>
    <Placemark>
      <name>MD59 - DB - 22 - 0502 - 223+208</name>
      <description><![CDATA[Lat:  17.3576<br>Long: 104.6400]]></description>
      <styleUrl>#icon-1899-0288D1</styleUrl>
      <ExtendedData>
        <Data name="Lat">
          <value> 17.3576</value>
        </Data>
        <Data name="Long">
          <value>104.6400</value>
        </Data>
      </ExtendedData>
      <Point>
        <coordinates>
          104.64,17.3576,0
        </coordinates>
      </Point>
    </Placemark>
    <Placemark>
      <name>LT211 - SG - 22 - 0502 - 222+860</name>
      <description><![CDATA[Lat:  17.3565<br>Long: 104.6382]]></description>
      <styleUrl>#icon-1899-0288D1</styleUrl>
      <ExtendedData>
        <Data name="Lat">
          <value> 17.3565</value>
        </Data>
        <Data name="Long">
          <value>104.6382</value>
        </Data>
      </ExtendedData>
      <Point>
        <coordinates>
          104.6382,17.3565,0
        </coordinates>
      </Point>
    </Placemark>
    <Placemark>
      <name>LT212 - SG - 22 - 0502 - 222+895</name>
      <description><![CDATA[Lat:  17.3565<br>Long: 104.6383]]></description>
      <styleUrl>#icon-1899-0288D1</styleUrl>
      <ExtendedData>
        <Data name="Lat">
          <value> 17.3565</value>
        </Data>
        <Data name="Long">
          <value>104.6383</value>
        </Data>
      </ExtendedData>
      <Point>
        <coordinates>
          104.6383,17.3565,0
        </coordinates>
      </Point>
    </Placemark>
    <Placemark>
      <name>LT213 - SG - 22 - 0502 - 222+930</name>
      <description><![CDATA[Lat:  17.3567<br>Long: 104.6386]]></description>
      <styleUrl>#icon-1899-0288D1</styleUrl>
      <ExtendedData>
        <Data name="Lat">
          <value> 17.3567</value>
        </Data>
        <Data name="Long">
          <value>104.6386</value>
        </Data>
      </ExtendedData>
      <Point>
        <coordinates>
          104.6386,17.3567,0
        </coordinates>
      </Point>
    </Placemark>
    <Placemark>
      <name>LT214 - SG - 22 - 0502 - 222+965</name>
      <description><![CDATA[Lat:  17.3569<br>Long: 104.6388]]></description>
      <styleUrl>#icon-1899-0288D1</styleUrl>
      <ExtendedData>
        <Data name="Lat">
          <value> 17.3569</value>
        </Data>
        <Data name="Long">
          <value>104.6388</value>
        </Data>
      </ExtendedData>
      <Point>
        <coordinates>
          104.6388,17.3569,0
        </coordinates>
      </Point>
    </Placemark>
    <Placemark>
      <name>LT215 - SG - 22 - 0502 - 223+000</name>
      <description><![CDATA[Lat:  17.3571<br>Long: 104.6391]]></description>
      <styleUrl>#icon-1899-0288D1</styleUrl>
      <ExtendedData>
        <Data name="Lat">
          <value> 17.3571</value>
        </Data>
        <Data name="Long">
          <value>104.6391</value>
        </Data>
      </ExtendedData>
      <Point>
        <coordinates>
          104.6391,17.3571,0
        </coordinates>
      </Point>
    </Placemark>
    <Placemark>
      <name>LT216 - SG - 22 - 0502 - 223+035</name>
      <description><![CDATA[Lat:  17.3573<br>Long: 104.6394]]></description>
      <styleUrl>#icon-1899-0288D1</styleUrl>
      <ExtendedData>
        <Data name="Lat">
          <value> 17.3573</value>
        </Data>
        <Data name="Long">
          <value>104.6394</value>
        </Data>
      </ExtendedData>
      <Point>
        <coordinates>
          104.6394,17.3573,0
        </coordinates>
      </Point>
    </Placemark>
    <Placemark>
      <name>LT217 - SG - 22 - 0502 - 223+070</name>
      <description><![CDATA[Lat:  17.3575<br>Long: 104.6397]]></description>
      <styleUrl>#icon-1899-0288D1</styleUrl>
      <ExtendedData>
        <Data name="Lat">
          <value> 17.3575</value>
        </Data>
        <Data name="Long">
          <value>104.6397</value>
        </Data>
      </ExtendedData>
      <Point>
        <coordinates>
          104.6397,17.3575,0
        </coordinates>
      </Point>
    </Placemark>
    <Placemark>
      <name>LT218 - SG - 22 - 0502 - 223+105</name>
      <description><![CDATA[Lat:  17.3577<br>Long: 104.6399]]></description>
      <styleUrl>#icon-1899-0288D1</styleUrl>
      <ExtendedData>
        <Data name="Lat">
          <value> 17.3577</value>
        </Data>
        <Data name="Long">
          <value>104.6399</value>
        </Data>
      </ExtendedData>
      <Point>
        <coordinates>
          104.6399,17.3577,0
        </coordinates>
      </Point>
    </Placemark>
    <Placemark>
      <name>RT207 - SG - 22 - 0502 - 223+208</name>
      <description><![CDATA[Lat:  17.3574<br>Long: 104.6400]]></description>
      <styleUrl>#icon-1899-0288D1</styleUrl>
      <ExtendedData>
        <Data name="Lat">
          <value> 17.3574</value>
        </Data>
        <Data name="Long">
          <value>104.6400</value>
        </Data>
      </ExtendedData>
      <Point>
        <coordinates>
          104.64,17.3574,0
        </coordinates>
      </Point>
    </Placemark>
    <Placemark>
      <name>RT208 - SG - 22 - 0502 - 223+243</name>
      <description><![CDATA[Lat:  17.3577<br>Long: 104.6403]]></description>
      <styleUrl>#icon-1899-0288D1</styleUrl>
      <ExtendedData>
        <Data name="Lat">
          <value> 17.3577</value>
        </Data>
        <Data name="Long">
          <value>104.6403</value>
        </Data>
      </ExtendedData>
      <Point>
        <coordinates>
          104.6403,17.3577,0
        </coordinates>
      </Point>
    </Placemark>
    <Placemark>
      <name>RT209 - SG - 22 - 0502 - 223+278</name>
      <description><![CDATA[Lat:  17.3579<br>Long: 104.6407]]></description>
      <styleUrl>#icon-1899-0288D1</styleUrl>
      <ExtendedData>
        <Data name="Lat">
          <value> 17.3579</value>
        </Data>
        <Data name="Long">
          <value>104.6407</value>
        </Data>
      </ExtendedData>
      <Point>
        <coordinates>
          104.6407,17.3579,0
        </coordinates>
      </Point>
    </Placemark>
    <Placemark>
      <name>RT210 - SG - 22 - 0502 - 223+313</name>
      <description><![CDATA[Lat:  17.3581<br>Long: 104.6410]]></description>
      <styleUrl>#icon-1899-0288D1</styleUrl>
      <ExtendedData>
        <Data name="Lat">
          <value> 17.3581</value>
        </Data>
        <Data name="Long">
          <value>104.6410</value>
        </Data>
      </ExtendedData>
      <Point>
        <coordinates>
          104.641,17.3581,0
        </coordinates>
      </Point>
    </Placemark>
    <Placemark>
      <name>RT211 - SG - 22 - 0502 - 223+348</name>
      <description><![CDATA[Lat:  17.3584<br>Long: 104.6413]]></description>
      <styleUrl>#icon-1899-0288D1</styleUrl>
      <ExtendedData>
        <Data name="Lat">
          <value> 17.3584</value>
        </Data>
        <Data name="Long">
          <value>104.6413</value>
        </Data>
      </ExtendedData>
      <Point>
        <coordinates>
          104.6413,17.3584,0
        </coordinates>
      </Point>
    </Placemark>
    <Placemark>
      <name>RT212 - SG - 22 - 0502 - 223+383</name>
      <description><![CDATA[Lat:  17.3586<br>Long: 104.6416]]></description>
      <styleUrl>#icon-1899-0288D1</styleUrl>
      <ExtendedData>
        <Data name="Lat">
          <value> 17.3586</value>
        </Data>
        <Data name="Long">
          <value>104.6416</value>
        </Data>
      </ExtendedData>
      <Point>
        <coordinates>
          104.6416,17.3586,0
        </coordinates>
      </Point>
    </Placemark>
    <Placemark>
      <name>RT213 - SG - 22 - 0502 - 223+418</name>
      <description><![CDATA[Lat:  17.3589<br>Long: 104.6419]]></description>
      <styleUrl>#icon-1899-0288D1</styleUrl>
      <ExtendedData>
        <Data name="Lat">
          <value> 17.3589</value>
        </Data>
        <Data name="Long">
          <value>104.6419</value>
        </Data>
      </ExtendedData>
      <Point>
        <coordinates>
          104.6419,17.3589,0
        </coordinates>
      </Point>
    </Placemark>
    <Placemark>
      <name>RT214 - SG - 22 - 0502 - 223+453</name>
      <description><![CDATA[Lat:  17.3591<br>Long: 104.6422]]></description>
      <styleUrl>#icon-1899-0288D1</styleUrl>
      <ExtendedData>
        <Data name="Lat">
          <value> 17.3591</value>
        </Data>
        <Data name="Long">
          <value>104.6422</value>
        </Data>
      </ExtendedData>
      <Point>
        <coordinates>
          104.6422,17.3591,0
        </coordinates>
      </Point>
    </Placemark>
    <Placemark>
      <name>RT215 - SG - 22 - 0502 - 223+488</name>
      <description><![CDATA[Lat:  17.3594<br>Long: 104.6425]]></description>
      <styleUrl>#icon-1899-0288D1</styleUrl>
      <ExtendedData>
        <Data name="Lat">
          <value> 17.3594</value>
        </Data>
        <Data name="Long">
          <value>104.6425</value>
        </Data>
      </ExtendedData>
      <Point>
        <coordinates>
          104.6425,17.3594,0
        </coordinates>
      </Point>
    </Placemark>
    <Placemark>
      <name>RT216 - SG - 22 - 0502 - 223+523</name>
      <description><![CDATA[Lat:  17.3596<br>Long: 104.6428]]></description>
      <styleUrl>#icon-1899-0288D1</styleUrl>
      <ExtendedData>
        <Data name="Lat">
          <value> 17.3596</value>
        </Data>
        <Data name="Long">
          <value>104.6428</value>
        </Data>
      </ExtendedData>
      <Point>
        <coordinates>
          104.6428,17.3596,0
        </coordinates>
      </Point>
    </Placemark>
    <Placemark>
      <name>RT217 - SG - 22 - 0502 - 223+558</name>
      <description><![CDATA[Lat:  17.3598<br>Long: 104.6432]]></description>
      <styleUrl>#icon-1899-0288D1</styleUrl>
      <ExtendedData>
        <Data name="Lat">
          <value> 17.3598</value>
        </Data>
        <Data name="Long">
          <value>104.6432</value>
        </Data>
      </ExtendedData>
      <Point>
        <coordinates>
          104.6432,17.3598,0
        </coordinates>
      </Point>
    </Placemark>
    <Placemark>
      <name>RT218 - SG - 22 - 0502 - 223+593</name>
      <description><![CDATA[Lat:  17.3601<br>Long: 104.6435]]></description>
      <styleUrl>#icon-1899-0288D1</styleUrl>
      <ExtendedData>
        <Data name="Lat">
          <value> 17.3601</value>
        </Data>
        <Data name="Long">
          <value>104.6435</value>
        </Data>
      </ExtendedData>
      <Point>
        <coordinates>
          104.6435,17.3601,0
        </coordinates>
      </Point>
    </Placemark>
    <Placemark>
      <name>RT219 - SG - 22 - 0502 - 223+628</name>
      <description><![CDATA[Lat:  17.3603<br>Long: 104.6438]]></description>
      <styleUrl>#icon-1899-0288D1</styleUrl>
      <ExtendedData>
        <Data name="Lat">
          <value> 17.3603</value>
        </Data>
        <Data name="Long">
          <value>104.6438</value>
        </Data>
      </ExtendedData>
      <Point>
        <coordinates>
          104.6438,17.3603,0
        </coordinates>
      </Point>
    </Placemark>
    <Placemark>
      <name>RT220 - SG - 22 - 0502 - 223+663</name>
      <description><![CDATA[Lat:  17.3605<br>Long: 104.6441]]></description>
      <styleUrl>#icon-1899-0288D1</styleUrl>
      <ExtendedData>
        <Data name="Lat">
          <value> 17.3605</value>
        </Data>
        <Data name="Long">
          <value>104.6441</value>
        </Data>
      </ExtendedData>
      <Point>
        <coordinates>
          104.6441,17.3605,0
        </coordinates>
      </Point>
    </Placemark>
    <Placemark>
      <name>RT221 - SG - 22 - 0502 - 223+698</name>
      <description><![CDATA[Lat:  17.3607<br>Long: 104.6444]]></description>
      <styleUrl>#icon-1899-0288D1</styleUrl>
      <ExtendedData>
        <Data name="Lat">
          <value> 17.3607</value>
        </Data>
        <Data name="Long">
          <value>104.6444</value>
        </Data>
      </ExtendedData>
      <Point>
        <coordinates>
          104.6444,17.3607,0
        </coordinates>
      </Point>
    </Placemark>
    <Placemark>
      <name>RT222 - SG - 22 - 0502 - 223+733</name>
      <description><![CDATA[Lat:  17.3609<br>Long: 104.6447]]></description>
      <styleUrl>#icon-1899-0288D1</styleUrl>
      <ExtendedData>
        <Data name="Lat">
          <value> 17.3609</value>
        </Data>
        <Data name="Long">
          <value>104.6447</value>
        </Data>
      </ExtendedData>
      <Point>
        <coordinates>
          104.6447,17.3609,0
        </coordinates>
      </Point>
    </Placemark>
    <Placemark>
      <name>RT223 - SG - 22 - 0502 - 223+768</name>
      <description><![CDATA[Lat:  17.3615<br>Long: 104.6454]]></description>
      <styleUrl>#icon-1899-0288D1</styleUrl>
      <ExtendedData>
        <Data name="Lat">
          <value> 17.3615</value>
        </Data>
        <Data name="Long">
          <value>104.6454</value>
        </Data>
      </ExtendedData>
      <Point>
        <coordinates>
          104.6454,17.3615,0
        </coordinates>
      </Point>
    </Placemark>
    <Placemark>
      <name>RT224 - SG - 22 - 0502 - 223+803</name>
      <description><![CDATA[Lat:  17.3622<br>Long: 104.6463]]></description>
      <styleUrl>#icon-1899-0288D1</styleUrl>
      <ExtendedData>
        <Data name="Lat">
          <value> 17.3622</value>
        </Data>
        <Data name="Long">
          <value>104.6463</value>
        </Data>
      </ExtendedData>
      <Point>
        <coordinates>
          104.6463,17.3622,0
        </coordinates>
      </Point>
    </Placemark>
    <Placemark>
      <name>RT225 - SG - 22 - 0502 - 223+838</name>
      <description><![CDATA[Lat:  17.3625<br>Long: 104.6467]]></description>
      <styleUrl>#icon-1899-0288D1</styleUrl>
      <ExtendedData>
        <Data name="Lat">
          <value> 17.3625</value>
        </Data>
        <Data name="Long">
          <value>104.6467</value>
        </Data>
      </ExtendedData>
      <Point>
        <coordinates>
          104.6467,17.3625,0
        </coordinates>
      </Point>
    </Placemark>
    <Placemark>
      <name>RT226 - SG - 22 - 0502 - 223+873</name>
      <description><![CDATA[Lat:  17.3627<br>Long: 104.6470]]></description>
      <styleUrl>#icon-1899-0288D1</styleUrl>
      <ExtendedData>
        <Data name="Lat">
          <value> 17.3627</value>
        </Data>
        <Data name="Long">
          <value>104.6470</value>
        </Data>
      </ExtendedData>
      <Point>
        <coordinates>
          104.647,17.3627,0
        </coordinates>
      </Point>
    </Placemark>
    <Placemark>
      <name>RT227 - SG - 22 - 0502 - 223+908</name>
      <description><![CDATA[Lat:  17.3630<br>Long: 104.6473]]></description>
      <styleUrl>#icon-1899-0288D1</styleUrl>
      <ExtendedData>
        <Data name="Lat">
          <value> 17.3630</value>
        </Data>
        <Data name="Long">
          <value>104.6473</value>
        </Data>
      </ExtendedData>
      <Point>
        <coordinates>
          104.6473,17.363,0
        </coordinates>
      </Point>
    </Placemark>
    <Placemark>
      <name>RT228 - SG - 22 - 0502 - 223+943</name>
      <description><![CDATA[Lat:  17.3632<br>Long: 104.6476]]></description>
      <styleUrl>#icon-1899-0288D1</styleUrl>
      <ExtendedData>
        <Data name="Lat">
          <value> 17.3632</value>
        </Data>
        <Data name="Long">
          <value>104.6476</value>
        </Data>
      </ExtendedData>
      <Point>
        <coordinates>
          104.6476,17.3632,0
        </coordinates>
      </Point>
    </Placemark>
    <Placemark>
      <name>RT229 - SG - 22 - 0502 - 223+978</name>
      <description><![CDATA[Lat:  17.3634<br>Long: 104.6479]]></description>
      <styleUrl>#icon-1899-0288D1</styleUrl>
      <ExtendedData>
        <Data name="Lat">
          <value> 17.3634</value>
        </Data>
        <Data name="Long">
          <value>104.6479</value>
        </Data>
      </ExtendedData>
      <Point>
        <coordinates>
          104.6479,17.3634,0
        </coordinates>
      </Point>
    </Placemark>
    <Placemark>
      <name>RT230 - SG - 22 - 0502 - 224+013</name>
      <description><![CDATA[Lat:  17.3636<br>Long: 104.6482]]></description>
      <styleUrl>#icon-1899-0288D1</styleUrl>
      <ExtendedData>
        <Data name="Lat">
          <value> 17.3636</value>
        </Data>
        <Data name="Long">
          <value>104.6482</value>
        </Data>
      </ExtendedData>
      <Point>
        <coordinates>
          104.6482,17.3636,0
        </coordinates>
      </Point>
    </Placemark>
    <Placemark>
      <name>RT231 - SG - 22 - 0502 - 224+048</name>
      <description><![CDATA[Lat:  17.3638<br>Long: 104.6486]]></description>
      <styleUrl>#icon-1899-0288D1</styleUrl>
      <ExtendedData>
        <Data name="Lat">
          <value> 17.3638</value>
        </Data>
        <Data name="Long">
          <value>104.6486</value>
        </Data>
      </ExtendedData>
      <Point>
        <coordinates>
          104.6486,17.3638,0
        </coordinates>
      </Point>
    </Placemark>
    <Placemark>
      <name>RT232 - SG - 22 - 0502 - 224+083</name>
      <description><![CDATA[Lat:  17.3640<br>Long: 104.6489]]></description>
      <styleUrl>#icon-1899-0288D1</styleUrl>
      <ExtendedData>
        <Data name="Lat">
          <value> 17.3640</value>
        </Data>
        <Data name="Long">
          <value>104.6489</value>
        </Data>
      </ExtendedData>
      <Point>
        <coordinates>
          104.6489,17.364,0
        </coordinates>
      </Point>
    </Placemark>
    <Placemark>
      <name>RT233 - SG - 22 - 0502 - 224+118</name>
      <description><![CDATA[Lat:  17.3642<br>Long: 104.6493]]></description>
      <styleUrl>#icon-1899-0288D1</styleUrl>
      <ExtendedData>
        <Data name="Lat">
          <value> 17.3642</value>
        </Data>
        <Data name="Long">
          <value>104.6493</value>
        </Data>
      </ExtendedData>
      <Point>
        <coordinates>
          104.6493,17.3642,0
        </coordinates>
      </Point>
    </Placemark>
    <Placemark>
      <name>LT219 - SG - 22 - 0502 - 223+140</name>
      <description><![CDATA[Lat:  17.3578<br>Long: 104.6401]]></description>
      <styleUrl>#icon-1899-0288D1</styleUrl>
      <ExtendedData>
        <Data name="Lat">
          <value> 17.3578</value>
        </Data>
        <Data name="Long">
          <value>104.6401</value>
        </Data>
      </ExtendedData>
      <Point>
        <coordinates>
          104.6401,17.3578,0
        </coordinates>
      </Point>
    </Placemark>
    <Placemark>
      <name>LT220 - SG - 22 - 0502 - 223+193</name>
      <description><![CDATA[Lat:  17.3581<br>Long: 104.6405]]></description>
      <styleUrl>#icon-1899-0288D1</styleUrl>
      <ExtendedData>
        <Data name="Lat">
          <value> 17.3581</value>
        </Data>
        <Data name="Long">
          <value>104.6405</value>
        </Data>
      </ExtendedData>
      <Point>
        <coordinates>
          104.6405,17.3581,0
        </coordinates>
      </Point>
    </Placemark>
    <Placemark>
      <name>LT221 - SG - 22 - 0502 - 223+228</name>
      <description><![CDATA[Lat:  17.3583<br>Long: 104.6408]]></description>
      <styleUrl>#icon-1899-0288D1</styleUrl>
      <ExtendedData>
        <Data name="Lat">
          <value> 17.3583</value>
        </Data>
        <Data name="Long">
          <value>104.6408</value>
        </Data>
      </ExtendedData>
      <Point>
        <coordinates>
          104.6408,17.3583,0
        </coordinates>
      </Point>
    </Placemark>
    <Placemark>
      <name>LT222 - SG - 22 - 0502 - 223+263</name>
      <description><![CDATA[Lat:  17.3585<br>Long: 104.6411]]></description>
      <styleUrl>#icon-1899-0288D1</styleUrl>
      <ExtendedData>
        <Data name="Lat">
          <value> 17.3585</value>
        </Data>
        <Data name="Long">
          <value>104.6411</value>
        </Data>
      </ExtendedData>
      <Point>
        <coordinates>
          104.6411,17.3585,0
        </coordinates>
      </Point>
    </Placemark>
    <Placemark>
      <name>LT223 - SG - 22 - 0502 - 223+298</name>
      <description><![CDATA[Lat:  17.3588<br>Long: 104.6414]]></description>
      <styleUrl>#icon-1899-0288D1</styleUrl>
      <ExtendedData>
        <Data name="Lat">
          <value> 17.3588</value>
        </Data>
        <Data name="Long">
          <value>104.6414</value>
        </Data>
      </ExtendedData>
      <Point>
        <coordinates>
          104.6414,17.3588,0
        </coordinates>
      </Point>
    </Placemark>
    <Placemark>
      <name>LT224 - SG - 22 - 0502 - 223+333</name>
      <description><![CDATA[Lat:  17.3590<br>Long: 104.6417]]></description>
      <styleUrl>#icon-1899-0288D1</styleUrl>
      <ExtendedData>
        <Data name="Lat">
          <value> 17.3590</value>
        </Data>
        <Data name="Long">
          <value>104.6417</value>
        </Data>
      </ExtendedData>
      <Point>
        <coordinates>
          104.6417,17.359,0
        </coordinates>
      </Point>
    </Placemark>
    <Placemark>
      <name>LT225 - SG - 22 - 0502 - 223+368</name>
      <description><![CDATA[Lat:  17.3593<br>Long: 104.6420]]></description>
      <styleUrl>#icon-1899-0288D1</styleUrl>
      <ExtendedData>
        <Data name="Lat">
          <value> 17.3593</value>
        </Data>
        <Data name="Long">
          <value>104.6420</value>
        </Data>
      </ExtendedData>
      <Point>
        <coordinates>
          104.642,17.3593,0
        </coordinates>
      </Point>
    </Placemark>
    <Placemark>
      <name>LT226 - SG - 22 - 0502 - 223+403</name>
      <description><![CDATA[Lat:  17.3596<br>Long: 104.6424]]></description>
      <styleUrl>#icon-1899-0288D1</styleUrl>
      <ExtendedData>
        <Data name="Lat">
          <value> 17.3596</value>
        </Data>
        <Data name="Long">
          <value>104.6424</value>
        </Data>
      </ExtendedData>
      <Point>
        <coordinates>
          104.6424,17.3596,0
        </coordinates>
      </Point>
    </Placemark>
    <Placemark>
      <name>LT227 - SG - 22 - 0502 - 223+438</name>
      <description><![CDATA[Lat:  17.3598<br>Long: 104.6427]]></description>
      <styleUrl>#icon-1899-0288D1</styleUrl>
      <ExtendedData>
        <Data name="Lat">
          <value> 17.3598</value>
        </Data>
        <Data name="Long">
          <value>104.6427</value>
        </Data>
      </ExtendedData>
      <Point>
        <coordinates>
          104.6427,17.3598,0
        </coordinates>
      </Point>
    </Placemark>
    <Placemark>
      <name>LT228 - SG - 22 - 0502 - 223+473</name>
      <description><![CDATA[Lat:  17.3600<br>Long: 104.6430]]></description>
      <styleUrl>#icon-1899-0288D1</styleUrl>
      <ExtendedData>
        <Data name="Lat">
          <value> 17.3600</value>
        </Data>
        <Data name="Long">
          <value>104.6430</value>
        </Data>
      </ExtendedData>
      <Point>
        <coordinates>
          104.643,17.36,0
        </coordinates>
      </Point>
    </Placemark>
    <Placemark>
      <name>LT229 - SG - 22 - 0502 - 223+508</name>
      <description><![CDATA[Lat:  17.3603<br>Long: 104.6433]]></description>
      <styleUrl>#icon-1899-0288D1</styleUrl>
      <ExtendedData>
        <Data name="Lat">
          <value> 17.3603</value>
        </Data>
        <Data name="Long">
          <value>104.6433</value>
        </Data>
      </ExtendedData>
      <Point>
        <coordinates>
          104.6433,17.3603,0
        </coordinates>
      </Point>
    </Placemark>
    <Placemark>
      <name>LT230 - SG - 22 - 0502 - 223+543</name>
      <description><![CDATA[Lat:  17.3605<br>Long: 104.6436]]></description>
      <styleUrl>#icon-1899-0288D1</styleUrl>
      <ExtendedData>
        <Data name="Lat">
          <value> 17.3605</value>
        </Data>
        <Data name="Long">
          <value>104.6436</value>
        </Data>
      </ExtendedData>
      <Point>
        <coordinates>
          104.6436,17.3605,0
        </coordinates>
      </Point>
    </Placemark>
    <Placemark>
      <name>LT231 - SG - 22 - 0502 - 223+578</name>
      <description><![CDATA[Lat:  17.3607<br>Long: 104.6439]]></description>
      <styleUrl>#icon-1899-0288D1</styleUrl>
      <ExtendedData>
        <Data name="Lat">
          <value> 17.3607</value>
        </Data>
        <Data name="Long">
          <value>104.6439</value>
        </Data>
      </ExtendedData>
      <Point>
        <coordinates>
          104.6439,17.3607,0
        </coordinates>
      </Point>
    </Placemark>
    <Placemark>
      <name>LT232 - SG - 22 - 0502 - 223+613</name>
      <description><![CDATA[Lat: 17.3609<br>Long: 104.6442]]></description>
      <styleUrl>#icon-1899-0288D1</styleUrl>
      <ExtendedData>
        <Data name="Lat">
          <value>17.3609</value>
        </Data>
        <Data name="Long">
          <value>104.6442</value>
        </Data>
      </ExtendedData>
      <Point>
        <coordinates>
          104.6442,17.3609,0
        </coordinates>
      </Point>
    </Placemark>
    <Placemark>
      <name>LT233 - SG - 22 - 0502 - 223+648</name>
      <description><![CDATA[Lat:  17.3613<br>Long: 104.6446]]></description>
      <styleUrl>#icon-1899-0288D1</styleUrl>
      <ExtendedData>
        <Data name="Lat">
          <value> 17.3613</value>
        </Data>
        <Data name="Long">
          <value>104.6446</value>
        </Data>
      </ExtendedData>
      <Point>
        <coordinates>
          104.6446,17.3613,0
        </coordinates>
      </Point>
    </Placemark>
    <Placemark>
      <name>LT234 - SG - 22 - 0502 - 223+683</name>
      <description><![CDATA[Lat:  17.3615<br>Long: 104.6449]]></description>
      <styleUrl>#icon-1899-0288D1</styleUrl>
      <ExtendedData>
        <Data name="Lat">
          <value> 17.3615</value>
        </Data>
        <Data name="Long">
          <value>104.6449</value>
        </Data>
      </ExtendedData>
      <Point>
        <coordinates>
          104.6449,17.3615,0
        </coordinates>
      </Point>
    </Placemark>
    <Placemark>
      <name>LT235 - SG - 22 - 0502 - 223+718</name>
      <description><![CDATA[Lat:  17.3617<br>Long: 104.6452]]></description>
      <styleUrl>#icon-1899-0288D1</styleUrl>
      <ExtendedData>
        <Data name="Lat">
          <value> 17.3617</value>
        </Data>
        <Data name="Long">
          <value>104.6452</value>
        </Data>
      </ExtendedData>
      <Point>
        <coordinates>
          104.6452,17.3617,0
        </coordinates>
      </Point>
    </Placemark>
    <Placemark>
      <name>LT236 - SG - 22 - 0502 - 223+753</name>
      <description><![CDATA[Lat:  17.3620<br>Long: 104.6455]]></description>
      <styleUrl>#icon-1899-0288D1</styleUrl>
      <ExtendedData>
        <Data name="Lat">
          <value> 17.3620</value>
        </Data>
        <Data name="Long">
          <value>104.6455</value>
        </Data>
      </ExtendedData>
      <Point>
        <coordinates>
          104.6455,17.362,0
        </coordinates>
      </Point>
    </Placemark>
    <Placemark>
      <name>LT237 - SG - 22 - 0502 - 223+788</name>
      <description><![CDATA[Lat:  17.3622<br>Long: 104.6458]]></description>
      <styleUrl>#icon-1899-0288D1</styleUrl>
      <ExtendedData>
        <Data name="Lat">
          <value> 17.3622</value>
        </Data>
        <Data name="Long">
          <value>104.6458</value>
        </Data>
      </ExtendedData>
      <Point>
        <coordinates>
          104.6458,17.3622,0
        </coordinates>
      </Point>
    </Placemark>
    <Placemark>
      <name>LT238 - SG - 22 - 0502 - 223+823</name>
      <description><![CDATA[Lat:  17.3624<br>Long: 104.6462]]></description>
      <styleUrl>#icon-1899-0288D1</styleUrl>
      <ExtendedData>
        <Data name="Lat">
          <value> 17.3624</value>
        </Data>
        <Data name="Long">
          <value>104.6462</value>
        </Data>
      </ExtendedData>
      <Point>
        <coordinates>
          104.6462,17.3624,0
        </coordinates>
      </Point>
    </Placemark>
    <Placemark>
      <name>LT239 - SG - 22 - 0502 - 223+858</name>
      <description><![CDATA[Lat:  17.3626<br>Long: 104.6465]]></description>
      <styleUrl>#icon-1899-0288D1</styleUrl>
      <ExtendedData>
        <Data name="Lat">
          <value> 17.3626</value>
        </Data>
        <Data name="Long">
          <value>104.6465</value>
        </Data>
      </ExtendedData>
      <Point>
        <coordinates>
          104.6465,17.3626,0
        </coordinates>
      </Point>
    </Placemark>
    <Placemark>
      <name>LT240 - SG - 22 - 0502 - 223+893</name>
      <description><![CDATA[Lat:  17.3629<br>Long: 104.6468]]></description>
      <styleUrl>#icon-1899-0288D1</styleUrl>
      <ExtendedData>
        <Data name="Lat">
          <value> 17.3629</value>
        </Data>
        <Data name="Long">
          <value>104.6468</value>
        </Data>
      </ExtendedData>
      <Point>
        <coordinates>
          104.6468,17.3629,0
        </coordinates>
      </Point>
    </Placemark>
    <Placemark>
      <name>LT241 - SG - 22 - 0502 - 223+928</name>
      <description><![CDATA[Lat:  17.3631<br>Long: 104.6471]]></description>
      <styleUrl>#icon-1899-0288D1</styleUrl>
      <ExtendedData>
        <Data name="Lat">
          <value> 17.3631</value>
        </Data>
        <Data name="Long">
          <value>104.6471</value>
        </Data>
      </ExtendedData>
      <Point>
        <coordinates>
          104.6471,17.3631,0
        </coordinates>
      </Point>
    </Placemark>
    <Placemark>
      <name>LT242 - SG - 22 - 0502 - 223+963</name>
      <description><![CDATA[Lat:  17.3634<br>Long: 104.6474]]></description>
      <styleUrl>#icon-1899-0288D1</styleUrl>
      <ExtendedData>
        <Data name="Lat">
          <value> 17.3634</value>
        </Data>
        <Data name="Long">
          <value>104.6474</value>
        </Data>
      </ExtendedData>
      <Point>
        <coordinates>
          104.6474,17.3634,0
        </coordinates>
      </Point>
    </Placemark>
    <Placemark>
      <name>LT243 - SG - 22 - 0502 - 223+998</name>
      <description><![CDATA[Lat:  17.3636<br>Long: 104.6477]]></description>
      <styleUrl>#icon-1899-0288D1</styleUrl>
      <ExtendedData>
        <Data name="Lat">
          <value> 17.3636</value>
        </Data>
        <Data name="Long">
          <value>104.6477</value>
        </Data>
      </ExtendedData>
      <Point>
        <coordinates>
          104.6477,17.3636,0
        </coordinates>
      </Point>
    </Placemark>
    <Placemark>
      <name>LT244 - SG - 22 - 0502 - 224+033</name>
      <description><![CDATA[Lat:  17.3638<br>Long: 104.6481]]></description>
      <styleUrl>#icon-1899-0288D1</styleUrl>
      <ExtendedData>
        <Data name="Lat">
          <value> 17.3638</value>
        </Data>
        <Data name="Long">
          <value>104.6481</value>
        </Data>
      </ExtendedData>
      <Point>
        <coordinates>
          104.6481,17.3638,0
        </coordinates>
      </Point>
    </Placemark>
    <Placemark>
      <name>LT245 - SG - 22 - 0502 - 224+068</name>
      <description><![CDATA[Lat: 17.3640<br>Long: 104.6485]]></description>
      <styleUrl>#icon-1899-0288D1</styleUrl>
      <ExtendedData>
        <Data name="Lat">
          <value>17.3640</value>
        </Data>
        <Data name="Long">
          <value>104.6485</value>
        </Data>
      </ExtendedData>
      <Point>
        <coordinates>
          104.6485,17.364,0
        </coordinates>
      </Point>
    </Placemark>
    <Placemark>
      <name>LT246 - SG - 22 - 0502 - 224+103</name>
      <description><![CDATA[Lat:  17.3642<br>Long: 104.6488]]></description>
      <styleUrl>#icon-1899-0288D1</styleUrl>
      <ExtendedData>
        <Data name="Lat">
          <value> 17.3642</value>
        </Data>
        <Data name="Long">
          <value>104.6488</value>
        </Data>
      </ExtendedData>
      <Point>
        <coordinates>
          104.6488,17.3642,0
        </coordinates>
      </Point>
    </Placemark>
    <Placemark>
      <name>LT247 - SG - 22 - 0502 - 224+138</name>
      <description><![CDATA[Lat:  17.3644<br>Long: 104.6491]]></description>
      <styleUrl>#icon-1899-0288D1</styleUrl>
      <ExtendedData>
        <Data name="Lat">
          <value> 17.3644</value>
        </Data>
        <Data name="Long">
          <value>104.6491</value>
        </Data>
      </ExtendedData>
      <Point>
        <coordinates>
          104.6491,17.3644,0
        </coordinates>
      </Point>
    </Placemark>
    <Placemark>
      <name>MD60 - DB - 22 - 0502 - 224+097</name>
      <description><![CDATA[Lat:  17.3641<br>Long: 104.6487]]></description>
      <styleUrl>#icon-1899-0288D1</styleUrl>
      <ExtendedData>
        <Data name="Lat">
          <value> 17.3641</value>
        </Data>
        <Data name="Long">
          <value>104.6487</value>
        </Data>
      </ExtendedData>
      <Point>
        <coordinates>
          104.6487,17.3641,0
        </coordinates>
      </Point>
    </Placemark>
    <Placemark>
      <name>MD61 - DB - 22 - 0502 - 224+132</name>
      <description><![CDATA[Lat:  17.3643<br>Long: 104.6491]]></description>
      <styleUrl>#icon-1899-0288D1</styleUrl>
      <ExtendedData>
        <Data name="Lat">
          <value> 17.3643</value>
        </Data>
        <Data name="Long">
          <value>104.6491</value>
        </Data>
      </ExtendedData>
      <Point>
        <coordinates>
          104.6491,17.3643,0
        </coordinates>
      </Point>
    </Placemark>
    <Placemark>
      <name>MD62 - DB - 22 - 0502 - 224+167</name>
      <description><![CDATA[Lat:  17.3644<br>Long: 104.6494]]></description>
      <styleUrl>#icon-1899-0288D1</styleUrl>
      <ExtendedData>
        <Data name="Lat">
          <value> 17.3644</value>
        </Data>
        <Data name="Long">
          <value>104.6494</value>
        </Data>
      </ExtendedData>
      <Point>
        <coordinates>
          104.6494,17.3644,0
        </coordinates>
      </Point>
    </Placemark>
    <Placemark>
      <name>MD63 - DB - 22 - 0502 - 224+202</name>
      <description><![CDATA[Lat:  17.3647<br>Long: 104.6498]]></description>
      <styleUrl>#icon-1899-0288D1</styleUrl>
      <ExtendedData>
        <Data name="Lat">
          <value> 17.3647</value>
        </Data>
        <Data name="Long">
          <value>104.6498</value>
        </Data>
      </ExtendedData>
      <Point>
        <coordinates>
          104.6498,17.3647,0
        </coordinates>
      </Point>
    </Placemark>
    <Placemark>
      <name>MD64 - DB - 22 - 0502 - 224+237</name>
      <description><![CDATA[Lat: 17.3649<br>Long: 104.6501]]></description>
      <styleUrl>#icon-1899-0288D1</styleUrl>
      <ExtendedData>
        <Data name="Lat">
          <value>17.3649</value>
        </Data>
        <Data name="Long">
          <value>104.6501</value>
        </Data>
      </ExtendedData>
      <Point>
        <coordinates>
          104.6501,17.3649,0
        </coordinates>
      </Point>
    </Placemark>
    <Placemark>
      <name>MD65 - DB - 22 - 0502 - 224+272</name>
      <description><![CDATA[Lat:  17.3651<br>Long: 104.6505]]></description>
      <styleUrl>#icon-1899-0288D1</styleUrl>
      <ExtendedData>
        <Data name="Lat">
          <value> 17.3651</value>
        </Data>
        <Data name="Long">
          <value>104.6505</value>
        </Data>
      </ExtendedData>
      <Point>
        <coordinates>
          104.6505,17.3651,0
        </coordinates>
      </Point>
    </Placemark>
    <Placemark>
      <name>MD66 - DB - 22 - 0502 - 224+307</name>
      <description><![CDATA[Lat:  17.3653<br>Long: 104.6509]]></description>
      <styleUrl>#icon-1899-0288D1</styleUrl>
      <ExtendedData>
        <Data name="Lat">
          <value> 17.3653</value>
        </Data>
        <Data name="Long">
          <value>104.6509</value>
        </Data>
      </ExtendedData>
      <Point>
        <coordinates>
          104.6509,17.3653,0
        </coordinates>
      </Point>
    </Placemark>
    <Placemark>
      <name>MD67 - DB - 22 - 0502 - 224+342</name>
      <description><![CDATA[Lat:  17.3655<br>Long: 104.6512]]></description>
      <styleUrl>#icon-1899-0288D1</styleUrl>
      <ExtendedData>
        <Data name="Lat">
          <value> 17.3655</value>
        </Data>
        <Data name="Long">
          <value>104.6512</value>
        </Data>
      </ExtendedData>
      <Point>
        <coordinates>
          104.6512,17.3655,0
        </coordinates>
      </Point>
    </Placemark>
    <Placemark>
      <name>MD68 - DB - 22 - 0502 - 224+971</name>
      <description><![CDATA[Lat:  17.3683<br>Long: 104.6564]]></description>
      <styleUrl>#icon-1899-0288D1</styleUrl>
      <ExtendedData>
        <Data name="Lat">
          <value> 17.3683</value>
        </Data>
        <Data name="Long">
          <value>104.6564</value>
        </Data>
      </ExtendedData>
      <Point>
        <coordinates>
          104.6564,17.3683,0
        </coordinates>
      </Point>
    </Placemark>
    <Placemark>
      <name>MD69 - DB - 22 - 0502 - 225+006</name>
      <description><![CDATA[Lat:  17.3685<br>Long: 104.6567]]></description>
      <styleUrl>#icon-1899-0288D1</styleUrl>
      <ExtendedData>
        <Data name="Lat">
          <value> 17.3685</value>
        </Data>
        <Data name="Long">
          <value>104.6567</value>
        </Data>
      </ExtendedData>
      <Point>
        <coordinates>
          104.6567,17.3685,0
        </coordinates>
      </Point>
    </Placemark>
    <Placemark>
      <name>MD70 - DB - 22 - 0502 - 225+041</name>
      <description><![CDATA[Lat: 17.3686<br>Long: 104.6570]]></description>
      <styleUrl>#icon-1899-0288D1</styleUrl>
      <ExtendedData>
        <Data name="Lat">
          <value>17.3686</value>
        </Data>
        <Data name="Long">
          <value>104.6570</value>
        </Data>
      </ExtendedData>
      <Point>
        <coordinates>
          104.657,17.3686,0
        </coordinates>
      </Point>
    </Placemark>
    <Placemark>
      <name>MD71 - DB - 22 - 0502 - 225+076</name>
      <description><![CDATA[Lat:  17.3688<br>Long: 104.6573]]></description>
      <styleUrl>#icon-1899-0288D1</styleUrl>
      <ExtendedData>
        <Data name="Lat">
          <value> 17.3688</value>
        </Data>
        <Data name="Long">
          <value>104.6573</value>
        </Data>
      </ExtendedData>
      <Point>
        <coordinates>
          104.6573,17.3688,0
        </coordinates>
      </Point>
    </Placemark>
    <Placemark>
      <name>MD72 - DB - 22 - 0502 - 225+111</name>
      <description><![CDATA[Lat:  17.3689<br>Long: 104.6576]]></description>
      <styleUrl>#icon-1899-0288D1</styleUrl>
      <ExtendedData>
        <Data name="Lat">
          <value> 17.3689</value>
        </Data>
        <Data name="Long">
          <value>104.6576</value>
        </Data>
      </ExtendedData>
      <Point>
        <coordinates>
          104.6576,17.3689,0
        </coordinates>
      </Point>
    </Placemark>
    <Placemark>
      <name>MD73 - DB - 22 - 0502 - 225+146</name>
      <description><![CDATA[Lat:  17.3691<br>Long: 104.6579]]></description>
      <styleUrl>#icon-1899-0288D1</styleUrl>
      <ExtendedData>
        <Data name="Lat">
          <value> 17.3691</value>
        </Data>
        <Data name="Long">
          <value>104.6579</value>
        </Data>
      </ExtendedData>
      <Point>
        <coordinates>
          104.6579,17.3691,0
        </coordinates>
      </Point>
    </Placemark>
    <Placemark>
      <name>MD74 - DB - 22 - 0502 - 225+181</name>
      <description><![CDATA[Lat:  17.3692<br>Long: 104.6582]]></description>
      <styleUrl>#icon-1899-0288D1</styleUrl>
      <ExtendedData>
        <Data name="Lat">
          <value> 17.3692</value>
        </Data>
        <Data name="Long">
          <value>104.6582</value>
        </Data>
      </ExtendedData>
      <Point>
        <coordinates>
          104.6582,17.3692,0
        </coordinates>
      </Point>
    </Placemark>
    <Placemark>
      <name>MD75 - DB - 22 - 0502 - 225+216</name>
      <description><![CDATA[Lat:  17.3694<br>Long: 104.6585]]></description>
      <styleUrl>#icon-1899-0288D1</styleUrl>
      <ExtendedData>
        <Data name="Lat">
          <value> 17.3694</value>
        </Data>
        <Data name="Long">
          <value>104.6585</value>
        </Data>
      </ExtendedData>
      <Point>
        <coordinates>
          104.6585,17.3694,0
        </coordinates>
      </Point>
    </Placemark>
    <Placemark>
      <name>MD76 - DB - 22 - 0502 - 225+251</name>
      <description><![CDATA[Lat:  17.3695<br>Long: 104.6588]]></description>
      <styleUrl>#icon-1899-0288D1</styleUrl>
      <ExtendedData>
        <Data name="Lat">
          <value> 17.3695</value>
        </Data>
        <Data name="Long">
          <value>104.6588</value>
        </Data>
      </ExtendedData>
      <Point>
        <coordinates>
          104.6588,17.3695,0
        </coordinates>
      </Point>
    </Placemark>
    <Placemark>
      <name>MD77 - DB - 22 - 0502 - 225+286</name>
      <description><![CDATA[Lat:  17.3697<br>Long: 104.6591]]></description>
      <styleUrl>#icon-1899-0288D1</styleUrl>
      <ExtendedData>
        <Data name="Lat">
          <value> 17.3697</value>
        </Data>
        <Data name="Long">
          <value>104.6591</value>
        </Data>
      </ExtendedData>
      <Point>
        <coordinates>
          104.6591,17.3697,0
        </coordinates>
      </Point>
    </Placemark>
    <Placemark>
      <name>MD78 - DB - 22 - 0502 - 225+321</name>
      <description><![CDATA[Lat:  17.3699<br>Long: 104.6595]]></description>
      <styleUrl>#icon-1899-0288D1</styleUrl>
      <ExtendedData>
        <Data name="Lat">
          <value> 17.3699</value>
        </Data>
        <Data name="Long">
          <value>104.6595</value>
        </Data>
      </ExtendedData>
      <Point>
        <coordinates>
          104.6595,17.3699,0
        </coordinates>
      </Point>
    </Placemark>
    <Placemark>
      <name>MD79 - DB - 22 - 0502 - 225+361</name>
      <description><![CDATA[Lat:  17.3701<br>Long: 104.6598]]></description>
      <styleUrl>#icon-1899-0288D1</styleUrl>
      <ExtendedData>
        <Data name="Lat">
          <value> 17.3701</value>
        </Data>
        <Data name="Long">
          <value>104.6598</value>
        </Data>
      </ExtendedData>
      <Point>
        <coordinates>
          104.6598,17.3701,0
        </coordinates>
      </Point>
    </Placemark>
    <Placemark>
      <name>MD80 - DB - 22 - 0502 - 225+396</name>
      <description><![CDATA[Lat:  17.3702<br>Long: 104.6601]]></description>
      <styleUrl>#icon-1899-0288D1</styleUrl>
      <ExtendedData>
        <Data name="Lat">
          <value> 17.3702</value>
        </Data>
        <Data name="Long">
          <value>104.6601</value>
        </Data>
      </ExtendedData>
      <Point>
        <coordinates>
          104.6601,17.3702,0
        </coordinates>
      </Point>
    </Placemark>
    <Placemark>
      <name>MD81 - DB - 22 - 0502 - 225+431</name>
      <description><![CDATA[Lat:  17.3704<br>Long: 104.6605]]></description>
      <styleUrl>#icon-1899-0288D1</styleUrl>
      <ExtendedData>
        <Data name="Lat">
          <value> 17.3704</value>
        </Data>
        <Data name="Long">
          <value>104.6605</value>
        </Data>
      </ExtendedData>
      <Point>
        <coordinates>
          104.6605,17.3704,0
        </coordinates>
      </Point>
    </Placemark>
    <Placemark>
      <name>MD82 - DB - 22 - 0502 - 225+466</name>
      <description><![CDATA[Lat:  17.3706<br>Long: 104.6608]]></description>
      <styleUrl>#icon-1899-0288D1</styleUrl>
      <ExtendedData>
        <Data name="Lat">
          <value> 17.3706</value>
        </Data>
        <Data name="Long">
          <value>104.6608</value>
        </Data>
      </ExtendedData>
      <Point>
        <coordinates>
          104.6608,17.3706,0
        </coordinates>
      </Point>
    </Placemark>
    <Placemark>
      <name>MD83 - DB - 22 - 0502 - 225+501</name>
      <description><![CDATA[Lat:  17.3707<br>Long: 104.6611]]></description>
      <styleUrl>#icon-1899-0288D1</styleUrl>
      <ExtendedData>
        <Data name="Lat">
          <value> 17.3707</value>
        </Data>
        <Data name="Long">
          <value>104.6611</value>
        </Data>
      </ExtendedData>
      <Point>
        <coordinates>
          104.6611,17.3707,0
        </coordinates>
      </Point>
    </Placemark>
    <Placemark>
      <name>MD84 - DB - 22 - 0502 - 225+536</name>
      <description><![CDATA[Lat:  17.3709<br>Long: 104.6614]]></description>
      <styleUrl>#icon-1899-0288D1</styleUrl>
      <ExtendedData>
        <Data name="Lat">
          <value> 17.3709</value>
        </Data>
        <Data name="Long">
          <value>104.6614</value>
        </Data>
      </ExtendedData>
      <Point>
        <coordinates>
          104.6614,17.3709,0
        </coordinates>
      </Point>
    </Placemark>
    <Placemark>
      <name>MD85 - DB - 22 - 0502 - 225+571</name>
      <description><![CDATA[Lat:  17.3710<br>Long: 104.6617]]></description>
      <styleUrl>#icon-1899-0288D1</styleUrl>
      <ExtendedData>
        <Data name="Lat">
          <value> 17.3710</value>
        </Data>
        <Data name="Long">
          <value>104.6617</value>
        </Data>
      </ExtendedData>
      <Point>
        <coordinates>
          104.6617,17.371,0
        </coordinates>
      </Point>
    </Placemark>
    <Placemark>
      <name>MD86 - DB - 22 - 0502 - 225+606</name>
      <description><![CDATA[Lat:  17.3712<br>Long: 104.6620]]></description>
      <styleUrl>#icon-1899-0288D1</styleUrl>
      <ExtendedData>
        <Data name="Lat">
          <value> 17.3712</value>
        </Data>
        <Data name="Long">
          <value>104.6620</value>
        </Data>
      </ExtendedData>
      <Point>
        <coordinates>
          104.662,17.3712,0
        </coordinates>
      </Point>
    </Placemark>
    <Placemark>
      <name>MD87 - DB - 22 - 0502 - 225+641</name>
      <description><![CDATA[Lat:  17.3713<br>Long: 104.6623]]></description>
      <styleUrl>#icon-1899-0288D1</styleUrl>
      <ExtendedData>
        <Data name="Lat">
          <value> 17.3713</value>
        </Data>
        <Data name="Long">
          <value>104.6623</value>
        </Data>
      </ExtendedData>
      <Point>
        <coordinates>
          104.6623,17.3713,0
        </coordinates>
      </Point>
    </Placemark>
    <Placemark>
      <name>MD88 - DB - 22 - 0502 - 225+676</name>
      <description><![CDATA[Lat:  17.3715<br>Long: 104.6626]]></description>
      <styleUrl>#icon-1899-0288D1</styleUrl>
      <ExtendedData>
        <Data name="Lat">
          <value> 17.3715</value>
        </Data>
        <Data name="Long">
          <value>104.6626</value>
        </Data>
      </ExtendedData>
      <Point>
        <coordinates>
          104.6626,17.3715,0
        </coordinates>
      </Point>
    </Placemark>
    <Placemark>
      <name>MD89 - DB - 22 - 0502 - 225+711</name>
      <description><![CDATA[Lat:  17.3716<br>Long: 104.6629]]></description>
      <styleUrl>#icon-1899-0288D1</styleUrl>
      <ExtendedData>
        <Data name="Lat">
          <value> 17.3716</value>
        </Data>
        <Data name="Long">
          <value>104.6629</value>
        </Data>
      </ExtendedData>
      <Point>
        <coordinates>
          104.6629,17.3716,0
        </coordinates>
      </Point>
    </Placemark>
    <Placemark>
      <name>MD90 - DB - 22 - 0502 - 225+746</name>
      <description><![CDATA[Lat:  17.3718<br>Long: 104.6632]]></description>
      <styleUrl>#icon-1899-0288D1</styleUrl>
      <ExtendedData>
        <Data name="Lat">
          <value> 17.3718</value>
        </Data>
        <Data name="Long">
          <value>104.6632</value>
        </Data>
      </ExtendedData>
      <Point>
        <coordinates>
          104.6632,17.3718,0
        </coordinates>
      </Point>
    </Placemark>
    <Placemark>
      <name>MD91 - DB - 22 - 0502 - 225+781</name>
      <description><![CDATA[Lat: 17.3719<br>Long: 104.6635]]></description>
      <styleUrl>#icon-1899-0288D1</styleUrl>
      <ExtendedData>
        <Data name="Lat">
          <value>17.3719</value>
        </Data>
        <Data name="Long">
          <value>104.6635</value>
        </Data>
      </ExtendedData>
      <Point>
        <coordinates>
          104.6635,17.3719,0
        </coordinates>
      </Point>
    </Placemark>
    <Placemark>
      <name>MD92 - DB - 22 - 0502 - 225+816</name>
      <description><![CDATA[Lat:  17.3721<br>Long: 104.6638]]></description>
      <styleUrl>#icon-1899-0288D1</styleUrl>
      <ExtendedData>
        <Data name="Lat">
          <value> 17.3721</value>
        </Data>
        <Data name="Long">
          <value>104.6638</value>
        </Data>
      </ExtendedData>
      <Point>
        <coordinates>
          104.6638,17.3721,0
        </coordinates>
      </Point>
    </Placemark>
    <Placemark>
      <name>MD93 - DB - 22 - 0502 - 226+402</name>
      <description><![CDATA[Lat:  17.3746<br>Long: 104.6686]]></description>
      <styleUrl>#icon-1899-0288D1</styleUrl>
      <ExtendedData>
        <Data name="Lat">
          <value> 17.3746</value>
        </Data>
        <Data name="Long">
          <value>104.6686</value>
        </Data>
      </ExtendedData>
      <Point>
        <coordinates>
          104.6686,17.3746,0
        </coordinates>
      </Point>
    </Placemark>
    <Placemark>
      <name>MD94 - DB - 22 - 0502 - 226+437</name>
      <description><![CDATA[Lat:  17.3748<br>Long: 104.6690]]></description>
      <styleUrl>#icon-1899-0288D1</styleUrl>
      <ExtendedData>
        <Data name="Lat">
          <value> 17.3748</value>
        </Data>
        <Data name="Long">
          <value>104.6690</value>
        </Data>
      </ExtendedData>
      <Point>
        <coordinates>
          104.669,17.3748,0
        </coordinates>
      </Point>
    </Placemark>
    <Placemark>
      <name>MD95 - DB - 22 - 0502 - 226+472</name>
      <description><![CDATA[Lat:  17.3750<br>Long: 104.6694]]></description>
      <styleUrl>#icon-1899-0288D1</styleUrl>
      <ExtendedData>
        <Data name="Lat">
          <value> 17.3750</value>
        </Data>
        <Data name="Long">
          <value>104.6694</value>
        </Data>
      </ExtendedData>
      <Point>
        <coordinates>
          104.6694,17.375,0
        </coordinates>
      </Point>
    </Placemark>
    <Placemark>
      <name>MD96 - DB - 22 - 0502 - 226+507</name>
      <description><![CDATA[Lat:  17.3752<br>Long: 104.6697]]></description>
      <styleUrl>#icon-1899-0288D1</styleUrl>
      <ExtendedData>
        <Data name="Lat">
          <value> 17.3752</value>
        </Data>
        <Data name="Long">
          <value>104.6697</value>
        </Data>
      </ExtendedData>
      <Point>
        <coordinates>
          104.6697,17.3752,0
        </coordinates>
      </Point>
    </Placemark>
    <Placemark>
      <name>MD97 - DB - 22 - 0502 - 226+542</name>
      <description><![CDATA[Lat:  17.3754<br>Long: 104.6701]]></description>
      <styleUrl>#icon-1899-0288D1</styleUrl>
      <ExtendedData>
        <Data name="Lat">
          <value> 17.3754</value>
        </Data>
        <Data name="Long">
          <value>104.6701</value>
        </Data>
      </ExtendedData>
      <Point>
        <coordinates>
          104.6701,17.3754,0
        </coordinates>
      </Point>
    </Placemark>
    <Placemark>
      <name>MD98 - DB - 22 - 0502 - 226+577</name>
      <description><![CDATA[Lat:  17.3755<br>Long: 104.6704]]></description>
      <styleUrl>#icon-1899-0288D1</styleUrl>
      <ExtendedData>
        <Data name="Lat">
          <value> 17.3755</value>
        </Data>
        <Data name="Long">
          <value>104.6704</value>
        </Data>
      </ExtendedData>
      <Point>
        <coordinates>
          104.6704,17.3755,0
        </coordinates>
      </Point>
    </Placemark>
    <Placemark>
      <name>MD99 - DB - 22 - 0502 - 227+041</name>
      <description><![CDATA[Lat:  17.3775<br>Long: 104.6743]]></description>
      <styleUrl>#icon-1899-0288D1</styleUrl>
      <ExtendedData>
        <Data name="Lat">
          <value> 17.3775</value>
        </Data>
        <Data name="Long">
          <value>104.6743</value>
        </Data>
      </ExtendedData>
      <Point>
        <coordinates>
          104.6743,17.3775,0
        </coordinates>
      </Point>
    </Placemark>
    <Placemark>
      <name>MD100 - DB - 22 - 0502 - 227+086</name>
      <description><![CDATA[Lat:  17.3777<br>Long: 104.6746]]></description>
      <styleUrl>#icon-1899-0288D1</styleUrl>
      <ExtendedData>
        <Data name="Lat">
          <value> 17.3777</value>
        </Data>
        <Data name="Long">
          <value>104.6746</value>
        </Data>
      </ExtendedData>
      <Point>
        <coordinates>
          104.6746,17.3777,0
        </coordinates>
      </Point>
    </Placemark>
    <Placemark>
      <name>MD101 - DB - 22 - 0502 - 227+131</name>
      <description><![CDATA[Lat:  17.3779<br>Long: 104.6750]]></description>
      <styleUrl>#icon-1899-0288D1</styleUrl>
      <ExtendedData>
        <Data name="Lat">
          <value> 17.3779</value>
        </Data>
        <Data name="Long">
          <value>104.6750</value>
        </Data>
      </ExtendedData>
      <Point>
        <coordinates>
          104.675,17.3779,0
        </coordinates>
      </Point>
    </Placemark>
    <Placemark>
      <name>MD102 - DB - 22 - 0502 - 227+176</name>
      <description><![CDATA[Lat:  17.3781<br>Long: 104.6754]]></description>
      <styleUrl>#icon-1899-0288D1</styleUrl>
      <ExtendedData>
        <Data name="Lat">
          <value> 17.3781</value>
        </Data>
        <Data name="Long">
          <value>104.6754</value>
        </Data>
      </ExtendedData>
      <Point>
        <coordinates>
          104.6754,17.3781,0
        </coordinates>
      </Point>
    </Placemark>
    <Placemark>
      <name>MD103 - DB - 22 - 0502 - 227+221</name>
      <description><![CDATA[Lat:  17.3783<br>Long: 104.6757]]></description>
      <styleUrl>#icon-1899-0288D1</styleUrl>
      <ExtendedData>
        <Data name="Lat">
          <value> 17.3783</value>
        </Data>
        <Data name="Long">
          <value>104.6757</value>
        </Data>
      </ExtendedData>
      <Point>
        <coordinates>
          104.6757,17.3783,0
        </coordinates>
      </Point>
    </Placemark>
    <Placemark>
      <name>MD104 - DB - 22 - 0502 - 227+266</name>
      <description><![CDATA[Lat:  17.3785<br>Long: 104.6761]]></description>
      <styleUrl>#icon-1899-0288D1</styleUrl>
      <ExtendedData>
        <Data name="Lat">
          <value> 17.3785</value>
        </Data>
        <Data name="Long">
          <value>104.6761</value>
        </Data>
      </ExtendedData>
      <Point>
        <coordinates>
          104.6761,17.3785,0
        </coordinates>
      </Point>
    </Placemark>
    <Placemark>
      <name>MD105 - DB - 22 - 0502 - 227+311</name>
      <description><![CDATA[Lat:  17.3787<br>Long: 104.6765]]></description>
      <styleUrl>#icon-1899-0288D1</styleUrl>
      <ExtendedData>
        <Data name="Lat">
          <value> 17.3787</value>
        </Data>
        <Data name="Long">
          <value>104.6765</value>
        </Data>
      </ExtendedData>
      <Point>
        <coordinates>
          104.6765,17.3787,0
        </coordinates>
      </Point>
    </Placemark>
    <Placemark>
      <name>MD106 - DB - 22 - 0502 - 227+356</name>
      <description><![CDATA[Lat:  17.3789<br>Long: 104.6769]]></description>
      <styleUrl>#icon-1899-0288D1</styleUrl>
      <ExtendedData>
        <Data name="Lat">
          <value> 17.3789</value>
        </Data>
        <Data name="Long">
          <value>104.6769</value>
        </Data>
      </ExtendedData>
      <Point>
        <coordinates>
          104.6769,17.3789,0
        </coordinates>
      </Point>
    </Placemark>
    <Placemark>
      <name>MD107 - DB - 22 - 0502 - 228+115</name>
      <description><![CDATA[Lat:  17.3822<br>Long: 104.6831]]></description>
      <styleUrl>#icon-1899-0288D1</styleUrl>
      <ExtendedData>
        <Data name="Lat">
          <value> 17.3822</value>
        </Data>
        <Data name="Long">
          <value>104.6831</value>
        </Data>
      </ExtendedData>
      <Point>
        <coordinates>
          104.6831,17.3822,0
        </coordinates>
      </Point>
    </Placemark>
    <Placemark>
      <name>MD108 - DB - 22 - 0502 - 228+150</name>
      <description><![CDATA[Lat:  17.3823<br>Long: 104.6835]]></description>
      <styleUrl>#icon-1899-0288D1</styleUrl>
      <ExtendedData>
        <Data name="Lat">
          <value> 17.3823</value>
        </Data>
        <Data name="Long">
          <value>104.6835</value>
        </Data>
      </ExtendedData>
      <Point>
        <coordinates>
          104.6835,17.3823,0
        </coordinates>
      </Point>
    </Placemark>
    <Placemark>
      <name>MD109 - DB - 22 - 0502 - 228+185</name>
      <description><![CDATA[Lat:  17.3825<br>Long: 104.6837]]></description>
      <styleUrl>#icon-1899-0288D1</styleUrl>
      <ExtendedData>
        <Data name="Lat">
          <value> 17.3825</value>
        </Data>
        <Data name="Long">
          <value>104.6837</value>
        </Data>
      </ExtendedData>
      <Point>
        <coordinates>
          104.6837,17.3825,0
        </coordinates>
      </Point>
    </Placemark>
    <Placemark>
      <name>MD110 - DB - 22 - 0502 - 228+220</name>
      <description><![CDATA[Lat:  17.3826<br>Long: 104.6841]]></description>
      <styleUrl>#icon-1899-0288D1</styleUrl>
      <ExtendedData>
        <Data name="Lat">
          <value> 17.3826</value>
        </Data>
        <Data name="Long">
          <value>104.6841</value>
        </Data>
      </ExtendedData>
      <Point>
        <coordinates>
          104.6841,17.3826,0
        </coordinates>
      </Point>
    </Placemark>
    <Placemark>
      <name>MD111 - DB - 22 - 0502 - 228+255</name>
      <description><![CDATA[Lat:  17.3827<br>Long: 104.6844]]></description>
      <styleUrl>#icon-1899-0288D1</styleUrl>
      <ExtendedData>
        <Data name="Lat">
          <value> 17.3827</value>
        </Data>
        <Data name="Long">
          <value>104.6844</value>
        </Data>
      </ExtendedData>
      <Point>
        <coordinates>
          104.6844,17.3827,0
        </coordinates>
      </Point>
    </Placemark>
    <Placemark>
      <name>MD112 - DB - 22 - 0502 - 228+290</name>
      <description><![CDATA[Lat:  17.3827<br>Long: 104.6846]]></description>
      <styleUrl>#icon-1899-0288D1</styleUrl>
      <ExtendedData>
        <Data name="Lat">
          <value> 17.3827</value>
        </Data>
        <Data name="Long">
          <value>104.6846</value>
        </Data>
      </ExtendedData>
      <Point>
        <coordinates>
          104.6846,17.3827,0
        </coordinates>
      </Point>
    </Placemark>
    <Placemark>
      <name>MD113 - DB - 22 - 0502 - 228+325</name>
      <description><![CDATA[Lat:  17.3828<br>Long: 104.6850]]></description>
      <styleUrl>#icon-1899-0288D1</styleUrl>
      <ExtendedData>
        <Data name="Lat">
          <value> 17.3828</value>
        </Data>
        <Data name="Long">
          <value>104.6850</value>
        </Data>
      </ExtendedData>
      <Point>
        <coordinates>
          104.685,17.3828,0
        </coordinates>
      </Point>
    </Placemark>
    <Placemark>
      <name>MD115 - DB - 22 - 0502 - 228+360</name>
      <description><![CDATA[Lat:  17.3829<br>Long: 104.6857]]></description>
      <styleUrl>#icon-1899-0288D1</styleUrl>
      <ExtendedData>
        <Data name="Lat">
          <value> 17.3829</value>
        </Data>
        <Data name="Long">
          <value>104.6857</value>
        </Data>
      </ExtendedData>
      <Point>
        <coordinates>
          104.6857,17.3829,0
        </coordinates>
      </Point>
    </Placemark>
    <Placemark>
      <name>MD114 - DB - 22 - 0502 - 228+395</name>
      <description><![CDATA[Lat:  17.3828<br>Long: 104.6853]]></description>
      <styleUrl>#icon-1899-0288D1</styleUrl>
      <ExtendedData>
        <Data name="Lat">
          <value> 17.3828</value>
        </Data>
        <Data name="Long">
          <value>104.6853</value>
        </Data>
      </ExtendedData>
      <Point>
        <coordinates>
          104.6853,17.3828,0
        </coordinates>
      </Point>
    </Placemark>
    <Placemark>
      <name>MD116 - DB - 22 - 0502 - 228+430</name>
      <description><![CDATA[Lat:  17.3829<br>Long: 104.6860]]></description>
      <styleUrl>#icon-1899-0288D1</styleUrl>
      <ExtendedData>
        <Data name="Lat">
          <value> 17.3829</value>
        </Data>
        <Data name="Long">
          <value>104.6860</value>
        </Data>
      </ExtendedData>
      <Point>
        <coordinates>
          104.686,17.3829,0
        </coordinates>
      </Point>
    </Placemark>
    <Placemark>
      <name>MD117 - DB - 22 - 0502 - 228+465</name>
      <description><![CDATA[Lat:  17.3830<br>Long: 104.6863]]></description>
      <styleUrl>#icon-1899-0288D1</styleUrl>
      <ExtendedData>
        <Data name="Lat">
          <value> 17.3830</value>
        </Data>
        <Data name="Long">
          <value>104.6863</value>
        </Data>
      </ExtendedData>
      <Point>
        <coordinates>
          104.6863,17.383,0
        </coordinates>
      </Point>
    </Placemark>
    <Placemark>
      <name>MD118 - DB - 22 - 0502 - 228+500</name>
      <description><![CDATA[Lat: 17.3831<br>Long: 104.6866]]></description>
      <styleUrl>#icon-1899-0288D1</styleUrl>
      <ExtendedData>
        <Data name="Lat">
          <value>17.3831</value>
        </Data>
        <Data name="Long">
          <value>104.6866</value>
        </Data>
      </ExtendedData>
      <Point>
        <coordinates>
          104.6866,17.3831,0
        </coordinates>
      </Point>
    </Placemark>
    <Placemark>
      <name>MD119 - DB - 22 - 0502 - 228+535</name>
      <description><![CDATA[Lat:  17.3831<br>Long: 104.6870]]></description>
      <styleUrl>#icon-1899-0288D1</styleUrl>
      <ExtendedData>
        <Data name="Lat">
          <value> 17.3831</value>
        </Data>
        <Data name="Long">
          <value>104.6870</value>
        </Data>
      </ExtendedData>
      <Point>
        <coordinates>
          104.687,17.3831,0
        </coordinates>
      </Point>
    </Placemark>
    <Placemark>
      <name>MD120 - DB - 22 - 0502 - 228+570</name>
      <description><![CDATA[Lat:  17.3832<br>Long: 104.6872]]></description>
      <styleUrl>#icon-1899-0288D1</styleUrl>
      <ExtendedData>
        <Data name="Lat">
          <value> 17.3832</value>
        </Data>
        <Data name="Long">
          <value>104.6872</value>
        </Data>
      </ExtendedData>
      <Point>
        <coordinates>
          104.6872,17.3832,0
        </coordinates>
      </Point>
    </Placemark>
    <Placemark>
      <name>MD121 - DB - 22 - 0502 - 228+605</name>
      <description><![CDATA[Lat:  17.3833<br>Long: 104.6876]]></description>
      <styleUrl>#icon-1899-0288D1</styleUrl>
      <ExtendedData>
        <Data name="Lat">
          <value> 17.3833</value>
        </Data>
        <Data name="Long">
          <value>104.6876</value>
        </Data>
      </ExtendedData>
      <Point>
        <coordinates>
          104.6876,17.3833,0
        </coordinates>
      </Point>
    </Placemark>
    <Placemark>
      <name>MD122 - DB - 22 - 0502 - 228+640</name>
      <description><![CDATA[Lat: 17.3833<br>Long: 104.6879]]></description>
      <styleUrl>#icon-1899-0288D1</styleUrl>
      <ExtendedData>
        <Data name="Lat">
          <value>17.3833</value>
        </Data>
        <Data name="Long">
          <value>104.6879</value>
        </Data>
      </ExtendedData>
      <Point>
        <coordinates>
          104.6879,17.3833,0
        </coordinates>
      </Point>
    </Placemark>
    <Placemark>
      <name>MD123 - DB - 22 - 0502 - 228+675</name>
      <description><![CDATA[Lat:  17.3834<br>Long: 104.6882]]></description>
      <styleUrl>#icon-1899-0288D1</styleUrl>
      <ExtendedData>
        <Data name="Lat">
          <value> 17.3834</value>
        </Data>
        <Data name="Long">
          <value>104.6882</value>
        </Data>
      </ExtendedData>
      <Point>
        <coordinates>
          104.6882,17.3834,0
        </coordinates>
      </Point>
    </Placemark>
    <Placemark>
      <name>MD124 - DB - 22 - 0502 - 228+710</name>
      <description><![CDATA[Lat:  17.3834<br>Long: 104.6886]]></description>
      <styleUrl>#icon-1899-0288D1</styleUrl>
      <ExtendedData>
        <Data name="Lat">
          <value> 17.3834</value>
        </Data>
        <Data name="Long">
          <value>104.6886</value>
        </Data>
      </ExtendedData>
      <Point>
        <coordinates>
          104.6886,17.3834,0
        </coordinates>
      </Point>
    </Placemark>
    <Placemark>
      <name>MD125 - DB - 22 - 0502 - 228+745</name>
      <description><![CDATA[Lat: 17.3835<br>Long: 104.6889]]></description>
      <styleUrl>#icon-1899-0288D1</styleUrl>
      <ExtendedData>
        <Data name="Lat">
          <value>17.3835</value>
        </Data>
        <Data name="Long">
          <value>104.6889</value>
        </Data>
      </ExtendedData>
      <Point>
        <coordinates>
          104.6889,17.3835,0
        </coordinates>
      </Point>
    </Placemark>
    <Placemark>
      <name>MD126 - DB - 22 - 0502 - 228+780</name>
      <description><![CDATA[Lat: 17.3835<br>Long: 104.6892]]></description>
      <styleUrl>#icon-1899-0288D1</styleUrl>
      <ExtendedData>
        <Data name="Lat">
          <value>17.3835</value>
        </Data>
        <Data name="Long">
          <value>104.6892</value>
        </Data>
      </ExtendedData>
      <Point>
        <coordinates>
          104.6892,17.3835,0
        </coordinates>
      </Point>
    </Placemark>
    <Placemark>
      <name>MD127 - DB - 22 - 0502 - 228+815</name>
      <description><![CDATA[Lat:  17.3836<br>Long: 104.6896]]></description>
      <styleUrl>#icon-1899-0288D1</styleUrl>
      <ExtendedData>
        <Data name="Lat">
          <value> 17.3836</value>
        </Data>
        <Data name="Long">
          <value>104.6896</value>
        </Data>
      </ExtendedData>
      <Point>
        <coordinates>
          104.6896,17.3836,0
        </coordinates>
      </Point>
    </Placemark>
    <Placemark>
      <name>MD128 - DB - 22 - 0502 - 228+850</name>
      <description><![CDATA[Lat: 17.3836<br>Long: 104.6899]]></description>
      <styleUrl>#icon-1899-0288D1</styleUrl>
      <ExtendedData>
        <Data name="Lat">
          <value>17.3836</value>
        </Data>
        <Data name="Long">
          <value>104.6899</value>
        </Data>
      </ExtendedData>
      <Point>
        <coordinates>
          104.6899,17.3836,0
        </coordinates>
      </Point>
    </Placemark>
    <Placemark>
      <name>LT247 - SG - 22 - 0502 - 228+710</name>
      <description><![CDATA[Lat:  17.3835<br>Long: 104.6885]]></description>
      <styleUrl>#icon-1899-0288D1</styleUrl>
      <ExtendedData>
        <Data name="Lat">
          <value> 17.3835</value>
        </Data>
        <Data name="Long">
          <value>104.6885</value>
        </Data>
      </ExtendedData>
      <Point>
        <coordinates>
          104.6885,17.3835,0
        </coordinates>
      </Point>
    </Placemark>
    <Placemark>
      <name>LT248 - SG - 22 - 0502 - 228+745</name>
      <description><![CDATA[Lat:  17.3836<br>Long: 104.6888]]></description>
      <styleUrl>#icon-1899-0288D1</styleUrl>
      <ExtendedData>
        <Data name="Lat">
          <value> 17.3836</value>
        </Data>
        <Data name="Long">
          <value>104.6888</value>
        </Data>
      </ExtendedData>
      <Point>
        <coordinates>
          104.6888,17.3836,0
        </coordinates>
      </Point>
    </Placemark>
    <Placemark>
      <name>LT249 - SG - 22 - 0502 - 228+780</name>
      <description><![CDATA[Lat: 17.3837<br>Long: 104.6891]]></description>
      <styleUrl>#icon-1899-0288D1</styleUrl>
      <ExtendedData>
        <Data name="Lat">
          <value>17.3837</value>
        </Data>
        <Data name="Long">
          <value>104.6891</value>
        </Data>
      </ExtendedData>
      <Point>
        <coordinates>
          104.6891,17.3837,0
        </coordinates>
      </Point>
    </Placemark>
    <Placemark>
      <name>LT250 - SG - 22 - 0502 - 228+815</name>
      <description><![CDATA[Lat: 17.3837<br>Long: 104.6893]]></description>
      <styleUrl>#icon-1899-0288D1</styleUrl>
      <ExtendedData>
        <Data name="Lat">
          <value>17.3837</value>
        </Data>
        <Data name="Long">
          <value>104.6893</value>
        </Data>
      </ExtendedData>
      <Point>
        <coordinates>
          104.6893,17.3837,0
        </coordinates>
      </Point>
    </Placemark>
    <Placemark>
      <name>LT251 - SG - 22 - 0502 - 228+850</name>
      <description><![CDATA[Lat:  17.3837<br>Long: 104.6895]]></description>
      <styleUrl>#icon-1899-0288D1</styleUrl>
      <ExtendedData>
        <Data name="Lat">
          <value> 17.3837</value>
        </Data>
        <Data name="Long">
          <value>104.6895</value>
        </Data>
      </ExtendedData>
      <Point>
        <coordinates>
          104.6895,17.3837,0
        </coordinates>
      </Point>
    </Placemark>
    <Placemark>
      <name>LT252 - SG - 22 - 0502 - 228+885</name>
      <description><![CDATA[Lat:  17.3838<br>Long: 104.6897]]></description>
      <styleUrl>#icon-1899-0288D1</styleUrl>
      <ExtendedData>
        <Data name="Lat">
          <value> 17.3838</value>
        </Data>
        <Data name="Long">
          <value>104.6897</value>
        </Data>
      </ExtendedData>
      <Point>
        <coordinates>
          104.6897,17.3838,0
        </coordinates>
      </Point>
    </Placemark>
    <Placemark>
      <name>LT253 - SG - 22 - 0502 - 228+920</name>
      <description><![CDATA[Lat: 17.3839<br>Long: 104.6899]]></description>
      <styleUrl>#icon-1899-0288D1</styleUrl>
      <ExtendedData>
        <Data name="Lat">
          <value>17.3839</value>
        </Data>
        <Data name="Long">
          <value>104.6899</value>
        </Data>
      </ExtendedData>
      <Point>
        <coordinates>
          104.6899,17.3839,0
        </coordinates>
      </Point>
    </Placemark>
    <Placemark>
      <name>LT254 - SG - 22 - 0502 - 228+965</name>
      <description><![CDATA[Lat:  17.3839<br>Long: 104.6903]]></description>
      <styleUrl>#icon-1899-0288D1</styleUrl>
      <ExtendedData>
        <Data name="Lat">
          <value> 17.3839</value>
        </Data>
        <Data name="Long">
          <value>104.6903</value>
        </Data>
      </ExtendedData>
      <Point>
        <coordinates>
          104.6903,17.3839,0
        </coordinates>
      </Point>
    </Placemark>
    <Placemark>
      <name>LT255 - SG - 22 - 0502 - 229++00</name>
      <description><![CDATA[Lat:  17.384 <br>Long: 104.6905]]></description>
      <styleUrl>#icon-1899-0288D1</styleUrl>
      <ExtendedData>
        <Data name="Lat">
          <value> 17.384 </value>
        </Data>
        <Data name="Long">
          <value>104.6905</value>
        </Data>
      </ExtendedData>
      <Point>
        <coordinates>
          104.6905,17.384,0
        </coordinates>
      </Point>
    </Placemark>
    <Placemark>
      <name>LT256 - SG - 22 - 0502 - 228+966</name>
      <description><![CDATA[Lat:  17.3840<br>Long: 104.6909]]></description>
      <styleUrl>#icon-1899-0288D1</styleUrl>
      <ExtendedData>
        <Data name="Lat">
          <value> 17.3840</value>
        </Data>
        <Data name="Long">
          <value>104.6909</value>
        </Data>
      </ExtendedData>
      <Point>
        <coordinates>
          104.6909,17.384,0
        </coordinates>
      </Point>
    </Placemark>
    <Placemark>
      <name>MD129 - DB - 22 - 0502 - 228+965</name>
      <description><![CDATA[Lat:  17.3838<br>Long: 104.6903]]></description>
      <styleUrl>#icon-1899-0288D1</styleUrl>
      <ExtendedData>
        <Data name="Lat">
          <value> 17.3838</value>
        </Data>
        <Data name="Long">
          <value>104.6903</value>
        </Data>
      </ExtendedData>
      <Point>
        <coordinates>
          104.6903,17.3838,0
        </coordinates>
      </Point>
    </Placemark>
    <Placemark>
      <name>MD130 - DB - 22 - 0502 - 229+005</name>
      <description><![CDATA[Lat:  17.3838<br>Long: 104.6907]]></description>
      <styleUrl>#icon-1899-0288D1</styleUrl>
      <ExtendedData>
        <Data name="Lat">
          <value> 17.3838</value>
        </Data>
        <Data name="Long">
          <value>104.6907</value>
        </Data>
      </ExtendedData>
      <Point>
        <coordinates>
          104.6907,17.3838,0
        </coordinates>
      </Point>
    </Placemark>
    <Placemark>
      <name>MD131 - DB - 22 - 0502 - 229+045</name>
      <description><![CDATA[Lat:  17.3839<br>Long: 104.6911]]></description>
      <styleUrl>#icon-1899-0288D1</styleUrl>
      <ExtendedData>
        <Data name="Lat">
          <value> 17.3839</value>
        </Data>
        <Data name="Long">
          <value>104.6911</value>
        </Data>
      </ExtendedData>
      <Point>
        <coordinates>
          104.6911,17.3839,0
        </coordinates>
      </Point>
    </Placemark>
    <Placemark>
      <name>LT257 - SG - 22 - 0502 - 229+045</name>
      <description><![CDATA[Lat:  17.3840<br>Long: 104.6911]]></description>
      <styleUrl>#icon-1899-0288D1</styleUrl>
      <ExtendedData>
        <Data name="Lat">
          <value> 17.3840</value>
        </Data>
        <Data name="Long">
          <value>104.6911</value>
        </Data>
      </ExtendedData>
      <Point>
        <coordinates>
          104.6911,17.384,0
        </coordinates>
      </Point>
    </Placemark>
    <Placemark>
      <name>LT258 - SG - 22 - 0502 - 229+080</name>
      <description><![CDATA[Lat:  17.3840<br>Long: 104.6913]]></description>
      <styleUrl>#icon-1899-0288D1</styleUrl>
      <ExtendedData>
        <Data name="Lat">
          <value> 17.3840</value>
        </Data>
        <Data name="Long">
          <value>104.6913</value>
        </Data>
      </ExtendedData>
      <Point>
        <coordinates>
          104.6913,17.384,0
        </coordinates>
      </Point>
    </Placemark>
    <Placemark>
      <name>LT259 - SG - 22 - 0502 - 229+115</name>
      <description><![CDATA[Lat:  17.3841<br>Long: 104.6916]]></description>
      <styleUrl>#icon-1899-0288D1</styleUrl>
      <ExtendedData>
        <Data name="Lat">
          <value> 17.3841</value>
        </Data>
        <Data name="Long">
          <value>104.6916</value>
        </Data>
      </ExtendedData>
      <Point>
        <coordinates>
          104.6916,17.3841,0
        </coordinates>
      </Point>
    </Placemark>
    <Placemark>
      <name>MD132 - DB - 22 - 0502 - 229+373</name>
      <description><![CDATA[Lat: 17.3844<br>Long: 104.6940]]></description>
      <styleUrl>#icon-1899-0288D1</styleUrl>
      <ExtendedData>
        <Data name="Lat">
          <value>17.3844</value>
        </Data>
        <Data name="Long">
          <value>104.6940</value>
        </Data>
      </ExtendedData>
      <Point>
        <coordinates>
          104.694,17.3844,0
        </coordinates>
      </Point>
    </Placemark>
    <Placemark>
      <name>MD133 - DB - 22 - 0502 - 229+413</name>
      <description><![CDATA[Lat: 17.3845<br>Long: 104.6944]]></description>
      <styleUrl>#icon-1899-0288D1</styleUrl>
      <ExtendedData>
        <Data name="Lat">
          <value>17.3845</value>
        </Data>
        <Data name="Long">
          <value>104.6944</value>
        </Data>
      </ExtendedData>
      <Point>
        <coordinates>
          104.6944,17.3845,0
        </coordinates>
      </Point>
    </Placemark>
    <Placemark>
      <name>MD134 - DB - 22 - 0502 - 229+453</name>
      <description><![CDATA[Lat:  17.3846<br>Long: 104.6949]]></description>
      <styleUrl>#icon-1899-0288D1</styleUrl>
      <ExtendedData>
        <Data name="Lat">
          <value> 17.3846</value>
        </Data>
        <Data name="Long">
          <value>104.6949</value>
        </Data>
      </ExtendedData>
      <Point>
        <coordinates>
          104.6949,17.3846,0
        </coordinates>
      </Point>
    </Placemark>
    <Placemark>
      <name>MD135 - DB - 22 - 0502 - 229+493</name>
      <description><![CDATA[Lat:  17.3846<br>Long: 104.6953]]></description>
      <styleUrl>#icon-1899-0288D1</styleUrl>
      <ExtendedData>
        <Data name="Lat">
          <value> 17.3846</value>
        </Data>
        <Data name="Long">
          <value>104.6953</value>
        </Data>
      </ExtendedData>
      <Point>
        <coordinates>
          104.6953,17.3846,0
        </coordinates>
      </Point>
    </Placemark>
    <Placemark>
      <name>MD136 - DB - 22 - 0502 - 229+533</name>
      <description><![CDATA[Lat:  17.3846<br>Long: 104.6957]]></description>
      <styleUrl>#icon-1899-0288D1</styleUrl>
      <ExtendedData>
        <Data name="Lat">
          <value> 17.3846</value>
        </Data>
        <Data name="Long">
          <value>104.6957</value>
        </Data>
      </ExtendedData>
      <Point>
        <coordinates>
          104.6957,17.3846,0
        </coordinates>
      </Point>
    </Placemark>
    <Placemark>
      <name>MD137 - DB - 22 - 0502 - 229+623</name>
      <description><![CDATA[Lat:  17.3847<br>Long: 104.6966]]></description>
      <styleUrl>#icon-1899-0288D1</styleUrl>
      <ExtendedData>
        <Data name="Lat">
          <value> 17.3847</value>
        </Data>
        <Data name="Long">
          <value>104.6966</value>
        </Data>
      </ExtendedData>
      <Point>
        <coordinates>
          104.6966,17.3847,0
        </coordinates>
      </Point>
    </Placemark>
    <Placemark>
      <name>MD138 - DB - 22 - 0502 - 229+663</name>
      <description><![CDATA[Lat:  17.3847<br>Long: 104.6969]]></description>
      <styleUrl>#icon-1899-0288D1</styleUrl>
      <ExtendedData>
        <Data name="Lat">
          <value> 17.3847</value>
        </Data>
        <Data name="Long">
          <value>104.6969</value>
        </Data>
      </ExtendedData>
      <Point>
        <coordinates>
          104.6969,17.3847,0
        </coordinates>
      </Point>
    </Placemark>
    <Placemark>
      <name>MD139 - DB - 22 - 0502 - 229+703</name>
      <description><![CDATA[Lat:  17.3846<br>Long: 104.6974]]></description>
      <styleUrl>#icon-1899-0288D1</styleUrl>
      <ExtendedData>
        <Data name="Lat">
          <value> 17.3846</value>
        </Data>
        <Data name="Long">
          <value>104.6974</value>
        </Data>
      </ExtendedData>
      <Point>
        <coordinates>
          104.6974,17.3846,0
        </coordinates>
      </Point>
    </Placemark>
    <Placemark>
      <name>MD140 - DB - 22 - 0502 - 229+743</name>
      <description><![CDATA[Lat:  17.3846<br>Long: 104.6978]]></description>
      <styleUrl>#icon-1899-0288D1</styleUrl>
      <ExtendedData>
        <Data name="Lat">
          <value> 17.3846</value>
        </Data>
        <Data name="Long">
          <value>104.6978</value>
        </Data>
      </ExtendedData>
      <Point>
        <coordinates>
          104.6978,17.3846,0
        </coordinates>
      </Point>
    </Placemark>
    <Placemark>
      <name>MD141 - DB - 22 - 0502 - 229+783</name>
      <description><![CDATA[Lat:  17.3846<br>Long: 104.6981]]></description>
      <styleUrl>#icon-1899-0288D1</styleUrl>
      <ExtendedData>
        <Data name="Lat">
          <value> 17.3846</value>
        </Data>
        <Data name="Long">
          <value>104.6981</value>
        </Data>
      </ExtendedData>
      <Point>
        <coordinates>
          104.6981,17.3846,0
        </coordinates>
      </Point>
    </Placemark>
    <Placemark>
      <name>MD142 - DB - 22 - 0502 - 229+818</name>
      <description><![CDATA[Lat:  17.3846<br>Long: 104.6985]]></description>
      <styleUrl>#icon-1899-0288D1</styleUrl>
      <ExtendedData>
        <Data name="Lat">
          <value> 17.3846</value>
        </Data>
        <Data name="Long">
          <value>104.6985</value>
        </Data>
      </ExtendedData>
      <Point>
        <coordinates>
          104.6985,17.3846,0
        </coordinates>
      </Point>
    </Placemark>
    <Placemark>
      <name>MD143 - DB - 22 - 0502 - 229+853</name>
      <description><![CDATA[Lat:  17.3846<br>Long: 104.6988]]></description>
      <styleUrl>#icon-1899-0288D1</styleUrl>
      <ExtendedData>
        <Data name="Lat">
          <value> 17.3846</value>
        </Data>
        <Data name="Long">
          <value>104.6988</value>
        </Data>
      </ExtendedData>
      <Point>
        <coordinates>
          104.6988,17.3846,0
        </coordinates>
      </Point>
    </Placemark>
    <Placemark>
      <name>MD144 - DB - 22 - 0502 - 229+888</name>
      <description><![CDATA[Lat:  17.3846<br>Long: 104.6992]]></description>
      <styleUrl>#icon-1899-0288D1</styleUrl>
      <ExtendedData>
        <Data name="Lat">
          <value> 17.3846</value>
        </Data>
        <Data name="Long">
          <value>104.6992</value>
        </Data>
      </ExtendedData>
      <Point>
        <coordinates>
          104.6992,17.3846,0
        </coordinates>
      </Point>
    </Placemark>
    <Placemark>
      <name>MD145 - DB - 22 - 0502 - 229+923</name>
      <description><![CDATA[Lat:  17.3846<br>Long: 104.6995]]></description>
      <styleUrl>#icon-1899-0288D1</styleUrl>
      <ExtendedData>
        <Data name="Lat">
          <value> 17.3846</value>
        </Data>
        <Data name="Long">
          <value>104.6995</value>
        </Data>
      </ExtendedData>
      <Point>
        <coordinates>
          104.6995,17.3846,0
        </coordinates>
      </Point>
    </Placemark>
    <Placemark>
      <name>MD146 - DB - 22 - 0502 - 229+958</name>
      <description><![CDATA[Lat:  17.3845<br>Long: 104.6998]]></description>
      <styleUrl>#icon-1899-0288D1</styleUrl>
      <ExtendedData>
        <Data name="Lat">
          <value> 17.3845</value>
        </Data>
        <Data name="Long">
          <value>104.6998</value>
        </Data>
      </ExtendedData>
      <Point>
        <coordinates>
          104.6998,17.3845,0
        </coordinates>
      </Point>
    </Placemark>
    <Placemark>
      <name>MD147 - DB - 22 - 0502 - 229+993</name>
      <description><![CDATA[Lat:  17.3845<br>Long: 104.7002]]></description>
      <styleUrl>#icon-1899-0288D1</styleUrl>
      <ExtendedData>
        <Data name="Lat">
          <value> 17.3845</value>
        </Data>
        <Data name="Long">
          <value>104.7002</value>
        </Data>
      </ExtendedData>
      <Point>
        <coordinates>
          104.7002,17.3845,0
        </coordinates>
      </Point>
    </Placemark>
    <Placemark>
      <name>MD148 - DB - 22 - 0502 - 230+028</name>
      <description><![CDATA[Lat:  17.3845<br>Long: 104.7005]]></description>
      <styleUrl>#icon-1899-0288D1</styleUrl>
      <ExtendedData>
        <Data name="Lat">
          <value> 17.3845</value>
        </Data>
        <Data name="Long">
          <value>104.7005</value>
        </Data>
      </ExtendedData>
      <Point>
        <coordinates>
          104.7005,17.3845,0
        </coordinates>
      </Point>
    </Placemark>
    <Placemark>
      <name>MD149 - DB - 22 - 0502 - 230+063</name>
      <description><![CDATA[Lat:  17.3845<br>Long: 104.7009]]></description>
      <styleUrl>#icon-1899-0288D1</styleUrl>
      <ExtendedData>
        <Data name="Lat">
          <value> 17.3845</value>
        </Data>
        <Data name="Long">
          <value>104.7009</value>
        </Data>
      </ExtendedData>
      <Point>
        <coordinates>
          104.7009,17.3845,0
        </coordinates>
      </Point>
    </Placemark>
    <Placemark>
      <name>MD150 - DB - 22 - 0502 - 230+098</name>
      <description><![CDATA[Lat: 17.3845<br>Long: 104.7012]]></description>
      <styleUrl>#icon-1899-0288D1</styleUrl>
      <ExtendedData>
        <Data name="Lat">
          <value>17.3845</value>
        </Data>
        <Data name="Long">
          <value>104.7012</value>
        </Data>
      </ExtendedData>
      <Point>
        <coordinates>
          104.7012,17.3845,0
        </coordinates>
      </Point>
    </Placemark>
    <Placemark>
      <name>MD151 - DB - 22 - 0502 - 230+133</name>
      <description><![CDATA[Lat:  17.3845<br>Long: 104.7015]]></description>
      <styleUrl>#icon-1899-0288D1</styleUrl>
      <ExtendedData>
        <Data name="Lat">
          <value> 17.3845</value>
        </Data>
        <Data name="Long">
          <value>104.7015</value>
        </Data>
      </ExtendedData>
      <Point>
        <coordinates>
          104.7015,17.3845,0
        </coordinates>
      </Point>
    </Placemark>
    <Placemark>
      <name>MD152 - DB - 22 - 0502 - 230+168</name>
      <description><![CDATA[Lat:  17.3845<br>Long: 104.7019]]></description>
      <styleUrl>#icon-1899-0288D1</styleUrl>
      <ExtendedData>
        <Data name="Lat">
          <value> 17.3845</value>
        </Data>
        <Data name="Long">
          <value>104.7019</value>
        </Data>
      </ExtendedData>
      <Point>
        <coordinates>
          104.7019,17.3845,0
        </coordinates>
      </Point>
    </Placemark>
    <Placemark>
      <name>MD153 - DB - 22 - 0502 - 230+203</name>
      <description><![CDATA[Lat:  17.3845<br>Long: 104.7022]]></description>
      <styleUrl>#icon-1899-0288D1</styleUrl>
      <ExtendedData>
        <Data name="Lat">
          <value> 17.3845</value>
        </Data>
        <Data name="Long">
          <value>104.7022</value>
        </Data>
      </ExtendedData>
      <Point>
        <coordinates>
          104.7022,17.3845,0
        </coordinates>
      </Point>
    </Placemark>
    <Placemark>
      <name>MD154 - DB - 22 - 0502 - 230+238</name>
      <description><![CDATA[Lat:  17.3844<br>Long: 104.7025]]></description>
      <styleUrl>#icon-1899-0288D1</styleUrl>
      <ExtendedData>
        <Data name="Lat">
          <value> 17.3844</value>
        </Data>
        <Data name="Long">
          <value>104.7025</value>
        </Data>
      </ExtendedData>
      <Point>
        <coordinates>
          104.7025,17.3844,0
        </coordinates>
      </Point>
    </Placemark>
    <Placemark>
      <name>MD155 - DB - 22 - 0502 - 230+273</name>
      <description><![CDATA[Lat:  17.3844<br>Long: 104.7029]]></description>
      <styleUrl>#icon-1899-0288D1</styleUrl>
      <ExtendedData>
        <Data name="Lat">
          <value> 17.3844</value>
        </Data>
        <Data name="Long">
          <value>104.7029</value>
        </Data>
      </ExtendedData>
      <Point>
        <coordinates>
          104.7029,17.3844,0
        </coordinates>
      </Point>
    </Placemark>
    <Placemark>
      <name>MD156 - DB - 22 - 0502 - 230+308</name>
      <description><![CDATA[Lat:  17.3844<br>Long: 104.7033]]></description>
      <styleUrl>#icon-1899-0288D1</styleUrl>
      <ExtendedData>
        <Data name="Lat">
          <value> 17.3844</value>
        </Data>
        <Data name="Long">
          <value>104.7033</value>
        </Data>
      </ExtendedData>
      <Point>
        <coordinates>
          104.7033,17.3844,0
        </coordinates>
      </Point>
    </Placemark>
    <Placemark>
      <name>MD157 - DB - 22 - 0502 - 230+343</name>
      <description><![CDATA[Lat:  17.3844<br>Long: 104.7036]]></description>
      <styleUrl>#icon-1899-0288D1</styleUrl>
      <ExtendedData>
        <Data name="Lat">
          <value> 17.3844</value>
        </Data>
        <Data name="Long">
          <value>104.7036</value>
        </Data>
      </ExtendedData>
      <Point>
        <coordinates>
          104.7036,17.3844,0
        </coordinates>
      </Point>
    </Placemark>
    <Placemark>
      <name>MD158 - DB - 22 - 0502 - 230+378</name>
      <description><![CDATA[Lat:  17.3844<br>Long: 104.7039]]></description>
      <styleUrl>#icon-1899-0288D1</styleUrl>
      <ExtendedData>
        <Data name="Lat">
          <value> 17.3844</value>
        </Data>
        <Data name="Long">
          <value>104.7039</value>
        </Data>
      </ExtendedData>
      <Point>
        <coordinates>
          104.7039,17.3844,0
        </coordinates>
      </Point>
    </Placemark>
    <Placemark>
      <name>MD159 - DB - 22 - 0502 - 230+413</name>
      <description><![CDATA[Lat:  17.3844<br>Long: 104.7043]]></description>
      <styleUrl>#icon-1899-0288D1</styleUrl>
      <ExtendedData>
        <Data name="Lat">
          <value> 17.3844</value>
        </Data>
        <Data name="Long">
          <value>104.7043</value>
        </Data>
      </ExtendedData>
      <Point>
        <coordinates>
          104.7043,17.3844,0
        </coordinates>
      </Point>
    </Placemark>
    <Placemark>
      <name>MD160 - DB - 22 - 0502 - 230+448</name>
      <description><![CDATA[Lat:  17.3844<br>Long: 104.7046]]></description>
      <styleUrl>#icon-1899-0288D1</styleUrl>
      <ExtendedData>
        <Data name="Lat">
          <value> 17.3844</value>
        </Data>
        <Data name="Long">
          <value>104.7046</value>
        </Data>
      </ExtendedData>
      <Point>
        <coordinates>
          104.7046,17.3844,0
        </coordinates>
      </Point>
    </Placemark>
    <Placemark>
      <name>MD161 - DB - 22 - 0502 - 230+483</name>
      <description><![CDATA[Lat:  17.3844<br>Long: 104.7048]]></description>
      <styleUrl>#icon-1899-0288D1</styleUrl>
      <ExtendedData>
        <Data name="Lat">
          <value> 17.3844</value>
        </Data>
        <Data name="Long">
          <value>104.7048</value>
        </Data>
      </ExtendedData>
      <Point>
        <coordinates>
          104.7048,17.3844,0
        </coordinates>
      </Point>
    </Placemark>
    <Placemark>
      <name>MD162 - DB - 22 - 0502 - 230+518</name>
      <description><![CDATA[Lat:  17.3843<br>Long: 104.7053]]></description>
      <styleUrl>#icon-1899-0288D1</styleUrl>
      <ExtendedData>
        <Data name="Lat">
          <value> 17.3843</value>
        </Data>
        <Data name="Long">
          <value>104.7053</value>
        </Data>
      </ExtendedData>
      <Point>
        <coordinates>
          104.7053,17.3843,0
        </coordinates>
      </Point>
    </Placemark>
    <Placemark>
      <name>MD163 - DB - 22 - 0502 - 230+590</name>
      <description><![CDATA[Lat: 17.3843<br>Long: 104.7060]]></description>
      <styleUrl>#icon-1899-0288D1</styleUrl>
      <ExtendedData>
        <Data name="Lat">
          <value>17.3843</value>
        </Data>
        <Data name="Long">
          <value>104.7060</value>
        </Data>
      </ExtendedData>
      <Point>
        <coordinates>
          104.706,17.3843,0
        </coordinates>
      </Point>
    </Placemark>
    <Placemark>
      <name>MD164 - DB - 22 - 0502 - 230+632</name>
      <description><![CDATA[Lat: 17.38437<br>Long: 104.7064]]></description>
      <styleUrl>#icon-1899-0288D1</styleUrl>
      <ExtendedData>
        <Data name="Lat">
          <value>17.38437</value>
        </Data>
        <Data name="Long">
          <value>104.7064</value>
        </Data>
      </ExtendedData>
      <Point>
        <coordinates>
          104.7064,17.38437,0
        </coordinates>
      </Point>
    </Placemark>
    <Placemark>
      <name>MD165 - DB - 22 - 0502 - 230+704</name>
      <description><![CDATA[Lat:  17.3843<br>Long: 104.7071]]></description>
      <styleUrl>#icon-1899-0288D1</styleUrl>
      <ExtendedData>
        <Data name="Lat">
          <value> 17.3843</value>
        </Data>
        <Data name="Long">
          <value>104.7071</value>
        </Data>
      </ExtendedData>
      <Point>
        <coordinates>
          104.7071,17.3843,0
        </coordinates>
      </Point>
    </Placemark>
    <Placemark>
      <name>MD166 - DB - 22 - 0502 - 230+748</name>
      <description><![CDATA[Lat:  17.3843<br>Long: 104.7075]]></description>
      <styleUrl>#icon-1899-0288D1</styleUrl>
      <ExtendedData>
        <Data name="Lat">
          <value> 17.3843</value>
        </Data>
        <Data name="Long">
          <value>104.7075</value>
        </Data>
      </ExtendedData>
      <Point>
        <coordinates>
          104.7075,17.3843,0
        </coordinates>
      </Point>
    </Placemark>
    <Placemark>
      <name>MD167 - DB - 22 - 0502 - 230+790</name>
      <description><![CDATA[Lat:  17.3843<br>Long: 104.7079]]></description>
      <styleUrl>#icon-1899-0288D1</styleUrl>
      <ExtendedData>
        <Data name="Lat">
          <value> 17.3843</value>
        </Data>
        <Data name="Long">
          <value>104.7079</value>
        </Data>
      </ExtendedData>
      <Point>
        <coordinates>
          104.7079,17.3843,0
        </coordinates>
      </Point>
    </Placemark>
    <Placemark>
      <name>MD168 - DB - 22 - 0502 - 230+832</name>
      <description><![CDATA[Lat:  17.3842<br>Long: 104.7083]]></description>
      <styleUrl>#icon-1899-0288D1</styleUrl>
      <ExtendedData>
        <Data name="Lat">
          <value> 17.3842</value>
        </Data>
        <Data name="Long">
          <value>104.7083</value>
        </Data>
      </ExtendedData>
      <Point>
        <coordinates>
          104.7083,17.3842,0
        </coordinates>
      </Point>
    </Placemark>
    <Placemark>
      <name>MD169 - DB - 22 - 0502 - 230+874</name>
      <description><![CDATA[Lat:  17.3842<br>Long: 104.7087]]></description>
      <styleUrl>#icon-1899-0288D1</styleUrl>
      <ExtendedData>
        <Data name="Lat">
          <value> 17.3842</value>
        </Data>
        <Data name="Long">
          <value>104.7087</value>
        </Data>
      </ExtendedData>
      <Point>
        <coordinates>
          104.7087,17.3842,0
        </coordinates>
      </Point>
    </Placemark>
    <Placemark>
      <name>MD170 - DB - 22 - 0502 - 230+916</name>
      <description><![CDATA[Lat: 17.3842<br>Long: 104.7091]]></description>
      <styleUrl>#icon-1899-0288D1</styleUrl>
      <ExtendedData>
        <Data name="Lat">
          <value>17.3842</value>
        </Data>
        <Data name="Long">
          <value>104.7091</value>
        </Data>
      </ExtendedData>
      <Point>
        <coordinates>
          104.7091,17.3842,0
        </coordinates>
      </Point>
    </Placemark>
    <Placemark>
      <name>MD171 - DB - 22 - 0502 - 230+958</name>
      <description><![CDATA[Lat:  17.3842<br>Long: 104.7095]]></description>
      <styleUrl>#icon-1899-0288D1</styleUrl>
      <ExtendedData>
        <Data name="Lat">
          <value> 17.3842</value>
        </Data>
        <Data name="Long">
          <value>104.7095</value>
        </Data>
      </ExtendedData>
      <Point>
        <coordinates>
          104.7095,17.3842,0
        </coordinates>
      </Point>
    </Placemark>
    <Placemark>
      <name>MD172 - DB - 22 - 0502 - 231+000</name>
      <description><![CDATA[Lat: 17.3842<br>Long: 104.7099]]></description>
      <styleUrl>#icon-1899-0288D1</styleUrl>
      <ExtendedData>
        <Data name="Lat">
          <value>17.3842</value>
        </Data>
        <Data name="Long">
          <value>104.7099</value>
        </Data>
      </ExtendedData>
      <Point>
        <coordinates>
          104.7099,17.3842,0
        </coordinates>
      </Point>
    </Placemark>
    <Placemark>
      <name>MD173 - DB - 22 - 0502 - 231+042</name>
      <description><![CDATA[Lat:  17.3842<br>Long: 104.7103]]></description>
      <styleUrl>#icon-1899-0288D1</styleUrl>
      <ExtendedData>
        <Data name="Lat">
          <value> 17.3842</value>
        </Data>
        <Data name="Long">
          <value>104.7103</value>
        </Data>
      </ExtendedData>
      <Point>
        <coordinates>
          104.7103,17.3842,0
        </coordinates>
      </Point>
    </Placemark>
    <Placemark>
      <name>MD174 - DB - 22 - 0502 - 231+084</name>
      <description><![CDATA[Lat:  17.3842<br>Long: 104.7107]]></description>
      <styleUrl>#icon-1899-0288D1</styleUrl>
      <ExtendedData>
        <Data name="Lat">
          <value> 17.3842</value>
        </Data>
        <Data name="Long">
          <value>104.7107</value>
        </Data>
      </ExtendedData>
      <Point>
        <coordinates>
          104.7107,17.3842,0
        </coordinates>
      </Point>
    </Placemark>
    <Placemark>
      <name>MD175 - DB - 22 - 0502 - 231+126</name>
      <description><![CDATA[Lat:  17.3841<br>Long: 104.7111]]></description>
      <styleUrl>#icon-1899-0288D1</styleUrl>
      <ExtendedData>
        <Data name="Lat">
          <value> 17.3841</value>
        </Data>
        <Data name="Long">
          <value>104.7111</value>
        </Data>
      </ExtendedData>
      <Point>
        <coordinates>
          104.7111,17.3841,0
        </coordinates>
      </Point>
    </Placemark>
    <Placemark>
      <name>MD176 - DB - 22 - 0502 - 231+168</name>
      <description><![CDATA[Lat:  17.3841<br>Long: 104.7115]]></description>
      <styleUrl>#icon-1899-0288D1</styleUrl>
      <ExtendedData>
        <Data name="Lat">
          <value> 17.3841</value>
        </Data>
        <Data name="Long">
          <value>104.7115</value>
        </Data>
      </ExtendedData>
      <Point>
        <coordinates>
          104.7115,17.3841,0
        </coordinates>
      </Point>
    </Placemark>
    <Placemark>
      <name>MD177 - DB - 22 - 0502 - 231+210</name>
      <description><![CDATA[Lat: 17.3841<br>Long: 104.7119]]></description>
      <styleUrl>#icon-1899-0288D1</styleUrl>
      <ExtendedData>
        <Data name="Lat">
          <value>17.3841</value>
        </Data>
        <Data name="Long">
          <value>104.7119</value>
        </Data>
      </ExtendedData>
      <Point>
        <coordinates>
          104.7119,17.3841,0
        </coordinates>
      </Point>
    </Placemark>
    <Placemark>
      <name>MD178 - DB - 22 - 0502 - 231+252</name>
      <description><![CDATA[Lat: 17.3841<br>Long: 104.7124]]></description>
      <styleUrl>#icon-1899-0288D1</styleUrl>
      <ExtendedData>
        <Data name="Lat">
          <value>17.3841</value>
        </Data>
        <Data name="Long">
          <value>104.7124</value>
        </Data>
      </ExtendedData>
      <Point>
        <coordinates>
          104.7124,17.3841,0
        </coordinates>
      </Point>
    </Placemark>
    <Placemark>
      <name>MD179 - DB - 22 - 0502 - 231+294</name>
      <description><![CDATA[Lat:  17.3841<br>Long: 104.7128]]></description>
      <styleUrl>#icon-1899-0288D1</styleUrl>
      <ExtendedData>
        <Data name="Lat">
          <value> 17.3841</value>
        </Data>
        <Data name="Long">
          <value>104.7128</value>
        </Data>
      </ExtendedData>
      <Point>
        <coordinates>
          104.7128,17.3841,0
        </coordinates>
      </Point>
    </Placemark>
    <Placemark>
      <name>MD180 - DB - 22 - 0502 - 231+336</name>
      <description><![CDATA[Lat:  17.3841<br>Long: 104.7132]]></description>
      <styleUrl>#icon-1899-0288D1</styleUrl>
      <ExtendedData>
        <Data name="Lat">
          <value> 17.3841</value>
        </Data>
        <Data name="Long">
          <value>104.7132</value>
        </Data>
      </ExtendedData>
      <Point>
        <coordinates>
          104.7132,17.3841,0
        </coordinates>
      </Point>
    </Placemark>
    <Placemark>
      <name>MD181 - DB - 22 - 0502 - 231+378</name>
      <description><![CDATA[Lat:  17.3840<br>Long: 104.7136]]></description>
      <styleUrl>#icon-1899-0288D1</styleUrl>
      <ExtendedData>
        <Data name="Lat">
          <value> 17.3840</value>
        </Data>
        <Data name="Long">
          <value>104.7136</value>
        </Data>
      </ExtendedData>
      <Point>
        <coordinates>
          104.7136,17.384,0
        </coordinates>
      </Point>
    </Placemark>
    <Placemark>
      <name>MD182 - DB - 22 - 0502 - 231+420</name>
      <description><![CDATA[Lat:  17.3841<br>Long: 104.7141]]></description>
      <styleUrl>#icon-1899-0288D1</styleUrl>
      <ExtendedData>
        <Data name="Lat">
          <value> 17.3841</value>
        </Data>
        <Data name="Long">
          <value>104.7141</value>
        </Data>
      </ExtendedData>
      <Point>
        <coordinates>
          104.7141,17.3841,0
        </coordinates>
      </Point>
    </Placemark>
    <Placemark>
      <name>MD183 - DB - 22 - 0502 - 231+462</name>
      <description><![CDATA[Lat:  17.3840<br>Long: 104.7145]]></description>
      <styleUrl>#icon-1899-0288D1</styleUrl>
      <ExtendedData>
        <Data name="Lat">
          <value> 17.3840</value>
        </Data>
        <Data name="Long">
          <value>104.7145</value>
        </Data>
      </ExtendedData>
      <Point>
        <coordinates>
          104.7145,17.384,0
        </coordinates>
      </Point>
    </Placemark>
    <Placemark>
      <name>MD184 - DB - 22 - 0502 - 231+504</name>
      <description><![CDATA[Lat:  17.3840<br>Long: 104.7149]]></description>
      <styleUrl>#icon-1899-0288D1</styleUrl>
      <ExtendedData>
        <Data name="Lat">
          <value> 17.3840</value>
        </Data>
        <Data name="Long">
          <value>104.7149</value>
        </Data>
      </ExtendedData>
      <Point>
        <coordinates>
          104.7149,17.384,0
        </coordinates>
      </Point>
    </Placemark>
    <Placemark>
      <name>MD185 - DB - 22 - 0502 - 231+546</name>
      <description><![CDATA[Lat:  17.3840<br>Long: 104.7153]]></description>
      <styleUrl>#icon-1899-0288D1</styleUrl>
      <ExtendedData>
        <Data name="Lat">
          <value> 17.3840</value>
        </Data>
        <Data name="Long">
          <value>104.7153</value>
        </Data>
      </ExtendedData>
      <Point>
        <coordinates>
          104.7153,17.384,0
        </coordinates>
      </Point>
    </Placemark>
    <Placemark>
      <name>MD186 - DB - 22 - 0502 - 231+588</name>
      <description><![CDATA[Lat: 17.3840<br>Long: 104.7157]]></description>
      <styleUrl>#icon-1899-0288D1</styleUrl>
      <ExtendedData>
        <Data name="Lat">
          <value>17.3840</value>
        </Data>
        <Data name="Long">
          <value>104.7157</value>
        </Data>
      </ExtendedData>
      <Point>
        <coordinates>
          104.7157,17.384,0
        </coordinates>
      </Point>
    </Placemark>
    <Placemark>
      <name>MD187 - DB - 22 - 0502 - 231+630</name>
      <description><![CDATA[Lat:  17.3840<br>Long: 104.7161]]></description>
      <styleUrl>#icon-1899-0288D1</styleUrl>
      <ExtendedData>
        <Data name="Lat">
          <value> 17.3840</value>
        </Data>
        <Data name="Long">
          <value>104.7161</value>
        </Data>
      </ExtendedData>
      <Point>
        <coordinates>
          104.7161,17.384,0
        </coordinates>
      </Point>
    </Placemark>
    <Placemark>
      <name>MD188 - DB - 22 - 0502 - 231+672</name>
      <description><![CDATA[Lat: 17.384 <br>Long: 104.7165]]></description>
      <styleUrl>#icon-1899-0288D1</styleUrl>
      <ExtendedData>
        <Data name="Lat">
          <value>17.384 </value>
        </Data>
        <Data name="Long">
          <value>104.7165</value>
        </Data>
      </ExtendedData>
      <Point>
        <coordinates>
          104.7165,17.384,0
        </coordinates>
      </Point>
    </Placemark>
    <Placemark>
      <name>MD189 - DB - 22 - 0502 - 231+714</name>
      <description><![CDATA[Lat:  17.3839<br>Long: 104.7168]]></description>
      <styleUrl>#icon-1899-0288D1</styleUrl>
      <ExtendedData>
        <Data name="Lat">
          <value> 17.3839</value>
        </Data>
        <Data name="Long">
          <value>104.7168</value>
        </Data>
      </ExtendedData>
      <Point>
        <coordinates>
          104.7168,17.3839,0
        </coordinates>
      </Point>
    </Placemark>
    <Placemark>
      <name>MD190 - DB - 22 - 0502 - 231+756</name>
      <description><![CDATA[Lat:  17.3839<br>Long: 104.7172]]></description>
      <styleUrl>#icon-1899-0288D1</styleUrl>
      <ExtendedData>
        <Data name="Lat">
          <value> 17.3839</value>
        </Data>
        <Data name="Long">
          <value>104.7172</value>
        </Data>
      </ExtendedData>
      <Point>
        <coordinates>
          104.7172,17.3839,0
        </coordinates>
      </Point>
    </Placemark>
    <Placemark>
      <name>MD191 - DB - 22 - 0502 - 231+798</name>
      <description><![CDATA[Lat:  17.3839<br>Long: 104.7176]]></description>
      <styleUrl>#icon-1899-0288D1</styleUrl>
      <ExtendedData>
        <Data name="Lat">
          <value> 17.3839</value>
        </Data>
        <Data name="Long">
          <value>104.7176</value>
        </Data>
      </ExtendedData>
      <Point>
        <coordinates>
          104.7176,17.3839,0
        </coordinates>
      </Point>
    </Placemark>
    <Placemark>
      <name>MD192 - DB - 22 - 0502 - 231+840</name>
      <description><![CDATA[Lat:  17.3839<br>Long: 104.7180]]></description>
      <styleUrl>#icon-1899-0288D1</styleUrl>
      <ExtendedData>
        <Data name="Lat">
          <value> 17.3839</value>
        </Data>
        <Data name="Long">
          <value>104.7180</value>
        </Data>
      </ExtendedData>
      <Point>
        <coordinates>
          104.718,17.3839,0
        </coordinates>
      </Point>
    </Placemark>
    <Placemark>
      <name>MD193 - DB - 22 - 0502 - 231+882</name>
      <description><![CDATA[Lat:  17.3839<br>Long: 104.7184]]></description>
      <styleUrl>#icon-1899-0288D1</styleUrl>
      <ExtendedData>
        <Data name="Lat">
          <value> 17.3839</value>
        </Data>
        <Data name="Long">
          <value>104.7184</value>
        </Data>
      </ExtendedData>
      <Point>
        <coordinates>
          104.7184,17.3839,0
        </coordinates>
      </Point>
    </Placemark>
    <Placemark>
      <name>MD194 - DB - 22 - 0502 - 231+924</name>
      <description><![CDATA[Lat:  17.3839<br>Long: 104.7188]]></description>
      <styleUrl>#icon-1899-0288D1</styleUrl>
      <ExtendedData>
        <Data name="Lat">
          <value> 17.3839</value>
        </Data>
        <Data name="Long">
          <value>104.7188</value>
        </Data>
      </ExtendedData>
      <Point>
        <coordinates>
          104.7188,17.3839,0
        </coordinates>
      </Point>
    </Placemark>
    <Placemark>
      <name>MD195 - DB - 22 - 0502 - 231+966</name>
      <description><![CDATA[Lat:  17.3838<br>Long: 104.7192]]></description>
      <styleUrl>#icon-1899-0288D1</styleUrl>
      <ExtendedData>
        <Data name="Lat">
          <value> 17.3838</value>
        </Data>
        <Data name="Long">
          <value>104.7192</value>
        </Data>
      </ExtendedData>
      <Point>
        <coordinates>
          104.7192,17.3838,0
        </coordinates>
      </Point>
    </Placemark>
    <Placemark>
      <name>MD196 - DB - 22 - 0502 - 232+008</name>
      <description><![CDATA[Lat:  17.3838<br>Long: 104.7196]]></description>
      <styleUrl>#icon-1899-0288D1</styleUrl>
      <ExtendedData>
        <Data name="Lat">
          <value> 17.3838</value>
        </Data>
        <Data name="Long">
          <value>104.7196</value>
        </Data>
      </ExtendedData>
      <Point>
        <coordinates>
          104.7196,17.3838,0
        </coordinates>
      </Point>
    </Placemark>
    <Placemark>
      <name>MD197 - DB - 22 - 0502 - 232+050</name>
      <description><![CDATA[Lat: 17.3838<br>Long: 104.7200]]></description>
      <styleUrl>#icon-1899-0288D1</styleUrl>
      <ExtendedData>
        <Data name="Lat">
          <value>17.3838</value>
        </Data>
        <Data name="Long">
          <value>104.7200</value>
        </Data>
      </ExtendedData>
      <Point>
        <coordinates>
          104.72,17.3838,0
        </coordinates>
      </Point>
    </Placemark>
    <Placemark>
      <name>MD198 - DB - 22 - 0502 - 232+092</name>
      <description><![CDATA[Lat:  17.3838<br>Long: 104.7204]]></description>
      <styleUrl>#icon-1899-0288D1</styleUrl>
      <ExtendedData>
        <Data name="Lat">
          <value> 17.3838</value>
        </Data>
        <Data name="Long">
          <value>104.7204</value>
        </Data>
      </ExtendedData>
      <Point>
        <coordinates>
          104.7204,17.3838,0
        </coordinates>
      </Point>
    </Placemark>
    <Placemark>
      <name>MD199 - DB - 22 - 0502 - 232+134</name>
      <description><![CDATA[Lat:  17.3838<br>Long: 104.7208]]></description>
      <styleUrl>#icon-1899-0288D1</styleUrl>
      <ExtendedData>
        <Data name="Lat">
          <value> 17.3838</value>
        </Data>
        <Data name="Long">
          <value>104.7208</value>
        </Data>
      </ExtendedData>
      <Point>
        <coordinates>
          104.7208,17.3838,0
        </coordinates>
      </Point>
    </Placemark>
    <Placemark>
      <name>MD200 - DB - 22 - 0502 - 232+176</name>
      <description><![CDATA[Lat:  17.3838<br>Long: 104.7212]]></description>
      <styleUrl>#icon-1899-0288D1</styleUrl>
      <ExtendedData>
        <Data name="Lat">
          <value> 17.3838</value>
        </Data>
        <Data name="Long">
          <value>104.7212</value>
        </Data>
      </ExtendedData>
      <Point>
        <coordinates>
          104.7212,17.3838,0
        </coordinates>
      </Point>
    </Placemark>
    <Placemark>
      <name>MD201 - DB - 22 - 0502 - 232+218</name>
      <description><![CDATA[Lat:  17.3838<br>Long: 104.7216]]></description>
      <styleUrl>#icon-1899-0288D1</styleUrl>
      <ExtendedData>
        <Data name="Lat">
          <value> 17.3838</value>
        </Data>
        <Data name="Long">
          <value>104.7216</value>
        </Data>
      </ExtendedData>
      <Point>
        <coordinates>
          104.7216,17.3838,0
        </coordinates>
      </Point>
    </Placemark>
    <Placemark>
      <name>MD202 - DB - 22 - 0502 - 232+260</name>
      <description><![CDATA[Lat:  17.3837<br>Long: 104.7220]]></description>
      <styleUrl>#icon-1899-0288D1</styleUrl>
      <ExtendedData>
        <Data name="Lat">
          <value> 17.3837</value>
        </Data>
        <Data name="Long">
          <value>104.7220</value>
        </Data>
      </ExtendedData>
      <Point>
        <coordinates>
          104.722,17.3837,0
        </coordinates>
      </Point>
    </Placemark>
    <Placemark>
      <name>MD203 - DB - 22 - 0502 - 232+302</name>
      <description><![CDATA[Lat:  17.3837<br>Long: 104.7224]]></description>
      <styleUrl>#icon-1899-0288D1</styleUrl>
      <ExtendedData>
        <Data name="Lat">
          <value> 17.3837</value>
        </Data>
        <Data name="Long">
          <value>104.7224</value>
        </Data>
      </ExtendedData>
      <Point>
        <coordinates>
          104.7224,17.3837,0
        </coordinates>
      </Point>
    </Placemark>
    <Placemark>
      <name>MD204 - DB - 22 - 0502 - 232+344</name>
      <description><![CDATA[Lat:  17.3837<br>Long: 104.7228]]></description>
      <styleUrl>#icon-1899-0288D1</styleUrl>
      <ExtendedData>
        <Data name="Lat">
          <value> 17.3837</value>
        </Data>
        <Data name="Long">
          <value>104.7228</value>
        </Data>
      </ExtendedData>
      <Point>
        <coordinates>
          104.7228,17.3837,0
        </coordinates>
      </Point>
    </Placemark>
    <Placemark>
      <name>MD205 - DB - 22 - 0502 - 232+386</name>
      <description><![CDATA[Lat: 17.3837<br>Long: 104.7232]]></description>
      <styleUrl>#icon-1899-0288D1</styleUrl>
      <ExtendedData>
        <Data name="Lat">
          <value>17.3837</value>
        </Data>
        <Data name="Long">
          <value>104.7232</value>
        </Data>
      </ExtendedData>
      <Point>
        <coordinates>
          104.7232,17.3837,0
        </coordinates>
      </Point>
    </Placemark>
    <Placemark>
      <name>MD206 - DB - 22 - 0502 - 232+428</name>
      <description><![CDATA[Lat: 17.3837<br>Long: 104.7236]]></description>
      <styleUrl>#icon-1899-0288D1</styleUrl>
      <ExtendedData>
        <Data name="Lat">
          <value>17.3837</value>
        </Data>
        <Data name="Long">
          <value>104.7236</value>
        </Data>
      </ExtendedData>
      <Point>
        <coordinates>
          104.7236,17.3837,0
        </coordinates>
      </Point>
    </Placemark>
    <Placemark>
      <name>MD207 - DB - 22 - 0502 - 232+470</name>
      <description><![CDATA[Lat:  17.3837<br>Long: 104.7239]]></description>
      <styleUrl>#icon-1899-0288D1</styleUrl>
      <ExtendedData>
        <Data name="Lat">
          <value> 17.3837</value>
        </Data>
        <Data name="Long">
          <value>104.7239</value>
        </Data>
      </ExtendedData>
      <Point>
        <coordinates>
          104.7239,17.3837,0
        </coordinates>
      </Point>
    </Placemark>
    <Placemark>
      <name>MD208 - DB - 22 - 0502 - 232+512</name>
      <description><![CDATA[Lat:  17.3836<br>Long: 104.7243]]></description>
      <styleUrl>#icon-1899-0288D1</styleUrl>
      <ExtendedData>
        <Data name="Lat">
          <value> 17.3836</value>
        </Data>
        <Data name="Long">
          <value>104.7243</value>
        </Data>
      </ExtendedData>
      <Point>
        <coordinates>
          104.7243,17.3836,0
        </coordinates>
      </Point>
    </Placemark>
    <Placemark>
      <name>MD209 - DB - 22 - 0502 - 232+554</name>
      <description><![CDATA[Lat:  17.3836<br>Long: 104.7247]]></description>
      <styleUrl>#icon-1899-0288D1</styleUrl>
      <ExtendedData>
        <Data name="Lat">
          <value> 17.3836</value>
        </Data>
        <Data name="Long">
          <value>104.7247</value>
        </Data>
      </ExtendedData>
      <Point>
        <coordinates>
          104.7247,17.3836,0
        </coordinates>
      </Point>
    </Placemark>
    <Placemark>
      <name>MD210 - DB - 22 - 0502 - 232+596</name>
      <description><![CDATA[Lat:  17.3836<br>Long: 104.7251]]></description>
      <styleUrl>#icon-1899-0288D1</styleUrl>
      <ExtendedData>
        <Data name="Lat">
          <value> 17.3836</value>
        </Data>
        <Data name="Long">
          <value>104.7251</value>
        </Data>
      </ExtendedData>
      <Point>
        <coordinates>
          104.7251,17.3836,0
        </coordinates>
      </Point>
    </Placemark>
    <Placemark>
      <name>MD211 - DB - 22 - 0502 - 232+638</name>
      <description><![CDATA[Lat:  17.3836<br>Long: 104.7255]]></description>
      <styleUrl>#icon-1899-0288D1</styleUrl>
      <ExtendedData>
        <Data name="Lat">
          <value> 17.3836</value>
        </Data>
        <Data name="Long">
          <value>104.7255</value>
        </Data>
      </ExtendedData>
      <Point>
        <coordinates>
          104.7255,17.3836,0
        </coordinates>
      </Point>
    </Placemark>
    <Placemark>
      <name>MD212 - DB - 22 - 0502 - 232+680</name>
      <description><![CDATA[Lat: 17.3836<br>Long: 104.7259]]></description>
      <styleUrl>#icon-1899-0288D1</styleUrl>
      <ExtendedData>
        <Data name="Lat">
          <value>17.3836</value>
        </Data>
        <Data name="Long">
          <value>104.7259</value>
        </Data>
      </ExtendedData>
      <Point>
        <coordinates>
          104.7259,17.3836,0
        </coordinates>
      </Point>
    </Placemark>
    <Placemark>
      <name>MD213 - DB - 22 - 0502 - 232+722</name>
      <description><![CDATA[Lat:  17.3836<br>Long: 104.7263]]></description>
      <styleUrl>#icon-1899-0288D1</styleUrl>
      <ExtendedData>
        <Data name="Lat">
          <value> 17.3836</value>
        </Data>
        <Data name="Long">
          <value>104.7263</value>
        </Data>
      </ExtendedData>
      <Point>
        <coordinates>
          104.7263,17.3836,0
        </coordinates>
      </Point>
    </Placemark>
    <Placemark>
      <name>MD214 - DB - 22 - 0502 - 232+764</name>
      <description><![CDATA[Lat:  17.3836<br>Long: 104.7267]]></description>
      <styleUrl>#icon-1899-0288D1</styleUrl>
      <ExtendedData>
        <Data name="Lat">
          <value> 17.3836</value>
        </Data>
        <Data name="Long">
          <value>104.7267</value>
        </Data>
      </ExtendedData>
      <Point>
        <coordinates>
          104.7267,17.3836,0
        </coordinates>
      </Point>
    </Placemark>
    <Placemark>
      <name>MD215 - DB - 22 - 0502 - 232+806</name>
      <description><![CDATA[Lat:  17.3836<br>Long: 104.7271]]></description>
      <styleUrl>#icon-1899-0288D1</styleUrl>
      <ExtendedData>
        <Data name="Lat">
          <value> 17.3836</value>
        </Data>
        <Data name="Long">
          <value>104.7271</value>
        </Data>
      </ExtendedData>
      <Point>
        <coordinates>
          104.7271,17.3836,0
        </coordinates>
      </Point>
    </Placemark>
    <Placemark>
      <name>MD216 - DB - 22 - 0502 - 232+848</name>
      <description><![CDATA[Lat:  17.3835<br>Long: 104.7275]]></description>
      <styleUrl>#icon-1899-0288D1</styleUrl>
      <ExtendedData>
        <Data name="Lat">
          <value> 17.3835</value>
        </Data>
        <Data name="Long">
          <value>104.7275</value>
        </Data>
      </ExtendedData>
      <Point>
        <coordinates>
          104.7275,17.3835,0
        </coordinates>
      </Point>
    </Placemark>
    <Placemark>
      <name>MD217 - DB - 22 - 0502 - 232+890</name>
      <description><![CDATA[Lat:  17.3835<br>Long: 104.7278]]></description>
      <styleUrl>#icon-1899-0288D1</styleUrl>
      <ExtendedData>
        <Data name="Lat">
          <value> 17.3835</value>
        </Data>
        <Data name="Long">
          <value>104.7278</value>
        </Data>
      </ExtendedData>
      <Point>
        <coordinates>
          104.7278,17.3835,0
        </coordinates>
      </Point>
    </Placemark>
    <Placemark>
      <name>MD218 - DB - 22 - 0502 - 232+932</name>
      <description><![CDATA[Lat:  17.3835<br>Long: 104.7282]]></description>
      <styleUrl>#icon-1899-0288D1</styleUrl>
      <ExtendedData>
        <Data name="Lat">
          <value> 17.3835</value>
        </Data>
        <Data name="Long">
          <value>104.7282</value>
        </Data>
      </ExtendedData>
      <Point>
        <coordinates>
          104.7282,17.3835,0
        </coordinates>
      </Point>
    </Placemark>
    <Placemark>
      <name>MD219 - DB - 22 - 0502 - 232+974</name>
      <description><![CDATA[Lat:  17.3835<br>Long: 104.7285]]></description>
      <styleUrl>#icon-1899-0288D1</styleUrl>
      <ExtendedData>
        <Data name="Lat">
          <value> 17.3835</value>
        </Data>
        <Data name="Long">
          <value>104.7285</value>
        </Data>
      </ExtendedData>
      <Point>
        <coordinates>
          104.7285,17.3835,0
        </coordinates>
      </Point>
    </Placemark>
    <Placemark>
      <name>MD220 - DB - 22 - 0502 - 233+016</name>
      <description><![CDATA[Lat:  17.3835<br>Long: 104.7288]]></description>
      <styleUrl>#icon-1899-0288D1</styleUrl>
      <ExtendedData>
        <Data name="Lat">
          <value> 17.3835</value>
        </Data>
        <Data name="Long">
          <value>104.7288</value>
        </Data>
      </ExtendedData>
      <Point>
        <coordinates>
          104.7288,17.3835,0
        </coordinates>
      </Point>
    </Placemark>
    <Placemark>
      <name>MD221 - DB - 22 - 0502 - 233+058</name>
      <description><![CDATA[Lat:  17.3835<br>Long: 104.7292]]></description>
      <styleUrl>#icon-1899-0288D1</styleUrl>
      <ExtendedData>
        <Data name="Lat">
          <value> 17.3835</value>
        </Data>
        <Data name="Long">
          <value>104.7292</value>
        </Data>
      </ExtendedData>
      <Point>
        <coordinates>
          104.7292,17.3835,0
        </coordinates>
      </Point>
    </Placemark>
    <Placemark>
      <name>MD222 - DB - 22 - 0502 - 233+100</name>
      <description><![CDATA[Lat:  17.3835<br>Long: 104.7295]]></description>
      <styleUrl>#icon-1899-0288D1</styleUrl>
      <ExtendedData>
        <Data name="Lat">
          <value> 17.3835</value>
        </Data>
        <Data name="Long">
          <value>104.7295</value>
        </Data>
      </ExtendedData>
      <Point>
        <coordinates>
          104.7295,17.3835,0
        </coordinates>
      </Point>
    </Placemark>
    <Placemark>
      <name>MD223 - DB - 22 - 0502 - 233+142</name>
      <description><![CDATA[Lat:  17.3834<br>Long: 104.7299]]></description>
      <styleUrl>#icon-1899-0288D1</styleUrl>
      <ExtendedData>
        <Data name="Lat">
          <value> 17.3834</value>
        </Data>
        <Data name="Long">
          <value>104.7299</value>
        </Data>
      </ExtendedData>
      <Point>
        <coordinates>
          104.7299,17.3834,0
        </coordinates>
      </Point>
    </Placemark>
    <Placemark>
      <name>MD224 - DB - 22 - 0502 - 233+184</name>
      <description><![CDATA[Lat:  17.3834<br>Long: 104.7302]]></description>
      <styleUrl>#icon-1899-0288D1</styleUrl>
      <ExtendedData>
        <Data name="Lat">
          <value> 17.3834</value>
        </Data>
        <Data name="Long">
          <value>104.7302</value>
        </Data>
      </ExtendedData>
      <Point>
        <coordinates>
          104.7302,17.3834,0
        </coordinates>
      </Point>
    </Placemark>
    <Placemark>
      <name>MD225 - DB - 22 - 0502 - 233+257</name>
      <description><![CDATA[Lat:  17.3834<br>Long: 104.7309]]></description>
      <styleUrl>#icon-1899-0288D1</styleUrl>
      <ExtendedData>
        <Data name="Lat">
          <value> 17.3834</value>
        </Data>
        <Data name="Long">
          <value>104.7309</value>
        </Data>
      </ExtendedData>
      <Point>
        <coordinates>
          104.7309,17.3834,0
        </coordinates>
      </Point>
    </Placemark>
    <Placemark>
      <name>MD226 - DB - 22 - 0502 - 233+297</name>
      <description><![CDATA[Lat:  17.3834<br>Long: 104.7313]]></description>
      <styleUrl>#icon-1899-0288D1</styleUrl>
      <ExtendedData>
        <Data name="Lat">
          <value> 17.3834</value>
        </Data>
        <Data name="Long">
          <value>104.7313</value>
        </Data>
      </ExtendedData>
      <Point>
        <coordinates>
          104.7313,17.3834,0
        </coordinates>
      </Point>
    </Placemark>
    <Placemark>
      <name>MD227 - DB - 22 - 0502 - 233+337</name>
      <description><![CDATA[Lat:  17.3834<br>Long: 104.7317]]></description>
      <styleUrl>#icon-1899-0288D1</styleUrl>
      <ExtendedData>
        <Data name="Lat">
          <value> 17.3834</value>
        </Data>
        <Data name="Long">
          <value>104.7317</value>
        </Data>
      </ExtendedData>
      <Point>
        <coordinates>
          104.7317,17.3834,0
        </coordinates>
      </Point>
    </Placemark>
    <Placemark>
      <name>MD228 - DB - 22 - 0502 - 233+377</name>
      <description><![CDATA[Lat:  17.3834<br>Long: 104.7321]]></description>
      <styleUrl>#icon-1899-0288D1</styleUrl>
      <ExtendedData>
        <Data name="Lat">
          <value> 17.3834</value>
        </Data>
        <Data name="Long">
          <value>104.7321</value>
        </Data>
      </ExtendedData>
      <Point>
        <coordinates>
          104.7321,17.3834,0
        </coordinates>
      </Point>
    </Placemark>
    <Placemark>
      <name>MD229 - DB - 22 - 0502 - 233+417</name>
      <description><![CDATA[Lat:  17.3833<br>Long: 104.7324]]></description>
      <styleUrl>#icon-1899-0288D1</styleUrl>
      <ExtendedData>
        <Data name="Lat">
          <value> 17.3833</value>
        </Data>
        <Data name="Long">
          <value>104.7324</value>
        </Data>
      </ExtendedData>
      <Point>
        <coordinates>
          104.7324,17.3833,0
        </coordinates>
      </Point>
    </Placemark>
    <Placemark>
      <name>MD230 - DB - 22 - 0502 - 233+457</name>
      <description><![CDATA[Lat:  17.3833<br>Long: 104.7328]]></description>
      <styleUrl>#icon-1899-0288D1</styleUrl>
      <ExtendedData>
        <Data name="Lat">
          <value> 17.3833</value>
        </Data>
        <Data name="Long">
          <value>104.7328</value>
        </Data>
      </ExtendedData>
      <Point>
        <coordinates>
          104.7328,17.3833,0
        </coordinates>
      </Point>
    </Placemark>
    <Placemark>
      <name>MD231 - DB - 22 - 0502 - 233+497</name>
      <description><![CDATA[Lat:  17.3833<br>Long: 104.7332]]></description>
      <styleUrl>#icon-1899-0288D1</styleUrl>
      <ExtendedData>
        <Data name="Lat">
          <value> 17.3833</value>
        </Data>
        <Data name="Long">
          <value>104.7332</value>
        </Data>
      </ExtendedData>
      <Point>
        <coordinates>
          104.7332,17.3833,0
        </coordinates>
      </Point>
    </Placemark>
    <Placemark>
      <name>MD232 - DB - 22 - 0502 - 233+537</name>
      <description><![CDATA[Lat:  17.3833<br>Long: 104.7336]]></description>
      <styleUrl>#icon-1899-0288D1</styleUrl>
      <ExtendedData>
        <Data name="Lat">
          <value> 17.3833</value>
        </Data>
        <Data name="Long">
          <value>104.7336</value>
        </Data>
      </ExtendedData>
      <Point>
        <coordinates>
          104.7336,17.3833,0
        </coordinates>
      </Point>
    </Placemark>
    <Placemark>
      <name>MD233 - DB - 22 - 0502 - 233+577</name>
      <description><![CDATA[Lat:  17.3833<br>Long: 104.7340]]></description>
      <styleUrl>#icon-1899-0288D1</styleUrl>
      <ExtendedData>
        <Data name="Lat">
          <value> 17.3833</value>
        </Data>
        <Data name="Long">
          <value>104.7340</value>
        </Data>
      </ExtendedData>
      <Point>
        <coordinates>
          104.734,17.3833,0
        </coordinates>
      </Point>
    </Placemark>
    <Placemark>
      <name>MD234 - DB - 22 - 0502 - 233+617</name>
      <description><![CDATA[Lat:  17.3833<br>Long: 104.7344]]></description>
      <styleUrl>#icon-1899-0288D1</styleUrl>
      <ExtendedData>
        <Data name="Lat">
          <value> 17.3833</value>
        </Data>
        <Data name="Long">
          <value>104.7344</value>
        </Data>
      </ExtendedData>
      <Point>
        <coordinates>
          104.7344,17.3833,0
        </coordinates>
      </Point>
    </Placemark>
    <Placemark>
      <name>MD235 - DB - 22 - 0502 - 233+657</name>
      <description><![CDATA[Lat:  17.3832<br>Long: 104.7348]]></description>
      <styleUrl>#icon-1899-0288D1</styleUrl>
      <ExtendedData>
        <Data name="Lat">
          <value> 17.3832</value>
        </Data>
        <Data name="Long">
          <value>104.7348</value>
        </Data>
      </ExtendedData>
      <Point>
        <coordinates>
          104.7348,17.3832,0
        </coordinates>
      </Point>
    </Placemark>
    <Placemark>
      <name>MD236 - DB - 22 - 0502 - 233+697</name>
      <description><![CDATA[Lat:  17.3832<br>Long: 104.7352]]></description>
      <styleUrl>#icon-1899-0288D1</styleUrl>
      <ExtendedData>
        <Data name="Lat">
          <value> 17.3832</value>
        </Data>
        <Data name="Long">
          <value>104.7352</value>
        </Data>
      </ExtendedData>
      <Point>
        <coordinates>
          104.7352,17.3832,0
        </coordinates>
      </Point>
    </Placemark>
    <Placemark>
      <name>MD237 - DB - 22 - 0502 - 233+737</name>
      <description><![CDATA[Lat: 17.3832<br>Long: 104.7356]]></description>
      <styleUrl>#icon-1899-0288D1</styleUrl>
      <ExtendedData>
        <Data name="Lat">
          <value>17.3832</value>
        </Data>
        <Data name="Long">
          <value>104.7356</value>
        </Data>
      </ExtendedData>
      <Point>
        <coordinates>
          104.7356,17.3832,0
        </coordinates>
      </Point>
    </Placemark>
    <Placemark>
      <name>LT260 - SG - 22 - 0502 - 233+594</name>
      <description><![CDATA[Lat: 17.383<br>Long: 104.7342]]></description>
      <styleUrl>#icon-1899-0288D1</styleUrl>
      <ExtendedData>
        <Data name="Lat">
          <value>17.383</value>
        </Data>
        <Data name="Long">
          <value>104.7342</value>
        </Data>
      </ExtendedData>
      <Point>
        <coordinates>
          104.7342,17.383,0
        </coordinates>
      </Point>
    </Placemark>
    <Placemark>
      <name>LT261 - SG - 22 - 0502 - 233+618</name>
      <description><![CDATA[Lat:  17.3834<br>Long: 104.7344]]></description>
      <styleUrl>#icon-1899-0288D1</styleUrl>
      <ExtendedData>
        <Data name="Lat">
          <value> 17.3834</value>
        </Data>
        <Data name="Long">
          <value>104.7344</value>
        </Data>
      </ExtendedData>
      <Point>
        <coordinates>
          104.7344,17.3834,0
        </coordinates>
      </Point>
    </Placemark>
    <Placemark>
      <name>LT262 - SG - 22 - 0502 - 233+642</name>
      <description><![CDATA[Lat:  17.3834<br>Long: 104.7346]]></description>
      <styleUrl>#icon-1899-0288D1</styleUrl>
      <ExtendedData>
        <Data name="Lat">
          <value> 17.3834</value>
        </Data>
        <Data name="Long">
          <value>104.7346</value>
        </Data>
      </ExtendedData>
      <Point>
        <coordinates>
          104.7346,17.3834,0
        </coordinates>
      </Point>
    </Placemark>
    <Placemark>
      <name>LT263 - SG - 22 - 0502 - 233+674</name>
      <description><![CDATA[Lat:  17.3834<br>Long: 104.7349]]></description>
      <styleUrl>#icon-1899-0288D1</styleUrl>
      <ExtendedData>
        <Data name="Lat">
          <value> 17.3834</value>
        </Data>
        <Data name="Long">
          <value>104.7349</value>
        </Data>
      </ExtendedData>
      <Point>
        <coordinates>
          104.7349,17.3834,0
        </coordinates>
      </Point>
    </Placemark>
    <Placemark>
      <name>LT264 - SG - 22 - 0502 - 233+706</name>
      <description><![CDATA[Lat:  17.3834<br>Long: 104.7352]]></description>
      <styleUrl>#icon-1899-0288D1</styleUrl>
      <ExtendedData>
        <Data name="Lat">
          <value> 17.3834</value>
        </Data>
        <Data name="Long">
          <value>104.7352</value>
        </Data>
      </ExtendedData>
      <Point>
        <coordinates>
          104.7352,17.3834,0
        </coordinates>
      </Point>
    </Placemark>
    <Placemark>
      <name>LT265 - SG - 22 - 0502 - 233+738</name>
      <description><![CDATA[Lat:  17.3834<br>Long: 104.7354]]></description>
      <styleUrl>#icon-1899-0288D1</styleUrl>
      <ExtendedData>
        <Data name="Lat">
          <value> 17.3834</value>
        </Data>
        <Data name="Long">
          <value>104.7354</value>
        </Data>
      </ExtendedData>
      <Point>
        <coordinates>
          104.7354,17.3834,0
        </coordinates>
      </Point>
    </Placemark>
    <Placemark>
      <name>LT266 - SG - 22 - 0502 - 233+770</name>
      <description><![CDATA[Lat:  17.3835<br>Long: 104.7357]]></description>
      <styleUrl>#icon-1899-0288D1</styleUrl>
      <ExtendedData>
        <Data name="Lat">
          <value> 17.3835</value>
        </Data>
        <Data name="Long">
          <value>104.7357</value>
        </Data>
      </ExtendedData>
      <Point>
        <coordinates>
          104.7357,17.3835,0
        </coordinates>
      </Point>
    </Placemark>
    <Placemark>
      <name>RT234 - SG - 22 - 0502 - 233+727</name>
      <description><![CDATA[Lat:  17.3831<br>Long: 104.7355]]></description>
      <styleUrl>#icon-1899-0288D1</styleUrl>
      <ExtendedData>
        <Data name="Lat">
          <value> 17.3831</value>
        </Data>
        <Data name="Long">
          <value>104.7355</value>
        </Data>
      </ExtendedData>
      <Point>
        <coordinates>
          104.7355,17.3831,0
        </coordinates>
      </Point>
    </Placemark>
    <Placemark>
      <name>RT235 - SG - 22 - 0502 - 233+757</name>
      <description><![CDATA[Lat:  17.3831<br>Long: 104.7357]]></description>
      <styleUrl>#icon-1899-0288D1</styleUrl>
      <ExtendedData>
        <Data name="Lat">
          <value> 17.3831</value>
        </Data>
        <Data name="Long">
          <value>104.7357</value>
        </Data>
      </ExtendedData>
      <Point>
        <coordinates>
          104.7357,17.3831,0
        </coordinates>
      </Point>
    </Placemark>
    <Placemark>
      <name>RT236 - SG - 22 - 0502 - 233+787</name>
      <description><![CDATA[Lat:  17.3831<br>Long: 104.7359]]></description>
      <styleUrl>#icon-1899-0288D1</styleUrl>
      <ExtendedData>
        <Data name="Lat">
          <value> 17.3831</value>
        </Data>
        <Data name="Long">
          <value>104.7359</value>
        </Data>
      </ExtendedData>
      <Point>
        <coordinates>
          104.7359,17.3831,0
        </coordinates>
      </Point>
    </Placemark>
    <Placemark>
      <name>RT237 - SG - 22 - 0502 - 233+817</name>
      <description><![CDATA[Lat:  17.3830<br>Long: 104.7363]]></description>
      <styleUrl>#icon-1899-0288D1</styleUrl>
      <ExtendedData>
        <Data name="Lat">
          <value> 17.3830</value>
        </Data>
        <Data name="Long">
          <value>104.7363</value>
        </Data>
      </ExtendedData>
      <Point>
        <coordinates>
          104.7363,17.383,0
        </coordinates>
      </Point>
    </Placemark>
    <Placemark>
      <name>RT238 - SG - 22 - 0502 - 233+847</name>
      <description><![CDATA[Lat:  17.3830<br>Long: 104.7365]]></description>
      <styleUrl>#icon-1899-0288D1</styleUrl>
      <ExtendedData>
        <Data name="Lat">
          <value> 17.3830</value>
        </Data>
        <Data name="Long">
          <value>104.7365</value>
        </Data>
      </ExtendedData>
      <Point>
        <coordinates>
          104.7365,17.383,0
        </coordinates>
      </Point>
    </Placemark>
    <Placemark>
      <name>RT239 - SG - 22 - 0502 - 233+930</name>
      <description><![CDATA[Lat:  17.3830<br>Long: 104.7373]]></description>
      <styleUrl>#icon-1899-0288D1</styleUrl>
      <ExtendedData>
        <Data name="Lat">
          <value> 17.3830</value>
        </Data>
        <Data name="Long">
          <value>104.7373</value>
        </Data>
      </ExtendedData>
      <Point>
        <coordinates>
          104.7373,17.383,0
        </coordinates>
      </Point>
    </Placemark>
    <Placemark>
      <name>RT240 - SG - 22 - 0502 - 233+955</name>
      <description><![CDATA[Lat:  17.3830<br>Long: 104.7375]]></description>
      <styleUrl>#icon-1899-0288D1</styleUrl>
      <ExtendedData>
        <Data name="Lat">
          <value> 17.3830</value>
        </Data>
        <Data name="Long">
          <value>104.7375</value>
        </Data>
      </ExtendedData>
      <Point>
        <coordinates>
          104.7375,17.383,0
        </coordinates>
      </Point>
    </Placemark>
    <Placemark>
      <name>RT241 - SG - 22 - 0502 - 233+980</name>
      <description><![CDATA[Lat:  17.3830<br>Long: 104.7377]]></description>
      <styleUrl>#icon-1899-0288D1</styleUrl>
      <ExtendedData>
        <Data name="Lat">
          <value> 17.3830</value>
        </Data>
        <Data name="Long">
          <value>104.7377</value>
        </Data>
      </ExtendedData>
      <Point>
        <coordinates>
          104.7377,17.383,0
        </coordinates>
      </Point>
    </Placemark>
    <Placemark>
      <name>LT/MD1 - DB - 22 - 0502 - 233+797</name>
      <description><![CDATA[Lat: 17.3833<br>Long: 104.7359]]></description>
      <styleUrl>#icon-1899-0288D1</styleUrl>
      <ExtendedData>
        <Data name="Lat">
          <value>17.3833</value>
        </Data>
        <Data name="Long">
          <value>104.7359</value>
        </Data>
      </ExtendedData>
      <Point>
        <coordinates>
          104.7359,17.3833,0
        </coordinates>
      </Point>
    </Placemark>
    <Placemark>
      <name>LT/MD2 - DB - 22 - 0502 - 233+822</name>
      <description><![CDATA[Lat:  17.3833<br>Long: 104.7362]]></description>
      <styleUrl>#icon-1899-0288D1</styleUrl>
      <ExtendedData>
        <Data name="Lat">
          <value> 17.3833</value>
        </Data>
        <Data name="Long">
          <value>104.7362</value>
        </Data>
      </ExtendedData>
      <Point>
        <coordinates>
          104.7362,17.3833,0
        </coordinates>
      </Point>
    </Placemark>
    <Placemark>
      <name>LT/MD3 - DB - 22 - 0502 - 233+847</name>
      <description><![CDATA[Lat:  17.3833<br>Long: 104.7364]]></description>
      <styleUrl>#icon-1899-0288D1</styleUrl>
      <ExtendedData>
        <Data name="Lat">
          <value> 17.3833</value>
        </Data>
        <Data name="Long">
          <value>104.7364</value>
        </Data>
      </ExtendedData>
      <Point>
        <coordinates>
          104.7364,17.3833,0
        </coordinates>
      </Point>
    </Placemark>
    <Placemark>
      <name>LT/MD4 - DB - 22 - 0502 - 233+872</name>
      <description><![CDATA[Lat:  17.3833<br>Long: 104.7366]]></description>
      <styleUrl>#icon-1899-0288D1</styleUrl>
      <ExtendedData>
        <Data name="Lat">
          <value> 17.3833</value>
        </Data>
        <Data name="Long">
          <value>104.7366</value>
        </Data>
      </ExtendedData>
      <Point>
        <coordinates>
          104.7366,17.3833,0
        </coordinates>
      </Point>
    </Placemark>
    <Placemark>
      <name>LT/MD5 - DB - 22 - 0502 - 233+921</name>
      <description><![CDATA[Lat:  17.3833<br>Long: 104.7371]]></description>
      <styleUrl>#icon-1899-0288D1</styleUrl>
      <ExtendedData>
        <Data name="Lat">
          <value> 17.3833</value>
        </Data>
        <Data name="Long">
          <value>104.7371</value>
        </Data>
      </ExtendedData>
      <Point>
        <coordinates>
          104.7371,17.3833,0
        </coordinates>
      </Point>
    </Placemark>
    <Placemark>
      <name>LT/MD6 - DB - 22 - 0502 - 233+946</name>
      <description><![CDATA[Lat:  17.3833<br>Long: 104.7373]]></description>
      <styleUrl>#icon-1899-0288D1</styleUrl>
      <ExtendedData>
        <Data name="Lat">
          <value> 17.3833</value>
        </Data>
        <Data name="Long">
          <value>104.7373</value>
        </Data>
      </ExtendedData>
      <Point>
        <coordinates>
          104.7373,17.3833,0
        </coordinates>
      </Point>
    </Placemark>
    <Placemark>
      <name>LT/MD7 - DB - 22 - 0502 - 233+971</name>
      <description><![CDATA[Lat:  17.3833<br>Long: 104.7376]]></description>
      <styleUrl>#icon-1899-0288D1</styleUrl>
      <ExtendedData>
        <Data name="Lat">
          <value> 17.3833</value>
        </Data>
        <Data name="Long">
          <value>104.7376</value>
        </Data>
      </ExtendedData>
      <Point>
        <coordinates>
          104.7376,17.3833,0
        </coordinates>
      </Point>
    </Placemark>
    <Placemark>
      <name>LT/MD8 - DB - 22 - 0502 - 233+996</name>
      <description><![CDATA[Lat:  17.3833<br>Long: 104.7378]]></description>
      <styleUrl>#icon-1899-0288D1</styleUrl>
      <ExtendedData>
        <Data name="Lat">
          <value> 17.3833</value>
        </Data>
        <Data name="Long">
          <value>104.7378</value>
        </Data>
      </ExtendedData>
      <Point>
        <coordinates>
          104.7378,17.3833,0
        </coordinates>
      </Point>
    </Placemark>
    <Placemark>
      <name>LT267 - SG - 22 - 0502 - 234+059</name>
      <description><![CDATA[Lat:  17.3833<br>Long: 104.7384]]></description>
      <styleUrl>#icon-1899-0288D1</styleUrl>
      <ExtendedData>
        <Data name="Lat">
          <value> 17.3833</value>
        </Data>
        <Data name="Long">
          <value>104.7384</value>
        </Data>
      </ExtendedData>
      <Point>
        <coordinates>
          104.7384,17.3833,0
        </coordinates>
      </Point>
    </Placemark>
    <Placemark>
      <name>LT268 - SG - 22 - 0502 - 234+089</name>
      <description><![CDATA[Lat: 17.3833<br>Long: 104.7387]]></description>
      <styleUrl>#icon-1899-0288D1</styleUrl>
      <ExtendedData>
        <Data name="Lat">
          <value>17.3833</value>
        </Data>
        <Data name="Long">
          <value>104.7387</value>
        </Data>
      </ExtendedData>
      <Point>
        <coordinates>
          104.7387,17.3833,0
        </coordinates>
      </Point>
    </Placemark>
    <Placemark>
      <name>LT269 - SG - 22 - 0502 - 234+119</name>
      <description><![CDATA[Lat:  17.3832<br>Long: 104.7390]]></description>
      <styleUrl>#icon-1899-0288D1</styleUrl>
      <ExtendedData>
        <Data name="Lat">
          <value> 17.3832</value>
        </Data>
        <Data name="Long">
          <value>104.7390</value>
        </Data>
      </ExtendedData>
      <Point>
        <coordinates>
          104.739,17.3832,0
        </coordinates>
      </Point>
    </Placemark>
    <Placemark>
      <name>LT270 - SG - 22 - 0502 - 234+149</name>
      <description><![CDATA[Lat:  17.3832<br>Long: 104.7392]]></description>
      <styleUrl>#icon-1899-0288D1</styleUrl>
      <ExtendedData>
        <Data name="Lat">
          <value> 17.3832</value>
        </Data>
        <Data name="Long">
          <value>104.7392</value>
        </Data>
      </ExtendedData>
      <Point>
        <coordinates>
          104.7392,17.3832,0
        </coordinates>
      </Point>
    </Placemark>
    <Placemark>
      <name>LT271 - SG - 22 - 0502 - 234+179</name>
      <description><![CDATA[Lat:  17.3832<br>Long: 104.7394]]></description>
      <styleUrl>#icon-1899-0288D1</styleUrl>
      <ExtendedData>
        <Data name="Lat">
          <value> 17.3832</value>
        </Data>
        <Data name="Long">
          <value>104.7394</value>
        </Data>
      </ExtendedData>
      <Point>
        <coordinates>
          104.7394,17.3832,0
        </coordinates>
      </Point>
    </Placemark>
    <Placemark>
      <name>LT272 - SG - 22 - 0502 - 234+209</name>
      <description><![CDATA[Lat:  17.3832<br>Long: 104.7397]]></description>
      <styleUrl>#icon-1899-0288D1</styleUrl>
      <ExtendedData>
        <Data name="Lat">
          <value> 17.3832</value>
        </Data>
        <Data name="Long">
          <value>104.7397</value>
        </Data>
      </ExtendedData>
      <Point>
        <coordinates>
          104.7397,17.3832,0
        </coordinates>
      </Point>
    </Placemark>
    <Placemark>
      <name>LT273 - SG - 22 - 0502 - 234+239</name>
      <description><![CDATA[Lat:  17.3832<br>Long: 104.7400]]></description>
      <styleUrl>#icon-1899-0288D1</styleUrl>
      <ExtendedData>
        <Data name="Lat">
          <value> 17.3832</value>
        </Data>
        <Data name="Long">
          <value>104.7400</value>
        </Data>
      </ExtendedData>
      <Point>
        <coordinates>
          104.74,17.3832,0
        </coordinates>
      </Point>
    </Placemark>
    <Placemark>
      <name>LT274 - SG - 22 - 0502 - 234+269</name>
      <description><![CDATA[Lat:  17.3832<br>Long: 104.7402]]></description>
      <styleUrl>#icon-1899-0288D1</styleUrl>
      <ExtendedData>
        <Data name="Lat">
          <value> 17.3832</value>
        </Data>
        <Data name="Long">
          <value>104.7402</value>
        </Data>
      </ExtendedData>
      <Point>
        <coordinates>
          104.7402,17.3832,0
        </coordinates>
      </Point>
    </Placemark>
    <Placemark>
      <name>MD238 - DB - 22 - 0502 - 234+046</name>
      <description><![CDATA[Lat:  17.3831<br>Long: 104.7383]]></description>
      <styleUrl>#icon-1899-0288D1</styleUrl>
      <ExtendedData>
        <Data name="Lat">
          <value> 17.3831</value>
        </Data>
        <Data name="Long">
          <value>104.7383</value>
        </Data>
      </ExtendedData>
      <Point>
        <coordinates>
          104.7383,17.3831,0
        </coordinates>
      </Point>
    </Placemark>
    <Placemark>
      <name>MD239 - DB - 22 - 0502 - 234+089</name>
      <description><![CDATA[Lat:  17.3831<br>Long: 104.7388]]></description>
      <styleUrl>#icon-1899-0288D1</styleUrl>
      <ExtendedData>
        <Data name="Lat">
          <value> 17.3831</value>
        </Data>
        <Data name="Long">
          <value>104.7388</value>
        </Data>
      </ExtendedData>
      <Point>
        <coordinates>
          104.7388,17.3831,0
        </coordinates>
      </Point>
    </Placemark>
    <Placemark>
      <name>MD240 - DB - 22 - 0502 - 234+132</name>
      <description><![CDATA[Lat:  17.3831<br>Long: 104.7392]]></description>
      <styleUrl>#icon-1899-0288D1</styleUrl>
      <ExtendedData>
        <Data name="Lat">
          <value> 17.3831</value>
        </Data>
        <Data name="Long">
          <value>104.7392</value>
        </Data>
      </ExtendedData>
      <Point>
        <coordinates>
          104.7392,17.3831,0
        </coordinates>
      </Point>
    </Placemark>
    <Placemark>
      <name>MD241 - DB - 22 - 0502 - 234+175</name>
      <description><![CDATA[Lat:  17.3830<br>Long: 104.7396]]></description>
      <styleUrl>#icon-1899-0288D1</styleUrl>
      <ExtendedData>
        <Data name="Lat">
          <value> 17.3830</value>
        </Data>
        <Data name="Long">
          <value>104.7396</value>
        </Data>
      </ExtendedData>
      <Point>
        <coordinates>
          104.7396,17.383,0
        </coordinates>
      </Point>
    </Placemark>
    <Placemark>
      <name>MD242 - DB - 22 - 0502 - 234+218</name>
      <description><![CDATA[Lat:  17.3830<br>Long: 104.7400]]></description>
      <styleUrl>#icon-1899-0288D1</styleUrl>
      <ExtendedData>
        <Data name="Lat">
          <value> 17.3830</value>
        </Data>
        <Data name="Long">
          <value>104.7400</value>
        </Data>
      </ExtendedData>
      <Point>
        <coordinates>
          104.74,17.383,0
        </coordinates>
      </Point>
    </Placemark>
    <Placemark>
      <name>MD243 - DB - 22 - 0502 - 234+261</name>
      <description><![CDATA[Lat:  17.3830<br>Long: 104.7404]]></description>
      <styleUrl>#icon-1899-0288D1</styleUrl>
      <ExtendedData>
        <Data name="Lat">
          <value> 17.3830</value>
        </Data>
        <Data name="Long">
          <value>104.7404</value>
        </Data>
      </ExtendedData>
      <Point>
        <coordinates>
          104.7404,17.383,0
        </coordinates>
      </Point>
    </Placemark>
    <Placemark>
      <name>MD244 - DB - 22 - 0502 - 234+347</name>
      <description><![CDATA[Lat:  17.3830<br>Long: 104.7412]]></description>
      <styleUrl>#icon-1899-0288D1</styleUrl>
      <ExtendedData>
        <Data name="Lat">
          <value> 17.3830</value>
        </Data>
        <Data name="Long">
          <value>104.7412</value>
        </Data>
      </ExtendedData>
      <Point>
        <coordinates>
          104.7412,17.383,0
        </coordinates>
      </Point>
    </Placemark>
    <Placemark>
      <name>MD245 - DB - 22 - 0502 - 234+390</name>
      <description><![CDATA[Lat:  17.3830<br>Long: 104.7416]]></description>
      <styleUrl>#icon-1899-0288D1</styleUrl>
      <ExtendedData>
        <Data name="Lat">
          <value> 17.3830</value>
        </Data>
        <Data name="Long">
          <value>104.7416</value>
        </Data>
      </ExtendedData>
      <Point>
        <coordinates>
          104.7416,17.383,0
        </coordinates>
      </Point>
    </Placemark>
    <Placemark>
      <name>MD246 - DB - 22 - 0502 - 234+433</name>
      <description><![CDATA[Lat:  17.3829<br>Long: 104.7420]]></description>
      <styleUrl>#icon-1899-0288D1</styleUrl>
      <ExtendedData>
        <Data name="Lat">
          <value> 17.3829</value>
        </Data>
        <Data name="Long">
          <value>104.7420</value>
        </Data>
      </ExtendedData>
      <Point>
        <coordinates>
          104.742,17.3829,0
        </coordinates>
      </Point>
    </Placemark>
    <Placemark>
      <name>MD247 - DB - 22 - 0502 - 234+476</name>
      <description><![CDATA[Lat:  17.3829<br>Long: 104.7424]]></description>
      <styleUrl>#icon-1899-0288D1</styleUrl>
      <ExtendedData>
        <Data name="Lat">
          <value> 17.3829</value>
        </Data>
        <Data name="Long">
          <value>104.7424</value>
        </Data>
      </ExtendedData>
      <Point>
        <coordinates>
          104.7424,17.3829,0
        </coordinates>
      </Point>
    </Placemark>
    <Placemark>
      <name>MD248 - DB - 22 - 0502 - 234+519</name>
      <description><![CDATA[Lat:  17.3829<br>Long: 104.7428]]></description>
      <styleUrl>#icon-1899-0288D1</styleUrl>
      <ExtendedData>
        <Data name="Lat">
          <value> 17.3829</value>
        </Data>
        <Data name="Long">
          <value>104.7428</value>
        </Data>
      </ExtendedData>
      <Point>
        <coordinates>
          104.7428,17.3829,0
        </coordinates>
      </Point>
    </Placemark>
    <Placemark>
      <name>MD249 - DB - 22 - 0502 - 234+562</name>
      <description><![CDATA[Lat:  17.3829<br>Long: 104.7433]]></description>
      <styleUrl>#icon-1899-0288D1</styleUrl>
      <ExtendedData>
        <Data name="Lat">
          <value> 17.3829</value>
        </Data>
        <Data name="Long">
          <value>104.7433</value>
        </Data>
      </ExtendedData>
      <Point>
        <coordinates>
          104.7433,17.3829,0
        </coordinates>
      </Point>
    </Placemark>
    <Placemark>
      <name>MD250 - DB - 22 - 0502 - 234+605</name>
      <description><![CDATA[Lat:  17.3829<br>Long: 104.7437]]></description>
      <styleUrl>#icon-1899-0288D1</styleUrl>
      <ExtendedData>
        <Data name="Lat">
          <value> 17.3829</value>
        </Data>
        <Data name="Long">
          <value>104.7437</value>
        </Data>
      </ExtendedData>
      <Point>
        <coordinates>
          104.7437,17.3829,0
        </coordinates>
      </Point>
    </Placemark>
    <Placemark>
      <name>MD251 - DB - 22 - 0502 - 234+648</name>
      <description><![CDATA[Lat:  17.3829<br>Long: 104.7441]]></description>
      <styleUrl>#icon-1899-0288D1</styleUrl>
      <ExtendedData>
        <Data name="Lat">
          <value> 17.3829</value>
        </Data>
        <Data name="Long">
          <value>104.7441</value>
        </Data>
      </ExtendedData>
      <Point>
        <coordinates>
          104.7441,17.3829,0
        </coordinates>
      </Point>
    </Placemark>
    <Placemark>
      <name>MD252 - DB - 22 - 0502 - 234+691</name>
      <description><![CDATA[Lat:  17.3829<br>Long: 104.7445]]></description>
      <styleUrl>#icon-1899-0288D1</styleUrl>
      <ExtendedData>
        <Data name="Lat">
          <value> 17.3829</value>
        </Data>
        <Data name="Long">
          <value>104.7445</value>
        </Data>
      </ExtendedData>
      <Point>
        <coordinates>
          104.7445,17.3829,0
        </coordinates>
      </Point>
    </Placemark>
    <Placemark>
      <name>MD253 - DB - 22 - 0502 - 234+734</name>
      <description><![CDATA[Lat:  17.3828<br>Long: 104.7449]]></description>
      <styleUrl>#icon-1899-0288D1</styleUrl>
      <ExtendedData>
        <Data name="Lat">
          <value> 17.3828</value>
        </Data>
        <Data name="Long">
          <value>104.7449</value>
        </Data>
      </ExtendedData>
      <Point>
        <coordinates>
          104.7449,17.3828,0
        </coordinates>
      </Point>
    </Placemark>
    <Placemark>
      <name>MD254 - DB - 22 - 0502 - 234+777</name>
      <description><![CDATA[Lat:  17.3828<br>Long: 104.7453]]></description>
      <styleUrl>#icon-1899-0288D1</styleUrl>
      <ExtendedData>
        <Data name="Lat">
          <value> 17.3828</value>
        </Data>
        <Data name="Long">
          <value>104.7453</value>
        </Data>
      </ExtendedData>
      <Point>
        <coordinates>
          104.7453,17.3828,0
        </coordinates>
      </Point>
    </Placemark>
    <Placemark>
      <name>MD255 - DB - 22 - 0502 - 234+820</name>
      <description><![CDATA[Lat:  17.3828<br>Long: 104.7457]]></description>
      <styleUrl>#icon-1899-0288D1</styleUrl>
      <ExtendedData>
        <Data name="Lat">
          <value> 17.3828</value>
        </Data>
        <Data name="Long">
          <value>104.7457</value>
        </Data>
      </ExtendedData>
      <Point>
        <coordinates>
          104.7457,17.3828,0
        </coordinates>
      </Point>
    </Placemark>
    <Placemark>
      <name>MD256 - DB - 22 - 0502 - 234+863</name>
      <description><![CDATA[Lat:  17.3828<br>Long: 104.7461]]></description>
      <styleUrl>#icon-1899-0288D1</styleUrl>
      <ExtendedData>
        <Data name="Lat">
          <value> 17.3828</value>
        </Data>
        <Data name="Long">
          <value>104.7461</value>
        </Data>
      </ExtendedData>
      <Point>
        <coordinates>
          104.7461,17.3828,0
        </coordinates>
      </Point>
    </Placemark>
    <Placemark>
      <name>MD257 - DB - 22 - 0502 - 234+949</name>
      <description><![CDATA[Lat:  17.3827<br>Long: 104.7469]]></description>
      <styleUrl>#icon-1899-0288D1</styleUrl>
      <ExtendedData>
        <Data name="Lat">
          <value> 17.3827</value>
        </Data>
        <Data name="Long">
          <value>104.7469</value>
        </Data>
      </ExtendedData>
      <Point>
        <coordinates>
          104.7469,17.3827,0
        </coordinates>
      </Point>
    </Placemark>
    <Placemark>
      <name>MD258 - DB - 22 - 0502 - 234+991</name>
      <description><![CDATA[Lat: 17.3827<br>Long: 104.7473]]></description>
      <styleUrl>#icon-1899-0288D1</styleUrl>
      <ExtendedData>
        <Data name="Lat">
          <value>17.3827</value>
        </Data>
        <Data name="Long">
          <value>104.7473</value>
        </Data>
      </ExtendedData>
      <Point>
        <coordinates>
          104.7473,17.3827,0
        </coordinates>
      </Point>
    </Placemark>
    <Placemark>
      <name>MD259 - DB - 22 - 0502 - 235+033</name>
      <description><![CDATA[Lat: 17.3827<br>Long: 104.7477]]></description>
      <styleUrl>#icon-1899-0288D1</styleUrl>
      <ExtendedData>
        <Data name="Lat">
          <value>17.3827</value>
        </Data>
        <Data name="Long">
          <value>104.7477</value>
        </Data>
      </ExtendedData>
      <Point>
        <coordinates>
          104.7477,17.3827,0
        </coordinates>
      </Point>
    </Placemark>
    <Placemark>
      <name>MD260 - DB - 22 - 0502 - 235+075</name>
      <description><![CDATA[Lat: 17.3827<br>Long: 104.7481]]></description>
      <styleUrl>#icon-1899-0288D1</styleUrl>
      <ExtendedData>
        <Data name="Lat">
          <value>17.3827</value>
        </Data>
        <Data name="Long">
          <value>104.7481</value>
        </Data>
      </ExtendedData>
      <Point>
        <coordinates>
          104.7481,17.3827,0
        </coordinates>
      </Point>
    </Placemark>
    <Placemark>
      <name>MD261 - DB - 22 - 0502 - 235+117</name>
      <description><![CDATA[Lat:  17.3827<br>Long: 104.7485]]></description>
      <styleUrl>#icon-1899-0288D1</styleUrl>
      <ExtendedData>
        <Data name="Lat">
          <value> 17.3827</value>
        </Data>
        <Data name="Long">
          <value>104.7485</value>
        </Data>
      </ExtendedData>
      <Point>
        <coordinates>
          104.7485,17.3827,0
        </coordinates>
      </Point>
    </Placemark>
    <Placemark>
      <name>MD262 - DB - 22 - 0502 - 235+159</name>
      <description><![CDATA[Lat:  17.3827<br>Long: 104.7489]]></description>
      <styleUrl>#icon-1899-0288D1</styleUrl>
      <ExtendedData>
        <Data name="Lat">
          <value> 17.3827</value>
        </Data>
        <Data name="Long">
          <value>104.7489</value>
        </Data>
      </ExtendedData>
      <Point>
        <coordinates>
          104.7489,17.3827,0
        </coordinates>
      </Point>
    </Placemark>
    <Placemark>
      <name>LT/MD9 - DB - 22 - 0502 - 234+965</name>
      <description><![CDATA[Lat:  17.3829<br>Long: 104.7471]]></description>
      <styleUrl>#icon-1899-0288D1</styleUrl>
      <ExtendedData>
        <Data name="Lat">
          <value> 17.3829</value>
        </Data>
        <Data name="Long">
          <value>104.7471</value>
        </Data>
      </ExtendedData>
      <Point>
        <coordinates>
          104.7471,17.3829,0
        </coordinates>
      </Point>
    </Placemark>
    <Placemark>
      <name>LT/MD10 - DB - 22 - 0502 - 234+998</name>
      <description><![CDATA[Lat:  17.3829<br>Long: 104.7474]]></description>
      <styleUrl>#icon-1899-0288D1</styleUrl>
      <ExtendedData>
        <Data name="Lat">
          <value> 17.3829</value>
        </Data>
        <Data name="Long">
          <value>104.7474</value>
        </Data>
      </ExtendedData>
      <Point>
        <coordinates>
          104.7474,17.3829,0
        </coordinates>
      </Point>
    </Placemark>
    <Placemark>
      <name>LT/MD11 - DB - 22 - 0502 - 235+031</name>
      <description><![CDATA[Lat:  17.3829<br>Long: 104.7477]]></description>
      <styleUrl>#icon-1899-0288D1</styleUrl>
      <ExtendedData>
        <Data name="Lat">
          <value> 17.3829</value>
        </Data>
        <Data name="Long">
          <value>104.7477</value>
        </Data>
      </ExtendedData>
      <Point>
        <coordinates>
          104.7477,17.3829,0
        </coordinates>
      </Point>
    </Placemark>
    <Placemark>
      <name>LT/MD12 - DB - 22 - 0502 - 235+064</name>
      <description><![CDATA[Lat:  17.3829<br>Long: 104.7480]]></description>
      <styleUrl>#icon-1899-0288D1</styleUrl>
      <ExtendedData>
        <Data name="Lat">
          <value> 17.3829</value>
        </Data>
        <Data name="Long">
          <value>104.7480</value>
        </Data>
      </ExtendedData>
      <Point>
        <coordinates>
          104.748,17.3829,0
        </coordinates>
      </Point>
    </Placemark>
    <Placemark>
      <name>LT/MD13 - DB - 22 - 0502 - 235+097</name>
      <description><![CDATA[Lat:  17.3829<br>Long: 104.7483]]></description>
      <styleUrl>#icon-1899-0288D1</styleUrl>
      <ExtendedData>
        <Data name="Lat">
          <value> 17.3829</value>
        </Data>
        <Data name="Long">
          <value>104.7483</value>
        </Data>
      </ExtendedData>
      <Point>
        <coordinates>
          104.7483,17.3829,0
        </coordinates>
      </Point>
    </Placemark>
    <Placemark>
      <name>LT/MD14 - DB - 22 - 0502 - 235+130</name>
      <description><![CDATA[Lat:  17.3828<br>Long: 104.7486]]></description>
      <styleUrl>#icon-1899-0288D1</styleUrl>
      <ExtendedData>
        <Data name="Lat">
          <value> 17.3828</value>
        </Data>
        <Data name="Long">
          <value>104.7486</value>
        </Data>
      </ExtendedData>
      <Point>
        <coordinates>
          104.7486,17.3828,0
        </coordinates>
      </Point>
    </Placemark>
    <Placemark>
      <name>LT/MD15 - DB - 22 - 0502 - 235+163</name>
      <description><![CDATA[Lat:  17.3828<br>Long: 104.7489]]></description>
      <styleUrl>#icon-1899-0288D1</styleUrl>
      <ExtendedData>
        <Data name="Lat">
          <value> 17.3828</value>
        </Data>
        <Data name="Long">
          <value>104.7489</value>
        </Data>
      </ExtendedData>
      <Point>
        <coordinates>
          104.7489,17.3828,0
        </coordinates>
      </Point>
    </Placemark>
    <Placemark>
      <name>LT/MD16 - DB - 22 - 0502 - 235+196</name>
      <description><![CDATA[Lat:  17.3828<br>Long: 104.7493]]></description>
      <styleUrl>#icon-1899-0288D1</styleUrl>
      <ExtendedData>
        <Data name="Lat">
          <value> 17.3828</value>
        </Data>
        <Data name="Long">
          <value>104.7493</value>
        </Data>
      </ExtendedData>
      <Point>
        <coordinates>
          104.7493,17.3828,0
        </coordinates>
      </Point>
    </Placemark>
    <Placemark>
      <name>LT275 - SG - 22 - 0502 - 235+223</name>
      <description><![CDATA[Lat:  17.3829<br>Long: 104.7496]]></description>
      <styleUrl>#icon-1899-0288D1</styleUrl>
      <ExtendedData>
        <Data name="Lat">
          <value> 17.3829</value>
        </Data>
        <Data name="Long">
          <value>104.7496</value>
        </Data>
      </ExtendedData>
      <Point>
        <coordinates>
          104.7496,17.3829,0
        </coordinates>
      </Point>
    </Placemark>
    <Placemark>
      <name>LT276 - SG - 22 - 0502 - 235+299</name>
      <description><![CDATA[Lat:  17.3828<br>Long: 104.7499]]></description>
      <styleUrl>#icon-1899-0288D1</styleUrl>
      <ExtendedData>
        <Data name="Lat">
          <value> 17.3828</value>
        </Data>
        <Data name="Long">
          <value>104.7499</value>
        </Data>
      </ExtendedData>
      <Point>
        <coordinates>
          104.7499,17.3828,0
        </coordinates>
      </Point>
    </Placemark>
    <Placemark>
      <name>LT277 - SG - 22 - 0502 - 235+375</name>
      <description><![CDATA[Lat:  17.3828<br>Long: 104.7502]]></description>
      <styleUrl>#icon-1899-0288D1</styleUrl>
      <ExtendedData>
        <Data name="Lat">
          <value> 17.3828</value>
        </Data>
        <Data name="Long">
          <value>104.7502</value>
        </Data>
      </ExtendedData>
      <Point>
        <coordinates>
          104.7502,17.3828,0
        </coordinates>
      </Point>
    </Placemark>
    <Placemark>
      <name>LT278 - SG - 22 - 0502 - 235+451</name>
      <description><![CDATA[Lat:  17.3827<br>Long: 104.7504]]></description>
      <styleUrl>#icon-1899-0288D1</styleUrl>
      <ExtendedData>
        <Data name="Lat">
          <value> 17.3827</value>
        </Data>
        <Data name="Long">
          <value>104.7504</value>
        </Data>
      </ExtendedData>
      <Point>
        <coordinates>
          104.7504,17.3827,0
        </coordinates>
      </Point>
    </Placemark>
    <Placemark>
      <name>MD264 - DB - 22 - 0502 - 235+189</name>
      <description><![CDATA[Lat:  17.3827<br>Long: 104.7496]]></description>
      <styleUrl>#icon-1899-0288D1</styleUrl>
      <ExtendedData>
        <Data name="Lat">
          <value> 17.3827</value>
        </Data>
        <Data name="Long">
          <value>104.7496</value>
        </Data>
      </ExtendedData>
      <Point>
        <coordinates>
          104.7496,17.3827,0
        </coordinates>
      </Point>
    </Placemark>
    <Placemark>
      <name>MD263 - DB - 22 - 0502 - 235+230</name>
      <description><![CDATA[Lat:  17.3827<br>Long: 104.7492]]></description>
      <styleUrl>#icon-1899-0288D1</styleUrl>
      <ExtendedData>
        <Data name="Lat">
          <value> 17.3827</value>
        </Data>
        <Data name="Long">
          <value>104.7492</value>
        </Data>
      </ExtendedData>
      <Point>
        <coordinates>
          104.7492,17.3827,0
        </coordinates>
      </Point>
    </Placemark>
    <Placemark>
      <name>MD265 - DB - 22 - 0502 - 235+271</name>
      <description><![CDATA[Lat:  17.3826<br>Long: 104.7500]]></description>
      <styleUrl>#icon-1899-0288D1</styleUrl>
      <ExtendedData>
        <Data name="Lat">
          <value> 17.3826</value>
        </Data>
        <Data name="Long">
          <value>104.7500</value>
        </Data>
      </ExtendedData>
      <Point>
        <coordinates>
          104.75,17.3826,0
        </coordinates>
      </Point>
    </Placemark>
    <Placemark>
      <name>MD266 - DB - 22 - 0502 - 235+312</name>
      <description><![CDATA[Lat:  17.3826<br>Long: 104.7504]]></description>
      <styleUrl>#icon-1899-0288D1</styleUrl>
      <ExtendedData>
        <Data name="Lat">
          <value> 17.3826</value>
        </Data>
        <Data name="Long">
          <value>104.7504</value>
        </Data>
      </ExtendedData>
      <Point>
        <coordinates>
          104.7504,17.3826,0
        </coordinates>
      </Point>
    </Placemark>
    <Placemark>
      <name>MD267 - DB - 22 - 0502 - 235+353</name>
      <description><![CDATA[Lat: 17.3826<br>Long: 104.7508]]></description>
      <styleUrl>#icon-1899-0288D1</styleUrl>
      <ExtendedData>
        <Data name="Lat">
          <value>17.3826</value>
        </Data>
        <Data name="Long">
          <value>104.7508</value>
        </Data>
      </ExtendedData>
      <Point>
        <coordinates>
          104.7508,17.3826,0
        </coordinates>
      </Point>
    </Placemark>
    <Placemark>
      <name>MD268 - DB - 22 - 0502 - 235+394</name>
      <description><![CDATA[Lat:  17.3826<br>Long: 104.7512]]></description>
      <styleUrl>#icon-1899-0288D1</styleUrl>
      <ExtendedData>
        <Data name="Lat">
          <value> 17.3826</value>
        </Data>
        <Data name="Long">
          <value>104.7512</value>
        </Data>
      </ExtendedData>
      <Point>
        <coordinates>
          104.7512,17.3826,0
        </coordinates>
      </Point>
    </Placemark>
    <Placemark>
      <name>MD269 - DB - 22 - 0502 - 235+435</name>
      <description><![CDATA[Lat:  17.3826<br>Long: 104.7516]]></description>
      <styleUrl>#icon-1899-0288D1</styleUrl>
      <ExtendedData>
        <Data name="Lat">
          <value> 17.3826</value>
        </Data>
        <Data name="Long">
          <value>104.7516</value>
        </Data>
      </ExtendedData>
      <Point>
        <coordinates>
          104.7516,17.3826,0
        </coordinates>
      </Point>
    </Placemark>
    <Placemark>
      <name>MD270 - DB - 22 - 0502 - 235+476</name>
      <description><![CDATA[Lat:  17.3825<br>Long: 104.7520]]></description>
      <styleUrl>#icon-1899-0288D1</styleUrl>
      <ExtendedData>
        <Data name="Lat">
          <value> 17.3825</value>
        </Data>
        <Data name="Long">
          <value>104.7520</value>
        </Data>
      </ExtendedData>
      <Point>
        <coordinates>
          104.752,17.3825,0
        </coordinates>
      </Point>
    </Placemark>
    <Placemark>
      <name>MD271 - DB - 22 - 0502 - 235+554</name>
      <description><![CDATA[Lat:  17.3825<br>Long: 104.7527]]></description>
      <styleUrl>#icon-1899-0288D1</styleUrl>
      <ExtendedData>
        <Data name="Lat">
          <value> 17.3825</value>
        </Data>
        <Data name="Long">
          <value>104.7527</value>
        </Data>
      </ExtendedData>
      <Point>
        <coordinates>
          104.7527,17.3825,0
        </coordinates>
      </Point>
    </Placemark>
    <Placemark>
      <name>MD272 - DB - 22 - 0502 - 235+589</name>
      <description><![CDATA[Lat:  17.3825<br>Long: 104.7531]]></description>
      <styleUrl>#icon-1899-0288D1</styleUrl>
      <ExtendedData>
        <Data name="Lat">
          <value> 17.3825</value>
        </Data>
        <Data name="Long">
          <value>104.7531</value>
        </Data>
      </ExtendedData>
      <Point>
        <coordinates>
          104.7531,17.3825,0
        </coordinates>
      </Point>
    </Placemark>
    <Placemark>
      <name>MD273 - DB - 22 - 0502 - 235+624</name>
      <description><![CDATA[Lat:  17.3825<br>Long: 104.7534]]></description>
      <styleUrl>#icon-1899-0288D1</styleUrl>
      <ExtendedData>
        <Data name="Lat">
          <value> 17.3825</value>
        </Data>
        <Data name="Long">
          <value>104.7534</value>
        </Data>
      </ExtendedData>
      <Point>
        <coordinates>
          104.7534,17.3825,0
        </coordinates>
      </Point>
    </Placemark>
    <Placemark>
      <name>MD274 - DB - 22 - 0502 - 235+659</name>
      <description><![CDATA[Lat:  17.3825<br>Long: 104.7537]]></description>
      <styleUrl>#icon-1899-0288D1</styleUrl>
      <ExtendedData>
        <Data name="Lat">
          <value> 17.3825</value>
        </Data>
        <Data name="Long">
          <value>104.7537</value>
        </Data>
      </ExtendedData>
      <Point>
        <coordinates>
          104.7537,17.3825,0
        </coordinates>
      </Point>
    </Placemark>
    <Placemark>
      <name>MD275 - DB - 22 - 0502 - 235+694</name>
      <description><![CDATA[Lat:  17.3825<br>Long: 104.7541]]></description>
      <styleUrl>#icon-1899-0288D1</styleUrl>
      <ExtendedData>
        <Data name="Lat">
          <value> 17.3825</value>
        </Data>
        <Data name="Long">
          <value>104.7541</value>
        </Data>
      </ExtendedData>
      <Point>
        <coordinates>
          104.7541,17.3825,0
        </coordinates>
      </Point>
    </Placemark>
    <Placemark>
      <name>MD276 - DB - 22 - 0502 - 235+729</name>
      <description><![CDATA[Lat:  17.3825<br>Long: 104.7544]]></description>
      <styleUrl>#icon-1899-0288D1</styleUrl>
      <ExtendedData>
        <Data name="Lat">
          <value> 17.3825</value>
        </Data>
        <Data name="Long">
          <value>104.7544</value>
        </Data>
      </ExtendedData>
      <Point>
        <coordinates>
          104.7544,17.3825,0
        </coordinates>
      </Point>
    </Placemark>
    <Placemark>
      <name>LT279 - SG - 22 - 0502 - 235+694</name>
      <description><![CDATA[Lat:  17.3826<br>Long: 104.7541]]></description>
      <styleUrl>#icon-1899-0288D1</styleUrl>
      <ExtendedData>
        <Data name="Lat">
          <value> 17.3826</value>
        </Data>
        <Data name="Long">
          <value>104.7541</value>
        </Data>
      </ExtendedData>
      <Point>
        <coordinates>
          104.7541,17.3826,0
        </coordinates>
      </Point>
    </Placemark>
    <Placemark>
      <name>LT280 - SG - 22 - 0502 - 235+729</name>
      <description><![CDATA[Lat:  17.3826<br>Long: 104.7544]]></description>
      <styleUrl>#icon-1899-0288D1</styleUrl>
      <ExtendedData>
        <Data name="Lat">
          <value> 17.3826</value>
        </Data>
        <Data name="Long">
          <value>104.7544</value>
        </Data>
      </ExtendedData>
      <Point>
        <coordinates>
          104.7544,17.3826,0
        </coordinates>
      </Point>
    </Placemark>
    <Placemark>
      <name>LT281 - SG - 22 - 0502 - 235+764</name>
      <description><![CDATA[Lat:  17.3826<br>Long: 104.7548]]></description>
      <styleUrl>#icon-1899-0288D1</styleUrl>
      <ExtendedData>
        <Data name="Lat">
          <value> 17.3826</value>
        </Data>
        <Data name="Long">
          <value>104.7548</value>
        </Data>
      </ExtendedData>
      <Point>
        <coordinates>
          104.7548,17.3826,0
        </coordinates>
      </Point>
    </Placemark>
    <Placemark>
      <name>LT282 - SG - 22 - 0502 - 235+799</name>
      <description><![CDATA[Lat:  17.3826<br>Long: 104.7551]]></description>
      <styleUrl>#icon-1899-0288D1</styleUrl>
      <ExtendedData>
        <Data name="Lat">
          <value> 17.3826</value>
        </Data>
        <Data name="Long">
          <value>104.7551</value>
        </Data>
      </ExtendedData>
      <Point>
        <coordinates>
          104.7551,17.3826,0
        </coordinates>
      </Point>
    </Placemark>
    <Placemark>
      <name>LT283 - SG - 22 - 0502 - 235+834</name>
      <description><![CDATA[Lat:  17.3826<br>Long: 104.7553]]></description>
      <styleUrl>#icon-1899-0288D1</styleUrl>
      <ExtendedData>
        <Data name="Lat">
          <value> 17.3826</value>
        </Data>
        <Data name="Long">
          <value>104.7553</value>
        </Data>
      </ExtendedData>
      <Point>
        <coordinates>
          104.7553,17.3826,0
        </coordinates>
      </Point>
    </Placemark>
    <Placemark>
      <name>LT284 - SG - 22 - 0502 - 235+869</name>
      <description><![CDATA[Lat:  17.3825<br>Long: 104.7558]]></description>
      <styleUrl>#icon-1899-0288D1</styleUrl>
      <ExtendedData>
        <Data name="Lat">
          <value> 17.3825</value>
        </Data>
        <Data name="Long">
          <value>104.7558</value>
        </Data>
      </ExtendedData>
      <Point>
        <coordinates>
          104.7558,17.3825,0
        </coordinates>
      </Point>
    </Placemark>
    <Placemark>
      <name>LT285 - SG - 22 - 0502 - 235+904</name>
      <description><![CDATA[Lat:  17.3826<br>Long: 104.7561]]></description>
      <styleUrl>#icon-1899-0288D1</styleUrl>
      <ExtendedData>
        <Data name="Lat">
          <value> 17.3826</value>
        </Data>
        <Data name="Long">
          <value>104.7561</value>
        </Data>
      </ExtendedData>
      <Point>
        <coordinates>
          104.7561,17.3826,0
        </coordinates>
      </Point>
    </Placemark>
    <Placemark>
      <name>LT286 - SG - 22 - 0502 - 235+939</name>
      <description><![CDATA[Lat:  17.3826<br>Long: 104.7564]]></description>
      <styleUrl>#icon-1899-0288D1</styleUrl>
      <ExtendedData>
        <Data name="Lat">
          <value> 17.3826</value>
        </Data>
        <Data name="Long">
          <value>104.7564</value>
        </Data>
      </ExtendedData>
      <Point>
        <coordinates>
          104.7564,17.3826,0
        </coordinates>
      </Point>
    </Placemark>
    <Placemark>
      <name>RT243 - SG - 22 - 0502 - 235+834</name>
      <description><![CDATA[Lat:  17.3823<br>Long: 104.7553]]></description>
      <styleUrl>#icon-1899-0288D1</styleUrl>
      <ExtendedData>
        <Data name="Lat">
          <value> 17.3823</value>
        </Data>
        <Data name="Long">
          <value>104.7553</value>
        </Data>
      </ExtendedData>
      <Point>
        <coordinates>
          104.7553,17.3823,0
        </coordinates>
      </Point>
    </Placemark>
    <Placemark>
      <name>RT244 - SG - 22 - 0502 - 235+869</name>
      <description><![CDATA[Lat:  17.3823<br>Long: 104.7556]]></description>
      <styleUrl>#icon-1899-0288D1</styleUrl>
      <ExtendedData>
        <Data name="Lat">
          <value> 17.3823</value>
        </Data>
        <Data name="Long">
          <value>104.7556</value>
        </Data>
      </ExtendedData>
      <Point>
        <coordinates>
          104.7556,17.3823,0
        </coordinates>
      </Point>
    </Placemark>
    <Placemark>
      <name>RT244 - SG - 22 - 0502 - 235+904</name>
      <description><![CDATA[Lat:  17.3823<br>Long: 104.7559]]></description>
      <styleUrl>#icon-1899-0288D1</styleUrl>
      <ExtendedData>
        <Data name="Lat">
          <value> 17.3823</value>
        </Data>
        <Data name="Long">
          <value>104.7559</value>
        </Data>
      </ExtendedData>
      <Point>
        <coordinates>
          104.7559,17.3823,0
        </coordinates>
      </Point>
    </Placemark>
    <Placemark>
      <name>RT245 - SG - 22 - 0502 - 235+939</name>
      <description><![CDATA[Lat:  17.3823<br>Long: 104.7562]]></description>
      <styleUrl>#icon-1899-0288D1</styleUrl>
      <ExtendedData>
        <Data name="Lat">
          <value> 17.3823</value>
        </Data>
        <Data name="Long">
          <value>104.7562</value>
        </Data>
      </ExtendedData>
      <Point>
        <coordinates>
          104.7562,17.3823,0
        </coordinates>
      </Point>
    </Placemark>
    <Placemark>
      <name>RT246 - SG - 22 - 0502 - 235+974</name>
      <description><![CDATA[Lat:  17.3824<br>Long: 104.7565]]></description>
      <styleUrl>#icon-1899-0288D1</styleUrl>
      <ExtendedData>
        <Data name="Lat">
          <value> 17.3824</value>
        </Data>
        <Data name="Long">
          <value>104.7565</value>
        </Data>
      </ExtendedData>
      <Point>
        <coordinates>
          104.7565,17.3824,0
        </coordinates>
      </Point>
    </Placemark>
    <Placemark>
      <name>RT247 - SG - 22 - 0502 - 236+009</name>
      <description><![CDATA[Lat: 17.3825<br>Long: 104.7568]]></description>
      <styleUrl>#icon-1899-0288D1</styleUrl>
      <ExtendedData>
        <Data name="Lat">
          <value>17.3825</value>
        </Data>
        <Data name="Long">
          <value>104.7568</value>
        </Data>
      </ExtendedData>
      <Point>
        <coordinates>
          104.7568,17.3825,0
        </coordinates>
      </Point>
    </Placemark>
    <Placemark>
      <name>RT248 - SG - 22 - 0502 - 236+044</name>
      <description><![CDATA[Lat:  17.3827<br>Long: 104.7571]]></description>
      <styleUrl>#icon-1899-0288D1</styleUrl>
      <ExtendedData>
        <Data name="Lat">
          <value> 17.3827</value>
        </Data>
        <Data name="Long">
          <value>104.7571</value>
        </Data>
      </ExtendedData>
      <Point>
        <coordinates>
          104.7571,17.3827,0
        </coordinates>
      </Point>
    </Placemark>
    <Placemark>
      <name>RT249 - SG - 22 - 0502 - 236+079</name>
      <description><![CDATA[Lat: 17.3828<br>Long: 104.7574]]></description>
      <styleUrl>#icon-1899-0288D1</styleUrl>
      <ExtendedData>
        <Data name="Lat">
          <value>17.3828</value>
        </Data>
        <Data name="Long">
          <value>104.7574</value>
        </Data>
      </ExtendedData>
      <Point>
        <coordinates>
          104.7574,17.3828,0
        </coordinates>
      </Point>
    </Placemark>
    <Placemark>
      <name>RT250 - SG - 22 - 0502 - 236+114</name>
      <description><![CDATA[Lat:  17.3830<br>Long: 104.7576]]></description>
      <styleUrl>#icon-1899-0288D1</styleUrl>
      <ExtendedData>
        <Data name="Lat">
          <value> 17.3830</value>
        </Data>
        <Data name="Long">
          <value>104.7576</value>
        </Data>
      </ExtendedData>
      <Point>
        <coordinates>
          104.7576,17.383,0
        </coordinates>
      </Point>
    </Placemark>
    <Placemark>
      <name>RT251 - SG - 22 - 0502 - 236+149</name>
      <description><![CDATA[Lat:  17.3831<br>Long: 104.7579]]></description>
      <styleUrl>#icon-1899-0288D1</styleUrl>
      <ExtendedData>
        <Data name="Lat">
          <value> 17.3831</value>
        </Data>
        <Data name="Long">
          <value>104.7579</value>
        </Data>
      </ExtendedData>
      <Point>
        <coordinates>
          104.7579,17.3831,0
        </coordinates>
      </Point>
    </Placemark>
    <Placemark>
      <name>RT252 - SG - 22 - 0502 - 236+184</name>
      <description><![CDATA[Lat:  17.3833<br>Long: 104.7581]]></description>
      <styleUrl>#icon-1899-0288D1</styleUrl>
      <ExtendedData>
        <Data name="Lat">
          <value> 17.3833</value>
        </Data>
        <Data name="Long">
          <value>104.7581</value>
        </Data>
      </ExtendedData>
      <Point>
        <coordinates>
          104.7581,17.3833,0
        </coordinates>
      </Point>
    </Placemark>
    <Placemark>
      <name>RT253 - SG - 22 - 0502 - 236+219</name>
      <description><![CDATA[Lat:  17.3834<br>Long: 104.7584]]></description>
      <styleUrl>#icon-1899-0288D1</styleUrl>
      <ExtendedData>
        <Data name="Lat">
          <value> 17.3834</value>
        </Data>
        <Data name="Long">
          <value>104.7584</value>
        </Data>
      </ExtendedData>
      <Point>
        <coordinates>
          104.7584,17.3834,0
        </coordinates>
      </Point>
    </Placemark>
    <Placemark>
      <name>RT254 - SG - 22 - 0502 - 236+254</name>
      <description><![CDATA[Lat:  17.3835<br>Long: 104.7587]]></description>
      <styleUrl>#icon-1899-0288D1</styleUrl>
      <ExtendedData>
        <Data name="Lat">
          <value> 17.3835</value>
        </Data>
        <Data name="Long">
          <value>104.7587</value>
        </Data>
      </ExtendedData>
      <Point>
        <coordinates>
          104.7587,17.3835,0
        </coordinates>
      </Point>
    </Placemark>
    <Placemark>
      <name>RT255 - SG - 22 - 0502 - 236+289</name>
      <description><![CDATA[Lat:  17.3837<br>Long: 104.7589]]></description>
      <styleUrl>#icon-1899-0288D1</styleUrl>
      <ExtendedData>
        <Data name="Lat">
          <value> 17.3837</value>
        </Data>
        <Data name="Long">
          <value>104.7589</value>
        </Data>
      </ExtendedData>
      <Point>
        <coordinates>
          104.7589,17.3837,0
        </coordinates>
      </Point>
    </Placemark>
    <Placemark>
      <name>RT256 - SG - 22 - 0502 - 236+324</name>
      <description><![CDATA[Lat:  17.3839<br>Long: 104.7592]]></description>
      <styleUrl>#icon-1899-0288D1</styleUrl>
      <ExtendedData>
        <Data name="Lat">
          <value> 17.3839</value>
        </Data>
        <Data name="Long">
          <value>104.7592</value>
        </Data>
      </ExtendedData>
      <Point>
        <coordinates>
          104.7592,17.3839,0
        </coordinates>
      </Point>
    </Placemark>
    <Placemark>
      <name>RT257 - SG - 22 - 0502 - 236+359</name>
      <description><![CDATA[Lat:  17.3840<br>Long: 104.7595]]></description>
      <styleUrl>#icon-1899-0288D1</styleUrl>
      <ExtendedData>
        <Data name="Lat">
          <value> 17.3840</value>
        </Data>
        <Data name="Long">
          <value>104.7595</value>
        </Data>
      </ExtendedData>
      <Point>
        <coordinates>
          104.7595,17.384,0
        </coordinates>
      </Point>
    </Placemark>
    <Placemark>
      <name>RT258 - SG - 22 - 0502 - 236+394</name>
      <description><![CDATA[Lat:  17.3841<br>Long: 104.7597]]></description>
      <styleUrl>#icon-1899-0288D1</styleUrl>
      <ExtendedData>
        <Data name="Lat">
          <value> 17.3841</value>
        </Data>
        <Data name="Long">
          <value>104.7597</value>
        </Data>
      </ExtendedData>
      <Point>
        <coordinates>
          104.7597,17.3841,0
        </coordinates>
      </Point>
    </Placemark>
    <Placemark>
      <name>RT259 - SG - 22 - 0502 - 236+429</name>
      <description><![CDATA[Lat: 17.3843<br>Long: 104.76 1]]></description>
      <ExtendedData>
        <Data name="Lat">
          <value>17.3843</value>
        </Data>
        <Data name="Long">
          <value>104.76 1</value>
        </Data>
      </ExtendedData>
    </Placemark>
    <Placemark>
      <name>RT260 - SG - 22 - 0502 - 236+464</name>
      <description><![CDATA[Lat:  17.3844<br>Long: 104.7602]]></description>
      <styleUrl>#icon-1899-0288D1</styleUrl>
      <ExtendedData>
        <Data name="Lat">
          <value> 17.3844</value>
        </Data>
        <Data name="Long">
          <value>104.7602</value>
        </Data>
      </ExtendedData>
      <Point>
        <coordinates>
          104.7602,17.3844,0
        </coordinates>
      </Point>
    </Placemark>
    <Placemark>
      <name>MD277 - DB - 22 - 0502 - 236+582</name>
      <description><![CDATA[Lat:  17.3851<br>Long: 104.7610]]></description>
      <styleUrl>#icon-1899-0288D1</styleUrl>
      <ExtendedData>
        <Data name="Lat">
          <value> 17.3851</value>
        </Data>
        <Data name="Long">
          <value>104.7610</value>
        </Data>
      </ExtendedData>
      <Point>
        <coordinates>
          104.761,17.3851,0
        </coordinates>
      </Point>
    </Placemark>
    <Placemark>
      <name>MD278 - DB - 22 - 0502 - 236+622</name>
      <description><![CDATA[Lat:  17.3853<br>Long: 104.7613]]></description>
      <styleUrl>#icon-1899-0288D1</styleUrl>
      <ExtendedData>
        <Data name="Lat">
          <value> 17.3853</value>
        </Data>
        <Data name="Long">
          <value>104.7613</value>
        </Data>
      </ExtendedData>
      <Point>
        <coordinates>
          104.7613,17.3853,0
        </coordinates>
      </Point>
    </Placemark>
    <Placemark>
      <name>MD279 - DB - 22 - 0502 - 236+702</name>
      <description><![CDATA[Lat:  17.3855<br>Long: 104.7616]]></description>
      <styleUrl>#icon-1899-0288D1</styleUrl>
      <ExtendedData>
        <Data name="Lat">
          <value> 17.3855</value>
        </Data>
        <Data name="Long">
          <value>104.7616</value>
        </Data>
      </ExtendedData>
      <Point>
        <coordinates>
          104.7616,17.3855,0
        </coordinates>
      </Point>
    </Placemark>
    <Placemark>
      <name>MD280 - DB - 22 - 0502 - 236+782</name>
      <description><![CDATA[Lat:  17.3858<br>Long: 104.7619]]></description>
      <styleUrl>#icon-1899-0288D1</styleUrl>
      <ExtendedData>
        <Data name="Lat">
          <value> 17.3858</value>
        </Data>
        <Data name="Long">
          <value>104.7619</value>
        </Data>
      </ExtendedData>
      <Point>
        <coordinates>
          104.7619,17.3858,0
        </coordinates>
      </Point>
    </Placemark>
    <Placemark>
      <name>MD281 - DB - 22 - 0502 - 236+862</name>
      <description><![CDATA[Lat:  17.3860<br>Long: 104.7622]]></description>
      <styleUrl>#icon-1899-0288D1</styleUrl>
      <ExtendedData>
        <Data name="Lat">
          <value> 17.3860</value>
        </Data>
        <Data name="Long">
          <value>104.7622</value>
        </Data>
      </ExtendedData>
      <Point>
        <coordinates>
          104.7622,17.386,0
        </coordinates>
      </Point>
    </Placemark>
    <Placemark>
      <name>MD282 - DB - 22 - 0502 - 236+942</name>
      <description><![CDATA[Lat:  17.3863<br>Long: 104.7625]]></description>
      <styleUrl>#icon-1899-0288D1</styleUrl>
      <ExtendedData>
        <Data name="Lat">
          <value> 17.3863</value>
        </Data>
        <Data name="Long">
          <value>104.7625</value>
        </Data>
      </ExtendedData>
      <Point>
        <coordinates>
          104.7625,17.3863,0
        </coordinates>
      </Point>
    </Placemark>
    <Placemark>
      <name>MD283 - DB - 22 - 0502 - 237+022</name>
      <description><![CDATA[Lat: 17.3866<br>Long: 104.7628]]></description>
      <styleUrl>#icon-1899-0288D1</styleUrl>
      <ExtendedData>
        <Data name="Lat">
          <value>17.3866</value>
        </Data>
        <Data name="Long">
          <value>104.7628</value>
        </Data>
      </ExtendedData>
      <Point>
        <coordinates>
          104.7628,17.3866,0
        </coordinates>
      </Point>
    </Placemark>
    <Placemark>
      <name>MD284 - DB - 22 - 0502 - 237+102</name>
      <description><![CDATA[Lat:  17.3868<br>Long: 104.7631]]></description>
      <styleUrl>#icon-1899-0288D1</styleUrl>
      <ExtendedData>
        <Data name="Lat">
          <value> 17.3868</value>
        </Data>
        <Data name="Long">
          <value>104.7631</value>
        </Data>
      </ExtendedData>
      <Point>
        <coordinates>
          104.7631,17.3868,0
        </coordinates>
      </Point>
    </Placemark>
    <Placemark>
      <name>MD285 - DB - 22 - 0502 - 237+182</name>
      <description><![CDATA[Lat:  17.3871<br>Long: 104.7635]]></description>
      <styleUrl>#icon-1899-0288D1</styleUrl>
      <ExtendedData>
        <Data name="Lat">
          <value> 17.3871</value>
        </Data>
        <Data name="Long">
          <value>104.7635</value>
        </Data>
      </ExtendedData>
      <Point>
        <coordinates>
          104.7635,17.3871,0
        </coordinates>
      </Point>
    </Placemark>
    <Placemark>
      <name>MD286 - DB - 22 - 0502 - 237+262</name>
      <description><![CDATA[Lat:  17.3874<br>Long: 104.7638]]></description>
      <styleUrl>#icon-1899-0288D1</styleUrl>
      <ExtendedData>
        <Data name="Lat">
          <value> 17.3874</value>
        </Data>
        <Data name="Long">
          <value>104.7638</value>
        </Data>
      </ExtendedData>
      <Point>
        <coordinates>
          104.7638,17.3874,0
        </coordinates>
      </Point>
    </Placemark>
    <Placemark>
      <name>MD287 - DB - 22 - 0502 - 237+342</name>
      <description><![CDATA[Lat:  17.3876<br>Long: 104.7641]]></description>
      <styleUrl>#icon-1899-0288D1</styleUrl>
      <ExtendedData>
        <Data name="Lat">
          <value> 17.3876</value>
        </Data>
        <Data name="Long">
          <value>104.7641</value>
        </Data>
      </ExtendedData>
      <Point>
        <coordinates>
          104.7641,17.3876,0
        </coordinates>
      </Point>
    </Placemark>
    <Placemark>
      <name>MD288 - DB - 22 - 0502 - 237+422</name>
      <description><![CDATA[Lat:  17.3879<br>Long: 104.7644]]></description>
      <styleUrl>#icon-1899-0288D1</styleUrl>
      <ExtendedData>
        <Data name="Lat">
          <value> 17.3879</value>
        </Data>
        <Data name="Long">
          <value>104.7644</value>
        </Data>
      </ExtendedData>
      <Point>
        <coordinates>
          104.7644,17.3879,0
        </coordinates>
      </Point>
    </Placemark>
    <Placemark>
      <name>MD289 - DB - 22 - 0502 - 237+502</name>
      <description><![CDATA[Lat:  17.3882<br>Long: 104.7647]]></description>
      <styleUrl>#icon-1899-0288D1</styleUrl>
      <ExtendedData>
        <Data name="Lat">
          <value> 17.3882</value>
        </Data>
        <Data name="Long">
          <value>104.7647</value>
        </Data>
      </ExtendedData>
      <Point>
        <coordinates>
          104.7647,17.3882,0
        </coordinates>
      </Point>
    </Placemark>
    <Placemark>
      <name>MD290 - DB - 22 - 0502 - 237+582</name>
      <description><![CDATA[Lat:  17.3884<br>Long: 104.7650]]></description>
      <styleUrl>#icon-1899-0288D1</styleUrl>
      <ExtendedData>
        <Data name="Lat">
          <value> 17.3884</value>
        </Data>
        <Data name="Long">
          <value>104.7650</value>
        </Data>
      </ExtendedData>
      <Point>
        <coordinates>
          104.765,17.3884,0
        </coordinates>
      </Point>
    </Placemark>
    <Placemark>
      <name>MD291 - DB - 22 - 0502 - 237+662</name>
      <description><![CDATA[Lat:  17.3887<br>Long: 104.7653]]></description>
      <styleUrl>#icon-1899-0288D1</styleUrl>
      <ExtendedData>
        <Data name="Lat">
          <value> 17.3887</value>
        </Data>
        <Data name="Long">
          <value>104.7653</value>
        </Data>
      </ExtendedData>
      <Point>
        <coordinates>
          104.7653,17.3887,0
        </coordinates>
      </Point>
    </Placemark>
    <Placemark>
      <name>MD292 - DB - 22 - 0502 - 237+742</name>
      <description><![CDATA[Lat: 17.3890<br>Long: 104.7656]]></description>
      <styleUrl>#icon-1899-0288D1</styleUrl>
      <ExtendedData>
        <Data name="Lat">
          <value>17.3890</value>
        </Data>
        <Data name="Long">
          <value>104.7656</value>
        </Data>
      </ExtendedData>
      <Point>
        <coordinates>
          104.7656,17.389,0
        </coordinates>
      </Point>
    </Placemark>
    <Placemark>
      <name>MD293 - DB - 22 - 0502 - 237+822</name>
      <description><![CDATA[Lat:  17.3892<br>Long: 104.7659]]></description>
      <styleUrl>#icon-1899-0288D1</styleUrl>
      <ExtendedData>
        <Data name="Lat">
          <value> 17.3892</value>
        </Data>
        <Data name="Long">
          <value>104.7659</value>
        </Data>
      </ExtendedData>
      <Point>
        <coordinates>
          104.7659,17.3892,0
        </coordinates>
      </Point>
    </Placemark>
    <Placemark>
      <name>MD294 - DB - 22 - 0502 - 237+902</name>
      <description><![CDATA[Lat:  17.3895<br>Long: 104.7662]]></description>
      <styleUrl>#icon-1899-0288D1</styleUrl>
      <ExtendedData>
        <Data name="Lat">
          <value> 17.3895</value>
        </Data>
        <Data name="Long">
          <value>104.7662</value>
        </Data>
      </ExtendedData>
      <Point>
        <coordinates>
          104.7662,17.3895,0
        </coordinates>
      </Point>
    </Placemark>
    <Placemark>
      <name>MD295 - DB - 22 - 0502 - 237+982</name>
      <description><![CDATA[Lat:  17.3897<br>Long: 104.7665]]></description>
      <styleUrl>#icon-1899-0288D1</styleUrl>
      <ExtendedData>
        <Data name="Lat">
          <value> 17.3897</value>
        </Data>
        <Data name="Long">
          <value>104.7665</value>
        </Data>
      </ExtendedData>
      <Point>
        <coordinates>
          104.7665,17.3897,0
        </coordinates>
      </Point>
    </Placemark>
    <Placemark>
      <name>MD296 - DB - 22 - 0502 - 238+062</name>
      <description><![CDATA[Lat:  17.3900<br>Long: 104.7669]]></description>
      <styleUrl>#icon-1899-0288D1</styleUrl>
      <ExtendedData>
        <Data name="Lat">
          <value> 17.3900</value>
        </Data>
        <Data name="Long">
          <value>104.7669</value>
        </Data>
      </ExtendedData>
      <Point>
        <coordinates>
          104.7669,17.39,0
        </coordinates>
      </Point>
    </Placemark>
    <Placemark>
      <name>MD297 - DB - 22 - 0502 - 238+142</name>
      <description><![CDATA[Lat:  17.3902<br>Long: 104.7671]]></description>
      <styleUrl>#icon-1899-0288D1</styleUrl>
      <ExtendedData>
        <Data name="Lat">
          <value> 17.3902</value>
        </Data>
        <Data name="Long">
          <value>104.7671</value>
        </Data>
      </ExtendedData>
      <Point>
        <coordinates>
          104.7671,17.3902,0
        </coordinates>
      </Point>
    </Placemark>
    <Placemark>
      <name>MD298 - DB - 22 - 0502 - 238+222</name>
      <description><![CDATA[Lat:  17.3905<br>Long: 104.7675]]></description>
      <styleUrl>#icon-1899-0288D1</styleUrl>
      <ExtendedData>
        <Data name="Lat">
          <value> 17.3905</value>
        </Data>
        <Data name="Long">
          <value>104.7675</value>
        </Data>
      </ExtendedData>
      <Point>
        <coordinates>
          104.7675,17.3905,0
        </coordinates>
      </Point>
    </Placemark>
    <Placemark>
      <name>MD299 - DB - 22 - 0502 - 238+302</name>
      <description><![CDATA[Lat:  17.3907<br>Long: 104.7677]]></description>
      <styleUrl>#icon-1899-0288D1</styleUrl>
      <ExtendedData>
        <Data name="Lat">
          <value> 17.3907</value>
        </Data>
        <Data name="Long">
          <value>104.7677</value>
        </Data>
      </ExtendedData>
      <Point>
        <coordinates>
          104.7677,17.3907,0
        </coordinates>
      </Point>
    </Placemark>
    <Placemark>
      <name>MD300 - DB - 22 - 0502 - 238+382</name>
      <description><![CDATA[Lat:  17.3909<br>Long: 104.7680]]></description>
      <styleUrl>#icon-1899-0288D1</styleUrl>
      <ExtendedData>
        <Data name="Lat">
          <value> 17.3909</value>
        </Data>
        <Data name="Long">
          <value>104.7680</value>
        </Data>
      </ExtendedData>
      <Point>
        <coordinates>
          104.768,17.3909,0
        </coordinates>
      </Point>
    </Placemark>
    <Placemark>
      <name>MD301 - DB - 22 - 0502 - 238+462</name>
      <description><![CDATA[Lat:  17.3912<br>Long: 104.7683]]></description>
      <styleUrl>#icon-1899-0288D1</styleUrl>
      <ExtendedData>
        <Data name="Lat">
          <value> 17.3912</value>
        </Data>
        <Data name="Long">
          <value>104.7683</value>
        </Data>
      </ExtendedData>
      <Point>
        <coordinates>
          104.7683,17.3912,0
        </coordinates>
      </Point>
    </Placemark>
    <Placemark>
      <name>MD302 - DB - 22 - 0502 - 238+542</name>
      <description><![CDATA[Lat:  17.3914<br>Long: 104.7686]]></description>
      <styleUrl>#icon-1899-0288D1</styleUrl>
      <ExtendedData>
        <Data name="Lat">
          <value> 17.3914</value>
        </Data>
        <Data name="Long">
          <value>104.7686</value>
        </Data>
      </ExtendedData>
      <Point>
        <coordinates>
          104.7686,17.3914,0
        </coordinates>
      </Point>
    </Placemark>
    <Placemark>
      <name>MD303 - DB - 22 - 0502 - 238+622</name>
      <description><![CDATA[Lat: 17.3917<br>Long: 104.7689]]></description>
      <styleUrl>#icon-1899-0288D1</styleUrl>
      <ExtendedData>
        <Data name="Lat">
          <value>17.3917</value>
        </Data>
        <Data name="Long">
          <value>104.7689</value>
        </Data>
      </ExtendedData>
      <Point>
        <coordinates>
          104.7689,17.3917,0
        </coordinates>
      </Point>
    </Placemark>
    <Placemark>
      <name>MD304 - DB - 22 - 0502 - 238+702</name>
      <description><![CDATA[Lat: 17.3919<br>Long: 104.7692]]></description>
      <styleUrl>#icon-1899-0288D1</styleUrl>
      <ExtendedData>
        <Data name="Lat">
          <value>17.3919</value>
        </Data>
        <Data name="Long">
          <value>104.7692</value>
        </Data>
      </ExtendedData>
      <Point>
        <coordinates>
          104.7692,17.3919,0
        </coordinates>
      </Point>
    </Placemark>
    <Placemark>
      <name>RT261 - SG - 22 - 0502 - 238+142</name>
      <description><![CDATA[Lat:  17.3901<br>Long: 104.7672]]></description>
      <styleUrl>#icon-1899-0288D1</styleUrl>
      <ExtendedData>
        <Data name="Lat">
          <value> 17.3901</value>
        </Data>
        <Data name="Long">
          <value>104.7672</value>
        </Data>
      </ExtendedData>
      <Point>
        <coordinates>
          104.7672,17.3901,0
        </coordinates>
      </Point>
    </Placemark>
    <Placemark>
      <name>RT262 - SG - 22 - 0502 - 238+172</name>
      <description><![CDATA[Lat:  17.3903<br>Long: 104.7674]]></description>
      <styleUrl>#icon-1899-0288D1</styleUrl>
      <ExtendedData>
        <Data name="Lat">
          <value> 17.3903</value>
        </Data>
        <Data name="Long">
          <value>104.7674</value>
        </Data>
      </ExtendedData>
      <Point>
        <coordinates>
          104.7674,17.3903,0
        </coordinates>
      </Point>
    </Placemark>
    <Placemark>
      <name>RT263 - SG - 22 - 0502 - 238+286</name>
      <description><![CDATA[Lat:  17.3910<br>Long: 104.7683]]></description>
      <styleUrl>#icon-1899-0288D1</styleUrl>
      <ExtendedData>
        <Data name="Lat">
          <value> 17.3910</value>
        </Data>
        <Data name="Long">
          <value>104.7683</value>
        </Data>
      </ExtendedData>
      <Point>
        <coordinates>
          104.7683,17.391,0
        </coordinates>
      </Point>
    </Placemark>
    <Placemark>
      <name>RT264 - SG - 22 - 0502 - 238+326</name>
      <description><![CDATA[Lat:  17.3912<br>Long: 104.7686]]></description>
      <styleUrl>#icon-1899-0288D1</styleUrl>
      <ExtendedData>
        <Data name="Lat">
          <value> 17.3912</value>
        </Data>
        <Data name="Long">
          <value>104.7686</value>
        </Data>
      </ExtendedData>
      <Point>
        <coordinates>
          104.7686,17.3912,0
        </coordinates>
      </Point>
    </Placemark>
    <Placemark>
      <name>RT265 - SG - 22 - 0502 - 238+366</name>
      <description><![CDATA[Lat:  17.3914<br>Long: 104.7688]]></description>
      <styleUrl>#icon-1899-0288D1</styleUrl>
      <ExtendedData>
        <Data name="Lat">
          <value> 17.3914</value>
        </Data>
        <Data name="Long">
          <value>104.7688</value>
        </Data>
      </ExtendedData>
      <Point>
        <coordinates>
          104.7688,17.3914,0
        </coordinates>
      </Point>
    </Placemark>
    <Placemark>
      <name>RT266 - SG - 22 - 0502 - 238+406</name>
      <description><![CDATA[Lat:  17.3917<br>Long: 104.7691]]></description>
      <styleUrl>#icon-1899-0288D1</styleUrl>
      <ExtendedData>
        <Data name="Lat">
          <value> 17.3917</value>
        </Data>
        <Data name="Long">
          <value>104.7691</value>
        </Data>
      </ExtendedData>
      <Point>
        <coordinates>
          104.7691,17.3917,0
        </coordinates>
      </Point>
    </Placemark>
    <Placemark>
      <name>LT/MD17 - DB - 22 - 0502 - 238+310</name>
      <description><![CDATA[Lat:  17.3909<br>Long: 104.7677]]></description>
      <styleUrl>#icon-1899-0288D1</styleUrl>
      <ExtendedData>
        <Data name="Lat">
          <value> 17.3909</value>
        </Data>
        <Data name="Long">
          <value>104.7677</value>
        </Data>
      </ExtendedData>
      <Point>
        <coordinates>
          104.7677,17.3909,0
        </coordinates>
      </Point>
    </Placemark>
    <Placemark>
      <name>LT/MD18 - DB - 22 - 0502 - 238+340</name>
      <description><![CDATA[Lat:  17.3911<br>Long: 104.7679]]></description>
      <styleUrl>#icon-1899-0288D1</styleUrl>
      <ExtendedData>
        <Data name="Lat">
          <value> 17.3911</value>
        </Data>
        <Data name="Long">
          <value>104.7679</value>
        </Data>
      </ExtendedData>
      <Point>
        <coordinates>
          104.7679,17.3911,0
        </coordinates>
      </Point>
    </Placemark>
    <Placemark>
      <name>LT/MD19 - DB - 22 - 0502 - 238+370</name>
      <description><![CDATA[Lat:  17.3912<br>Long: 104.7681]]></description>
      <styleUrl>#icon-1899-0288D1</styleUrl>
      <ExtendedData>
        <Data name="Lat">
          <value> 17.3912</value>
        </Data>
        <Data name="Long">
          <value>104.7681</value>
        </Data>
      </ExtendedData>
      <Point>
        <coordinates>
          104.7681,17.3912,0
        </coordinates>
      </Point>
    </Placemark>
    <Placemark>
      <name>LT/MD20 - DB - 22 - 0502 - 238+400</name>
      <description><![CDATA[Lat:  17.3914<br>Long: 104.7683]]></description>
      <styleUrl>#icon-1899-0288D1</styleUrl>
      <ExtendedData>
        <Data name="Lat">
          <value> 17.3914</value>
        </Data>
        <Data name="Long">
          <value>104.7683</value>
        </Data>
      </ExtendedData>
      <Point>
        <coordinates>
          104.7683,17.3914,0
        </coordinates>
      </Point>
    </Placemark>
    <Placemark>
      <name>LT/MD21 - DB - 22 - 0502 - 238+430</name>
      <description><![CDATA[Lat:  17.3916<br>Long: 104.7685]]></description>
      <styleUrl>#icon-1899-0288D1</styleUrl>
      <ExtendedData>
        <Data name="Lat">
          <value> 17.3916</value>
        </Data>
        <Data name="Long">
          <value>104.7685</value>
        </Data>
      </ExtendedData>
      <Point>
        <coordinates>
          104.7685,17.3916,0
        </coordinates>
      </Point>
    </Placemark>
    <Placemark>
      <name>LT/MD22 - DB - 22 - 0502 - 238+460</name>
      <description><![CDATA[Lat:  17.3918<br>Long: 104.7687]]></description>
      <styleUrl>#icon-1899-0288D1</styleUrl>
      <ExtendedData>
        <Data name="Lat">
          <value> 17.3918</value>
        </Data>
        <Data name="Long">
          <value>104.7687</value>
        </Data>
      </ExtendedData>
      <Point>
        <coordinates>
          104.7687,17.3918,0
        </coordinates>
      </Point>
    </Placemark>
    <Placemark>
      <name>LT/MD23 - DB - 22 - 0502 - 238+490</name>
      <description><![CDATA[Lat:  17.3920<br>Long: 104.7689]]></description>
      <styleUrl>#icon-1899-0288D1</styleUrl>
      <ExtendedData>
        <Data name="Lat">
          <value> 17.3920</value>
        </Data>
        <Data name="Long">
          <value>104.7689</value>
        </Data>
      </ExtendedData>
      <Point>
        <coordinates>
          104.7689,17.392,0
        </coordinates>
      </Point>
    </Placemark>
    <Placemark>
      <name>เน€ - •เ - 22 - 0502 - +</name>
      <description><![CDATA[Lat:  17.3930<br>Long: 104.7711]]></description>
      <styleUrl>#icon-1899-0288D1</styleUrl>
      <ExtendedData>
        <Data name="Lat">
          <value> 17.3930</value>
        </Data>
        <Data name="Long">
          <value>104.7711</value>
        </Data>
      </ExtendedData>
      <Point>
        <coordinates>
          104.7711,17.393,0
        </coordinates>
      </Point>
    </Placemark>
    <Placemark>
      <name>MD305 - DB - 22 - 0502 - 238+747</name>
      <description><![CDATA[Lat: 17.3921<br>Long: 104.7696]]></description>
      <styleUrl>#icon-1899-0288D1</styleUrl>
      <ExtendedData>
        <Data name="Lat">
          <value>17.3921</value>
        </Data>
        <Data name="Long">
          <value>104.7696</value>
        </Data>
      </ExtendedData>
      <Point>
        <coordinates>
          104.7696,17.3921,0
        </coordinates>
      </Point>
    </Placemark>
    <Placemark>
      <name>MD306 - DB - 22 - 0502 - 238+787</name>
      <description><![CDATA[Lat:  17.3923<br>Long: 104.7699]]></description>
      <styleUrl>#icon-1899-0288D1</styleUrl>
      <ExtendedData>
        <Data name="Lat">
          <value> 17.3923</value>
        </Data>
        <Data name="Long">
          <value>104.7699</value>
        </Data>
      </ExtendedData>
      <Point>
        <coordinates>
          104.7699,17.3923,0
        </coordinates>
      </Point>
    </Placemark>
    <Placemark>
      <name>MD307 - DB - 22 - 0502 - 238+827</name>
      <description><![CDATA[Lat:  17.3925<br>Long: 104.7702]]></description>
      <styleUrl>#icon-1899-0288D1</styleUrl>
      <ExtendedData>
        <Data name="Lat">
          <value> 17.3925</value>
        </Data>
        <Data name="Long">
          <value>104.7702</value>
        </Data>
      </ExtendedData>
      <Point>
        <coordinates>
          104.7702,17.3925,0
        </coordinates>
      </Point>
    </Placemark>
    <Placemark>
      <name>MD308 - DB - 22 - 0502 - 238+867</name>
      <description><![CDATA[Lat:  17.3927<br>Long: 104.7705]]></description>
      <styleUrl>#icon-1899-0288D1</styleUrl>
      <ExtendedData>
        <Data name="Lat">
          <value> 17.3927</value>
        </Data>
        <Data name="Long">
          <value>104.7705</value>
        </Data>
      </ExtendedData>
      <Point>
        <coordinates>
          104.7705,17.3927,0
        </coordinates>
      </Point>
    </Placemark>
    <Placemark>
      <name>MD309 - DB - 22 - 0502 - 238+907</name>
      <description><![CDATA[Lat:  17.3928<br>Long: 104.7709]]></description>
      <styleUrl>#icon-1899-0288D1</styleUrl>
      <ExtendedData>
        <Data name="Lat">
          <value> 17.3928</value>
        </Data>
        <Data name="Long">
          <value>104.7709</value>
        </Data>
      </ExtendedData>
      <Point>
        <coordinates>
          104.7709,17.3928,0
        </coordinates>
      </Point>
    </Placemark>
    <Placemark>
      <name>LT287 - SG - 22 - 0502 - 238+767</name>
      <description><![CDATA[Lat:  17.3923<br>Long: 104.7696]]></description>
      <styleUrl>#icon-1899-0288D1</styleUrl>
      <ExtendedData>
        <Data name="Lat">
          <value> 17.3923</value>
        </Data>
        <Data name="Long">
          <value>104.7696</value>
        </Data>
      </ExtendedData>
      <Point>
        <coordinates>
          104.7696,17.3923,0
        </coordinates>
      </Point>
    </Placemark>
    <Placemark>
      <name>LT288 - SG - 22 - 0502 - 238+807</name>
      <description><![CDATA[Lat:  17.3925<br>Long: 104.7700]]></description>
      <styleUrl>#icon-1899-0288D1</styleUrl>
      <ExtendedData>
        <Data name="Lat">
          <value> 17.3925</value>
        </Data>
        <Data name="Long">
          <value>104.7700</value>
        </Data>
      </ExtendedData>
      <Point>
        <coordinates>
          104.77,17.3925,0
        </coordinates>
      </Point>
    </Placemark>
    <Placemark>
      <name>LT289 - SG - 22 - 0502 - 238+847</name>
      <description><![CDATA[Lat:  17.3927<br>Long: 104.7703]]></description>
      <styleUrl>#icon-1899-0288D1</styleUrl>
      <ExtendedData>
        <Data name="Lat">
          <value> 17.3927</value>
        </Data>
        <Data name="Long">
          <value>104.7703</value>
        </Data>
      </ExtendedData>
      <Point>
        <coordinates>
          104.7703,17.3927,0
        </coordinates>
      </Point>
    </Placemark>
    <Placemark>
      <name>LT290 - SG - 22 - 0502 - 238+887</name>
      <description><![CDATA[Lat:  17.3928<br>Long: 104.7706]]></description>
      <styleUrl>#icon-1899-0288D1</styleUrl>
      <ExtendedData>
        <Data name="Lat">
          <value> 17.3928</value>
        </Data>
        <Data name="Long">
          <value>104.7706</value>
        </Data>
      </ExtendedData>
      <Point>
        <coordinates>
          104.7706,17.3928,0
        </coordinates>
      </Point>
    </Placemark>
    <Placemark>
      <name>LT291 - SG - 22 - 0502 - 238+927</name>
      <description><![CDATA[Lat:  17.3930<br>Long: 104.7710]]></description>
      <styleUrl>#icon-1899-0288D1</styleUrl>
      <ExtendedData>
        <Data name="Lat">
          <value> 17.3930</value>
        </Data>
        <Data name="Long">
          <value>104.7710</value>
        </Data>
      </ExtendedData>
      <Point>
        <coordinates>
          104.771,17.393,0
        </coordinates>
      </Point>
    </Placemark>
    <Placemark>
      <name>RT267 - SG - 22 - 0502 - 238+767</name>
      <description><![CDATA[Lat:  17.3921<br>Long: 104.7698]]></description>
      <styleUrl>#icon-1899-0288D1</styleUrl>
      <ExtendedData>
        <Data name="Lat">
          <value> 17.3921</value>
        </Data>
        <Data name="Long">
          <value>104.7698</value>
        </Data>
      </ExtendedData>
      <Point>
        <coordinates>
          104.7698,17.3921,0
        </coordinates>
      </Point>
    </Placemark>
    <Placemark>
      <name>RT268 - SG - 22 - 0502 - 238+807</name>
      <description><![CDATA[Lat:  17.3922<br>Long: 104.7701]]></description>
      <styleUrl>#icon-1899-0288D1</styleUrl>
      <ExtendedData>
        <Data name="Lat">
          <value> 17.3922</value>
        </Data>
        <Data name="Long">
          <value>104.7701</value>
        </Data>
      </ExtendedData>
      <Point>
        <coordinates>
          104.7701,17.3922,0
        </coordinates>
      </Point>
    </Placemark>
    <Placemark>
      <name>RT269 - SG - 22 - 0502 - 238+847</name>
      <description><![CDATA[Lat:  17.3924<br>Long: 104.7704]]></description>
      <styleUrl>#icon-1899-0288D1</styleUrl>
      <ExtendedData>
        <Data name="Lat">
          <value> 17.3924</value>
        </Data>
        <Data name="Long">
          <value>104.7704</value>
        </Data>
      </ExtendedData>
      <Point>
        <coordinates>
          104.7704,17.3924,0
        </coordinates>
      </Point>
    </Placemark>
    <Placemark>
      <name>RT270 - SG - 22 - 0502 - 238+887</name>
      <description><![CDATA[Lat:  17.3926<br>Long: 104.7708]]></description>
      <styleUrl>#icon-1899-0288D1</styleUrl>
      <ExtendedData>
        <Data name="Lat">
          <value> 17.3926</value>
        </Data>
        <Data name="Long">
          <value>104.7708</value>
        </Data>
      </ExtendedData>
      <Point>
        <coordinates>
          104.7708,17.3926,0
        </coordinates>
      </Point>
    </Placemark>
    <Placemark>
      <name>RT271 - SG - 22 - 0502 - 238+927</name>
      <description><![CDATA[Lat: 17.3928<br>Long: 104.7711]]></description>
      <styleUrl>#icon-1899-0288D1</styleUrl>
      <ExtendedData>
        <Data name="Lat">
          <value>17.3928</value>
        </Data>
        <Data name="Long">
          <value>104.7711</value>
        </Data>
      </ExtendedData>
      <Point>
        <coordinates>
          104.7711,17.3928,0
        </coordinates>
      </Point>
    </Placemark>
    <Placemark>
      <name>MD310 - DB - 22 - 0502 - 214+000</name>
      <description><![CDATA[Lat:  17.3154<br>Long: 104.5495]]></description>
      <styleUrl>#icon-1899-0288D1</styleUrl>
      <ExtendedData>
        <Data name="Lat">
          <value> 17.3154</value>
        </Data>
        <Data name="Long">
          <value>104.5495</value>
        </Data>
      </ExtendedData>
      <Point>
        <coordinates>
          104.5495,17.3154,0
        </coordinates>
      </Point>
    </Placemark>
    <Placemark>
      <name>MD311 - DB - 22 - 0502 - 213+965</name>
      <description><![CDATA[Lat:  17.3152<br>Long: 104.5493]]></description>
      <styleUrl>#icon-1899-0288D1</styleUrl>
      <ExtendedData>
        <Data name="Lat">
          <value> 17.3152</value>
        </Data>
        <Data name="Long">
          <value>104.5493</value>
        </Data>
      </ExtendedData>
      <Point>
        <coordinates>
          104.5493,17.3152,0
        </coordinates>
      </Point>
    </Placemark>
    <Placemark>
      <name>MD312 - DB - 22 - 0502 - 213+930</name>
      <description><![CDATA[Lat: 17.3150<br>Long: 104.5490]]></description>
      <styleUrl>#icon-1899-0288D1</styleUrl>
      <ExtendedData>
        <Data name="Lat">
          <value>17.3150</value>
        </Data>
        <Data name="Long">
          <value>104.5490</value>
        </Data>
      </ExtendedData>
      <Point>
        <coordinates>
          104.549,17.315,0
        </coordinates>
      </Point>
    </Placemark>
    <Placemark>
      <name>MD313 - DB - 22 - 0502 - 213+895</name>
      <description><![CDATA[Lat:  17.3148<br>Long: 104.5487]]></description>
      <styleUrl>#icon-1899-0288D1</styleUrl>
      <ExtendedData>
        <Data name="Lat">
          <value> 17.3148</value>
        </Data>
        <Data name="Long">
          <value>104.5487</value>
        </Data>
      </ExtendedData>
      <Point>
        <coordinates>
          104.5487,17.3148,0
        </coordinates>
      </Point>
    </Placemark>
    <Placemark>
      <name>MD314 - DB - 22 - 0502 - 213+860</name>
      <description><![CDATA[Lat:  17.3146<br>Long: 104.5485]]></description>
      <styleUrl>#icon-1899-0288D1</styleUrl>
      <ExtendedData>
        <Data name="Lat">
          <value> 17.3146</value>
        </Data>
        <Data name="Long">
          <value>104.5485</value>
        </Data>
      </ExtendedData>
      <Point>
        <coordinates>
          104.5485,17.3146,0
        </coordinates>
      </Point>
    </Placemark>
    <Placemark>
      <name>MD315 - DB - 22 - 0502 - 213+825</name>
      <description><![CDATA[Lat: 17.3144<br>Long: 104.5482]]></description>
      <styleUrl>#icon-1899-0288D1</styleUrl>
      <ExtendedData>
        <Data name="Lat">
          <value>17.3144</value>
        </Data>
        <Data name="Long">
          <value>104.5482</value>
        </Data>
      </ExtendedData>
      <Point>
        <coordinates>
          104.5482,17.3144,0
        </coordinates>
      </Point>
    </Placemark>
    <Placemark>
      <name>MD316 - DB - 22 - 0502 - 213+790</name>
      <description><![CDATA[Lat:  17.3143<br>Long: 104.5479]]></description>
      <styleUrl>#icon-1899-0288D1</styleUrl>
      <ExtendedData>
        <Data name="Lat">
          <value> 17.3143</value>
        </Data>
        <Data name="Long">
          <value>104.5479</value>
        </Data>
      </ExtendedData>
      <Point>
        <coordinates>
          104.5479,17.3143,0
        </coordinates>
      </Point>
    </Placemark>
    <Placemark>
      <name>RT272 - SG - 22 - 0502 - 213+743</name>
      <description><![CDATA[Lat:  17.3140<br>Long: 104.5478]]></description>
      <styleUrl>#icon-1899-0288D1</styleUrl>
      <ExtendedData>
        <Data name="Lat">
          <value> 17.3140</value>
        </Data>
        <Data name="Long">
          <value>104.5478</value>
        </Data>
      </ExtendedData>
      <Point>
        <coordinates>
          104.5478,17.314,0
        </coordinates>
      </Point>
    </Placemark>
    <Placemark>
      <name>RT273 - SG - 22 - 0502 - 213+708</name>
      <description><![CDATA[Lat:  17.3138<br>Long: 104.5475]]></description>
      <styleUrl>#icon-1899-0288D1</styleUrl>
      <ExtendedData>
        <Data name="Lat">
          <value> 17.3138</value>
        </Data>
        <Data name="Long">
          <value>104.5475</value>
        </Data>
      </ExtendedData>
      <Point>
        <coordinates>
          104.5475,17.3138,0
        </coordinates>
      </Point>
    </Placemark>
    <Placemark>
      <name>RT274 - SG - 22 - 0502 - 213+673</name>
      <description><![CDATA[Lat:  17.3136<br>Long: 104.5472]]></description>
      <styleUrl>#icon-1899-0288D1</styleUrl>
      <ExtendedData>
        <Data name="Lat">
          <value> 17.3136</value>
        </Data>
        <Data name="Long">
          <value>104.5472</value>
        </Data>
      </ExtendedData>
      <Point>
        <coordinates>
          104.5472,17.3136,0
        </coordinates>
      </Point>
    </Placemark>
    <Placemark>
      <name>RT275 - SG - 22 - 0502 - 213+638</name>
      <description><![CDATA[Lat:  17.3134<br>Long: 104.5470]]></description>
      <styleUrl>#icon-1899-0288D1</styleUrl>
      <ExtendedData>
        <Data name="Lat">
          <value> 17.3134</value>
        </Data>
        <Data name="Long">
          <value>104.5470</value>
        </Data>
      </ExtendedData>
      <Point>
        <coordinates>
          104.547,17.3134,0
        </coordinates>
      </Point>
    </Placemark>
    <Placemark>
      <name>RT276 - SG - 22 - 0502 - 213+603</name>
      <description><![CDATA[Lat: 17.3132<br>Long: 104.5467]]></description>
      <styleUrl>#icon-1899-0288D1</styleUrl>
      <ExtendedData>
        <Data name="Lat">
          <value>17.3132</value>
        </Data>
        <Data name="Long">
          <value>104.5467</value>
        </Data>
      </ExtendedData>
      <Point>
        <coordinates>
          104.5467,17.3132,0
        </coordinates>
      </Point>
    </Placemark>
    <Placemark>
      <name>RT277 - SG - 22 - 0502 - 213+568</name>
      <description><![CDATA[Lat:  17.3130<br>Long: 104.5465]]></description>
      <styleUrl>#icon-1899-0288D1</styleUrl>
      <ExtendedData>
        <Data name="Lat">
          <value> 17.3130</value>
        </Data>
        <Data name="Long">
          <value>104.5465</value>
        </Data>
      </ExtendedData>
      <Point>
        <coordinates>
          104.5465,17.313,0
        </coordinates>
      </Point>
    </Placemark>
    <Placemark>
      <name>RT278 - SG - 22 - 0502 - 213+533</name>
      <description><![CDATA[Lat:  17.3128<br>Long: 104.5462]]></description>
      <styleUrl>#icon-1899-0288D1</styleUrl>
      <ExtendedData>
        <Data name="Lat">
          <value> 17.3128</value>
        </Data>
        <Data name="Long">
          <value>104.5462</value>
        </Data>
      </ExtendedData>
      <Point>
        <coordinates>
          104.5462,17.3128,0
        </coordinates>
      </Point>
    </Placemark>
    <Placemark>
      <name>RT279 - SG - 22 - 0502 - 213+498</name>
      <description><![CDATA[Lat:  17.3126<br>Long: 104.5459]]></description>
      <styleUrl>#icon-1899-0288D1</styleUrl>
      <ExtendedData>
        <Data name="Lat">
          <value> 17.3126</value>
        </Data>
        <Data name="Long">
          <value>104.5459</value>
        </Data>
      </ExtendedData>
      <Point>
        <coordinates>
          104.5459,17.3126,0
        </coordinates>
      </Point>
    </Placemark>
    <Placemark>
      <name>RT280 - SG - 22 - 0502 - 213+463</name>
      <description><![CDATA[Lat:  17.3124<br>Long: 104.5457]]></description>
      <styleUrl>#icon-1899-0288D1</styleUrl>
      <ExtendedData>
        <Data name="Lat">
          <value> 17.3124</value>
        </Data>
        <Data name="Long">
          <value>104.5457</value>
        </Data>
      </ExtendedData>
      <Point>
        <coordinates>
          104.5457,17.3124,0
        </coordinates>
      </Point>
    </Placemark>
    <Placemark>
      <name>RT281 - SG - 22 - 0502 - 213+428</name>
      <description><![CDATA[Lat:  17.3122<br>Long: 104.5454]]></description>
      <styleUrl>#icon-1899-0288D1</styleUrl>
      <ExtendedData>
        <Data name="Lat">
          <value> 17.3122</value>
        </Data>
        <Data name="Long">
          <value>104.5454</value>
        </Data>
      </ExtendedData>
      <Point>
        <coordinates>
          104.5454,17.3122,0
        </coordinates>
      </Point>
    </Placemark>
    <Placemark>
      <name>RT282 - SG - 22 - 0502 - 213+393</name>
      <description><![CDATA[Lat:  17.3120<br>Long: 104.5452]]></description>
      <styleUrl>#icon-1899-0288D1</styleUrl>
      <ExtendedData>
        <Data name="Lat">
          <value> 17.3120</value>
        </Data>
        <Data name="Long">
          <value>104.5452</value>
        </Data>
      </ExtendedData>
      <Point>
        <coordinates>
          104.5452,17.312,0
        </coordinates>
      </Point>
    </Placemark>
    <Placemark>
      <name>RT283 - SG - 22 - 0502 - 213+358</name>
      <description><![CDATA[Lat:  17.3118<br>Long: 104.5449]]></description>
      <styleUrl>#icon-1899-0288D1</styleUrl>
      <ExtendedData>
        <Data name="Lat">
          <value> 17.3118</value>
        </Data>
        <Data name="Long">
          <value>104.5449</value>
        </Data>
      </ExtendedData>
      <Point>
        <coordinates>
          104.5449,17.3118,0
        </coordinates>
      </Point>
    </Placemark>
    <Placemark>
      <name>RT284 - SG - 22 - 0502 - 213+323</name>
      <description><![CDATA[Lat:  17.3116<br>Long: 104.5447]]></description>
      <styleUrl>#icon-1899-0288D1</styleUrl>
      <ExtendedData>
        <Data name="Lat">
          <value> 17.3116</value>
        </Data>
        <Data name="Long">
          <value>104.5447</value>
        </Data>
      </ExtendedData>
      <Point>
        <coordinates>
          104.5447,17.3116,0
        </coordinates>
      </Point>
    </Placemark>
    <Placemark>
      <name>RT285 - SG - 22 - 0502 - 213+288</name>
      <description><![CDATA[Lat:  17.3114<br>Long: 104.5444]]></description>
      <styleUrl>#icon-1899-0288D1</styleUrl>
      <ExtendedData>
        <Data name="Lat">
          <value> 17.3114</value>
        </Data>
        <Data name="Long">
          <value>104.5444</value>
        </Data>
      </ExtendedData>
      <Point>
        <coordinates>
          104.5444,17.3114,0
        </coordinates>
      </Point>
    </Placemark>
    <Placemark>
      <name>RT286 - SG - 22 - 0502 - 213+253</name>
      <description><![CDATA[Lat:  17.3113<br>Long: 104.5441]]></description>
      <styleUrl>#icon-1899-0288D1</styleUrl>
      <ExtendedData>
        <Data name="Lat">
          <value> 17.3113</value>
        </Data>
        <Data name="Long">
          <value>104.5441</value>
        </Data>
      </ExtendedData>
      <Point>
        <coordinates>
          104.5441,17.3113,0
        </coordinates>
      </Point>
    </Placemark>
    <Placemark>
      <name>RT287 - SG - 22 - 0502 - 213+218</name>
      <description><![CDATA[Lat:  17.3110<br>Long: 104.5438]]></description>
      <styleUrl>#icon-1899-0288D1</styleUrl>
      <ExtendedData>
        <Data name="Lat">
          <value> 17.3110</value>
        </Data>
        <Data name="Long">
          <value>104.5438</value>
        </Data>
      </ExtendedData>
      <Point>
        <coordinates>
          104.5438,17.311,0
        </coordinates>
      </Point>
    </Placemark>
    <Placemark>
      <name>RT288 - SG - 22 - 0502 - 213+183</name>
      <description><![CDATA[Lat: 17.3108<br>Long: 104.5436]]></description>
      <styleUrl>#icon-1899-0288D1</styleUrl>
      <ExtendedData>
        <Data name="Lat">
          <value>17.3108</value>
        </Data>
        <Data name="Long">
          <value>104.5436</value>
        </Data>
      </ExtendedData>
      <Point>
        <coordinates>
          104.5436,17.3108,0
        </coordinates>
      </Point>
    </Placemark>
    <Placemark>
      <name>LT292 - SG - 22 - 0502 - 213+743</name>
      <description><![CDATA[Lat: 17.3141<br>Long: 104.5476]]></description>
      <styleUrl>#icon-1899-0288D1</styleUrl>
      <ExtendedData>
        <Data name="Lat">
          <value>17.3141</value>
        </Data>
        <Data name="Long">
          <value>104.5476</value>
        </Data>
      </ExtendedData>
      <Point>
        <coordinates>
          104.5476,17.3141,0
        </coordinates>
      </Point>
    </Placemark>
    <Placemark>
      <name>LT293 - SG - 22 - 0502 - 213+708</name>
      <description><![CDATA[Lat:  17.3139<br>Long: 104.5473]]></description>
      <styleUrl>#icon-1899-0288D1</styleUrl>
      <ExtendedData>
        <Data name="Lat">
          <value> 17.3139</value>
        </Data>
        <Data name="Long">
          <value>104.5473</value>
        </Data>
      </ExtendedData>
      <Point>
        <coordinates>
          104.5473,17.3139,0
        </coordinates>
      </Point>
    </Placemark>
    <Placemark>
      <name>LT294 - SG - 22 - 0502 - 213+673</name>
      <description><![CDATA[Lat:  17.3135<br>Long: 104.5468]]></description>
      <styleUrl>#icon-1899-0288D1</styleUrl>
      <ExtendedData>
        <Data name="Lat">
          <value> 17.3135</value>
        </Data>
        <Data name="Long">
          <value>104.5468</value>
        </Data>
      </ExtendedData>
      <Point>
        <coordinates>
          104.5468,17.3135,0
        </coordinates>
      </Point>
    </Placemark>
    <Placemark>
      <name>LT295 - SG - 22 - 0502 - 213+638</name>
      <description><![CDATA[Lat:  17.3134<br>Long: 104.5466]]></description>
      <styleUrl>#icon-1899-0288D1</styleUrl>
      <ExtendedData>
        <Data name="Lat">
          <value> 17.3134</value>
        </Data>
        <Data name="Long">
          <value>104.5466</value>
        </Data>
      </ExtendedData>
      <Point>
        <coordinates>
          104.5466,17.3134,0
        </coordinates>
      </Point>
    </Placemark>
    <Placemark>
      <name>LT296 - SG - 22 - 0502 - 213+603</name>
      <description><![CDATA[Lat:  17.3131<br>Long: 104.5463]]></description>
      <styleUrl>#icon-1899-0288D1</styleUrl>
      <ExtendedData>
        <Data name="Lat">
          <value> 17.3131</value>
        </Data>
        <Data name="Long">
          <value>104.5463</value>
        </Data>
      </ExtendedData>
      <Point>
        <coordinates>
          104.5463,17.3131,0
        </coordinates>
      </Point>
    </Placemark>
    <Placemark>
      <name>LT297 - SG - 22 - 0502 - 213+568</name>
      <description><![CDATA[Lat:  17.3129<br>Long: 104.5460]]></description>
      <styleUrl>#icon-1899-0288D1</styleUrl>
      <ExtendedData>
        <Data name="Lat">
          <value> 17.3129</value>
        </Data>
        <Data name="Long">
          <value>104.5460</value>
        </Data>
      </ExtendedData>
      <Point>
        <coordinates>
          104.546,17.3129,0
        </coordinates>
      </Point>
    </Placemark>
    <Placemark>
      <name>LT298 - SG - 22 - 0502 - 213+533</name>
      <description><![CDATA[Lat:  17.3128<br>Long: 104.5458]]></description>
      <styleUrl>#icon-1899-0288D1</styleUrl>
      <ExtendedData>
        <Data name="Lat">
          <value> 17.3128</value>
        </Data>
        <Data name="Long">
          <value>104.5458</value>
        </Data>
      </ExtendedData>
      <Point>
        <coordinates>
          104.5458,17.3128,0
        </coordinates>
      </Point>
    </Placemark>
    <Placemark>
      <name>LT299 - SG - 22 - 0502 - 213+498</name>
      <description><![CDATA[Lat:  17.3126<br>Long: 104.5455]]></description>
      <styleUrl>#icon-1899-0288D1</styleUrl>
      <ExtendedData>
        <Data name="Lat">
          <value> 17.3126</value>
        </Data>
        <Data name="Long">
          <value>104.5455</value>
        </Data>
      </ExtendedData>
      <Point>
        <coordinates>
          104.5455,17.3126,0
        </coordinates>
      </Point>
    </Placemark>
    <Placemark>
      <name>LT300 - SG - 22 - 0502 - 213+463</name>
      <description><![CDATA[Lat:  17.3124<br>Long: 104.5453]]></description>
      <styleUrl>#icon-1899-0288D1</styleUrl>
      <ExtendedData>
        <Data name="Lat">
          <value> 17.3124</value>
        </Data>
        <Data name="Long">
          <value>104.5453</value>
        </Data>
      </ExtendedData>
      <Point>
        <coordinates>
          104.5453,17.3124,0
        </coordinates>
      </Point>
    </Placemark>
    <Placemark>
      <name>LT301 - SG - 22 - 0502 - 213+428</name>
      <description><![CDATA[Lat:  17.3122<br>Long: 104.5450]]></description>
      <styleUrl>#icon-1899-0288D1</styleUrl>
      <ExtendedData>
        <Data name="Lat">
          <value> 17.3122</value>
        </Data>
        <Data name="Long">
          <value>104.5450</value>
        </Data>
      </ExtendedData>
      <Point>
        <coordinates>
          104.545,17.3122,0
        </coordinates>
      </Point>
    </Placemark>
    <Placemark>
      <name>LT302 - SG - 22 - 0502 - 213+393</name>
      <description><![CDATA[Lat:  17.3120<br>Long: 104.5448]]></description>
      <styleUrl>#icon-1899-0288D1</styleUrl>
      <ExtendedData>
        <Data name="Lat">
          <value> 17.3120</value>
        </Data>
        <Data name="Long">
          <value>104.5448</value>
        </Data>
      </ExtendedData>
      <Point>
        <coordinates>
          104.5448,17.312,0
        </coordinates>
      </Point>
    </Placemark>
    <Placemark>
      <name>LT303 - SG - 22 - 0502 - 213+358</name>
      <description><![CDATA[Lat:  17.3118<br>Long: 104.5445]]></description>
      <styleUrl>#icon-1899-0288D1</styleUrl>
      <ExtendedData>
        <Data name="Lat">
          <value> 17.3118</value>
        </Data>
        <Data name="Long">
          <value>104.5445</value>
        </Data>
      </ExtendedData>
      <Point>
        <coordinates>
          104.5445,17.3118,0
        </coordinates>
      </Point>
    </Placemark>
    <Placemark>
      <name>LT304 - SG - 22 - 0502 - 213+323</name>
      <description><![CDATA[Lat:  17.3115<br>Long: 104.5441]]></description>
      <styleUrl>#icon-1899-0288D1</styleUrl>
      <ExtendedData>
        <Data name="Lat">
          <value> 17.3115</value>
        </Data>
        <Data name="Long">
          <value>104.5441</value>
        </Data>
      </ExtendedData>
      <Point>
        <coordinates>
          104.5441,17.3115,0
        </coordinates>
      </Point>
    </Placemark>
    <Placemark>
      <name>LT305 - SG - 22 - 0502 - 213+288</name>
      <description><![CDATA[Lat: 17.3114<br>Long: 104.544 ]]></description>
      <styleUrl>#icon-1899-0288D1</styleUrl>
      <ExtendedData>
        <Data name="Lat">
          <value>17.3114</value>
        </Data>
        <Data name="Long">
          <value>104.544 </value>
        </Data>
      </ExtendedData>
      <Point>
        <coordinates>
          104.544,17.3114,0
        </coordinates>
      </Point>
    </Placemark>
    <Placemark>
      <name>LT306 - SG - 22 - 0502 - 213+253</name>
      <description><![CDATA[Lat:  17.3113<br>Long: 104.5437]]></description>
      <styleUrl>#icon-1899-0288D1</styleUrl>
      <ExtendedData>
        <Data name="Lat">
          <value> 17.3113</value>
        </Data>
        <Data name="Long">
          <value>104.5437</value>
        </Data>
      </ExtendedData>
      <Point>
        <coordinates>
          104.5437,17.3113,0
        </coordinates>
      </Point>
    </Placemark>
    <Placemark>
      <name>LT307 - SG - 22 - 0502 - 213+218</name>
      <description><![CDATA[Lat:  17.3110<br>Long: 104.5435]]></description>
      <styleUrl>#icon-1899-0288D1</styleUrl>
      <ExtendedData>
        <Data name="Lat">
          <value> 17.3110</value>
        </Data>
        <Data name="Long">
          <value>104.5435</value>
        </Data>
      </ExtendedData>
      <Point>
        <coordinates>
          104.5435,17.311,0
        </coordinates>
      </Point>
    </Placemark>
  </Document>
</kml>
