<?xml version="1.0" encoding="UTF-8"?>
<kml xmlns="http://www.opengis.net/kml/2.2" xmlns:gx="http://www.google.com/kml/ext/2.2" xmlns:kml="http://www.opengis.net/kml/2.2" xmlns:atom="http://www.w3.org/2005/Atom">
<Document>
	<name>สาย 22</name>
	<gx:CascadingStyle kml:id="__managed_style_267A8A91F12A0419A6C0">
		<Style>
			<IconStyle>
				<scale>1.2</scale>
				<Icon>
					<href>https://earth.google.com/earth/rpc/cc/icon?color=1976d2&amp;id=2000&amp;scale=4</href>
				</Icon>
				<hotSpot x="64" y="128" xunits="pixels" yunits="insetPixels"/>
			</IconStyle>
			<LabelStyle>
			</LabelStyle>
			<LineStyle>
				<color>ff2dc0fb</color>
				<width>6</width>
			</LineStyle>
			<PolyStyle>
				<color>40ffffff</color>
			</PolyStyle>
			<BalloonStyle>
				<displayMode>hide</displayMode>
			</BalloonStyle>
		</Style>
	</gx:CascadingStyle>
	<gx:CascadingStyle kml:id="__managed_style_1C620112272A0419A6C0">
		<Style>
			<IconStyle>
				<Icon>
					<href>https://earth.google.com/earth/rpc/cc/icon?color=1976d2&amp;id=2000&amp;scale=4</href>
				</Icon>
				<hotSpot x="64" y="128" xunits="pixels" yunits="insetPixels"/>
			</IconStyle>
			<LabelStyle>
			</LabelStyle>
			<LineStyle>
				<color>ff2dc0fb</color>
				<width>4</width>
			</LineStyle>
			<PolyStyle>
				<color>40ffffff</color>
			</PolyStyle>
			<BalloonStyle>
				<displayMode>hide</displayMode>
			</BalloonStyle>
		</Style>
	</gx:CascadingStyle>
	<StyleMap id="__managed_style_08855A3D8E2A0419A6C0">
		<Pair>
			<key>normal</key>
			<styleUrl>#__managed_style_1C620112272A0419A6C0</styleUrl>
		</Pair>
		<Pair>
			<key>highlight</key>
			<styleUrl>#__managed_style_267A8A91F12A0419A6C0</styleUrl>
		</Pair>
	</StyleMap>
	<Placemark id="05B8846F8429F860638A">
		<name>LT1-SG-22-0501-198+490</name>
		<Camera>
			<gx:ViewerOptions>
				<gx:option name="streetview"></gx:option>
				<gx:streetViewPanoId>87QXuxcp22wfAZq3QBCEYA</gx:streetViewPanoId>
			</gx:ViewerOptions>
			<longitude>104.4166331675503</longitude>
			<latitude>17.32137641193897</latitude>
			<altitude>187.8563690185547</altitude>
			<heading>29.40263990928226</heading>
			<tilt>64.62587467064689</tilt>
			<roll>0</roll>
			<gx:fovy>59.99999999999999</gx:fovy>
			<altitudeMode>absolute</altitudeMode>
		</Camera>
		<styleUrl>#__managed_style_08855A3D8E2A0419A6C0</styleUrl>
		<Point>
			<altitudeMode>relativeToGround</altitudeMode>
			<coordinates>104.4166946745309,17.32125692118403,0</coordinates>
		</Point>
	</Placemark>
	<Placemark id="033D17911D29F861487D">
		<name>LT2-SG-22-0501-198+525</name>
		<Camera>
			<gx:ViewerOptions>
				<gx:option name="streetview"></gx:option>
				<gx:streetViewPanoId>6OSTDyYdOoRLphs5IwSbyw</gx:streetViewPanoId>
			</gx:ViewerOptions>
			<longitude>104.4169203184403</longitude>
			<latitude>17.32140958426706</latitude>
			<altitude>187.9480895996094</altitude>
			<heading>29.40263990928225</heading>
			<tilt>64.62587467064689</tilt>
			<roll>0</roll>
			<gx:fovy>59.99999999999999</gx:fovy>
			<altitudeMode>absolute</altitudeMode>
		</Camera>
		<styleUrl>#__managed_style_08855A3D8E2A0419A6C0</styleUrl>
		<Point>
			<altitudeMode>relativeToGround</altitudeMode>
			<coordinates>104.4169837220666,17.32153791647218,0</coordinates>
		</Point>
	</Placemark>
	<Placemark id="004421C86B29F863001A">
		<name>LT3-SG-22-0501-198+560</name>
		<LookAt>
			<longitude>104.4174338514063</longitude>
			<latitude>17.32166403134418</latitude>
			<altitude>185.1690610051473</altitude>
			<heading>298.2895339268032</heading>
			<tilt>0</tilt>
			<gx:fovy>35</gx:fovy>
			<range>195.1610187659026</range>
			<altitudeMode>absolute</altitudeMode>
		</LookAt>
		<styleUrl>#__managed_style_08855A3D8E2A0419A6C0</styleUrl>
		<Point>
			<coordinates>104.4173188869803,17.32159480624436,185.2442449659301</coordinates>
		</Point>
	</Placemark>
	<Placemark id="045F8A4B0629F86479E2">
		<name>LT4-SG-22-0501-198+595</name>
		<LookAt>
			<longitude>104.4174642344094</longitude>
			<latitude>17.32147254538063</latitude>
			<altitude>184.5723565162924</altitude>
			<heading>69.115986959441</heading>
			<tilt>0</tilt>
			<gx:fovy>35</gx:fovy>
			<range>176.5945100883619</range>
			<altitudeMode>absolute</altitudeMode>
		</LookAt>
		<styleUrl>#__managed_style_08855A3D8E2A0419A6C0</styleUrl>
		<Point>
			<coordinates>104.4176601571949,17.32161693043038,184.712494155181</coordinates>
		</Point>
	</Placemark>
	<Placemark id="0A9B564CF429F8653088">
		<name>LT5-SG-22-0501-198+630</name>
		<Camera>
			<gx:ViewerOptions>
				<gx:option name="streetview"></gx:option>
				<gx:streetViewPanoId>8_ChYn-EI6cxasazWQ8ZvQ</gx:streetViewPanoId>
			</gx:ViewerOptions>
			<longitude>104.417872725474</longitude>
			<latitude>17.32151477946917</latitude>
			<altitude>188.499755859375</altitude>
			<heading>69.11611643862535</heading>
			<tilt>85</tilt>
			<roll>0</roll>
			<gx:fovy>59.99999999999999</gx:fovy>
			<altitudeMode>absolute</altitudeMode>
		</Camera>
		<styleUrl>#__managed_style_08855A3D8E2A0419A6C0</styleUrl>
		<Point>
			<altitudeMode>relativeToGround</altitudeMode>
			<coordinates>104.4179525122073,17.32163744739126,0</coordinates>
		</Point>
	</Placemark>
	<Placemark id="0A84F574C829F8659B4F">
		<name>LT6-SG-22-0501-198+665</name>
		<Camera>
			<gx:ViewerOptions>
				<gx:option name="streetview"></gx:option>
				<gx:streetViewPanoId>zXX5mKbpTQ148790LSnRTw</gx:streetViewPanoId>
			</gx:ViewerOptions>
			<longitude>104.41825509336</longitude>
			<latitude>17.32153121765499</latitude>
			<altitude>188.9014739990234</altitude>
			<heading>69.27041696040945</heading>
			<tilt>85.15719127959136</tilt>
			<roll>0</roll>
			<gx:fovy>59.99999999999999</gx:fovy>
			<altitudeMode>absolute</altitudeMode>
		</Camera>
		<styleUrl>#__managed_style_08855A3D8E2A0419A6C0</styleUrl>
		<Point>
			<altitudeMode>relativeToGround</altitudeMode>
			<coordinates>104.4182766030297,17.32168942725033,0</coordinates>
		</Point>
	</Placemark>
	<Placemark id="04FD975CA329F8677B24">
		<name>LT7-SG-22-0501-198+700</name>
		<Camera>
			<gx:ViewerOptions>
				<gx:option name="streetview"></gx:option>
				<gx:streetViewPanoId>ZhuA7BJK-9QliANBjFLO5w</gx:streetViewPanoId>
			</gx:ViewerOptions>
			<longitude>104.4186379063369</longitude>
			<latitude>17.32152129437735</latitude>
			<altitude>189.4000549316454</altitude>
			<heading>33.7441226236613</heading>
			<tilt>76.04612475537527</tilt>
			<roll>0</roll>
			<gx:fovy>59.99999999999999</gx:fovy>
			<altitudeMode>absolute</altitudeMode>
		</Camera>
		<styleUrl>#__managed_style_08855A3D8E2A0419A6C0</styleUrl>
		<Point>
			<altitudeMode>relativeToGround</altitudeMode>
			<coordinates>104.4186425422951,17.32168432497121,0</coordinates>
		</Point>
	</Placemark>
	<Placemark id="030B36F8B329F868521F">
		<name>LT8-SG-22-0501-198+735</name>
		<LookAt>
			<longitude>104.4186321270636</longitude>
			<latitude>17.32146855538601</latitude>
			<altitude>187.2505558437638</altitude>
			<heading>33.74412262361847</heading>
			<tilt>0</tilt>
			<gx:fovy>35</gx:fovy>
			<range>207.8163588579264</range>
			<altitudeMode>absolute</altitudeMode>
		</LookAt>
		<styleUrl>#__managed_style_08855A3D8E2A0419A6C0</styleUrl>
		<Point>
			<coordinates>104.4189822294207,17.3216558476609,186.6285733729997</coordinates>
		</Point>
	</Placemark>
	<Placemark id="042BEBBEAA29F8690439">
		<name>LT9-SG-22-0501-198+770</name>
		<Camera>
			<gx:ViewerOptions>
				<gx:option name="streetview"></gx:option>
				<gx:streetViewPanoId>e6SfBPMj5SVVg7zZIqAjIQ</gx:streetViewPanoId>
			</gx:ViewerOptions>
			<longitude>104.4192997043867</longitude>
			<latitude>17.32145496834861</latitude>
			<altitude>190.7081146240234</altitude>
			<heading>30.71210173081048</heading>
			<tilt>82.68911685692808</tilt>
			<roll>0</roll>
			<gx:fovy>59.99999999999999</gx:fovy>
			<altitudeMode>absolute</altitudeMode>
		</Camera>
		<styleUrl>#__managed_style_08855A3D8E2A0419A6C0</styleUrl>
		<Point>
			<altitudeMode>relativeToGround</altitudeMode>
			<coordinates>104.4193360586168,17.32162151575816,0</coordinates>
		</Point>
	</Placemark>
	<Placemark id="04EC62855729F869819C">
		<name>LT10-SG-22-0501-198+805</name>
		<Camera>
			<gx:ViewerOptions>
				<gx:option name="streetview"></gx:option>
				<gx:streetViewPanoId>fw0JvAY-2ONH0rVSfFg2DA</gx:streetViewPanoId>
			</gx:ViewerOptions>
			<longitude>104.4196723057231</longitude>
			<latitude>17.32138441602575</latitude>
			<altitude>191.6451721192358</altitude>
			<heading>345.1028936319545</heading>
			<tilt>80.70312868892259</tilt>
			<roll>0</roll>
			<gx:fovy>59.99999999999999</gx:fovy>
			<altitudeMode>absolute</altitudeMode>
		</Camera>
		<styleUrl>#__managed_style_08855A3D8E2A0419A6C0</styleUrl>
		<Point>
			<altitudeMode>relativeToGround</altitudeMode>
			<coordinates>104.4197224954132,17.32157808077679,0</coordinates>
		</Point>
	</Placemark>
	<Placemark id="0F1258889829F86AFB9B">
		<name>LT11-SG-22-0501-198+840</name>
		<Camera>
			<gx:ViewerOptions>
				<gx:option name="streetview"></gx:option>
				<gx:streetViewPanoId>eOIQUhTJuZ7O5cJux7mgLg</gx:streetViewPanoId>
			</gx:ViewerOptions>
			<longitude>104.4199488928781</longitude>
			<latitude>17.32131454030804</latitude>
			<altitude>192.248291015625</altitude>
			<heading>31.40054225698627</heading>
			<tilt>75.74295088099639</tilt>
			<roll>0</roll>
			<gx:fovy>59.99999999999999</gx:fovy>
			<altitudeMode>absolute</altitudeMode>
		</Camera>
		<styleUrl>#__managed_style_08855A3D8E2A0419A6C0</styleUrl>
		<Point>
			<altitudeMode>relativeToGround</altitudeMode>
			<coordinates>104.4199937624888,17.3214632490704,0</coordinates>
		</Point>
	</Placemark>
	<Placemark id="0479C2779529F86B80C9">
		<name>LT12-SG-22-0501-198+875</name>
		<Camera>
			<gx:ViewerOptions>
				<gx:option name="streetview"></gx:option>
				<gx:streetViewPanoId>4E9FF2AhZqOXPSK06uAepg</gx:streetViewPanoId>
			</gx:ViewerOptions>
			<longitude>104.4203138572622</longitude>
			<latitude>17.32120659423872</latitude>
			<altitude>192.8797302246094</altitude>
			<heading>31.28582451701926</heading>
			<tilt>75.74295088099639</tilt>
			<roll>0</roll>
			<gx:fovy>59.99999999999999</gx:fovy>
			<altitudeMode>absolute</altitudeMode>
		</Camera>
		<styleUrl>#__managed_style_08855A3D8E2A0419A6C0</styleUrl>
		<Point>
			<altitudeMode>relativeToGround</altitudeMode>
			<coordinates>104.4203349207741,17.32136019915768,0</coordinates>
		</Point>
	</Placemark>
	<Placemark id="07416509B529F86EAE16">
		<name>LT13-SG-22-0501-198+910</name>
		<Camera>
			<gx:ViewerOptions>
				<gx:option name="streetview"></gx:option>
				<gx:streetViewPanoId>lYPYAbCPiDmHIkkEhjJ_6A</gx:streetViewPanoId>
			</gx:ViewerOptions>
			<longitude>104.42058245173</longitude>
			<latitude>17.3211139679952</latitude>
			<altitude>193.3080139160156</altitude>
			<heading>88.79313034779433</heading>
			<tilt>85</tilt>
			<roll>0</roll>
			<gx:fovy>59.99999999999999</gx:fovy>
			<altitudeMode>absolute</altitudeMode>
		</Camera>
		<styleUrl>#__managed_style_08855A3D8E2A0419A6C0</styleUrl>
		<Point>
			<altitudeMode>relativeToGround</altitudeMode>
			<coordinates>104.4206883017948,17.32126939102736,0</coordinates>
		</Point>
	</Placemark>
	<Placemark id="00A42E856029F8721DCF">
		<name>LT14-SG-22-0501-198+945</name>
		<Camera>
			<gx:ViewerOptions>
				<gx:option name="streetview"></gx:option>
				<gx:streetViewPanoId>3J2DA8rK6rJEFML8D00TIg</gx:streetViewPanoId>
			</gx:ViewerOptions>
			<longitude>104.4208457174172</longitude>
			<latitude>17.32100817086419</latitude>
			<altitude>193.6196051298616</altitude>
			<heading>96.09607610854195</heading>
			<tilt>85</tilt>
			<roll>0</roll>
			<gx:fovy>60</gx:fovy>
			<altitudeMode>absolute</altitudeMode>
		</Camera>
		<styleUrl>#__managed_style_08855A3D8E2A0419A6C0</styleUrl>
		<Point>
			<altitudeMode>relativeToGround</altitudeMode>
			<coordinates>104.4209581598079,17.32112934931008,0</coordinates>
		</Point>
	</Placemark>
	<Placemark id="0B5ECFDC3C29F87339AA">
		<name>LT15-SG-22-0501-198+980</name>
		<Camera>
			<gx:ViewerOptions>
				<gx:option name="streetview"></gx:option>
				<gx:streetViewPanoId>RN0PNnBJRH7-WONpxelo6A</gx:streetViewPanoId>
			</gx:ViewerOptions>
			<longitude>104.4211879457488</longitude>
			<latitude>17.32084465124061</latitude>
			<altitude>193.9262847900391</altitude>
			<heading>96.68106113179415</heading>
			<tilt>85</tilt>
			<roll>0</roll>
			<gx:fovy>59.99999999999999</gx:fovy>
			<altitudeMode>absolute</altitudeMode>
		</Camera>
		<styleUrl>#__managed_style_08855A3D8E2A0419A6C0</styleUrl>
		<Point>
			<altitudeMode>relativeToGround</altitudeMode>
			<coordinates>104.4212511289095,17.32096894696241,0</coordinates>
		</Point>
	</Placemark>
	<Placemark id="058F420E0429F875221A">
		<name>LT16-SG-22-0501-199+015</name>
		<LookAt>
			<longitude>104.4215110006095</longitude>
			<latitude>17.3207176444443</latitude>
			<altitude>191.2894078407927</altitude>
			<heading>51.11577848176446</heading>
			<tilt>0</tilt>
			<gx:fovy>35</gx:fovy>
			<range>130.8002556285282</range>
			<altitudeMode>absolute</altitudeMode>
		</LookAt>
		<styleUrl>#__managed_style_08855A3D8E2A0419A6C0</styleUrl>
		<Point>
			<coordinates>104.4215597413158,17.32080806927362,191.5989793855</coordinates>
		</Point>
	</Placemark>
	<Placemark id="0C56C9478229F8758CEE">
		<name>LT17-SG-22-0501-199+050</name>
		<LookAt>
			<longitude>104.4215110005651</longitude>
			<latitude>17.32071764446544</latitude>
			<altitude>191.2894078407927</altitude>
			<heading>51.11577848176447</heading>
			<tilt>0</tilt>
			<gx:fovy>35</gx:fovy>
			<range>130.8002556285282</range>
			<altitudeMode>absolute</altitudeMode>
		</LookAt>
		<styleUrl>#__managed_style_08855A3D8E2A0419A6C0</styleUrl>
		<Point>
			<coordinates>104.4218296869583,17.32063250715705,192.494233413572</coordinates>
		</Point>
	</Placemark>
	<Placemark id="020303B21329F8764464">
		<name>LT18-SG-22-0501-199+085</name>
		<LookAt>
			<longitude>104.4220684314114</longitude>
			<latitude>17.32036712305179</latitude>
			<altitude>190.9436268040004</altitude>
			<heading>51.1159282600352</heading>
			<tilt>0</tilt>
			<gx:fovy>35</gx:fovy>
			<range>155.8851164620137</range>
			<altitudeMode>absolute</altitudeMode>
		</LookAt>
		<styleUrl>#__managed_style_08855A3D8E2A0419A6C0</styleUrl>
		<Point>
			<coordinates>104.4221164116156,17.32042645706963,191.1011334061629</coordinates>
		</Point>
	</Placemark>
	<Placemark id="04A5A5E82029F876B3CA">
		<name>LT19-SG-22-0501-199+120</name>
		<LookAt>
			<longitude>104.4220684314558</longitude>
			<latitude>17.32036712309406</latitude>
			<altitude>190.9436268040004</altitude>
			<heading>51.1159282600352</heading>
			<tilt>0</tilt>
			<gx:fovy>35</gx:fovy>
			<range>155.8851164620137</range>
			<altitudeMode>absolute</altitudeMode>
		</LookAt>
		<styleUrl>#__managed_style_08855A3D8E2A0419A6C0</styleUrl>
		<Point>
			<coordinates>104.4223821948515,17.32025382463852,190.7405522541741</coordinates>
		</Point>
	</Placemark>
	<Placemark id="0ADBA802C829F8773D74">
		<name>LT20-SG-22-0501-199+155</name>
		<Camera>
			<gx:ViewerOptions>
				<gx:option name="streetview"></gx:option>
				<gx:streetViewPanoId>IJhAmtBqk6JLw8LBrdHBPQ</gx:streetViewPanoId>
			</gx:ViewerOptions>
			<longitude>104.4226082062511</longitude>
			<latitude>17.3199148252315</latitude>
			<altitude>193.9140472412109</altitude>
			<heading>37.36505725555688</heading>
			<tilt>60.07858506825391</tilt>
			<roll>0</roll>
			<gx:fovy>59.99999999998268</gx:fovy>
			<altitudeMode>absolute</altitudeMode>
		</Camera>
		<styleUrl>#__managed_style_08855A3D8E2A0419A6C0</styleUrl>
		<Point>
			<altitudeMode>relativeToGround</altitudeMode>
			<coordinates>104.4227279088036,17.32001118563702,0</coordinates>
		</Point>
	</Placemark>
	<Placemark id="0DE3AE0B7429F886BCDB">
		<name>LT/LT20-SG-22-0501-200+095</name>
		<Camera>
			<gx:ViewerOptions>
				<gx:option name="streetview"></gx:option>
				<gx:streetViewPanoId>_IrTb0CiI5A_a3yjsZS-hw</gx:streetViewPanoId>
			</gx:ViewerOptions>
			<longitude>104.4273198562694</longitude>
			<latitude>17.31665338012424</latitude>
			<altitude>196.869155883789</altitude>
			<heading>115.2576263730182</heading>
			<tilt>85.00000000000003</tilt>
			<roll>0</roll>
			<gx:fovy>59.99999999999999</gx:fovy>
			<altitudeMode>absolute</altitudeMode>
		</Camera>
		<styleUrl>#__managed_style_08855A3D8E2A0419A6C0</styleUrl>
		<Point>
			<altitudeMode>relativeToGround</altitudeMode>
			<coordinates>104.4273868570057,17.31669112764978,0</coordinates>
		</Point>
	</Placemark>
	<Placemark id="0B1A102FE629F887372F">
		<name>LT/LT21-SG-22-0501-200+130</name>
		<Camera>
			<gx:ViewerOptions>
				<gx:option name="streetview"></gx:option>
				<gx:streetViewPanoId>YYlW5z2Ll7V1fJtGQ1sefQ</gx:streetViewPanoId>
			</gx:ViewerOptions>
			<longitude>104.4276446010401</longitude>
			<latitude>17.31647590548903</latitude>
			<altitude>196.7348175048828</altitude>
			<heading>115.2576263730181</heading>
			<tilt>85.00000000000006</tilt>
			<roll>0</roll>
			<gx:fovy>59.99999999999999</gx:fovy>
			<altitudeMode>absolute</altitudeMode>
		</Camera>
		<styleUrl>#__managed_style_08855A3D8E2A0419A6C0</styleUrl>
		<Point>
			<altitudeMode>relativeToGround</altitudeMode>
			<coordinates>104.427683989845,17.31653639002258,0</coordinates>
		</Point>
	</Placemark>
	<Placemark id="0F196CEE1129F88BD9C3">
		<name>LT/LT22-SG-22-0501-200+235</name>
		<Camera>
			<gx:ViewerOptions>
				<gx:option name="streetview"></gx:option>
				<gx:streetViewPanoId>aFN-COXkxjKUhT77kxl2kw</gx:streetViewPanoId>
			</gx:ViewerOptions>
			<longitude>104.4284259988654</longitude>
			<latitude>17.31595273649423</latitude>
			<altitude>196.994140625</altitude>
			<heading>107.5032333566261</heading>
			<tilt>80.83902512746396</tilt>
			<roll>0</roll>
			<gx:fovy>59.99999999999999</gx:fovy>
			<altitudeMode>absolute</altitudeMode>
		</Camera>
		<styleUrl>#__managed_style_08855A3D8E2A0419A6C0</styleUrl>
		<Point>
			<altitudeMode>relativeToGround</altitudeMode>
			<coordinates>104.4284742868597,17.31598886764711,0</coordinates>
		</Point>
	</Placemark>
	<Placemark id="0399A954A729F88CD283">
		<name>LT/LT23-SG-22-0501-200+270</name>
		<Camera>
			<gx:ViewerOptions>
				<gx:option name="streetview"></gx:option>
				<gx:streetViewPanoId>6sYvU8DW_GI0Rpq4Ulcupw</gx:streetViewPanoId>
			</gx:ViewerOptions>
			<longitude>104.4287329808863</longitude>
			<latitude>17.31572778149054</latitude>
			<altitude>197.33447265625</altitude>
			<heading>107.5032333993386</heading>
			<tilt>85</tilt>
			<roll>0</roll>
			<gx:fovy>59.99999999999999</gx:fovy>
			<altitudeMode>absolute</altitudeMode>
		</Camera>
		<styleUrl>#__managed_style_08855A3D8E2A0419A6C0</styleUrl>
		<Point>
			<altitudeMode>relativeToGround</altitudeMode>
			<coordinates>104.4288047541003,17.31576766836036,0</coordinates>
		</Point>
	</Placemark>
	<Placemark id="0AD9A76B1329F88DA50F">
		<name>LT/LT24-SG-22-0501-200+305</name>
		<Camera>
			<gx:ViewerOptions>
				<gx:option name="streetview"></gx:option>
				<gx:streetViewPanoId>IVe_7c8qgvaHWkRRsYGsRg</gx:streetViewPanoId>
			</gx:ViewerOptions>
			<longitude>104.4289657937761</longitude>
			<latitude>17.31556363160501</latitude>
			<altitude>197.6469573974609</altitude>
			<heading>107.5032297441272</heading>
			<tilt>85.00000000000003</tilt>
			<roll>0</roll>
			<gx:fovy>59.99999999999999</gx:fovy>
			<altitudeMode>absolute</altitudeMode>
		</Camera>
		<styleUrl>#__managed_style_08855A3D8E2A0419A6C0</styleUrl>
		<Point>
			<altitudeMode>relativeToGround</altitudeMode>
			<coordinates>104.4290128389933,17.31560709355668,0</coordinates>
		</Point>
	</Placemark>
	<Placemark id="0C636BBAB829F88ECAF2">
		<name>LT/LT25-SG-22-0501-200+340</name>
		<Camera>
			<gx:ViewerOptions>
				<gx:option name="streetview"></gx:option>
				<gx:streetViewPanoId>VtrKbr-S2HkAUZr0KAsDmg</gx:streetViewPanoId>
			</gx:ViewerOptions>
			<longitude>104.4292686909125</longitude>
			<latitude>17.31534505084989</latitude>
			<altitude>198.0935821528311</altitude>
			<heading>79.82749619344703</heading>
			<tilt>80.76663758943184</tilt>
			<roll>0</roll>
			<gx:fovy>59.99999999999999</gx:fovy>
			<altitudeMode>absolute</altitudeMode>
		</Camera>
		<styleUrl>#__managed_style_08855A3D8E2A0419A6C0</styleUrl>
		<Point>
			<altitudeMode>relativeToGround</altitudeMode>
			<coordinates>104.4292983175397,17.31539591782142,0</coordinates>
		</Point>
	</Placemark>
	<Placemark id="00C0C8251429F88FAAF7">
		<name>LT/LT26-SG-22-0501-200+387</name>
		<Camera>
			<gx:ViewerOptions>
				<gx:option name="streetview"></gx:option>
				<gx:streetViewPanoId>BN3Q0OGp-Q7AIk69rYaEdA</gx:streetViewPanoId>
			</gx:ViewerOptions>
			<longitude>104.4295914857881</longitude>
			<latitude>17.31511136802935</latitude>
			<altitude>198.1051483154297</altitude>
			<heading>64.08641853661246</heading>
			<tilt>78.88685923704151</tilt>
			<roll>0</roll>
			<gx:fovy>59.99999999999999</gx:fovy>
			<altitudeMode>absolute</altitudeMode>
		</Camera>
		<styleUrl>#__managed_style_08855A3D8E2A0419A6C0</styleUrl>
		<Point>
			<altitudeMode>relativeToGround</altitudeMode>
			<coordinates>104.4296236116469,17.31515742743607,0</coordinates>
		</Point>
	</Placemark>
	<Placemark id="0F6EABD23A29F890760A">
		<name>LT/LT27-SG-22-0501-200+410</name>
		<Camera>
			<gx:ViewerOptions>
				<gx:option name="streetview"></gx:option>
				<gx:streetViewPanoId>YlT92SEHP2Fa0Aph4RVrCQ</gx:streetViewPanoId>
			</gx:ViewerOptions>
			<longitude>104.429758746041</longitude>
			<latitude>17.31498687810092</latitude>
			<altitude>198.4159698486328</altitude>
			<heading>102.984649075007</heading>
			<tilt>85.35398414928579</tilt>
			<roll>0</roll>
			<gx:fovy>59.99999999999999</gx:fovy>
			<altitudeMode>absolute</altitudeMode>
		</Camera>
		<styleUrl>#__managed_style_08855A3D8E2A0419A6C0</styleUrl>
		<Point>
			<altitudeMode>relativeToGround</altitudeMode>
			<coordinates>104.429810631721,17.3150279816849,0</coordinates>
		</Point>
	</Placemark>
	<Placemark id="061B50686929F891BD3C">
		<name>LT/LT28-SG-22-0501-200+445</name>
		<Camera>
			<gx:ViewerOptions>
				<gx:option name="streetview"></gx:option>
				<gx:streetViewPanoId>jvB8Wv6LgVJnjP1AnFH7_Q</gx:streetViewPanoId>
			</gx:ViewerOptions>
			<longitude>104.4300750576372</longitude>
			<latitude>17.31476810939628</latitude>
			<altitude>199.0281982421875</altitude>
			<heading>67.42234820348848</heading>
			<tilt>77.64357971818312</tilt>
			<roll>0</roll>
			<gx:fovy>59.99999999999999</gx:fovy>
			<altitudeMode>absolute</altitudeMode>
		</Camera>
		<styleUrl>#__managed_style_08855A3D8E2A0419A6C0</styleUrl>
		<Point>
			<altitudeMode>relativeToGround</altitudeMode>
			<coordinates>104.4300750576372,17.31476810939628,0</coordinates>
		</Point>
	</Placemark>
	<Placemark id="0A9A88D7D929F892C473">
		<name>LT/LT29-SG-22-0501-200+480</name>
		<Camera>
			<gx:ViewerOptions>
				<gx:option name="streetview"></gx:option>
				<gx:streetViewPanoId>Q5vi3BbsPuNmeqUccwlANA</gx:streetViewPanoId>
			</gx:ViewerOptions>
			<longitude>104.4303012994557</longitude>
			<latitude>17.31460479256766</latitude>
			<altitude>199.4611358642578</altitude>
			<heading>101.7943068088708</heading>
			<tilt>82.2778352919875</tilt>
			<roll>0</roll>
			<gx:fovy>59.99999999999999</gx:fovy>
			<altitudeMode>absolute</altitudeMode>
		</Camera>
		<styleUrl>#__managed_style_08855A3D8E2A0419A6C0</styleUrl>
		<Point>
			<altitudeMode>relativeToGround</altitudeMode>
			<coordinates>104.4303012994557,17.31460479256766,0</coordinates>
		</Point>
	</Placemark>
	<Placemark id="0BB014403629F893B45E">
		<name>LT/LT30-SG-22-0501-200+515</name>
		<Camera>
			<gx:ViewerOptions>
				<gx:option name="streetview"></gx:option>
				<gx:streetViewPanoId>DDuvhSQgWmbCiCYV-fMG5g</gx:streetViewPanoId>
			</gx:ViewerOptions>
			<longitude>104.4306308474438</longitude>
			<latitude>17.31436744679936</latitude>
			<altitude>200.0859680175781</altitude>
			<heading>14.61687419625692</heading>
			<tilt>59.26361535190005</tilt>
			<roll>0</roll>
			<gx:fovy>59.99999999999999</gx:fovy>
			<altitudeMode>absolute</altitudeMode>
		</Camera>
		<styleUrl>#__managed_style_08855A3D8E2A0419A6C0</styleUrl>
		<Point>
			<altitudeMode>relativeToGround</altitudeMode>
			<coordinates>104.4306457718195,17.31439670913871,0</coordinates>
		</Point>
	</Placemark>
	<Placemark id="0067011FF929F8949925">
		<name>LT/LT31-SG-22-0501-200+550</name>
		<Camera>
			<gx:ViewerOptions>
				<gx:option name="streetview"></gx:option>
				<gx:streetViewPanoId>rL5jSTQfdH9iIFoQOVjcWA</gx:streetViewPanoId>
			</gx:ViewerOptions>
			<longitude>104.4308528264087</longitude>
			<latitude>17.31421236611035</latitude>
			<altitude>200.5014190673828</altitude>
			<heading>53.6640631323773</heading>
			<tilt>76.69825986739789</tilt>
			<roll>0</roll>
			<gx:fovy>59.99999999999999</gx:fovy>
			<altitudeMode>absolute</altitudeMode>
		</Camera>
		<styleUrl>#__managed_style_08855A3D8E2A0419A6C0</styleUrl>
		<Point>
			<altitudeMode>relativeToGround</altitudeMode>
			<coordinates>104.4308779070427,17.3142479836255,0</coordinates>
		</Point>
	</Placemark>
	<Placemark id="0A54B92BE229F8957C0F">
		<name>LT/LT32-SG-22-0501-200+585</name>
		<Camera>
			<gx:ViewerOptions>
				<gx:option name="streetview"></gx:option>
				<gx:streetViewPanoId>KMLR-NNtAsNs8HKQLzbLaA</gx:streetViewPanoId>
			</gx:ViewerOptions>
			<longitude>104.4311504866007</longitude>
			<latitude>17.313999363907</latitude>
			<altitude>201.0069885253906</altitude>
			<heading>35.50079834376163</heading>
			<tilt>81.67335207767125</tilt>
			<roll>0</roll>
			<gx:fovy>59.99999999999999</gx:fovy>
			<altitudeMode>absolute</altitudeMode>
		</Camera>
		<styleUrl>#__managed_style_08855A3D8E2A0419A6C0</styleUrl>
		<Point>
			<altitudeMode>relativeToGround</altitudeMode>
			<coordinates>104.4311791822994,17.31403732277776,0</coordinates>
		</Point>
	</Placemark>
	<Placemark id="0E906AEA7329F8971BF2">
		<name>LT/LT33-SG-22-0501-200+620</name>
		<Camera>
			<gx:ViewerOptions>
				<gx:option name="streetview"></gx:option>
				<gx:streetViewPanoId>UKxlhFQJMXVzHveclr0P0A</gx:streetViewPanoId>
			</gx:ViewerOptions>
			<longitude>104.4314306483679</longitude>
			<latitude>17.3138174892207</latitude>
			<altitude>201.8365045670875</altitude>
			<heading>63.48258038366374</heading>
			<tilt>74.25049772199336</tilt>
			<roll>0</roll>
			<gx:fovy>59.99999999999999</gx:fovy>
			<altitudeMode>absolute</altitudeMode>
		</Camera>
		<styleUrl>#__managed_style_08855A3D8E2A0419A6C0</styleUrl>
		<Point>
			<altitudeMode>relativeToGround</altitudeMode>
			<coordinates>104.4314760179523,17.31383881754485,0</coordinates>
		</Point>
	</Placemark>
	<Placemark id="09F94257BD29F897F799">
		<name>LT/LT34-SG-22-0501-200+655</name>
		<Camera>
			<gx:ViewerOptions>
				<gx:option name="streetview"></gx:option>
				<gx:streetViewPanoId>c5mJ12Txv5ungTrVqDF66g</gx:streetViewPanoId>
			</gx:ViewerOptions>
			<longitude>104.4316494307388</longitude>
			<latitude>17.31360444339972</latitude>
			<altitude>202.0375823977255</altitude>
			<heading>45.37166458491521</heading>
			<tilt>83.41926265098745</tilt>
			<roll>0</roll>
			<gx:fovy>59.99999999999999</gx:fovy>
			<altitudeMode>absolute</altitudeMode>
		</Camera>
		<styleUrl>#__managed_style_08855A3D8E2A0419A6C0</styleUrl>
		<Point>
			<altitudeMode>relativeToGround</altitudeMode>
			<coordinates>104.4317025794405,17.3136768577067,0</coordinates>
		</Point>
	</Placemark>
	<Placemark id="086C1F1B9729F898EFAA">
		<name>LT/LT35-SG-22-0501-200+690</name>
		<Camera>
			<gx:ViewerOptions>
				<gx:option name="streetview"></gx:option>
				<gx:streetViewPanoId>8Moc4XWNseSGYm7t8_VY2g</gx:streetViewPanoId>
			</gx:ViewerOptions>
			<longitude>104.4318937958408</longitude>
			<latitude>17.31343733673263</latitude>
			<altitude>202.0680236818741</altitude>
			<heading>37.68605983875741</heading>
			<tilt>79.83698142450336</tilt>
			<roll>0</roll>
			<gx:fovy>59.99999999999999</gx:fovy>
			<altitudeMode>absolute</altitudeMode>
		</Camera>
		<styleUrl>#__managed_style_08855A3D8E2A0419A6C0</styleUrl>
		<Point>
			<altitudeMode>relativeToGround</altitudeMode>
			<coordinates>104.4319354497219,17.31349965002252,0</coordinates>
		</Point>
	</Placemark>
	<Placemark id="089330B42429F89A2002">
		<name>LT/LT36-SG-22-0501-200+725</name>
		<Camera>
			<gx:ViewerOptions>
				<gx:option name="streetview"></gx:option>
				<gx:streetViewPanoId>lztGv9HRZSUYKkNJJGvpfA</gx:streetViewPanoId>
			</gx:ViewerOptions>
			<longitude>104.432159480058</longitude>
			<latitude>17.31326435703719</latitude>
			<altitude>201.964111328125</altitude>
			<heading>55.81516519893595</heading>
			<tilt>82.13862177385039</tilt>
			<roll>0</roll>
			<gx:fovy>59.99999999999999</gx:fovy>
			<altitudeMode>absolute</altitudeMode>
		</Camera>
		<styleUrl>#__managed_style_08855A3D8E2A0419A6C0</styleUrl>
		<Point>
			<altitudeMode>relativeToGround</altitudeMode>
			<coordinates>104.4321831366481,17.31331659398025,0</coordinates>
		</Point>
	</Placemark>
	<Placemark id="036AB0C69F29F89D2FAF">
		<name>LT/LT37-SG-22-0501-200+760</name>
		<Camera>
			<gx:ViewerOptions>
				<gx:option name="streetview"></gx:option>
				<gx:streetViewPanoId>jqI6115I_AksJZInJv_IRw</gx:streetViewPanoId>
			</gx:ViewerOptions>
			<longitude>104.432389988818</longitude>
			<latitude>17.31310196159846</latitude>
			<altitude>201.7616729736328</altitude>
			<heading>100.0924839996648</heading>
			<tilt>77.81959460363522</tilt>
			<roll>0</roll>
			<gx:fovy>59.99999999999999</gx:fovy>
			<altitudeMode>absolute</altitudeMode>
		</Camera>
		<styleUrl>#__managed_style_08855A3D8E2A0419A6C0</styleUrl>
		<Point>
			<altitudeMode>relativeToGround</altitudeMode>
			<coordinates>104.4324292177955,17.3131479082802,0</coordinates>
		</Point>
	</Placemark>
	<Placemark id="0D1AE0A7BC29F89DF5F7">
		<name>LT/LT38-SG-22-0501-200+795</name>
		<Camera>
			<gx:ViewerOptions>
				<gx:option name="streetview"></gx:option>
				<gx:streetViewPanoId>MPCFtpFkj9PtGmajIpMHPg</gx:streetViewPanoId>
			</gx:ViewerOptions>
			<longitude>104.4327067501902</longitude>
			<latitude>17.31286361480429</latitude>
			<altitude>201.2139739990234</altitude>
			<heading>46.37736935947864</heading>
			<tilt>81.09113358566654</tilt>
			<roll>0</roll>
			<gx:fovy>59.99999999999999</gx:fovy>
			<altitudeMode>absolute</altitudeMode>
		</Camera>
		<styleUrl>#__managed_style_08855A3D8E2A0419A6C0</styleUrl>
		<Point>
			<altitudeMode>relativeToGround</altitudeMode>
			<coordinates>104.4327381863567,17.31291600126777,0</coordinates>
		</Point>
	</Placemark>
	<Placemark id="0153D874F429F89EBECE">
		<name>LT/LT39-SG-22-0501-200+830</name>
		<Camera>
			<gx:ViewerOptions>
				<gx:option name="streetview"></gx:option>
				<gx:streetViewPanoId>c-x0YmjRJzOTIF7NjrVO8g</gx:streetViewPanoId>
			</gx:ViewerOptions>
			<longitude>104.4329332625245</longitude>
			<latitude>17.31269754969071</latitude>
			<altitude>200.8468475341273</altitude>
			<heading>66.88261860724489</heading>
			<tilt>84.06977119948316</tilt>
			<roll>0</roll>
			<gx:fovy>59.99999999999999</gx:fovy>
			<altitudeMode>absolute</altitudeMode>
		</Camera>
		<styleUrl>#__managed_style_08855A3D8E2A0419A6C0</styleUrl>
		<Point>
			<altitudeMode>relativeToGround</altitudeMode>
			<coordinates>104.4329852526367,17.31274700007583,0</coordinates>
		</Point>
	</Placemark>
	<Placemark id="054AE4156629F89FAFA2">
		<name>LT/LT40-SG-22-0501-200+868</name>
		<Camera>
			<gx:ViewerOptions>
				<gx:option name="streetview"></gx:option>
				<gx:streetViewPanoId>-GiylWDu99ENgW4hvBgWNg</gx:streetViewPanoId>
			</gx:ViewerOptions>
			<longitude>104.4332366119397</longitude>
			<latitude>17.31247990623554</latitude>
			<altitude>200.3167572016061</altitude>
			<heading>39.36568013525918</heading>
			<tilt>87.78268112243178</tilt>
			<roll>0</roll>
			<gx:fovy>59.99999999999999</gx:fovy>
			<altitudeMode>absolute</altitudeMode>
		</Camera>
		<styleUrl>#__managed_style_08855A3D8E2A0419A6C0</styleUrl>
		<Point>
			<altitudeMode>relativeToGround</altitudeMode>
			<coordinates>104.433276597086,17.31253363659082,0</coordinates>
		</Point>
	</Placemark>
	<Placemark id="07C2CAD4462A02E6674A">
		<name>LT/LT65-SG-22-0501-209+235</name>
		<Camera>
			<gx:ViewerOptions>
				<gx:option name="streetview"></gx:option>
				<gx:streetViewPanoId>30AVsKS_GAqs1O8uOOneZw</gx:streetViewPanoId>
			</gx:ViewerOptions>
			<longitude>104.5039478132188</longitude>
			<latitude>17.28598619286274</latitude>
			<altitude>184.7797949563959</altitude>
			<heading>2.121252189057447</heading>
			<tilt>84.32998977370806</tilt>
			<roll>0</roll>
			<gx:fovy>59.99999999999999</gx:fovy>
			<altitudeMode>absolute</altitudeMode>
		</Camera>
		<styleUrl>#__managed_style_08855A3D8E2A0419A6C0</styleUrl>
		<Point>
			<altitudeMode>relativeToGround</altitudeMode>
			<coordinates>104.503963323309,17.28613517620571,0</coordinates>
		</Point>
	</Placemark>
	<Placemark id="0368F419E92A02E74FA8">
		<name>LT/LT-66-SG-22-0501-209+270</name>
		<Camera>
			<gx:ViewerOptions>
				<gx:option name="streetview"></gx:option>
				<gx:streetViewPanoId>kW34YRsmdAXBicOi7SwXCw</gx:streetViewPanoId>
			</gx:ViewerOptions>
			<longitude>104.5043289810515</longitude>
			<latitude>17.28597062642654</latitude>
			<altitude>184.9417419433784</altitude>
			<heading>354.2703692396487</heading>
			<tilt>77.00764334734966</tilt>
			<roll>0</roll>
			<gx:fovy>59.99999999999999</gx:fovy>
			<altitudeMode>absolute</altitudeMode>
		</Camera>
		<styleUrl>#__managed_style_08855A3D8E2A0419A6C0</styleUrl>
		<Point>
			<altitudeMode>relativeToGround</altitudeMode>
			<coordinates>104.5043087200262,17.28613777746768,0</coordinates>
		</Point>
	</Placemark>
	<Placemark id="0DB8D2D60E2A02E8186C">
		<name>LT/LT67-SG-22-0501-209+305</name>
		<Camera>
			<gx:ViewerOptions>
				<gx:option name="streetview"></gx:option>
				<gx:streetViewPanoId>ePnnHpsD0VjKb2XQ3vkZgg</gx:streetViewPanoId>
			</gx:ViewerOptions>
			<longitude>104.504618434633</longitude>
			<latitude>17.28595835844216</latitude>
			<altitude>185.240057061857</altitude>
			<heading>354.2703684780388</heading>
			<tilt>85</tilt>
			<roll>0</roll>
			<gx:fovy>60</gx:fovy>
			<altitudeMode>absolute</altitudeMode>
		</Camera>
		<styleUrl>#__managed_style_08855A3D8E2A0419A6C0</styleUrl>
		<Point>
			<altitudeMode>relativeToGround</altitudeMode>
			<coordinates>104.5046087421444,17.2861659505066,0</coordinates>
		</Point>
	</Placemark>
	<Placemark id="0642CE6B522A02EB4AD7">
		<name>LT/LT70-SG-22-0501-209+410</name>
		<Camera>
			<gx:ViewerOptions>
				<gx:option name="streetview"></gx:option>
				<gx:streetViewPanoId>7j6XgBwqJ2Di5fjU0X_LNw</gx:streetViewPanoId>
			</gx:ViewerOptions>
			<longitude>104.5056235725609</longitude>
			<latitude>17.28595560713992</latitude>
			<altitude>187.1267242425457</altitude>
			<heading>17.09509388399147</heading>
			<tilt>71.69710780303706</tilt>
			<roll>0</roll>
			<gx:fovy>59.99999999999999</gx:fovy>
			<altitudeMode>absolute</altitudeMode>
		</Camera>
		<styleUrl>#__managed_style_08855A3D8E2A0419A6C0</styleUrl>
		<Point>
			<altitudeMode>relativeToGround</altitudeMode>
			<coordinates>104.5055606362309,17.28619543274164,0</coordinates>
		</Point>
	</Placemark>
	<Placemark id="041F6178352A02EC2125">
		<name>LT/LT71-SG-22-0501-209+445</name>
		<Camera>
			<gx:ViewerOptions>
				<gx:option name="streetview"></gx:option>
				<gx:streetViewPanoId>e4CVMC3KssO0w6i_QRYY0w</gx:streetViewPanoId>
			</gx:ViewerOptions>
			<longitude>104.5059288478854</longitude>
			<latitude>17.2859836305648</latitude>
			<altitude>187.7410125732422</altitude>
			<heading>31.52571867319866</heading>
			<tilt>87.25842130258239</tilt>
			<roll>0</roll>
			<gx:fovy>59.99999999999999</gx:fovy>
			<altitudeMode>absolute</altitudeMode>
		</Camera>
		<styleUrl>#__managed_style_08855A3D8E2A0419A6C0</styleUrl>
		<Point>
			<altitudeMode>relativeToGround</altitudeMode>
			<coordinates>104.5059338408812,17.28623564435353,0</coordinates>
		</Point>
	</Placemark>
	<Placemark id="0D087F0A512A02ED935F">
		<name>LT68-SG-22-0501-209+340</name>
		<LookAt>
			<longitude>104.5050728090569</longitude>
			<latitude>17.28599155480808</latitude>
			<altitude>184.734012284722</altitude>
			<heading>4.415945740230502</heading>
			<tilt>0</tilt>
			<gx:fovy>35</gx:fovy>
			<range>80.704580597112</range>
			<altitudeMode>absolute</altitudeMode>
		</LookAt>
		<styleUrl>#__managed_style_08855A3D8E2A0419A6C0</styleUrl>
		<Point>
			<coordinates>104.5049826344174,17.28606260001817,184.8402125976644</coordinates>
		</Point>
	</Placemark>
	<Placemark id="079CF0B17D2A02EE5091">
		<name>LT/LT69-SG-22-0501-209+375</name>
		<LookAt>
			<longitude>104.5053014704006</longitude>
			<latitude>17.28597084220235</latitude>
			<altitude>184.2475523895668</altitude>
			<heading>4.415945740224471</heading>
			<tilt>0</tilt>
			<gx:fovy>35</gx:fovy>
			<range>81.19103205247484</range>
			<altitudeMode>absolute</altitudeMode>
		</LookAt>
		<styleUrl>#__managed_style_08855A3D8E2A0419A6C0</styleUrl>
		<Point>
			<coordinates>104.5052890191662,17.28605184211641,184.2022985601645</coordinates>
		</Point>
	</Placemark>
	<Placemark id="0E79C8DFEB2A02EFFD34">
		<name>LT72-SG-22-0501-209+480</name>
		<LookAt>
			<longitude>104.5062397155776</longitude>
			<latitude>17.28608657929673</latitude>
			<altitude>185.0105519678833</altitude>
			<heading>4.418471510544855</heading>
			<tilt>0</tilt>
			<gx:fovy>35</gx:fovy>
			<range>66.27524443329094</range>
			<altitudeMode>absolute</altitudeMode>
		</LookAt>
		<styleUrl>#__managed_style_08855A3D8E2A0419A6C0</styleUrl>
		<Point>
			<coordinates>104.5062764738859,17.28621924314584,185.4964034547847</coordinates>
		</Point>
	</Placemark>
	<Placemark id="05E223381D2A02F11292">
		<name>LT73-SG-22-0501-209+515</name>
		<Camera>
			<gx:ViewerOptions>
				<gx:option name="streetview"></gx:option>
				<gx:streetViewPanoId>2AhmL8djQUPRXkKJdBByBw</gx:streetViewPanoId>
			</gx:ViewerOptions>
			<longitude>104.5066539570451</longitude>
			<latitude>17.2860773854449</latitude>
			<altitude>189.2009124755859</altitude>
			<heading>338.7951628163803</heading>
			<tilt>78.04341545102305</tilt>
			<roll>0</roll>
			<gx:fovy>59.99999999999999</gx:fovy>
			<altitudeMode>absolute</altitudeMode>
		</Camera>
		<styleUrl>#__managed_style_08855A3D8E2A0419A6C0</styleUrl>
		<Point>
			<altitudeMode>relativeToGround</altitudeMode>
			<coordinates>104.506567283352,17.2862216455081,0</coordinates>
		</Point>
	</Placemark>
	<Placemark id="051F3ECC932A02F2EE21">
		<name>LT74-SG-22-0501-209+550</name>
		<Camera>
			<gx:ViewerOptions>
				<gx:option name="streetview"></gx:option>
				<gx:streetViewPanoId>-vjhiw5XsLRhyOrtGLxzBw</gx:streetViewPanoId>
			</gx:ViewerOptions>
			<longitude>104.5069620784019</longitude>
			<latitude>17.28613028204408</latitude>
			<altitude>189.7731018066406</altitude>
			<heading>329.3630452788192</heading>
			<tilt>85</tilt>
			<roll>0</roll>
			<gx:fovy>59.99999999999999</gx:fovy>
			<altitudeMode>absolute</altitudeMode>
		</Camera>
		<styleUrl>#__managed_style_08855A3D8E2A0419A6C0</styleUrl>
		<Point>
			<altitudeMode>relativeToGround</altitudeMode>
			<coordinates>104.5068838956815,17.28627492201634,0</coordinates>
		</Point>
	</Placemark>
	<Placemark id="04BC35804E2A02F3DCCE">
		<name>LT75-SG-22-0501-209+585</name>
		<LookAt>
			<longitude>104.5074297952195</longitude>
			<latitude>17.28621029414208</latitude>
			<altitude>189.4679721545703</altitude>
			<heading>329.3630501796843</heading>
			<tilt>0</tilt>
			<gx:fovy>35</gx:fovy>
			<range>180.5833749381782</range>
			<altitudeMode>absolute</altitudeMode>
		</LookAt>
		<styleUrl>#__managed_style_08855A3D8E2A0419A6C0</styleUrl>
		<Point>
			<coordinates>104.5072050864383,17.28632419184748,189.6580139867611</coordinates>
		</Point>
	</Placemark>
	<Placemark id="023C054F572A02F45B8F">
		<name>LT-76-SG-22-0501-209+520</name>
		<LookAt>
			<longitude>104.5074297952195</longitude>
			<latitude>17.28621029416322</latitude>
			<altitude>189.4679721545703</altitude>
			<heading>329.3630501796843</heading>
			<tilt>0</tilt>
			<gx:fovy>35</gx:fovy>
			<range>180.5833749381782</range>
			<altitudeMode>absolute</altitudeMode>
		</LookAt>
		<styleUrl>#__managed_style_08855A3D8E2A0419A6C0</styleUrl>
		<Point>
			<coordinates>104.5075122146998,17.28639687539694,190.1153139549264</coordinates>
		</Point>
	</Placemark>
	<Placemark id="0F549E9D442A02F5393C">
		<name>LT77-SG-22-0501-209+658</name>
		<LookAt>
			<longitude>104.5074297952195</longitude>
			<latitude>17.28621029418434</latitude>
			<altitude>189.4679721545703</altitude>
			<heading>329.3630501796843</heading>
			<tilt>0</tilt>
			<gx:fovy>35</gx:fovy>
			<range>180.5833749381782</range>
			<altitudeMode>absolute</altitudeMode>
		</LookAt>
		<styleUrl>#__managed_style_08855A3D8E2A0419A6C0</styleUrl>
		<Point>
			<coordinates>104.5078352700778,17.2864832300333,189.3102274004629</coordinates>
		</Point>
	</Placemark>
	<Placemark id="00FAC57F5D2A02F639EE">
		<name>LT78-SG-22-0501-209+690</name>
		<LookAt>
			<longitude>104.5081468676135</longitude>
			<latitude>17.2865118336212</latitude>
			<altitude>189.1316543191164</altitude>
			<heading>329.3631693328846</heading>
			<tilt>0</tilt>
			<gx:fovy>35</gx:fovy>
			<range>72.79530014278862</range>
			<altitudeMode>absolute</altitudeMode>
		</LookAt>
		<styleUrl>#__managed_style_08855A3D8E2A0419A6C0</styleUrl>
		<Point>
			<coordinates>104.5081068095593,17.28655802544376,189.5516045426016</coordinates>
		</Point>
	</Placemark>
	<Placemark id="0480D6DED32A02F6B927">
		<name>LT79-SG-22-0501-209+725</name>
		<LookAt>
			<longitude>104.5083551200367</longitude>
			<latitude>17.28656132653652</latitude>
			<altitude>188.5066227183394</altitude>
			<heading>329.3632306599844</heading>
			<tilt>0</tilt>
			<gx:fovy>35</gx:fovy>
			<range>73.42032467032368</range>
			<altitudeMode>absolute</altitudeMode>
		</LookAt>
		<styleUrl>#__managed_style_08855A3D8E2A0419A6C0</styleUrl>
		<Point>
			<coordinates>104.5084541104828,17.28666196279791,188.387734974968</coordinates>
		</Point>
	</Placemark>
	<Placemark id="096B02529C2A02F78B09">
		<name>LT80-SG-22-0501-209+760</name>
		<LookAt>
			<longitude>104.5086227928627</longitude>
			<latitude>17.28666272440211</latitude>
			<altitude>187.1441828286787</altitude>
			<heading>329.3633098623503</heading>
			<tilt>0</tilt>
			<gx:fovy>35</gx:fovy>
			<range>74.79724790428919</range>
			<altitudeMode>absolute</altitudeMode>
		</LookAt>
		<styleUrl>#__managed_style_08855A3D8E2A0419A6C0</styleUrl>
		<Point>
			<coordinates>104.5088048890924,17.28676128174929,187.1656815402746</coordinates>
		</Point>
	</Placemark>
	<Placemark id="0C9C7937852A02F86F7D">
		<name>LT81-SG-22-0501-209+795</name>
		<LookAt>
			<longitude>104.5090610824382</longitude>
			<latitude>17.28672000586372</latitude>
			<altitude>187.5972603602013</altitude>
			<heading>329.3634396836848</heading>
			<tilt>0</tilt>
			<gx:fovy>35</gx:fovy>
			<range>74.34421275280329</range>
			<altitudeMode>absolute</altitudeMode>
		</LookAt>
		<styleUrl>#__managed_style_08855A3D8E2A0419A6C0</styleUrl>
		<Point>
			<coordinates>104.5091256867841,17.28684985077803,188.6766644817621</coordinates>
		</Point>
	</Placemark>
	<Placemark id="009135A9792A02F8FB30">
		<name>LT82-SG-22-0501-209+833</name>
		<Camera>
			<gx:ViewerOptions>
				<gx:option name="streetview"></gx:option>
				<gx:streetViewPanoId>bgUS42tUfQU083iYxqs9dg</gx:streetViewPanoId>
			</gx:ViewerOptions>
			<longitude>104.5095013709573</longitude>
			<latitude>17.28678173946636</latitude>
			<altitude>192.2720183432701</altitude>
			<heading>344.1004350546384</heading>
			<tilt>84.67966124873108</tilt>
			<roll>0</roll>
			<gx:fovy>59.99999999999999</gx:fovy>
			<altitudeMode>absolute</altitudeMode>
		</Camera>
		<styleUrl>#__managed_style_08855A3D8E2A0419A6C0</styleUrl>
		<Point>
			<altitudeMode>relativeToGround</altitudeMode>
			<coordinates>104.5094788029385,17.2869443829848,0</coordinates>
		</Point>
	</Placemark>
	<Placemark id="0962D328EA2A02FA158E">
		<name>LT83-SG-22-0501-209+866</name>
		<LookAt>
			<longitude>104.509841074933</longitude>
			<latitude>17.28686160891273</latitude>
			<altitude>191.0061586882309</altitude>
			<heading>344.1004278055024</heading>
			<tilt>0</tilt>
			<gx:fovy>35</gx:fovy>
			<range>110.2732697091415</range>
			<altitudeMode>absolute</altitudeMode>
		</LookAt>
		<styleUrl>#__managed_style_08855A3D8E2A0419A6C0</styleUrl>
		<Point>
			<coordinates>104.5097929038989,17.28704872242578,191.1569259588333</coordinates>
		</Point>
	</Placemark>
	<Placemark id="0061A81B342A02FACE3F">
		<name>LT-84-SG-22-0501-208+9+900</name>
		<LookAt>
			<longitude>104.5100377148745</longitude>
			<latitude>17.28700842968597</latitude>
			<altitude>190.7939414437294</altitude>
			<heading>344.1004854597147</heading>
			<tilt>0</tilt>
			<gx:fovy>35</gx:fovy>
			<range>110.4854838088795</range>
			<altitudeMode>absolute</altitudeMode>
		</LookAt>
		<styleUrl>#__managed_style_08855A3D8E2A0419A6C0</styleUrl>
		<Point>
			<coordinates>104.510053622283,17.28710753843671,191.0381020186239</coordinates>
		</Point>
	</Placemark>
	<Placemark id="027E4148272A02FB4E3E">
		<name>LT-85-SG-22-0501-209+935</name>
		<LookAt>
			<longitude>104.5103356155534</longitude>
			<latitude>17.28711290096666</latitude>
			<altitude>190.1104400522802</altitude>
			<heading>344.1005733705879</heading>
			<tilt>0</tilt>
			<gx:fovy>35</gx:fovy>
			<range>111.1689796251994</range>
			<altitudeMode>absolute</altitudeMode>
		</LookAt>
		<styleUrl>#__managed_style_08855A3D8E2A0419A6C0</styleUrl>
		<Point>
			<coordinates>104.5103634561281,17.28719110718769,190.7092676014828</coordinates>
		</Point>
	</Placemark>
	<Placemark id="01FC8F90EC2A02FC0840">
		<name>LT86-SG-22-0501-209+970</name>
		<LookAt>
			<longitude>104.5106355405425</longitude>
			<latitude>17.28720833918386</latitude>
			<altitude>190.252821563065</altitude>
			<heading>344.100662238684</heading>
			<tilt>0</tilt>
			<gx:fovy>35</gx:fovy>
			<range>111.0265996323324</range>
			<altitudeMode>absolute</altitudeMode>
		</LookAt>
		<styleUrl>#__managed_style_08855A3D8E2A0419A6C0</styleUrl>
		<Point>
			<coordinates>104.510684563775,17.28729020688529,190.6693113669277</coordinates>
		</Point>
	</Placemark>
	<Placemark id="057D83F89B2A02FC7174">
		<name>LT87-SG-22-0501-210-005</name>
		<LookAt>
			<longitude>104.5109275710856</longitude>
			<latitude>17.28728244652646</latitude>
			<altitude>190.5280537220779</altitude>
			<heading>344.1007487841981</heading>
			<tilt>0</tilt>
			<gx:fovy>35</gx:fovy>
			<range>110.7513656399351</range>
			<altitudeMode>absolute</altitudeMode>
		</LookAt>
		<styleUrl>#__managed_style_08855A3D8E2A0419A6C0</styleUrl>
		<Point>
			<coordinates>104.5110042685829,17.28737477975967,191.0540561232476</coordinates>
		</Point>
	</Placemark>
	<Placemark id="010E6309A32A03008447">
		<name>LT41-SG-22-0501-207+417</name>
		<LookAt>
			<longitude>104.4868982381333</longitude>
			<latitude>17.28695566143121</latitude>
			<altitude>190.2357263576661</altitude>
			<heading>27.84439316853468</heading>
			<tilt>0</tilt>
			<gx:fovy>35</gx:fovy>
			<range>68.25348151064647</range>
			<altitudeMode>absolute</altitudeMode>
		</LookAt>
		<styleUrl>#__managed_style_08855A3D8E2A0419A6C0</styleUrl>
		<Point>
			<coordinates>104.4869032284301,17.28701070924897,190.1303705826925</coordinates>
		</Point>
	</Placemark>
	<Placemark id="054B2730B82A03013184">
		<name>LT42-SG-22-0501-207+452</name>
		<LookAt>
			<longitude>104.4872170583193</longitude>
			<latitude>17.28691719854887</latitude>
			<altitude>191.0632044117756</altitude>
			<heading>7.314156720550823</heading>
			<tilt>0.06188093082273311</tilt>
			<gx:fovy>35</gx:fovy>
			<range>47.48517332392567</range>
			<altitudeMode>absolute</altitudeMode>
		</LookAt>
		<styleUrl>#__managed_style_08855A3D8E2A0419A6C0</styleUrl>
		<Point>
			<coordinates>104.4872363059362,17.28701527401269,190.8674553158733</coordinates>
		</Point>
	</Placemark>
	<Placemark id="01561AB6192A030248AE">
		<name>LT43-SG-22-0501-207+522</name>
		<LookAt>
			<longitude>104.4878808303907</longitude>
			<latitude>17.28687104439874</latitude>
			<altitude>192.442628009907</altitude>
			<heading>348.5338357131324</heading>
			<tilt>0</tilt>
			<gx:fovy>35</gx:fovy>
			<range>73.80003748623494</range>
			<altitudeMode>absolute</altitudeMode>
		</LookAt>
		<styleUrl>#__managed_style_08855A3D8E2A0419A6C0</styleUrl>
		<Point>
			<coordinates>104.4878879750012,17.28691048207125,192.6657630640674</coordinates>
		</Point>
	</Placemark>
	<Placemark id="0E1EC54FD32A03035C88">
		<name>LT44-SG-22-0501-207+557</name>
		<LookAt>
			<longitude>104.4882645341195</longitude>
			<latitude>17.28695679652652</latitude>
			<altitude>193.0464967351829</altitude>
			<heading>182.8225001723095</heading>
			<tilt>0</tilt>
			<gx:fovy>35.0000003331552</gx:fovy>
			<range>90.41332351052915</range>
			<altitudeMode>absolute</altitudeMode>
		</LookAt>
		<styleUrl>#__managed_style_08855A3D8E2A0419A6C0</styleUrl>
		<Point>
			<coordinates>104.4882521907643,17.28691693058825,193.2624452055171</coordinates>
		</Point>
	</Placemark>
	<Placemark id="0A46BFDC162A0304F550">
		<name>LT/LT45-SG-22-0501-207+584</name>
		<LookAt>
			<longitude>104.4885036056038</longitude>
			<latitude>17.28696474197559</latitude>
			<altitude>193.0464860588314</altitude>
			<heading>182.8222775038392</heading>
			<tilt>0</tilt>
			<gx:fovy>35.00000057268733</gx:fovy>
			<range>90.41466201689219</range>
			<altitudeMode>absolute</altitudeMode>
		</LookAt>
		<styleUrl>#__managed_style_08855A3D8E2A0419A6C0</styleUrl>
		<Point>
			<coordinates>104.4887655714862,17.28695080611608,193.2624456077266</coordinates>
		</Point>
	</Placemark>
	<Placemark id="0E93B778E52A03063163">
		<name>LT/LT46-SG-22-0501-207+592</name>
		<LookAt>
			<longitude>104.4894638787524</longitude>
			<latitude>17.28689159640961</latitude>
			<altitude>191.9358882882446</altitude>
			<heading>182.8229712668862</heading>
			<tilt>0</tilt>
			<gx:fovy>35.00000057268337</gx:fovy>
			<range>91.72613750466553</range>
			<altitudeMode>absolute</altitudeMode>
		</LookAt>
		<styleUrl>#__managed_style_08855A3D8E2A0419A6C0</styleUrl>
		<Point>
			<altitudeMode>relativeToGround</altitudeMode>
			<coordinates>104.4885463650307,17.28698825757072,0</coordinates>
		</Point>
	</Placemark>
	<Placemark id="0C39471F782A0307536C">
		<name>LT/LT47-SG-22-0501-207+662</name>
		<LookAt>
			<longitude>104.4893952644305</longitude>
			<latitude>17.28693193160845</latitude>
			<altitude>192.1740948264327</altitude>
			<heading>182.8225405307576</heading>
			<tilt>0</tilt>
			<gx:fovy>35.00000057268733</gx:fovy>
			<range>91.36162339953444</range>
			<altitudeMode>absolute</altitudeMode>
		</LookAt>
		<styleUrl>#__managed_style_08855A3D8E2A0419A6C0</styleUrl>
		<Point>
			<altitudeMode>relativeToGround</altitudeMode>
			<coordinates>104.4891601722154,17.28693292378323,0</coordinates>
		</Point>
	</Placemark>
	<Placemark id="02CDB3FC292A030BD67D">
		<name>LT/LT48-SG-22-0501-207+697</name>
		<LookAt>
			<longitude>104.4894873098168</longitude>
			<latitude>17.28687528319425</latitude>
			<altitude>191.8336436698736</altitude>
			<heading>15.1601994371655</heading>
			<tilt>0.163259092725357</tilt>
			<gx:fovy>35</gx:fovy>
			<range>39.67969954273485</range>
			<altitudeMode>absolute</altitudeMode>
		</LookAt>
		<styleUrl>#__managed_style_08855A3D8E2A0419A6C0</styleUrl>
		<Point>
			<coordinates>104.4894788348079,17.28690819739626,192.0478167508345</coordinates>
		</Point>
	</Placemark>
	<Placemark id="061FDCAF1E2A030D0F71">
		<name>LT/LT49-SG-22-0501-206+620</name>
		<LookAt>
			<longitude>104.4897039291859</longitude>
			<latitude>17.28681476367601</latitude>
			<altitude>191.1932999473689</altitude>
			<heading>15.16027763430482</heading>
			<tilt>0</tilt>
			<gx:fovy>35</gx:fovy>
			<range>83.17854016957426</range>
			<altitudeMode>absolute</altitudeMode>
		</LookAt>
		<styleUrl>#__managed_style_08855A3D8E2A0419A6C0</styleUrl>
		<Point>
			<coordinates>104.489849069767,17.2869002098382,191.2560216141031</coordinates>
		</Point>
	</Placemark>
	<Placemark id="029C6445722A030D8F4E">
		<name>LT/LT50-SG-22-0501-207+767</name>
		<LookAt>
			<longitude>104.490064086124</longitude>
			<latitude>17.28679308389775</latitude>
			<altitude>191.6556443553252</altitude>
			<heading>15.16038465692602</heading>
			<tilt>0</tilt>
			<gx:fovy>35</gx:fovy>
			<range>82.71618762314574</range>
			<altitudeMode>absolute</altitudeMode>
		</LookAt>
		<styleUrl>#__managed_style_08855A3D8E2A0419A6C0</styleUrl>
		<Point>
			<coordinates>104.4901894730185,17.28688565081061,192.0321347820614</coordinates>
		</Point>
	</Placemark>
	<Placemark id="04BA4A4C832A030DF8B5">
		<name>LT/LT51-SG-22-0501-207+805</name>
		<LookAt>
			<longitude>104.4904808022802</longitude>
			<latitude>17.28674195758451</latitude>
			<altitude>191.8598178411301</altitude>
			<heading>15.16050848616984</heading>
			<tilt>0</tilt>
			<gx:fovy>35</gx:fovy>
			<range>82.51201035598569</range>
			<altitudeMode>absolute</altitudeMode>
		</LookAt>
		<styleUrl>#__managed_style_08855A3D8E2A0419A6C0</styleUrl>
		<Point>
			<coordinates>104.4905748653356,17.28686014595993,192.8421087536451</coordinates>
		</Point>
	</Placemark>
	<Placemark id="0F317F85CB2A030EAEAD">
		<name>LT/LT52-SG-22-0501-207+837</name>
		<LookAt>
			<longitude>104.4907904148475</longitude>
			<latitude>17.28673722629699</latitude>
			<altitude>192.9724546944063</altitude>
			<heading>15.16060048912299</heading>
			<tilt>0</tilt>
			<gx:fovy>35</gx:fovy>
			<range>81.39936969871997</range>
			<altitudeMode>absolute</altitudeMode>
		</LookAt>
		<styleUrl>#__managed_style_08855A3D8E2A0419A6C0</styleUrl>
		<Point>
			<coordinates>104.4908435000249,17.28683398769988,193.7770193644714</coordinates>
		</Point>
	</Placemark>
	<Placemark id="0F5C9A67922A030F58A9">
		<name>LT/LT53-SG-22-0501-207+872</name>
		<LookAt>
			<longitude>104.4910944941836</longitude>
			<latitude>17.28671269841619</latitude>
			<altitude>193.229667661931</altitude>
			<heading>15.16069084749901</heading>
			<tilt>0</tilt>
			<gx:fovy>35</gx:fovy>
			<range>81.14215628982492</range>
			<altitudeMode>absolute</altitudeMode>
		</LookAt>
		<styleUrl>#__managed_style_08855A3D8E2A0419A6C0</styleUrl>
		<Point>
			<coordinates>104.4911653775651,17.28682624992877,194.0905354556177</coordinates>
		</Point>
	</Placemark>
	<Placemark id="0CEEF902FA2A030FD77C">
		<name>LT/LT54-SG-22-0501-207+907</name>
		<LookAt>
			<longitude>104.4913842235065</longitude>
			<latitude>17.2867200692618</latitude>
			<altitude>192.4572338981293</altitude>
			<heading>15.16077694177436</heading>
			<tilt>0</tilt>
			<gx:fovy>35</gx:fovy>
			<range>81.91459034928812</range>
			<altitudeMode>absolute</altitudeMode>
		</LookAt>
		<styleUrl>#__managed_style_08855A3D8E2A0419A6C0</styleUrl>
		<Point>
			<coordinates>104.4915055247664,17.28681323194409,192.8528863105272</coordinates>
		</Point>
	</Placemark>
	<Placemark id="0798AC6B7B2A03105873">
		<name>LT/LT55-SG-22-0501-207+942</name>
		<LookAt>
			<longitude>104.4916866925153</longitude>
			<latitude>17.28669950183389</latitude>
			<altitude>191.1943626835878</altitude>
			<heading>15.16086682172452</heading>
			<tilt>0</tilt>
			<gx:fovy>35</gx:fovy>
			<range>83.17747400000371</range>
			<altitudeMode>absolute</altitudeMode>
		</LookAt>
		<styleUrl>#__managed_style_08855A3D8E2A0419A6C0</styleUrl>
		<Point>
			<coordinates>104.4918348819378,17.28679984773216,190.9153610952874</coordinates>
		</Point>
	</Placemark>
	<Placemark id="0BBB96B9932A0310F1D5">
		<name>LT/LT56-SG-22-0501-207977</name>
		<LookAt>
			<longitude>104.4919473615083</longitude>
			<latitude>17.2867449574078</latitude>
			<altitude>189.9048502431332</altitude>
			<heading>15.16094428043057</heading>
			<tilt>0</tilt>
			<gx:fovy>35</gx:fovy>
			<range>84.46698871238368</range>
			<altitudeMode>absolute</altitudeMode>
		</LookAt>
		<styleUrl>#__managed_style_08855A3D8E2A0419A6C0</styleUrl>
		<Point>
			<coordinates>104.492165984518,17.28678244254269,190.0836387524857</coordinates>
		</Point>
	</Placemark>
	<Placemark id="09A8F702392A0311BFF4">
		<name>LT/LT57-SG-22-0501-208+012</name>
		<LookAt>
			<longitude>104.4924809598956</longitude>
			<latitude>17.28669524285514</latitude>
			<altitude>189.9962547857089</altitude>
			<heading>15.16110284356524</heading>
			<tilt>0</tilt>
			<gx:fovy>34.99999999999999</gx:fovy>
			<range>84.38336393389363</range>
			<altitudeMode>absolute</altitudeMode>
		</LookAt>
		<styleUrl>#__managed_style_08855A3D8E2A0419A6C0</styleUrl>
		<Point>
			<coordinates>104.49257368278,17.28680675601192,190.4167800793618</coordinates>
		</Point>
	</Placemark>
	<Placemark id="0F5D189CA32A03129D7F">
		<name>LT/LT58-SG-22-0501-208+047</name>
		<LookAt>
			<longitude>104.4927676462164</longitude>
			<latitude>17.28666351899628</latitude>
			<altitude>189.2889138894022</altitude>
			<heading>15.16118803225135</heading>
			<tilt>0</tilt>
			<gx:fovy>34.99999999999999</gx:fovy>
			<range>85.09835810774348</range>
			<altitudeMode>absolute</altitudeMode>
		</LookAt>
		<styleUrl>#__managed_style_08855A3D8E2A0419A6C0</styleUrl>
		<Point>
			<coordinates>104.4928560381698,17.2867782094278,189.8543826760983</coordinates>
		</Point>
	</Placemark>
	<Placemark id="06D1A2A6582A03132D61">
		<name>LT/LT59-SG-22-0501-208+082</name>
		<LookAt>
			<longitude>104.4930733404692</longitude>
			<latitude>17.28660979865687</latitude>
			<altitude>189.1362143109104</altitude>
			<heading>-5.47526876582286</heading>
			<tilt>58.80234082731326</tilt>
			<gx:fovy>35</gx:fovy>
			<range>83.04416803728601</range>
			<altitudeMode>absolute</altitudeMode>
		</LookAt>
		<styleUrl>#__managed_style_08855A3D8E2A0419A6C0</styleUrl>
		<Point>
			<coordinates>104.4931500781067,17.28673807118317,189.8644982087602</coordinates>
		</Point>
	</Placemark>
	<Placemark id="062A00B19E2A03143618">
		<name>LT/LT60-SG-22-0501-206+999</name>
		<LookAt>
			<longitude>104.4934749512525</longitude>
			<latitude>17.28665654355371</latitude>
			<altitude>191.0180661445357</altitude>
			<heading>6.103914192198462</heading>
			<tilt>0</tilt>
			<gx:fovy>35</gx:fovy>
			<range>59.17012237755443</range>
			<altitudeMode>absolute</altitudeMode>
		</LookAt>
		<styleUrl>#__managed_style_08855A3D8E2A0419A6C0</styleUrl>
		<Point>
			<coordinates>104.4934635999474,17.28671946106498,191.205315674263</coordinates>
		</Point>
	</Placemark>
	<Placemark id="0888B2D37B2A031ED748">
		<name>LT/LT61-SG-22-0501-207+034</name>
		<LookAt>
			<longitude>104.4937314510377</longitude>
			<latitude>17.28665014846304</latitude>
			<altitude>192.3665310480375</altitude>
			<heading>359.9609083999061</heading>
			<tilt>0</tilt>
			<gx:fovy>35</gx:fovy>
			<range>75.84741334248066</range>
			<altitudeMode>absolute</altitudeMode>
		</LookAt>
		<styleUrl>#__managed_style_08855A3D8E2A0419A6C0</styleUrl>
		<Point>
			<coordinates>104.4937991823257,17.28669437082998,192.9800905337294</coordinates>
		</Point>
	</Placemark>
	<Placemark id="013C0F29432A031F9DFC">
		<name>LT/LT62-SG-22-0501-208+187</name>
		<LookAt>
			<longitude>104.4940408813756</longitude>
			<latitude>17.28659897382963</latitude>
			<altitude>192.4402478823671</altitude>
			<heading>359.9609081312174</heading>
			<tilt>0</tilt>
			<gx:fovy>35</gx:fovy>
			<range>75.77368539891724</range>
			<altitudeMode>absolute</altitudeMode>
		</LookAt>
		<styleUrl>#__managed_style_08855A3D8E2A0419A6C0</styleUrl>
		<Point>
			<coordinates>104.4941259523764,17.28667857507937,193.0883356822326</coordinates>
		</Point>
	</Placemark>
	<Placemark id="00B8BB57052A0320615C">
		<name>LT/LT63-SG-22-0501-208+222</name>
		<LookAt>
			<longitude>104.4944750985846</longitude>
			<latitude>17.28661818531484</latitude>
			<altitude>191.0119354431613</altitude>
			<heading>20.80569028127643</heading>
			<tilt>0.09245913390999112</tilt>
			<gx:fovy>35</gx:fovy>
			<range>44.9329343068257</range>
			<altitudeMode>absolute</altitudeMode>
		</LookAt>
		<styleUrl>#__managed_style_08855A3D8E2A0419A6C0</styleUrl>
		<Point>
			<coordinates>104.4944797142548,17.28666597885431,191.1907457314169</coordinates>
		</Point>
	</Placemark>
	<Placemark id="0FD721CD612A03214584">
		<name>LT/LT64-SG-22-0501-208+257</name>
		<Camera>
			<gx:ViewerOptions>
				<gx:option name="streetview"></gx:option>
				<gx:streetViewPanoId>JqmCqa7CjOwsCqYMTfdVkA</gx:streetViewPanoId>
			</gx:ViewerOptions>
			<longitude>104.4948236265678</longitude>
			<latitude>17.28660117964264</latitude>
			<altitude>193.3975372310112</altitude>
			<heading>329.1618276296643</heading>
			<tilt>65.07680257289879</tilt>
			<roll>0</roll>
			<gx:fovy>59.99999999999591</gx:fovy>
			<altitudeMode>absolute</altitudeMode>
		</Camera>
		<styleUrl>#__managed_style_08855A3D8E2A0419A6C0</styleUrl>
		<Point>
			<altitudeMode>relativeToGround</altitudeMode>
			<coordinates>104.4948038201561,17.2866764780603,0</coordinates>
		</Point>
	</Placemark>
	<Placemark id="0B0F4D688C2A0326DFE7">
		<name>LT88-SG-22-0501-208+921</name>
		<LookAt>
			<longitude>104.5111074276724</longitude>
			<latitude>17.28743283239001</latitude>
			<altitude>191.0805051231473</altitude>
			<heading>4.530191130765854</heading>
			<tilt>0</tilt>
			<gx:fovy>35.00000000000001</gx:fovy>
			<range>100.5746959674434</range>
			<altitudeMode>absolute</altitudeMode>
		</LookAt>
		<styleUrl>#__managed_style_08855A3D8E2A0419A6C0</styleUrl>
		<Point>
			<coordinates>104.5113128160303,17.28745569128387,191.8433906848169</coordinates>
		</Point>
	</Placemark>
	<Placemark id="051A7407EE2A03276F75">
		<name>LT89-SG-22-0501-210+075</name>
		<LookAt>
			<longitude>104.5115707210979</longitude>
			<latitude>17.28749104211825</latitude>
			<altitude>191.9242399813799</altitude>
			<heading>4.530191130763868</heading>
			<tilt>0</tilt>
			<gx:fovy>35.00000000000001</gx:fovy>
			<range>99.73096181794975</range>
			<altitudeMode>absolute</altitudeMode>
		</LookAt>
		<styleUrl>#__managed_style_08855A3D8E2A0419A6C0</styleUrl>
		<Point>
			<coordinates>104.5116166536783,17.28761624490959,192.1339580909834</coordinates>
		</Point>
	</Placemark>
	<Placemark id="01DACBA1F02A0327E027">
		<name>LT90-SG-22-0501-210+110</name>
		<LookAt>
			<longitude>104.5118188040765</longitude>
			<latitude>17.28750212334641</latitude>
			<altitude>190.9178460294877</altitude>
			<heading>4.530191130762579</heading>
			<tilt>0</tilt>
			<gx:fovy>35.00000000000001</gx:fovy>
			<range>100.7373447709506</range>
			<altitudeMode>absolute</altitudeMode>
		</LookAt>
		<styleUrl>#__managed_style_08855A3D8E2A0419A6C0</styleUrl>
		<Point>
			<coordinates>104.5119475612748,17.2876377663447,190.7923474696079</coordinates>
		</Point>
	</Placemark>
	<Placemark id="08745115952A03325A79">
		<name>LT/LT91-SG-22-0501-210+145</name>
		<LookAt>
			<longitude>104.5122602295794</longitude>
			<latitude>17.28763518212462</latitude>
			<altitude>190.1192122855842</altitude>
			<heading>330.5148757664243</heading>
			<tilt>0</tilt>
			<gx:fovy>35</gx:fovy>
			<range>81.01800547885433</range>
			<altitudeMode>absolute</altitudeMode>
		</LookAt>
		<styleUrl>#__managed_style_08855A3D8E2A0419A6C0</styleUrl>
		<Point>
			<coordinates>104.5122637776691,17.28772559036133,190.3736701166689</coordinates>
		</Point>
	</Placemark>
	<Placemark id="0ABB1977AC2A0332EFF4">
		<name>LT/LT92-SG-22-0501-210+180</name>
		<LookAt>
			<longitude>104.5124556447386</longitude>
			<latitude>17.28769874604537</latitude>
			<altitude>190.464107446915</altitude>
			<heading>330.5149335513571</heading>
			<tilt>0</tilt>
			<gx:fovy>35</gx:fovy>
			<range>80.67310541718143</range>
			<altitudeMode>absolute</altitudeMode>
		</LookAt>
		<styleUrl>#__managed_style_08855A3D8E2A0419A6C0</styleUrl>
		<Point>
			<coordinates>104.5126027481632,17.28782337330547,190.3736795600966</coordinates>
		</Point>
	</Placemark>
	<Placemark id="01127BA64D2A0334278B">
		<name>LT/LT93-SG-22-0501-210+215</name>
		<LookAt>
			<longitude>104.5128735189181</longitude>
			<latitude>17.28781798692818</latitude>
			<altitude>190.9717584341483</altitude>
			<heading>330.5150498763304</heading>
			<tilt>0</tilt>
			<gx:fovy>35</gx:fovy>
			<range>55.82498637795652</range>
			<altitudeMode>absolute</altitudeMode>
		</LookAt>
		<styleUrl>#__managed_style_08855A3D8E2A0419A6C0</styleUrl>
		<Point>
			<coordinates>104.5128993669344,17.28792658670707,191.2511980335912</coordinates>
		</Point>
	</Placemark>
	<Placemark id="0DF716A9C92A0335C2EE">
		<name>LT94-SG-22-0501-210+250</name>
		<LookAt>
			<longitude>104.5129940930231</longitude>
			<latitude>17.28777653688824</latitude>
			<altitude>190.758622150583</altitude>
			<heading>104.9278513275003</heading>
			<tilt>0</tilt>
			<gx:fovy>35</gx:fovy>
			<range>94.70455752719319</range>
			<altitudeMode>absolute</altitudeMode>
		</LookAt>
		<styleUrl>#__managed_style_08855A3D8E2A0419A6C0</styleUrl>
		<Point>
			<coordinates>104.5132288097503,17.28791886716494,190.3445101771469</coordinates>
		</Point>
	</Placemark>
	<Placemark id="09F57D50FD2A0336C2FD">
		<name>LT95-SG-22-0501-210+285</name>
		<LookAt>
			<longitude>104.5133134174733</longitude>
			<latitude>17.28793886140522</latitude>
			<altitude>189.6178661825533</altitude>
			<heading>107.3628118358093</heading>
			<tilt>8.306291589511998</tilt>
			<gx:fovy>35</gx:fovy>
			<range>93.95459415030929</range>
			<altitudeMode>absolute</altitudeMode>
		</LookAt>
		<styleUrl>#__managed_style_08855A3D8E2A0419A6C0</styleUrl>
		<Point>
			<coordinates>104.5135643094712,17.2880071736119,188.9459312198748</coordinates>
		</Point>
	</Placemark>
	<Placemark id="0C5F179F0C2A0337C561">
		<name>LT/LT96-SG-22-0501-209+193</name>
		<LookAt>
			<longitude>104.5137354922004</longitude>
			<latitude>17.28799568548988</latitude>
			<altitude>189.2294190034756</altitude>
			<heading>-4.866652314816975</heading>
			<tilt>53.36517639703666</tilt>
			<gx:fovy>35</gx:fovy>
			<range>44.31360567433331</range>
			<altitudeMode>absolute</altitudeMode>
		</LookAt>
		<styleUrl>#__managed_style_08855A3D8E2A0419A6C0</styleUrl>
		<Point>
			<coordinates>104.5138177507512,17.28816418498856,188.4814838954439</coordinates>
		</Point>
	</Placemark>
	<Placemark id="039E56530C2A03391D42">
		<name>LT/LT97-SG-22-0501-209+235</name>
		<LookAt>
			<longitude>104.5141499001184</longitude>
			<latitude>17.28815104890636</latitude>
			<altitude>189.6098540214433</altitude>
			<heading>355.1333469604765</heading>
			<tilt>0</tilt>
			<gx:fovy>35</gx:fovy>
			<range>118.7945604689594</range>
			<altitudeMode>absolute</altitudeMode>
		</LookAt>
		<styleUrl>#__managed_style_08855A3D8E2A0419A6C0</styleUrl>
		<Point>
			<coordinates>104.5142036353302,17.28822461351568,188.9816773313316</coordinates>
		</Point>
	</Placemark>
	<Placemark id="0BFB87456C2A033B87AC">
		<name>LT98-SG-22-0501-210+460</name>
		<LookAt>
			<longitude>104.5148172325849</longitude>
			<latitude>17.28828886200371</latitude>
			<altitude>184.8506037790961</altitude>
			<heading>75.13046568698118</heading>
			<tilt>0</tilt>
			<gx:fovy>35</gx:fovy>
			<range>73.66978517223289</range>
			<altitudeMode>absolute</altitudeMode>
		</LookAt>
		<styleUrl>#__managed_style_08855A3D8E2A0419A6C0</styleUrl>
		<Point>
			<coordinates>104.5151869345747,17.28844523005521,185.1089194005621</coordinates>
		</Point>
	</Placemark>
	<Placemark id="07195B9DC52A033E17EB">
		<name>LT99-SG-22-0501-210+495</name>
		<LookAt>
			<longitude>104.5155182406144</longitude>
			<latitude>17.28842515992397</latitude>
			<altitude>184.399182881483</altitude>
			<heading>35.13738635266643</heading>
			<tilt>0</tilt>
			<gx:fovy>35</gx:fovy>
			<range>116.1511668507774</range>
			<altitudeMode>absolute</altitudeMode>
		</LookAt>
		<styleUrl>#__managed_style_08855A3D8E2A0419A6C0</styleUrl>
		<Point>
			<coordinates>104.5154953638463,17.28853534712859,184.7749395856782</coordinates>
		</Point>
	</Placemark>
	<Placemark id="0076A40A8F2A033EDD60">
		<name>LT100-SG-22-0501-210+530</name>
		<LookAt>
			<longitude>104.5157611190549</longitude>
			<latitude>17.2885360729597</latitude>
			<altitude>185.0049795773045</altitude>
			<heading>35.13741907501927</heading>
			<tilt>0</tilt>
			<gx:fovy>35</gx:fovy>
			<range>93.73509069557259</range>
			<altitudeMode>absolute</altitudeMode>
		</LookAt>
		<styleUrl>#__managed_style_08855A3D8E2A0419A6C0</styleUrl>
		<Point>
			<coordinates>104.5158372485805,17.28864498576769,185.6390056768841</coordinates>
		</Point>
	</Placemark>
	<Placemark id="04751111862A033F98AE">
		<name>LT101-SG-22-0501-210+565</name>
		<LookAt>
			<longitude>104.5160167866296</longitude>
			<latitude>17.28857530201055</latitude>
			<altitude>185.678575338958</altitude>
			<heading>35.13750088054653</heading>
			<tilt>0.1855550858925295</tilt>
			<gx:fovy>35</gx:fovy>
			<range>60.39246261258997</range>
			<altitudeMode>absolute</altitudeMode>
		</LookAt>
		<styleUrl>#__managed_style_08855A3D8E2A0419A6C0</styleUrl>
		<Point>
			<coordinates>104.5161396032326,17.28869317904807,186.4030520490595</coordinates>
		</Point>
	</Placemark>
	<Placemark id="0A0CAB3EF82A034001B0">
		<name>LT102-SG-22-0501-210+600</name>
		<LookAt>
			<longitude>104.5163715090562</longitude>
			<latitude>17.28864695534205</latitude>
			<altitude>186.0953035223226</altitude>
			<heading>35.13762247119217</heading>
			<tilt>0.1855559613336655</tilt>
			<gx:fovy>35</gx:fovy>
			<range>90.47585667360181</range>
			<altitudeMode>absolute</altitudeMode>
		</LookAt>
		<styleUrl>#__managed_style_08855A3D8E2A0419A6C0</styleUrl>
		<Point>
			<coordinates>104.5164318087061,17.28879364849858,186.8361228059968</coordinates>
		</Point>
	</Placemark>
	<Placemark id="0D8BA2B6112A03409C0C">
		<name>LT103-SG-22-0501-210+635</name>
		<LookAt>
			<longitude>104.5167385099337</longitude>
			<latitude>17.28874007297961</latitude>
			<altitude>185.7923785033383</altitude>
			<heading>35.13773153923593</heading>
			<tilt>0</tilt>
			<gx:fovy>35</gx:fovy>
			<range>90.77878210283417</range>
			<altitudeMode>absolute</altitudeMode>
		</LookAt>
		<styleUrl>#__managed_style_08855A3D8E2A0419A6C0</styleUrl>
		<Point>
			<coordinates>104.5167437449151,17.28891067492463,187.2620964417952</coordinates>
		</Point>
	</Placemark>
	<Placemark id="0838B77F542A034141F1">
		<name>LT104-SG-22-0501-210+670</name>
		<LookAt>
			<longitude>104.5169981503014</longitude>
			<latitude>17.28890892844668</latitude>
			<altitude>186.83029763025</altitude>
			<heading>35.13780870140776</heading>
			<tilt>0</tilt>
			<gx:fovy>35</gx:fovy>
			<range>89.74085443710466</range>
			<altitudeMode>absolute</altitudeMode>
		</LookAt>
		<styleUrl>#__managed_style_08855A3D8E2A0419A6C0</styleUrl>
		<Point>
			<coordinates>104.5170281826014,17.28904376156175,187.8000457610082</coordinates>
		</Point>
	</Placemark>
	<Placemark id="086EA8BB592A0341FC95">
		<name>LT105-SG-22-0501-210+705</name>
		<LookAt>
			<longitude>104.5172266261605</longitude>
			<latitude>17.28903651649372</latitude>
			<altitude>187.5325536690848</altitude>
			<heading>35.13787660217664</heading>
			<tilt>0</tilt>
			<gx:fovy>35</gx:fovy>
			<range>89.03859635410301</range>
			<altitudeMode>absolute</altitudeMode>
		</LookAt>
		<styleUrl>#__managed_style_08855A3D8E2A0419A6C0</styleUrl>
		<Point>
			<coordinates>104.5173094531292,17.28920240579153,188.8709628978462</coordinates>
		</Point>
	</Placemark>
	<Placemark id="0E3ECF40082A03428802">
		<name>LT106-SG-22-0501-210+740</name>
		<Camera>
			<gx:ViewerOptions>
				<gx:option name="streetview"></gx:option>
				<gx:streetViewPanoId>8d5M4ne2jpUd-lkZC3d8pQ</gx:streetViewPanoId>
			</gx:ViewerOptions>
			<longitude>104.517815696275</longitude>
			<latitude>17.2894516928303</latitude>
			<altitude>191.4499206539512</altitude>
			<heading>11.66390919563608</heading>
			<tilt>76.94551570871714</tilt>
			<roll>0</roll>
			<gx:fovy>59.99999999999999</gx:fovy>
			<altitudeMode>absolute</altitudeMode>
		</Camera>
		<styleUrl>#__managed_style_08855A3D8E2A0419A6C0</styleUrl>
		<Point>
			<altitudeMode>relativeToGround</altitudeMode>
			<coordinates>104.5176004747644,17.28936343259609,0</coordinates>
		</Point>
	</Placemark>
	<Placemark id="05D5346AAD2A03434B08">
		<name>LT107-SG-22-0501-210+775</name>
		<LookAt>
			<longitude>104.5177797999743</longitude>
			<latitude>17.28931074121</latitude>
			<altitude>187.6067864044655</altitude>
			<heading>11.66390537880457</heading>
			<tilt>0</tilt>
			<gx:fovy>35</gx:fovy>
			<range>115.1466381057253</range>
			<altitudeMode>absolute</altitudeMode>
		</LookAt>
		<styleUrl>#__managed_style_08855A3D8E2A0419A6C0</styleUrl>
		<Point>
			<coordinates>104.5178505697546,17.28955963702134,188.3176255485854</coordinates>
		</Point>
	</Placemark>
	<Placemark id="0DC40AF7BC2A03441F00">
		<name>LT108-SG-22-0501-210+810</name>
		<LookAt>
			<longitude>104.5181112060047</longitude>
			<latitude>17.28973619383039</latitude>
			<altitude>187.0195707376462</altitude>
			<heading>-97.42145640490372</heading>
			<tilt>0.3720267256600652</tilt>
			<gx:fovy>35</gx:fovy>
			<range>70.49066452244917</range>
			<altitudeMode>absolute</altitudeMode>
		</LookAt>
		<styleUrl>#__managed_style_08855A3D8E2A0419A6C0</styleUrl>
		<Point>
			<coordinates>104.5181015900626,17.28976385828646,187.1862842500813</coordinates>
		</Point>
	</Placemark>
	<Placemark id="047AA77AEE2A034514CB">
		<name>LT110-SG-22-0501-210+880</name>
		<Camera>
			<gx:ViewerOptions>
				<gx:option name="streetview"></gx:option>
				<gx:streetViewPanoId>DbIwqcVDCf656qCKf_41XA</gx:streetViewPanoId>
			</gx:ViewerOptions>
			<longitude>104.5186016567381</longitude>
			<latitude>17.29012320555737</latitude>
			<altitude>191.6959288289144</altitude>
			<heading>296.6368327583679</heading>
			<tilt>85</tilt>
			<roll>0</roll>
			<gx:fovy>60</gx:fovy>
			<altitudeMode>absolute</altitudeMode>
		</Camera>
		<styleUrl>#__managed_style_08855A3D8E2A0419A6C0</styleUrl>
		<Point>
			<altitudeMode>relativeToGround</altitudeMode>
			<coordinates>104.5185749648475,17.29020412055901,0</coordinates>
		</Point>
	</Placemark>
	<Placemark id="0CD5C0484E2A034602E9">
		<name>LT111-SG-22-0501-210+915</name>
		<LookAt>
			<longitude>104.5188327917338</longitude>
			<latitude>17.2903390364702</latitude>
			<altitude>188.2674183663914</altitude>
			<heading>296.5415199307458</heading>
			<tilt>0</tilt>
			<gx:fovy>35</gx:fovy>
			<range>168.7519173817964</range>
			<altitudeMode>absolute</altitudeMode>
		</LookAt>
		<styleUrl>#__managed_style_08855A3D8E2A0419A6C0</styleUrl>
		<Point>
			<coordinates>104.5187881904197,17.29042656005737,188.0785537216303</coordinates>
		</Point>
	</Placemark>
	<Placemark id="01A1FCB7B32A03468918">
		<name>LT112-SG-22-0501-210+950</name>
		<LookAt>
			<longitude>104.5191649921308</longitude>
			<latitude>17.29053227031241</latitude>
			<altitude>188.9011077582463</altitude>
			<heading>307.3632225670915</heading>
			<tilt>0</tilt>
			<gx:fovy>35</gx:fovy>
			<range>168.8126890473177</range>
			<altitudeMode>absolute</altitudeMode>
		</LookAt>
		<styleUrl>#__managed_style_08855A3D8E2A0419A6C0</styleUrl>
		<Point>
			<coordinates>104.5189754471135,17.29061264543603,188.4979576732541</coordinates>
		</Point>
	</Placemark>
	<Placemark id="09B44DA00C2A0346F8AE">
		<name>LT113-SG-22-0501-210+985</name>
		<LookAt>
			<longitude>104.5191649921253</longitude>
			<latitude>17.29053227031241</latitude>
			<altitude>188.901126621168</altitude>
			<heading>307.3632225670915</heading>
			<tilt>0</tilt>
			<gx:fovy>35</gx:fovy>
			<range>168.8126542809187</range>
			<altitudeMode>absolute</altitudeMode>
		</LookAt>
		<styleUrl>#__managed_style_08855A3D8E2A0419A6C0</styleUrl>
		<Point>
			<coordinates>104.5192144533689,17.29089923879182,188.4663968541191</coordinates>
		</Point>
	</Placemark>
	<Placemark id="069E27F55A2A034771C8">
		<name>LT114-SG-22-0501-211+020</name>
		<LookAt>
			<longitude>104.5191715625047</longitude>
			<latitude>17.29053974519758</latitude>
			<altitude>188.8573402555969</altitude>
			<heading>307.3632245206224</heading>
			<tilt>0</tilt>
			<gx:fovy>35</gx:fovy>
			<range>168.8767982871468</range>
			<altitudeMode>absolute</altitudeMode>
		</LookAt>
		<styleUrl>#__managed_style_08855A3D8E2A0419A6C0</styleUrl>
		<Point>
			<coordinates>104.5194291326235,17.29115993380675,188.0848425417232</coordinates>
		</Point>
	</Placemark>
	<Placemark id="0D487AFBC92A0348F097">
		<name>LT115-SG-22-0501-210+055</name>
		<LookAt>
			<longitude>104.5197003272664</longitude>
			<latitude>17.2912490412071</latitude>
			<altitude>187.7202426843266</altitude>
			<heading>298.4914904410077</heading>
			<tilt>0</tilt>
			<gx:fovy>35</gx:fovy>
			<range>84.63116144304877</range>
			<altitudeMode>absolute</altitudeMode>
		</LookAt>
		<styleUrl>#__managed_style_08855A3D8E2A0419A6C0</styleUrl>
		<Point>
			<coordinates>104.5196641845029,17.29139527245056,187.3412241419523</coordinates>
		</Point>
	</Placemark>
	<Placemark id="0F474605A32A0349B17B">
		<name>LT-116-SG-22-0501-210+090</name>
		<Camera>
			<gx:ViewerOptions>
				<gx:option name="streetview"></gx:option>
				<gx:streetViewPanoId>NZFl0bfUztmnjs08cWN-lA</gx:streetViewPanoId>
			</gx:ViewerOptions>
			<longitude>104.519858153276</longitude>
			<latitude>17.29150929057923</latitude>
			<altitude>190.6358032226562</altitude>
			<heading>290.9147984407271</heading>
			<tilt>65.64302761541185</tilt>
			<roll>0</roll>
			<gx:fovy>59.99999999999923</gx:fovy>
			<altitudeMode>absolute</altitudeMode>
		</Camera>
		<styleUrl>#__managed_style_08855A3D8E2A0419A6C0</styleUrl>
		<Point>
			<altitudeMode>relativeToGround</altitudeMode>
			<coordinates>104.5198107836481,17.29155424001421,0</coordinates>
		</Point>
	</Placemark>
	<Placemark id="09A1422A1D2A034AA801">
		<name>LT117-SG-22-0501-211+125</name>
		<Camera>
			<gx:ViewerOptions>
				<gx:option name="streetview"></gx:option>
				<gx:streetViewPanoId>NZFl0bfUztmnjs08cWN-lA</gx:streetViewPanoId>
			</gx:ViewerOptions>
			<longitude>104.519858153276</longitude>
			<latitude>17.29150929057923</latitude>
			<altitude>190.6358032226562</altitude>
			<heading>290.9292180535625</heading>
			<tilt>65.64618465242619</tilt>
			<roll>0</roll>
			<gx:fovy>59.99999999999923</gx:fovy>
			<altitudeMode>absolute</altitudeMode>
		</Camera>
		<styleUrl>#__managed_style_08855A3D8E2A0419A6C0</styleUrl>
		<Point>
			<altitudeMode>relativeToGround</altitudeMode>
			<coordinates>104.520070262098,17.29183756140109,0</coordinates>
		</Point>
	</Placemark>
	<Placemark id="0AC9A0805E2A034C8AA4">
		<name>LT118-SG-22-0501-211+160</name>
		<LookAt>
			<longitude>104.5201257339175</longitude>
			<latitude>17.29191311155857</latitude>
			<altitude>187.1874000217839</altitude>
			<heading>10.09903948606495</heading>
			<tilt>0</tilt>
			<gx:fovy>35</gx:fovy>
			<range>146.468544571726</range>
			<altitudeMode>absolute</altitudeMode>
		</LookAt>
		<styleUrl>#__managed_style_08855A3D8E2A0419A6C0</styleUrl>
		<Point>
			<coordinates>104.5202736553115,17.29209522561362,186.8236882079654</coordinates>
		</Point>
	</Placemark>
	<Placemark id="013C97670A2A034D0F22">
		<name>LT119-SG-22-0501-211+195</name>
		<LookAt>
			<longitude>104.5203213491655</longitude>
			<latitude>17.29209489667612</latitude>
			<altitude>186.5050707924365</altitude>
			<heading>10.09909763054516</heading>
			<tilt>0</tilt>
			<gx:fovy>35</gx:fovy>
			<range>147.1508699192782</range>
			<altitudeMode>absolute</altitudeMode>
		</LookAt>
		<styleUrl>#__managed_style_08855A3D8E2A0419A6C0</styleUrl>
		<Point>
			<coordinates>104.5205042683088,17.29233292829918,185.8977325852191</coordinates>
		</Point>
	</Placemark>
	<Placemark id="034DABFEDE2A034DC440">
		<name>LT120-SG-22-0501-211+230</name>
		<LookAt>
			<longitude>104.5205416574061</longitude>
			<latitude>17.29232465769273</latitude>
			<altitude>185.9634443657907</altitude>
			<heading>10.09916311552215</heading>
			<tilt>0</tilt>
			<gx:fovy>35</gx:fovy>
			<range>147.692495649917</range>
			<altitudeMode>absolute</altitudeMode>
		</LookAt>
		<styleUrl>#__managed_style_08855A3D8E2A0419A6C0</styleUrl>
		<Point>
			<coordinates>104.5206981801243,17.29257477768751,186.4993182845727</coordinates>
		</Point>
	</Placemark>
	<Placemark id="0BC0B1050A2A03537B83">
		<name>RT1-SG-22-0501-198+490</name>
		<LookAt>
			<longitude>104.4166010588578</longitude>
			<latitude>17.32126342411162</latitude>
			<altitude>183.9383562059393</altitude>
			<heading>44.9562887260744</heading>
			<tilt>0.1592093926197609</tilt>
			<gx:fovy>35</gx:fovy>
			<range>105.5653661943871</range>
			<altitudeMode>absolute</altitudeMode>
		</LookAt>
		<styleUrl>#__managed_style_08855A3D8E2A0419A6C0</styleUrl>
		<Point>
			<coordinates>104.4166457377928,17.32148854082138,184.3123973085051</coordinates>
		</Point>
	</Placemark>
	<Placemark id="0887A055DA2A0353F4FF">
		<name>RT2-SG-22-0501-198+525</name>
		<LookAt>
			<longitude>104.4168759051469</longitude>
			<latitude>17.32125404746565</latitude>
			<altitude>184.7975105817619</altitude>
			<heading>44.95637054683187</heading>
			<tilt>0.1592093710049523</tilt>
			<gx:fovy>35</gx:fovy>
			<range>104.7062073525194</range>
			<altitudeMode>absolute</altitudeMode>
		</LookAt>
		<styleUrl>#__managed_style_08855A3D8E2A0419A6C0</styleUrl>
		<Point>
			<coordinates>104.4169601497467,17.3212969777448,185.3818503019248</coordinates>
		</Point>
	</Placemark>
	<Placemark id="03F506A1992A0354F4A7">
		<name>RT3-SG-22-0501-198+560</name>
		<LookAt>
			<longitude>104.4172213075518</longitude>
			<latitude>17.32073313843239</latitude>
			<altitude>185.5845454211521</altitude>
			<heading>91.08972345847931</heading>
			<tilt>28.41591064890368</tilt>
			<gx:fovy>35</gx:fovy>
			<range>274.2930513960528</range>
			<altitudeMode>absolute</altitudeMode>
		</LookAt>
		<styleUrl>#__managed_style_08855A3D8E2A0419A6C0</styleUrl>
		<Point>
			<coordinates>104.4173467738348,17.32135718208124,185.0844759560842</coordinates>
		</Point>
	</Placemark>
	<Placemark id="0047BC29352A03575AA6">
		<name>RT4-SG-22-0501-198+595</name>
		<LookAt>
			<longitude>104.4174365194435</longitude>
			<latitude>17.32130702281646</latitude>
			<altitude>184.6200233062746</altitude>
			<heading>90.1736089213038</heading>
			<tilt>0</tilt>
			<gx:fovy>35</gx:fovy>
			<range>143.3518759634171</range>
			<altitudeMode>absolute</altitudeMode>
		</LookAt>
		<styleUrl>#__managed_style_08855A3D8E2A0419A6C0</styleUrl>
		<Point>
			<coordinates>104.4177198599661,17.32142584299696,185.0731115187779</coordinates>
		</Point>
	</Placemark>
	<Placemark id="0771C2E5FE2A0357DB5B">
		<name>RT5-SG-22-0501-198+630</name>
		<LookAt>
			<longitude>104.4178507771497</longitude>
			<latitude>17.32133888213897</latitude>
			<altitude>185.5251537691924</altitude>
			<heading>90.17373225845152</heading>
			<tilt>0</tilt>
			<gx:fovy>35</gx:fovy>
			<range>142.4467327644197</range>
			<altitudeMode>absolute</altitudeMode>
		</LookAt>
		<styleUrl>#__managed_style_08855A3D8E2A0419A6C0</styleUrl>
		<Point>
			<coordinates>104.4180069681076,17.32141722396398,185.9007655924179</coordinates>
		</Point>
	</Placemark>
	<Placemark id="0575CFA2AF2A0358E187">
		<name>RT-6-SG-22-198+665</name>
		<LookAt>
			<longitude>104.417889766035</longitude>
			<latitude>17.32141404539477</latitude>
			<altitude>185.3932805171039</altitude>
			<heading>89.06659403995964</heading>
			<tilt>0</tilt>
			<gx:fovy>35</gx:fovy>
			<range>212.5697136450253</range>
			<altitudeMode>absolute</altitudeMode>
		</LookAt>
		<styleUrl>#__managed_style_08855A3D8E2A0419A6C0</styleUrl>
		<Point>
			<coordinates>104.4183070083355,17.32144001893336,186.7476833663608</coordinates>
		</Point>
	</Placemark>
	<Placemark id="0F9D7741AC2A035ACF46">
		<name>RT7-SG-22-0501-198+700</name>
		<LookAt>
			<longitude>104.4183153123513</longitude>
			<latitude>17.32137970482327</latitude>
			<altitude>186.807954646567</altitude>
			<heading>89.06672073866734</heading>
			<tilt>0</tilt>
			<gx:fovy>35</gx:fovy>
			<range>211.1550456905024</range>
			<altitudeMode>absolute</altitudeMode>
		</LookAt>
		<styleUrl>#__managed_style_08855A3D8E2A0419A6C0</styleUrl>
		<Point>
			<coordinates>104.418636114588,17.32145402055025,187.645718064689</coordinates>
		</Point>
	</Placemark>
	<Placemark id="035898E7322A035B31A7">
		<name>RT8-SG-22-0501-198+735</name>
		<LookAt>
			<longitude>104.4187628062665</longitude>
			<latitude>17.32134593786562</latitude>
			<altitude>188.231094600735</altitude>
			<heading>89.066853972038</heading>
			<tilt>0</tilt>
			<gx:fovy>35</gx:fovy>
			<range>209.7319179122132</range>
			<altitudeMode>absolute</altitudeMode>
		</LookAt>
		<styleUrl>#__managed_style_08855A3D8E2A0419A6C0</styleUrl>
		<Point>
			<coordinates>104.4189694728916,17.32142275834035,188.1344112807157</coordinates>
		</Point>
	</Placemark>
	<Placemark id="0A7CBCEDAC2A035BA61E">
		<name>RT9-SG-22-0501-198+770</name>
		<LookAt>
			<longitude>104.4194033515266</longitude>
			<latitude>17.32134047025956</latitude>
			<altitude>188.3592252137519</altitude>
			<heading>89.06704468087277</heading>
			<tilt>0</tilt>
			<gx:fovy>35</gx:fovy>
			<range>209.6037921429525</range>
			<altitudeMode>absolute</altitudeMode>
		</LookAt>
		<styleUrl>#__managed_style_08855A3D8E2A0419A6C0</styleUrl>
		<Point>
			<coordinates>104.4193298755716,17.32136737874982,188.565166760701</coordinates>
		</Point>
	</Placemark>
	<Placemark id="00E07ADDF12A035E3243">
		<name>RT10-SG-22-0501-198+805</name>
		<LookAt>
			<longitude>104.4194601410759</longitude>
			<latitude>17.32081449671694</latitude>
			<altitude>188.3667913942224</altitude>
			<heading>105.3532794366245</heading>
			<tilt>0</tilt>
			<gx:fovy>35</gx:fovy>
			<range>251.5691767213503</range>
			<altitudeMode>absolute</altitudeMode>
		</LookAt>
		<styleUrl>#__managed_style_08855A3D8E2A0419A6C0</styleUrl>
		<Point>
			<coordinates>104.419681334209,17.32130752093238,188.5200160475046</coordinates>
		</Point>
	</Placemark>
	<Placemark id="0EE004FD442A035EB989">
		<name>RT11-SG-22-0501-198+840</name>
		<LookAt>
			<longitude>104.4194601410759</longitude>
			<latitude>17.32081449669581</latitude>
			<altitude>188.3667913942224</altitude>
			<heading>105.3532794366245</heading>
			<tilt>0</tilt>
			<gx:fovy>35</gx:fovy>
			<range>251.5691767213503</range>
			<altitudeMode>absolute</altitudeMode>
		</LookAt>
		<styleUrl>#__managed_style_08855A3D8E2A0419A6C0</styleUrl>
		<Point>
			<coordinates>104.4199535129081,17.32124588747952,188.4818109187396</coordinates>
		</Point>
	</Placemark>
	<Placemark id="0D4BE19D4D2A035F26C8">
		<name>RT12-SG-22-0501-198+875</name>
		<LookAt>
			<longitude>104.4201976630164</longitude>
			<latitude>17.32082507611123</latitude>
			<altitude>191.1351969127819</altitude>
			<heading>105.3534895399398</heading>
			<tilt>0</tilt>
			<gx:fovy>35</gx:fovy>
			<range>165.9335792436468</range>
			<altitudeMode>absolute</altitudeMode>
		</LookAt>
		<styleUrl>#__managed_style_08855A3D8E2A0419A6C0</styleUrl>
		<Point>
			<coordinates>104.4202974933288,17.32114584786147,189.3078892797064</coordinates>
		</Point>
	</Placemark>
	<Placemark id="07BA35731A2A0364AB13">
		<name>RT13-SG-22-0501-198+910</name>
		<LookAt>
			<longitude>104.4204276931403</longitude>
			<latitude>17.32104644291721</latitude>
			<altitude>189.9155221101607</altitude>
			<heading>128.998466101871</heading>
			<tilt>23.46238074807779</tilt>
			<gx:fovy>35</gx:fovy>
			<range>98.65275148453293</range>
			<altitudeMode>absolute</altitudeMode>
		</LookAt>
		<styleUrl>#__managed_style_08855A3D8E2A0419A6C0</styleUrl>
		<Point>
			<coordinates>104.4205818828492,17.32103805519047,190.3324042990558</coordinates>
		</Point>
	</Placemark>
	<Placemark id="07620A4A782A03653D6E">
		<name>RT14-SG-22-0501-198+945</name>
		<LookAt>
			<longitude>104.420966561121</longitude>
			<latitude>17.32126515064316</latitude>
			<altitude>190.3636122393394</altitude>
			<heading>93.04350636415018</heading>
			<tilt>0</tilt>
			<gx:fovy>35</gx:fovy>
			<range>162.0944416856946</range>
			<altitudeMode>absolute</altitudeMode>
		</LookAt>
		<styleUrl>#__managed_style_08855A3D8E2A0419A6C0</styleUrl>
		<Point>
			<coordinates>104.4208677562215,17.32091489360152,190.3324749590647</coordinates>
		</Point>
	</Placemark>
	<Placemark id="02115C89A52A03659893">
		<name>RT15-SG-22-0501-198+980</name>
		<LookAt>
			<longitude>104.4209665611154</longitude>
			<latitude>17.32126515064316</latitude>
			<altitude>190.363593375003</altitude>
			<heading>93.04350636415018</heading>
			<tilt>0</tilt>
			<gx:fovy>35</gx:fovy>
			<range>162.0944764520937</range>
			<altitudeMode>absolute</altitudeMode>
		</LookAt>
		<styleUrl>#__managed_style_08855A3D8E2A0419A6C0</styleUrl>
		<Point>
			<coordinates>104.4211760000141,17.32075717708326,190.4430859128061</coordinates>
		</Point>
	</Placemark>
	<Placemark id="063DCF03102A0365E041">
		<name>RT16-SG-22-0501-199+015</name>
		<LookAt>
			<longitude>104.4212130624055</longitude>
			<latitude>17.32098281690037</latitude>
			<altitude>190.1197426712203</altitude>
			<heading>93.043579753494</heading>
			<tilt>0</tilt>
			<gx:fovy>35</gx:fovy>
			<range>162.3383163861581</range>
			<altitudeMode>absolute</altitudeMode>
		</LookAt>
		<styleUrl>#__managed_style_08855A3D8E2A0419A6C0</styleUrl>
		<Point>
			<coordinates>104.4214526933294,17.32059873308276,191.5639099321773</coordinates>
		</Point>
	</Placemark>
	<Placemark id="02002E34482A03664FD7">
		<name>RT17-SG-22-0501-199+050</name>
		<LookAt>
			<longitude>104.4215359939863</longitude>
			<latitude>17.32064929503541</latitude>
			<altitude>191.5656887055417</altitude>
			<heading>93.04367589741022</heading>
			<tilt>0</tilt>
			<gx:fovy>35</gx:fovy>
			<range>160.8923818500989</range>
			<altitudeMode>absolute</altitudeMode>
		</LookAt>
		<styleUrl>#__managed_style_08855A3D8E2A0419A6C0</styleUrl>
		<Point>
			<coordinates>104.4217029274225,17.320427425649,192.1890108145398</coordinates>
		</Point>
	</Placemark>
	<Placemark id="03B513D5082A0366B94F">
		<name>RT18-SG-22-0501-199+085</name>
		<LookAt>
			<longitude>104.4221656096586</longitude>
			<latitude>17.3201468551793</latitude>
			<altitude>189.9149846640144</altitude>
			<heading>93.04386334217183</heading>
			<tilt>0</tilt>
			<gx:fovy>35</gx:fovy>
			<range>162.543078887702</range>
			<altitudeMode>absolute</altitudeMode>
		</LookAt>
		<styleUrl>#__managed_style_08855A3D8E2A0419A6C0</styleUrl>
		<Point>
			<coordinates>104.4219690437619,17.32022398487443,191.0683504179905</coordinates>
		</Point>
	</Placemark>
	<Placemark id="07B516D6C72A036709A6">
		<name>RT19-SG-22-0501-199+120</name>
		<LookAt>
			<longitude>104.4221656096586</longitude>
			<latitude>17.32014685520043</latitude>
			<altitude>189.9149846640144</altitude>
			<heading>93.04386334217183</heading>
			<tilt>0</tilt>
			<gx:fovy>35</gx:fovy>
			<range>162.543078887702</range>
			<altitudeMode>absolute</altitudeMode>
		</LookAt>
		<styleUrl>#__managed_style_08855A3D8E2A0419A6C0</styleUrl>
		<Point>
			<coordinates>104.422365595658,17.32001796217645,189.7993740978757</coordinates>
		</Point>
	</Placemark>
	<Placemark id="096803D3262A036765C3">
		<name>RT20-SG-22-0501-199+155</name>
		<LookAt>
			<longitude>104.4223717936282</longitude>
			<latitude>17.32019606403627</latitude>
			<altitude>190.2991227759723</altitude>
			<heading>93.04386334540371</heading>
			<tilt>0</tilt>
			<gx:fovy>35</gx:fovy>
			<range>191.4352660240184</range>
			<altitudeMode>absolute</altitudeMode>
		</LookAt>
		<styleUrl>#__managed_style_08855A3D8E2A0419A6C0</styleUrl>
		<Point>
			<coordinates>104.4225723783242,17.31981167926171,189.8889432762387</coordinates>
		</Point>
	</Placemark>
	<Placemark id="0B151A2C6B2A036C50DE">
		<name>MD1-DB-22-0501-198+500</name>
		<Camera>
			<gx:ViewerOptions>
				<gx:option name="streetview"></gx:option>
				<gx:streetViewPanoId>KiT3HDseQ5lq9m3z7MJ7oA</gx:streetViewPanoId>
			</gx:ViewerOptions>
			<longitude>104.4228385224542</longitude>
			<latitude>17.31975244106495</latitude>
			<altitude>193.8531113197691</altitude>
			<heading>184.1199342090105</heading>
			<tilt>85.61995603755234</tilt>
			<roll>0</roll>
			<gx:fovy>59.99999999999999</gx:fovy>
			<altitudeMode>absolute</altitudeMode>
		</Camera>
		<styleUrl>#__managed_style_08855A3D8E2A0419A6C0</styleUrl>
		<Point>
			<altitudeMode>relativeToGround</altitudeMode>
			<coordinates>104.422846308307,17.31976162702323,0</coordinates>
		</Point>
	</Placemark>
	<Placemark id="02D1CAD6562A038100EF">
		<name>MD2DB-22-0501-535</name>
		<LookAt>
			<longitude>104.4226813316639</longitude>
			<latitude>17.31976677885252</latitude>
			<altitude>189.9552720438955</altitude>
			<heading>184.1199327986429</heading>
			<tilt>0</tilt>
			<gx:fovy>35</gx:fovy>
			<range>157.441063473434</range>
			<altitudeMode>absolute</altitudeMode>
		</LookAt>
		<styleUrl>#__managed_style_08855A3D8E2A0419A6C0</styleUrl>
		<Point>
			<coordinates>104.4231355694973,17.31955801939761,192.2119499980264</coordinates>
		</Point>
	</Placemark>
	<Placemark id="0DA3E6E7772A03836EE8">
		<name>MD3-DB-22-0501-198+570</name>
		<Camera>
			<gx:ViewerOptions>
				<gx:option name="streetview"></gx:option>
				<gx:streetViewPanoId>Qo66GoeQUOP0eBPPwGcRjw</gx:streetViewPanoId>
			</gx:ViewerOptions>
			<longitude>104.4233033306027</longitude>
			<latitude>17.31942930486382</latitude>
			<altitude>193.8034210210735</altitude>
			<heading>125.8398871727598</heading>
			<tilt>84.99999999999999</tilt>
			<roll>0</roll>
			<gx:fovy>59.99999999999999</gx:fovy>
			<altitudeMode>absolute</altitudeMode>
		</Camera>
		<styleUrl>#__managed_style_08855A3D8E2A0419A6C0</styleUrl>
		<Point>
			<altitudeMode>relativeToGround</altitudeMode>
			<coordinates>104.4233033306027,17.31942930486382,0</coordinates>
		</Point>
	</Placemark>
	<Placemark id="02D4A218452A0384D69F">
		<name>MD4-DB-4-22-0501-199+605</name>
		<LookAt>
			<longitude>104.4230829482332</longitude>
			<latitude>17.31918527464099</latitude>
			<altitude>190.9944351645108</altitude>
			<heading>126.98864636344</heading>
			<tilt>0</tilt>
			<gx:fovy>35</gx:fovy>
			<range>254.5407535576669</range>
			<altitudeMode>absolute</altitudeMode>
		</LookAt>
		<styleUrl>#__managed_style_08855A3D8E2A0419A6C0</styleUrl>
		<Point>
			<coordinates>104.4235956465577,17.31919548931907,190.565777564053</coordinates>
		</Point>
	</Placemark>
	<Placemark id="02CCCD666D2A038986FF">
		<name>MD5-DB-22-0501-199+640</name>
		<LookAt>
			<longitude>104.423639279518</longitude>
			<latitude>17.3189760721731</latitude>
			<altitude>189.9864076700149</altitude>
			<heading>133.488866593941</heading>
			<tilt>0</tilt>
			<gx:fovy>35</gx:fovy>
			<range>113.3243225336628</range>
			<altitudeMode>absolute</altitudeMode>
		</LookAt>
		<styleUrl>#__managed_style_08855A3D8E2A0419A6C0</styleUrl>
		<Point>
			<coordinates>104.4238671608647,17.3190013805042,190.3049959425939</coordinates>
		</Point>
	</Placemark>
	<Placemark id="09E13119132A0390D0AD">
		<name>MD6-DB-22-0501-199+675</name>
		<LookAt>
			<longitude>104.423842512342</longitude>
			<latitude>17.31883825673733</latitude>
			<altitude>190.1197725514238</altitude>
			<heading>124.4755863924928</heading>
			<tilt>0</tilt>
			<gx:fovy>35</gx:fovy>
			<range>131.0032334549214</range>
			<altitudeMode>absolute</altitudeMode>
		</LookAt>
		<styleUrl>#__managed_style_08855A3D8E2A0419A6C0</styleUrl>
		<Point>
			<coordinates>104.4241377467044,17.3188059115732,190.3324426944921</coordinates>
		</Point>
	</Placemark>
	<Placemark id="04D66B09C62A039164FB">
		<name>MD7-DB-22-0501-199+710</name>
		<LookAt>
			<longitude>104.4242012162606</longitude>
			<latitude>17.31860928511894</latitude>
			<altitude>190.3159171054619</altitude>
			<heading>124.4756581967656</heading>
			<tilt>0</tilt>
			<gx:fovy>35</gx:fovy>
			<range>97.4937324509483</range>
			<altitudeMode>absolute</altitudeMode>
		</LookAt>
		<styleUrl>#__managed_style_08855A3D8E2A0419A6C0</styleUrl>
		<Point>
			<coordinates>104.4243992872187,17.31861585139452,191.2384312302751</coordinates>
		</Point>
	</Placemark>
	<Placemark id="0731C113942A03920EA6">
		<name>MD8-DB-22-0501-199+745</name>
		<LookAt>
			<longitude>104.424434030715</longitude>
			<latitude>17.31839466538582</latitude>
			<altitude>192.4128506131786</altitude>
			<heading>124.4757488240977</heading>
			<tilt>0</tilt>
			<gx:fovy>35</gx:fovy>
			<range>182.4695563852765</range>
			<altitudeMode>absolute</altitudeMode>
		</LookAt>
		<styleUrl>#__managed_style_08855A3D8E2A0419A6C0</styleUrl>
		<Point>
			<coordinates>104.4246615131681,17.31846585049456,192.7313821122493</coordinates>
		</Point>
	</Placemark>
	<Placemark id="0A530A93C72A039295EC">
		<name>MD8-DB-22-0501-199+780</name>
		<LookAt>
			<longitude>104.4248045551834</longitude>
			<latitude>17.31811313673815</latitude>
			<altitude>193.0218362278102</altitude>
			<heading>124.4758591205574</heading>
			<tilt>0</tilt>
			<gx:fovy>35</gx:fovy>
			<range>181.8605765508983</range>
			<altitudeMode>absolute</altitudeMode>
		</LookAt>
		<styleUrl>#__managed_style_08855A3D8E2A0419A6C0</styleUrl>
		<Point>
			<coordinates>104.424920797784,17.31827919617029,193.0962749466713</coordinates>
		</Point>
	</Placemark>
	<Placemark id="0204A4E0732A0392DF6C">
		<name>MD8-DB-22-0501-199+815</name>
		<LookAt>
			<longitude>104.4248045551834</longitude>
			<latitude>17.31811313675928</latitude>
			<altitude>193.0218362278102</altitude>
			<heading>124.4758591205574</heading>
			<tilt>0</tilt>
			<gx:fovy>35</gx:fovy>
			<range>181.8605765508983</range>
			<altitudeMode>absolute</altitudeMode>
		</LookAt>
		<styleUrl>#__managed_style_08855A3D8E2A0419A6C0</styleUrl>
		<Point>
			<coordinates>104.4251878734696,17.3180868018197,193.9274562736866</coordinates>
		</Point>
	</Placemark>
	<Placemark id="08D72C30E32A0394278C">
		<name>MD9-DB-22-0501-199+850</name>
		<LookAt>
			<longitude>104.4253097934221</longitude>
			<latitude>17.31797474010391</latitude>
			<altitude>194.2273914756941</altitude>
			<heading>130.4044331550242</heading>
			<tilt>0</tilt>
			<gx:fovy>35</gx:fovy>
			<range>157.7951128924542</range>
			<altitudeMode>absolute</altitudeMode>
		</LookAt>
		<styleUrl>#__managed_style_08855A3D8E2A0419A6C0</styleUrl>
		<Point>
			<coordinates>104.4254382739736,17.31790273951824,194.8270185257559</coordinates>
		</Point>
	</Placemark>
	<Placemark id="03EB4BE4322A0395A137">
		<name>MD10-DB-22-0501-199+885</name>
		<LookAt>
			<longitude>104.4257219310626</longitude>
			<latitude>17.31789728400853</latitude>
			<altitude>194.1603873488952</altitude>
			<heading>127.9183714057958</heading>
			<tilt>0</tilt>
			<gx:fovy>35</gx:fovy>
			<range>88.36098185362061</range>
			<altitudeMode>absolute</altitudeMode>
		</LookAt>
		<styleUrl>#__managed_style_08855A3D8E2A0419A6C0</styleUrl>
		<Point>
			<coordinates>104.4257026396239,17.31769857444329,194.6826132051972</coordinates>
		</Point>
	</Placemark>
	<Placemark id="07394726372A03971615">
		<name>MD11-DB-22-199+920</name>
		<Camera>
			<gx:ViewerOptions>
				<gx:option name="streetview"></gx:option>
				<gx:streetViewPanoId>Mvb5HPYXgxMVO5Vvhf6isQ</gx:streetViewPanoId>
			</gx:ViewerOptions>
			<longitude>104.4259961911834</longitude>
			<latitude>17.31753880545365</latitude>
			<altitude>196.5139959808531</altitude>
			<heading>196.6566375826117</heading>
			<tilt>87.21813295607076</tilt>
			<roll>0</roll>
			<gx:fovy>59.99999999999999</gx:fovy>
			<altitudeMode>absolute</altitudeMode>
		</Camera>
		<styleUrl>#__managed_style_08855A3D8E2A0419A6C0</styleUrl>
		<Point>
			<altitudeMode>relativeToGround</altitudeMode>
			<coordinates>104.426016375254,17.31746608514402,0</coordinates>
		</Point>
	</Placemark>
	<Placemark id="0790A785AA2A03986230">
		<name>MD12-DB-22-0501-199+555</name>
		<Camera>
			<gx:ViewerOptions>
				<gx:option name="streetview"></gx:option>
				<gx:streetViewPanoId>NFzeJH7fXVreWXrXHodFmQ</gx:streetViewPanoId>
			</gx:ViewerOptions>
			<longitude>104.4262286444597</longitude>
			<latitude>17.31737908368326</latitude>
			<altitude>196.6225678779789</altitude>
			<heading>153.1582289033204</heading>
			<tilt>89.28756758761416</tilt>
			<roll>0</roll>
			<gx:fovy>59.99924016390766</gx:fovy>
			<altitudeMode>absolute</altitudeMode>
		</Camera>
		<styleUrl>#__managed_style_08855A3D8E2A0419A6C0</styleUrl>
		<Point>
			<altitudeMode>relativeToGround</altitudeMode>
			<coordinates>104.4262282637778,17.31731889784277,0</coordinates>
		</Point>
	</Placemark>
	<Placemark id="01FAB326292A0399A594">
		<name>MD13-DB-22-0501-199+990</name>
		<Camera>
			<gx:ViewerOptions>
				<gx:option name="streetview"></gx:option>
				<gx:streetViewPanoId>y9vGHAxRZDZctuQwEetWiQ</gx:streetViewPanoId>
			</gx:ViewerOptions>
			<longitude>104.4265403296149</longitude>
			<latitude>17.31716760792011</latitude>
			<altitude>196.7838745117188</altitude>
			<heading>178.4713338669812</heading>
			<tilt>93.39583659992164</tilt>
			<roll>0</roll>
			<gx:fovy>59.99999999999999</gx:fovy>
			<altitudeMode>absolute</altitudeMode>
		</Camera>
		<styleUrl>#__managed_style_08855A3D8E2A0419A6C0</styleUrl>
		<Point>
			<altitudeMode>relativeToGround</altitudeMode>
			<coordinates>104.42648169229,17.3171341770068,0</coordinates>
		</Point>
	</Placemark>
	<Placemark id="0A4D801E6B2A039B098E">
		<name>MD14-DB-22-0501-200+025</name>
		<Camera>
			<gx:ViewerOptions>
				<gx:option name="streetview"></gx:option>
				<gx:streetViewPanoId>AKulHpTKcUf49NB4mPMXNw</gx:streetViewPanoId>
			</gx:ViewerOptions>
			<longitude>104.4268501501078</longitude>
			<latitude>17.31695547611937</latitude>
			<altitude>196.8666229248047</altitude>
			<heading>201.0256181613541</heading>
			<tilt>88.19506280302446</tilt>
			<roll>0</roll>
			<gx:fovy>59.99999999999999</gx:fovy>
			<altitudeMode>absolute</altitudeMode>
		</Camera>
		<styleUrl>#__managed_style_08855A3D8E2A0419A6C0</styleUrl>
		<Point>
			<altitudeMode>relativeToGround</altitudeMode>
			<coordinates>104.4215347761765,17.32041628107981,0</coordinates>
		</Point>
	</Placemark>
	<Placemark id="065656DC272A039DB6C2">
		<name>MD15-DB-22-0501-200+060</name>
		<Camera>
			<gx:ViewerOptions>
				<gx:option name="streetview"></gx:option>
				<gx:streetViewPanoId>QtB4zXrie2KonZY_r6zneA</gx:streetViewPanoId>
			</gx:ViewerOptions>
			<longitude>104.4270810058796</longitude>
			<latitude>17.31679710404072</latitude>
			<altitude>196.8891340545861</altitude>
			<heading>216.8065425220544</heading>
			<tilt>85</tilt>
			<roll>0</roll>
			<gx:fovy>60</gx:fovy>
			<altitudeMode>absolute</altitudeMode>
		</Camera>
		<styleUrl>#__managed_style_08855A3D8E2A0419A6C0</styleUrl>
		<Point>
			<altitudeMode>relativeToGround</altitudeMode>
			<coordinates>104.4270379844543,17.31673079093295,0</coordinates>
		</Point>
	</Placemark>
	<Placemark id="0F276B142C2A039FB919">
		<name>MD16-DB-22-0501-200+095</name>
		<LookAt>
			<longitude>104.4270340597204</longitude>
			<latitude>17.31692193847028</latitude>
			<altitude>194.4157877203538</altitude>
			<heading>122.445165488405</heading>
			<tilt>15.57121272363735</tilt>
			<gx:fovy>35</gx:fovy>
			<range>241.030507713258</range>
			<altitudeMode>absolute</altitudeMode>
		</LookAt>
		<styleUrl>#__managed_style_08855A3D8E2A0419A6C0</styleUrl>
		<Point>
			<coordinates>104.4272730608485,17.31655987080579,192.4984708713432</coordinates>
		</Point>
	</Placemark>
	<Placemark id="0F9F8AB1A62A03A10835">
		<name>MD17-DB-22-0501-200+130</name>
		<Camera>
			<gx:ViewerOptions>
				<gx:option name="streetview"></gx:option>
				<gx:streetViewPanoId>YYlW5z2Ll7V1fJtGQ1sefQ</gx:streetViewPanoId>
			</gx:ViewerOptions>
			<longitude>104.4276446010402</longitude>
			<latitude>17.31647590548892</latitude>
			<altitude>196.7347687680964</altitude>
			<heading>224.4531917098791</heading>
			<tilt>84.13753726444281</tilt>
			<roll>0</roll>
			<gx:fovy>59.9999998118295</gx:fovy>
			<altitudeMode>absolute</altitudeMode>
		</Camera>
		<styleUrl>#__managed_style_08855A3D8E2A0419A6C0</styleUrl>
		<Point>
			<altitudeMode>relativeToGround</altitudeMode>
			<coordinates>104.4275382892354,17.31636968422456,0</coordinates>
		</Point>
	</Placemark>
	<Placemark id="075F5EDADA2A03A2A320">
		<name>MD18-DB-22-0501-200+165</name>
		<LookAt>
			<longitude>104.4274844911327</longitude>
			<latitude>17.31619450457794</latitude>
			<altitude>192.9013870480834</altitude>
			<heading>140.0904211674578</heading>
			<tilt>0</tilt>
			<gx:fovy>35</gx:fovy>
			<range>133.7164727687741</range>
			<altitudeMode>absolute</altitudeMode>
		</LookAt>
		<styleUrl>#__managed_style_08855A3D8E2A0419A6C0</styleUrl>
		<Point>
			<coordinates>104.4278044436747,17.31618070417862,194.6784018754701</coordinates>
		</Point>
	</Placemark>
	<Placemark id="0733AF64A22A03A2F6FA">
		<name>MD19-DB-22-0501-200+200</name>
		<LookAt>
			<longitude>104.4276648301849</longitude>
			<latitude>17.31606880278883</latitude>
			<altitude>193.6830427307927</altitude>
			<heading>140.0904748445026</heading>
			<tilt>0</tilt>
			<gx:fovy>35</gx:fovy>
			<range>132.9348082303659</range>
			<altitudeMode>absolute</altitudeMode>
		</LookAt>
		<styleUrl>#__managed_style_08855A3D8E2A0419A6C0</styleUrl>
		<Point>
			<coordinates>104.4280598795355,17.31598731766852,195.0223682709427</coordinates>
		</Point>
	</Placemark>
	<Placemark id="08BE2F72B72A03A3BA59">
		<name>MD20-DB-22-0501-200+235</name>
		<LookAt>
			<longitude>104.4279608657396</longitude>
			<latitude>17.31567966788418</latitude>
			<altitude>194.5875638862549</altitude>
			<heading>140.0905846395001</heading>
			<tilt>0</tilt>
			<gx:fovy>35</gx:fovy>
			<range>200.6739034840212</range>
			<altitudeMode>absolute</altitudeMode>
		</LookAt>
		<styleUrl>#__managed_style_08855A3D8E2A0419A6C0</styleUrl>
		<Point>
			<coordinates>104.4283245034049,17.31579770463579,194.9853946625879</coordinates>
		</Point>
	</Placemark>
	<Placemark id="028BDB9D472A03A45431">
		<name>MD21-DB-22-0501-200+270</name>
		<LookAt>
			<longitude>104.4281734623538</longitude>
			<latitude>17.31562836821735</latitude>
			<altitude>195.0087614008415</altitude>
			<heading>140.0906190604079</heading>
			<tilt>0</tilt>
			<gx:fovy>35</gx:fovy>
			<range>208.4204366300401</range>
			<altitudeMode>absolute</altitudeMode>
		</LookAt>
		<styleUrl>#__managed_style_08855A3D8E2A0419A6C0</styleUrl>
		<Point>
			<coordinates>104.4285922523571,17.31560712265255,194.564493669918</coordinates>
		</Point>
	</Placemark>
	<Placemark id="022974E4BD2A03A4D367">
		<name>MD22-DB-22-0501-200+305</name>
		<LookAt>
			<longitude>104.4285401551491</longitude>
			<latitude>17.3154376683908</latitude>
			<altitude>194.3366452256065</altitude>
			<heading>140.0906775139131</heading>
			<tilt>0</tilt>
			<gx:fovy>35</gx:fovy>
			<range>133.8582385552581</range>
			<altitudeMode>absolute</altitudeMode>
		</LookAt>
		<styleUrl>#__managed_style_08855A3D8E2A0419A6C0</styleUrl>
		<Point>
			<coordinates>104.4288545927175,17.31541223567592,195.068444570348</coordinates>
		</Point>
	</Placemark>
	<Placemark id="072137804B2A03A560C0">
		<name>MD23-DB-22-0501-200+340</name>
		<LookAt>
			<longitude>104.4286855515031</longitude>
			<latitude>17.31524101055058</latitude>
			<altitude>194.3634140641223</altitude>
			<heading>140.0907436279663</heading>
			<tilt>0</tilt>
			<gx:fovy>35</gx:fovy>
			<range>216.1612449090171</range>
			<altitudeMode>absolute</altitudeMode>
		</LookAt>
		<styleUrl>#__managed_style_08855A3D8E2A0419A6C0</styleUrl>
		<Point>
			<coordinates>104.4291185334473,17.31521894377304,196.0341592557334</coordinates>
		</Point>
	</Placemark>
	<Placemark id="0975B7AEC12A03A5E209">
		<name>MD24-DB-22-0501-200+375</name>
		<LookAt>
			<longitude>104.4291620457645</longitude>
			<latitude>17.31509312854905</latitude>
			<altitude>195.9344294491073</altitude>
			<heading>141.8525055591536</heading>
			<tilt>0</tilt>
			<gx:fovy>35</gx:fovy>
			<range>136.7273356360056</range>
			<altitudeMode>absolute</altitudeMode>
		</LookAt>
		<styleUrl>#__managed_style_08855A3D8E2A0419A6C0</styleUrl>
		<Point>
			<coordinates>104.4293826734712,17.31503170436233,197.1061272514853</coordinates>
		</Point>
	</Placemark>
	<Placemark id="017319832B2A03A65F18">
		<name>MD25-DB-22-0501-200+410</name>
		<LookAt>
			<longitude>104.4291466401449</longitude>
			<latitude>17.31489804219407</latitude>
			<altitude>195.8737718735647</altitude>
			<heading>141.8525069418125</heading>
			<tilt>0</tilt>
			<gx:fovy>35</gx:fovy>
			<range>205.5425436503356</range>
			<altitudeMode>absolute</altitudeMode>
		</LookAt>
		<styleUrl>#__managed_style_08855A3D8E2A0419A6C0</styleUrl>
		<Point>
			<coordinates>104.4296458604027,17.31484277842719,197.5199800750377</coordinates>
		</Point>
	</Placemark>
	<Placemark id="03D0F81AA92A03A6CDF9">
		<name>MD26-DB-22-0501-200+445</name>
		<LookAt>
			<longitude>104.4294696155616</longitude>
			<latitude>17.31465523354178</latitude>
			<altitude>196.5183627086624</altitude>
			<heading>141.8526030661497</heading>
			<tilt>0</tilt>
			<gx:fovy>35</gx:fovy>
			<range>204.8979514345411</range>
			<altitudeMode>absolute</altitudeMode>
		</LookAt>
		<styleUrl>#__managed_style_08855A3D8E2A0419A6C0</styleUrl>
		<Point>
			<coordinates>104.4299265945216,17.31463684195025,198.3843085343495</coordinates>
		</Point>
	</Placemark>
	<Placemark id="05FD27D0CA2A03A7436A">
		<name>MD26-DB-22-0501-200+480</name>
		<LookAt>
			<longitude>104.4297280579403</longitude>
			<latitude>17.31462431751644</latitude>
			<altitude>197.1275799946036</altitude>
			<heading>141.8526749037369</heading>
			<tilt>0</tilt>
			<gx:fovy>35</gx:fovy>
			<range>200.5160176771824</range>
			<altitudeMode>absolute</altitudeMode>
		</LookAt>
		<styleUrl>#__managed_style_08855A3D8E2A0419A6C0</styleUrl>
		<Point>
			<coordinates>104.4301998135607,17.3144383557769,199.4163470127424</coordinates>
		</Point>
	</Placemark>
	<Placemark id="0BEE4BAA4D2A03A8A6A6">
		<name>MD27-DB-22-0501-200+515</name>
		<Camera>
			<gx:ViewerOptions>
				<gx:option name="streetview"></gx:option>
				<gx:streetViewPanoId>mrwogWF_qhERM2kywZHzyw</gx:streetViewPanoId>
			</gx:ViewerOptions>
			<longitude>104.4304138431195</longitude>
			<latitude>17.31416486655796</latitude>
			<altitude>200.8334614618527</altitude>
			<heading>20.45632407789922</heading>
			<tilt>84.13462839376506</tilt>
			<roll>0</roll>
			<gx:fovy>59.99999994083973</gx:fovy>
			<altitudeMode>absolute</altitudeMode>
		</Camera>
		<styleUrl>#__managed_style_08855A3D8E2A0419A6C0</styleUrl>
		<Point>
			<altitudeMode>relativeToGround</altitudeMode>
			<coordinates>104.4304926442953,17.31422077568034,0</coordinates>
		</Point>
	</Placemark>
	<Placemark id="08E61D45522A03A99818">
		<name>MD28-DB-22-0501-200+550</name>
		<LookAt>
			<longitude>104.43038041243</longitude>
			<latitude>17.31382987257591</latitude>
			<altitude>197.0174472543235</altitude>
			<heading>136.4767258492253</heading>
			<tilt>0.07212444678041699</tilt>
			<gx:fovy>35</gx:fovy>
			<range>244.8847570659927</range>
			<altitudeMode>absolute</altitudeMode>
		</LookAt>
		<styleUrl>#__managed_style_08855A3D8E2A0419A6C0</styleUrl>
		<Point>
			<coordinates>104.4307462550732,17.3140486498816,198.7834217109383</coordinates>
		</Point>
	</Placemark>
	<Placemark id="0F63DE60732A03A9F071">
		<name>MD29-DB-22-0501-200+585</name>
		<LookAt>
			<longitude>104.4304915059188</longitude>
			<latitude>17.31369872808636</latitude>
			<altitude>196.7727634711723</altitude>
			<heading>136.4767589050146</heading>
			<tilt>0.07212444931210879</tilt>
			<gx:fovy>35</gx:fovy>
			<range>245.1294429824338</range>
			<altitudeMode>absolute</altitudeMode>
		</LookAt>
		<styleUrl>#__managed_style_08855A3D8E2A0419A6C0</styleUrl>
		<Point>
			<coordinates>104.4310438197719,17.31383763627597,197.2521111582497</coordinates>
		</Point>
	</Placemark>
	<Placemark id="0399F3DFF02A03AA5DE0">
		<name>MD30-DB-22-0501-200+620</name>
		<LookAt>
			<longitude>104.4306955376583</longitude>
			<latitude>17.31354958791855</latitude>
			<altitude>195.8467795347484</altitude>
			<heading>136.4768196534921</heading>
			<tilt>0.07212445921653089</tilt>
			<gx:fovy>35</gx:fovy>
			<range>246.0554344320553</range>
			<altitudeMode>absolute</altitudeMode>
		</LookAt>
		<styleUrl>#__managed_style_08855A3D8E2A0419A6C0</styleUrl>
		<Point>
			<coordinates>104.4313389288215,17.31362984864389,198.7002608740596</coordinates>
		</Point>
	</Placemark>
	<Placemark id="0A48B18CF42A03AAD354">
		<name>MD31-DB-22-0501-200+655</name>
		<LookAt>
			<longitude>104.4310479074515</longitude>
			<latitude>17.31331902626063</latitude>
			<altitude>196.802586017819</altitude>
			<heading>136.4769245212233</heading>
			<tilt>0.07212444802857643</tilt>
			<gx:fovy>35</gx:fovy>
			<range>245.0996365896572</range>
			<altitudeMode>absolute</altitudeMode>
		</LookAt>
		<styleUrl>#__managed_style_08855A3D8E2A0419A6C0</styleUrl>
		<Point>
			<coordinates>104.4315570011403,17.31346310955952,200.8808408575038</coordinates>
		</Point>
	</Placemark>
	<Placemark id="00A48DD7172A03BBE7CD">
		<name>MD31-DB-22-0501-200+655</name>
		<LookAt>
			<longitude>104.4315790155736</longitude>
			<latitude>17.31326668246809</latitude>
			<altitude>200.6649988353831</altitude>
			<heading>38.48931623812341</heading>
			<tilt>0</tilt>
			<gx:fovy>35</gx:fovy>
			<range>195.1743458855344</range>
			<altitudeMode>absolute</altitudeMode>
		</LookAt>
		<styleUrl>#__managed_style_08855A3D8E2A0419A6C0</styleUrl>
		<Point>
			<coordinates>104.4317905715998,17.31330184888786,201.7130273954784</coordinates>
		</Point>
	</Placemark>
	<Placemark id="0D3B4B921F2A03BC5F00">
		<name>MD32-DB-22-0501-200+690</name>
		<LookAt>
			<longitude>104.4318467210039</longitude>
			<latitude>17.31310722982828</latitude>
			<altitude>199.9551968314035</altitude>
			<heading>38.48939590607785</heading>
			<tilt>0</tilt>
			<gx:fovy>35</gx:fovy>
			<range>195.8841366883281</range>
			<altitudeMode>absolute</altitudeMode>
		</LookAt>
		<styleUrl>#__managed_style_08855A3D8E2A0419A6C0</styleUrl>
		<Point>
			<coordinates>104.4320321949105,17.31313063581115,201.1245721606303</coordinates>
		</Point>
	</Placemark>
	<Placemark id="08DDFB80BD2A03BCFC19">
		<name>MD33-DB-200+725</name>
		<LookAt>
			<longitude>104.4324786075979</longitude>
			<latitude>17.31297010545966</latitude>
			<altitude>201.1967274778732</altitude>
			<heading>38.48958394775415</heading>
			<tilt>0</tilt>
			<gx:fovy>35</gx:fovy>
			<range>194.646429704917</range>
			<altitudeMode>absolute</altitudeMode>
		</LookAt>
		<styleUrl>#__managed_style_08855A3D8E2A0419A6C0</styleUrl>
		<Point>
			<coordinates>104.4322687126267,17.31295557575085,200.5921668302685</coordinates>
		</Point>
	</Placemark>
	<Placemark id="07B65E625B2A03BEB2B4">
		<name>MD34-DB-22-0501-200+795</name>
		<LookAt>
			<longitude>104.432608579967</longitude>
			<latitude>17.3128392548921</latitude>
			<altitude>200.7220570870541</altitude>
			<heading>38.48962260516772</heading>
			<tilt>0</tilt>
			<gx:fovy>35</gx:fovy>
			<range>195.1684587752971</range>
			<altitudeMode>absolute</altitudeMode>
		</LookAt>
		<styleUrl>#__managed_style_08855A3D8E2A0419A6C0</styleUrl>
		<Point>
			<coordinates>104.4325980319066,17.31271932089168,200.4344532048403</coordinates>
		</Point>
	</Placemark>
	<Placemark id="081B0F311C2A03BF194F">
		<name>MD35-DB-22-0501-200+830</name>
		<LookAt>
			<longitude>104.4331417951815</longitude>
			<latitude>17.31240674240865</latitude>
			<altitude>198.5570977368792</altitude>
			<heading>38.48978128071985</heading>
			<tilt>0</tilt>
			<gx:fovy>35</gx:fovy>
			<range>197.333408798695</range>
			<altitudeMode>absolute</altitudeMode>
		</LookAt>
		<styleUrl>#__managed_style_08855A3D8E2A0419A6C0</styleUrl>
		<Point>
			<coordinates>104.4328646324235,17.31253524944692,200.2994017778734</coordinates>
		</Point>
	</Placemark>
	<Placemark id="03B1AA0ED42A03BF64F4">
		<name>MD36-DB-22-0501-200+868</name>
		<LookAt>
			<longitude>104.4331417951815</longitude>
			<latitude>17.31240674241261</latitude>
			<altitude>198.5570977368792</altitude>
			<heading>38.48978128071985</heading>
			<tilt>0</tilt>
			<gx:fovy>35</gx:fovy>
			<range>197.333408798695</range>
			<altitudeMode>absolute</altitudeMode>
		</LookAt>
		<styleUrl>#__managed_style_08855A3D8E2A0419A6C0</styleUrl>
		<Point>
			<coordinates>104.4331336313266,17.31234416362184,198.2128345771347</coordinates>
		</Point>
	</Placemark>
	<Placemark id="02E65EAC682A03BFDE0C">
		<name>MD37-DB-22-0501-200+900</name>
		<LookAt>
			<longitude>104.4335908263169</longitude>
			<latitude>17.31191292577792</latitude>
			<altitude>195.9373578335366</altitude>
			<heading>38.48991490102839</heading>
			<tilt>0</tilt>
			<gx:fovy>35</gx:fovy>
			<range>199.9531496767304</range>
			<altitudeMode>absolute</altitudeMode>
		</LookAt>
		<styleUrl>#__managed_style_08855A3D8E2A0419A6C0</styleUrl>
		<Point>
			<coordinates>104.4333907850023,17.3121418231143,196.9510232920957</coordinates>
		</Point>
	</Placemark>
	<Placemark id="0F3A775E902A03C1CEF9">
		<name>MD38-DB-22-0501-200+935</name>
		<LookAt>
			<longitude>104.4332824875918</longitude>
			<latitude>17.31196673902882</latitude>
			<altitude>195.3622898883208</altitude>
			<heading>127.1674717948783</heading>
			<tilt>0</tilt>
			<gx:fovy>35</gx:fovy>
			<range>166.8477269399955</range>
			<altitudeMode>absolute</altitudeMode>
		</LookAt>
		<styleUrl>#__managed_style_08855A3D8E2A0419A6C0</styleUrl>
		<Point>
			<coordinates>104.4336463263592,17.31195498654049,196.4550194354609</coordinates>
		</Point>
	</Placemark>
	<Placemark id="092F0762772A03C6C877">
		<name>MD40-DB-22-0501-201+005</name>
		<LookAt>
			<longitude>104.4339138107135</longitude>
			<latitude>17.31193929152267</latitude>
			<altitude>197.3323273891173</altitude>
			<heading>37.11162829128682</heading>
			<tilt>2.170622707273783</tilt>
			<gx:fovy>35</gx:fovy>
			<range>115.1895630197396</range>
			<altitudeMode>absolute</altitudeMode>
		</LookAt>
		<styleUrl>#__managed_style_08855A3D8E2A0419A6C0</styleUrl>
		<Point>
			<coordinates>104.4341837678031,17.31158434446605,196.669232909017</coordinates>
		</Point>
	</Placemark>
	<Placemark id="07ABCFED1C2A03C7475D">
		<name>LT41-SG-22-0501-200+970</name>
		<Camera>
			<gx:ViewerOptions>
				<gx:option name="streetview"></gx:option>
				<gx:streetViewPanoId>E4mWxSvPygrSyzKlrOuh7A</gx:streetViewPanoId>
			</gx:ViewerOptions>
			<longitude>104.4339907688207</longitude>
			<latitude>17.31192149095035</latitude>
			<altitude>198.9943367895449</altitude>
			<heading>37.11162829195982</heading>
			<tilt>85</tilt>
			<roll>0</roll>
			<gx:fovy>60</gx:fovy>
			<altitudeMode>absolute</altitudeMode>
		</Camera>
		<styleUrl>#__managed_style_08855A3D8E2A0419A6C0</styleUrl>
		<Point>
			<altitudeMode>relativeToGround</altitudeMode>
			<coordinates>104.4340495726284,17.3119559333335,0</coordinates>
		</Point>
	</Placemark>
	<Placemark id="0CD317FAB32A03C812BE">
		<name>MD39-DB-22-0501-200+970</name>
		<LookAt>
			<longitude>104.433970078257</longitude>
			<latitude>17.31155886349114</latitude>
			<altitude>195.7480401434962</altitude>
			<heading>34.84651972328458</heading>
			<tilt>12.28128952445942</tilt>
			<gx:fovy>35</gx:fovy>
			<range>180.7261373614347</range>
			<altitudeMode>absolute</altitudeMode>
		</LookAt>
		<styleUrl>#__managed_style_08855A3D8E2A0419A6C0</styleUrl>
		<Point>
			<coordinates>104.4339112862125,17.31176843066408,196.6692376293146</coordinates>
		</Point>
	</Placemark>
	<Placemark id="0AC6B710552A03C8B1CB">
		<name>MD42-DB-22-0501-201+075</name>
		<LookAt>
			<longitude>104.4340483849208</longitude>
			<latitude>17.31148740870312</latitude>
			<altitude>195.3262874826825</altitude>
			<heading>34.84654302458448</heading>
			<tilt>12.28129035011927</tilt>
			<gx:fovy>35</gx:fovy>
			<range>181.1577737943117</range>
			<altitudeMode>absolute</altitudeMode>
		</LookAt>
		<styleUrl>#__managed_style_08855A3D8E2A0419A6C0</styleUrl>
		<Point>
			<coordinates>104.4346756640672,17.31121730320682,195.952416373318</coordinates>
		</Point>
	</Placemark>
	<Placemark id="0387A0B4722A03C93164">
		<name>MD41-DB-22-0501-201+040</name>
		<LookAt>
			<longitude>104.4341731719837</longitude>
			<latitude>17.31146736536201</latitude>
			<altitude>195.2729642055181</altitude>
			<heading>34.84658184071215</heading>
			<tilt>12.28126127785931</tilt>
			<gx:fovy>35</gx:fovy>
			<range>165.9593527341349</range>
			<altitudeMode>absolute</altitudeMode>
		</LookAt>
		<styleUrl>#__managed_style_08855A3D8E2A0419A6C0</styleUrl>
		<Point>
			<coordinates>104.4344003610799,17.31141815419899,195.3510501146953</coordinates>
		</Point>
	</Placemark>
	<Placemark id="0F3D6E85F82A03CBBAEC">
		<name>MD43-DB-22-0501-201+110</name>
		<LookAt>
			<longitude>104.4347922390412</longitude>
			<latitude>17.31100058753152</latitude>
			<altitude>194.8732086256343</altitude>
			<heading>35.53867457536754</heading>
			<tilt>12.14593308343346</tilt>
			<gx:fovy>35</gx:fovy>
			<range>176.2158924140204</range>
			<altitudeMode>absolute</altitudeMode>
		</LookAt>
		<styleUrl>#__managed_style_08855A3D8E2A0419A6C0</styleUrl>
		<Point>
			<coordinates>104.434928155421,17.31103274433891,195.8943179786262</coordinates>
		</Point>
	</Placemark>
	<Placemark id="01E400AAC52A03CFB897">
		<name>MD44-DB-22-0501-201+145</name>
		<LookAt>
			<longitude>104.4350573482806</longitude>
			<latitude>17.31077456172429</latitude>
			<altitude>196.343914604379</altitude>
			<heading>35.53875345960818</heading>
			<tilt>12.14593023689065</tilt>
			<gx:fovy>35</gx:fovy>
			<range>174.7114923835761</range>
			<altitudeMode>absolute</altitudeMode>
		</LookAt>
		<styleUrl>#__managed_style_08855A3D8E2A0419A6C0</styleUrl>
		<Point>
			<coordinates>104.4351794672775,17.31084774246942,196.9040489238483</coordinates>
		</Point>
	</Placemark>
	<Placemark id="0A2C13C0D32A03D06294">
		<name>MD45-DB-22-0501-201+180</name>
		<LookAt>
			<longitude>104.4350925638803</longitude>
			<latitude>17.31075804855728</latitude>
			<altitude>196.4037350051459</altitude>
			<heading>35.53875345977931</heading>
			<tilt>0</tilt>
			<gx:fovy>35</gx:fovy>
			<range>174.1986184649431</range>
			<altitudeMode>absolute</altitudeMode>
		</LookAt>
		<styleUrl>#__managed_style_08855A3D8E2A0419A6C0</styleUrl>
		<Point>
			<coordinates>104.4354487715477,17.31065207701415,196.9347349768044</coordinates>
		</Point>
	</Placemark>
	<Placemark id="0049EE663C2A03D0B233">
		<name>MD46-DB-22-0501-201+215</name>
		<LookAt>
			<longitude>104.4355067901498</longitude>
			<latitude>17.31048940577827</latitude>
			<altitude>196.2746969503527</altitude>
			<heading>35.53887671337085</heading>
			<tilt>0</tilt>
			<gx:fovy>35</gx:fovy>
			<range>174.3276597493787</range>
			<altitudeMode>absolute</altitudeMode>
		</LookAt>
		<styleUrl>#__managed_style_08855A3D8E2A0419A6C0</styleUrl>
		<Point>
			<coordinates>104.435711316192,17.31046291424296,197.4180627340482</coordinates>
		</Point>
	</Placemark>
	<Placemark id="0E16C7BB5C2A03D10692">
		<name>MD47-DB-22-0501-2201+250</name>
		<LookAt>
			<longitude>104.4357519153771</longitude>
			<latitude>17.31030849440892</latitude>
			<altitude>197.2836758270188</altitude>
			<heading>35.53894965003695</heading>
			<tilt>0</tilt>
			<gx:fovy>35</gx:fovy>
			<range>173.3186693164498</range>
			<altitudeMode>absolute</altitudeMode>
		</LookAt>
		<styleUrl>#__managed_style_08855A3D8E2A0419A6C0</styleUrl>
		<Point>
			<coordinates>104.4359725819003,17.31027450416815,198.0431993748248</coordinates>
		</Point>
	</Placemark>
	<Placemark id="06DCCF2D582A03D15CE6">
		<name>MD48-DB-22-0501-201+285</name>
		<LookAt>
			<longitude>104.4361298097083</longitude>
			<latitude>17.31002545931432</latitude>
			<altitude>199.6151164244821</altitude>
			<heading>35.5390620900141</heading>
			<tilt>0</tilt>
			<gx:fovy>35</gx:fovy>
			<range>170.9872345968506</range>
			<altitudeMode>absolute</altitudeMode>
		</LookAt>
		<styleUrl>#__managed_style_08855A3D8E2A0419A6C0</styleUrl>
		<Point>
			<coordinates>104.4362336449293,17.31008552233297,199.7250012242442</coordinates>
		</Point>
	</Placemark>
	<Placemark id="0ABDF457CB2A03D2222A">
		<name>MD49-DB-22-0501-201+320</name>
		<LookAt>
			<longitude>104.4360614478689</longitude>
			<latitude>17.30983228602993</latitude>
			<altitude>199.6459979783345</altitude>
			<heading>34.49973162318763</heading>
			<tilt>0</tilt>
			<gx:fovy>35</gx:fovy>
			<range>214.7552221990555</range>
			<altitudeMode>absolute</altitudeMode>
		</LookAt>
		<styleUrl>#__managed_style_08855A3D8E2A0419A6C0</styleUrl>
		<Point>
			<coordinates>104.4364954596024,17.30989981936843,199.6912459425676</coordinates>
		</Point>
	</Placemark>
	<Placemark id="0FE060B54A2A03D393B1">
		<name>MD50-DB-22-0501-201+355</name>
		<LookAt>
			<longitude>104.4366347859079</longitude>
			<latitude>17.3096170848376</latitude>
			<altitude>199.5414655835003</altitude>
			<heading>38.58429507635313</heading>
			<tilt>0</tilt>
			<gx:fovy>35</gx:fovy>
			<range>107.2111148145268</range>
			<altitudeMode>absolute</altitudeMode>
		</LookAt>
		<styleUrl>#__managed_style_08855A3D8E2A0419A6C0</styleUrl>
		<Point>
			<coordinates>104.4367358195933,17.30971559122644,198.7955055284004</coordinates>
		</Point>
	</Placemark>
	<Placemark id="011E9FBEC22A03D40F51">
		<name>MD51-DB-22-0501-201+390</name>
		<LookAt>
			<longitude>104.4369303517117</longitude>
			<latitude>17.30936060588965</latitude>
			<altitude>199.5931410612344</altitude>
			<heading>38.58437145020375</heading>
			<tilt>0</tilt>
			<gx:fovy>35</gx:fovy>
			<range>160.8721130394588</range>
			<altitudeMode>absolute</altitudeMode>
		</LookAt>
		<styleUrl>#__managed_style_08855A3D8E2A0419A6C0</styleUrl>
		<Point>
			<coordinates>104.4369941849963,17.3095232644645,198.5976764075861</coordinates>
		</Point>
	</Placemark>
	<Placemark id="0B1002B34B2A03D4662B">
		<name>MD52-DB-22-0501-201+425</name>
		<LookAt>
			<longitude>104.4370399891377</longitude>
			<latitude>17.30924671940639</latitude>
			<altitude>199.827816918535</altitude>
			<heading>38.58440407067949</heading>
			<tilt>0</tilt>
			<gx:fovy>35</gx:fovy>
			<range>160.6374398459411</range>
			<altitudeMode>absolute</altitudeMode>
		</LookAt>
		<styleUrl>#__managed_style_08855A3D8E2A0419A6C0</styleUrl>
		<Point>
			<coordinates>104.4372439840979,17.30934022445178,199.0083566557998</coordinates>
		</Point>
	</Placemark>
	<Placemark id="0325B22BFA2A03D4CEAB">
		<name>MD53-DB-22-0501-201+460</name>
		<LookAt>
			<longitude>104.4373263277718</longitude>
			<latitude>17.30903239328421</latitude>
			<altitude>199.8108155552523</altitude>
			<heading>38.58448926420179</heading>
			<tilt>0</tilt>
			<gx:fovy>35</gx:fovy>
			<range>160.6544406150715</range>
			<altitudeMode>absolute</altitudeMode>
		</LookAt>
		<styleUrl>#__managed_style_08855A3D8E2A0419A6C0</styleUrl>
		<Point>
			<coordinates>104.437517933378,17.30913795525878,199.7733199624295</coordinates>
		</Point>
	</Placemark>
	<Placemark id="07451FC5C02A03D54170">
		<name>MD54-DB-22-0501-201+495</name>
		<LookAt>
			<longitude>104.4375617734028</longitude>
			<latitude>17.30880197246664</latitude>
			<altitude>198.1265377028953</altitude>
			<heading>38.58455931499304</heading>
			<tilt>0</tilt>
			<gx:fovy>35</gx:fovy>
			<range>162.3387219941469</range>
			<altitudeMode>absolute</altitudeMode>
		</LookAt>
		<styleUrl>#__managed_style_08855A3D8E2A0419A6C0</styleUrl>
		<Point>
			<coordinates>104.4377879581425,17.30894521079248,198.0843467884526</coordinates>
		</Point>
	</Placemark>
	<Placemark id="0B6A80C8002A03D5A606">
		<name>MD55-DB-22-0501-201+530</name>
		<LookAt>
			<longitude>104.4379493454752</longitude>
			<latitude>17.30863659603868</latitude>
			<altitude>196.5705929167169</altitude>
			<heading>38.58467462508617</heading>
			<tilt>0</tilt>
			<gx:fovy>35</gx:fovy>
			<range>163.894680594367</range>
			<altitudeMode>absolute</altitudeMode>
		</LookAt>
		<styleUrl>#__managed_style_08855A3D8E2A0419A6C0</styleUrl>
		<Point>
			<coordinates>104.4380377612007,17.30881035985807,196.5109064054135</coordinates>
		</Point>
	</Placemark>
	<Placemark id="0B2349ED412A03D6878A">
		<name>MD56-DB-22-0501-201+565</name>
		<LookAt>
			<longitude>104.4382093086759</longitude>
			<latitude>17.30842258775135</latitude>
			<altitude>195.9612092143674</altitude>
			<heading>39.59115411603504</heading>
			<tilt>19.92005837042381</tilt>
			<gx:fovy>35</gx:fovy>
			<range>105.4950453579295</range>
			<altitudeMode>absolute</altitudeMode>
		</LookAt>
		<styleUrl>#__managed_style_08855A3D8E2A0419A6C0</styleUrl>
		<Point>
			<coordinates>104.4382928630957,17.30861883226289,196.2745882468562</coordinates>
		</Point>
	</Placemark>
	<Placemark id="0A43F9E9A02A03D6DC4F">
		<name>MD57-DB-22-0501-201+600</name>
		<LookAt>
			<longitude>104.4382571190316</longitude>
			<latitude>17.30834728198004</latitude>
			<altitude>195.9612257431193</altitude>
			<heading>39.59121239042421</heading>
			<tilt>19.92023979056707</tilt>
			<gx:fovy>35</gx:fovy>
			<range>164.7068120871336</range>
			<altitudeMode>absolute</altitudeMode>
		</LookAt>
		<styleUrl>#__managed_style_08855A3D8E2A0419A6C0</styleUrl>
		<Point>
			<coordinates>104.4385557835566,17.30842302854745,196.6646956833139</coordinates>
		</Point>
	</Placemark>
	<Placemark id="01AC0778142A03D819C0">
		<name>MD58-DB-22-0501-201+635</name>
		<LookAt>
			<longitude>104.4386954572363</longitude>
			<latitude>17.30815340156013</latitude>
			<altitude>196.5380729340652</altitude>
			<heading>44.33611927412639</heading>
			<tilt>58.18897067582432</tilt>
			<gx:fovy>35</gx:fovy>
			<range>141.658242423</range>
			<altitudeMode>absolute</altitudeMode>
		</LookAt>
		<styleUrl>#__managed_style_08855A3D8E2A0419A6C0</styleUrl>
		<Point>
			<coordinates>104.438842749443,17.30820252139106,197.6375110544914</coordinates>
		</Point>
	</Placemark>
	<Placemark id="08072CD7B82A03D890F8">
		<name>MD59-DB-22-0501-201+670</name>
		<LookAt>
			<longitude>104.4389238901682</longitude>
			<latitude>17.30791067002321</latitude>
			<altitude>197.1917467186704</altitude>
			<heading>44.33618723463488</heading>
			<tilt>58.18896119890532</tilt>
			<gx:fovy>35</gx:fovy>
			<range>140.4181597356546</range>
			<altitudeMode>absolute</altitudeMode>
		</LookAt>
		<styleUrl>#__managed_style_08855A3D8E2A0419A6C0</styleUrl>
		<Point>
			<coordinates>104.4391004696431,17.30802658128084,198.2401699368068</coordinates>
		</Point>
	</Placemark>
	<Placemark id="08348A99C72A03D95D95">
		<name>MD60-DB-22-0501-201+705</name>
		<LookAt>
			<longitude>104.4393760393428</longitude>
			<latitude>17.30768194470065</latitude>
			<altitude>197.815043807729</altitude>
			<heading>30.30361662583515</heading>
			<tilt>43.82162163909499</tilt>
			<gx:fovy>35</gx:fovy>
			<range>210.9946798805323</range>
			<altitudeMode>absolute</altitudeMode>
		</LookAt>
		<styleUrl>#__managed_style_08855A3D8E2A0419A6C0</styleUrl>
		<Point>
			<coordinates>104.4393640905709,17.30782725681731,198.3383219375939</coordinates>
		</Point>
	</Placemark>
	<Placemark id="09BA8ECF7D2A03DA0C0D">
		<name>MD61-DB-22-0501-201+740</name>
		<LookAt>
			<longitude>104.4395590581871</longitude>
			<latitude>17.30731600960984</latitude>
			<altitude>196.2702708097609</altitude>
			<heading>41.21008589769265</heading>
			<tilt>31.80619240950357</tilt>
			<gx:fovy>35</gx:fovy>
			<range>149.2892120586112</range>
			<altitudeMode>absolute</altitudeMode>
		</LookAt>
		<styleUrl>#__managed_style_08855A3D8E2A0419A6C0</styleUrl>
		<Point>
			<coordinates>104.4396207023643,17.30763512083903,197.0896603480599</coordinates>
		</Point>
	</Placemark>
	<Placemark id="082BBB52012A03DBCC07">
		<name>MD62-DB-22-0501-201+775</name>
		<LookAt>
			<longitude>104.439564417594</longitude>
			<latitude>17.30731452095796</latitude>
			<altitude>196.2702587951521</altitude>
			<heading>41.25486032942307</heading>
			<tilt>30.22634569982186</tilt>
			<gx:fovy>35</gx:fovy>
			<range>150.8576286184871</range>
			<altitudeMode>absolute</altitudeMode>
		</LookAt>
		<styleUrl>#__managed_style_08855A3D8E2A0419A6C0</styleUrl>
		<Point>
			<coordinates>104.4398708060739,17.30745492392288,196.8504268158595</coordinates>
		</Point>
	</Placemark>
	<Placemark id="08EAFB2F7A2A03DC5EDB">
		<name>MD63-DB-22-0501-201+810</name>
		<Camera>
			<gx:ViewerOptions>
				<gx:option name="streetview"></gx:option>
				<gx:streetViewPanoId>D-CzyiW4koHoCsyU-l7rjg</gx:streetViewPanoId>
			</gx:ViewerOptions>
			<longitude>104.4400355329818</longitude>
			<latitude>17.30721380092645</latitude>
			<altitude>201.2218933105469</altitude>
			<heading>56.38889454520769</heading>
			<tilt>85.66937636256084</tilt>
			<roll>0</roll>
			<gx:fovy>59.99999999161943</gx:fovy>
			<altitudeMode>absolute</altitudeMode>
		</Camera>
		<styleUrl>#__managed_style_08855A3D8E2A0419A6C0</styleUrl>
		<Point>
			<altitudeMode>relativeToGround</altitudeMode>
			<coordinates>104.4400887408401,17.3072887633397,0</coordinates>
		</Point>
	</Placemark>
	<Placemark id="040A0094F12A03E20392">
		<name>MD64-DB-22-0501-201+845</name>
		<Camera>
			<gx:ViewerOptions>
				<gx:option name="streetview"></gx:option>
				<gx:streetViewPanoId>Wdk0Bel4gbovXIV256mmZA</gx:streetViewPanoId>
			</gx:ViewerOptions>
			<longitude>104.4403084272947</longitude>
			<latitude>17.30701555704891</latitude>
			<altitude>201.336877251871</altitude>
			<heading>43.90757144348959</heading>
			<tilt>85</tilt>
			<roll>0</roll>
			<gx:fovy>60</gx:fovy>
			<altitudeMode>absolute</altitudeMode>
		</Camera>
		<styleUrl>#__managed_style_08855A3D8E2A0419A6C0</styleUrl>
		<Point>
			<altitudeMode>relativeToGround</altitudeMode>
			<coordinates>104.4403516520265,17.30710341998101,0</coordinates>
		</Point>
	</Placemark>
	<Placemark id="09225938B52A03E2F589">
		<name>MD65-DB-22-0501-201+880</name>
		<LookAt>
			<longitude>104.4406281119656</longitude>
			<latitude>17.30665761335454</latitude>
			<altitude>199.8439393169137</altitude>
			<heading>43.90768928706693</heading>
			<tilt>0</tilt>
			<gx:fovy>35</gx:fovy>
			<range>143.7876495977798</range>
			<altitudeMode>absolute</altitudeMode>
		</LookAt>
		<styleUrl>#__managed_style_08855A3D8E2A0419A6C0</styleUrl>
		<Point>
			<coordinates>104.4406095794115,17.30692068708399,199.8560280741892</coordinates>
		</Point>
	</Placemark>
	<Placemark id="0C062FC1662A03E3EFB1">
		<name>MD66-DB-22-0501-20+915</name>
		<Camera>
			<gx:ViewerOptions>
				<gx:option name="streetview"></gx:option>
				<gx:streetViewPanoId>14FeA71GqcXcxZyVw2SYwQ</gx:streetViewPanoId>
			</gx:ViewerOptions>
			<longitude>104.4407638741</longitude>
			<latitude>17.30668704220956</latitude>
			<altitude>201.6191093560678</altitude>
			<heading>56.7728011432386</heading>
			<tilt>85.30613471965471</tilt>
			<roll>0</roll>
			<gx:fovy>59.99999999999999</gx:fovy>
			<altitudeMode>absolute</altitudeMode>
		</Camera>
		<styleUrl>#__managed_style_08855A3D8E2A0419A6C0</styleUrl>
		<Point>
			<altitudeMode>relativeToGround</altitudeMode>
			<coordinates>104.440823060264,17.30676218481668,0</coordinates>
		</Point>
	</Placemark>
	<Placemark id="080FA812852A03E55D05">
		<name>MD67-DB-22-0501-201+950</name>
		<LookAt>
			<longitude>104.4408937016799</longitude>
			<latitude>17.3063879178592</latitude>
			<altitude>198.734838917705</altitude>
			<heading>56.77283420726918</heading>
			<tilt>0</tilt>
			<gx:fovy>35</gx:fovy>
			<range>127.9884651621979</range>
			<altitudeMode>absolute</altitudeMode>
		</LookAt>
		<styleUrl>#__managed_style_08855A3D8E2A0419A6C0</styleUrl>
		<Point>
			<coordinates>104.4410965744829,17.30656697799233,199.0021494630079</coordinates>
		</Point>
	</Placemark>
	<Placemark id="0CAFBBF6FF2A03E5E71C">
		<name>MD68-DB-22-0501-201+985</name>
		<LookAt>
			<longitude>104.4411490857185</longitude>
			<latitude>17.30623188155688</latitude>
			<altitude>198.1582783868666</altitude>
			<heading>56.77291017915707</heading>
			<tilt>0</tilt>
			<gx:fovy>35</gx:fovy>
			<range>128.5650311238714</range>
			<altitudeMode>absolute</altitudeMode>
		</LookAt>
		<styleUrl>#__managed_style_08855A3D8E2A0419A6C0</styleUrl>
		<Point>
			<coordinates>104.4413676600736,17.30637068733941,198.3463342738827</coordinates>
		</Point>
	</Placemark>
	<Placemark id="0EC8C4C6312A03E74039">
		<name>MD69-DB-22-0501-202+020</name>
		<LookAt>
			<longitude>104.4413875817401</longitude>
			<latitude>17.30603818450379</latitude>
			<altitude>198.1246877997216</altitude>
			<heading>56.77299084149296</heading>
			<tilt>0</tilt>
			<gx:fovy>35</gx:fovy>
			<range>162.705553859214</range>
			<altitudeMode>absolute</altitudeMode>
		</LookAt>
		<styleUrl>#__managed_style_08855A3D8E2A0419A6C0</styleUrl>
		<Point>
			<coordinates>104.4416312389015,17.30617981052863,198.4105751806846</coordinates>
		</Point>
	</Placemark>
	<Placemark id="077E62D4062A03E827BB">
		<name>MD70-DB-22-0501-202+055</name>
		<LookAt>
			<longitude>104.4416009092344</longitude>
			<latitude>17.3061463289147</latitude>
			<altitude>198.1247626360366</altitude>
			<heading>215.0107250100675</heading>
			<tilt>0</tilt>
			<gx:fovy>35</gx:fovy>
			<range>183.892603041968</range>
			<altitudeMode>absolute</altitudeMode>
		</LookAt>
		<styleUrl>#__managed_style_08855A3D8E2A0419A6C0</styleUrl>
		<Point>
			<coordinates>104.4418508506103,17.30601029238182,199.6204375580788</coordinates>
		</Point>
	</Placemark>
	<Placemark id="02E755B6602A03E98F5C">
		<name>MD71-DB-22-0501-205+090</name>
		<LookAt>
			<longitude>104.4417066201179</longitude>
			<latitude>17.30628338033034</latitude>
			<altitude>198.1247398418069</altitude>
			<heading>27.79797632536716</heading>
			<tilt>0</tilt>
			<gx:fovy>35</gx:fovy>
			<range>318.2134896580465</range>
			<altitudeMode>absolute</altitudeMode>
		</LookAt>
		<styleUrl>#__managed_style_08855A3D8E2A0419A6C0</styleUrl>
		<Point>
			<coordinates>104.4421134330564,17.30582087585283,200.0853967749236</coordinates>
		</Point>
	</Placemark>
	<Placemark id="092F81193F2A03EB28BB">
		<name>MD72-DB-22-0501-202+125</name>
		<LookAt>
			<longitude>104.4422810684667</longitude>
			<latitude>17.3054362648828</latitude>
			<altitude>198.1317067192153</altitude>
			<heading>69.90278784875343</heading>
			<tilt>0</tilt>
			<gx:fovy>35</gx:fovy>
			<range>155.0856283496978</range>
			<altitudeMode>absolute</altitudeMode>
		</LookAt>
		<styleUrl>#__managed_style_08855A3D8E2A0419A6C0</styleUrl>
		<Point>
			<coordinates>104.4423836978099,17.30563652230478,198.4030044478533</coordinates>
		</Point>
	</Placemark>
	<Placemark id="09C259E5302A03EC377E">
		<name>MD73-DB-22-0501-202+160</name>
		<LookAt>
			<longitude>104.4424333444093</longitude>
			<latitude>17.3054574392228</latitude>
			<altitude>197.8848986759799</altitude>
			<heading>69.90271133481586</heading>
			<tilt>0</tilt>
			<gx:fovy>35</gx:fovy>
			<range>102.3527191471294</range>
			<altitudeMode>absolute</altitudeMode>
		</LookAt>
		<styleUrl>#__managed_style_08855A3D8E2A0419A6C0</styleUrl>
		<Point>
			<coordinates>104.4425680074682,17.30549810631334,197.4553245992101</coordinates>
		</Point>
	</Placemark>
	<Placemark id="0A09DA018D2A03ED4074">
		<name>MD74-DB-22-0501-202+195</name>
		<Camera>
			<gx:ViewerOptions>
				<gx:option name="streetview"></gx:option>
				<gx:streetViewPanoId>5SE1BrZZbNxo37sraiib5Q</gx:streetViewPanoId>
			</gx:ViewerOptions>
			<longitude>104.4427772020756</longitude>
			<latitude>17.30525086215201</latitude>
			<altitude>202.3547973632812</altitude>
			<heading>23.79272135923382</heading>
			<tilt>72.93763026896613</tilt>
			<roll>0</roll>
			<gx:fovy>59.99999999999999</gx:fovy>
			<altitudeMode>absolute</altitudeMode>
		</Camera>
		<styleUrl>#__managed_style_08855A3D8E2A0419A6C0</styleUrl>
		<Point>
			<altitudeMode>relativeToGround</altitudeMode>
			<coordinates>104.4428297710251,17.30530949091337,0</coordinates>
		</Point>
	</Placemark>
	<Placemark id="0E530CE1592A03EE8268">
		<name>MD75-DB-22-0501-202+230</name>
		<LookAt>
			<longitude>104.4426400776924</longitude>
			<latitude>17.30508345189803</latitude>
			<altitude>198.6507867230065</altitude>
			<heading>132.4615006248982</heading>
			<tilt>0</tilt>
			<gx:fovy>35</gx:fovy>
			<range>199.5676830217781</range>
			<altitudeMode>absolute</altitudeMode>
		</LookAt>
		<styleUrl>#__managed_style_08855A3D8E2A0419A6C0</styleUrl>
		<Point>
			<coordinates>104.4431027871889,17.30511674510516,198.4033339098987</coordinates>
		</Point>
	</Placemark>
	<Placemark id="0C48D0FF772A03EF2EBC">
		<name>MD76-DB-22-0501-202+265</name>
		<LookAt>
			<longitude>104.442990860298</longitude>
			<latitude>17.30488435822832</latitude>
			<altitude>198.0510461808328</altitude>
			<heading>132.4616049689237</heading>
			<tilt>0</tilt>
			<gx:fovy>35</gx:fovy>
			<range>200.1674265828115</range>
			<altitudeMode>absolute</altitudeMode>
		</LookAt>
		<styleUrl>#__managed_style_08855A3D8E2A0419A6C0</styleUrl>
		<Point>
			<coordinates>104.4433388684068,17.30493821328588,197.8701235499844</coordinates>
		</Point>
	</Placemark>
	<Placemark id="021F16674C2A03EFE08B">
		<name>MD76-DB-22-0501-202+300</name>
		<LookAt>
			<longitude>104.4431425901954</longitude>
			<latitude>17.30476679221612</latitude>
			<altitude>198.1247223539234</altitude>
			<heading>132.4616501023871</heading>
			<tilt>0</tilt>
			<gx:fovy>35</gx:fovy>
			<range>200.0937449944468</range>
			<altitudeMode>absolute</altitudeMode>
		</LookAt>
		<styleUrl>#__managed_style_08855A3D8E2A0419A6C0</styleUrl>
		<Point>
			<coordinates>104.4435958094211,17.30475284294447,198.261374959706</coordinates>
		</Point>
	</Placemark>
	<Placemark id="07D5CB051C2A03F2EB1A">
		<name>MD77-DB-22-0501-202+335</name>
		<LookAt>
			<longitude>104.4434170222261</longitude>
			<latitude>17.30459191926236</latitude>
			<altitude>198.1246771842001</altitude>
			<heading>132.461723511381</heading>
			<tilt>0</tilt>
			<gx:fovy>35</gx:fovy>
			<range>200.0938377048442</range>
			<altitudeMode>absolute</altitudeMode>
		</LookAt>
		<styleUrl>#__managed_style_08855A3D8E2A0419A6C0</styleUrl>
		<Point>
			<coordinates>104.4438421282062,17.30457453419893,197.9333375350072</coordinates>
		</Point>
	</Placemark>
	<Placemark id="0A33945F6B2A03F45B65">
		<name>MD78-DB-22-0501-202+370</name>
		<LookAt>
			<longitude>104.4435926560098</longitude>
			<latitude>17.30464224196455</latitude>
			<altitude>198.1139560633593</altitude>
			<heading>126.0467133473483</heading>
			<tilt>5.300044236889762</tilt>
			<gx:fovy>35</gx:fovy>
			<range>253.9372552255372</range>
			<altitudeMode>absolute</altitudeMode>
		</LookAt>
		<styleUrl>#__managed_style_08855A3D8E2A0419A6C0</styleUrl>
		<Point>
			<coordinates>104.4440618982194,17.30441621534021,197.6744420711179</coordinates>
		</Point>
	</Placemark>
	<Placemark id="0507985F2E2A03F6B78C">
		<name>MD79-DB-22-0501-202+405</name>
		<LookAt>
			<longitude>104.4440377747348</longitude>
			<latitude>17.30430972698849</latitude>
			<altitude>197.884468191399</altitude>
			<heading>89.39415217652578</heading>
			<tilt>0.1347989219110707</tilt>
			<gx:fovy>35</gx:fovy>
			<range>181.7700912029977</range>
			<altitudeMode>absolute</altitudeMode>
		</LookAt>
		<styleUrl>#__managed_style_08855A3D8E2A0419A6C0</styleUrl>
		<Point>
			<coordinates>104.4443108222377,17.30424013783244,197.4943123116839</coordinates>
		</Point>
	</Placemark>
	<Placemark id="0EB48B89922A03F81228">
		<name>MD80-DB-22-0501-202+435</name>
		<LookAt>
			<longitude>104.4443995681935</longitude>
			<latitude>17.304108887168</latitude>
			<altitude>197.4957304392964</altitude>
			<heading>77.17798721982437</heading>
			<tilt>0</tilt>
			<gx:fovy>35</gx:fovy>
			<range>151.0632371024076</range>
			<altitudeMode>absolute</altitudeMode>
		</LookAt>
		<styleUrl>#__managed_style_08855A3D8E2A0419A6C0</styleUrl>
		<Point>
			<coordinates>104.4445302332089,17.30407869749605,197.6879598365391</coordinates>
		</Point>
	</Placemark>
	<Placemark id="085B5216902A03F95681">
		<name>MD81-DB-22-0501-202+465</name>
		<LookAt>
			<longitude>104.4443995673496</longitude>
			<latitude>17.30410888780197</latitude>
			<altitude>197.4957398707573</altitude>
			<heading>77.17822148711939</heading>
			<tilt>0</tilt>
			<gx:fovy>35</gx:fovy>
			<range>151.0641178511833</range>
			<altitudeMode>absolute</altitudeMode>
		</LookAt>
		<styleUrl>#__managed_style_08855A3D8E2A0419A6C0</styleUrl>
		<Point>
			<coordinates>104.4447938876639,17.30388192755247,197.8145001462691</coordinates>
		</Point>
	</Placemark>
	<Placemark id="0D546E16B32A03FAFC50">
		<name>MD82-DB-22-0501-202+470</name>
		<LookAt>
			<longitude>104.4449397019756</longitude>
			<latitude>17.30375214520794</latitude>
			<altitude>197.1975353524035</altitude>
			<heading>77.83033486493161</heading>
			<tilt>0.08207270970980686</tilt>
			<gx:fovy>35</gx:fovy>
			<range>141.2015741828145</range>
			<altitudeMode>absolute</altitudeMode>
		</LookAt>
		<styleUrl>#__managed_style_08855A3D8E2A0419A6C0</styleUrl>
		<Point>
			<coordinates>104.4450445414699,17.30371112289327,197.4180978041742</coordinates>
		</Point>
	</Placemark>
	<Placemark id="0CE77BA0AB2A03FBC355">
		<name>MD83-DB-22-0501-202+505</name>
		<LookAt>
			<longitude>104.4452005969705</longitude>
			<latitude>17.30353000059364</latitude>
			<altitude>197.2672581787875</altitude>
			<heading>61.37997810510299</heading>
			<tilt>0.2965669079042417</tilt>
			<gx:fovy>35</gx:fovy>
			<range>126.1068033469746</range>
			<altitudeMode>absolute</altitudeMode>
		</LookAt>
		<styleUrl>#__managed_style_08855A3D8E2A0419A6C0</styleUrl>
		<Point>
			<coordinates>104.4452871335697,17.30353010295253,197.6931240276661</coordinates>
		</Point>
	</Placemark>
	<Placemark id="05F37A85332A03FC8A2A">
		<name>MD84-DB-22-0501-202+540</name>
		<LookAt>
			<longitude>104.445441540849</longitude>
			<latitude>17.3033546236547</latitude>
			<altitude>198.4658549734943</altitude>
			<heading>20.53366089151565</heading>
			<tilt>0.1064265514247066</tilt>
			<gx:fovy>35</gx:fovy>
			<range>118.5285859275064</range>
			<altitudeMode>absolute</altitudeMode>
		</LookAt>
		<styleUrl>#__managed_style_08855A3D8E2A0419A6C0</styleUrl>
		<Point>
			<coordinates>104.4455122589317,17.30336160146074,198.5180173744134</coordinates>
		</Point>
	</Placemark>
	<Placemark id="09546BDC942A03FE0A76">
		<name>MD85-DB-22-0501-202+575</name>
		<LookAt>
			<longitude>104.4455515544923</longitude>
			<latitude>17.30327475025378</latitude>
			<altitude>198.5250119041624</altitude>
			<heading>85.62075913806451</heading>
			<tilt>0</tilt>
			<gx:fovy>35</gx:fovy>
			<range>99.12370871472379</range>
			<altitudeMode>absolute</altitudeMode>
		</LookAt>
		<styleUrl>#__managed_style_08855A3D8E2A0419A6C0</styleUrl>
		<Point>
			<coordinates>104.4457991105542,17.30315543194088,198.2130470825828</coordinates>
		</Point>
	</Placemark>
	<Placemark id="076A87DF402A0400B599">
		<name>MD86-DB-22-0501-202+610</name>
		<LookAt>
			<longitude>104.4459719220535</longitude>
			<latitude>17.30296213048855</latitude>
			<altitude>196.7783653571702</altitude>
			<heading>39.84569631248182</heading>
			<tilt>0</tilt>
			<gx:fovy>35</gx:fovy>
			<range>149.675999836727</range>
			<altitudeMode>absolute</altitudeMode>
		</LookAt>
		<styleUrl>#__managed_style_08855A3D8E2A0419A6C0</styleUrl>
		<Point>
			<coordinates>104.4460401743544,17.3029861935958,196.5251617594714</coordinates>
		</Point>
	</Placemark>
	<Placemark id="02F494CD672A04017CD0">
		<name>MD87-DB-22-0501-202+645</name>
		<LookAt>
			<longitude>104.4459452040121</longitude>
			<latitude>17.30287444047384</latitude>
			<altitude>196.7474171535732</altitude>
			<heading>45.53658258909585</heading>
			<tilt>0</tilt>
			<gx:fovy>35</gx:fovy>
			<range>159.1735542591778</range>
			<altitudeMode>absolute</altitudeMode>
		</LookAt>
		<styleUrl>#__managed_style_08855A3D8E2A0419A6C0</styleUrl>
		<Point>
			<coordinates>104.4462870874652,17.30280618158573,196.149089607534</coordinates>
		</Point>
	</Placemark>
	<Placemark id="0F4AE93EF82A040236D0">
		<name>MD88-DB-22-0501-202+680</name>
		<LookAt>
			<longitude>104.446519506267</longitude>
			<latitude>17.30255465409406</latitude>
			<altitude>198.0576357559521</altitude>
			<heading>32.56732865546266</heading>
			<tilt>0.1644114372411757</tilt>
			<gx:fovy>35</gx:fovy>
			<range>259.7248640288672</range>
			<altitudeMode>absolute</altitudeMode>
		</LookAt>
		<styleUrl>#__managed_style_08855A3D8E2A0419A6C0</styleUrl>
		<Point>
			<coordinates>104.4465361231451,17.30262852494652,197.8132516948185</coordinates>
		</Point>
	</Placemark>
	<Placemark id="05ED549FAF2A0402DD59">
		<name>MD89-DB-22-0501-202+715</name>
		<LookAt>
			<longitude>104.446593510951</longitude>
			<latitude>17.30246467286003</latitude>
			<altitude>198.7414404282129</altitude>
			<heading>110.7544874482384</heading>
			<tilt>0</tilt>
			<gx:fovy>35</gx:fovy>
			<range>180.008385053261</range>
			<altitudeMode>absolute</altitudeMode>
		</LookAt>
		<styleUrl>#__managed_style_08855A3D8E2A0419A6C0</styleUrl>
		<Point>
			<coordinates>104.446778699445,17.30245094200937,198.8947592137964</coordinates>
		</Point>
	</Placemark>
	<Placemark id="0AE2178B012A0403B194">
		<name>MD90-DB-22-0501-202+750</name>
		<LookAt>
			<longitude>104.4468350208278</longitude>
			<latitude>17.30238128408938</latitude>
			<altitude>198.8299978862028</altitude>
			<heading>44.38334788684735</heading>
			<tilt>0</tilt>
			<gx:fovy>35</gx:fovy>
			<range>121.0207688874652</range>
			<altitudeMode>absolute</altitudeMode>
		</LookAt>
		<styleUrl>#__managed_style_08855A3D8E2A0419A6C0</styleUrl>
		<Point>
			<coordinates>104.4470209766367,17.30227734147688,198.4720422349658</coordinates>
		</Point>
	</Placemark>
	<Placemark id="0A1FFB7A6D2A04048142">
		<name>MD91-DB-22-0501-202+785</name>
		<LookAt>
			<longitude>104.4474236081944</longitude>
			<latitude>17.30200101338416</latitude>
			<altitude>197.2197265570452</altitude>
			<heading>25.11152984201091</heading>
			<tilt>16.0347684335015</tilt>
			<gx:fovy>35</gx:fovy>
			<range>171.949000671084</range>
			<altitudeMode>absolute</altitudeMode>
		</LookAt>
		<styleUrl>#__managed_style_08855A3D8E2A0419A6C0</styleUrl>
		<Point>
			<coordinates>104.4472771773105,17.30209248702559,197.6334144706251</coordinates>
		</Point>
	</Placemark>
	<Placemark id="01E5E644D62A04053FD2">
		<name>MD92-DB-22-0501-202+820</name>
		<LookAt>
			<longitude>104.447371728919</longitude>
			<latitude>17.30193378246783</latitude>
			<altitude>197.5540662061793</altitude>
			<heading>8.707576895628616</heading>
			<tilt>0</tilt>
			<gx:fovy>35</gx:fovy>
			<range>249.9575918826667</range>
			<altitudeMode>absolute</altitudeMode>
		</LookAt>
		<styleUrl>#__managed_style_08855A3D8E2A0419A6C0</styleUrl>
		<Point>
			<coordinates>104.4475278671744,17.30191678451811,197.5873583737537</coordinates>
		</Point>
	</Placemark>
	<Placemark id="0E93013E1C2A040627B8">
		<name>MD93-DB-22-0501-202+855</name>
		<LookAt>
			<longitude>104.4475856236862</longitude>
			<latitude>17.30181646900092</latitude>
			<altitude>197.7248223865362</altitude>
			<heading>45.19956447132299</heading>
			<tilt>0</tilt>
			<gx:fovy>35</gx:fovy>
			<range>92.72625671143943</range>
			<altitudeMode>absolute</altitudeMode>
		</LookAt>
		<styleUrl>#__managed_style_08855A3D8E2A0419A6C0</styleUrl>
		<Point>
			<coordinates>104.4477418485383,17.30176182648142,198.3463639000171</coordinates>
		</Point>
	</Placemark>
	<Placemark id="0DF00D9B8F2A0407652A">
		<name>MD94-DB-22-0501-202+890</name>
		<LookAt>
			<longitude>104.4479586688626</longitude>
			<latitude>17.30152719563759</latitude>
			<altitude>198.8223220351153</altitude>
			<heading>44.70234499988985</heading>
			<tilt>0</tilt>
			<gx:fovy>35</gx:fovy>
			<range>106.6478527948857</range>
			<altitudeMode>absolute</altitudeMode>
		</LookAt>
		<styleUrl>#__managed_style_08855A3D8E2A0419A6C0</styleUrl>
		<Point>
			<coordinates>104.4478819279955,17.30167751455257,198.6107708445934</coordinates>
		</Point>
	</Placemark>
	<Placemark id="092F75985C2A040ABB20">
		<name>MD95-DB-22-0501-202+925</name>
		<Camera>
			<gx:ViewerOptions>
				<gx:option name="streetview"></gx:option>
				<gx:streetViewPanoId>KBNktFChYVKCQSk3MZjUyg</gx:streetViewPanoId>
			</gx:ViewerOptions>
			<longitude>104.4480091935015</longitude>
			<latitude>17.30154281124823</latitude>
			<altitude>200.9809454432866</altitude>
			<heading>24.8212971119264</heading>
			<tilt>85</tilt>
			<roll>0</roll>
			<gx:fovy>60</gx:fovy>
			<altitudeMode>absolute</altitudeMode>
		</Camera>
		<styleUrl>#__managed_style_08855A3D8E2A0419A6C0</styleUrl>
		<Point>
			<altitudeMode>relativeToGround</altitudeMode>
			<coordinates>104.448032899284,17.30158307101853,0</coordinates>
		</Point>
	</Placemark>
	<Placemark id="01D8EE3DEA2A040E81E8">
		<name>MD96-DB-22-0501-202+960</name>
		<LookAt>
			<longitude>104.4480813761589</longitude>
			<latitude>17.30138165198607</latitude>
			<altitude>199.8561004451401</altitude>
			<heading>72.13545268512647</heading>
			<tilt>37.59188510723184</tilt>
			<gx:fovy>35</gx:fovy>
			<range>78.44267288119228</range>
			<altitudeMode>absolute</altitudeMode>
		</LookAt>
		<styleUrl>#__managed_style_08855A3D8E2A0419A6C0</styleUrl>
		<Point>
			<coordinates>104.4482632745948,17.30143651360509,200.1121012490445</coordinates>
		</Point>
	</Placemark>
	<Placemark id="014DC2BF842A040FDA5F">
		<name>MD97-DB-22-0501-202+995</name>
		<Camera>
			<gx:ViewerOptions>
				<gx:option name="streetview"></gx:option>
				<gx:streetViewPanoId>FSfMmRQLZ8OQNMBkoMuO_w</gx:streetViewPanoId>
			</gx:ViewerOptions>
			<longitude>104.4484965567648</longitude>
			<latitude>17.30126170774395</latitude>
			<altitude>200.9214477539062</altitude>
			<heading>45.30805113724183</heading>
			<tilt>75.67884108057093</tilt>
			<roll>0</roll>
			<gx:fovy>59.99999999999999</gx:fovy>
			<altitudeMode>absolute</altitudeMode>
		</Camera>
		<styleUrl>#__managed_style_08855A3D8E2A0419A6C0</styleUrl>
		<Point>
			<altitudeMode>relativeToGround</altitudeMode>
			<coordinates>104.4485114112268,17.30129370531631,0</coordinates>
		</Point>
	</Placemark>
	<Placemark id="0F34642DF32A04133965">
		<name>MD98-DB-22-0501-203+030</name>
		<LookAt>
			<longitude>104.4486607314887</longitude>
			<latitude>17.30122888474601</latitude>
			<altitude>200.2876646220208</altitude>
			<heading>77.40978243556511</heading>
			<tilt>0</tilt>
			<gx:fovy>35</gx:fovy>
			<range>88.36636485107194</range>
			<altitudeMode>absolute</altitudeMode>
		</LookAt>
		<styleUrl>#__managed_style_08855A3D8E2A0419A6C0</styleUrl>
		<Point>
			<coordinates>104.4487702425788,17.30114859623041,200.5286008665452</coordinates>
		</Point>
	</Placemark>
	<Placemark id="00E7812C2B2A04146F26">
		<name>MD99-DB-22-0501-203+065</name>
		<LookAt>
			<longitude>104.4488231596945</longitude>
			<latitude>17.30110180497685</latitude>
			<altitude>200.143196272846</altitude>
			<heading>95.5444605487648</heading>
			<tilt>0</tilt>
			<gx:fovy>35</gx:fovy>
			<range>192.6221097656344</range>
			<altitudeMode>absolute</altitudeMode>
		</LookAt>
		<styleUrl>#__managed_style_08855A3D8E2A0419A6C0</styleUrl>
		<Point>
			<coordinates>104.4490873159285,17.30098517797409,199.3939700587649</coordinates>
		</Point>
	</Placemark>
	<Placemark id="006DBD3FF12A041A1B02">
		<name>MD100-DB-22-0501-203+100</name>
		<Camera>
			<gx:ViewerOptions>
				<gx:option name="streetview"></gx:option>
				<gx:streetViewPanoId>peShi6IBjahuGfqVOFCokg</gx:streetViewPanoId>
			</gx:ViewerOptions>
			<longitude>104.4494528097237</longitude>
			<latitude>17.30076062920958</latitude>
			<altitude>201.4077606206404</altitude>
			<heading>350.1086077185901</heading>
			<tilt>81.63165501219059</tilt>
			<roll>0</roll>
			<gx:fovy>59.99999999999999</gx:fovy>
			<altitudeMode>absolute</altitudeMode>
		</Camera>
		<styleUrl>#__managed_style_08855A3D8E2A0419A6C0</styleUrl>
		<Point>
			<altitudeMode>relativeToGround</altitudeMode>
			<coordinates>104.4494156652726,17.30082418413173,0</coordinates>
		</Point>
	</Placemark>
	<Placemark id="05BF8929B62A041B84AB">
		<name>MD101-DB-22-0501-203+135</name>
		<LookAt>
			<longitude>104.449597990703</longitude>
			<latitude>17.30069238548392</latitude>
			<altitude>199.0519880947732</altitude>
			<heading>8.107885365011457</heading>
			<tilt>0.1077303851756439</tilt>
			<gx:fovy>35</gx:fovy>
			<range>129.0467775265643</range>
			<altitudeMode>absolute</altitudeMode>
		</LookAt>
		<styleUrl>#__managed_style_08855A3D8E2A0419A6C0</styleUrl>
		<Point>
			<coordinates>104.4496440796311,17.30072278453536,199.2545318579695</coordinates>
		</Point>
	</Placemark>
	<Placemark id="0E316FFF112A041C7770">
		<name>MD102-DB-22-0501-203+170</name>
		<LookAt>
			<longitude>104.4497579604363</longitude>
			<latitude>17.30060208234908</latitude>
			<altitude>198.9612747041362</altitude>
			<heading>75.44749413955775</heading>
			<tilt>0</tilt>
			<gx:fovy>35</gx:fovy>
			<range>154.7250428476582</range>
			<altitudeMode>absolute</altitudeMode>
		</LookAt>
		<styleUrl>#__managed_style_08855A3D8E2A0419A6C0</styleUrl>
		<Point>
			<coordinates>104.4499546338603,17.30058594591585,199.1227042328296</coordinates>
		</Point>
	</Placemark>
	<Placemark id="09B41391452A041D20F7">
		<name>MD103-DB-22-0501-203+205</name>
		<LookAt>
			<longitude>104.4501813083504</longitude>
			<latitude>17.30044473567831</latitude>
			<altitude>198.5991280824176</altitude>
			<heading>49.19646136996699</heading>
			<tilt>0.1327704126889654</tilt>
			<gx:fovy>35</gx:fovy>
			<range>267.9647555548582</range>
			<altitudeMode>absolute</altitudeMode>
		</LookAt>
		<styleUrl>#__managed_style_08855A3D8E2A0419A6C0</styleUrl>
		<Point>
			<coordinates>104.4501964430016,17.30048657485489,198.9557859038222</coordinates>
		</Point>
	</Placemark>
	<Placemark id="0611C019862A041DCA7E">
		<name>MD104-DB-22-0501-203+240</name>
		<LookAt>
			<longitude>104.450493027422</longitude>
			<latitude>17.30031495485684</latitude>
			<altitude>197.5110706545265</altitude>
			<heading>44.46677487215511</heading>
			<tilt>0.4014862885309327</tilt>
			<gx:fovy>35</gx:fovy>
			<range>231.1421789656015</range>
			<altitudeMode>absolute</altitudeMode>
		</LookAt>
		<styleUrl>#__managed_style_08855A3D8E2A0419A6C0</styleUrl>
		<Point>
			<coordinates>104.4504963901078,17.30035851402879,198.3463567990352</coordinates>
		</Point>
	</Placemark>
	<Placemark id="0B2C232DC82A041EB094">
		<name>MD105-DB-22-0501-203+275</name>
		<LookAt>
			<longitude>104.4506368446015</longitude>
			<latitude>17.30023319782144</latitude>
			<altitude>196.7738645146551</altitude>
			<heading>68.02972173428417</heading>
			<tilt>0</tilt>
			<gx:fovy>35</gx:fovy>
			<range>206.0897667712197</range>
			<altitudeMode>absolute</altitudeMode>
		</LookAt>
		<styleUrl>#__managed_style_08855A3D8E2A0419A6C0</styleUrl>
		<Point>
			<coordinates>104.4507986683171,17.3002442498039,196.7981002844049</coordinates>
		</Point>
	</Placemark>
	<Placemark id="06EA79CD622A041F573C">
		<name>MD106-DB-22-0501-203+310</name>
		<LookAt>
			<longitude>104.4509670726058</longitude>
			<latitude>17.3001099300189</latitude>
			<altitude>196.3858377450325</altitude>
			<heading>71.3611038149884</heading>
			<tilt>0.1998541687987609</tilt>
			<gx:fovy>35</gx:fovy>
			<range>175.1221762666319</range>
			<altitudeMode>absolute</altitudeMode>
		</LookAt>
		<styleUrl>#__managed_style_08855A3D8E2A0419A6C0</styleUrl>
		<Point>
			<coordinates>104.4510746098694,17.30013663950769,196.4899066269465</coordinates>
		</Point>
	</Placemark>
	<Placemark id="009A3EE9ED2A04208CCF">
		<name>MD-107-DB-22-0501-203+345</name>
		<LookAt>
			<longitude>104.4512439387687</longitude>
			<latitude>17.30004192787872</latitude>
			<altitude>196.648609746026</altitude>
			<heading>17.35941421561585</heading>
			<tilt>0.3890092245238019</tilt>
			<gx:fovy>35</gx:fovy>
			<range>98.90683591751443</range>
			<altitudeMode>absolute</altitudeMode>
		</LookAt>
		<styleUrl>#__managed_style_08855A3D8E2A0419A6C0</styleUrl>
		<Point>
			<coordinates>104.4513655238973,17.30002611116454,197.1485137127904</coordinates>
		</Point>
	</Placemark>
	<Placemark id="03C335EFA72A04213C43">
		<name>MD107-DB-22-0501-203+380</name>
		<LookAt>
			<longitude>104.4517087257764</longitude>
			<latitude>17.30008887194123</latitude>
			<altitude>198.2213355611697</altitude>
			<heading>9.398719303420584</heading>
			<tilt>23.89888298980208</tilt>
			<gx:fovy>35</gx:fovy>
			<range>304.5533311009786</range>
			<altitudeMode>absolute</altitudeMode>
		</LookAt>
		<styleUrl>#__managed_style_08855A3D8E2A0419A6C0</styleUrl>
		<Point>
			<coordinates>104.451646960612,17.2999170514281,197.9272640584891</coordinates>
		</Point>
	</Placemark>
	<Placemark id="00FF9644E62A0421DC18">
		<name>MD108-DB-22-0501-203+415</name>
		<LookAt>
			<longitude>104.4517058172055</longitude>
			<latitude>17.29983827458893</latitude>
			<altitude>197.6790848742347</altitude>
			<heading>78.51984340058735</heading>
			<tilt>0.1060862073896751</tilt>
			<gx:fovy>35</gx:fovy>
			<range>122.7782914805175</range>
			<altitudeMode>absolute</altitudeMode>
		</LookAt>
		<styleUrl>#__managed_style_08855A3D8E2A0419A6C0</styleUrl>
		<Point>
			<coordinates>104.4519565404332,17.29979956397671,198.6082525070374</coordinates>
		</Point>
	</Placemark>
	<Placemark id="03D9981C152A0422A531">
		<name>MD109-DB-22-0501-203+50</name>
		<LookAt>
			<longitude>104.4521439496889</longitude>
			<latitude>17.29968431028827</latitude>
			<altitude>199.1850194699929</altitude>
			<heading>52.93754754643407</heading>
			<tilt>1.862952457359325</tilt>
			<gx:fovy>35</gx:fovy>
			<range>87.28089992905552</range>
			<altitudeMode>absolute</altitudeMode>
		</LookAt>
		<styleUrl>#__managed_style_08855A3D8E2A0419A6C0</styleUrl>
		<Point>
			<coordinates>104.4522408239513,17.29968880412581,199.9449558614002</coordinates>
		</Point>
	</Placemark>
	<Placemark id="07378AC2712A04235151">
		<name>MS110-DB-22-0501-203+485</name>
		<LookAt>
			<longitude>104.4523403961711</longitude>
			<latitude>17.2996579602755</latitude>
			<altitude>199.7323947702638</altitude>
			<heading>38.05578916326823</heading>
			<tilt>0.5693737719188762</tilt>
			<gx:fovy>35</gx:fovy>
			<range>87.34453982249762</range>
			<altitudeMode>absolute</altitudeMode>
		</LookAt>
		<styleUrl>#__managed_style_08855A3D8E2A0419A6C0</styleUrl>
		<Point>
			<coordinates>104.4525148101266,17.29958464249065,199.6370353297377</coordinates>
		</Point>
	</Placemark>
	<Placemark id="08EE0453222A0423F2C9">
		<name>MD111-DB-22-0501-203+520</name>
		<LookAt>
			<longitude>104.4527934409465</longitude>
			<latitude>17.29939867646955</latitude>
			<altitude>197.4756059850374</altitude>
			<heading>336.953722030306</heading>
			<tilt>0</tilt>
			<gx:fovy>35</gx:fovy>
			<range>162.6746233528684</range>
			<altitudeMode>absolute</altitudeMode>
		</LookAt>
		<styleUrl>#__managed_style_08855A3D8E2A0419A6C0</styleUrl>
		<Point>
			<coordinates>104.4527867482338,17.29947495247989,197.8336050219404</coordinates>
		</Point>
	</Placemark>
	<Placemark id="062366ACD62A042508A3">
		<name>MD112-DB-22-0501-203+555</name>
		<LookAt>
			<longitude>104.4527934415017</longitude>
			<latitude>17.29939867527029</latitude>
			<altitude>197.4756059864521</altitude>
			<heading>336.953722030306</heading>
			<tilt>0</tilt>
			<gx:fovy>35</gx:fovy>
			<range>162.6746233528684</range>
			<altitudeMode>absolute</altitudeMode>
		</LookAt>
		<styleUrl>#__managed_style_08855A3D8E2A0419A6C0</styleUrl>
		<Point>
			<coordinates>104.4530833701956,17.29936212920196,197.4181676158607</coordinates>
		</Point>
	</Placemark>
	<Placemark id="061984275F2A0425FDA1">
		<name>MD113-DB-22-0501-203+590</name>
		<LookAt>
			<longitude>104.4532145753451</longitude>
			<latitude>17.29922510965948</latitude>
			<altitude>197.1027148328764</altitude>
			<heading>19.07620296667643</heading>
			<tilt>1.035603075051113</tilt>
			<gx:fovy>35</gx:fovy>
			<range>99.08818904370492</range>
			<altitudeMode>absolute</altitudeMode>
		</LookAt>
		<styleUrl>#__managed_style_08855A3D8E2A0419A6C0</styleUrl>
		<Point>
			<coordinates>104.4533820645879,17.29924735398633,197.2891887717702</coordinates>
		</Point>
	</Placemark>
	<Placemark id="0CC75EA7872A0427182D">
		<name>MD114-DB-22-0501-203+625</name>
		<LookAt>
			<longitude>104.4533972429352</longitude>
			<latitude>17.299176538204</latitude>
			<altitude>197.0455166031611</altitude>
			<heading>18.10992720643359</heading>
			<tilt>0.6368281998862825</tilt>
			<gx:fovy>35</gx:fovy>
			<range>89.89481164085193</range>
			<altitudeMode>absolute</altitudeMode>
		</LookAt>
		<styleUrl>#__managed_style_08855A3D8E2A0419A6C0</styleUrl>
		<Point>
			<coordinates>104.4536633495488,17.29913829822918,197.4180385037535</coordinates>
		</Point>
	</Placemark>
	<Placemark id="043C45CCBC2A0427B970">
		<name>MD115-DB-22-0501-203+660</name>
		<LookAt>
			<longitude>104.4538729423592</longitude>
			<latitude>17.29899569943341</latitude>
			<altitude>197.8271334438693</altitude>
			<heading>47.22329721518424</heading>
			<tilt>1.655086287953767</tilt>
			<gx:fovy>35</gx:fovy>
			<range>191.1498570655022</range>
			<altitudeMode>absolute</altitudeMode>
		</LookAt>
		<styleUrl>#__managed_style_08855A3D8E2A0419A6C0</styleUrl>
		<Point>
			<coordinates>104.4539512884829,17.29903114146459,197.4460392710215</coordinates>
		</Point>
	</Placemark>
	<Placemark id="0C6F811F592A0428747C">
		<name>MD116-DB-22-0501-203+695</name>
		<LookAt>
			<longitude>104.4541878639069</longitude>
			<latitude>17.29887306301528</latitude>
			<altitude>195.8865736097572</altitude>
			<heading>31.0450233917873</heading>
			<tilt>1.655307088202144</tilt>
			<gx:fovy>35</gx:fovy>
			<range>181.8682367474867</range>
			<altitudeMode>absolute</altitudeMode>
		</LookAt>
		<styleUrl>#__managed_style_08855A3D8E2A0419A6C0</styleUrl>
		<Point>
			<coordinates>104.4542437732117,17.29891279454337,195.6585428950548</coordinates>
		</Point>
	</Placemark>
	<Placemark id="07C3A4FA9C2A042918DC">
		<name>MD117-DB-22-0501-203+730</name>
		<LookAt>
			<longitude>104.4545140445069</longitude>
			<latitude>17.29877386116867</latitude>
			<altitude>193.5396034746686</altitude>
			<heading>-8.163252062774005</heading>
			<tilt>0.6884279565829211</tilt>
			<gx:fovy>35</gx:fovy>
			<range>115.1205053624471</range>
			<altitudeMode>absolute</altitudeMode>
		</LookAt>
		<styleUrl>#__managed_style_08855A3D8E2A0419A6C0</styleUrl>
		<Point>
			<coordinates>104.4545252667529,17.29880380486177,193.8208601773743</coordinates>
		</Point>
	</Placemark>
	<Placemark id="0F9CB389622A042A014A">
		<name>MD118-DB-22-0501-203+765</name>
		<LookAt>
			<longitude>104.4545929235263</longitude>
			<latitude>17.2987296119644</latitude>
			<altitude>193.0831389198034</altitude>
			<heading>19.46858365859265</heading>
			<tilt>0</tilt>
			<gx:fovy>35</gx:fovy>
			<range>178.0859770183633</range>
			<altitudeMode>absolute</altitudeMode>
		</LookAt>
		<styleUrl>#__managed_style_08855A3D8E2A0419A6C0</styleUrl>
		<Point>
			<coordinates>104.4548317938646,17.298683318594,192.4537962978112</coordinates>
		</Point>
	</Placemark>
	<Placemark id="0702DCCE0D2A042B038B">
		<name>MD119-DB-22-0501-203+800</name>
		<LookAt>
			<longitude>104.4550797902864</longitude>
			<latitude>17.29854109810897</latitude>
			<altitude>191.619800070597</altitude>
			<heading>333.9192659297249</heading>
			<tilt>0</tilt>
			<gx:fovy>35</gx:fovy>
			<range>109.4042487987463</range>
			<altitudeMode>absolute</altitudeMode>
		</LookAt>
		<styleUrl>#__managed_style_08855A3D8E2A0419A6C0</styleUrl>
		<Point>
			<coordinates>104.4551117776482,17.29857043577081,192.0211958824891</coordinates>
		</Point>
	</Placemark>
	<Placemark id="0CE22BDAAD2A042C01D8">
		<name>MD120-DB-22-0501-203+835</name>
		<LookAt>
			<longitude>104.4549284890395</longitude>
			<latitude>17.29841132664101</latitude>
			<altitude>191.2092011711291</altitude>
			<heading>12.53624962820656</heading>
			<tilt>0</tilt>
			<gx:fovy>35</gx:fovy>
			<range>186.2739623105881</range>
			<altitudeMode>absolute</altitudeMode>
		</LookAt>
		<styleUrl>#__managed_style_08855A3D8E2A0419A6C0</styleUrl>
		<Point>
			<coordinates>104.4554008559858,17.29846636421063,191.9036526441406</coordinates>
		</Point>
	</Placemark>
	<Placemark id="0DFBA0C93C2A042CD699">
		<name>MD121-DB-22-0501-203+870</name>
		<LookAt>
			<longitude>104.4554117660149</longitude>
			<latitude>17.29823747707878</latitude>
			<altitude>191.9357364158365</altitude>
			<heading>341.7980923491679</heading>
			<tilt>0</tilt>
			<gx:fovy>35</gx:fovy>
			<range>131.5918170018631</range>
			<altitudeMode>absolute</altitudeMode>
		</LookAt>
		<styleUrl>#__managed_style_08855A3D8E2A0419A6C0</styleUrl>
		<Point>
			<coordinates>104.4557186771482,17.29834085668992,192.1394005077539</coordinates>
		</Point>
	</Placemark>
	<Placemark id="0B57465CD72A042DC90B">
		<name>MD122-DB-22-0501-203+905</name>
		<LookAt>
			<longitude>104.4559733585926</longitude>
			<latitude>17.29819259317177</latitude>
			<altitude>192.7669379235561</altitude>
			<heading>-13.72697205925401</heading>
			<tilt>1.015257217253873</tilt>
			<gx:fovy>35</gx:fovy>
			<range>120.5174441397685</range>
			<altitudeMode>absolute</altitudeMode>
		</LookAt>
		<styleUrl>#__managed_style_08855A3D8E2A0419A6C0</styleUrl>
		<Point>
			<coordinates>104.4559709582727,17.29824419166514,192.8876518307828</coordinates>
		</Point>
	</Placemark>
	<Placemark id="035C37331A2A042E7DE7">
		<name>MD123-DB-22-0501-203+940</name>
		<LookAt>
			<longitude>104.4562696371521</longitude>
			<latitude>17.29812341188227</latitude>
			<altitude>193.441846971221</altitude>
			<heading>345.6634795424477</heading>
			<tilt>0</tilt>
			<gx:fovy>35</gx:fovy>
			<range>82.36033614577538</range>
			<altitudeMode>absolute</altitudeMode>
		</LookAt>
		<styleUrl>#__managed_style_08855A3D8E2A0419A6C0</styleUrl>
		<Point>
			<coordinates>104.4562631181293,17.29812898401904,193.6195429208986</coordinates>
		</Point>
	</Placemark>
	<Placemark id="0741FBECDC2A042F9D35">
		<name>MD124-DB-22-0501-203+975</name>
		<LookAt>
			<longitude>104.4564849622087</longitude>
			<latitude>17.29797567254423</latitude>
			<altitude>194.1226679024461</altitude>
			<heading>311.4186803308206</heading>
			<tilt>0</tilt>
			<gx:fovy>35</gx:fovy>
			<range>135.999373595314</range>
			<altitudeMode>absolute</altitudeMode>
		</LookAt>
		<styleUrl>#__managed_style_08855A3D8E2A0419A6C0</styleUrl>
		<Point>
			<coordinates>104.4565419803662,17.29802313867166,194.095289383061</coordinates>
		</Point>
	</Placemark>
	<Placemark id="0D2519B5BA2A04306042">
		<name>MD125-DB-22-0501-204+010</name>
		<LookAt>
			<longitude>104.456818018859</longitude>
			<latitude>17.29786708701947</latitude>
			<altitude>193.6466072659134</altitude>
			<heading>340.6186204443354</heading>
			<tilt>0</tilt>
			<gx:fovy>35</gx:fovy>
			<range>219.7464718659831</range>
			<altitudeMode>absolute</altitudeMode>
		</LookAt>
		<styleUrl>#__managed_style_08855A3D8E2A0419A6C0</styleUrl>
		<Point>
			<coordinates>104.4568093678747,17.29792108669587,193.9287004750283</coordinates>
		</Point>
	</Placemark>
	<Placemark id="0F7F98F5E32A0431314D">
		<name>MD126-DB-22-0501-204+045</name>
		<LookAt>
			<longitude>104.4570957487789</longitude>
			<latitude>17.29772652875722</latitude>
			<altitude>193.4496171553077</altitude>
			<heading>-18.16466652241607</heading>
			<tilt>0.3202157948143621</tilt>
			<gx:fovy>35</gx:fovy>
			<range>108.4798797810799</range>
			<altitudeMode>absolute</altitudeMode>
		</LookAt>
		<styleUrl>#__managed_style_08855A3D8E2A0419A6C0</styleUrl>
		<Point>
			<coordinates>104.4570968373396,17.29780612275695,193.8361290273422</coordinates>
		</Point>
	</Placemark>
	<Placemark id="036BFFB2512A0432CEE8">
		<name>MD127-DB-22-0501-204+080</name>
		<LookAt>
			<longitude>104.4571731155269</longitude>
			<latitude>17.29778004922368</latitude>
			<altitude>193.7992175885791</altitude>
			<heading>66.40899087735491</heading>
			<tilt>0</tilt>
			<gx:fovy>35</gx:fovy>
			<range>124.0808377981375</range>
			<altitudeMode>absolute</altitudeMode>
		</LookAt>
		<styleUrl>#__managed_style_08855A3D8E2A0419A6C0</styleUrl>
		<Point>
			<coordinates>104.4574377712645,17.29767709235962,194.8463650259991</coordinates>
		</Point>
	</Placemark>
	<Placemark id="0AA49BF60C2A0433C768">
		<name>MD128-DB-22-0501-204+115</name>
		<LookAt>
			<longitude>104.4576745015731</longitude>
			<latitude>17.29753975104141</latitude>
			<altitude>195.9964480041174</altitude>
			<heading>4.507540347430603</heading>
			<tilt>0.4374041849942214</tilt>
			<gx:fovy>35</gx:fovy>
			<range>148.5424182184397</range>
			<altitudeMode>absolute</altitudeMode>
		</LookAt>
		<styleUrl>#__managed_style_08855A3D8E2A0419A6C0</styleUrl>
		<Point>
			<coordinates>104.4577006979351,17.29757828739872,196.3159791516481</coordinates>
		</Point>
	</Placemark>
	<Placemark id="06F1E817F62A043459D1">
		<name>MD129-DB-22-0501-204+150</name>
		<LookAt>
			<longitude>104.4579661715074</longitude>
			<latitude>17.29737178732033</latitude>
			<altitude>197.6661951836928</altitude>
			<heading>33.29617127611046</heading>
			<tilt>1.077040443309149</tilt>
			<gx:fovy>35</gx:fovy>
			<range>89.67175042461351</range>
			<altitudeMode>absolute</altitudeMode>
		</LookAt>
		<styleUrl>#__managed_style_08855A3D8E2A0419A6C0</styleUrl>
		<Point>
			<coordinates>104.4579921869016,17.29746577888148,197.3673375901169</coordinates>
		</Point>
	</Placemark>
	<Placemark id="0D30ECD11E2A04357675">
		<name>MD130-DB-22-0501-204+185</name>
		<LookAt>
			<longitude>104.4582096206004</longitude>
			<latitude>17.29731539005699</latitude>
			<altitude>198.2797276381322</altitude>
			<heading>37.00932314473557</heading>
			<tilt>1.080867266112965</tilt>
			<gx:fovy>35</gx:fovy>
			<range>141.4174039880527</range>
			<altitudeMode>absolute</altitudeMode>
		</LookAt>
		<styleUrl>#__managed_style_08855A3D8E2A0419A6C0</styleUrl>
		<Point>
			<coordinates>104.4582622186436,17.29736028909194,198.2588112673551</coordinates>
		</Point>
	</Placemark>
	<Placemark id="0C060642322A043652D5">
		<name>MD131-DB-22-0501-204+220</name>
		<LookAt>
			<longitude>104.4584848572504</longitude>
			<latitude>17.2971442593539</latitude>
			<altitude>199.4385542102168</altitude>
			<heading>50.97609048784258</heading>
			<tilt>1.048513152823022</tilt>
			<gx:fovy>35</gx:fovy>
			<range>96.73481672631171</range>
			<altitudeMode>absolute</altitudeMode>
		</LookAt>
		<styleUrl>#__managed_style_08855A3D8E2A0419A6C0</styleUrl>
		<Point>
			<coordinates>104.45857264643,17.29724216391694,199.5335387935633</coordinates>
		</Point>
	</Placemark>
	<Placemark id="0BDDBCB3932A04372240">
		<name>MD132-DB-22-0501-204+255</name>
		<LookAt>
			<longitude>104.4588278229969</longitude>
			<latitude>17.29706020895527</latitude>
			<altitude>199.1794030937513</altitude>
			<heading>29.16531365357526</heading>
			<tilt>0.4274198152750678</tilt>
			<gx:fovy>35</gx:fovy>
			<range>127.6959754470772</range>
			<altitudeMode>absolute</altitudeMode>
		</LookAt>
		<styleUrl>#__managed_style_08855A3D8E2A0419A6C0</styleUrl>
		<Point>
			<coordinates>104.4588704953042,17.29712838535439,199.598962552</coordinates>
		</Point>
	</Placemark>
	<Placemark id="0172AA134C2A0437CA7B">
		<name>MD133-DB-22-0501-204+290</name>
		<LookAt>
			<longitude>104.459204361999</longitude>
			<latitude>17.29680827802693</latitude>
			<altitude>195.0210254433242</altitude>
			<heading>-0.1474564039897882</heading>
			<tilt>11.04504264504348</tilt>
			<gx:fovy>35</gx:fovy>
			<range>225.8573386475837</range>
			<altitudeMode>absolute</altitudeMode>
		</LookAt>
		<styleUrl>#__managed_style_08855A3D8E2A0419A6C0</styleUrl>
		<Point>
			<coordinates>104.4591596763256,17.29701028081439,196.9088468351749</coordinates>
		</Point>
	</Placemark>
	<Placemark id="0210CEAE8E2A04389960">
		<name>MD134-DB-22-0501-204+325</name>
		<LookAt>
			<longitude>104.45938627823</longitude>
			<latitude>17.29685246843599</latitude>
			<altitude>194.8279017676716</altitude>
			<heading>23.66648599561089</heading>
			<tilt>0</tilt>
			<gx:fovy>35</gx:fovy>
			<range>178.8813858731919</range>
			<altitudeMode>absolute</altitudeMode>
		</LookAt>
		<styleUrl>#__managed_style_08855A3D8E2A0419A6C0</styleUrl>
		<Point>
			<coordinates>104.4594324369152,17.29690784987953,195.1462485109759</coordinates>
		</Point>
	</Placemark>
	<Placemark id="01BAB239522A0439320B">
		<name>MD135-DB-22-0501-204+360</name>
		<LookAt>
			<longitude>104.4596814144451</longitude>
			<latitude>17.29673706899714</latitude>
			<altitude>194.1377643044394</altitude>
			<heading>25.80233267469409</heading>
			<tilt>0.6634615983017842</tilt>
			<gx:fovy>35</gx:fovy>
			<range>210.8799044085026</range>
			<altitudeMode>absolute</altitudeMode>
		</LookAt>
		<styleUrl>#__managed_style_08855A3D8E2A0419A6C0</styleUrl>
		<Point>
			<coordinates>104.4597357872945,17.29679082496788,194.3950122745337</coordinates>
		</Point>
	</Placemark>
	<Placemark id="0104A797C22A0439DC1B">
		<name>MD136-DB-22-0501-204+395</name>
		<LookAt>
			<longitude>104.4599641161809</longitude>
			<latitude>17.29661496123133</latitude>
			<altitude>195.8398990315273</altitude>
			<heading>17.7645072680881</heading>
			<tilt>0</tilt>
			<gx:fovy>35</gx:fovy>
			<range>136.3001261246063</range>
			<altitudeMode>absolute</altitudeMode>
		</LookAt>
		<styleUrl>#__managed_style_08855A3D8E2A0419A6C0</styleUrl>
		<Point>
			<coordinates>104.4600334887554,17.29667753733819,196.0711656243416</coordinates>
		</Point>
	</Placemark>
	<Placemark id="0375DFBA582A043AA204">
		<name>MD137-DB-22-0501-204+430</name>
		<LookAt>
			<longitude>104.4602849722207</longitude>
			<latitude>17.29655335127299</latitude>
			<altitude>195.9612349864319</altitude>
			<heading>28.3648500948306</heading>
			<tilt>0</tilt>
			<gx:fovy>35</gx:fovy>
			<range>104.705535202138</range>
			<altitudeMode>absolute</altitudeMode>
		</LookAt>
		<styleUrl>#__managed_style_08855A3D8E2A0419A6C0</styleUrl>
		<Point>
			<coordinates>104.4603579430829,17.29655029799558,196.1804264143448</coordinates>
		</Point>
	</Placemark>
	<Placemark id="005DB24E432A043B74E1">
		<name>MD-138-DB-22-0501-204+465</name>
		<LookAt>
			<longitude>104.4606672499026</longitude>
			<latitude>17.29635196053224</latitude>
			<altitude>194.895752356413</altitude>
			<heading>-16.24118586337115</heading>
			<tilt>1.04422032704645</tilt>
			<gx:fovy>35</gx:fovy>
			<range>197.2102198580978</range>
			<altitudeMode>absolute</altitudeMode>
		</LookAt>
		<styleUrl>#__managed_style_08855A3D8E2A0419A6C0</styleUrl>
		<Point>
			<coordinates>104.4606694513032,17.29642927442218,195.254624683498</coordinates>
		</Point>
	</Placemark>
	<Placemark id="0325A2DDC62A043C3F8B">
		<name>MD139-DB-22-0501-204+500</name>
		<LookAt>
			<longitude>104.4608743658891</longitude>
			<latitude>17.29627175067752</latitude>
			<altitude>194.4158008751692</altitude>
			<heading>70.88690423151741</heading>
			<tilt>2.171045013357703</tilt>
			<gx:fovy>35</gx:fovy>
			<range>177.2238166773786</range>
			<altitudeMode>absolute</altitudeMode>
		</LookAt>
		<styleUrl>#__managed_style_08855A3D8E2A0419A6C0</styleUrl>
		<Point>
			<coordinates>104.4609316163446,17.29632526291321,194.4666398933711</coordinates>
		</Point>
	</Placemark>
	<Placemark id="05BC99AD372A043D5FD3">
		<name>MD140-DB-22-0501-204+535</name>
		<LookAt>
			<longitude>104.4611752052024</longitude>
			<latitude>17.29615471754975</latitude>
			<altitude>192.8616744709689</altitude>
			<heading>14.24686122473045</heading>
			<tilt>2.791674469260472</tilt>
			<gx:fovy>35</gx:fovy>
			<range>163.7017154908972</range>
			<altitudeMode>absolute</altitudeMode>
		</LookAt>
		<styleUrl>#__managed_style_08855A3D8E2A0419A6C0</styleUrl>
		<Point>
			<coordinates>104.4612459068485,17.29620550473807,193.1324223287455</coordinates>
		</Point>
	</Placemark>
	<Placemark id="0A2AA7587C2A043DC18A">
		<name>MD141-DB-22-0501-204+570</name>
		<LookAt>
			<longitude>104.4611132121651</longitude>
			<latitude>17.29613085966526</latitude>
			<altitude>192.8879338691328</altitude>
			<heading>14.2468611363502</heading>
			<tilt>2.791673325137606</tilt>
			<gx:fovy>35</gx:fovy>
			<range>161.0896232206505</range>
			<altitudeMode>absolute</altitudeMode>
		</LookAt>
		<styleUrl>#__managed_style_08855A3D8E2A0419A6C0</styleUrl>
		<Point>
			<coordinates>104.4615590872536,17.29608965214558,193.1094133604808</coordinates>
		</Point>
	</Placemark>
	<Placemark id="008DB2A0BB2A043E15FF">
		<name>MD142-DB-22-0501-204+605</name>
		<LookAt>
			<longitude>104.4615828544924</longitude>
			<latitude>17.29595112635212</latitude>
			<altitude>192.5675772102382</altitude>
			<heading>14.24700076545209</heading>
			<tilt>2.791673465606061</tilt>
			<gx:fovy>35</gx:fovy>
			<range>161.4103548405911</range>
			<altitudeMode>absolute</altitudeMode>
		</LookAt>
		<styleUrl>#__managed_style_08855A3D8E2A0419A6C0</styleUrl>
		<Point>
			<coordinates>104.4618622987542,17.29596707363649,193.117285094781</coordinates>
		</Point>
	</Placemark>
	<Placemark id="06765684982A043E6086">
		<name>MD143-DB-22-0501-204+640</name>
		<LookAt>
			<longitude>104.461820848469</longitude>
			<latitude>17.29579803625724</latitude>
			<altitude>192.9014572316198</altitude>
			<heading>14.24707152288157</heading>
			<tilt>2.791673319166174</tilt>
			<gx:fovy>35</gx:fovy>
			<range>161.0760875026244</range>
			<altitudeMode>absolute</altitudeMode>
		</LookAt>
		<styleUrl>#__managed_style_08855A3D8E2A0419A6C0</styleUrl>
		<Point>
			<coordinates>104.4621733839524,17.29583422649142,192.4985035905259</coordinates>
		</Point>
	</Placemark>
	<Placemark id="0985C42E462A043EB079">
		<name>MD144-DB-22-0501-204+675</name>
		<LookAt>
			<longitude>104.4621945425411</longitude>
			<latitude>17.29565812563284</latitude>
			<altitude>192.6504147467971</altitude>
			<heading>14.24718262411616</heading>
			<tilt>2.791673429239637</tilt>
			<gx:fovy>35</gx:fovy>
			<range>161.3274253900818</range>
			<altitudeMode>absolute</altitudeMode>
		</LookAt>
		<styleUrl>#__managed_style_08855A3D8E2A0419A6C0</styleUrl>
		<Point>
			<coordinates>104.4624769692684,17.29571365976166,193.0252066710644</coordinates>
		</Point>
	</Placemark>
	<Placemark id="0BD1DEFC442A043EFF82">
		<name>MD145-DB-22-0501-204+710</name>
		<LookAt>
			<longitude>104.4624607541924</longitude>
			<latitude>17.29554427129021</latitude>
			<altitude>193.7436250555284</altitude>
			<heading>14.2472617692395</heading>
			<tilt>2.791672949845225</tilt>
			<gx:fovy>35</gx:fovy>
			<range>160.2329327931148</range>
			<altitudeMode>absolute</altitudeMode>
		</LookAt>
		<styleUrl>#__managed_style_08855A3D8E2A0419A6C0</styleUrl>
		<Point>
			<coordinates>104.4627811644898,17.29560113160835,193.6427522589288</coordinates>
		</Point>
	</Placemark>
	<Placemark id="0A3CAFF7692A043F5FDD">
		<name>MD146-DB-22-0501-204+745</name>
		<LookAt>
			<longitude>104.4628077922279</longitude>
			<latitude>17.29539468845392</latitude>
			<altitude>193.1853126091183</altitude>
			<heading>14.2473649437341</heading>
			<tilt>2.791673194682045</tilt>
			<gx:fovy>35</gx:fovy>
			<range>160.7918953680746</range>
			<altitudeMode>absolute</altitudeMode>
		</LookAt>
		<styleUrl>#__managed_style_08855A3D8E2A0419A6C0</styleUrl>
		<Point>
			<coordinates>104.4631008268607,17.29547567218793,190.8446628383304</coordinates>
		</Point>
	</Placemark>
	<Placemark id="01010932562A043FDE8E">
		<name>MD147-DB-22-0501-204+780</name>
		<LookAt>
			<longitude>104.4628454636455</longitude>
			<latitude>17.29515246523441</latitude>
			<altitude>191.5337996900272</altitude>
			<heading>14.24745569425917</heading>
			<tilt>2.791725997894859</tilt>
			<gx:fovy>35</gx:fovy>
			<range>281.3510244202917</range>
			<altitudeMode>absolute</altitudeMode>
		</LookAt>
		<styleUrl>#__managed_style_08855A3D8E2A0419A6C0</styleUrl>
		<Point>
			<coordinates>104.4634149455426,17.29538509660345,188.8364615754668</coordinates>
		</Point>
	</Placemark>
	<Placemark id="00564395022A0441014E">
		<name>MD148-DB-22-0501-204+815</name>
		<LookAt>
			<longitude>104.4635045427784</longitude>
			<latitude>17.29520825463724</latitude>
			<altitude>188.9101530413255</altitude>
			<heading>19.35240798469808</heading>
			<tilt>0.4852839748340563</tilt>
			<gx:fovy>35</gx:fovy>
			<range>164.4023974971424</range>
			<altitudeMode>absolute</altitudeMode>
		</LookAt>
		<styleUrl>#__managed_style_08855A3D8E2A0419A6C0</styleUrl>
		<Point>
			<coordinates>104.4636443909831,17.29530134297946,189.8872636886932</coordinates>
		</Point>
	</Placemark>
	<Placemark id="0FA8E47ECE2A0441CD78">
		<name>MD149-DB-22-0501-204+850</name>
		<LookAt>
			<longitude>104.4639530101622</longitude>
			<latitude>17.2951289890176</latitude>
			<altitude>193.2612693878194</altitude>
			<heading>22.67240554327732</heading>
			<tilt>1.077650710360089</tilt>
			<gx:fovy>35</gx:fovy>
			<range>74.91571440901681</range>
			<altitudeMode>absolute</altitudeMode>
		</LookAt>
		<styleUrl>#__managed_style_08855A3D8E2A0419A6C0</styleUrl>
		<Point>
			<coordinates>104.4639632621392,17.29517392535926,193.5753059089012</coordinates>
		</Point>
	</Placemark>
	<Placemark id="0C80148E282A04432579">
		<name>MD150-DB-22-0501-204+885</name>
		<LookAt>
			<longitude>104.4641756580562</longitude>
			<latitude>17.29499800773111</latitude>
			<altitude>194.0855471224673</altitude>
			<heading>41.18811638046157</heading>
			<tilt>0.1961694965667</tilt>
			<gx:fovy>35</gx:fovy>
			<range>103.8861954759705</range>
			<altitudeMode>absolute</altitudeMode>
		</LookAt>
		<styleUrl>#__managed_style_08855A3D8E2A0419A6C0</styleUrl>
		<Point>
			<coordinates>104.4642624718766,17.29505627551498,194.0870962620641</coordinates>
		</Point>
	</Placemark>
	<Placemark id="0361E8AB882A0443F0CB">
		<name>MD151-DB-22-0501-204+920</name>
		<LookAt>
			<longitude>104.4645567648364</longitude>
			<latitude>17.29484745664024</latitude>
			<altitude>193.3497146047761</altitude>
			<heading>43.21749362337992</heading>
			<tilt>0.07849975806796256</tilt>
			<gx:fovy>35</gx:fovy>
			<range>74.68681243773972</range>
			<altitudeMode>absolute</altitudeMode>
		</LookAt>
		<styleUrl>#__managed_style_08855A3D8E2A0419A6C0</styleUrl>
		<Point>
			<coordinates>104.4645673619323,17.2949365529823,193.6892937122954</coordinates>
		</Point>
	</Placemark>
	<Placemark id="0FF41625972A0444A5D9">
		<name>MD152-DB-22-0501-204+955</name>
		<LookAt>
			<longitude>104.4648344852116</longitude>
			<latitude>17.29475186353661</latitude>
			<altitude>194.1377996989423</altitude>
			<heading>51.14281840791628</heading>
			<tilt>0.3520940921402637</tilt>
			<gx:fovy>35</gx:fovy>
			<range>154.0518842406527</range>
			<altitudeMode>absolute</altitudeMode>
		</LookAt>
		<styleUrl>#__managed_style_08855A3D8E2A0419A6C0</styleUrl>
		<Point>
			<coordinates>104.4648689415262,17.29480932601256,194.664417124901</coordinates>
		</Point>
	</Placemark>
	<Placemark id="005805BB772A04457739">
		<name>MD153-DB-22-0501-204+990</name>
		<LookAt>
			<longitude>104.465135223115</longitude>
			<latitude>17.29464844317943</latitude>
			<altitude>194.7630245604957</altitude>
			<heading>44.34798490072406</heading>
			<tilt>19.29817507986493</tilt>
			<gx:fovy>35</gx:fovy>
			<range>152.9026461539979</range>
			<altitudeMode>absolute</altitudeMode>
		</LookAt>
		<styleUrl>#__managed_style_08855A3D8E2A0419A6C0</styleUrl>
		<Point>
			<coordinates>104.4651751893671,17.29469362473614,194.7937862836466</coordinates>
		</Point>
	</Placemark>
	<Placemark id="0A82CF8B462A0445C424">
		<name>MD154-DB-22-0501-205+025</name>
		<LookAt>
			<longitude>104.4654038400735</longitude>
			<latitude>17.2944064683597</latitude>
			<altitude>195.6599162427034</altitude>
			<heading>44.3480647561925</heading>
			<tilt>19.2981722556108</tilt>
			<gx:fovy>35</gx:fovy>
			<range>151.9523645802474</range>
			<altitudeMode>absolute</altitudeMode>
		</LookAt>
		<styleUrl>#__managed_style_08855A3D8E2A0419A6C0</styleUrl>
		<Point>
			<coordinates>104.4654715611459,17.29457680073275,196.0182433850955</coordinates>
		</Point>
	</Placemark>
	<Placemark id="0829F2B08A2A0446B9DE">
		<name>MD155-DB-22-0501-205+060</name>
		<LookAt>
			<longitude>104.4656952953693</longitude>
			<latitude>17.29440948272898</latitude>
			<altitude>196.4498466014113</altitude>
			<heading>58.39109505855429</heading>
			<tilt>0</tilt>
			<gx:fovy>35</gx:fovy>
			<range>204.1393949626945</range>
			<altitudeMode>absolute</altitudeMode>
		</LookAt>
		<styleUrl>#__managed_style_08855A3D8E2A0419A6C0</styleUrl>
		<Point>
			<coordinates>104.4658226514182,17.294446796603,196.967516432615</coordinates>
		</Point>
	</Placemark>
	<Placemark id="0E77822AB42A04475F6F">
		<name>MD156-DB-22-0501-205+095</name>
		<LookAt>
			<longitude>104.4660199055206</longitude>
			<latitude>17.29420208797907</latitude>
			<altitude>196.8944496774592</altitude>
			<heading>25.98015215419154</heading>
			<tilt>29.52307527921909</tilt>
			<gx:fovy>35</gx:fovy>
			<range>160.8811986584078</range>
			<altitudeMode>absolute</altitudeMode>
		</LookAt>
		<styleUrl>#__managed_style_08855A3D8E2A0419A6C0</styleUrl>
		<Point>
			<coordinates>104.4661073421787,17.29433762068458,196.6079928014904</coordinates>
		</Point>
	</Placemark>
	<Placemark id="03C1F7EB7B2A0447B016">
		<name>MD157-DB-22-0501-205+130</name>
		<LookAt>
			<longitude>104.4660199055428</longitude>
			<latitude>17.29420208797907</latitude>
			<altitude>196.8944496774592</altitude>
			<heading>25.98015215423181</heading>
			<tilt>29.52307527922838</tilt>
			<gx:fovy>35</gx:fovy>
			<range>160.8811986584078</range>
			<altitudeMode>absolute</altitudeMode>
		</LookAt>
		<styleUrl>#__managed_style_08855A3D8E2A0419A6C0</styleUrl>
		<Point>
			<coordinates>104.4664083024735,17.29422300780041,196.3177237923442</coordinates>
		</Point>
	</Placemark>
	<Placemark id="057A459C432A04482685">
		<name>MD158-DB-22-0501-205+165</name>
		<LookAt>
			<longitude>104.4665914009056</longitude>
			<latitude>17.29392200585949</latitude>
			<altitude>197.6549535189248</altitude>
			<heading>25.98032204662726</heading>
			<tilt>29.52307140619129</tilt>
			<gx:fovy>34.99999999999999</gx:fovy>
			<range>160.0072061529499</range>
			<altitudeMode>absolute</altitudeMode>
		</LookAt>
		<styleUrl>#__managed_style_08855A3D8E2A0419A6C0</styleUrl>
		<Point>
			<coordinates>104.4667116830832,17.29410677750223,196.8917916761651</coordinates>
		</Point>
	</Placemark>
	<Placemark id="0AFB46C2EF2A04487A2F">
		<name>MD159-DB-22-0501-205+200</name>
		<LookAt>
			<longitude>104.4669645088561</longitude>
			<latitude>17.29373431155961</latitude>
			<altitude>199.0579448962493</altitude>
			<heading>25.98043296211512</heading>
			<tilt>29.52306426109052</tilt>
			<gx:fovy>34.99999999999999</gx:fovy>
			<range>158.3948564534876</range>
			<altitudeMode>absolute</altitudeMode>
		</LookAt>
		<styleUrl>#__managed_style_08855A3D8E2A0419A6C0</styleUrl>
		<Point>
			<coordinates>104.4670191680058,17.29398310821135,198.4644951928452</coordinates>
		</Point>
	</Placemark>
	<Placemark id="0FB3A720212A0448CF56">
		<name>MD160-DB-22-0501-205+235</name>
		<LookAt>
			<longitude>104.4672024376942</longitude>
			<latitude>17.29366281481991</latitude>
			<altitude>198.9033963723008</altitude>
			<heading>29.5038166340233</heading>
			<tilt>22.62158837197322</tilt>
			<gx:fovy>34.99999999999999</gx:fovy>
			<range>160.1181341434858</range>
			<altitudeMode>absolute</altitudeMode>
		</LookAt>
		<styleUrl>#__managed_style_08855A3D8E2A0419A6C0</styleUrl>
		<Point>
			<coordinates>104.4673304933795,17.29385975533761,198.8307527810165</coordinates>
		</Point>
	</Placemark>
	<Placemark id="01AB7523852A0449438A">
		<name>MD161-DB-22-0501-205+270</name>
		<LookAt>
			<longitude>104.4675751081983</longitude>
			<latitude>17.29347699722175</latitude>
			<altitude>198.1307553328011</altitude>
			<heading>29.50392741814318</heading>
			<tilt>22.62159126734962</tilt>
			<gx:fovy>34.99999999999999</gx:fovy>
			<range>160.9551815555642</range>
			<altitudeMode>absolute</altitudeMode>
		</LookAt>
		<styleUrl>#__managed_style_08855A3D8E2A0419A6C0</styleUrl>
		<Point>
			<coordinates>104.4676313175259,17.29374263982496,198.197662284374</coordinates>
		</Point>
	</Placemark>
	<Placemark id="03F85DDAE62A04507F79">
		<name>MD162-DB-22-0501-205+270</name>
		<LookAt>
			<longitude>104.4675751082427</longitude>
			<latitude>17.29347699726401</latitude>
			<altitude>198.1307459013402</altitude>
			<heading>29.50392738183417</heading>
			<tilt>22.62145080247881</tilt>
			<gx:fovy>34.99999999999999</gx:fovy>
			<range>160.9551931443639</range>
			<altitudeMode>absolute</altitudeMode>
		</LookAt>
		<styleUrl>#__managed_style_08855A3D8E2A0419A6C0</styleUrl>
		<Point>
			<coordinates>104.4679383056395,17.29362632696355,197.7962660118484</coordinates>
		</Point>
	</Placemark>
	<Placemark id="04C22047322A04511086">
		<name>MD163-DB-22-0501-205+305</name>
		<LookAt>
			<longitude>104.4681855768509</longitude>
			<latitude>17.29327872621294</latitude>
			<altitude>197.3651758234195</altitude>
			<heading>29.50410885403149</heading>
			<tilt>22.62145367136446</tilt>
			<gx:fovy>34.99999999999999</gx:fovy>
			<range>161.7845687710542</range>
			<altitudeMode>absolute</altitudeMode>
		</LookAt>
		<styleUrl>#__managed_style_08855A3D8E2A0419A6C0</styleUrl>
		<Point>
			<coordinates>104.4682355247206,17.29350813639219,196.5832121396867</coordinates>
		</Point>
	</Placemark>
	<Placemark id="0AAB03B3192A04517763">
		<name>MD164-DB-22-0501-205+340</name>
		<LookAt>
			<longitude>104.468460671993</longitude>
			<latitude>17.29317478970647</latitude>
			<altitude>196.4846655829319</altitude>
			<heading>29.5041906301455</heading>
			<tilt>22.62145697096058</tilt>
			<gx:fovy>34.99999999999999</gx:fovy>
			<range>162.7384660503049</range>
			<altitudeMode>absolute</altitudeMode>
		</LookAt>
		<styleUrl>#__managed_style_08855A3D8E2A0419A6C0</styleUrl>
		<Point>
			<coordinates>104.4685433683272,17.29339209814982,196.0678357751441</coordinates>
		</Point>
	</Placemark>
	<Placemark id="078737B06C2A0451CF5B">
		<name>MD165-DB-22-0501-205+375</name>
		<LookAt>
			<longitude>104.4688257426294</longitude>
			<latitude>17.29302311861955</latitude>
			<altitude>194.5539123122028</altitude>
			<heading>29.50429915225892</heading>
			<tilt>22.62146420615312</tilt>
			<gx:fovy>34.99999999999999</gx:fovy>
			<range>164.8301400933269</range>
			<altitudeMode>absolute</altitudeMode>
		</LookAt>
		<styleUrl>#__managed_style_08855A3D8E2A0419A6C0</styleUrl>
		<Point>
			<coordinates>104.4688464492809,17.29327335924441,195.1314273627559</coordinates>
		</Point>
	</Placemark>
	<Placemark id="0731BC3BA32A0452103F">
		<name>MD166-DB-22-0501-205+410</name>
		<LookAt>
			<longitude>104.4688257426294</longitude>
			<latitude>17.29302311859841</latitude>
			<altitude>194.5539123136175</altitude>
			<heading>29.50429915228391</heading>
			<tilt>22.62146420613465</tilt>
			<gx:fovy>34.99999999999999</gx:fovy>
			<range>164.8301400933269</range>
			<altitudeMode>absolute</altitudeMode>
		</LookAt>
		<styleUrl>#__managed_style_08855A3D8E2A0419A6C0</styleUrl>
		<Point>
			<coordinates>104.4691528013956,17.29315833018196,192.4440901210291</coordinates>
		</Point>
	</Placemark>
	<Placemark id="0C64CAB47F2A0452A2CE">
		<name>MD167-DB-22-0501-205+445</name>
		<LookAt>
			<longitude>104.4693612178363</longitude>
			<latitude>17.29292057104523</latitude>
			<altitude>192.0427059018577</altitude>
			<heading>29.50445832690587</heading>
			<tilt>22.62147361642402</tilt>
			<gx:fovy>34.99999999999999</gx:fovy>
			<range>167.5506224069795</range>
			<altitudeMode>absolute</altitudeMode>
		</LookAt>
		<styleUrl>#__managed_style_08855A3D8E2A0419A6C0</styleUrl>
		<Point>
			<coordinates>104.4694585975589,17.29304252525781,192.3023597590027</coordinates>
		</Point>
	</Placemark>
	<Placemark id="075962794D2A0452EAAD">
		<name>MD168-DB-22-0501-205+480</name>
		<LookAt>
			<longitude>104.4697480852885</longitude>
			<latitude>17.29273268205768</latitude>
			<altitude>191.7679191194293</altitude>
			<heading>29.50457332575695</heading>
			<tilt>22.62147464613616</tilt>
			<gx:fovy>34.99999999999999</gx:fovy>
			<range>167.8483154931564</range>
			<altitudeMode>absolute</altitudeMode>
		</LookAt>
		<styleUrl>#__managed_style_08855A3D8E2A0419A6C0</styleUrl>
		<Point>
			<coordinates>104.4697671379438,17.29291473862115,193.0140200018944</coordinates>
		</Point>
	</Placemark>
	<Placemark id="0B3CCF59152A04533867">
		<name>MD169-DB-22-0501-205+515</name>
		<LookAt>
			<longitude>104.4700213819128</longitude>
			<latitude>17.29260215113142</latitude>
			<altitude>190.5970118899778</altitude>
			<heading>29.50465456433228</heading>
			<tilt>22.62147903387435</tilt>
			<gx:fovy>34.99999999999999</gx:fovy>
			<range>169.1168023285173</range>
			<altitudeMode>absolute</altitudeMode>
		</LookAt>
		<styleUrl>#__managed_style_08855A3D8E2A0419A6C0</styleUrl>
		<Point>
			<coordinates>104.4700709819024,17.29280061949718,193.3579086618686</coordinates>
		</Point>
	</Placemark>
	<Placemark id="0574ABE4CD2A0453DE4B">
		<name>MD170-DB-22-0501-205+550</name>
		<LookAt>
			<longitude>104.4703578298299</longitude>
			<latitude>17.29229488678656</latitude>
			<altitude>189.5405208019601</altitude>
			<heading>29.50475456710794</heading>
			<tilt>22.62148299288049</tilt>
			<gx:fovy>34.99999999999999</gx:fovy>
			<range>170.2613469513017</range>
			<altitudeMode>absolute</altitudeMode>
		</LookAt>
		<styleUrl>#__managed_style_08855A3D8E2A0419A6C0</styleUrl>
		<Point>
			<coordinates>104.4703848263834,17.29268079990916,193.4201404312734</coordinates>
		</Point>
	</Placemark>
	<Placemark id="03B86996122A04544D8D">
		<name>MD171-DB-22-0501-205+585</name>
		<LookAt>
			<longitude>104.4706036700738</longitude>
			<latitude>17.29217658092004</latitude>
			<altitude>191.0251606288882</altitude>
			<heading>29.50482764275112</heading>
			<tilt>22.62147742939475</tilt>
			<gx:fovy>34.99999999999999</gx:fovy>
			<range>168.6529606213298</range>
			<altitudeMode>absolute</altitudeMode>
		</LookAt>
		<styleUrl>#__managed_style_08855A3D8E2A0419A6C0</styleUrl>
		<Point>
			<coordinates>104.5064831985947,17.28275689831906,193.9524404903591</coordinates>
		</Point>
	</Placemark>
	<Placemark id="087938C79B2A045552D1">
		<name>MD172-DB-22-0501-205+620</name>
		<LookAt>
			<longitude>104.4708665943408</longitude>
			<latitude>17.29245401710758</latitude>
			<altitude>193.290653186924</altitude>
			<heading>17.65793223200972</heading>
			<tilt>0</tilt>
			<gx:fovy>35</gx:fovy>
			<range>219.9922934847928</range>
			<altitudeMode>absolute</altitudeMode>
		</LookAt>
		<styleUrl>#__managed_style_08855A3D8E2A0419A6C0</styleUrl>
		<Point>
			<coordinates>104.4709711427696,17.29244592952136,193.2809579465474</coordinates>
		</Point>
	</Placemark>
	<Placemark id="048D11FC592A0458966A">
		<name>MD173-DB-22-0501-206+595</name>
		<LookAt>
			<longitude>104.4793667071708</longitude>
			<latitude>17.28889480336267</latitude>
			<altitude>190.2140436950746</altitude>
			<heading>35.23740141550321</heading>
			<tilt>49.92257270724118</tilt>
			<gx:fovy>35</gx:fovy>
			<range>100.3282601422507</range>
			<altitudeMode>absolute</altitudeMode>
		</LookAt>
		<styleUrl>#__managed_style_08855A3D8E2A0419A6C0</styleUrl>
		<Point>
			<coordinates>104.4794808441377,17.28915481365663,192.3401785045696</coordinates>
		</Point>
	</Placemark>
	<Placemark id="0D349747A12A045B1EE8">
		<name>MD174-DB-22-0501-206+620</name>
		<LookAt>
			<longitude>104.4797079769438</longitude>
			<latitude>17.28889947477937</latitude>
			<altitude>191.00756723808</altitude>
			<heading>21.24282176358982</heading>
			<tilt>0.572719921833452</tilt>
			<gx:fovy>35</gx:fovy>
			<range>84.04593864801427</range>
			<altitudeMode>absolute</altitudeMode>
		</LookAt>
		<styleUrl>#__managed_style_08855A3D8E2A0419A6C0</styleUrl>
		<Point>
			<coordinates>104.4796904704618,17.28907303542452,192.0165779641975</coordinates>
		</Point>
	</Placemark>
	<Placemark id="001884157A2A045C6BDA">
		<name>MD175-DB-22-0501-206+650</name>
		<LookAt>
			<longitude>104.4798081708831</longitude>
			<latitude>17.28895009848836</latitude>
			<altitude>191.6123870215717</altitude>
			<heading>13.7152879485837</heading>
			<tilt>39.3218498639897</tilt>
			<gx:fovy>35</gx:fovy>
			<range>75.38010078978914</range>
			<altitudeMode>absolute</altitudeMode>
		</LookAt>
		<styleUrl>#__managed_style_08855A3D8E2A0419A6C0</styleUrl>
		<Point>
			<coordinates>104.4799590729579,17.28896472286998,192.4222216024457</coordinates>
		</Point>
	</Placemark>
	<Placemark id="08F6F110F52A045D3353">
		<name>MD176-DB-22-0501-206+685</name>
		<LookAt>
			<longitude>104.4804754117061</longitude>
			<latitude>17.28864352591975</latitude>
			<altitude>190.7322743001133</altitude>
			<heading>30.34393776483926</heading>
			<tilt>38.05955731288046</tilt>
			<gx:fovy>35</gx:fovy>
			<range>197.8908764184962</range>
			<altitudeMode>absolute</altitudeMode>
		</LookAt>
		<styleUrl>#__managed_style_08855A3D8E2A0419A6C0</styleUrl>
		<Point>
			<coordinates>104.4802805952058,17.28883284384072,192.6416220967711</coordinates>
		</Point>
	</Placemark>
	<Placemark id="03CA181D102A045E25B4">
		<name>MD177-DB-22-0501-206+720</name>
		<LookAt>
			<longitude>104.4805720604386</longitude>
			<latitude>17.28860494751398</latitude>
			<altitude>190.2916106407293</altitude>
			<heading>30.34397869104198</heading>
			<tilt>0</tilt>
			<gx:fovy>35</gx:fovy>
			<range>150.2429818610654</range>
			<altitudeMode>absolute</altitudeMode>
		</LookAt>
		<styleUrl>#__managed_style_08855A3D8E2A0419A6C0</styleUrl>
		<Point>
			<coordinates>104.4805854071986,17.28870879235318,190.8603543978193</coordinates>
		</Point>
	</Placemark>
	<Placemark id="0173777B182A045EDCF6">
		<name>MD178-DB-22-0501-206+755</name>
		<LookAt>
			<longitude>104.4808528598307</longitude>
			<latitude>17.28848198379636</latitude>
			<altitude>189.6083540541854</altitude>
			<heading>10.39453263055324</heading>
			<tilt>0.06167961781405869</tilt>
			<gx:fovy>35</gx:fovy>
			<range>190.3564067178195</range>
			<altitudeMode>absolute</altitudeMode>
		</LookAt>
		<styleUrl>#__managed_style_08855A3D8E2A0419A6C0</styleUrl>
		<Point>
			<coordinates>104.4808947449638,17.2885931458876,190.1116031367816</coordinates>
		</Point>
	</Placemark>
	<Placemark id="0661BE28232A045F83B2">
		<name>MD-179-DB-22-0501-206+790</name>
		<LookAt>
			<longitude>104.4811857032947</longitude>
			<latitude>17.28837509274164</latitude>
			<altitude>189.7749917050007</altitude>
			<heading>13.66617903151388</heading>
			<tilt>42.9619566111179</tilt>
			<gx:fovy>35</gx:fovy>
			<range>63.41373222193397</range>
			<altitudeMode>absolute</altitudeMode>
		</LookAt>
		<styleUrl>#__managed_style_08855A3D8E2A0419A6C0</styleUrl>
		<Point>
			<coordinates>104.4812220600369,17.28846798527553,189.8199042725838</coordinates>
		</Point>
	</Placemark>
	<Placemark id="08A510327F2A04603143">
		<name>MD180-DB-22-0501-206+822</name>
		<LookAt>
			<longitude>104.4814053658047</longitude>
			<latitude>17.28831581604283</latitude>
			<altitude>189.2471709961744</altitude>
			<heading>13.66625428655011</heading>
			<tilt>42.96198446285621</tilt>
			<gx:fovy>35</gx:fovy>
			<range>67.84310473078222</range>
			<altitudeMode>absolute</altitudeMode>
		</LookAt>
		<styleUrl>#__managed_style_08855A3D8E2A0419A6C0</styleUrl>
		<Point>
			<coordinates>104.4814947000398,17.28838954332593,189.4592862334447</coordinates>
		</Point>
	</Placemark>
	<Placemark id="0316D49A902A0461576E">
		<name>MD181-DB-22-0501-206+857</name>
		<LookAt>
			<longitude>104.4816720023103</longitude>
			<latitude>17.28829497615064</latitude>
			<altitude>188.9755683779229</altitude>
			<heading>13.66635510229566</heading>
			<tilt>0</tilt>
			<gx:fovy>35</gx:fovy>
			<range>101.6442031123006</range>
			<altitudeMode>absolute</altitudeMode>
		</LookAt>
		<styleUrl>#__managed_style_08855A3D8E2A0419A6C0</styleUrl>
		<Point>
			<coordinates>104.4818243992735,17.28826973674904,189.045087424681</coordinates>
		</Point>
	</Placemark>
	<Placemark id="0EEDC0AFB52A0461AB50">
		<name>MD182-DB-22-0501-206+892</name>
		<LookAt>
			<longitude>104.4819582201174</longitude>
			<latitude>17.28817420334318</latitude>
			<altitude>188.3838459100894</altitude>
			<heading>13.6664401600395</heading>
			<tilt>0</tilt>
			<gx:fovy>35</gx:fovy>
			<range>102.2359272239555</range>
			<altitudeMode>absolute</altitudeMode>
		</LookAt>
		<styleUrl>#__managed_style_08855A3D8E2A0419A6C0</styleUrl>
		<Point>
			<coordinates>104.4821241773165,17.28815272356924,188.1606833299716</coordinates>
		</Point>
	</Placemark>
	<Placemark id="0D6B687B2F2A0462BA48">
		<name>MD183-DB-22-0501-206+927</name>
		<LookAt>
			<longitude>104.4822361265373</longitude>
			<latitude>17.28802172361483</latitude>
			<altitude>187.0148542404706</altitude>
			<heading>13.66650413915162</heading>
			<tilt>0</tilt>
			<gx:fovy>35</gx:fovy>
			<range>102.3320794948995</range>
			<altitudeMode>absolute</altitudeMode>
		</LookAt>
		<styleUrl>#__managed_style_08855A3D8E2A0419A6C0</styleUrl>
		<Point>
			<coordinates>104.4824279085204,17.28803563602581,186.0575433540496</coordinates>
		</Point>
	</Placemark>
	<Placemark id="0E76A805B62A046310DF">
		<name>MD184-DB-22-0501-206+962</name>
		<LookAt>
			<longitude>104.4826221121833</longitude>
			<latitude>17.28788877110768</latitude>
			<altitude>185.0827647621822</altitude>
			<heading>13.66661884421729</heading>
			<tilt>0</tilt>
			<gx:fovy>35</gx:fovy>
			<range>104.2641641775299</range>
			<altitudeMode>absolute</altitudeMode>
		</LookAt>
		<styleUrl>#__managed_style_08855A3D8E2A0419A6C0</styleUrl>
		<Point>
			<coordinates>104.4827312509597,17.287912634939,184.8087255754897</coordinates>
		</Point>
	</Placemark>
	<Placemark id="0A151DE2CE2A04637BE6">
		<name>MD185-DB-22-0501-206+997</name>
		<LookAt>
			<longitude>104.4827998126671</longitude>
			<latitude>17.28780365954812</latitude>
			<altitude>184.4414187839216</altitude>
			<heading>13.66667165187758</heading>
			<tilt>0</tilt>
			<gx:fovy>35</gx:fovy>
			<range>104.9054999406144</range>
			<altitudeMode>absolute</altitudeMode>
		</LookAt>
		<styleUrl>#__managed_style_08855A3D8E2A0419A6C0</styleUrl>
		<Point>
			<coordinates>104.4830255051244,17.28779564650003,184.4439785038017</coordinates>
		</Point>
	</Placemark>
	<Placemark id="0F83D45BBD2A0463D355">
		<name>MD186-DB-22-0501-207+032</name>
		<LookAt>
			<longitude>104.4832322087112</longitude>
			<latitude>17.28764150165115</latitude>
			<altitude>184.5094715032848</altitude>
			<heading>13.66680014728156</heading>
			<tilt>0</tilt>
			<gx:fovy>35</gx:fovy>
			<range>104.8374505088941</range>
			<altitudeMode>absolute</altitudeMode>
		</LookAt>
		<styleUrl>#__managed_style_08855A3D8E2A0419A6C0</styleUrl>
		<Point>
			<coordinates>104.4833558063181,17.28766808263655,184.5987195965074</coordinates>
		</Point>
	</Placemark>
	<Placemark id="012CC016422A04642B8B">
		<name>MD187-DB-22-0501-207+067</name>
		<LookAt>
			<longitude>104.483587638157</longitude>
			<latitude>17.28751634765827</latitude>
			<altitude>184.9059798652833</altitude>
			<heading>13.66690576934576</heading>
			<tilt>0</tilt>
			<gx:fovy>35</gx:fovy>
			<range>104.4409397278469</range>
			<altitudeMode>absolute</altitudeMode>
		</LookAt>
		<styleUrl>#__managed_style_08855A3D8E2A0419A6C0</styleUrl>
		<Point>
			<coordinates>104.483688160853,17.28754805443334,185.0386938163364</coordinates>
		</Point>
	</Placemark>
	<Placemark id="02BC5BC0172A04646EEE">
		<name>MD188-DB-22-0501-207+102</name>
		<LookAt>
			<longitude>104.483885793531</longitude>
			<latitude>17.28739371588492</latitude>
			<altitude>185.0901098062297</altitude>
			<heading>13.6669943709853</heading>
			<tilt>0</tilt>
			<gx:fovy>35</gx:fovy>
			<range>104.2568052897332</range>
			<altitudeMode>absolute</altitudeMode>
		</LookAt>
		<styleUrl>#__managed_style_08855A3D8E2A0419A6C0</styleUrl>
		<Point>
			<coordinates>104.4840005859713,17.28744257841451,185.533943520098</coordinates>
		</Point>
	</Placemark>
	<Placemark id="0DEF6D6A8A2A0464F3BC">
		<name>MD189-DB-22-0501-207+137</name>
		<LookAt>
			<longitude>104.4842837528147</longitude>
			<latitude>17.28727128006476</latitude>
			<altitude>186.1160465740332</altitude>
			<heading>26.17657908820461</heading>
			<tilt>0.3163181284822971</tilt>
			<gx:fovy>35</gx:fovy>
			<range>77.6515866486443</range>
			<altitudeMode>absolute</altitudeMode>
		</LookAt>
		<styleUrl>#__managed_style_08855A3D8E2A0419A6C0</styleUrl>
		<Point>
			<coordinates>104.4843187287785,17.28734406000349,186.8376042628379</coordinates>
		</Point>
	</Placemark>
	<Placemark id="01918F36832A04658147">
		<name>MD190-DB-22-0501-207+172</name>
		<LookAt>
			<longitude>104.4844536529184</longitude>
			<latitude>17.28718554597192</latitude>
			<altitude>187.0208945642028</altitude>
			<heading>26.17662957522973</heading>
			<tilt>0.3163180906020663</tilt>
			<gx:fovy>35</gx:fovy>
			<range>76.75685019175944</range>
			<altitudeMode>absolute</altitudeMode>
		</LookAt>
		<styleUrl>#__managed_style_08855A3D8E2A0419A6C0</styleUrl>
		<Point>
			<coordinates>104.4846307507158,17.28725172479863,188.5511433640229</coordinates>
		</Point>
	</Placemark>
	<Placemark id="06185392C82A0465EE43">
		<name>MD191-DB-22-0501-207+207</name>
		<LookAt>
			<longitude>104.4848914215152</longitude>
			<latitude>17.2869813452836</latitude>
			<altitude>189.9108902910089</altitude>
			<heading>26.17681143988084</heading>
			<tilt>0.3163232837773853</tilt>
			<gx:fovy>35</gx:fovy>
			<range>181.365560972572</range>
			<altitudeMode>absolute</altitudeMode>
		</LookAt>
		<styleUrl>#__managed_style_08855A3D8E2A0419A6C0</styleUrl>
		<Point>
			<coordinates>104.4849532004813,17.28716582659908,190.1517481549171</coordinates>
		</Point>
	</Placemark>
	<Placemark id="0AE811D19B2A046663C5">
		<name>MD192-DB-22-0501-207+242</name>
		<LookAt>
			<longitude>104.4851062430876</longitude>
			<latitude>17.28697955440157</latitude>
			<altitude>189.266376574054</altitude>
			<heading>26.17687313762595</heading>
			<tilt>0</tilt>
			<gx:fovy>35</gx:fovy>
			<range>117.2089808967576</range>
			<altitudeMode>absolute</altitudeMode>
		</LookAt>
		<styleUrl>#__managed_style_08855A3D8E2A0419A6C0</styleUrl>
		<Point>
			<coordinates>104.4852665660575,17.28709141365882,188.820489469132</coordinates>
		</Point>
	</Placemark>
	<Placemark id="07B26508702A0466B11D">
		<name>MD193-DB-22-0501-207+277</name>
		<LookAt>
			<longitude>104.4854902160524</longitude>
			<latitude>17.28684202554511</latitude>
			<altitude>187.2063762285723</altitude>
			<heading>26.17698723800321</heading>
			<tilt>0</tilt>
			<gx:fovy>35</gx:fovy>
			<range>119.2689711614549</range>
			<altitudeMode>absolute</altitudeMode>
		</LookAt>
		<styleUrl>#__managed_style_08855A3D8E2A0419A6C0</styleUrl>
		<Point>
			<coordinates>104.4856038700488,17.28702545229344,187.595830049184</coordinates>
		</Point>
	</Placemark>
	<Placemark id="0474DA5A392A04670625">
		<name>MD194-DB-22-0501-207+312</name>
		<LookAt>
			<longitude>104.4858374428754</longitude>
			<latitude>17.28674195067226</latitude>
			<altitude>187.2320555331846</altitude>
			<heading>26.177135500877</heading>
			<tilt>0</tilt>
			<gx:fovy>35</gx:fovy>
			<range>193.0162448427473</range>
			<altitudeMode>absolute</altitudeMode>
		</LookAt>
		<styleUrl>#__managed_style_08855A3D8E2A0419A6C0</styleUrl>
		<Point>
			<coordinates>104.4859136005941,17.28696634442881,187.9258045676136</coordinates>
		</Point>
	</Placemark>
	<Placemark id="0F280D9A1A2A04675E7C">
		<name>MD195-DB-22-0501-207+347</name>
		<LookAt>
			<longitude>104.4863174480368</longitude>
			<latitude>17.2866852536165</latitude>
			<altitude>189.7874094363001</altitude>
			<heading>26.17727813692966</heading>
			<tilt>0</tilt>
			<gx:fovy>35</gx:fovy>
			<range>190.4608797469336</range>
			<altitudeMode>absolute</altitudeMode>
		</LookAt>
		<styleUrl>#__managed_style_08855A3D8E2A0419A6C0</styleUrl>
		<Point>
			<coordinates>104.4862395287614,17.28690930889625,189.3947024528907</coordinates>
		</Point>
	</Placemark>
	<Placemark id="03B609B0192A0467A9DF">
		<name>MD-196-DB-22-0501-207+382</name>
		<LookAt>
			<longitude>104.4863174480256</longitude>
			<latitude>17.28668525360593</latitude>
			<altitude>189.7874283006365</altitude>
			<heading>26.17727813692966</heading>
			<tilt>0</tilt>
			<gx:fovy>35</gx:fovy>
			<range>190.4608449805346</range>
			<altitudeMode>absolute</altitudeMode>
		</LookAt>
		<styleUrl>#__managed_style_08855A3D8E2A0419A6C0</styleUrl>
		<Point>
			<coordinates>104.4865703527857,17.28686252738466,190.3222015081589</coordinates>
		</Point>
	</Placemark>
	<Placemark id="00427F30112A04682712">
		<name>MD197-DB-22-0501-207+417</name>
		<LookAt>
			<longitude>104.4869344092516</longitude>
			<latitude>17.28664781546538</latitude>
			<altitude>191.7952531467612</altitude>
			<heading>26.17746146909598</heading>
			<tilt>0</tilt>
			<gx:fovy>35</gx:fovy>
			<range>188.4530043143968</range>
			<altitudeMode>absolute</altitudeMode>
		</LookAt>
		<styleUrl>#__managed_style_08855A3D8E2A0419A6C0</styleUrl>
		<Point>
			<coordinates>104.4868909734082,17.28682885138781,190.9456684084437</coordinates>
		</Point>
	</Placemark>
	<Placemark id="06BA73080F2A046A73CB">
		<name>MD-198-DB-22-0501-207+452</name>
		<LookAt>
			<longitude>104.4872140396721</longitude>
			<latitude>17.28652940685476</latitude>
			<altitude>191.9647189060688</altitude>
			<heading>13.39500732199375</heading>
			<tilt>0</tilt>
			<gx:fovy>35.00000004911127</gx:fovy>
			<range>222.2073303004072</range>
			<altitudeMode>absolute</altitudeMode>
		</LookAt>
		<styleUrl>#__managed_style_08855A3D8E2A0419A6C0</styleUrl>
		<Point>
			<coordinates>104.4872199792252,17.28680138807337,191.7153119022055</coordinates>
		</Point>
	</Placemark>
	<Placemark id="0B041F3F9F2A046B0AA3">
		<name>MD199-DB-22-0501-207+487</name>
		<LookAt>
			<longitude>104.4872140512824</longitude>
			<latitude>17.28653103029973</latitude>
			<altitude>191.9647190828998</altitude>
			<heading>13.3761727302364</heading>
			<tilt>0</tilt>
			<gx:fovy>35.00000004911127</gx:fovy>
			<range>222.2028570237308</range>
			<altitudeMode>absolute</altitudeMode>
		</LookAt>
		<styleUrl>#__managed_style_08855A3D8E2A0419A6C0</styleUrl>
		<Point>
			<coordinates>104.4875460496253,17.28677309415054,191.8412450907391</coordinates>
		</Point>
	</Placemark>
	<Placemark id="0370EC0FAF2A046B8A73">
		<name>MD200-DB-22-0501-207+522</name>
		<LookAt>
			<longitude>104.4875795139856</longitude>
			<latitude>17.28666271340468</latitude>
			<altitude>191.9647147526611</altitude>
			<heading>13.37628132786462</heading>
			<tilt>0</tilt>
			<gx:fovy>35.00000004911127</gx:fovy>
			<range>222.2028570237308</range>
			<altitudeMode>absolute</altitudeMode>
		</LookAt>
		<styleUrl>#__managed_style_08855A3D8E2A0419A6C0</styleUrl>
		<Point>
			<coordinates>104.4878778192574,17.28675575709301,192.6471286772993</coordinates>
		</Point>
	</Placemark>
	<Placemark id="00E3FB08262A046C1167">
		<name>RT21-SG-22-0501-207+522</name>
		<LookAt>
			<longitude>104.4876867422578</longitude>
			<latitude>17.28664405293461</latitude>
			<altitude>191.964735767263</altitude>
			<heading>13.27866625823355</heading>
			<tilt>0</tilt>
			<gx:fovy>35.00000004911127</gx:fovy>
			<range>150.837684294238</range>
			<altitudeMode>absolute</altitudeMode>
		</LookAt>
		<styleUrl>#__managed_style_08855A3D8E2A0419A6C0</styleUrl>
		<Point>
			<coordinates>104.4878821486002,17.28658364022122,192.6768251700639</coordinates>
		</Point>
	</Placemark>
	<Placemark id="042FA9F5EE2A046DC42B">
		<name>MD201-DB-22-0501-207+557</name>
		<LookAt>
			<longitude>104.488074373011</longitude>
			<latitude>17.28634122195763</latitude>
			<altitude>193.1087424346278</altitude>
			<heading>23.57095747931345</heading>
			<tilt>0.1609366035664979</tilt>
			<gx:fovy>35.00005438508889</gx:fovy>
			<range>237.2261133767461</range>
			<altitudeMode>absolute</altitudeMode>
		</LookAt>
		<styleUrl>#__managed_style_08855A3D8E2A0419A6C0</styleUrl>
		<Point>
			<coordinates>104.4882011944051,17.28673370645188,193.3378996360595</coordinates>
		</Point>
	</Placemark>
	<Placemark id="0ABC76FA2C2A046E3C58">
		<name>MD202-DB-22-0501-207+592</name>
		<LookAt>
			<longitude>104.488428055543</longitude>
			<latitude>17.28653139863301</latitude>
			<altitude>193.3168021689511</altitude>
			<heading>23.57110350609235</heading>
			<tilt>0.1609349363831314</tilt>
			<gx:fovy>35.00005438508889</gx:fovy>
			<range>171.2886360989251</range>
			<altitudeMode>absolute</altitudeMode>
		</LookAt>
		<styleUrl>#__managed_style_08855A3D8E2A0419A6C0</styleUrl>
		<Point>
			<coordinates>104.4885260355468,17.28671417241036,193.2718192449937</coordinates>
		</Point>
	</Placemark>
	<Placemark id="0A3738AB102A04709C7B">
		<name>MD203-DB-22-0501-207+627</name>
		<LookAt>
			<longitude>104.4888816432365</longitude>
			<latitude>17.28644175530363</latitude>
			<altitude>192.3098776998605</altitude>
			<heading>19.21013360993664</heading>
			<tilt>16.67405729512153</tilt>
			<gx:fovy>35.00005426215198</gx:fovy>
			<range>187.5990024883868</range>
			<altitudeMode>absolute</altitudeMode>
		</LookAt>
		<styleUrl>#__managed_style_08855A3D8E2A0419A6C0</styleUrl>
		<Point>
			<coordinates>104.4888597083723,17.28669759946445,193.2624524778628</coordinates>
		</Point>
	</Placemark>
	<Placemark id="0AC88FDAAA2A0471713C">
		<name>MD204-DB-22-0501-207+662</name>
		<LookAt>
			<longitude>104.4888802154904</longitude>
			<latitude>17.28644370608854</latitude>
			<altitude>192.3184982234409</altitude>
			<heading>19.71918739584241</heading>
			<tilt>16.67403944140962</tilt>
			<gx:fovy>35.00005426215036</gx:fovy>
			<range>187.5914581797952</range>
			<altitudeMode>absolute</altitudeMode>
		</LookAt>
		<styleUrl>#__managed_style_08855A3D8E2A0419A6C0</styleUrl>
		<Point>
			<coordinates>104.489182845865,17.28668172632698,192.3786899853239</coordinates>
		</Point>
	</Placemark>
	<Placemark id="0C34A16A782A04725EEA">
		<name>MD205-DB-22-0501-207+697</name>
		<LookAt>
			<longitude>104.4894728025844</longitude>
			<latitude>17.28658558647093</latitude>
			<altitude>191.8358024091831</altitude>
			<heading>20.6385922337051</heading>
			<tilt>16.67367208653995</tilt>
			<gx:fovy>35.00005426214139</gx:fovy>
			<range>87.42760833860302</range>
			<altitudeMode>absolute</altitudeMode>
		</LookAt>
		<styleUrl>#__managed_style_08855A3D8E2A0419A6C0</styleUrl>
		<Point>
			<coordinates>104.4895166796194,17.28666840755618,191.9141851930752</coordinates>
		</Point>
	</Placemark>
	<Placemark id="0EF72D915F2A0472D0FC">
		<name>MD206-DB-22-0501-207+732</name>
		<LookAt>
			<longitude>104.4897014009642</longitude>
			<latitude>17.28652130447294</latitude>
			<altitude>191.252516477174</altitude>
			<heading>20.61850533345998</heading>
			<tilt>16.67378634515647</tilt>
			<gx:fovy>35.00005426213869</gx:fovy>
			<range>141.2706202513073</range>
			<altitudeMode>absolute</altitudeMode>
		</LookAt>
		<styleUrl>#__managed_style_08855A3D8E2A0419A6C0</styleUrl>
		<Point>
			<coordinates>104.4898414361392,17.28665396856389,191.5606331562332</coordinates>
		</Point>
	</Placemark>
	<Placemark id="07F3ED9F8F2A04733F25">
		<name>MD207-DB-22-0501-207+767</name>
		<LookAt>
			<longitude>104.4901488831888</longitude>
			<latitude>17.28636145411812</latitude>
			<altitude>191.1470356426383</altitude>
			<heading>20.61867869450713</heading>
			<tilt>16.67394601231866</tilt>
			<gx:fovy>35.00005426213869</gx:fovy>
			<range>203.1518901643722</range>
			<altitudeMode>absolute</altitudeMode>
		</LookAt>
		<styleUrl>#__managed_style_08855A3D8E2A0419A6C0</styleUrl>
		<Point>
			<coordinates>104.4901722040644,17.28663595552501,192.1502918474597</coordinates>
		</Point>
	</Placemark>
	<Placemark id="059A486C082A0473ACA6">
		<name>MD-208-DB-22-0501-207+802</name>
		<LookAt>
			<longitude>104.4901484647828</longitude>
			<latitude>17.28636357026256</latitude>
			<altitude>191.1508268918582</altitude>
			<heading>20.59716065090442</heading>
			<tilt>16.67391740719535</tilt>
			<gx:fovy>35.00005426213537</gx:fovy>
			<range>203.1481353932759</range>
			<altitudeMode>absolute</altitudeMode>
		</LookAt>
		<styleUrl>#__managed_style_08855A3D8E2A0419A6C0</styleUrl>
		<Point>
			<coordinates>104.4905020549982,17.28662106405135,191.5283121638272</coordinates>
		</Point>
	</Placemark>
	<Placemark id="0F152CE6962A0474498C">
		<name>MD209-DB-22-0501-207+837</name>
		<LookAt>
			<longitude>104.4902452221992</longitude>
			<latitude>17.28650240040459</latitude>
			<altitude>191.4548488391132</altitude>
			<heading>20.57894339885911</heading>
			<tilt>16.6738958732233</tilt>
			<gx:fovy>35.00005426213333</gx:fovy>
			<range>202.8308572356401</range>
			<altitudeMode>absolute</altitudeMode>
		</LookAt>
		<styleUrl>#__managed_style_08855A3D8E2A0419A6C0</styleUrl>
		<Point>
			<coordinates>104.4908259488096,17.28660063718586,192.6433226572802</coordinates>
		</Point>
	</Placemark>
	<Placemark id="043656520E2A047548E2">
		<name>MD210-DB-22-0501-207+872</name>
		<LookAt>
			<longitude>104.4911301132722</longitude>
			<latitude>17.28644786429293</latitude>
			<altitude>191.3714138512669</altitude>
			<heading>20.53607009940252</heading>
			<tilt>16.67383702983047</tilt>
			<gx:fovy>35.00005426212625</gx:fovy>
			<range>202.9233126794862</range>
			<altitudeMode>absolute</altitudeMode>
		</LookAt>
		<styleUrl>#__managed_style_08855A3D8E2A0419A6C0</styleUrl>
		<Point>
			<coordinates>104.4911519282064,17.28658483654903,192.5080026477861</coordinates>
		</Point>
	</Placemark>
	<Placemark id="0721A9718E2A0475B6E8">
		<name>MD211-DB-22-0501-207+907</name>
		<LookAt>
			<longitude>104.4911301132722</longitude>
			<latitude>17.2864478642718</latitude>
			<altitude>191.3714138512669</altitude>
			<heading>20.5360700994273</heading>
			<tilt>16.67383702981071</tilt>
			<gx:fovy>35.00005426212625</gx:fovy>
			<range>202.9233126794861</range>
			<altitudeMode>absolute</altitudeMode>
		</LookAt>
		<styleUrl>#__managed_style_08855A3D8E2A0419A6C0</styleUrl>
		<Point>
			<coordinates>104.4914928155818,17.28656920089871,191.2742333564969</coordinates>
		</Point>
	</Placemark>
	<Placemark id="07A9881E3D2A04763038">
		<name>MD212-DB-22-0501-207+942</name>
		<LookAt>
			<longitude>104.491683804439</longitude>
			<latitude>17.28630297683747</latitude>
			<altitude>189.9517285406349</altitude>
			<heading>20.51638392899754</heading>
			<tilt>16.67381577369308</tilt>
			<gx:fovy>35.00005426212352</gx:fovy>
			<range>204.4078610960787</range>
			<altitudeMode>absolute</altitudeMode>
		</LookAt>
		<styleUrl>#__managed_style_08855A3D8E2A0419A6C0</styleUrl>
		<Point>
			<coordinates>104.4918229969454,17.28655683382674,189.7128943904215</coordinates>
		</Point>
	</Placemark>
	<Placemark id="09834860D22A0476ABD2">
		<name>MD213-DB-22-0501-207+977</name>
		<LookAt>
			<longitude>104.4920489811128</longitude>
			<latitude>17.28626233684675</latitude>
			<altitude>188.0845393028276</altitude>
			<heading>20.516492441169</heading>
			<tilt>16.67382080306097</tilt>
			<gx:fovy>35.00005426212352</gx:fovy>
			<range>206.3570044918379</range>
			<altitudeMode>absolute</altitudeMode>
		</LookAt>
		<styleUrl>#__managed_style_08855A3D8E2A0419A6C0</styleUrl>
		<Point>
			<coordinates>104.4921523934855,17.28654322921457,188.4138944083745</coordinates>
		</Point>
	</Placemark>
	<Placemark id="0CDB2FF5352A04772293">
		<name>MD214-DB-22-0501-208+012</name>
		<LookAt>
			<longitude>104.4924270574064</longitude>
			<latitude>17.28624501255585</latitude>
			<altitude>187.8393289578348</altitude>
			<heading>20.49647432144517</heading>
			<tilt>16.6737954876452</tilt>
			<gx:fovy>35.00005426212064</gx:fovy>
			<range>206.6184014574174</range>
			<altitudeMode>absolute</altitudeMode>
		</LookAt>
		<styleUrl>#__managed_style_08855A3D8E2A0419A6C0</styleUrl>
		<Point>
			<coordinates>104.4924808569947,17.28652365474468,189.1096901331611</coordinates>
		</Point>
	</Placemark>
	<Placemark id="0909D9A4662A047791C2">
		<name>MD215-DB-22-0501-208+047</name>
		<LookAt>
			<longitude>104.4924273785</longitude>
			<latitude>17.28624761328617</latitude>
			<altitude>187.834971839353</altitude>
			<heading>20.47207322228649</heading>
			<tilt>16.67375702349037</tilt>
			<gx:fovy>35.00005426211545</gx:fovy>
			<range>206.6306624074787</range>
			<altitudeMode>absolute</altitudeMode>
		</LookAt>
		<styleUrl>#__managed_style_08855A3D8E2A0419A6C0</styleUrl>
		<Point>
			<coordinates>104.4928018619642,17.28650676209787,189.2597910840797</coordinates>
		</Point>
	</Placemark>
	<Placemark id="09F047DBF22A04784704">
		<name>MD216-DB-22-0501-208+082</name>
		<LookAt>
			<longitude>104.4930382361316</longitude>
			<latitude>17.28626473620218</latitude>
			<altitude>189.0694377670872</altitude>
			<heading>20.45273494918205</heading>
			<tilt>16.67372885315006</tilt>
			<gx:fovy>35.00005426211276</gx:fovy>
			<range>205.3434248942358</range>
			<altitudeMode>absolute</altitudeMode>
		</LookAt>
		<styleUrl>#__managed_style_08855A3D8E2A0419A6C0</styleUrl>
		<Point>
			<coordinates>104.4931329574652,17.28648479719138,189.543414054378</coordinates>
		</Point>
	</Placemark>
	<Placemark id="0B05486B242A0478C4AF">
		<name>MD217-DB-22-0501-208+117</name>
		<LookAt>
			<longitude>104.4935477173854</longitude>
			<latitude>17.28635224361015</latitude>
			<altitude>190.669296283876</altitude>
			<heading>20.3467481522598</heading>
			<tilt>16.78822971893447</tilt>
			<gx:fovy>35.00005426210905</gx:fovy>
			<range>203.6705584828451</range>
			<altitudeMode>absolute</altitudeMode>
		</LookAt>
		<styleUrl>#__managed_style_08855A3D8E2A0419A6C0</styleUrl>
		<Point>
			<coordinates>104.4934619994983,17.28647102189609,190.7416022265276</coordinates>
		</Point>
	</Placemark>
	<Placemark id="00F8093C8B2A04793625">
		<name>MD218-DB-22-0501-208+152</name>
		<LookAt>
			<longitude>104.4935477173632</longitude>
			<latitude>17.28635224358373</latitude>
			<altitude>190.6693151482124</altitude>
			<heading>20.3467481522598</heading>
			<tilt>0</tilt>
			<gx:fovy>35.00005426210905</gx:fovy>
			<range>203.6705584828451</range>
			<altitudeMode>absolute</altitudeMode>
		</LookAt>
		<styleUrl>#__managed_style_08855A3D8E2A0419A6C0</styleUrl>
		<Point>
			<coordinates>104.493788920428,17.28645139609558,191.6753215294042</coordinates>
		</Point>
	</Placemark>
	<Placemark id="012BD6DE0C2A04798A42">
		<name>MD219-DB-22-0501-208+187</name>
		<LookAt>
			<longitude>104.4938173520664</longitude>
			<latitude>17.28634305433545</latitude>
			<altitude>190.725047640917</altitude>
			<heading>20.34682827360233</heading>
			<tilt>0</tilt>
			<gx:fovy>35.00005426210905</gx:fovy>
			<range>203.6148395339842</range>
			<altitudeMode>absolute</altitudeMode>
		</LookAt>
		<styleUrl>#__managed_style_08855A3D8E2A0419A6C0</styleUrl>
		<Point>
			<coordinates>104.4941231548983,17.28643398108387,190.977638164254</coordinates>
		</Point>
	</Placemark>
	<Placemark id="00696E3B532A0479F058">
		<name>MD220-DB-22-0501-208+222</name>
		<LookAt>
			<longitude>104.4938173520664</longitude>
			<latitude>17.28634305429846</latitude>
			<altitude>190.7250665052534</altitude>
			<heading>20.34682827360233</heading>
			<tilt>0</tilt>
			<gx:fovy>35.00005426210905</gx:fovy>
			<range>203.6148395339843</range>
			<altitudeMode>absolute</altitudeMode>
		</LookAt>
		<styleUrl>#__managed_style_08855A3D8E2A0419A6C0</styleUrl>
		<Point>
			<coordinates>104.4944456927021,17.28641770669834,191.0936771614385</coordinates>
		</Point>
	</Placemark>
	<Placemark id="06E9EFA83F2A047A81FA">
		<name>MD221-DB-22-0501-208+257</name>
		<LookAt>
			<longitude>104.494366729167</longitude>
			<latitude>17.28636471158157</latitude>
			<altitude>190.6073033849293</altitude>
			<heading>20.34821561742645</heading>
			<tilt>0</tilt>
			<gx:fovy>35.00005426210784</gx:fovy>
			<range>130.691656986728</range>
			<altitudeMode>absolute</altitudeMode>
		</LookAt>
		<styleUrl>#__managed_style_08855A3D8E2A0419A6C0</styleUrl>
		<Point>
			<coordinates>104.4947810473762,17.2864012944949,190.7190497434748</coordinates>
		</Point>
	</Placemark>
	<Placemark id="0DFAE9611C2A047B19EC">
		<name>MD222-DB-22-0501-208+292</name>
		<LookAt>
			<longitude>104.4947343965186</longitude>
			<latitude>17.28641943826031</latitude>
			<altitude>190.5820331909751</altitude>
			<heading>20.34832486877061</heading>
			<tilt>0</tilt>
			<gx:fovy>35.00005426210784</gx:fovy>
			<range>130.7170944020254</range>
			<altitudeMode>absolute</altitudeMode>
		</LookAt>
		<styleUrl>#__managed_style_08855A3D8E2A0419A6C0</styleUrl>
		<Point>
			<coordinates>104.4951065240535,17.28638664734146,189.9429956989083</coordinates>
		</Point>
	</Placemark>
	<Placemark id="08AD7FDB982A047B9132">
		<name>LT65-SG-22-0501-208+292</name>
		<LookAt>
			<longitude>104.4951736803942</longitude>
			<latitude>17.28635485534469</latitude>
			<altitude>189.5662653628884</altitude>
			<heading>20.34845540238559</heading>
			<tilt>0</tilt>
			<gx:fovy>35.00005426210784</gx:fovy>
			<range>131.732864282767</range>
			<altitudeMode>absolute</altitudeMode>
		</LookAt>
		<styleUrl>#__managed_style_08855A3D8E2A0419A6C0</styleUrl>
		<Point>
			<coordinates>104.4951199191982,17.28653773600558,189.8152479985105</coordinates>
		</Point>
	</Placemark>
	<Placemark id="00EB764FE72A047C08A9">
		<name>MD223-DB-22-0501-208+327</name>
		<LookAt>
			<longitude>104.4952575914044</longitude>
			<latitude>17.28634342467366</latitude>
			<altitude>189.416865604568</altitude>
			<heading>20.34848033632627</heading>
			<tilt>0</tilt>
			<gx:fovy>35.00005426210784</gx:fovy>
			<range>131.88226708824</range>
			<altitudeMode>absolute</altitudeMode>
		</LookAt>
		<styleUrl>#__managed_style_08855A3D8E2A0419A6C0</styleUrl>
		<Point>
			<coordinates>104.4954393816181,17.28637054294788,189.551554773415</coordinates>
		</Point>
	</Placemark>
	<Placemark id="053E80D1332A047C59C6">
		<name>LT66-SG-22-0501-208+327</name>
		<LookAt>
			<longitude>104.4952575914044</longitude>
			<latitude>17.28634342467894</latitude>
			<altitude>189.416865604568</altitude>
			<heading>20.34848033632627</heading>
			<tilt>0</tilt>
			<gx:fovy>35.00005426210784</gx:fovy>
			<range>131.88226708824</range>
			<altitudeMode>absolute</altitudeMode>
		</LookAt>
		<styleUrl>#__managed_style_08855A3D8E2A0419A6C0</styleUrl>
		<Point>
			<coordinates>104.4954582055656,17.28652669922364,189.2399796479748</coordinates>
		</Point>
	</Placemark>
	<Placemark id="0DB0FCC1D02A047CA688">
		<name>MD224-DB-22-0501-208+362</name>
		<LookAt>
			<longitude>104.4958708939569</longitude>
			<latitude>17.28625556722086</latitude>
			<altitude>190.3091170561246</altitude>
			<heading>20.34866257706392</heading>
			<tilt>0</tilt>
			<gx:fovy>35.00005426210784</gx:fovy>
			<range>130.9900222232864</range>
			<altitudeMode>absolute</altitudeMode>
		</LookAt>
		<styleUrl>#__managed_style_08855A3D8E2A0419A6C0</styleUrl>
		<Point>
			<coordinates>104.4957678589143,17.28635359283133,189.7803286061826</coordinates>
		</Point>
	</Placemark>
	<Placemark id="0F4A1F05B52A047D4704">
		<name>MD225-DB-22-0501-208+397</name>
		<LookAt>
			<longitude>104.4958645559707</longitude>
			<latitude>17.28625674804823</latitude>
			<altitude>190.3078354455055</altitude>
			<heading>20.34866069326466</heading>
			<tilt>0</tilt>
			<gx:fovy>35.00005426210784</gx:fovy>
			<range>130.9956775575302</range>
			<altitudeMode>absolute</altitudeMode>
		</LookAt>
		<styleUrl>#__managed_style_08855A3D8E2A0419A6C0</styleUrl>
		<Point>
			<coordinates>104.4960973263559,17.28633080095597,189.4723263891537</coordinates>
		</Point>
	</Placemark>
	<Placemark id="0A4B7283622A047DA40C">
		<name>MD226-DB-22-0501-208+432</name>
		<LookAt>
			<longitude>104.496332496398</longitude>
			<latitude>17.28609864944212</latitude>
			<altitude>189.9010721246797</altitude>
			<heading>20.34879392790752</heading>
			<tilt>0</tilt>
			<gx:fovy>35.00005426210784</gx:fovy>
			<range>212.3864020116889</range>
			<altitudeMode>absolute</altitudeMode>
		</LookAt>
		<styleUrl>#__managed_style_08855A3D8E2A0419A6C0</styleUrl>
		<Point>
			<coordinates>104.4964219758277,17.28631769982735,189.1518974865755</coordinates>
		</Point>
	</Placemark>
	<Placemark id="0BB78850BE2A047E063A">
		<name>MD227-DB-22-0501-208+467</name>
		<LookAt>
			<longitude>104.4965742393194</longitude>
			<latitude>17.28603392884775</latitude>
			<altitude>189.5969513472583</altitude>
			<heading>20.34886576089083</heading>
			<tilt>0</tilt>
			<gx:fovy>35.00005426210784</gx:fovy>
			<range>212.6905152928885</range>
			<altitudeMode>absolute</altitudeMode>
		</LookAt>
		<styleUrl>#__managed_style_08855A3D8E2A0419A6C0</styleUrl>
		<Point>
			<coordinates>104.4967583950277,17.28629970546468,190.1645581985953</coordinates>
		</Point>
	</Placemark>
	<Placemark id="0E57B12E392A047E4DD8">
		<name>MD228-DB-22-0501-208+502</name>
		<LookAt>
			<longitude>104.4970106305961</longitude>
			<latitude>17.28598831281812</latitude>
			<altitude>187.7186554021402</altitude>
			<heading>20.34899543250623</heading>
			<tilt>0</tilt>
			<gx:fovy>35.00005426210784</gx:fovy>
			<range>214.5688047674049</range>
			<altitudeMode>absolute</altitudeMode>
		</LookAt>
		<styleUrl>#__managed_style_08855A3D8E2A0419A6C0</styleUrl>
		<Point>
			<coordinates>104.4970791857332,17.28627808580813,188.90277150499</coordinates>
		</Point>
	</Placemark>
	<Placemark id="0EB1B76D132A047E8DB3">
		<name>MD229-DB-22-0501-208+537</name>
		<LookAt>
			<longitude>104.4970106306183</longitude>
			<latitude>17.28598831283661</latitude>
			<altitude>187.7186554035549</altitude>
			<heading>20.34899543250623</heading>
			<tilt>0</tilt>
			<gx:fovy>35.00005426210784</gx:fovy>
			<range>214.5688047674048</range>
			<altitudeMode>absolute</altitudeMode>
		</LookAt>
		<styleUrl>#__managed_style_08855A3D8E2A0419A6C0</styleUrl>
		<Point>
			<coordinates>104.4974115649382,17.28627014752077,186.4872627818151</coordinates>
		</Point>
	</Placemark>
	<Placemark id="03B9881DC62A047EE812">
		<name>MD230-DB-22-0501-208+572</name>
		<LookAt>
			<longitude>104.49776387368</longitude>
			<latitude>17.28601621590013</latitude>
			<altitude>185.8705925657563</altitude>
			<heading>20.34921925407201</heading>
			<tilt>0</tilt>
			<gx:fovy>35.00005426210784</gx:fovy>
			<range>216.4168706523561</range>
			<altitudeMode>absolute</altitudeMode>
		</LookAt>
		<styleUrl>#__managed_style_08855A3D8E2A0419A6C0</styleUrl>
		<Point>
			<coordinates>104.4977427315386,17.28625529412146,185.4618520856375</coordinates>
		</Point>
	</Placemark>
	<Placemark id="06B1D55D532A047F25E9">
		<name>MD231-DB-22-0501-208+607</name>
		<LookAt>
			<longitude>104.4977638737022</longitude>
			<latitude>17.28601621589485</latitude>
			<altitude>185.8705925657563</altitude>
			<heading>20.34921925407201</heading>
			<tilt>0</tilt>
			<gx:fovy>35.00005426210784</gx:fovy>
			<range>216.416870652356</range>
			<altitudeMode>absolute</altitudeMode>
		</LookAt>
		<styleUrl>#__managed_style_08855A3D8E2A0419A6C0</styleUrl>
		<Point>
			<coordinates>104.4980755648265,17.28623418061344,186.4047784217931</coordinates>
		</Point>
	</Placemark>
	<Placemark id="066004CA5F2A047F6ED7">
		<name>MD232-DB-22-0501-208+642</name>
		<LookAt>
			<longitude>104.4981296768356</longitude>
			<latitude>17.28595471127995</latitude>
			<altitude>186.5625002506765</altitude>
			<heading>20.34932795053493</heading>
			<tilt>0</tilt>
			<gx:fovy>35.00005426210784</gx:fovy>
			<range>215.7249729562682</range>
			<altitudeMode>absolute</altitudeMode>
		</LookAt>
		<styleUrl>#__managed_style_08855A3D8E2A0419A6C0</styleUrl>
		<Point>
			<coordinates>104.4984022370201,17.28620851853476,185.9512564960052</coordinates>
		</Point>
	</Placemark>
	<Placemark id="064CC9C8F92A047FB514">
		<name>MD-233-DB-22-0501-208+677</name>
		<LookAt>
			<longitude>104.4985299009282</longitude>
			<latitude>17.28589630229222</latitude>
			<altitude>186.0369711689862</altitude>
			<heading>20.34944687490925</heading>
			<tilt>0</tilt>
			<gx:fovy>35.00005426210784</gx:fovy>
			<range>216.2505018441516</range>
			<altitudeMode>absolute</altitudeMode>
		</LookAt>
		<styleUrl>#__managed_style_08855A3D8E2A0419A6C0</styleUrl>
		<Point>
			<coordinates>104.4987274056796,17.2861852416644,184.6366536629248</coordinates>
		</Point>
	</Placemark>
	<Placemark id="079168C9D12A04801E09">
		<name>MD234-DB-22-0501-208+712</name>
		<LookAt>
			<longitude>104.4989705087388</longitude>
			<latitude>17.2858433686506</latitude>
			<altitude>183.4114781013898</altitude>
			<heading>20.34957779847158</heading>
			<tilt>0</tilt>
			<gx:fovy>35.00005426210784</gx:fovy>
			<range>218.8759907668282</range>
			<altitudeMode>absolute</altitudeMode>
		</LookAt>
		<styleUrl>#__managed_style_08855A3D8E2A0419A6C0</styleUrl>
		<Point>
			<coordinates>104.4990584735799,17.28616849664335,183.6026555231616</coordinates>
		</Point>
	</Placemark>
	<Placemark id="07BC22FAF32A0480B234">
		<name>MD235-DB-22-0501-208+747</name>
		<LookAt>
			<longitude>104.4988545867573</longitude>
			<latitude>17.28595837007083</latitude>
			<altitude>184.236573792815</altitude>
			<heading>20.34954335285947</heading>
			<tilt>0</tilt>
			<gx:fovy>35.00005426210784</gx:fovy>
			<range>218.0508914072198</range>
			<altitudeMode>absolute</altitudeMode>
		</LookAt>
		<styleUrl>#__managed_style_08855A3D8E2A0419A6C0</styleUrl>
		<Point>
			<coordinates>104.4993839030351,17.28615193884804,184.228082504021</coordinates>
		</Point>
	</Placemark>
	<Placemark id="08B4D951482A04811194">
		<name>MD236-DB-22-0501-208+782</name>
		<LookAt>
			<longitude>104.4990857733363</longitude>
			<latitude>17.28599108085372</latitude>
			<altitude>183.1124083854902</altitude>
			<heading>20.34954335500323</heading>
			<tilt>0</tilt>
			<gx:fovy>35.00005426210784</gx:fovy>
			<range>141.7608960105645</range>
			<altitudeMode>absolute</altitudeMode>
		</LookAt>
		<styleUrl>#__managed_style_08855A3D8E2A0419A6C0</styleUrl>
		<Point>
			<coordinates>104.4997066968229,17.28613112557294,186.1877598763222</coordinates>
		</Point>
	</Placemark>
	<Placemark id="082A055CA02A04819C5F">
		<name>MD237-DB-22-0501-208+815</name>
		<LookAt>
			<longitude>104.4998216565249</longitude>
			<latitude>17.28594954990423</latitude>
			<altitude>184.8187295664625</altitude>
			<heading>20.34976201741618</heading>
			<tilt>0</tilt>
			<gx:fovy>35.00005426210784</gx:fovy>
			<range>140.0545843232976</range>
			<altitudeMode>absolute</altitudeMode>
		</LookAt>
		<styleUrl>#__managed_style_08855A3D8E2A0419A6C0</styleUrl>
		<Point>
			<coordinates>104.5000234569482,17.28614597915114,185.0314517765372</coordinates>
		</Point>
	</Placemark>
	<Placemark id="03CFA3082D2A048216D5">
		<name>MD238-DB-22-0501-208+850</name>
		<LookAt>
			<longitude>104.50016348624</longitude>
			<latitude>17.28593781369651</latitude>
			<altitude>184.7850640199282</altitude>
			<heading>20.34986358963239</heading>
			<tilt>0</tilt>
			<gx:fovy>35.00005426210784</gx:fovy>
			<range>140.0882845527667</range>
			<altitudeMode>absolute</altitudeMode>
		</LookAt>
		<styleUrl>#__managed_style_08855A3D8E2A0419A6C0</styleUrl>
		<Point>
			<coordinates>104.5003565317034,17.28613384328882,183.2122372410138</coordinates>
		</Point>
	</Placemark>
	<Placemark id="0355E3544C2A04826FA4">
		<name>MD239-DB-22-0501-208+885</name>
		<LookAt>
			<longitude>104.5006517033904</longitude>
			<latitude>17.28591468264622</latitude>
			<altitude>182.2825893528206</altitude>
			<heading>20.35000865980492</heading>
			<tilt>0</tilt>
			<gx:fovy>35.00005426210784</gx:fovy>
			<range>142.5907583668414</range>
			<altitudeMode>absolute</altitudeMode>
		</LookAt>
		<styleUrl>#__managed_style_08855A3D8E2A0419A6C0</styleUrl>
		<Point>
			<coordinates>104.5006890095275,17.2861178192555,180.8255898365762</coordinates>
		</Point>
	</Placemark>
	<Placemark id="03C8BEC2F52A0482B1FB">
		<name>MD240-DB-22-0501-208+920</name>
		<LookAt>
			<longitude>104.5006517033848</longitude>
			<latitude>17.28591468264622</latitude>
			<altitude>182.2825893528206</altitude>
			<heading>20.3500086598049</heading>
			<tilt>0</tilt>
			<gx:fovy>35.00005426210784</gx:fovy>
			<range>142.5907583668414</range>
			<altitudeMode>absolute</altitudeMode>
		</LookAt>
		<styleUrl>#__managed_style_08855A3D8E2A0419A6C0</styleUrl>
		<Point>
			<coordinates>104.5010158428898,17.28609643566935,181.1440022359403</coordinates>
		</Point>
	</Placemark>
	<Placemark id="0D3249ECF22A048302A4">
		<name>MD241-DB-22-0501-208+955</name>
		<LookAt>
			<longitude>104.5013505725969</longitude>
			<latitude>17.28591181346935</latitude>
			<altitude>181.7274265460932</altitude>
			<heading>20.35018500872739</heading>
			<tilt>0</tilt>
			<gx:fovy>35.00005426210784</gx:fovy>
			<range>147.6486668095276</range>
			<altitudeMode>absolute</altitudeMode>
		</LookAt>
		<styleUrl>#__managed_style_08855A3D8E2A0419A6C0</styleUrl>
		<Point>
			<coordinates>104.5013415041197,17.28607320273492,181.3454004951591</coordinates>
		</Point>
	</Placemark>
	<Placemark id="07BB2358BA2A04834AA5">
		<name>MD242-DB-22-0501-208+990</name>
		<LookAt>
			<longitude>104.5013505725747</longitude>
			<latitude>17.28591181349049</latitude>
			<altitude>181.7274359789687</altitude>
			<heading>20.35018500872739</heading>
			<tilt>0</tilt>
			<gx:fovy>35.00005426210784</gx:fovy>
			<range>147.6486783983273</range>
			<altitudeMode>absolute</altitudeMode>
		</LookAt>
		<styleUrl>#__managed_style_08855A3D8E2A0419A6C0</styleUrl>
		<Point>
			<coordinates>104.5016658212242,17.28606330988959,180.5188262848422</coordinates>
		</Point>
	</Placemark>
	<Placemark id="0E4F38C8532A0483B161">
		<name>MD243-DB-22-0501-209+025</name>
		<LookAt>
			<longitude>104.5020031761332</longitude>
			<latitude>17.28585395072448</latitude>
			<altitude>180.1539282664354</altitude>
			<heading>20.35037892443943</heading>
			<tilt>0</tilt>
			<gx:fovy>35.00005426210784</gx:fovy>
			<range>149.2221824412627</range>
			<altitudeMode>absolute</altitudeMode>
		</LookAt>
		<styleUrl>#__managed_style_08855A3D8E2A0419A6C0</styleUrl>
		<Point>
			<coordinates>104.5020079902986,17.28603714013133,179.7776627443255</coordinates>
		</Point>
	</Placemark>
	<Placemark id="0391AAB4102A048400CE">
		<name>MD244-DB-22-0501-209+060</name>
		<LookAt>
			<longitude>104.5023868552607</longitude>
			<latitude>17.28586983853504</latitude>
			<altitude>180.9926049729284</altitude>
			<heading>20.35049293104464</heading>
			<tilt>0</tilt>
			<gx:fovy>35.00005426210784</gx:fovy>
			<range>148.3835125972292</range>
			<altitudeMode>absolute</altitudeMode>
		</LookAt>
		<styleUrl>#__managed_style_08855A3D8E2A0419A6C0</styleUrl>
		<Point>
			<coordinates>104.5023341380276,17.28601787018826,180.9536946197708</coordinates>
		</Point>
	</Placemark>
	<Placemark id="05DAD6B39E2A04846884">
		<name>MD245-DB-22-0501-209+095</name>
		<LookAt>
			<longitude>104.5024873355811</longitude>
			<latitude>17.28591330457352</latitude>
			<altitude>180.9926083666699</altitude>
			<heading>20.3504929316677</heading>
			<tilt>0</tilt>
			<gx:fovy>35.00005426210784</gx:fovy>
			<range>96.35812279271705</range>
			<altitudeMode>absolute</altitudeMode>
		</LookAt>
		<styleUrl>#__managed_style_08855A3D8E2A0419A6C0</styleUrl>
		<Point>
			<coordinates>104.5026624185112,17.28599798227371,181.0174046382537</coordinates>
		</Point>
	</Placemark>
	<Placemark id="03A147D23F2A0484BF6D">
		<name>MD246-DB-22-0501-209+130</name>
		<LookAt>
			<longitude>104.502786803896</longitude>
			<latitude>17.28584181296751</latitude>
			<altitude>180.2292305000544</altitude>
			<heading>20.35058803140478</heading>
			<tilt>0</tilt>
			<gx:fovy>35.00005426210784</gx:fovy>
			<range>157.0866779792232</range>
			<altitudeMode>absolute</altitudeMode>
		</LookAt>
		<styleUrl>#__managed_style_08855A3D8E2A0419A6C0</styleUrl>
		<Point>
			<coordinates>104.5029937626753,17.2859881424953,180.8069694010987</coordinates>
		</Point>
	</Placemark>
	<Placemark id="0214136F452A0485186E">
		<name>MD247-DB-22-0501-209+165</name>
		<LookAt>
			<longitude>104.5031531399689</longitude>
			<latitude>17.28587629016875</latitude>
			<altitude>180.534555235215</altitude>
			<heading>29.1589279757395</heading>
			<tilt>26.0039003720558</tilt>
			<gx:fovy>35.00005426210784</gx:fovy>
			<range>96.91458218694606</range>
			<altitudeMode>absolute</altitudeMode>
		</LookAt>
		<styleUrl>#__managed_style_08855A3D8E2A0419A6C0</styleUrl>
		<Point>
			<coordinates>104.5033205300067,17.2859695738859,181.3209437862626</coordinates>
		</Point>
	</Placemark>
	<Placemark id="071D42BEC62A04857510">
		<name>MD248-DB-22-0501-209+200</name>
		<LookAt>
			<longitude>104.5035319563429</longitude>
			<latitude>17.28582681252866</latitude>
			<altitude>180.332365451444</altitude>
			<heading>42.7489618854779</heading>
			<tilt>43.32165675798338</tilt>
			<gx:fovy>35.00005426210784</gx:fovy>
			<range>87.42958422894844</range>
			<altitudeMode>absolute</altitudeMode>
		</LookAt>
		<styleUrl>#__managed_style_08855A3D8E2A0419A6C0</styleUrl>
		<Point>
			<coordinates>104.5036501282938,17.2859488807056,179.6760701309215</coordinates>
		</Point>
	</Placemark>
	<Placemark id="058895A5BF2A0485BD01">
		<name>MD249-DB-22-0501-209+235</name>
		<LookAt>
			<longitude>104.5038713092824</longitude>
			<latitude>17.28579180407376</latitude>
			<altitude>179.4181332609758</altitude>
			<heading>42.74906272079333</heading>
			<tilt>43.32166451153365</tilt>
			<gx:fovy>35.00005426210784</gx:fovy>
			<range>88.6862388998361</range>
			<altitudeMode>absolute</altitudeMode>
		</LookAt>
		<styleUrl>#__managed_style_08855A3D8E2A0419A6C0</styleUrl>
		<Point>
			<coordinates>104.5039754712502,17.28593413503954,178.9757484437162</coordinates>
		</Point>
	</Placemark>
	<Placemark id="0070D4338C2A048642BB">
		<name>MD250-DB-22-0501-209+270</name>
		<LookAt>
			<longitude>104.5042062105825</longitude>
			<latitude>17.28576807928754</latitude>
			<altitude>179.6958011276496</altitude>
			<heading>42.74916223372794</heading>
			<tilt>43.32166215666211</tilt>
			<gx:fovy>35.00005426210785</gx:fovy>
			<range>88.30457337117878</range>
			<altitudeMode>absolute</altitudeMode>
		</LookAt>
		<styleUrl>#__managed_style_08855A3D8E2A0419A6C0</styleUrl>
		<Point>
			<coordinates>104.5043009851073,17.28592103178296,180.2307956130714</coordinates>
		</Point>
	</Placemark>
	<Placemark id="09387FE05F2A0486AB8D">
		<name>MD251-DB-22-0501-209+305</name>
		<LookAt>
			<longitude>104.5045073905897</longitude>
			<latitude>17.28576638382707</latitude>
			<altitude>181.1099186736029</altitude>
			<heading>42.74925172599602</heading>
			<tilt>43.32165016359507</tilt>
			<gx:fovy>35.00005426210785</gx:fovy>
			<range>86.36080138407124</range>
			<altitudeMode>absolute</altitudeMode>
		</LookAt>
		<styleUrl>#__managed_style_08855A3D8E2A0419A6C0</styleUrl>
		<Point>
			<coordinates>104.504630630886,17.28590449592647,182.3092824347072</coordinates>
		</Point>
	</Placemark>
	<Placemark id="004A954D702A0487140B">
		<name>MD252-DB-22-0501-209+340</name>
		<LookAt>
			<longitude>104.50482920757</longitude>
			<latitude>17.28581740712961</latitude>
			<altitude>183.1998545876505</altitude>
			<heading>42.74934735009385</heading>
			<tilt>43.32163243901632</tilt>
			<gx:fovy>35.00005426210785</gx:fovy>
			<range>83.4880943922235</range>
			<altitudeMode>absolute</altitudeMode>
		</LookAt>
		<styleUrl>#__managed_style_08855A3D8E2A0419A6C0</styleUrl>
		<Point>
			<coordinates>104.5049617575004,17.28588363929842,184.5526927830426</coordinates>
		</Point>
	</Placemark>
	<Placemark id="0D654255592A048777C5">
		<name>MD253-DB-22-0501-209+375</name>
		<LookAt>
			<longitude>104.5052268060329</longitude>
			<latitude>17.28571212066432</latitude>
			<altitude>184.1189182055741</altitude>
			<heading>42.74951962685362</heading>
			<tilt>43.32188179178917</tilt>
			<gx:fovy>35.00005426210785</gx:fovy>
			<range>123.9022659838702</range>
			<altitudeMode>absolute</altitudeMode>
		</LookAt>
		<styleUrl>#__managed_style_08855A3D8E2A0419A6C0</styleUrl>
		<Point>
			<coordinates>104.5052932993896,17.28588094206209,184.5171949892649</coordinates>
		</Point>
	</Placemark>
	<Placemark id="03F6B108682A0487EDAC">
		<name>MD254-DB-22-0501-209+410</name>
		<LookAt>
			<longitude>104.5057122953046</longitude>
			<latitude>17.28563418512279</latitude>
			<altitude>183.8232299350585</altitude>
			<heading>42.74966388492348</heading>
			<tilt>43.32188429953496</tilt>
			<gx:fovy>35.00005426210785</gx:fovy>
			<range>124.3087083662431</range>
			<altitudeMode>absolute</altitudeMode>
		</LookAt>
		<styleUrl>#__managed_style_08855A3D8E2A0419A6C0</styleUrl>
		<Point>
			<coordinates>104.5056213575991,17.28588992657108,183.1568683977235</coordinates>
		</Point>
	</Placemark>
	<Placemark id="01FCC762522A0488ACB2">
		<name>MD255-DB-22-0501-209+445</name>
		<LookAt>
			<longitude>104.5059250742705</longitude>
			<latitude>17.28560446852761</latitude>
			<altitude>184.1410298970733</altitude>
			<heading>42.74952335087639</heading>
			<tilt>43.321881604084</tilt>
			<gx:fovy>35.00005426210785</gx:fovy>
			<range>123.8718685623098</range>
			<altitudeMode>absolute</altitudeMode>
		</LookAt>
		<styleUrl>#__managed_style_08855A3D8E2A0419A6C0</styleUrl>
		<Point>
			<coordinates>104.5059484013104,17.28591318625687,184.0577629945139</coordinates>
		</Point>
	</Placemark>
	<Placemark id="00F6E6DE472A04891D94">
		<name>MD256-DB-22-0501-209+480</name>
		<LookAt>
			<longitude>104.5062335218886</longitude>
			<latitude>17.28570824999812</latitude>
			<altitude>185.3566851502722</altitude>
			<heading>42.74961500236282</heading>
			<tilt>43.32187129409509</tilt>
			<gx:fovy>35.00005426210785</gx:fovy>
			<range>122.2008911252669</range>
			<altitudeMode>absolute</altitudeMode>
		</LookAt>
		<styleUrl>#__managed_style_08855A3D8E2A0419A6C0</styleUrl>
		<Point>
			<coordinates>104.5062738224278,17.28593413235644,185.3466248295239</coordinates>
		</Point>
	</Placemark>
	<Placemark id="063B18EB8E2A04898C1F">
		<name>MD257-DB-22-0501-209+515</name>
		<LookAt>
			<longitude>104.5066578813975</longitude>
			<latitude>17.28574337104059</latitude>
			<altitude>187.4816112748826</altitude>
			<heading>42.74974109631398</heading>
			<tilt>43.32185327259393</tilt>
			<gx:fovy>35.00005426210785</gx:fovy>
			<range>119.2800732315482</range>
			<altitudeMode>absolute</altitudeMode>
		</LookAt>
		<styleUrl>#__managed_style_08855A3D8E2A0419A6C0</styleUrl>
		<Point>
			<coordinates>104.5066049501093,17.28597598469545,186.5195604404007</coordinates>
		</Point>
	</Placemark>
	<Placemark id="0540AAC2CE2A048A0D6B">
		<name>MD258-DB-22-0501-209+550</name>
		<LookAt>
			<longitude>104.5066578814197</longitude>
			<latitude>17.28574337099832</latitude>
			<altitude>187.4816112762972</altitude>
			<heading>42.7497410963675</heading>
			<tilt>43.32185327257729</tilt>
			<gx:fovy>35.00005426210785</gx:fovy>
			<range>119.2800732315482</range>
			<altitudeMode>absolute</altitudeMode>
		</LookAt>
		<styleUrl>#__managed_style_08855A3D8E2A0419A6C0</styleUrl>
		<Point>
			<coordinates>104.506927474707,17.28602790591685,187.4596379870094</coordinates>
		</Point>
	</Placemark>
	<Placemark id="02D02614F12A048A8E41">
		<name>MD259-DB-22-0501-209+585</name>
		<LookAt>
			<longitude>104.5067823570439</longitude>
			<latitude>17.28590082394064</latitude>
			<altitude>187.2230347390838</altitude>
			<heading>42.74977808310235</heading>
			<tilt>43.32185546560796</tilt>
			<gx:fovy>35.00005426210785</gx:fovy>
			<range>119.6355017177302</range>
			<altitudeMode>absolute</altitudeMode>
		</LookAt>
		<styleUrl>#__managed_style_08855A3D8E2A0419A6C0</styleUrl>
		<Point>
			<coordinates>104.5072648723845,17.28610330341732,189.224616530845</coordinates>
		</Point>
	</Placemark>
	<Placemark id="0AE3E59EB52A048B477B">
		<name>MD260-DB-22-0501-209+520</name>
		<LookAt>
			<longitude>104.5077752491043</longitude>
			<latitude>17.28595295022962</latitude>
			<altitude>188.621785993593</altitude>
			<heading>15.56909070860958</heading>
			<tilt>19.89216910342983</tilt>
			<gx:fovy>35.0000542621061</gx:fovy>
			<range>163.1197491485728</range>
			<altitudeMode>absolute</altitudeMode>
		</LookAt>
		<styleUrl>#__managed_style_08855A3D8E2A0419A6C0</styleUrl>
		<Point>
			<coordinates>104.5075816512277,17.28618047459847,189.1452891194698</coordinates>
		</Point>
	</Placemark>
	<Placemark id="04714BD2FB2A048C3D1C">
		<name>MD261-DB-22-0501-209+655</name>
		<LookAt>
			<longitude>104.5078845502772</longitude>
			<latitude>17.28617161471422</latitude>
			<altitude>188.2168114461543</altitude>
			<heading>15.36408564652283</heading>
			<tilt>19.95883702422984</tilt>
			<gx:fovy>35.00005426208804</gx:fovy>
			<range>84.04913136232609</range>
			<altitudeMode>absolute</altitudeMode>
		</LookAt>
		<styleUrl>#__managed_style_08855A3D8E2A0419A6C0</styleUrl>
		<Point>
			<coordinates>104.5078886706201,17.28624310563286,188.6870380191224</coordinates>
		</Point>
	</Placemark>
	<Placemark id="08DDB95B3E2A048CB442">
		<name>MD262-DB-22-0501-209+690</name>
		<LookAt>
			<longitude>104.5082861604377</longitude>
			<latitude>17.28628708451589</latitude>
			<altitude>188.4490506536383</altitude>
			<heading>15.17486077017183</heading>
			<tilt>19.95892861379258</tilt>
			<gx:fovy>35.00005426208426</gx:fovy>
			<range>126.705608215234</range>
			<altitudeMode>absolute</altitudeMode>
		</LookAt>
		<styleUrl>#__managed_style_08855A3D8E2A0419A6C0</styleUrl>
		<Point>
			<coordinates>104.5082074838176,17.28633355808126,188.8005684634902</coordinates>
		</Point>
	</Placemark>
	<Placemark id="043F9B8E362A048D25AB">
		<name>MD263-DB-22-0501-209+725</name>
		<LookAt>
			<longitude>104.5084216054611</longitude>
			<latitude>17.28631985554393</latitude>
			<altitude>188.0852136727924</altitude>
			<heading>14.99481798286945</heading>
			<tilt>19.95889560279914</tilt>
			<gx:fovy>35.00005426208095</gx:fovy>
			<range>127.0962318860438</range>
			<altitudeMode>absolute</altitudeMode>
		</LookAt>
		<styleUrl>#__managed_style_08855A3D8E2A0419A6C0</styleUrl>
		<Point>
			<coordinates>104.5085297282568,17.28642228745286,187.7854907268249</coordinates>
		</Point>
	</Placemark>
	<Placemark id="0AD03AD7352A048D8730">
		<name>MD264-DB-22-0501-209+760</name>
		<LookAt>
			<longitude>104.5087098014723</longitude>
			<latitude>17.28640363370454</latitude>
			<altitude>187.2607195323057</altitude>
			<heading>14.99490361945794</heading>
			<tilt>19.95889829546023</tilt>
			<gx:fovy>35.00005426208095</gx:fovy>
			<range>127.9734113114137</range>
			<altitudeMode>absolute</altitudeMode>
		</LookAt>
		<styleUrl>#__managed_style_08855A3D8E2A0419A6C0</styleUrl>
		<Point>
			<coordinates>104.5088777374347,17.28651090692796,187.0675692916729</coordinates>
		</Point>
	</Placemark>
	<Placemark id="01EECD7E602A048E10C0">
		<name>MD265-DB-22-0501-209+795</name>
		<LookAt>
			<longitude>104.5090544854931</longitude>
			<latitude>17.2864976893722</latitude>
			<altitude>187.787720803218</altitude>
			<heading>14.79116643536519</heading>
			<tilt>19.95875624777594</tilt>
			<gx:fovy>35.00005426207611</gx:fovy>
			<range>96.09642451834588</range>
			<altitudeMode>absolute</altitudeMode>
		</LookAt>
		<styleUrl>#__managed_style_08855A3D8E2A0419A6C0</styleUrl>
		<Point>
			<coordinates>104.5091930851138,17.28659054207396,188.7831594110355</coordinates>
		</Point>
	</Placemark>
	<Placemark id="0CF225F57E2A048E97D9">
		<name>MD266-DB-22-0501-209+830</name>
		<LookAt>
			<longitude>104.5093228999026</longitude>
			<latitude>17.2865250609462</latitude>
			<altitude>190.0256895305462</altitude>
			<heading>2.722967772544544</heading>
			<tilt>27.22605111381335</tilt>
			<gx:fovy>35.00005426206808</gx:fovy>
			<range>134.7053102790596</range>
			<altitudeMode>absolute</altitudeMode>
		</LookAt>
		<styleUrl>#__managed_style_08855A3D8E2A0419A6C0</styleUrl>
		<Point>
			<coordinates>104.5095105391192,17.28667834463016,191.1431535876677</coordinates>
		</Point>
	</Placemark>
	<Placemark id="0CE92FBBA42A048F0B72">
		<name>MD267-DB-22-0501-209+865</name>
		<LookAt>
			<longitude>104.509627876864</longitude>
			<latitude>17.28661898263186</latitude>
			<altitude>191.0374999278364</altitude>
			<heading>2.722967703340666</heading>
			<tilt>27.22604643225608</tilt>
			<gx:fovy>35.00005426206808</gx:fovy>
			<range>133.5674408048908</range>
			<altitudeMode>absolute</altitudeMode>
		</LookAt>
		<styleUrl>#__managed_style_08855A3D8E2A0419A6C0</styleUrl>
		<Point>
			<coordinates>104.5098293526235,17.28676485656896,191.2327352076193</coordinates>
		</Point>
	</Placemark>
	<Placemark id="0B01D4CF962A048F9027">
		<name>MD268-DB-22-0501-209+900</name>
		<LookAt>
			<longitude>104.5100019224495</longitude>
			<latitude>17.28674587454602</latitude>
			<altitude>190.728418762197</altitude>
			<heading>2.722967724582266</heading>
			<tilt>27.22604786232247</tilt>
			<gx:fovy>35.00005426206808</gx:fovy>
			<range>133.9150236736896</range>
			<altitudeMode>absolute</altitudeMode>
		</LookAt>
		<styleUrl>#__managed_style_08855A3D8E2A0419A6C0</styleUrl>
		<Point>
			<coordinates>104.5101429510107,17.28685389115968,190.295094337276</coordinates>
		</Point>
	</Placemark>
	<Placemark id="01FA0EE2362A049018AC">
		<name>MD269-DB-22-0501-209+935</name>
		<LookAt>
			<longitude>104.5102947904037</longitude>
			<latitude>17.28679111389958</latitude>
			<altitude>189.4033386785817</altitude>
			<heading>2.722967815230164</heading>
			<tilt>0</tilt>
			<gx:fovy>35.00005426206808</gx:fovy>
			<range>135.4052158357263</range>
			<altitudeMode>absolute</altitudeMode>
		</LookAt>
		<styleUrl>#__managed_style_08855A3D8E2A0419A6C0</styleUrl>
		<Point>
			<coordinates>104.5104334262341,17.28696823804282,189.395477918623</coordinates>
		</Point>
	</Placemark>
	<Placemark id="06374FE0832A049093D7">
		<name>MD270-DB-22-0501-209+970</name>
		<LookAt>
			<longitude>104.5102746266198</longitude>
			<latitude>17.28700536322959</latitude>
			<altitude>189.7374059300934</altitude>
			<heading>2.642241595118678</heading>
			<tilt>0</tilt>
			<gx:fovy>35.00005426206366</gx:fovy>
			<range>135.072350742521</range>
			<altitudeMode>absolute</altitudeMode>
		</LookAt>
		<styleUrl>#__managed_style_08855A3D8E2A0419A6C0</styleUrl>
		<Point>
			<coordinates>104.5107491392181,17.28705338718493,190.4691585624148</coordinates>
		</Point>
	</Placemark>
	<Placemark id="0E8CD39C242A049199C0">
		<name>MD271-DB-22-0501-210-005</name>
		<LookAt>
			<longitude>104.5109090415313</longitude>
			<latitude>17.28700211644921</latitude>
			<altitude>191.0886778765581</altitude>
			<heading>2.642241595112196</heading>
			<tilt>0</tilt>
			<gx:fovy>35.00005426206366</gx:fovy>
			<range>137.3290956481833</range>
			<altitudeMode>absolute</altitudeMode>
		</LookAt>
		<styleUrl>#__managed_style_08855A3D8E2A0419A6C0</styleUrl>
		<Point>
			<coordinates>104.5110643741023,17.28713916471956,191.2898978787215</coordinates>
		</Point>
	</Placemark>
	<Placemark id="00F4C1E7952A04920FC9">
		<name>MD272-DB-22-0501-210+040</name>
		<LookAt>
			<longitude>104.5111671564577</longitude>
			<latitude>17.28711576787224</latitude>
			<altitude>191.4133146645247</altitude>
			<heading>2.64224159510916</heading>
			<tilt>0</tilt>
			<gx:fovy>35.00005426206366</gx:fovy>
			<range>137.004447013951</range>
			<altitudeMode>absolute</altitudeMode>
		</LookAt>
		<styleUrl>#__managed_style_08855A3D8E2A0419A6C0</styleUrl>
		<Point>
			<coordinates>104.5113778680916,17.28722727345563,191.6105971893486</coordinates>
		</Point>
	</Placemark>
	<Placemark id="0DDD539C622A0492DF46">
		<name>MD273-DB-22-0501-210+075</name>
		<LookAt>
			<longitude>104.511412954686</longitude>
			<latitude>17.28727807074316</latitude>
			<altitude>191.4742198106103</altitude>
			<heading>2.31308103792355</heading>
			<tilt>0</tilt>
			<gx:fovy>35.00005426191355</gx:fovy>
			<range>136.9282970112545</range>
			<altitudeMode>absolute</altitudeMode>
		</LookAt>
		<styleUrl>#__managed_style_08855A3D8E2A0419A6C0</styleUrl>
		<Point>
			<coordinates>104.51169462709,17.28735456776502,191.317927316168</coordinates>
		</Point>
	</Placemark>
	<Placemark id="06B7277FBA2A04936054">
		<name>MD274-DB-22-0501-210+110</name>
		<LookAt>
			<longitude>104.5119573354722</longitude>
			<latitude>17.28734115828649</latitude>
			<altitude>190.2521266156246</altitude>
			<heading>2.313083601559114</heading>
			<tilt>0</tilt>
			<gx:fovy>35.00005426191355</gx:fovy>
			<range>138.1503822926971</range>
			<altitudeMode>absolute</altitudeMode>
		</LookAt>
		<styleUrl>#__managed_style_08855A3D8E2A0419A6C0</styleUrl>
		<Point>
			<coordinates>104.5120175001479,17.28739186926405,190.3535714094536</coordinates>
		</Point>
	</Placemark>
	<Placemark id="03F34EFC7C2A0493D0BD">
		<name>MD275-DB-22-0501-210+145</name>
		<LookAt>
			<longitude>104.5121167939355</longitude>
			<latitude>17.28738222896524</latitude>
			<altitude>190.110271277653</altitude>
			<heading>2.313083601555489</heading>
			<tilt>0</tilt>
			<gx:fovy>35.00005426191355</gx:fovy>
			<range>138.2922292007788</range>
			<altitudeMode>absolute</altitudeMode>
		</LookAt>
		<styleUrl>#__managed_style_08855A3D8E2A0419A6C0</styleUrl>
		<Point>
			<coordinates>104.5123284024933,17.28748701444275,190.3229256482668</coordinates>
		</Point>
	</Placemark>
	<Placemark id="098B8F14302A04947052">
		<name>MD276-DB-22-0501-210+180</name>
		<LookAt>
			<longitude>104.5123531620311</longitude>
			<latitude>17.28747931440846</latitude>
			<altitude>190.1102627671282</altitude>
			<heading>2.200895445550676</heading>
			<tilt>0</tilt>
			<gx:fovy>35.00005426191117</gx:fovy>
			<range>138.2915454615977</range>
			<altitudeMode>absolute</altitudeMode>
		</LookAt>
		<styleUrl>#__managed_style_08855A3D8E2A0419A6C0</styleUrl>
		<Point>
			<coordinates>104.5126534690913,17.28757853404892,190.5055933997094</coordinates>
		</Point>
	</Placemark>
	<Placemark id="006B25493D2A0494E411">
		<name>MD277-DB-22-0501-210+215</name>
		<LookAt>
			<longitude>104.5127484944732</longitude>
			<latitude>17.28762740939517</latitude>
			<altitude>190.4354085752962</altitude>
			<heading>2.200880611884458</heading>
			<tilt>0</tilt>
			<gx:fovy>35.00005426191117</gx:fovy>
			<range>137.9663985089792</range>
			<altitudeMode>absolute</altitudeMode>
		</LookAt>
		<styleUrl>#__managed_style_08855A3D8E2A0419A6C0</styleUrl>
		<Point>
			<coordinates>104.5129698686915,17.28766571858309,190.7571829546179</coordinates>
		</Point>
	</Placemark>
	<Placemark id="0749F423122A04955930">
		<name>MD278-DB-22-0501-210+250</name>
		<LookAt>
			<longitude>104.5132228940064</longitude>
			<latitude>17.28770659498814</latitude>
			<altitude>190.2550231789528</altitude>
			<heading>2.200880611879323</heading>
			<tilt>0</tilt>
			<gx:fovy>35.00005426191117</gx:fovy>
			<range>138.1467781759966</range>
			<altitudeMode>absolute</altitudeMode>
		</LookAt>
		<styleUrl>#__managed_style_08855A3D8E2A0419A6C0</styleUrl>
		<Point>
			<coordinates>104.5132835374194,17.28775222490785,190.3219867778121</coordinates>
		</Point>
	</Placemark>
	<Placemark id="07A660041D2A0495BE38">
		<name>MD279-DB-22-0501-210+285</name>
		<LookAt>
			<longitude>104.5132215857343</longitude>
			<latitude>17.2877069949253</latitude>
			<altitude>190.2582014567777</altitude>
			<heading>2.726697540878464</heading>
			<tilt>0</tilt>
			<gx:fovy>35.00005426190389</gx:fovy>
			<range>138.1450282672449</range>
			<altitudeMode>absolute</altitudeMode>
		</LookAt>
		<styleUrl>#__managed_style_08855A3D8E2A0419A6C0</styleUrl>
		<Point>
			<coordinates>104.5135986027656,17.28784291035711,189.8685689733207</coordinates>
		</Point>
	</Placemark>
	<Placemark id="0AC07DDF772A04964F14">
		<name>MD280-DB-22-0501-210+320</name>
		<LookAt>
			<longitude>104.5137156138519</longitude>
			<latitude>17.2877761239297</latitude>
			<altitude>190.0947614828607</altitude>
			<heading>3.503278430250871</heading>
			<tilt>0</tilt>
			<gx:fovy>35.00005426188171</gx:fovy>
			<range>138.3012452869298</range>
			<altitudeMode>absolute</altitudeMode>
		</LookAt>
		<styleUrl>#__managed_style_08855A3D8E2A0419A6C0</styleUrl>
		<Point>
			<coordinates>104.5139191211875,17.28793059887103,190.61024107386</coordinates>
		</Point>
	</Placemark>
	<Placemark id="01966311922A0496A5CB">
		<name>MD281-DB-22-0501-210+355</name>
		<LookAt>
			<longitude>104.5140485952077</longitude>
			<latitude>17.28784306088075</latitude>
			<altitude>191.1665633557633</altitude>
			<heading>3.503278430248685</heading>
			<tilt>0</tilt>
			<gx:fovy>35.00005426188171</gx:fovy>
			<range>137.2294551485357</range>
			<altitudeMode>absolute</altitudeMode>
		</LookAt>
		<styleUrl>#__managed_style_08855A3D8E2A0419A6C0</styleUrl>
		<Point>
			<coordinates>104.5142325867131,17.28802211684626,189.311805731747</coordinates>
		</Point>
	</Placemark>
	<Placemark id="0548B5771A2A0496E9D4">
		<name>MD282-DB-22-0501-210+390</name>
		<LookAt>
			<longitude>104.5145940057487</longitude>
			<latitude>17.28791654066369</latitude>
			<altitude>185.2130985740785</altitude>
			<heading>3.503278430247332</heading>
			<tilt>0</tilt>
			<gx:fovy>35.00005426188171</gx:fovy>
			<range>143.1829112640844</range>
			<altitudeMode>absolute</altitudeMode>
		</LookAt>
		<styleUrl>#__managed_style_08855A3D8E2A0419A6C0</styleUrl>
		<Point>
			<coordinates>104.5145839307799,17.28812687773318,185.3590213847606</coordinates>
		</Point>
	</Placemark>
	<Placemark id="090E24EC0C2A04972B22">
		<name>MD283-DB-22-0501-210+425</name>
		<LookAt>
			<longitude>104.515063051931</longitude>
			<latitude>17.28804289967531</latitude>
			<altitude>185.4071809838291</altitude>
			<heading>3.503278430244833</heading>
			<tilt>0</tilt>
			<gx:fovy>35.00005426188171</gx:fovy>
			<range>142.988845224645</range>
			<altitudeMode>absolute</altitudeMode>
		</LookAt>
		<styleUrl>#__managed_style_08855A3D8E2A0419A6C0</styleUrl>
		<Point>
			<coordinates>104.5149118732278,17.28821949501651,185.0533732579079</coordinates>
		</Point>
	</Placemark>
	<Placemark id="0EE8733DA02A049EE85A">
		<name>MD284-DB-22-0501-211+265</name>
		<LookAt>
			<longitude>104.520922853518</longitude>
			<latitude>17.29249369106677</latitude>
			<altitude>187.4033678457784</altitude>
			<heading>307.9796484504673</heading>
			<tilt>0</tilt>
			<gx:fovy>34.99999999999999</gx:fovy>
			<range>136.2459021309041</range>
			<altitudeMode>absolute</altitudeMode>
		</LookAt>
		<styleUrl>#__managed_style_08855A3D8E2A0419A6C0</styleUrl>
		<Point>
			<coordinates>104.5210059973937,17.29272026779376,188.3314884664742</coordinates>
		</Point>
	</Placemark>
	<Placemark id="06C27569C12A049F4C2A">
		<name>MD285-DB-22-0501-211+300</name>
		<LookAt>
			<longitude>104.5212614269672</longitude>
			<latitude>17.29280297044223</latitude>
			<altitude>189.5012217605239</altitude>
			<heading>307.9797489782078</heading>
			<tilt>0</tilt>
			<gx:fovy>34.99999999999999</gx:fovy>
			<range>134.148039668853</range>
			<altitudeMode>absolute</altitudeMode>
		</LookAt>
		<styleUrl>#__managed_style_08855A3D8E2A0419A6C0</styleUrl>
		<Point>
			<coordinates>104.5212916977579,17.29303000227766,189.6729310917065</coordinates>
		</Point>
	</Placemark>
	<Placemark id="07AAC2D3D82A049FFFE8">
		<name>MD286-DB-22-0501-211+335</name>
		<LookAt>
			<longitude>104.5214376200765</longitude>
			<latitude>17.29330520493571</latitude>
			<altitude>185.8800581366308</altitude>
			<heading>28.35285780124071</heading>
			<tilt>24.11333417688378</tilt>
			<gx:fovy>34.99999999999999</gx:fovy>
			<range>98.58669532635761</range>
			<altitudeMode>absolute</altitudeMode>
		</LookAt>
		<styleUrl>#__managed_style_08855A3D8E2A0419A6C0</styleUrl>
		<Point>
			<coordinates>104.5215226959543,17.29330278534224,185.2700017436453</coordinates>
		</Point>
	</Placemark>
	<Placemark id="07B517A0A42A04A0F74E">
		<name>MD287-DB-22-0501-211+370</name>
		<LookAt>
			<longitude>104.5216921500496</longitude>
			<latitude>17.29332599361285</latitude>
			<altitude>182.8923166237534</altitude>
			<heading>-2.719817088179543</heading>
			<tilt>48.19961874385238</tilt>
			<gx:fovy>34.99999999999999</gx:fovy>
			<range>111.7765108596177</range>
			<altitudeMode>absolute</altitudeMode>
		</LookAt>
		<styleUrl>#__managed_style_08855A3D8E2A0419A6C0</styleUrl>
		<Point>
			<coordinates>104.5217651809301,17.29356129217677,183.3585066854219</coordinates>
		</Point>
	</Placemark>
	<Placemark id="03E75203C52A04A145B2">
		<name>MD288-DB-22-0501-211+405</name>
		<LookAt>
			<longitude>104.5220578424434</longitude>
			<latitude>17.29355427301709</latitude>
			<altitude>181.3465585806418</altitude>
			<heading>-2.719817318015441</heading>
			<tilt>48.19963429091709</tilt>
			<gx:fovy>34.99999999999999</gx:fovy>
			<range>114.0955919187582</range>
			<altitudeMode>absolute</altitudeMode>
		</LookAt>
		<styleUrl>#__managed_style_08855A3D8E2A0419A6C0</styleUrl>
		<Point>
			<coordinates>104.5219987303312,17.29382231514384,183.4118395834802</coordinates>
		</Point>
	</Placemark>
	<Placemark id="0303899BE32A04A18625">
		<name>MD289-DB-22-0501-211+440</name>
		<LookAt>
			<longitude>104.5223551317979</longitude>
			<latitude>17.29384284867725</latitude>
			<altitude>181.9198418804145</altitude>
			<heading>-2.719817233021701</heading>
			<tilt>48.19962852475722</tilt>
			<gx:fovy>34.99999999999999</gx:fovy>
			<range>113.2354943841165</range>
			<altitudeMode>absolute</altitudeMode>
		</LookAt>
		<styleUrl>#__managed_style_08855A3D8E2A0419A6C0</styleUrl>
		<Point>
			<coordinates>104.5222336716193,17.29408173339112,182.3350318706813</coordinates>
		</Point>
	</Placemark>
	<Placemark id="0FA108E65E2A04A1F810">
		<name>MD290-DB-22-0501-211+475</name>
		<LookAt>
			<longitude>104.5226185123569</longitude>
			<latitude>17.2941278820225</latitude>
			<altitude>182.4734062363063</altitude>
			<heading>-24.11135611499073</heading>
			<tilt>46.43790626688389</tilt>
			<gx:fovy>34.99999999999999</gx:fovy>
			<range>112.7026877300341</range>
			<altitudeMode>absolute</altitudeMode>
		</LookAt>
		<styleUrl>#__managed_style_08855A3D8E2A0419A6C0</styleUrl>
		<Point>
			<coordinates>104.5224658831666,17.29434214203955,182.5834032164587</coordinates>
		</Point>
	</Placemark>
	<Placemark id="0EC578A1882A04A25D40">
		<name>MS291-SB-22-0501-211+510</name>
		<LookAt>
			<longitude>104.5226228909623</longitude>
			<latitude>17.29434475693485</latitude>
			<altitude>182.706530473292</altitude>
			<heading>335.888644848741</heading>
			<tilt>0</tilt>
			<gx:fovy>34.99999999999999</gx:fovy>
			<range>112.4695790244732</range>
			<altitudeMode>absolute</altitudeMode>
		</LookAt>
		<styleUrl>#__managed_style_08855A3D8E2A0419A6C0</styleUrl>
		<Point>
			<coordinates>104.5226418176482,17.29458907621059,183.7651082169385</coordinates>
		</Point>
	</Placemark>
	<Placemark id="0D8B6E8AAD2A04A2A4AA">
		<name>MD292-DB-22-0501-211+545</name>
		<LookAt>
			<longitude>104.5229082367734</longitude>
			<latitude>17.29455393730724</latitude>
			<altitude>184.1818630398186</altitude>
			<heading>335.888759116888</heading>
			<tilt>0</tilt>
			<gx:fovy>34.99999999999999</gx:fovy>
			<range>179.4021054092082</range>
			<altitudeMode>absolute</altitudeMode>
		</LookAt>
		<styleUrl>#__managed_style_08855A3D8E2A0419A6C0</styleUrl>
		<Point>
			<coordinates>104.5228746471094,17.29484760178894,184.9664097135742</coordinates>
		</Point>
	</Placemark>
	<Placemark id="0FBE863E8F2A04A300FA">
		<name>MD293-DB-22-0501-211+580</name>
		<LookAt>
			<longitude>104.523260414997</longitude>
			<latitude>17.2948718246143</latitude>
			<altitude>182.0253267169905</altitude>
			<heading>335.8888636044955</heading>
			<tilt>0</tilt>
			<gx:fovy>34.99999999999999</gx:fovy>
			<range>181.5586419640385</range>
			<altitudeMode>absolute</altitudeMode>
		</LookAt>
		<styleUrl>#__managed_style_08855A3D8E2A0419A6C0</styleUrl>
		<Point>
			<coordinates>104.523110830756,17.29511348812504,183.2000764145797</coordinates>
		</Point>
	</Placemark>
	<Placemark id="050E3D4C2E2A04A33AFB">
		<name>MD294-DB-22-0501-211+615</name>
		<LookAt>
			<longitude>104.5232604150053</longitude>
			<latitude>17.2948718246143</latitude>
			<altitude>182.0253267169905</altitude>
			<heading>335.8888636044955</heading>
			<tilt>0</tilt>
			<gx:fovy>34.99999999999999</gx:fovy>
			<range>181.5586419640385</range>
			<altitudeMode>absolute</altitudeMode>
		</LookAt>
		<styleUrl>#__managed_style_08855A3D8E2A0419A6C0</styleUrl>
		<Point>
			<coordinates>104.5233436179499,17.29537633118459,180.6703328392745</coordinates>
		</Point>
	</Placemark>
	<Placemark id="0716AB26032A04A3813B">
		<name>MD295-DB-22-0501-211+650</name>
		<LookAt>
			<longitude>104.5236357636089</longitude>
			<latitude>17.29535110305023</latitude>
			<altitude>180.3165084750564</altitude>
			<heading>335.8889748164938</heading>
			<tilt>0</tilt>
			<gx:fovy>34.99999999999999</gx:fovy>
			<range>183.2674568320363</range>
			<altitudeMode>absolute</altitudeMode>
		</LookAt>
		<styleUrl>#__managed_style_08855A3D8E2A0419A6C0</styleUrl>
		<Point>
			<coordinates>104.5236002548396,17.29564625249806,180.3962173485616</coordinates>
		</Point>
	</Placemark>
	<Placemark id="0E6448F4212A04A3ED4E">
		<name>MD296-DB-22-0501-211+685</name>
		<LookAt>
			<longitude>104.5238743165298</longitude>
			<latitude>17.29558097099395</latitude>
			<altitude>182.4705562106665</altitude>
			<heading>335.8890454991606</heading>
			<tilt>0</tilt>
			<gx:fovy>34.99999999999999</gx:fovy>
			<range>181.1134002803374</range>
			<altitudeMode>absolute</altitudeMode>
		</LookAt>
		<styleUrl>#__managed_style_08855A3D8E2A0419A6C0</styleUrl>
		<Point>
			<coordinates>104.5238421693734,17.29590314477024,182.585911484613</coordinates>
		</Point>
	</Placemark>
	<Placemark id="06FE118B552A04A43E28">
		<name>MD297-DB-22-0501-211+720</name>
		<LookAt>
			<longitude>104.5240811003054</longitude>
			<latitude>17.29588412495064</latitude>
			<altitude>183.1440715835101</altitude>
			<heading>335.8891067249044</heading>
			<tilt>0</tilt>
			<gx:fovy>34.99999999999999</gx:fovy>
			<range>180.4398940093415</range>
			<altitudeMode>absolute</altitudeMode>
		</LookAt>
		<styleUrl>#__managed_style_08855A3D8E2A0419A6C0</styleUrl>
		<Point>
			<coordinates>104.5241308361857,17.29620419330763,183.9798480312962</coordinates>
		</Point>
	</Placemark>
	<Placemark id="08508AA90B2A04A582B1">
		<name>MD298-DB-22-0501-212+705</name>
		<LookAt>
			<longitude>104.53155760088</longitude>
			<latitude>17.30179670831041</latitude>
			<altitude>179.780826359956</altitude>
			<heading>353.1020333051815</heading>
			<tilt>0</tilt>
			<gx:fovy>35</gx:fovy>
			<range>125.0682382972627</range>
			<altitudeMode>absolute</altitudeMode>
		</LookAt>
		<styleUrl>#__managed_style_08855A3D8E2A0419A6C0</styleUrl>
		<Point>
			<coordinates>104.5313250967724,17.30179245072719,180.2857901734405</coordinates>
		</Point>
	</Placemark>
	<Placemark id="067094B34D2A04A5F642">
		<name>MD299-DB-22-0501-212+740</name>
		<LookAt>
			<longitude>104.5315797810639</longitude>
			<latitude>17.30170340853702</latitude>
			<altitude>180.0945175634058</altitude>
			<heading>353.1016052262069</heading>
			<tilt>0</tilt>
			<gx:fovy>35</gx:fovy>
			<range>169.5485314717916</range>
			<altitudeMode>absolute</altitudeMode>
		</LookAt>
		<styleUrl>#__managed_style_08855A3D8E2A0419A6C0</styleUrl>
		<Point>
			<coordinates>104.5315866429119,17.30198382783811,179.05515961382</coordinates>
		</Point>
	</Placemark>
	<Placemark id="039DB9BF1E2A04A69FEB">
		<name>MD300-DB-22-0501-212+775</name>
		<LookAt>
			<longitude>104.531894947819</longitude>
			<latitude>17.30181588461245</latitude>
			<altitude>178.6542440824285</altitude>
			<heading>353.1016986439615</heading>
			<tilt>0</tilt>
			<gx:fovy>35</gx:fovy>
			<range>170.9887990848074</range>
			<altitudeMode>absolute</altitudeMode>
		</LookAt>
		<styleUrl>#__managed_style_08855A3D8E2A0419A6C0</styleUrl>
		<Point>
			<coordinates>104.5318383556901,17.30218366024845,178.7197161582798</coordinates>
		</Point>
	</Placemark>
	<Placemark id="0D1E0CAAC92A04A760E3">
		<name>MD301-DB-22-0501-212+810</name>
		<LookAt>
			<longitude>104.5322377981152</longitude>
			<latitude>17.30222611854596</latitude>
			<altitude>179.4625152260596</altitude>
			<heading>353.1018002967807</heading>
			<tilt>0</tilt>
			<gx:fovy>35</gx:fovy>
			<range>170.1805382511338</range>
			<altitudeMode>absolute</altitudeMode>
		</LookAt>
		<styleUrl>#__managed_style_08855A3D8E2A0419A6C0</styleUrl>
		<Point>
			<coordinates>104.5320923866436,17.30236810431805,179.7455077398472</coordinates>
		</Point>
	</Placemark>
	<Placemark id="03538C37582A04A7A2F8">
		<name>MD302-DB-22-0501-212+845</name>
		<LookAt>
			<longitude>104.5324193887936</longitude>
			<latitude>17.30240220132447</latitude>
			<altitude>179.3059361214586</altitude>
			<heading>353.1018541329177</heading>
			<tilt>0</tilt>
			<gx:fovy>35</gx:fovy>
			<range>170.3371145236088</range>
			<altitudeMode>absolute</altitudeMode>
		</LookAt>
		<styleUrl>#__managed_style_08855A3D8E2A0419A6C0</styleUrl>
		<Point>
			<coordinates>104.5323630631611,17.30257112737773,178.9154946942831</coordinates>
		</Point>
	</Placemark>
	<Placemark id="05CB7165AC2A04A87918">
		<name>MD303-DB-22-0501-212+880</name>
		<LookAt>
			<longitude>104.5325280644573</longitude>
			<latitude>17.30255262108366</latitude>
			<altitude>178.0348564817323</altitude>
			<heading>353.1018373245171</heading>
			<tilt>0</tilt>
			<gx:fovy>35</gx:fovy>
			<range>130.6407821561334</range>
			<altitudeMode>absolute</altitudeMode>
		</LookAt>
		<styleUrl>#__managed_style_08855A3D8E2A0419A6C0</styleUrl>
		<Point>
			<coordinates>104.5326150567041,17.3027646394001,175.8773531373585</coordinates>
		</Point>
	</Placemark>
	<Placemark id="0B367533E32A04A8C12B">
		<name>MD304-DB-22-0501-212+915</name>
		<LookAt>
			<longitude>104.532736424957</longitude>
			<latitude>17.30278374305838</latitude>
			<altitude>175.2747639365328</altitude>
			<heading>353.1018991174267</heading>
			<tilt>0</tilt>
			<gx:fovy>35</gx:fovy>
			<range>133.4008749870918</range>
			<altitudeMode>absolute</altitudeMode>
		</LookAt>
		<styleUrl>#__managed_style_08855A3D8E2A0419A6C0</styleUrl>
		<Point>
			<coordinates>104.5328685777597,17.30296087264676,175.3324445458422</coordinates>
		</Point>
	</Placemark>
	<Placemark id="093402CA5C2A04A91589">
		<name>MD305-DB-22-0501-212+950</name>
		<LookAt>
			<longitude>104.5329984358101</longitude>
			<latitude>17.30295500907361</latitude>
			<altitude>175.2747432883248</altitude>
			<heading>353.1019768565736</heading>
			<tilt>0</tilt>
			<gx:fovy>35</gx:fovy>
			<range>133.4008981646912</range>
			<altitudeMode>absolute</altitudeMode>
		</LookAt>
		<styleUrl>#__managed_style_08855A3D8E2A0419A6C0</styleUrl>
		<Point>
			<coordinates>104.5332003923541,17.30320998726342,176.5640127876997</coordinates>
		</Point>
	</Placemark>
	<Placemark id="01AD5C9C5C2A04A956E6">
		<name>MD306-DB-22-0501-212+985</name>
		<LookAt>
			<longitude>104.5333253178466</longitude>
			<latitude>17.30319446568103</latitude>
			<altitude>176.5367224284155</altitude>
			<heading>353.1020738335841</heading>
			<tilt>0</tilt>
			<gx:fovy>35</gx:fovy>
			<range>132.1389126459508</range>
			<altitudeMode>absolute</altitudeMode>
		</LookAt>
		<styleUrl>#__managed_style_08855A3D8E2A0419A6C0</styleUrl>
		<Point>
			<coordinates>104.5334990369321,17.30342048966924,178.053762230133</coordinates>
		</Point>
	</Placemark>
	<Placemark id="092FB5473C2A04A9B0DD">
		<name>MD307-DB-22-0501-213+020</name>
		<LookAt>
			<longitude>104.5337605197931</longitude>
			<latitude>17.30353371638638</latitude>
			<altitude>177.8363449323352</altitude>
			<heading>353.1022030871146</heading>
			<tilt>0</tilt>
			<gx:fovy>35</gx:fovy>
			<range>130.8392867058501</range>
			<altitudeMode>absolute</altitudeMode>
		</LookAt>
		<styleUrl>#__managed_style_08855A3D8E2A0419A6C0</styleUrl>
		<Point>
			<coordinates>104.5337839997385,17.3036292517888,178.2390115680041</coordinates>
		</Point>
	</Placemark>
	<Placemark id="0756A05A532A04A9F28F">
		<name>MD308-DB-22-0501-213+055</name>
		<LookAt>
			<longitude>104.5337605197709</longitude>
			<latitude>17.30353371637581</latitude>
			<altitude>177.8363449323352</altitude>
			<heading>353.1022030813851</heading>
			<tilt>0</tilt>
			<gx:fovy>35</gx:fovy>
			<range>130.8392867058501</range>
			<altitudeMode>absolute</altitudeMode>
		</LookAt>
		<styleUrl>#__managed_style_08855A3D8E2A0419A6C0</styleUrl>
		<Point>
			<coordinates>104.5340675119889,17.30383190042429,177.6170934592591</coordinates>
		</Point>
	</Placemark>
	<Placemark id="046CC2E7C72A04AA4C79">
		<name>MD309-DB-22-0501-213+090</name>
		<LookAt>
			<longitude>104.534184600709</longitude>
			<latitude>17.3038292605095</latitude>
			<altitude>177.11906258875</altitude>
			<heading>353.1023289263205</heading>
			<tilt>0</tilt>
			<gx:fovy>35</gx:fovy>
			<range>131.5565754620366</range>
			<altitudeMode>absolute</altitudeMode>
		</LookAt>
		<styleUrl>#__managed_style_08855A3D8E2A0419A6C0</styleUrl>
		<Point>
			<coordinates>104.5343492815401,17.30404295380392,177.4691848507844</coordinates>
		</Point>
	</Placemark>
	<Placemark id="051E756CE22A04AAD99B">
		<name>MD310-DB-22-0501-213+125</name>
		<LookAt>
			<longitude>104.5346759451921</longitude>
			<latitude>17.30422499975902</latitude>
			<altitude>176.9656051788672</altitude>
			<heading>321.7462366069155</heading>
			<tilt>0</tilt>
			<gx:fovy>35</gx:fovy>
			<range>75.11932961939237</range>
			<altitudeMode>absolute</altitudeMode>
		</LookAt>
		<styleUrl>#__managed_style_08855A3D8E2A0419A6C0</styleUrl>
		<Point>
			<coordinates>104.5346582928855,17.3042811588976,176.9424108184935</coordinates>
		</Point>
	</Placemark>
	<Placemark id="0A153BAF9B2A04AB7E95">
		<name>MD311-DB-22-0501-213+155</name>
		<LookAt>
			<longitude>104.5349342726318</longitude>
			<latitude>17.30436466316838</latitude>
			<altitude>176.9230561312738</altitude>
			<heading>321.7462879036475</heading>
			<tilt>0</tilt>
			<gx:fovy>35</gx:fovy>
			<range>112.6874948136538</range>
			<altitudeMode>absolute</altitudeMode>
		</LookAt>
		<styleUrl>#__managed_style_08855A3D8E2A0419A6C0</styleUrl>
		<Point>
			<coordinates>104.5348566672476,17.30447215861159,176.3182577585814</coordinates>
		</Point>
	</Placemark>
	<Placemark id="034DE6A7502A04AC0B68">
		<name>MD312-DB-22-0501-213+190</name>
		<LookAt>
			<longitude>104.535238282491</longitude>
			<latitude>17.3045613695527</latitude>
			<altitude>177.3824788036483</altitude>
			<heading>321.74635492444</heading>
			<tilt>0</tilt>
			<gx:fovy>35</gx:fovy>
			<range>169.3974367015653</range>
			<altitudeMode>absolute</altitudeMode>
		</LookAt>
		<styleUrl>#__managed_style_08855A3D8E2A0419A6C0</styleUrl>
		<Point>
			<coordinates>104.5351370198962,17.30468399032626,176.7857841502889</coordinates>
		</Point>
	</Placemark>
	<Placemark id="0BD36620632A04AC605D">
		<name>MD313-DB-22-0501-213+225</name>
		<LookAt>
			<longitude>104.5352382825354</longitude>
			<latitude>17.30456136960553</latitude>
			<altitude>177.3824788050629</altitude>
			<heading>321.74635492444</heading>
			<tilt>0</tilt>
			<gx:fovy>35</gx:fovy>
			<range>169.3974367015653</range>
			<altitudeMode>absolute</altitudeMode>
		</LookAt>
		<styleUrl>#__managed_style_08855A3D8E2A0419A6C0</styleUrl>
		<Point>
			<coordinates>104.5354196283907,17.30489523674007,178.0604491059992</coordinates>
		</Point>
	</Placemark>
	<Placemark id="03D7D43B7B2A04ACB242">
		<name>MD314-DB-22-0501-213+260</name>
		<LookAt>
			<longitude>104.5356870642957</longitude>
			<latitude>17.3049169603594</latitude>
			<altitude>178.3368272991521</altitude>
			<heading>321.746488153476</heading>
			<tilt>0</tilt>
			<gx:fovy>35</gx:fovy>
			<range>168.4430874591271</range>
			<altitudeMode>absolute</altitudeMode>
		</LookAt>
		<styleUrl>#__managed_style_08855A3D8E2A0419A6C0</styleUrl>
		<Point>
			<coordinates>104.5357064283696,17.30509660260743,178.6285013535885</coordinates>
		</Point>
	</Placemark>
	<Placemark id="020C2972202A04ACFC9D">
		<name>MD315-DB-22-0501-213+295</name>
		<LookAt>
			<longitude>104.5361226006764</longitude>
			<latitude>17.30529420237993</latitude>
			<altitude>179.1048966491302</altitude>
			<heading>321.7466175139372</heading>
			<tilt>0</tilt>
			<gx:fovy>35</gx:fovy>
			<range>167.6750165827434</range>
			<altitudeMode>absolute</altitudeMode>
		</LookAt>
		<styleUrl>#__managed_style_08855A3D8E2A0419A6C0</styleUrl>
		<Point>
			<coordinates>104.535991679695,17.30529520987703,179.0891046251192</coordinates>
		</Point>
	</Placemark>
	<Placemark id="0663C91CEA2A04AD50DC">
		<name>MD316-DB-22-0501-213+330</name>
		<LookAt>
			<longitude>104.5361226006541</longitude>
			<latitude>17.30529420240106</latitude>
			<altitude>179.1048966491302</altitude>
			<heading>321.7466175082077</heading>
			<tilt>0</tilt>
			<gx:fovy>35</gx:fovy>
			<range>167.6750165827434</range>
			<altitudeMode>absolute</altitudeMode>
		</LookAt>
		<styleUrl>#__managed_style_08855A3D8E2A0419A6C0</styleUrl>
		<Point>
			<coordinates>104.5362910337213,17.30551986652295,180.2366180683255</coordinates>
		</Point>
	</Placemark>
	<Placemark id="0C4A0DD4DE2A04AD9D29">
		<name>MD317-DB-22-0501-213+365</name>
		<LookAt>
			<longitude>104.5367348210125</longitude>
			<latitude>17.30578850283225</latitude>
			<altitude>177.8962476246141</altitude>
			<heading>321.7467994518552</heading>
			<tilt>0</tilt>
			<gx:fovy>35</gx:fovy>
			<range>168.8836588565573</range>
			<altitudeMode>absolute</altitudeMode>
		</LookAt>
		<styleUrl>#__managed_style_08855A3D8E2A0419A6C0</styleUrl>
		<Point>
			<coordinates>104.5366279098356,17.30577235574726,178.4138701811364</coordinates>
		</Point>
	</Placemark>
	<Placemark id="0F7E4941592A04B0742A">
		<name>RT22-SG-22-0501-207+557</name>
		<LookAt>
			<longitude>104.4880363762968</longitude>
			<latitude>17.28641846262716</latitude>
			<altitude>193.0018144190244</altitude>
			<heading>-15.36624944763647</heading>
			<tilt>23.67778626031871</tilt>
			<gx:fovy>35</gx:fovy>
			<range>112.1501105836979</range>
			<altitudeMode>absolute</altitudeMode>
		</LookAt>
		<styleUrl>#__managed_style_08855A3D8E2A0419A6C0</styleUrl>
		<Point>
			<coordinates>104.4881532318922,17.28657675992038,193.3629455239232</coordinates>
		</Point>
	</Placemark>
	<Placemark id="030F0359B02A04B0EDD7">
		<name>RT23-SG-22-0501-207+592</name>
		<LookAt>
			<longitude>104.4883303997055</longitude>
			<latitude>17.28638103370406</latitude>
			<altitude>194.3232384400501</altitude>
			<heading>-15.3661622322851</heading>
			<tilt>23.67764392054846</tilt>
			<gx:fovy>35</gx:fovy>
			<range>72.7365449284116</range>
			<altitudeMode>absolute</altitudeMode>
		</LookAt>
		<styleUrl>#__managed_style_08855A3D8E2A0419A6C0</styleUrl>
		<Point>
			<coordinates>104.4885111159417,17.28646891065938,193.5924421287197</coordinates>
		</Point>
	</Placemark>
	<Placemark id="074DC9216E2A04B16F54">
		<name>RT24-SG-22-0501-207+594</name>
		<LookAt>
			<longitude>104.4885520743507</longitude>
			<latitude>17.28624439706006</latitude>
			<altitude>193.2341702458783</altitude>
			<heading>0</heading>
			<tilt>0</tilt>
			<gx:fovy>35</gx:fovy>
			<range>168.7852931248744</range>
			<altitudeMode>absolute</altitudeMode>
		</LookAt>
		<styleUrl>#__managed_style_08855A3D8E2A0419A6C0</styleUrl>
		<Point>
			<coordinates>104.4889244104049,17.28644564816159,192.3877863245787</coordinates>
		</Point>
	</Placemark>
	<Placemark id="0DBE4F0FF52A04B1E6DC">
		<name>RT25-SG-22-0501-207+662</name>
		<LookAt>
			<longitude>104.4890338024432</longitude>
			<latitude>17.28637809055399</latitude>
			<altitude>191.7339577317194</altitude>
			<heading>0</heading>
			<tilt>0</tilt>
			<gx:fovy>35</gx:fovy>
			<range>66.257032634594</range>
			<altitudeMode>absolute</altitudeMode>
		</LookAt>
		<styleUrl>#__managed_style_08855A3D8E2A0419A6C0</styleUrl>
		<Point>
			<coordinates>104.4891846976777,17.28643909436174,191.7153216671176</coordinates>
		</Point>
	</Placemark>
	<Placemark id="0987441E492A04B25140">
		<name>RT25-SG-22-0501-207+697</name>
		<LookAt>
			<longitude>104.4890385011698</longitude>
			<latitude>17.28638318967324</latitude>
			<altitude>191.7235244833398</altitude>
			<heading>0</heading>
			<tilt>0</tilt>
			<gx:fovy>35</gx:fovy>
			<range>196.5438870541038</range>
			<altitudeMode>absolute</altitudeMode>
		</LookAt>
		<styleUrl>#__managed_style_08855A3D8E2A0419A6C0</styleUrl>
		<Point>
			<coordinates>104.4894958107021,17.28642757924773,191.9917260319895</coordinates>
		</Point>
	</Placemark>
	<Placemark id="07F3BC0E622A04B2B9DE">
		<name>RT26-22-0501-207+735</name>
		<LookAt>
			<longitude>104.4896093473494</longitude>
			<latitude>17.2863696975134</latitude>
			<altitude>191.4554944436174</altitude>
			<heading>0</heading>
			<tilt>0</tilt>
			<gx:fovy>35</gx:fovy>
			<range>126.1171521450888</range>
			<altitudeMode>absolute</altitudeMode>
		</LookAt>
		<styleUrl>#__managed_style_08855A3D8E2A0419A6C0</styleUrl>
		<Point>
			<coordinates>104.4898913873031,17.28639709368709,191.3575078671496</coordinates>
		</Point>
	</Placemark>
	<Placemark id="0AE65B0E322A04B302FB">
		<name>RT27-22-0501-207+767</name>
		<LookAt>
			<longitude>104.4899683610335</longitude>
			<latitude>17.2863290264761</latitude>
			<altitude>191.0852320293058</altitude>
			<heading>0</heading>
			<tilt>0</tilt>
			<gx:fovy>35</gx:fovy>
			<range>126.4874027060614</range>
			<altitudeMode>absolute</altitudeMode>
		</LookAt>
		<styleUrl>#__managed_style_08855A3D8E2A0419A6C0</styleUrl>
		<Point>
			<coordinates>104.4901502246875,17.28638205347434,191.3979608673563</coordinates>
		</Point>
	</Placemark>
	<Placemark id="03ABFBC3232A04B383AF">
		<name>RT28-SG-22-0501-207+802</name>
		<LookAt>
			<longitude>104.4903905164441</longitude>
			<latitude>17.28634838709874</latitude>
			<altitude>191.0374853032013</altitude>
			<heading>0</heading>
			<tilt>0</tilt>
			<gx:fovy>35</gx:fovy>
			<range>127.7121881778294</range>
			<altitudeMode>absolute</altitudeMode>
		</LookAt>
		<styleUrl>#__managed_style_08855A3D8E2A0419A6C0</styleUrl>
		<Point>
			<coordinates>104.4904620301741,17.28640313167082,191.2873341141428</coordinates>
		</Point>
	</Placemark>
	<Placemark id="02BA495EBE2A04B3E43D">
		<name>RT29-SG-22-0501-207+837</name>
		<LookAt>
			<longitude>104.4905857593892</longitude>
			<latitude>17.2863202475057</latitude>
			<altitude>191.0375055765275</altitude>
			<heading>0</heading>
			<tilt>0</tilt>
			<gx:fovy>35</gx:fovy>
			<range>127.7121881778294</range>
			<altitudeMode>absolute</altitudeMode>
		</LookAt>
		<styleUrl>#__managed_style_08855A3D8E2A0419A6C0</styleUrl>
		<Point>
			<coordinates>104.4908149843777,17.2863526073798,191.3498465167836</coordinates>
		</Point>
	</Placemark>
	<Placemark id="094BCE963D2A04B4E7CC">
		<name>RT30-SG-22-0501-207+872</name>
		<LookAt>
			<longitude>104.4909290848594</longitude>
			<latitude>17.2862565628713</latitude>
			<altitude>190.8765573204454</altitude>
			<heading>0</heading>
			<tilt>0</tilt>
			<gx:fovy>35</gx:fovy>
			<range>130.345024399503</range>
			<altitudeMode>absolute</altitudeMode>
		</LookAt>
		<styleUrl>#__managed_style_08855A3D8E2A0419A6C0</styleUrl>
		<Point>
			<coordinates>104.4911343487275,17.28635095176451,191.0364224480732</coordinates>
		</Point>
	</Placemark>
	<Placemark id="01252B6CD42A04B54099">
		<name>RT31-SG-22-0501-207+907</name>
		<LookAt>
			<longitude>104.4914526745627</longitude>
			<latitude>17.28636866724353</latitude>
			<altitude>190.3249639969964</altitude>
			<heading>0</heading>
			<tilt>0</tilt>
			<gx:fovy>35</gx:fovy>
			<range>130.8966164978665</range>
			<altitudeMode>absolute</altitudeMode>
		</LookAt>
		<styleUrl>#__managed_style_08855A3D8E2A0419A6C0</styleUrl>
		<Point>
			<coordinates>104.4914804822834,17.28641271890039,190.5492060408179</coordinates>
		</Point>
	</Placemark>
	<Placemark id="0E933777FF2A04B59CBB">
		<name>RT31-SG-22-0501-207+942</name>
		<LookAt>
			<longitude>104.4914526745627</longitude>
			<latitude>17.28636866723824</latitude>
			<altitude>190.3249639969964</altitude>
			<heading>0</heading>
			<tilt>0</tilt>
			<gx:fovy>35</gx:fovy>
			<range>130.8966164978665</range>
			<altitudeMode>absolute</altitudeMode>
		</LookAt>
		<styleUrl>#__managed_style_08855A3D8E2A0419A6C0</styleUrl>
		<Point>
			<coordinates>104.4918133615368,17.2863887465012,189.4582621922792</coordinates>
		</Point>
	</Placemark>
	<Placemark id="07159315192A04B660C1">
		<name>RT32-SG-22-0501-207+977</name>
		<LookAt>
			<longitude>104.4921241433109</longitude>
			<latitude>17.28622699445348</latitude>
			<altitude>187.9084170838244</altitude>
			<heading>7.215436129966236</heading>
			<tilt>40.57262559417942</tilt>
			<gx:fovy>35</gx:fovy>
			<range>93.2671001980998</range>
			<altitudeMode>absolute</altitudeMode>
		</LookAt>
		<styleUrl>#__managed_style_08855A3D8E2A0419A6C0</styleUrl>
		<Point>
			<coordinates>104.4921374924885,17.28627772210631,187.8873158060355</coordinates>
		</Point>
	</Placemark>
	<Placemark id="0F240AAC7E2A04B6B9E1">
		<name>RT33-SG-22-0501-208+012</name>
		<LookAt>
			<longitude>104.4923818135362</longitude>
			<latitude>17.28620767122183</latitude>
			<altitude>187.8135759316505</altitude>
			<heading>7.215512695910421</heading>
			<tilt>40.57262632450648</tilt>
			<gx:fovy>35</gx:fovy>
			<range>93.39195792585087</range>
			<altitudeMode>absolute</altitudeMode>
		</LookAt>
		<styleUrl>#__managed_style_08855A3D8E2A0419A6C0</styleUrl>
		<Point>
			<coordinates>104.492465137924,17.28630845955924,188.1831430130778</coordinates>
		</Point>
	</Placemark>
	<Placemark id="03583C323B2A04B71CB4">
		<name>RT34-SG-22-0501-208+048</name>
		<LookAt>
			<longitude>104.4926831622695</longitude>
			<latitude>17.28617624509798</latitude>
			<altitude>188.7178172060003</altitude>
			<heading>7.215602241044414</heading>
			<tilt>40.57261936146456</tilt>
			<gx:fovy>35</gx:fovy>
			<range>92.2015100675344</range>
			<altitudeMode>absolute</altitudeMode>
		</LookAt>
		<styleUrl>#__managed_style_08855A3D8E2A0419A6C0</styleUrl>
		<Point>
			<coordinates>104.4928153888482,17.28634595946651,189.1684462169903</coordinates>
		</Point>
	</Placemark>
	<Placemark id="01091036C32A04BA58E2">
		<name>RT35-SG-22-0501-</name>
		<LookAt>
			<longitude>104.5040386143218</longitude>
			<latitude>17.28567847073089</latitude>
			<altitude>180.2208249987866</altitude>
			<heading>-5.951888307578071</heading>
			<tilt>47.21212269905015</tilt>
			<gx:fovy>35</gx:fovy>
			<range>80.89108494476022</range>
			<altitudeMode>absolute</altitudeMode>
		</LookAt>
		<styleUrl>#__managed_style_08855A3D8E2A0419A6C0</styleUrl>
		<Point>
			<coordinates>104.5039416411151,17.2857656503962,179.7914203484514</coordinates>
		</Point>
	</Placemark>
	<Placemark id="02FA6F52FA2A04BAD626">
		<name>RT36-SG-22-0501-209+270</name>
		<LookAt>
			<longitude>104.5041964946749</longitude>
			<latitude>17.28576456591339</latitude>
			<altitude>179.6650520881566</altitude>
			<heading>-5.951841395086976</heading>
			<tilt>47.21212809874282</tilt>
			<gx:fovy>35</gx:fovy>
			<range>81.70925420216008</range>
			<altitudeMode>absolute</altitudeMode>
		</LookAt>
		<styleUrl>#__managed_style_08855A3D8E2A0419A6C0</styleUrl>
		<Point>
			<coordinates>104.5042818875705,17.28569363484926,180.6365124704577</coordinates>
		</Point>
	</Placemark>
	<Placemark id="00C47EAB622A04BB23F1">
		<name>RT37-SG-22-0501-209+305</name>
		<LookAt>
			<longitude>104.5045148523053</longitude>
			<latitude>17.28571005338243</latitude>
			<altitude>181.1233644864793</altitude>
			<heading>-5.951746799319463</heading>
			<tilt>47.21211393032034</tilt>
			<gx:fovy>35</gx:fovy>
			<range>79.5624232670616</range>
			<altitudeMode>absolute</altitudeMode>
		</LookAt>
		<styleUrl>#__managed_style_08855A3D8E2A0419A6C0</styleUrl>
		<Point>
			<coordinates>104.5046265586745,17.2856409393236,181.4337685326813</coordinates>
		</Point>
	</Placemark>
	<Placemark id="0EEC3418B62A04BB832F">
		<name>RT38-SG-22-0501-209+340</name>
		<LookAt>
			<longitude>104.5048422397617</longitude>
			<latitude>17.2857597675366</latitude>
			<altitude>183.0215618382434</altitude>
			<heading>-5.951649519752211</heading>
			<tilt>47.21209548820746</tilt>
			<gx:fovy>35</gx:fovy>
			<range>76.7680275890507</range>
			<altitudeMode>absolute</altitudeMode>
		</LookAt>
		<styleUrl>#__managed_style_08855A3D8E2A0419A6C0</styleUrl>
		<Point>
			<coordinates>104.5049648980695,17.28572300468318,183.9470929825272</coordinates>
		</Point>
	</Placemark>
	<Placemark id="0AD28F54462A04BBD24A">
		<name>RT39-SG-22-0501-209+375</name>
		<LookAt>
			<longitude>104.5051685496895</longitude>
			<latitude>17.2857464712222</latitude>
			<altitude>184.4153410577343</altitude>
			<heading>-6.958213401136669</heading>
			<tilt>53.44001448347737</tilt>
			<gx:fovy>35</gx:fovy>
			<range>73.88686656783649</range>
			<altitudeMode>absolute</altitudeMode>
		</LookAt>
		<styleUrl>#__managed_style_08855A3D8E2A0419A6C0</styleUrl>
		<Point>
			<coordinates>104.505292115614,17.28572979849842,184.2966352193006</coordinates>
		</Point>
	</Placemark>
	<Placemark id="0BCB0C00E62A04BCD1F4">
		<name>RT40-SG-22-0501-209+410</name>
		<LookAt>
			<longitude>104.5056292390941</longitude>
			<latitude>17.28558251630836</latitude>
			<altitude>183.9288117514408</altitude>
			<heading>1.568267079582561</heading>
			<tilt>55.18322213858378</tilt>
			<gx:fovy>35</gx:fovy>
			<range>47.44313205588697</range>
			<altitudeMode>absolute</altitudeMode>
		</LookAt>
		<styleUrl>#__managed_style_08855A3D8E2A0419A6C0</styleUrl>
		<Point>
			<coordinates>104.5056359220639,17.28563826103779,183.9856674062481</coordinates>
		</Point>
	</Placemark>
	<Placemark id="0B78FDB62F2A04BD1F9E">
		<name>RT41-SG-22-0501-209+445</name>
		<LookAt>
			<longitude>104.5059847903168</longitude>
			<latitude>17.28557854783554</latitude>
			<altitude>184.3036952491374</altitude>
			<heading>1.568268515077581</heading>
			<tilt>55.18339069555017</tilt>
			<gx:fovy>35</gx:fovy>
			<range>70.27350779964763</range>
			<altitudeMode>absolute</altitudeMode>
		</LookAt>
		<styleUrl>#__managed_style_08855A3D8E2A0419A6C0</styleUrl>
		<Point>
			<coordinates>104.5059780414397,17.28565621412379,184.3697779672852</coordinates>
		</Point>
	</Placemark>
	<Placemark id="0A38FD098C2A04BD79B9">
		<name>RT42-SG-22-0501-209+480</name>
		<LookAt>
			<longitude>104.5064255094239</longitude>
			<latitude>17.28552595270006</latitude>
			<altitude>187.1740903829623</altitude>
			<heading>1.568268198958227</heading>
			<tilt>55.18335357809239</tilt>
			<gx:fovy>35</gx:fovy>
			<range>65.24613004971798</range>
			<altitudeMode>absolute</altitudeMode>
		</LookAt>
		<styleUrl>#__managed_style_08855A3D8E2A0419A6C0</styleUrl>
		<Point>
			<coordinates>104.5063054836126,17.28567694946946,186.1239562293976</coordinates>
		</Point>
	</Placemark>
	<Placemark id="0D6746D54F2A04BDC0D1">
		<name>RT43-SG-22-0501-209+515</name>
		<LookAt>
			<longitude>104.5067679657779</longitude>
			<latitude>17.28553053566534</latitude>
			<altitude>188.4252825050606</altitude>
			<heading>1.568268061167928</heading>
			<tilt>55.1833373987872</tilt>
			<gx:fovy>35</gx:fovy>
			<range>63.05472279665082</range>
			<altitudeMode>absolute</altitudeMode>
		</LookAt>
		<styleUrl>#__managed_style_08855A3D8E2A0419A6C0</styleUrl>
		<Point>
			<coordinates>104.5066566620094,17.28572023857756,187.8289270740934</coordinates>
		</Point>
	</Placemark>
	<Placemark id="0B6A26C3342A04BE1458">
		<name>RT44-SG-22-0501-209+550</name>
		<LookAt>
			<longitude>104.5070847498068</longitude>
			<latitude>17.28567468996387</latitude>
			<altitude>188.5172230932807</altitude>
			<heading>1.568268051079192</heading>
			<tilt>55.18333620991298</tilt>
			<gx:fovy>35</gx:fovy>
			<range>62.89369642509882</range>
			<altitudeMode>absolute</altitudeMode>
		</LookAt>
		<styleUrl>#__managed_style_08855A3D8E2A0419A6C0</styleUrl>
		<Point>
			<coordinates>104.5069913048472,17.28577906429461,188.4821824683352</coordinates>
		</Point>
	</Placemark>
	<Placemark id="000AE0051B2A04BE9FED">
		<name>RT45-SG-22-0501-209+585</name>
		<LookAt>
			<longitude>104.5073086311095</longitude>
			<latitude>17.28569848151328</latitude>
			<altitude>188.870484343775</altitude>
			<heading>1.568268125972877</heading>
			<tilt>55.18334500231831</tilt>
			<gx:fovy>35</gx:fovy>
			<range>64.08460204100267</range>
			<altitudeMode>absolute</altitudeMode>
		</LookAt>
		<styleUrl>#__managed_style_08855A3D8E2A0419A6C0</styleUrl>
		<Point>
			<coordinates>104.5072948786463,17.2858397357324,189.3623681606603</coordinates>
		</Point>
	</Placemark>
	<Placemark id="046228BD592A04BEFE00">
		<name>RT46-SG-22-0501-209+520</name>
		<LookAt>
			<longitude>104.5075994458696</longitude>
			<latitude>17.28575467174854</latitude>
			<altitude>189.5254462407233</altitude>
			<heading>1.568268053866634</heading>
			<tilt>55.18333653294818</tilt>
			<gx:fovy>35</gx:fovy>
			<range>62.93746152708992</range>
			<altitudeMode>absolute</altitudeMode>
		</LookAt>
		<styleUrl>#__managed_style_08855A3D8E2A0419A6C0</styleUrl>
		<Point>
			<coordinates>104.5076364962654,17.28591660333242,189.3720269333614</coordinates>
		</Point>
	</Placemark>
	<Placemark id="05F1BF72322A04BF599A">
		<name>RT47-SG-22-0501-209+655</name>
		<LookAt>
			<longitude>104.5079163397865</longitude>
			<latitude>17.28589708244895</latitude>
			<altitude>188.4526712623097</altitude>
			<heading>1.568268172044632</heading>
			<tilt>55.18335040515236</tilt>
			<gx:fovy>35</gx:fovy>
			<range>64.81638259118881</range>
			<altitudeMode>absolute</altitudeMode>
		</LookAt>
		<styleUrl>#__managed_style_08855A3D8E2A0419A6C0</styleUrl>
		<Point>
			<coordinates>104.5079637838969,17.28602501317558,188.3177333761582</coordinates>
		</Point>
	</Placemark>
	<Placemark id="07B01985182A04BFED2F">
		<name>RT48-SG-22-0501-209+690</name>
		<LookAt>
			<longitude>104.5083971250744</longitude>
			<latitude>17.28591836227373</latitude>
			<altitude>189.3928466388293</altitude>
			<heading>1.56826793559438</heading>
			<tilt>55.18332264191379</tilt>
			<gx:fovy>35</gx:fovy>
			<range>61.05596195506223</range>
			<altitudeMode>absolute</altitudeMode>
		</LookAt>
		<styleUrl>#__managed_style_08855A3D8E2A0419A6C0</styleUrl>
		<Point>
			<coordinates>104.508307804662,17.28609032349619,189.1078761212263</coordinates>
		</Point>
	</Placemark>
	<Placemark id="0CF6FE9CFE2A04C0C718">
		<name>RT49-SG-22-0501-209+725</name>
		<LookAt>
			<longitude>104.5087434758244</longitude>
			<latitude>17.28610261549951</latitude>
			<altitude>189.9922310800495</altitude>
			<heading>1.568266938444924</heading>
			<tilt>54.2484668313949</tilt>
			<gx:fovy>35</gx:fovy>
			<range>45.7219055834321</range>
			<altitudeMode>absolute</altitudeMode>
		</LookAt>
		<styleUrl>#__managed_style_08855A3D8E2A0419A6C0</styleUrl>
		<Point>
			<coordinates>104.5086079337076,17.28618343231943,188.9150624377254</coordinates>
		</Point>
	</Placemark>
	<Placemark id="059A233AAD2A04C123FD">
		<name>RT50-SG-22-0501-209+763</name>
		<LookAt>
			<longitude>104.5090850635184</longitude>
			<latitude>17.28619566097291</latitude>
			<altitude>190.3137574805825</altitude>
			<heading>1.568266929724199</heading>
			<tilt>53.98382605605489</tilt>
			<gx:fovy>35</gx:fovy>
			<range>45.73414335589405</range>
			<altitudeMode>absolute</altitudeMode>
		</LookAt>
		<styleUrl>#__managed_style_08855A3D8E2A0419A6C0</styleUrl>
		<Point>
			<coordinates>104.5090064174205,17.28630241921759,189.0580517667168</coordinates>
		</Point>
	</Placemark>
	<Placemark id="0AC60FA47B2A04C18757">
		<name>RT51-SG-22-0501-209+795</name>
		<LookAt>
			<longitude>104.5093486846189</longitude>
			<latitude>17.28621458367635</latitude>
			<altitude>190.7357544723943</altitude>
			<heading>1.568268403270422</heading>
			<tilt>53.98399907234562</tilt>
			<gx:fovy>35</gx:fovy>
			<range>69.52000983886137</range>
			<altitudeMode>absolute</altitudeMode>
		</LookAt>
		<styleUrl>#__managed_style_08855A3D8E2A0419A6C0</styleUrl>
		<Point>
			<coordinates>104.5092363481766,17.28635623364311,190.0434417855842</coordinates>
		</Point>
	</Placemark>
	<Placemark id="0782F7B0662A04C1CC48">
		<name>RT52-SG-22-0501-209+830</name>
		<LookAt>
			<longitude>104.5095909295665</longitude>
			<latitude>17.2862478012166</latitude>
			<altitude>191.037496839659</altitude>
			<heading>1.568268371481489</heading>
			<tilt>53.98399533970169</tilt>
			<gx:fovy>35</gx:fovy>
			<range>69.00685199463624</range>
			<altitudeMode>absolute</altitudeMode>
		</LookAt>
		<styleUrl>#__managed_style_08855A3D8E2A0419A6C0</styleUrl>
		<Point>
			<coordinates>104.5095344413633,17.28647568313302,191.2512015005244</coordinates>
		</Point>
	</Placemark>
	<Placemark id="01AA42B8712A04C24570">
		<name>RT53-SG-22-0501-209+865</name>
		<LookAt>
			<longitude>104.509953832608</longitude>
			<latitude>17.28646031922253</latitude>
			<altitude>189.9673111586975</altitude>
			<heading>1.568268484287892</heading>
			<tilt>53.9840085783333</tilt>
			<gx:fovy>35</gx:fovy>
			<range>70.82685560116261</range>
			<altitudeMode>absolute</altitudeMode>
		</LookAt>
		<styleUrl>#__managed_style_08855A3D8E2A0419A6C0</styleUrl>
		<Point>
			<coordinates>104.5098496377334,17.28655987167227,190.8343297853469</coordinates>
		</Point>
	</Placemark>
	<Placemark id="01158B020D2A04C2CC35">
		<name>RT54-SG-22-0501-209+900</name>
		<LookAt>
			<longitude>104.5101740785788</longitude>
			<latitude>17.28661074256427</latitude>
			<altitude>189.6650545964476</altitude>
			<heading>1.568268516161536</heading>
			<tilt>53.98401231744391</tilt>
			<gx:fovy>35</gx:fovy>
			<range>71.34089419416341</range>
			<altitudeMode>absolute</altitudeMode>
		</LookAt>
		<styleUrl>#__managed_style_08855A3D8E2A0419A6C0</styleUrl>
		<Point>
			<coordinates>104.5101940648921,17.28663680419242,189.8327310787711</coordinates>
		</Point>
	</Placemark>
	<Placemark id="0E29AC2E362A04C349A9">
		<name>RT55-SG-22-0501-209+935</name>
		<LookAt>
			<longitude>104.5104031619083</longitude>
			<latitude>17.28659678423699</latitude>
			<altitude>189.4673912900354</altitude>
			<heading>1.568268536965353</heading>
			<tilt>53.98401472844967</tilt>
			<gx:fovy>35</gx:fovy>
			<range>71.69082958929721</range>
			<altitudeMode>absolute</altitudeMode>
		</LookAt>
		<styleUrl>#__managed_style_08855A3D8E2A0419A6C0</styleUrl>
		<Point>
			<coordinates>104.5104982677374,17.28672210616747,189.8323809893225</coordinates>
		</Point>
	</Placemark>
	<Placemark id="0970A052CF2A04C39456">
		<name>RT56-SG-22-0501-209+970</name>
		<LookAt>
			<longitude>104.5109264789407</longitude>
			<latitude>17.28670347789463</latitude>
			<altitude>192.1558589702251</altitude>
			<heading>1.568268253736623</heading>
			<tilt>53.98398147095504</tilt>
			<gx:fovy>35</gx:fovy>
			<range>67.11869465719246</range>
			<altitudeMode>absolute</altitudeMode>
		</LookAt>
		<styleUrl>#__managed_style_08855A3D8E2A0419A6C0</styleUrl>
		<Point>
			<coordinates>104.510822856721,17.2867988920783,191.5679168742919</coordinates>
		</Point>
	</Placemark>
	<Placemark id="07B40A2B032A04C52198">
		<name>RT57-SG-22-0501-210+005</name>
		<LookAt>
			<longitude>104.5112639438282</longitude>
			<latitude>17.2868636011723</latitude>
			<altitude>192.4452636130451</altitude>
			<heading>-9.351345937342447</heading>
			<tilt>64.24510223385073</tilt>
			<gx:fovy>35</gx:fovy>
			<range>73.97287284466074</range>
			<altitudeMode>absolute</altitudeMode>
		</LookAt>
		<styleUrl>#__managed_style_08855A3D8E2A0419A6C0</styleUrl>
		<Point>
			<coordinates>104.5111340814446,17.28687326984696,192.4271843998724</coordinates>
		</Point>
	</Placemark>
	<Placemark id="0FD33414612A04C583B4">
		<name>RT58-SG-22-0501-210+040</name>
		<LookAt>
			<longitude>104.51155548684</longitude>
			<latitude>17.2868909872928</latitude>
			<altitude>192.2737981067616</altitude>
			<heading>-9.3512593028229</heading>
			<tilt>64.24510542996543</tilt>
			<gx:fovy>35</gx:fovy>
			<range>74.36747726816066</range>
			<altitudeMode>absolute</altitudeMode>
		</LookAt>
		<styleUrl>#__managed_style_08855A3D8E2A0419A6C0</styleUrl>
		<Point>
			<coordinates>104.5114685458067,17.28698204152322,192.6785215385295</coordinates>
		</Point>
	</Placemark>
	<Placemark id="058428E37A2A04C5DB78">
		<name>RT59-SG-22-0501-210+075</name>
		<LookAt>
			<longitude>104.5117338014933</longitude>
			<latitude>17.28693042418697</latitude>
			<altitude>191.6704219111307</altitude>
			<heading>-9.351206314707463</heading>
			<tilt>64.24511667706255</tilt>
			<gx:fovy>35</gx:fovy>
			<range>75.75608201220349</range>
			<altitudeMode>absolute</altitudeMode>
		</LookAt>
		<styleUrl>#__managed_style_08855A3D8E2A0419A6C0</styleUrl>
		<Point>
			<coordinates>104.5117378400332,17.28709535192232,191.4265472687653</coordinates>
		</Point>
	</Placemark>
	<Placemark id="09B91D7F4A2A04C6AC20">
		<name>RT60-SG-22-0501-210+110</name>
		<LookAt>
			<longitude>104.5121039248034</longitude>
			<latitude>17.28713661776397</latitude>
			<altitude>190.3178512198255</altitude>
			<heading>-5.54621024921911</heading>
			<tilt>63.32374067799941</tilt>
			<gx:fovy>35.00000172583604</gx:fovy>
			<range>110.8369025703723</range>
			<altitudeMode>absolute</altitudeMode>
		</LookAt>
		<styleUrl>#__managed_style_08855A3D8E2A0419A6C0</styleUrl>
		<Point>
			<coordinates>104.512056561554,17.28719056172261,190.4323880302427</coordinates>
		</Point>
	</Placemark>
	<Placemark id="0690EC9E8B2A04C6EFF5">
		<name>RT61-SG-22-0501-210+145</name>
		<LookAt>
			<longitude>104.5124972063303</longitude>
			<latitude>17.28711541742189</latitude>
			<altitude>189.9759304883146</altitude>
			<heading>-5.546093379819832</heading>
			<tilt>63.32374679811127</tilt>
			<gx:fovy>35.00000172583604</gx:fovy>
			<range>111.5985184853344</range>
			<altitudeMode>absolute</altitudeMode>
		</LookAt>
		<styleUrl>#__managed_style_08855A3D8E2A0419A6C0</styleUrl>
		<Point>
			<coordinates>104.5123683367182,17.28728394900299,190.3229438454178</coordinates>
		</Point>
	</Placemark>
	<Placemark id="0AEDA319502A04C72F1D">
		<name>RT62-SG-22-0501-210+180</name>
		<LookAt>
			<longitude>104.5127018314867</longitude>
			<latitude>17.28709466915163</latitude>
			<altitude>189.2850381785996</altitude>
			<heading>-5.546032572213979</heading>
			<tilt>63.32375916421635</tilt>
			<gx:fovy>35.00000172583604</gx:fovy>
			<range>113.1374183724256</range>
			<altitudeMode>absolute</altitudeMode>
		</LookAt>
		<styleUrl>#__managed_style_08855A3D8E2A0419A6C0</styleUrl>
		<Point>
			<coordinates>104.51268806194,17.28736328910105,189.9504157164461</coordinates>
		</Point>
	</Placemark>
	<Placemark id="090859F02A2A04C7836A">
		<name>RT63-SG-22-0501-210+215</name>
		<LookAt>
			<longitude>104.5130215195616</longitude>
			<latitude>17.28724853556264</latitude>
			<altitude>189.2847822658751</altitude>
			<heading>-5.545927399573936</heading>
			<tilt>63.32344775668888</tilt>
			<gx:fovy>35.00000172583604</gx:fovy>
			<range>74.38413037330065</range>
			<altitudeMode>absolute</altitudeMode>
		</LookAt>
		<styleUrl>#__managed_style_08855A3D8E2A0419A6C0</styleUrl>
		<Point>
			<coordinates>104.5130139241175,17.28742856989819,190.0572864440079</coordinates>
		</Point>
	</Placemark>
	<Placemark id="033475C44D2A04C7DD63">
		<name>RT64-SG-33-0501-210+250</name>
		<LookAt>
			<longitude>104.5133429836128</longitude>
			<latitude>17.28734863438956</latitude>
			<altitude>189.5463720367141</altitude>
			<heading>-5.545827441606847</heading>
			<tilt>63.32328822287024</tilt>
			<gx:fovy>35.00000172583604</gx:fovy>
			<range>54.53085352890413</range>
			<altitudeMode>absolute</altitudeMode>
		</LookAt>
		<styleUrl>#__managed_style_08855A3D8E2A0419A6C0</styleUrl>
		<Point>
			<coordinates>104.5133284448806,17.287597112829,190.3229465659974</coordinates>
		</Point>
	</Placemark>
	<Placemark id="06D577F7902A04C8627A">
		<name>RT65-SG-22-0501-210+285</name>
		<LookAt>
			<longitude>104.5136923972632</longitude>
			<latitude>17.28747872314798</latitude>
			<altitude>190.0254383257715</altitude>
			<heading>-5.545723606788815</heading>
			<tilt>63.21470810205183</tilt>
			<gx:fovy>35.00000172583604</gx:fovy>
			<range>53.60581236085636</range>
			<altitudeMode>absolute</altitudeMode>
		</LookAt>
		<styleUrl>#__managed_style_08855A3D8E2A0419A6C0</styleUrl>
		<Point>
			<coordinates>104.513641139686,17.28767964579748,190.33081459827</coordinates>
		</Point>
	</Placemark>
	<Placemark id="0F4A51A2542A04C91BBF">
		<name>RT66-SG-22-0501-210+320</name>
		<LookAt>
			<longitude>104.5138451482174</longitude>
			<latitude>17.28757370515972</latitude>
			<altitude>190.3024295067011</altitude>
			<heading>-37.32774516558355</heading>
			<tilt>0.4124688998901758</tilt>
			<gx:fovy>35</gx:fovy>
			<range>74.97409878180406</range>
			<altitudeMode>absolute</altitudeMode>
		</LookAt>
		<styleUrl>#__managed_style_08855A3D8E2A0419A6C0</styleUrl>
		<Point>
			<coordinates>104.5139667958677,17.28768856562586,191.0589792364679</coordinates>
		</Point>
	</Placemark>
	<Placemark id="03032F1BA42A04C97B84">
		<name>RT67-SG-22-0501-210+355</name>
		<LookAt>
			<longitude>104.5140793947914</longitude>
			<latitude>17.28764038233434</latitude>
			<altitude>190.9167868567681</altitude>
			<heading>-28.01604968691139</heading>
			<tilt>26.6114284013686</tilt>
			<gx:fovy>35</gx:fovy>
			<range>110.063894865325</range>
			<altitudeMode>absolute</altitudeMode>
		</LookAt>
		<styleUrl>#__managed_style_08855A3D8E2A0419A6C0</styleUrl>
		<Point>
			<coordinates>104.5142590924567,17.28780429920606,190.098164916802</coordinates>
		</Point>
	</Placemark>
	<Placemark id="0F09711B932A04CA37FF">
		<name>RT68-SG-22-0501-210+460</name>
		<LookAt>
			<longitude>104.5153229265503</longitude>
			<latitude>17.28807840627994</latitude>
			<altitude>185.9270648799632</altitude>
			<heading>-2.665910252727993</heading>
			<tilt>42.14468140799641</tilt>
			<gx:fovy>35</gx:fovy>
			<range>200.0797457244335</range>
			<altitudeMode>absolute</altitudeMode>
		</LookAt>
		<styleUrl>#__managed_style_08855A3D8E2A0419A6C0</styleUrl>
		<Point>
			<coordinates>104.515276900529,17.28816137711905,185.6526037057759</coordinates>
		</Point>
	</Placemark>
	<Placemark id="0B1803070C2A04CA7811">
		<name>RT69-SG-22-0501-210+495</name>
		<LookAt>
			<longitude>104.5153229265503</longitude>
			<latitude>17.28807840619541</latitude>
			<altitude>185.9270648799632</altitude>
			<heading>-2.665910252732372</heading>
			<tilt>42.14468140791199</tilt>
			<gx:fovy>35</gx:fovy>
			<range>200.0797457244335</range>
			<altitudeMode>absolute</altitudeMode>
		</LookAt>
		<styleUrl>#__managed_style_08855A3D8E2A0419A6C0</styleUrl>
		<Point>
			<coordinates>104.515576392337,17.28826016143397,184.9608643424814</coordinates>
		</Point>
	</Placemark>
	<Placemark id="03026E61B62A04CAD4D3">
		<name>RT70-SG-22-0501-210+530</name>
		<LookAt>
			<longitude>104.5157444748469</longitude>
			<latitude>17.28819666856259</latitude>
			<altitude>184.9994842171602</altitude>
			<heading>-2.665910362109155</heading>
			<tilt>42.14468895704328</tilt>
			<gx:fovy>35</gx:fovy>
			<range>201.3307798274764</range>
			<altitudeMode>absolute</altitudeMode>
		</LookAt>
		<styleUrl>#__managed_style_08855A3D8E2A0419A6C0</styleUrl>
		<Point>
			<coordinates>104.5158929927213,17.28835804050408,185.2370760815385</coordinates>
		</Point>
	</Placemark>
	<Placemark id="0B362FCC642A04CB7284">
		<name>RT71-SG-22-0501-210+565</name>
		<LookAt>
			<longitude>104.5161559665648</longitude>
			<latitude>17.28825977877149</latitude>
			<altitude>185.0507422745913</altitude>
			<heading>-2.665910356124907</heading>
			<tilt>42.14468853987799</tilt>
			<gx:fovy>35</gx:fovy>
			<range>201.2616410485862</range>
			<altitudeMode>absolute</altitudeMode>
		</LookAt>
		<styleUrl>#__managed_style_08855A3D8E2A0419A6C0</styleUrl>
		<Point>
			<coordinates>104.5162021290805,17.28851054357744,185.4751887491148</coordinates>
		</Point>
	</Placemark>
	<Placemark id="0DB31B5E7A2A04CC2C82">
		<name>RT71-SG-22-0501-210+600</name>
		<LookAt>
			<longitude>104.5160598682909</longitude>
			<latitude>17.28820590319324</latitude>
			<altitude>185.2891046320565</altitude>
			<heading>-2.58029397866439</heading>
			<tilt>42.14466178572147</tilt>
			<gx:fovy>35</gx:fovy>
			<range>201.0605753741402</range>
			<altitudeMode>absolute</altitudeMode>
		</LookAt>
		<styleUrl>#__managed_style_08855A3D8E2A0419A6C0</styleUrl>
		<Point>
			<coordinates>104.5165329029948,17.28858072589369,185.2928651474483</coordinates>
		</Point>
	</Placemark>
	<Placemark id="0FC4E7B6E62A04CC8D0F">
		<name>RT72-SG-22-0501-210+635</name>
		<LookAt>
			<longitude>104.5167097523496</longitude>
			<latitude>17.2883901768272</latitude>
			<altitude>182.6341445882737</altitude>
			<heading>-2.580294281557363</heading>
			<tilt>42.14468339309798</tilt>
			<gx:fovy>35</gx:fovy>
			<range>204.6413290544297</range>
			<altitudeMode>absolute</altitudeMode>
		</LookAt>
		<styleUrl>#__managed_style_08855A3D8E2A0419A6C0</styleUrl>
		<Point>
			<coordinates>104.516836797561,17.28869282429321,185.3722549168868</coordinates>
		</Point>
	</Placemark>
	<Placemark id="0D83D434722A04CCD748">
		<name>RT73-SG-22-0501-210+670</name>
		<LookAt>
			<longitude>104.5172643207131</longitude>
			<latitude>17.28866529548285</latitude>
			<altitude>183.8462853583093</altitude>
			<heading>-2.580288415353503</heading>
			<tilt>42.14426469707553</tilt>
			<gx:fovy>35</gx:fovy>
			<range>135.2538197567083</range>
			<altitudeMode>absolute</altitudeMode>
		</LookAt>
		<styleUrl>#__managed_style_08855A3D8E2A0419A6C0</styleUrl>
		<Point>
			<coordinates>104.5171421043989,17.28884115777479,186.018458584439</coordinates>
		</Point>
	</Placemark>
	<Placemark id="058D0C9F9B2A04CD2D9A">
		<name>RT74-SG-22-0501-210+705</name>
		<LookAt>
			<longitude>104.5175783941267</longitude>
			<latitude>17.28875539292853</latitude>
			<altitude>184.8261709126997</altitude>
			<heading>-2.580288303689893</heading>
			<tilt>42.14425672237137</tilt>
			<gx:fovy>35</gx:fovy>
			<range>133.9322562188136</range>
			<altitudeMode>absolute</altitudeMode>
		</LookAt>
		<styleUrl>#__managed_style_08855A3D8E2A0419A6C0</styleUrl>
		<Point>
			<coordinates>104.5174440016456,17.28899991573522,186.7912839355169</coordinates>
		</Point>
	</Placemark>
	<Placemark id="0AAA93D3792A04CD6FAE">
		<name>RT75-SG-22-0501-210+740</name>
		<LookAt>
			<longitude>104.517944483353</longitude>
			<latitude>17.28896791644965</latitude>
			<altitude>186.7824727278457</altitude>
			<heading>-2.580288080756365</heading>
			<tilt>42.14424080136485</tilt>
			<gx:fovy>35</gx:fovy>
			<range>131.2938110180949</range>
			<altitudeMode>absolute</altitudeMode>
		</LookAt>
		<styleUrl>#__managed_style_08855A3D8E2A0419A6C0</styleUrl>
		<Point>
			<coordinates>104.5177234487575,17.2891799290305,187.4101690172359</coordinates>
		</Point>
	</Placemark>
	<Placemark id="08E632F5242A04CDC965">
		<name>RT76-SG-22-0501-210+775</name>
		<LookAt>
			<longitude>104.5180959902107</longitude>
			<latitude>17.28917441054972</latitude>
			<altitude>187.0195491303066</altitude>
			<heading>-2.580282458491503</heading>
			<tilt>42.14383954790303</tilt>
			<gx:fovy>35</gx:fovy>
			<range>64.79686125812805</range>
			<altitudeMode>absolute</altitudeMode>
		</LookAt>
		<styleUrl>#__managed_style_08855A3D8E2A0419A6C0</styleUrl>
		<Point>
			<coordinates>104.51800950493,17.28938001922087,187.4625369748609</coordinates>
		</Point>
	</Placemark>
	<Placemark id="02B5A555F62A04CE3C09">
		<name>RT76-SG-22-0501-210+810</name>
		<LookAt>
			<longitude>104.5183173073191</longitude>
			<latitude>17.2896214970423</latitude>
			<altitude>187.0195277266763</altitude>
			<heading>-2.580282386315498</heading>
			<tilt>42.14383438506386</tilt>
			<gx:fovy>35</gx:fovy>
			<range>63.941265972162</range>
			<altitudeMode>absolute</altitudeMode>
		</LookAt>
		<styleUrl>#__managed_style_08855A3D8E2A0419A6C0</styleUrl>
		<Point>
			<coordinates>104.518262630614,17.28958002027366,187.2287333059602</coordinates>
		</Point>
	</Placemark>
	<Placemark id="0DAF42BBB42A04D0E827">
		<name>LT109-SG-22-0501-210+845</name>
		<LookAt>
			<longitude>104.5183978200456</longitude>
			<latitude>17.28992768251027</latitude>
			<altitude>186.4109990194283</altitude>
			<heading>220.990581255608</heading>
			<tilt>0</tilt>
			<gx:fovy>35</gx:fovy>
			<range>339.4222678402002</range>
			<altitudeMode>absolute</altitudeMode>
		</LookAt>
		<styleUrl>#__managed_style_08855A3D8E2A0419A6C0</styleUrl>
		<Point>
			<coordinates>104.5183530621435,17.28998347854872,186.6194939081362</coordinates>
		</Point>
	</Placemark>
	<Placemark id="0EB20312FD2A04D1EB87">
		<name>RT77-SG-22-0501-210+845</name>
		<LookAt>
			<longitude>104.5186634373054</longitude>
			<latitude>17.28970688507287</latitude>
			<altitude>186.9778705767026</altitude>
			<heading>4.13138286346141</heading>
			<tilt>64.75122941444482</tilt>
			<gx:fovy>35</gx:fovy>
			<range>91.36290975629892</range>
			<altitudeMode>absolute</altitudeMode>
		</LookAt>
		<styleUrl>#__managed_style_08855A3D8E2A0419A6C0</styleUrl>
		<Point>
			<coordinates>104.5185184096113,17.28979451471393,187.228756801231</coordinates>
		</Point>
	</Placemark>
	<Placemark id="0583ED98B52A04D490CA">
		<name>RT78-SG-22-0501-210+880</name>
		<LookAt>
			<longitude>104.5188084569011</longitude>
			<latitude>17.29002796553437</latitude>
			<altitude>187.7305188869289</altitude>
			<heading>-17.67594917708251</heading>
			<tilt>41.85997871119841</tilt>
			<gx:fovy>34.99999999999999</gx:fovy>
			<range>95.996575420304</range>
			<altitudeMode>absolute</altitudeMode>
		</LookAt>
		<styleUrl>#__managed_style_08855A3D8E2A0419A6C0</styleUrl>
		<Point>
			<coordinates>104.5187589499122,17.29003133162943,187.7818253286216</coordinates>
		</Point>
	</Placemark>
	<Placemark id="0D9A2B9CC22A04D4D180">
		<name>RT79-SG-22-0501-210+915</name>
		<LookAt>
			<longitude>104.5188084569011</longitude>
			<latitude>17.29002796549211</latitude>
			<altitude>187.7305188869289</altitude>
			<heading>-17.67594917709689</heading>
			<tilt>41.85997871115813</tilt>
			<gx:fovy>34.99999999999999</gx:fovy>
			<range>95.996575420304</range>
			<altitudeMode>absolute</altitudeMode>
		</LookAt>
		<styleUrl>#__managed_style_08855A3D8E2A0419A6C0</styleUrl>
		<Point>
			<coordinates>104.5189779977047,17.29026435276413,189.4005611707373</coordinates>
		</Point>
	</Placemark>
	<Placemark id="00C16B99422A04D51DEF">
		<name>RT80-SG-22-0501-210+950</name>
		<LookAt>
			<longitude>104.5192367936281</longitude>
			<latitude>17.29031150017587</latitude>
			<altitude>189.469951608415</altitude>
			<heading>-17.67582187033107</heading>
			<tilt>41.85996469561039</tilt>
			<gx:fovy>34.99999999999999</gx:fovy>
			<range>93.661078826417</range>
			<altitudeMode>absolute</altitudeMode>
		</LookAt>
		<styleUrl>#__managed_style_08855A3D8E2A0419A6C0</styleUrl>
		<Point>
			<coordinates>104.5191986401079,17.29051191479114,189.1560692878816</coordinates>
		</Point>
	</Placemark>
	<Placemark id="0D8560FE8B2A04D5A28C">
		<name>RT81-SG-22-0501-210+985</name>
		<LookAt>
			<longitude>104.5193688621296</longitude>
			<latitude>17.29061637785275</latitude>
			<altitude>188.2155001632851</altitude>
			<heading>-48.67079915893038</heading>
			<tilt>28.59762027074632</tilt>
			<gx:fovy>34.99999999999999</gx:fovy>
			<range>77.59487685741078</range>
			<altitudeMode>absolute</altitudeMode>
		</LookAt>
		<styleUrl>#__managed_style_08855A3D8E2A0419A6C0</styleUrl>
		<Point>
			<coordinates>104.5194095162071,17.29075995273911,188.1814603976306</coordinates>
		</Point>
	</Placemark>
	<Placemark id="0C38DAE68F2A04D5EF72">
		<name>RT82-SG-22-0501-211+020</name>
		<LookAt>
			<longitude>104.5195215968114</longitude>
			<latitude>17.29060539889662</latitude>
			<altitude>187.9467629238525</altitude>
			<heading>-48.67085574731172</heading>
			<tilt>28.59795039468104</tilt>
			<gx:fovy>34.99999999999999</gx:fovy>
			<range>154.2881335109269</range>
			<altitudeMode>absolute</altitudeMode>
		</LookAt>
		<styleUrl>#__managed_style_08855A3D8E2A0419A6C0</styleUrl>
		<Point>
			<coordinates>104.5196397314166,17.29101407439505,188.1805572813414</coordinates>
		</Point>
	</Placemark>
	<Placemark id="06926E78102A04D6387E">
		<name>RT83-SG-22-0501-210+055</name>
		<LookAt>
			<longitude>104.519761832206</longitude>
			<latitude>17.2908507437943</latitude>
			<altitude>188.4877936604481</altitude>
			<heading>-48.67078434312177</heading>
			<tilt>28.59794774215623</tilt>
			<gx:fovy>34.99999999999999</gx:fovy>
			<range>153.6719106767487</range>
			<altitudeMode>absolute</altitudeMode>
		</LookAt>
		<styleUrl>#__managed_style_08855A3D8E2A0419A6C0</styleUrl>
		<Point>
			<coordinates>104.5198442255296,17.29125764479437,188.5258031451378</coordinates>
		</Point>
	</Placemark>
	<Placemark id="0C5DEB9BFA2A04D68FF9">
		<name>RT84-SG-22-0501-210+085</name>
		<LookAt>
			<longitude>104.5200142619984</longitude>
			<latitude>17.29123352634953</latitude>
			<altitude>189.5355486806482</altitude>
			<heading>-48.67065376694037</heading>
			<tilt>28.59773257878649</tilt>
			<gx:fovy>34.99999999999999</gx:fovy>
			<range>103.685906251103</range>
			<altitudeMode>absolute</altitudeMode>
		</LookAt>
		<styleUrl>#__managed_style_08855A3D8E2A0419A6C0</styleUrl>
		<Point>
			<coordinates>104.5200438945882,17.29145817540035,188.8809678596959</coordinates>
		</Point>
	</Placemark>
	<Placemark id="04D7FEA21F2A04D76F27">
		<name>RT85-SG-22-0501-211+090</name>
		<LookAt>
			<longitude>104.5199439042536</longitude>
			<latitude>17.29160250274533</latitude>
			<altitude>187.8169384136726</altitude>
			<heading>304.5803996545702</heading>
			<tilt>0</tilt>
			<gx:fovy>35</gx:fovy>
			<range>175.5532332595249</range>
			<altitudeMode>absolute</altitudeMode>
		</LookAt>
		<styleUrl>#__managed_style_08855A3D8E2A0419A6C0</styleUrl>
		<Point>
			<coordinates>104.5202600499191,17.29169696904621,188.1625534359803</coordinates>
		</Point>
	</Placemark>
	<Placemark id="069AD0269B2A04D7FE0D">
		<name>RT86-SG-22-0501-211+160</name>
		<LookAt>
			<longitude>104.5203328136847</longitude>
			<latitude>17.29179893437828</latitude>
			<altitude>187.468351144511</altitude>
			<heading>-55.39918419696077</heading>
			<tilt>0.06046511335582951</tilt>
			<gx:fovy>35.00000000000001</gx:fovy>
			<range>112.7592410724719</range>
			<altitudeMode>absolute</altitudeMode>
		</LookAt>
		<styleUrl>#__managed_style_08855A3D8E2A0419A6C0</styleUrl>
		<Point>
			<coordinates>104.5204637055575,17.29193324972058,187.294521680126</coordinates>
		</Point>
	</Placemark>
	<Placemark id="0B393DC0622A04D886C5">
		<name>RT87-SG-22-0501-211+195</name>
		<LookAt>
			<longitude>104.5208224606143</longitude>
			<latitude>17.29209995476585</latitude>
			<altitude>187.9053483450543</altitude>
			<heading>-28.38058963966833</heading>
			<tilt>0.05886256062076616</tilt>
			<gx:fovy>35.00000000000001</gx:fovy>
			<range>134.2963763047555</range>
			<altitudeMode>absolute</altitudeMode>
		</LookAt>
		<styleUrl>#__managed_style_08855A3D8E2A0419A6C0</styleUrl>
		<Point>
			<coordinates>104.5206826200376,17.29216878619352,187.2563830193263</coordinates>
		</Point>
	</Placemark>
	<Placemark id="0339E0EEC72A04D8E019">
		<name>RT88-SG-22-0501-211+230</name>
		<LookAt>
			<longitude>104.5209827091443</longitude>
			<latitude>17.29233076675448</latitude>
			<altitude>188.1669556009475</altitude>
			<heading>-28.38050672215428</heading>
			<tilt>0.05886193972307705</tilt>
			<gx:fovy>35.00000000000001</gx:fovy>
			<range>67.37097703182371</range>
			<altitudeMode>absolute</altitudeMode>
		</LookAt>
		<styleUrl>#__managed_style_08855A3D8E2A0419A6C0</styleUrl>
		<Point>
			<coordinates>104.5208888165249,17.29240960467012,187.7337804852457</coordinates>
		</Point>
	</Placemark>
	<Placemark id="0977F38D0C2A04E0D5E8">
		<name>RT89-SG-22-0501-213+248</name>
		<LookAt>
			<longitude>104.5370664890737</longitude>
			<latitude>17.30590021172067</latitude>
			<altitude>176.5640890407586</altitude>
			<heading>-54.9011731155109</heading>
			<tilt>35.99165271884439</tilt>
			<gx:fovy>35</gx:fovy>
			<range>108.5133945897542</range>
			<altitudeMode>absolute</altitudeMode>
		</LookAt>
		<styleUrl>#__managed_style_08855A3D8E2A0419A6C0</styleUrl>
		<Point>
			<coordinates>104.5369561078926,17.30588122012224,177.1726591076729</coordinates>
		</Point>
	</Placemark>
	<Placemark id="03A88DBB6D2A04E18163">
		<name>RT90-SG-22-0501-213+283</name>
		<LookAt>
			<longitude>104.5370664890848</longitude>
			<latitude>17.30590021173123</latitude>
			<altitude>176.5640984736341</altitude>
			<heading>305.0988268787595</heading>
			<tilt>0</tilt>
			<gx:fovy>35</gx:fovy>
			<range>108.5133830009545</range>
			<altitudeMode>absolute</altitudeMode>
		</LookAt>
		<styleUrl>#__managed_style_08855A3D8E2A0419A6C0</styleUrl>
		<Point>
			<coordinates>104.5372228275226,17.30608377808729,176.360658506824</coordinates>
		</Point>
	</Placemark>
	<Placemark id="074C729FDD2A04E1D677">
		<name>RT91-SG-22-0501-213+318</name>
		<LookAt>
			<longitude>104.5373969631099</longitude>
			<latitude>17.30618448622754</latitude>
			<altitude>175.5008980194854</altitude>
			<heading>305.0989249574528</heading>
			<tilt>0</tilt>
			<gx:fovy>35</gx:fovy>
			<range>109.5765858387859</range>
			<altitudeMode>absolute</altitudeMode>
		</LookAt>
		<styleUrl>#__managed_style_08855A3D8E2A0419A6C0</styleUrl>
		<Point>
			<coordinates>104.537483009781,17.30628286846759,175.3379295571735</coordinates>
		</Point>
	</Placemark>
	<Placemark id="0D742185A42A04E223D1">
		<name>RT92-SG-22-0501-213+353</name>
		<LookAt>
			<longitude>104.5376631312607</longitude>
			<latitude>17.30637667967842</latitude>
			<altitude>175.1202119155734</altitude>
			<heading>305.0990038392681</heading>
			<tilt>0</tilt>
			<gx:fovy>35</gx:fovy>
			<range>109.95727790827</range>
			<altitudeMode>absolute</altitudeMode>
		</LookAt>
		<styleUrl>#__managed_style_08855A3D8E2A0419A6C0</styleUrl>
		<Point>
			<coordinates>104.5377280161669,17.30646217701382,175.1887387966175</coordinates>
		</Point>
	</Placemark>
	<Placemark id="03ABAA14EA2A04E27128">
		<name>RT93-SG-22-0501-213+388</name>
		<LookAt>
			<longitude>104.5379518754781</longitude>
			<latitude>17.30653615584293</latitude>
			<altitude>175.3946135981708</altitude>
			<heading>305.0990895009116</heading>
			<tilt>0</tilt>
			<gx:fovy>35</gx:fovy>
			<range>109.6828667206501</range>
			<altitudeMode>absolute</altitudeMode>
		</LookAt>
		<styleUrl>#__managed_style_08855A3D8E2A0419A6C0</styleUrl>
		<Point>
			<coordinates>104.5379893806409,17.30665857668301,175.232094142559</coordinates>
		</Point>
	</Placemark>
	<Placemark id="087325C2DE2A04E2BAFC">
		<name>RT94-SG-22-0501-213+425</name>
		<LookAt>
			<longitude>104.5381863453876</longitude>
			<latitude>17.30668611045285</latitude>
			<altitude>175.9627744928737</altitude>
			<heading>305.0991589889957</heading>
			<tilt>0</tilt>
			<gx:fovy>35</gx:fovy>
			<range>109.1147026387443</range>
			<altitudeMode>absolute</altitudeMode>
		</LookAt>
		<styleUrl>#__managed_style_08855A3D8E2A0419A6C0</styleUrl>
		<Point>
			<coordinates>104.5382446265342,17.30685368419658,176.1191445751903</coordinates>
		</Point>
	</Placemark>
	<Placemark id="0C6593CCA52A04E3061D">
		<name>RT95-SG-22-0501-213+458</name>
		<LookAt>
			<longitude>104.5386302720069</longitude>
			<latitude>17.30700130787328</latitude>
			<altitude>176.2672407684588</altitude>
			<heading>305.0992909148488</heading>
			<tilt>0</tilt>
			<gx:fovy>35</gx:fovy>
			<range>108.8102301047547</range>
			<altitudeMode>absolute</altitudeMode>
		</LookAt>
		<styleUrl>#__managed_style_08855A3D8E2A0419A6C0</styleUrl>
		<Point>
			<coordinates>104.5385105348769,17.30704729090508,176.4017844121529</coordinates>
		</Point>
	</Placemark>
	<Placemark id="0CBBB9F8EC2A04E34872">
		<name>RT96-SG-22-0501-213+493</name>
		<LookAt>
			<longitude>104.5386302720069</longitude>
			<latitude>17.30700130786272</latitude>
			<altitude>176.2672313369979</altitude>
			<heading>305.0992909148488</heading>
			<tilt>0</tilt>
			<gx:fovy>35</gx:fovy>
			<range>108.8102301047547</range>
			<altitudeMode>absolute</altitudeMode>
		</LookAt>
		<styleUrl>#__managed_style_08855A3D8E2A0419A6C0</styleUrl>
		<Point>
			<coordinates>104.5387626566951,17.30723873314802,174.7864900947069</coordinates>
		</Point>
	</Placemark>
	<Placemark id="0ACEB8F51B2A04E3911C">
		<name>RT97-SG-22-0501-213+528</name>
		<LookAt>
			<longitude>104.5390149111659</longitude>
			<latitude>17.30734094535734</latitude>
			<altitude>174.5937958578253</altitude>
			<heading>305.0994050967116</heading>
			<tilt>0</tilt>
			<gx:fovy>35</gx:fovy>
			<range>110.4836643673298</range>
			<altitudeMode>absolute</altitudeMode>
		</LookAt>
		<styleUrl>#__managed_style_08855A3D8E2A0419A6C0</styleUrl>
		<Point>
			<coordinates>104.5390046633617,17.3074200446515,174.7872484396238</coordinates>
		</Point>
	</Placemark>
	<Placemark id="0F2E035C4B2A04E3D4E4">
		<name>RT98-SG-22-0501-213+563</name>
		<LookAt>
			<longitude>104.5392690785291</longitude>
			<latitude>17.30752187666429</latitude>
			<altitude>174.879607041906</altitude>
			<heading>305.0994804822029</heading>
			<tilt>0</tilt>
			<gx:fovy>35</gx:fovy>
			<range>110.1978498008248</range>
			<altitudeMode>absolute</altitudeMode>
		</LookAt>
		<styleUrl>#__managed_style_08855A3D8E2A0419A6C0</styleUrl>
		<Point>
			<coordinates>104.5392743055844,17.30763029553617,174.7653913684349</coordinates>
		</Point>
	</Placemark>
	<Placemark id="0B1C346A692A04E43EAD">
		<name>RT99-SG-22-0501-213+598</name>
		<LookAt>
			<longitude>104.5394946003948</longitude>
			<latitude>17.30767861261531</latitude>
			<altitude>174.4358496638903</altitude>
			<heading>-8.226294238267252</heading>
			<tilt>47.44278176806144</tilt>
			<gx:fovy>35</gx:fovy>
			<range>106.115312683196</range>
			<altitudeMode>absolute</altitudeMode>
		</LookAt>
		<styleUrl>#__managed_style_08855A3D8E2A0419A6C0</styleUrl>
		<Point>
			<coordinates>104.5395299171483,17.30781535164602,174.1080126108166</coordinates>
		</Point>
	</Placemark>
	<Placemark id="0C8C42B8262A04E48FFD">
		<name>ET100-SG-22-0501-213+633</name>
		<LookAt>
			<longitude>104.5394946003725</longitude>
			<latitude>17.30767861257304</latitude>
			<altitude>174.4358496638903</altitude>
			<heading>-8.226294238298728</heading>
			<tilt>47.44278176802263</tilt>
			<gx:fovy>35</gx:fovy>
			<range>106.115312683196</range>
			<altitudeMode>absolute</altitudeMode>
		</LookAt>
		<styleUrl>#__managed_style_08855A3D8E2A0419A6C0</styleUrl>
		<Point>
			<coordinates>104.5397886447553,17.30799566707531,173.4293717462797</coordinates>
		</Point>
	</Placemark>
	<Placemark id="001F5FCF882A04E4DFDF">
		<name>RT101-SG-22-0501-213+668</name>
		<LookAt>
			<longitude>104.5399272599158</longitude>
			<latitude>17.30794625855463</latitude>
			<altitude>173.6521328158302</altitude>
			<heading>-8.226165520230177</heading>
			<tilt>47.44278944403058</tilt>
			<gx:fovy>35</gx:fovy>
			<range>107.2740883519873</range>
			<altitudeMode>absolute</altitudeMode>
		</LookAt>
		<styleUrl>#__managed_style_08855A3D8E2A0419A6C0</styleUrl>
		<Point>
			<coordinates>104.5400469009704,17.30820055295833,172.287049619271</coordinates>
		</Point>
	</Placemark>
	<Placemark id="07423B04052A04E53CC7">
		<name>RT102-SG-22-0501-213+703</name>
		<LookAt>
			<longitude>104.5402207728167</longitude>
			<latitude>17.30814255272188</latitude>
			<altitude>172.3899999671177</altitude>
			<heading>-8.226078197349757</heading>
			<tilt>47.44280180593426</tilt>
			<gx:fovy>35</gx:fovy>
			<range>109.1402559420385</range>
			<altitudeMode>absolute</altitudeMode>
		</LookAt>
		<styleUrl>#__managed_style_08855A3D8E2A0419A6C0</styleUrl>
		<Point>
			<coordinates>104.5403003330122,17.30839441404056,171.0768973776476</coordinates>
		</Point>
	</Placemark>
	<Placemark id="0EE37B944D2A04E5952F">
		<name>RT103-SG-22-0501-213+738</name>
		<LookAt>
			<longitude>104.5406563690094</longitude>
			<latitude>17.30835924676024</latitude>
			<altitude>170.4637683540403</altitude>
			<heading>-8.225948601565998</heading>
			<tilt>47.44282067237427</tilt>
			<gx:fovy>35</gx:fovy>
			<range>111.9883425289663</range>
			<altitudeMode>absolute</altitudeMode>
		</LookAt>
		<styleUrl>#__managed_style_08855A3D8E2A0419A6C0</styleUrl>
		<Point>
			<coordinates>104.540568733776,17.30858931692081,170.1547015548085</coordinates>
		</Point>
	</Placemark>
	<Placemark id="0CFEF03A7E2A04E5E95C">
		<name>RT104-SG-22-0501-213+773</name>
		<LookAt>
			<longitude>104.5406563689872</longitude>
			<latitude>17.30835924688703</latitude>
			<altitude>170.463768355455</altitude>
			<heading>-8.225948601575279</heading>
			<tilt>47.44282067250281</tilt>
			<gx:fovy>35</gx:fovy>
			<range>111.988354117766</range>
			<altitudeMode>absolute</altitudeMode>
		</LookAt>
		<styleUrl>#__managed_style_08855A3D8E2A0419A6C0</styleUrl>
		<Point>
			<coordinates>104.5408235831745,17.30878101083183,167.9045359039943</coordinates>
		</Point>
	</Placemark>
	<Placemark id="089BB160AD2A04E63547">
		<name>RT105-SG-22-0501-213+808</name>
		<LookAt>
			<longitude>104.5409862415502</longitude>
			<latitude>17.30885178806227</latitude>
			<altitude>167.0680259873328</altitude>
			<heading>-14.97127364991315</heading>
			<tilt>43.15419965505668</tilt>
			<gx:fovy>35</gx:fovy>
			<range>120.7891087818643</range>
			<altitudeMode>absolute</altitudeMode>
		</LookAt>
		<styleUrl>#__managed_style_08855A3D8E2A0419A6C0</styleUrl>
		<Point>
			<coordinates>104.5410807527274,17.30897690532321,167.1281506568347</coordinates>
		</Point>
	</Placemark>
	<Placemark id="0885F4531D2A04E6820B">
		<name>RT106-SG-22-0501-213+843</name>
		<LookAt>
			<longitude>104.5414664782809</longitude>
			<latitude>17.30913553789797</latitude>
			<altitude>168.0115265302791</altitude>
			<heading>-14.97113076715129</heading>
			<tilt>43.15419169997593</tilt>
			<gx:fovy>35</gx:fovy>
			<range>119.4957871487895</range>
			<altitudeMode>absolute</altitudeMode>
		</LookAt>
		<styleUrl>#__managed_style_08855A3D8E2A0419A6C0</styleUrl>
		<Point>
			<coordinates>104.5413362914812,17.3091657631225,168.0983783730343</coordinates>
		</Point>
	</Placemark>
	<Placemark id="051500679C2A04E7203A">
		<name>RT107-SG-22-0501-213+878</name>
		<LookAt>
			<longitude>104.5418051129078</longitude>
			<latitude>17.30936685613974</latitude>
			<altitude>167.1522305934206</altitude>
			<heading>-14.97103001673447</heading>
			<tilt>43.15419893368779</tilt>
			<gx:fovy>35</gx:fovy>
			<range>120.6792006057003</range>
			<altitudeMode>absolute</altitudeMode>
		</LookAt>
		<styleUrl>#__managed_style_08855A3D8E2A0419A6C0</styleUrl>
		<Point>
			<coordinates>104.5415982753389,17.30935661448768,167.9196831620412</coordinates>
		</Point>
	</Placemark>
	<Placemark id="0B7600BA012A04E77F9C">
		<name>RT109-SG-22-0501-213+913</name>
		<LookAt>
			<longitude>104.5419271013586</longitude>
			<latitude>17.30947501334504</latitude>
			<altitude>166.929281104698</altitude>
			<heading>-14.97099372097732</heading>
			<tilt>43.15420081346489</tilt>
			<gx:fovy>35</gx:fovy>
			<range>120.9848088420586</range>
			<altitudeMode>absolute</altitudeMode>
		</LookAt>
		<styleUrl>#__managed_style_08855A3D8E2A0419A6C0</styleUrl>
		<Point>
			<coordinates>104.541858378476,17.3095513669991,167.004276577406</coordinates>
		</Point>
	</Placemark>
	<Placemark id="09E77D748A2A04E7BFEF">
		<name>RT110-SG-22-0501-213+948</name>
		<LookAt>
			<longitude>104.5419271013808</longitude>
			<latitude>17.30947501334504</latitude>
			<altitude>166.929281104698</altitude>
			<heading>-14.9709937209489</heading>
			<tilt>43.15420081345938</tilt>
			<gx:fovy>35</gx:fovy>
			<range>120.9847972532589</range>
			<altitudeMode>absolute</altitudeMode>
		</LookAt>
		<styleUrl>#__managed_style_08855A3D8E2A0419A6C0</styleUrl>
		<Point>
			<coordinates>104.5421113534648,17.30974263471019,166.1335312254076</coordinates>
		</Point>
	</Placemark>
	<Placemark id="09C1332F532A04E85620">
		<name>RT111-SG-22-0501-213+983</name>
		<LookAt>
			<longitude>104.5424283860639</longitude>
			<latitude>17.30977117491835</latitude>
			<altitude>166.0025410471931</altitude>
			<heading>-14.97084457249176</heading>
			<tilt>43.15420862711128</tilt>
			<gx:fovy>35</gx:fovy>
			<range>122.2551382965685</range>
			<altitudeMode>absolute</altitudeMode>
		</LookAt>
		<styleUrl>#__managed_style_08855A3D8E2A0419A6C0</styleUrl>
		<Point>
			<coordinates>104.5423736880535,17.30994218016146,165.9010721714525</coordinates>
		</Point>
	</Placemark>
	<Placemark id="0BED1D84492A04E94EF2">
		<name>RT112-SG-22-0501-214+053</name>
		<LookAt>
			<longitude>104.5429117602828</longitude>
			<latitude>17.31021888105035</latitude>
			<altitude>166.1126030706144</altitude>
			<heading>352.884900553997</heading>
			<tilt>0</tilt>
			<gx:fovy>35</gx:fovy>
			<range>93.13916564403371</range>
			<altitudeMode>absolute</altitudeMode>
		</LookAt>
		<styleUrl>#__managed_style_08855A3D8E2A0419A6C0</styleUrl>
		<Point>
			<coordinates>104.5429029973577,17.31033457795975,166.0335563541614</coordinates>
		</Point>
	</Placemark>
	<Placemark id="09955ACCDB2A04EA0606">
		<name>RT113-SG-22-0501-214+083</name>
		<LookAt>
			<longitude>104.5431776833829</longitude>
			<latitude>17.31039771169367</latitude>
			<altitude>165.7784914826071</altitude>
			<heading>352.8849787109496</heading>
			<tilt>0</tilt>
			<gx:fovy>35</gx:fovy>
			<range>93.47328232760448</range>
			<altitudeMode>absolute</altitudeMode>
		</LookAt>
		<styleUrl>#__managed_style_08855A3D8E2A0419A6C0</styleUrl>
		<Point>
			<coordinates>104.5431200209328,17.31050367720533,165.6710623288228</coordinates>
		</Point>
	</Placemark>
	<Placemark id="0C6C9E251A2A04EA75CE">
		<name>RT114-SG-22-0501-214+123</name>
		<LookAt>
			<longitude>104.5433610414636</longitude>
			<latitude>17.31052779897714</latitude>
			<altitude>165.9559671622216</altitude>
			<heading>352.8850330064083</heading>
			<tilt>0</tilt>
			<gx:fovy>35</gx:fovy>
			<range>93.29580565490687</range>
			<altitudeMode>absolute</altitudeMode>
		</LookAt>
		<styleUrl>#__managed_style_08855A3D8E2A0419A6C0</styleUrl>
		<Point>
			<coordinates>104.5434160319798,17.31071989783543,165.9147946332246</coordinates>
		</Point>
	</Placemark>
	<Placemark id="0FADBC6DBE2A04EB3E12">
		<name>LT121-SG-22-0501-</name>
		<LookAt>
			<longitude>104.5365550507559</longitude>
			<latitude>17.30582223927546</latitude>
			<altitude>178.4937874223235</altitude>
			<heading>-10.64029533040637</heading>
			<tilt>40.66319644623341</tilt>
			<gx:fovy>35</gx:fovy>
			<range>139.7035595809939</range>
			<altitudeMode>absolute</altitudeMode>
		</LookAt>
		<styleUrl>#__managed_style_08855A3D8E2A0419A6C0</styleUrl>
		<Point>
			<coordinates>104.5368010838754,17.30606749797812,178.2458826119541</coordinates>
		</Point>
	</Placemark>
	<Placemark id="0B73E477042A04EBA03C">
		<name>LT122-SG-22-0501-213+283</name>
		<LookAt>
			<longitude>104.5370328270725</longitude>
			<latitude>17.30601473644474</latitude>
			<altitude>176.7556718304484</altitude>
			<heading>-10.64015320376739</heading>
			<tilt>40.66320987344937</tilt>
			<gx:fovy>35</gx:fovy>
			<range>141.9949202313001</range>
			<altitudeMode>absolute</altitudeMode>
		</LookAt>
		<styleUrl>#__managed_style_08855A3D8E2A0419A6C0</styleUrl>
		<Point>
			<coordinates>104.5370638587588,17.30626166713771,177.3707036910254</coordinates>
		</Point>
	</Placemark>
	<Placemark id="0DC539CBA62A04EBF30C">
		<name>LT123-SG-22-0501-213+318</name>
		<LookAt>
			<longitude>104.5373978021169</longitude>
			<latitude>17.30623016107905</latitude>
			<altitude>175.5520794553153</altitude>
			<heading>-10.64004463118766</heading>
			<tilt>40.66321917125154</tilt>
			<gx:fovy>35</gx:fovy>
			<range>143.5816007394715</range>
			<altitudeMode>absolute</altitudeMode>
		</LookAt>
		<styleUrl>#__managed_style_08855A3D8E2A0419A6C0</styleUrl>
		<Point>
			<coordinates>104.5373225718465,17.30645283950818,176.5109228794599</coordinates>
		</Point>
	</Placemark>
	<Placemark id="0C487DB4FE2A04EC4394">
		<name>LT124-SG-22-0501-213+353</name>
		<LookAt>
			<longitude>104.537397802128</longitude>
			<latitude>17.30623016107905</latitude>
			<altitude>175.5520794553153</altitude>
			<heading>-10.64004463117223</heading>
			<tilt>40.66321917124955</tilt>
			<gx:fovy>35</gx:fovy>
			<range>143.5815891506718</range>
			<altitudeMode>absolute</altitudeMode>
		</LookAt>
		<styleUrl>#__managed_style_08855A3D8E2A0419A6C0</styleUrl>
		<Point>
			<coordinates>104.5375764455919,17.30665502681938,174.9432070207237</coordinates>
		</Point>
	</Placemark>
	<Placemark id="0F1F5B941F2A04EC98BE">
		<name>LT125-SG-22-0501-213+388</name>
		<LookAt>
			<longitude>104.5378483244806</longitude>
			<latitude>17.30645946034855</latitude>
			<altitude>175.1629676659323</altitude>
			<heading>-10.63991060729452</heading>
			<tilt>40.66322217713373</tilt>
			<gx:fovy>35</gx:fovy>
			<range>144.0945441909025</range>
			<altitudeMode>absolute</altitudeMode>
		</LookAt>
		<styleUrl>#__managed_style_08855A3D8E2A0419A6C0</styleUrl>
		<Point>
			<coordinates>104.5378346846953,17.30684779761581,174.4064659320033</coordinates>
		</Point>
	</Placemark>
	<Placemark id="0DA85115DF2A04ECD7E4">
		<name>LT126-SG-22-0501-213+425</name>
		<LookAt>
			<longitude>104.5382558477027</longitude>
			<latitude>17.30679045591704</latitude>
			<altitude>176.1045666738675</altitude>
			<heading>-10.63978937249541</heading>
			<tilt>40.66321490314882</tilt>
			<gx:fovy>35</gx:fovy>
			<range>142.853233090791</range>
			<altitudeMode>absolute</altitudeMode>
		</LookAt>
		<styleUrl>#__managed_style_08855A3D8E2A0419A6C0</styleUrl>
		<Point>
			<coordinates>104.5380937961302,17.30703575017833,175.397255464342</coordinates>
		</Point>
	</Placemark>
	<Placemark id="0BE1DD95F02A04ED2335">
		<name>LT127-SG-22-0501-213+458</name>
		<LookAt>
			<longitude>104.5382558477027</longitude>
			<latitude>17.30679045591704</latitude>
			<altitude>176.1045666738675</altitude>
			<heading>-10.63978937249545</heading>
			<tilt>40.66321490314879</tilt>
			<gx:fovy>35</gx:fovy>
			<range>142.853233090791</range>
			<altitudeMode>absolute</altitudeMode>
		</LookAt>
		<styleUrl>#__managed_style_08855A3D8E2A0419A6C0</styleUrl>
		<Point>
			<coordinates>104.5383510837361,17.3072322472585,176.1098266481987</coordinates>
		</Point>
	</Placemark>
	<Placemark id="0DD4BE572F2A04ED8040">
		<name>LT128-SG-22-0501-213+493</name>
		<LookAt>
			<longitude>104.5386798189276</longitude>
			<latitude>17.30729208788546</latitude>
			<altitude>174.9917119902017</altitude>
			<heading>-10.63966324314259</heading>
			<tilt>40.66322350003561</tilt>
			<gx:fovy>35</gx:fovy>
			<range>144.3203055974664</range>
			<altitudeMode>absolute</altitudeMode>
		</LookAt>
		<styleUrl>#__managed_style_08855A3D8E2A0419A6C0</styleUrl>
		<Point>
			<coordinates>104.5386050072089,17.30741860857549,175.6711217182419</coordinates>
		</Point>
	</Placemark>
	<Placemark id="0192EB89ED2A04EDC949">
		<name>LT129-SG-22-0501-213+528</name>
		<LookAt>
			<longitude>104.5386798189276</longitude>
			<latitude>17.30729208788546</latitude>
			<altitude>174.9917119902017</altitude>
			<heading>-10.63966324314264</heading>
			<tilt>40.66322350003556</tilt>
			<gx:fovy>35</gx:fovy>
			<range>144.3203055974664</range>
			<altitudeMode>absolute</altitudeMode>
		</LookAt>
		<styleUrl>#__managed_style_08855A3D8E2A0419A6C0</styleUrl>
		<Point>
			<coordinates>104.5388711563481,17.30761391927804,174.841403015029</coordinates>
		</Point>
	</Placemark>
	<Placemark id="044507F3C32A04EE5D98">
		<name>LT130-SG-22-0501-213+563</name>
		<LookAt>
			<longitude>104.5390678575438</longitude>
			<latitude>17.307686303932</latitude>
			<altitude>174.5020627645737</altitude>
			<heading>349.1954119277826</heading>
			<tilt>0</tilt>
			<gx:fovy>35</gx:fovy>
			<range>142.2863437768501</range>
			<altitudeMode>absolute</altitudeMode>
		</LookAt>
		<styleUrl>#__managed_style_08855A3D8E2A0419A6C0</styleUrl>
		<Point>
			<coordinates>104.5391237441039,17.30781364265436,174.3538740852663</coordinates>
		</Point>
	</Placemark>
	<Placemark id="0C5142FBB42A04EEC05E">
		<name>LT131-SG-22-0501-213+598</name>
		<LookAt>
			<longitude>104.5394957754184</longitude>
			<latitude>17.30770645403422</latitude>
			<altitude>174.3366053860394</altitude>
			<heading>-22.12939545553111</heading>
			<tilt>6.574891448759655</tilt>
			<gx:fovy>35</gx:fovy>
			<range>141.0833800148794</range>
			<altitudeMode>absolute</altitudeMode>
		</LookAt>
		<styleUrl>#__managed_style_08855A3D8E2A0419A6C0</styleUrl>
		<Point>
			<coordinates>104.5393801450867,17.30799580424645,173.4539801363392</coordinates>
		</Point>
	</Placemark>
	<Placemark id="0734564C372A04EF1AAB">
		<name>LT132-SG-22-0501-213+633</name>
		<LookAt>
			<longitude>104.5396908963845</longitude>
			<latitude>17.30795322137495</latitude>
			<altitude>173.3488084953597</altitude>
			<heading>-22.12933740550008</heading>
			<tilt>6.57489247265027</tilt>
			<gx:fovy>35</gx:fovy>
			<range>142.0777222050128</range>
			<altitudeMode>absolute</altitudeMode>
		</LookAt>
		<styleUrl>#__managed_style_08855A3D8E2A0419A6C0</styleUrl>
		<Point>
			<coordinates>104.5396448221529,17.30819709920343,172.8091279935232</coordinates>
		</Point>
	</Placemark>
	<Placemark id="063B165DE52A04EF6FAE">
		<name>LT133-SG-22-0501-213+668</name>
		<LookAt>
			<longitude>104.5399384205222</longitude>
			<latitude>17.30816846270107</latitude>
			<altitude>172.3435045102534</altitude>
			<heading>-22.12926376424203</heading>
			<tilt>6.57489351464254</tilt>
			<gx:fovy>35</gx:fovy>
			<range>143.0896793706597</range>
			<altitudeMode>absolute</altitudeMode>
		</LookAt>
		<styleUrl>#__managed_style_08855A3D8E2A0419A6C0</styleUrl>
		<Point>
			<coordinates>104.5398962635137,17.30838589546154,171.7327475660874</coordinates>
		</Point>
	</Placemark>
	<Placemark id="02688517C32A04EFC346">
		<name>LT134-SG-22-0501-213+703</name>
		<LookAt>
			<longitude>104.5399384205222</longitude>
			<latitude>17.30816846267993</latitude>
			<altitude>172.3435045102534</altitude>
			<heading>-22.12926376431105</heading>
			<tilt>6.574893514622985</tilt>
			<gx:fovy>35</gx:fovy>
			<range>143.0896793706598</range>
			<altitudeMode>absolute</altitudeMode>
		</LookAt>
		<styleUrl>#__managed_style_08855A3D8E2A0419A6C0</styleUrl>
		<Point>
			<coordinates>104.5401311706418,17.30855530180447,170.8526003881619</coordinates>
		</Point>
	</Placemark>
	<Placemark id="02F20F79672A04F013C0">
		<name>LT135-SG-22-0501-213+738</name>
		<LookAt>
			<longitude>104.5404881850419</longitude>
			<latitude>17.3085874750055</latitude>
			<altitude>169.9712107711604</altitude>
			<heading>-22.12910019985613</heading>
			<tilt>6.574895973557231</tilt>
			<gx:fovy>35</gx:fovy>
			<range>145.4776790214964</range>
			<altitudeMode>absolute</altitudeMode>
		</LookAt>
		<styleUrl>#__managed_style_08855A3D8E2A0419A6C0</styleUrl>
		<Point>
			<coordinates>104.5404104028968,17.30877008868909,169.5684219919503</coordinates>
		</Point>
	</Placemark>
	<Placemark id="0BFDA9A5DF2A04F06582">
		<name>LT136-SG-22-0501-213+773</name>
		<LookAt>
			<longitude>104.5404881850641</longitude>
			<latitude>17.3085874750055</latitude>
			<altitude>169.9712107711604</altitude>
			<heading>-22.12910019967913</heading>
			<tilt>6.574895973549065</tilt>
			<gx:fovy>35</gx:fovy>
			<range>145.4776790214964</range>
			<altitudeMode>absolute</altitudeMode>
		</LookAt>
		<styleUrl>#__managed_style_08855A3D8E2A0419A6C0</styleUrl>
		<Point>
			<coordinates>104.5406732277172,17.30896648532024,168.1989252868536</coordinates>
		</Point>
	</Placemark>
	<Placemark id="01F99560982A04F0B428">
		<name>LT137-SG-22-0501-213+808</name>
		<LookAt>
			<longitude>104.540987695236</longitude>
			<latitude>17.30904332821773</latitude>
			<altitude>167.0372999401203</altitude>
			<heading>-22.12895158359235</heading>
			<tilt>6.574899014624913</tilt>
			<gx:fovy>35</gx:fovy>
			<range>148.431015087117</range>
			<altitudeMode>absolute</altitudeMode>
		</LookAt>
		<styleUrl>#__managed_style_08855A3D8E2A0419A6C0</styleUrl>
		<Point>
			<coordinates>104.5409282706557,17.3091608044105,167.2582165955233</coordinates>
		</Point>
	</Placemark>
	<Placemark id="0F0F5C9D8F2A04F10599">
		<name>LT138-SG-22-0501-213+834</name>
		<LookAt>
			<longitude>104.5409876952137</longitude>
			<latitude>17.30904332820716</latitude>
			<altitude>167.0372999415349</altitude>
			<heading>-22.12895158380393</heading>
			<tilt>6.574899014622748</tilt>
			<gx:fovy>35</gx:fovy>
			<range>148.431015087117</range>
			<altitudeMode>absolute</altitudeMode>
		</LookAt>
		<styleUrl>#__managed_style_08855A3D8E2A0419A6C0</styleUrl>
		<Point>
			<coordinates>104.5411147840758,17.3092931915028,167.7132960821527</coordinates>
		</Point>
	</Placemark>
	<Placemark id="0243B280B32A04F14844">
		<name>LT139-SG-22-0501-213+879</name>
		<LookAt>
			<longitude>104.5413956233556</longitude>
			<latitude>17.30926562750604</latitude>
			<altitude>168.3100416375181</altitude>
			<heading>-22.12883021304925</heading>
			<tilt>6.57489769537059</tilt>
			<gx:fovy>35</gx:fovy>
			<range>147.1498385161067</range>
			<altitudeMode>absolute</altitudeMode>
		</LookAt>
		<styleUrl>#__managed_style_08855A3D8E2A0419A6C0</styleUrl>
		<Point>
			<coordinates>104.541455796138,17.30955381432146,168.8262348677107</coordinates>
		</Point>
	</Placemark>
	<Placemark id="04704AE5132A04F220BE">
		<name>LT140-SG-22-0501-213+914</name>
		<LookAt>
			<longitude>104.5417650858741</longitude>
			<latitude>17.30954490474197</latitude>
			<altitude>167.0843160753034</altitude>
			<heading>-22.12872028519561</heading>
			<tilt>6.574887150007925</tilt>
			<gx:fovy>35</gx:fovy>
			<range>148.3836748404246</range>
			<altitudeMode>absolute</altitudeMode>
		</LookAt>
		<styleUrl>#__managed_style_08855A3D8E2A0419A6C0</styleUrl>
		<Point>
			<coordinates>104.5417120340385,17.30974312710803,167.7696964018209</coordinates>
		</Point>
	</Placemark>
	<Placemark id="0E9AB742ED2A04F2B0E0">
		<name>LT141-SG-22-0501-213+948</name>
		<LookAt>
			<longitude>104.542019892092</longitude>
			<latitude>17.30974797799816</latitude>
			<altitude>166.0853650752744</altitude>
			<heading>337.8713552428006</heading>
			<tilt>0</tilt>
			<gx:fovy>35</gx:fovy>
			<range>149.3826409616304</range>
			<altitudeMode>absolute</altitudeMode>
		</LookAt>
		<styleUrl>#__managed_style_08855A3D8E2A0419A6C0</styleUrl>
		<Point>
			<coordinates>104.5419612006775,17.30992236921515,166.1576016743181</coordinates>
		</Point>
	</Placemark>
	<Placemark id="0951823DA72A04F318C7">
		<name>LT142-SG-22-0501-213+983</name>
		<LookAt>
			<longitude>104.542019892092</longitude>
			<latitude>17.30974797799816</latitude>
			<altitude>166.0853556423989</altitude>
			<heading>337.8713552428006</heading>
			<tilt>0</tilt>
			<gx:fovy>35</gx:fovy>
			<range>149.3826641392297</range>
			<altitudeMode>absolute</altitudeMode>
		</LookAt>
		<styleUrl>#__managed_style_08855A3D8E2A0419A6C0</styleUrl>
		<Point>
			<coordinates>104.5422198030211,17.31012363600382,165.5694002096381</coordinates>
		</Point>
	</Placemark>
	<Placemark id="06CA28D3192A04F3D6C0">
		<name>LT143-SG-22-0501-214+018</name>
		<LookAt>
			<longitude>104.5426220517045</longitude>
			<latitude>17.3101747173802</latitude>
			<altitude>166.071594691128</altitude>
			<heading>331.9725703133116</heading>
			<tilt>0</tilt>
			<gx:fovy>35</gx:fovy>
			<range>106.5313158253048</range>
			<altitudeMode>absolute</altitudeMode>
		</LookAt>
		<styleUrl>#__managed_style_08855A3D8E2A0419A6C0</styleUrl>
		<Point>
			<coordinates>104.5424807489189,17.31031084641063,166.053829984305</coordinates>
		</Point>
	</Placemark>
	<Placemark id="0B43612CA32A04F459FF">
		<name>LT144-SG-22-0501-214+053</name>
		<LookAt>
			<longitude>104.5427642087232</longitude>
			<latitude>17.31031844776257</latitude>
			<altitude>165.901589072284</altitude>
			<heading>331.9726123253984</heading>
			<tilt>0</tilt>
			<gx:fovy>35</gx:fovy>
			<range>106.7013235166087</range>
			<altitudeMode>absolute</altitudeMode>
		</LookAt>
		<styleUrl>#__managed_style_08855A3D8E2A0419A6C0</styleUrl>
		<Point>
			<coordinates>104.5427356307742,17.31051089298126,165.4004915436989</coordinates>
		</Point>
	</Placemark>
	<Placemark id="0885A998842A04F68020">
		<name>LT145-SG-22-0501-214+083</name>
		<LookAt>
			<longitude>104.5431201592834</longitude>
			<latitude>17.31033017310855</latitude>
			<altitude>165.9791656262306</altitude>
			<heading>-4.026643047052208</heading>
			<tilt>21.05365201890516</tilt>
			<gx:fovy>35</gx:fovy>
			<range>162.1167385362787</range>
			<altitudeMode>absolute</altitudeMode>
		</LookAt>
		<styleUrl>#__managed_style_08855A3D8E2A0419A6C0</styleUrl>
		<Point>
			<coordinates>104.5429909113558,17.31070482679476,165.6287244343243</coordinates>
		</Point>
	</Placemark>
	<Placemark id="0FE85B9EEF2A04F72EBB">
		<name>LT146-SG-22-0501-214+123</name>
		<LookAt>
			<longitude>104.5433266659432</longitude>
			<latitude>17.31090191229107</latitude>
			<altitude>165.9845615082995</altitude>
			<heading>-46.4921480930176</heading>
			<tilt>1.479434975241439</tilt>
			<gx:fovy>35</gx:fovy>
			<range>74.48772844803898</range>
			<altitudeMode>absolute</altitudeMode>
		</LookAt>
		<styleUrl>#__managed_style_08855A3D8E2A0419A6C0</styleUrl>
		<Point>
			<coordinates>104.5432550539188,17.31090135664595,166.1882391873761</coordinates>
		</Point>
	</Placemark>
</Document>
</kml>
